Drug,MolWt,ExactMolWt,MolLogP,TPSA,MolMR,FractionCSP3,qed,HeavyAtomCount,NumHDonors,NumHAcceptors,NumRotatableBonds,RingCount,NumAromaticRings,FormalCharge,NumHeteroatoms,LabuteASA,MaxAbsPartialCharge,MinAbsPartialCharge,MaxEStateIndex,MinEStateIndex,NumAromaticAtoms,FractionAromaticAtoms,NumPositiveCharges,NumNegativeCharges,NumAliphaticRings,NumSaturatedRings,NumHeterocycles,NumAromaticHeterocycles,NumAliphaticHeterocycles,NumSaturatedHeterocycles,NumAmideBonds,BertzCT,BalabanJ,Ipc,HallKierAlpha,Kappa1,Kappa2,Kappa3,NumAtomStereoCenters,NumUnspecifiedAtomStereoCenters
C#CC1(O)CCC2C3CCC4=CC(=O)CCC4C3CCC21CC,312.45,312.21,3.88,37.3,90.49,0.7619,0.7461,23,1,2,1,4,0,0,2,139.28,0.377,0.155,11.75,-0.893,0,0.0,0,0,4,3,0,0,0,0,0,597.453,1.671,264546.994,-1.07,15.457,5.214,1.956,6,6
C#CCN(C)[C@H](C)Cc1ccccc1,187.29,187.14,2.18,3.24,61.07,0.3846,0.653,14,0,1,4,1,1,0,1,86.75,0.292,0.06,5.269,0.494,6,0.4286,0,0,0,0,0,0,0,0,0,296.762,2.492,1518.172,-1.26,10.818,5.466,3.238,1,0
C#C[C@]1(O)C=C[C@H]2[C@@H]3CCC4=CC(=O)CC[C@@H]4[C@H]3CC[C@@]21CC,310.44,310.19,3.66,37.3,90.4,0.6667,0.5927,23,1,2,1,4,0,0,2,138.59,0.373,0.155,11.739,-1.073,0,0.0,0,0,4,2,0,0,0,0,0,636.717,1.686,264546.994,-1.33,15.213,5.082,1.894,6,0
C#C[C@]1(O)CC[C@H]2[C@@H]3CCC4=CC(=O)CC[C@@H]4[C@H]3CC[C@@]21CC,312.45,312.21,3.88,37.3,90.49,0.7619,0.7461,23,1,2,1,4,0,0,2,139.28,0.377,0.155,11.75,-0.893,0,0.0,0,0,4,3,0,0,0,0,0,597.453,1.671,264546.994,-1.07,15.457,5.214,1.956,6,0
C#C[C@]1(O)CC[C@H]2[C@@H]3CCC4=CCCC[C@@H]4[C@H]3C(=C)C[C@@]21CC,310.48,310.23,4.87,20.23,94.63,0.7273,0.541,23,1,1,1,4,0,0,1,140.79,0.377,0.131,11.198,-0.914,0,0.0,0,0,4,3,0,0,0,0,0,593.584,1.745,269954.99,-1.0,15.523,5.25,1.91,6,0
C#C[C@]1(O)CC[C@H]2[C@@H]3CCC4=CCCC[C@@H]4[C@H]3CC[C@@]21C,284.44,284.21,4.31,20.23,85.49,0.8,0.5188,21,1,1,0,4,0,0,1,128.75,0.377,0.13,10.93,-0.842,0,0.0,0,0,4,3,0,0,0,0,0,512.422,1.656,105497.871,-0.74,13.891,4.626,1.75,6,0
C#C[C@]1(O)CC[C@H]2[C@@H]3CCc4cc(O)ccc4[C@H]3[C@@H](OC)C[C@@]21C,326.44,326.19,3.24,49.69,92.69,0.619,0.7791,24,2,3,1,4,1,0,3,143.59,0.508,0.13,11.065,-1.019,6,0.25,0,0,3,2,0,0,0,0,0,705.526,1.795,367381.856,-1.5,15.995,5.246,1.933,6,0
C#Cc1cccc(Nc2ncnc3cc(OCCOC)c(OCCOC)cc23)c1,393.44,393.17,3.41,74.73,111.94,0.2727,0.4179,29,1,7,10,3,3,0,7,169.53,0.487,0.163,5.857,0.392,16,0.5517,0,0,0,0,1,1,0,0,0,1001.004,1.957,4235838.813,-3.34,20.396,10.272,5.348,0,0
C=C1/C(=C\C=C2/CCC[C@@]3(C)[C@H]2CC[C@@H]3[C@H](C)CCCC(C)(C)O)C[C@@H](O)C[C@@H]1O,416.65,416.33,5.7,60.69,124.04,0.7778,0.52,30,3,3,6,3,0,0,3,183.52,0.393,0.081,10.127,-0.615,0,0.0,0,0,3,3,0,0,0,0,0,682.712,1.701,3363116.531,-0.9,23.757,9.303,5.285,6,0
C=C1CC[C@@]2(O)[C@H]3Cc4ccc(O)c5c4[C@@]2(CCN3CC2CC2)[C@H]1O5,339.44,339.18,2.51,52.93,93.93,0.619,0.8132,25,2,4,2,6,1,0,4,147.65,0.504,0.166,12.08,-0.78,6,0.24,0,0,5,3,2,0,2,1,0,800.576,1.579,1400624.064,-1.52,14.629,4.413,1.571,4,0
C=C1C[C@@H]2[C@H](CC[C@]3(C)C(=O)CC[C@@H]23)[C@@]2(C)C=CC(=O)C=C12,296.41,296.18,4.03,34.14,86.15,0.6,0.6761,22,0,2,0,4,0,0,2,131.9,0.299,0.178,12.399,-0.104,0,0.0,0,0,4,3,0,0,0,0,0,652.618,1.776,125355.962,-1.44,14.171,4.305,1.613,5,0
C=CC(N)CCC(=O)O,129.16,129.08,0.36,63.32,35.04,0.5,0.5387,9,2,2,4,0,0,0,3,54.17,0.481,0.303,9.93,-0.813,0,0.0,0,0,0,0,0,0,0,0,0,111.625,3.265,78.513,-0.83,8.17,4.089,5.034,1,1
C=CC1=C(C(=O)O)N2C(=O)[C@@H](NC(=O)/C(=N\O)c3csc(N)n3)[C@H]2SC1,395.42,395.04,-0.17,158.21,94.73,0.2143,0.2314,26,4,9,5,3,1,0,12,154.61,0.477,0.352,12.39,-1.237,5,0.1923,0,0,2,1,3,1,2,1,2,876.833,1.781,680003.203,-2.86,17.947,6.802,2.82,2,0
C=CC1=C(C(=O)O)N2C(=O)[C@@H](NC(=O)/C(=N\OCC(=O)O)c3csc(N)n3)[C@H]2SC1,453.46,453.04,-0.54,184.51,106.53,0.25,0.2262,30,4,10,8,3,1,0,14,176.61,0.479,0.352,12.718,-1.3,5,0.1667,0,0,2,1,3,1,2,1,2,1001.862,1.794,4078187.343,-3.39,21.322,8.543,3.994,2,0
C=CCN1CCCC1CNC(=O)c1cc2n[nH]nc2cc1OC,315.38,315.17,1.35,83.14,87.57,0.4375,0.7862,23,2,5,6,3,2,0,7,134.24,0.496,0.255,12.523,-0.155,9,0.3913,0,0,1,1,2,1,1,1,1,711.559,1.712,295198.678,-2.41,15.484,6.784,3.19,1,1
C=CCN1CC[C@]23c4c5ccc(O)c4O[C@H]2C(=O)CC[C@@]3(O)[C@H]1C5,327.38,327.15,1.3,70.0,87.27,0.5263,0.8015,24,2,5,2,5,1,0,5,140.09,0.504,0.174,12.633,-1.001,6,0.25,0,0,4,2,2,0,2,1,0,774.875,1.797,500717.306,-1.85,14.489,4.406,1.381,4,0
C=CCN1C[C@H](C(=O)N(CCCN(C)C)C(=O)NCC)C[C@@H]2c3cccc4[nH]cc(c34)C[C@H]21,451.62,451.29,3.19,71.68,132.37,0.5385,0.6049,33,2,4,8,4,2,0,7,196.34,0.361,0.324,13.745,-0.28,9,0.2727,0,0,2,1,2,1,1,1,3,1013.276,1.615,32157664.399,-2.64,23.516,10.097,4.703,3,0
C=CCNc1nc(NCC=C)nc(N2CCN(C(c3ccc(F)cc3)c3ccc(F)cc3)CC2)n1,477.56,477.25,4.26,69.21,135.63,0.2692,0.4231,35,2,7,10,4,3,0,9,203.78,0.351,0.232,13.597,-0.284,18,0.5143,0,0,1,1,2,1,1,1,0,1051.692,1.542,91127310.582,-3.85,24.28,11.524,6.185,0,0
C=CCOc1ccccc1OCC(O)CNC(C)C,265.35,265.17,1.99,50.72,76.77,0.4667,0.6705,19,2,4,9,1,1,0,4,114.6,0.487,0.161,9.782,-0.546,6,0.3158,0,0,0,0,0,0,0,0,0,379.408,2.449,16163.435,-1.52,15.537,8.559,6.268,1,1
C=CC[C@@H]1/C=C(\C)C[C@H](C)C[C@H](OC)[C@H]2O[C@@](O)(C(=O)C(=O)N3CCCC[C@H]3C(=O)O[C@H](/C(C)=C/[C@@H]3CC[C@@H](O)[C@H](OC)C3)[C@H](C)[C@@H](O)CC1=O)[C@H](C)C[C@@H]2OC,804.03,803.48,4.64,178.36,212.59,0.7727,0.185,57,3,12,7,4,0,0,13,338.7,0.456,0.329,14.305,-2.51,0,0.0,0,0,4,3,3,0,3,2,1,1478.296,1.778,1192347300534.843,-2.78,46.904,20.955,11.287,14,0
C=CC[N@@+]12CC[C@@]34c5ccccc5N5/C=C6/[C@H]7C[C@H]8[C@@]9(CC[N@@+]8(CC=C)C/C7=C/CO)c7ccccc7N(/C=C(/[C@@H](C[C@@H]31)/C(=C\CO)C2)[C@H]54)[C@@H]69,666.91,666.39,5.48,46.94,198.42,0.4545,0.3172,50,2,4,6,11,2,2,6,296.02,0.392,0.103,10.456,0.018,12,0.24,2,0,9,6,7,0,7,4,0,1852.176,1.219,729063483964.368,-3.68,29.993,10.006,3.236,10,0
C=CCc1ccccc1OCC(O)CNC(C)C,249.35,249.17,2.15,41.49,74.98,0.4667,0.6937,18,2,3,8,1,1,0,3,109.48,0.491,0.122,9.773,-0.496,6,0.3333,0,0,0,0,0,0,0,0,0,363.266,2.444,9693.952,-1.32,14.74,7.901,5.341,1,1
C=C[C@H]1CN2CC[C@H]1C[C@@H]2[C@@H](O)c1ccnc2ccc(OC)cc12,324.42,324.18,3.17,45.59,95.03,0.45,0.8776,24,1,4,4,5,2,0,4,142.31,0.497,0.119,11.152,-0.504,10,0.4167,0,0,3,3,4,1,3,3,0,760.387,1.687,512499.659,-1.91,15.608,6.188,2.502,5,1
C=C[C@H]1CN2CC[C@H]1C[C@H]2[C@H](O)c1ccnc2ccc(OC)cc12,324.42,324.18,3.17,45.59,95.03,0.45,0.8776,24,1,4,4,5,2,0,4,142.31,0.497,0.119,11.152,-0.504,10,0.4167,0,0,3,3,4,1,3,3,0,760.387,1.687,512499.659,-1.91,15.608,6.188,2.502,5,1
CC#CCC(C)[C@H](O)/C=C/[C@@H]1[C@H]2C/C(=C/CCCC(=O)O)C[C@H]2C[C@H]1O,360.49,360.23,3.54,77.76,102.28,0.6818,0.3514,26,3,3,8,2,0,0,4,156.56,0.481,0.303,10.583,-0.738,0,0.0,0,0,2,2,0,0,0,0,0,594.999,1.894,626729.393,-1.57,20.738,9.944,5.722,6,1
CC#C[C@]1(O)CC[C@H]2[C@@H]3CCC4=CC(=O)CCC4=C3[C@@H](c3ccc(N(C)C)cc3)C[C@@]21C,429.6,429.27,5.41,40.54,129.43,0.5517,0.6395,32,1,3,2,5,1,0,3,192.14,0.378,0.156,12.17,-0.914,6,0.1875,0,0,4,2,0,0,0,0,0,1066.614,1.669,20203271.62,-2.31,21.531,7.631,3.106,5,0
CC(=O)CC(c1ccccc1)c1c(O)c2ccccc2oc1=O,308.33,308.1,3.61,67.51,87.73,0.1579,0.7476,23,1,4,4,3,3,0,4,132.55,0.507,0.343,12.412,-0.615,16,0.6957,0,0,0,0,1,1,0,0,0,909.551,2.258,187785.023,-2.88,15.033,6.085,2.879,1,1
CC(=O)CCCCn1c(=O)c2c(ncn2C)n(C)c1=O,278.31,278.14,0.19,78.89,74.75,0.5385,0.7315,20,0,7,5,2,2,0,7,115.02,0.332,0.328,12.333,-0.371,9,0.45,0,0,0,0,2,2,0,0,0,766.24,2.382,31844.73,-2.18,14.234,5.439,2.429,0,0
CC(=O)NCCCS(=O)(=O)O,181.21,181.04,-0.6,83.47,39.72,0.8,0.4478,11,2,3,4,0,0,0,6,65.54,0.356,0.264,10.245,-3.873,0,0.0,0,0,0,0,0,0,0,0,1,220.637,3.369,147.425,-0.62,10.38,4.298,9.38,0,0
CC(=O)NC[C@H]1CN(c2ccc(N3CCOCC3)c(F)c2)C(=O)O1,337.35,337.14,1.12,71.11,85.73,0.5,0.8916,24,1,5,4,3,1,0,8,138.85,0.442,0.414,14.448,-0.538,6,0.25,0,0,2,2,2,0,2,2,2,633.749,1.692,354672.958,-2.35,16.506,7.042,3.587,1,0
CC(=O)N[C@@H](CS)C(=O)O,163.2,163.03,-0.49,66.4,39.09,0.6,0.4915,10,3,3,3,0,0,0,5,64.02,0.48,0.327,10.309,-1.065,0,0.0,0,0,0,0,0,0,0,0,1,147.828,3.833,112.493,-0.71,9.29,4.161,3.342,1,0
CC(=O)N[C@@H]1[C@@H](N=C(N)N)C=C(C(=O)O)O[C@H]1[C@H](O)[C@H](O)CO,332.31,332.13,-3.79,200.72,76.89,0.5833,0.188,23,7,7,6,1,0,0,11,130.8,0.478,0.37,11.358,-1.698,0,0.0,0,0,1,0,1,0,1,0,1,517.539,3.279,66364.551,-2.37,18.678,7.76,4.806,5,0
CC(=O)Nc1ccc(O)cc1,151.16,151.06,1.35,49.33,42.41,0.125,0.595,11,2,2,1,1,1,0,3,64.67,0.508,0.221,10.524,-0.115,6,0.5455,0,0,0,0,0,0,0,0,1,253.299,2.736,285.511,-1.51,7.595,3.053,2.292,0,0
CC(=O)Nc1ccc(OCC(O)CNC(C)C)cc1,266.34,266.16,1.38,70.59,75.39,0.5,0.6971,19,3,4,7,1,1,0,5,113.52,0.491,0.221,10.858,-0.544,6,0.3158,0,0,0,0,0,0,0,0,1,390.182,2.346,13068.205,-1.59,15.467,7.759,6.785,1,1
CC(=O)Nc1nnc(S(N)(=O)=O)s1,222.25,221.99,-0.86,115.04,45.59,0.25,0.6319,13,2,6,2,1,1,0,9,78.02,0.301,0.267,10.705,-3.824,5,0.3846,0,0,0,0,1,1,0,0,1,422.352,2.939,682.127,-1.06,10.024,3.358,2.717,0,0
CC(=O)OCC(CCn1cnc2cnc(N)nc21)COC(C)=O,321.34,321.14,0.54,122.22,81.11,0.5,0.7331,23,1,9,7,2,2,0,9,132.37,0.465,0.302,10.956,-0.369,9,0.3913,0,0,0,0,2,2,0,0,0,681.532,2.01,144286.08,-2.71,16.657,7.522,4.904,0,0
CC(=O)OCC1=C(C(=O)O)N2C(=O)[C@@H](NC(=O)CC#N)[C@H]2SC1,339.33,339.05,-0.8,136.8,76.55,0.4615,0.4906,23,2,7,5,2,0,0,10,134.8,0.477,0.352,12.144,-1.299,0,0.0,0,0,2,1,2,0,2,1,2,652.586,2.164,92067.487,-2.54,16.824,6.7,3.291,2,0
CC(=O)O[C@H]1C[C@@H]2CC[C@@H]3[C@H](CC[C@@]4(C)[C@H]3C[C@H]([N+]3(C)CCCCC3)[C@@H]4OC(C)=O)[C@@]2(C)C[C@@H]1N1CCCCC1,557.84,557.43,5.97,55.84,156.37,0.9412,0.3151,40,0,5,4,6,0,1,6,243.03,0.461,0.303,12.495,-0.111,0,0.0,1,0,6,6,2,0,2,2,0,957.588,1.289,1012586911.668,-1.14,28.955,10.848,4.85,10,0
CC(=O)O[C@H]1C[C@@H]2CC[C@@H]3[C@H](CC[C@@]4(C)[C@H]3C[C@H]([N+]3(C)CCCCC3)[C@@H]4OC(C)=O)[C@@]2(C)C[C@@H]1[N+]1(C)CCCCC1,572.88,572.45,6.11,52.6,160.72,0.9429,0.3013,41,0,4,4,6,0,2,6,249.6,0.456,0.303,12.528,-0.1,0,0.0,2,0,6,6,2,0,2,2,0,1002.132,1.306,1356211455.625,-1.14,29.911,10.787,4.99,10,0
CC(=O)S[C@@H]1CC2=CC(=O)CC[C@]2(C)[C@H]2CC[C@@]3(C)[C@@H](CC[C@@]34CCC(=O)O4)[C@@H]21,416.58,416.2,4.85,60.44,112.21,0.7917,0.5718,29,0,5,1,5,0,0,5,177.14,0.458,0.306,12.185,-0.287,0,0.0,0,0,5,4,1,0,1,1,0,817.698,1.557,4382705.738,-1.1,19.839,6.448,2.679,7,0
CC(=O)[C@H]1CC[C@H]2[C@@H]3CCC4=CC(=O)CC[C@]4(C)[C@H]3CC[C@]12C,314.47,314.22,4.72,34.14,90.88,0.8095,0.7013,23,0,2,1,4,0,0,2,139.65,0.3,0.155,12.147,0.245,0,0.0,0,0,4,3,0,0,0,0,0,588.649,1.67,209150.769,-0.92,15.599,5.037,2.057,6,0
CC(=O)[C@]1(O)Cc2c(O)c3c(c(O)c2[C@@H](O[C@H]2C[C@H](N)[C@H](O)[C@H](C)O2)C1)C(=O)c1ccccc1C3=O,497.5,497.17,1.02,176.61,123.79,0.4231,0.3283,36,5,10,3,5,2,0,10,205.81,0.507,0.198,13.33,-1.975,12,0.3333,0,0,3,1,1,0,1,1,0,1292.805,1.665,88433172.986,-3.15,24.54,8.462,3.562,6,0
CC(C(=O)O)c1ccc(-c2ccccc2)c(F)c1,244.26,244.09,3.68,37.3,67.89,0.1333,0.8938,18,1,1,3,2,2,0,3,104.7,0.481,0.31,13.967,-0.957,12,0.6667,0,0,0,0,0,0,0,0,0,563.961,2.401,12990.198,-2.16,12.301,5.001,2.399,1,1
CC(C(=O)O)c1ccc(C(=O)c2cccs2)cc1,260.31,260.05,3.17,54.37,70.24,0.1429,0.859,18,1,3,4,2,2,0,4,108.71,0.481,0.31,12.017,-0.868,11,0.6111,0,0,0,0,1,1,0,0,0,555.235,2.228,17348.913,-1.94,12.515,5.143,2.486,1,1
CC(C(=O)O)c1cccc(C(=O)c2ccccc2)c1,254.28,254.09,3.11,54.37,72.37,0.125,0.8528,19,1,2,4,2,2,0,3,111.07,0.481,0.31,12.244,-0.899,12,0.6316,0,0,0,0,0,0,0,0,0,602.401,2.34,22591.317,-2.42,13.022,5.482,2.881,1,1
CC(C(=O)O)c1cccc(Oc2ccccc2)c1,242.27,242.09,3.67,46.53,69.01,0.1333,0.8894,18,1,2,4,2,2,0,3,105.65,0.481,0.31,10.929,-0.841,12,0.6667,0,0,0,0,0,0,0,0,0,534.445,2.2,14082.716,-2.29,12.174,5.361,2.884,1,1
CC(C)(C#N)c1cc(Cn2cncn2)cc(C(C)(C)C#N)c1,293.37,293.16,2.93,78.29,82.84,0.4118,0.8679,22,0,5,4,2,2,0,5,130.39,0.249,0.137,9.403,-0.612,11,0.5,0,0,0,0,1,1,0,0,0,698.092,2.548,84222.037,-2.66,15.724,5.614,3.15,0,0
CC(C)(C(=O)O)c1ccc(C(O)CCCN2CCC(C(O)(c3ccccc3)c3ccccc3)CC2)cc1,501.67,501.29,5.51,81.0,146.34,0.4062,0.3413,37,3,4,10,4,3,0,5,219.95,0.481,0.313,12.056,-1.008,18,0.4865,0,0,1,1,1,0,1,1,0,1096.925,1.311,195844207.087,-2.99,27.056,11.595,5.955,1,1
CC(C)(C)NC(=O)[C@@H]1CN(Cc2cccnc2)CCN1C[C@@H](O)C[C@@H](Cc1ccccc1)C(=O)N[C@H]1c2ccccc2C[C@H]1O,613.8,613.36,2.87,118.03,174.07,0.4722,0.2628,45,4,7,11,5,3,0,9,266.22,0.392,0.239,13.81,-0.833,18,0.4,0,0,2,1,2,1,1,1,2,1413.702,1.285,9690025118.396,-3.63,32.754,14.643,8.977,5,0
CC(C)(C)NC(=O)[C@@H]1C[C@@H]2CCCC[C@@H]2CN1C[C@@H](O)[C@H](Cc1ccccc1)NC(=O)[C@H](CC(N)=O)NC(=O)c1ccc2ccccc2n1,670.86,670.38,3.09,166.75,188.21,0.5,0.1975,49,5,7,12,5,3,0,11,287.96,0.39,0.27,13.829,-1.299,16,0.3265,0,0,2,2,2,1,1,1,4,1625.602,1.353,48770043313.12,-4.35,35.944,15.907,9.856,6,0
CC(C)(C)NC(=O)[C@H]1CC[C@H]2[C@@H]3CC[C@H]4NC(=O)C=C[C@]4(C)[C@H]3CC[C@]12C,372.55,372.28,3.81,58.2,106.84,0.8261,0.7351,27,2,2,1,4,0,0,4,163.48,0.351,0.243,13.038,-0.167,0,0.0,0,0,4,3,1,0,1,0,2,678.356,1.58,1006218.93,-1.32,19.016,6.087,2.943,7,0
CC(C)(C)NCC(O)COc1ccc(NC(=O)NC2CCCCC2)cc1,363.5,363.25,3.27,82.62,104.73,0.65,0.5992,26,4,4,7,2,1,0,6,156.25,0.491,0.319,12.04,-0.576,6,0.2308,0,0,1,1,0,0,0,0,2,548.415,1.705,477664.797,-1.79,20.521,9.783,8.059,1,1
CC(C)(C)NCC(O)COc1cccc2c1CCC(=O)N2,292.38,292.18,1.7,70.59,82.65,0.5625,0.7723,21,3,4,5,2,1,0,5,125.24,0.49,0.224,11.382,-0.571,6,0.2857,0,0,1,0,1,0,1,0,1,508.734,1.918,39888.816,-1.59,15.792,6.452,4.72,1,1
CC(C)(C)NCC(O)COc1cccc2c1C[C@H](O)[C@H](O)C2,309.41,309.19,0.63,81.95,85.12,0.6471,0.6415,22,4,5,5,2,1,0,5,131.49,0.491,0.123,9.995,-0.76,6,0.2727,0,0,1,0,0,0,0,0,0,497.923,1.952,58912.858,-1.14,17.218,6.959,4.678,3,1
CC(C)(C)NCC(O)COc1cccc2c1SCCC2,295.45,295.16,2.85,41.49,84.74,0.625,0.8763,20,2,4,5,2,1,0,4,125.66,0.49,0.133,9.984,-0.487,6,0.3,0,0,1,0,1,0,1,0,0,442.593,1.877,28487.237,-0.71,15.675,6.832,4.686,1,1
CC(C)(C)NCC(O)c1cc(O)cc(O)c1,225.29,225.14,1.52,72.72,62.49,0.5,0.6291,16,4,4,3,1,1,0,4,95.55,0.508,0.119,9.848,-0.753,6,0.375,0,0,0,0,0,0,0,0,0,337.522,2.691,2177.274,-1.26,12.808,4.719,4.082,1,1
CC(C)(C)NCC(O)c1ccccc1Cl,227.74,227.11,2.76,32.26,64.17,0.5,0.8325,15,2,2,3,1,1,0,3,96.27,0.387,0.093,9.918,-0.557,6,0.4,0,0,0,0,0,0,0,0,0,319.643,2.618,1626.324,-0.57,12.499,4.971,4.204,1,1
CC(C)(C)NC[C@H](O)COc1ccccc1C1CCCC1,291.44,291.22,3.47,41.49,86.91,0.6667,0.843,21,2,3,6,2,1,0,3,128.26,0.491,0.122,10.043,-0.485,6,0.2857,0,0,1,1,0,0,0,0,0,433.09,1.877,61099.257,-1.06,16.313,7.278,5.328,1,0
CC(C)(C)NC[C@H](O)COc1nsnc1N1CCOCC1,316.43,316.16,0.5,79.74,82.2,0.8462,0.791,21,2,8,6,2,1,0,8,129.13,0.472,0.27,9.947,-0.58,5,0.2381,0,0,1,1,2,1,1,1,0,429.296,1.816,59622.467,-0.96,16.411,7.348,5.385,1,0
CC(C)(C)c1ccc(C(O)CCCN2CCC(C(O)(c3ccccc3)c3ccccc3)CC2)cc1,471.69,471.31,6.45,43.7,144.38,0.4375,0.3969,35,2,3,8,4,3,0,3,211.0,0.388,0.117,12.058,-0.968,18,0.5143,0,0,1,1,1,0,1,1,0,992.931,1.317,75685458.593,-2.46,25.627,11.074,6.033,1,1
CC(C)(Cc1c[nH]c2ccccc12)NCC(O)COc1ccccc1C#N,363.46,363.19,3.39,81.07,106.74,0.3182,0.573,27,3,4,8,3,3,0,5,159.15,0.489,0.137,10.259,-0.668,15,0.5556,0,0,0,0,1,1,0,0,0,939.881,1.526,1490597.978,-2.81,18.966,8.256,4.881,1,1
CC(C)(O)c1ccccc1CC[C@@H](SCC1(CC(=O)O)CC1)c1cccc(/C=C/c2ccc3ccc(Cl)cc3n2)c1,586.2,585.21,8.95,70.42,171.25,0.3143,0.1736,41,2,4,12,5,4,0,6,251.04,0.481,0.303,11.482,-0.911,22,0.5366,0,0,1,1,1,1,0,0,0,1571.49,1.371,1930319205.044,-3.12,29.375,12.399,7.793,1,0
CC(C)(O/N=C(\C(=O)N[C@@H]1C(=O)N2C(C(=O)[O-])=C(C[n+]3ccccc3)CS[C@H]12)c1csc(N)n1)C(=O)O,546.59,546.1,-1.3,191.22,129.56,0.3182,0.1474,37,3,11,9,4,2,0,15,218.16,0.543,0.35,13.114,-1.753,11,0.2973,1,1,2,1,4,2,2,1,2,1323.781,1.551,130887863.906,-3.98,26.093,10.178,5.267,2,0
CC(C)(Oc1ccc(C2CC2(Cl)Cl)cc1)C(=O)O,289.16,288.03,3.59,46.53,70.58,0.4615,0.8615,18,1,2,4,2,1,0,5,115.66,0.478,0.347,10.936,-1.246,6,0.3333,0,0,1,1,0,0,0,0,0,465.63,2.072,11444.669,-0.93,13.5,4.319,2.728,1,1
CC(C)(Oc1ccc(CCNC(=O)c2ccc(Cl)cc2)cc1)C(=O)O,361.83,361.11,3.55,75.63,96.27,0.2632,0.7903,25,2,3,7,2,2,0,6,151.13,0.478,0.347,11.991,-1.284,12,0.48,0,0,0,0,0,0,0,0,1,739.024,1.842,287089.413,-2.53,18.804,8.031,5.499,0,0
CC(C)(S)[C@@H](N)C(=O)O,149.22,149.05,0.11,63.32,38.68,0.8,0.4881,9,3,3,2,0,0,0,4,59.65,0.48,0.321,10.172,-1.019,0,0.0,0,0,0,0,0,0,0,0,0,118.617,4.04,50.07,-0.22,8.78,2.577,2.717,1,0
CC(C)(Sc1cc(C(C)(C)C)c(O)c(C(C)(C)C)c1)Sc1cc(C(C)(C)C)c(O)c(C(C)(C)C)c1,516.86,516.31,9.91,40.46,156.81,0.6129,0.3132,35,2,4,4,2,2,0,4,223.26,0.507,0.123,11.119,-0.164,12,0.3429,0,0,0,0,0,0,0,0,0,913.608,2.566,7180431.041,-1.26,29.967,9.559,7.381,0,0
CC(C)=CCN1CC[C@@]2(C)c3cc(O)ccc3C[C@@H]1[C@@H]2C,285.43,285.21,3.88,23.47,87.74,0.5789,0.8335,21,1,2,2,3,1,0,2,128.03,0.508,0.115,9.865,0.207,6,0.2857,0,0,2,1,1,0,1,1,0,572.929,1.957,53884.3,-1.28,14.649,5.17,2.398,3,0
CC(C)COCC(CN(Cc1ccccc1)c1ccccc1)N1CCCC1,366.55,366.27,4.83,15.71,114.19,0.5,0.5989,27,0,3,10,3,2,0,3,164.5,0.379,0.064,6.088,0.44,12,0.4444,0,0,1,1,1,0,1,1,0,637.945,1.735,2169904.456,-1.84,19.909,10.483,6.369,1,1
CC(C)C[C@H]1C(=O)N2CCC[C@H]2[C@]2(O)O[C@](NC(=O)[C@@H]3C=C4c5cccc6[nH]c(Br)c(c56)C[C@H]4N(C)C3)(C(C)C)C(=O)N12,654.61,653.22,3.19,118.21,164.16,0.5938,0.4563,43,3,6,5,7,2,0,11,259.45,0.349,0.281,14.433,-2.011,9,0.2093,0,0,5,3,5,1,4,3,3,1568.394,1.248,5183276335.822,-2.73,29.007,9.887,4.035,6,0
CC(C)Cc1ccc(C(C)C(=O)O)cc1,206.28,206.13,3.07,37.3,61.03,0.4615,0.8216,15,1,1,4,1,1,0,2,90.94,0.481,0.31,10.762,-0.772,6,0.4,0,0,0,0,0,0,0,0,0,324.894,2.759,1862.336,-1.31,11.763,4.964,3.388,1,1
CC(C)N(CCC(C(N)=O)(c1ccccc1)c1ccccn1)C(C)C,339.48,339.23,3.36,59.22,102.25,0.4286,0.8021,25,1,3,8,2,2,0,4,150.62,0.369,0.234,12.738,-0.926,12,0.48,0,0,0,0,1,1,0,0,1,620.555,2.502,333329.678,-2.2,19.129,8.256,4.074,1,1
CC(C)N1CCC(N(C(=O)Cc2ccccc2)c2ccc(Cl)cc2)CC1,370.92,370.18,4.79,23.55,108.82,0.4091,0.7551,26,0,2,5,3,2,0,4,161.12,0.309,0.231,13.192,0.154,12,0.4615,0,0,1,1,1,0,1,1,1,706.682,1.8,845813.238,-1.84,18.936,8.698,4.657,0,0
CC(C)N=c1cc2n(-c3ccc(Cl)cc3)c3ccccc3nc-2cc1Nc1ccc(Cl)cc1,473.41,472.12,7.49,42.21,138.14,0.1111,0.2749,33,1,4,4,5,3,0,6,202.06,0.354,0.09,6.173,0.13,26,0.7879,0,0,2,0,1,0,1,0,0,1469.64,1.803,37709572.449,-3.34,21.503,8.891,4.45,0,0
CC(C)NCC(O)COc1ccc(CC(N)=O)cc1,266.34,266.16,0.45,84.58,73.98,0.5,0.6377,19,3,4,8,1,1,0,5,113.31,0.491,0.221,10.747,-0.548,6,0.3158,0,0,0,0,0,0,0,0,1,390.182,2.346,13068.205,-1.59,15.467,7.759,6.785,1,1
CC(C)NCC(O)COc1ccc(CCOCC2CC2)cc1,307.43,307.21,2.39,50.72,88.33,0.6667,0.6164,22,2,4,11,2,1,0,4,133.38,0.491,0.119,9.803,-0.488,6,0.2727,0,0,1,1,0,0,0,0,0,414.845,1.603,159417.61,-1.1,17.257,9.132,7.251,1,1
CC(C)NCC(O)COc1ccc(COCCOC(C)C)cc1,325.45,325.23,2.37,59.95,91.83,0.6667,0.5778,23,2,5,12,1,1,0,5,139.5,0.491,0.119,9.8,-0.513,6,0.2609,0,0,0,0,0,0,0,0,0,405.988,2.197,97254.298,-1.14,19.906,11.404,10.285,1,1
CC(C)NCC(O)COc1cccc2[nH]ccc12,248.33,248.15,1.91,57.28,72.94,0.4286,0.7316,18,3,3,6,2,2,0,4,106.97,0.49,0.128,9.787,-0.499,9,0.5,0,0,0,0,1,1,0,0,0,493.255,1.914,16668.722,-1.52,12.925,5.887,3.244,1,1
CC(C)NCC(O)COc1cccc2ccccc12,259.35,259.16,2.58,41.49,78.59,0.375,0.8375,19,2,3,6,2,2,0,3,113.76,0.49,0.127,9.844,-0.499,10,0.5263,0,0,0,0,0,0,0,0,0,519.643,1.978,22327.727,-1.58,13.843,6.547,3.945,1,1
CC(C)NCC(O)c1ccc(NS(C)(=O)=O)cc1,272.37,272.12,1.09,78.43,73.01,0.5,0.7241,18,3,4,6,1,1,0,6,108.28,0.387,0.229,11.026,-3.257,6,0.3333,0,0,0,0,0,0,0,0,0,468.601,2.646,6210.359,-1.11,14.949,6.173,5.483,1,1
CC(C)NC[C@H](O)COc1ccc(O)cc1,225.29,225.14,1.13,61.72,62.75,0.5,0.6789,16,3,4,6,1,1,0,4,95.87,0.508,0.119,9.577,-0.531,6,0.375,0,0,0,0,0,0,0,0,0,297.637,2.256,3389.084,-1.26,12.808,6.35,5.0,1,0
CC(C)Nc1cccnc1N1CCN(C(=O)c2cc3cc(NS(C)(=O)=O)ccc3[nH]2)CC1,456.57,456.19,2.72,110.43,127.88,0.3636,0.5261,32,3,6,6,4,3,0,10,187.42,0.38,0.27,13.075,-3.36,15,0.4688,0,0,1,1,3,2,1,1,1,1229.447,1.451,15606298.707,-3.27,21.943,8.697,4.96,0,0
CC(C)[C@H]1CC[C@H](C(=O)N[C@H](Cc2ccccc2)C(=O)O)CC1,317.43,317.2,3.26,66.4,90.0,0.5789,0.8461,23,2,2,6,2,1,0,4,137.84,0.48,0.326,12.405,-0.974,6,0.2609,0,0,1,1,0,0,0,0,1,518.676,1.899,136742.072,-1.84,17.513,8.136,5.085,1,0
CC(C)[N+]1(C)[C@H]2CC[C@@H]1C[C@H](OC(=O)C(CO)c1ccccc1)C2,332.46,332.22,2.85,46.53,93.51,0.65,0.6661,24,1,3,5,3,1,1,4,144.57,0.461,0.316,12.585,-0.572,6,0.25,1,0,2,2,2,0,2,2,0,557.507,1.665,286965.627,-1.39,17.434,6.849,2.976,5,2
CC(C)c1c(C(=O)Nc2ccccc2)c(-c2ccccc2)c(-c2ccc(F)cc2)n1CC[C@@H](O)C[C@@H](O)CC(=O)O,558.65,558.25,6.31,111.79,157.25,0.2727,0.1628,41,4,5,12,4,4,0,8,238.46,0.481,0.305,14.048,-1.18,23,0.561,0,0,0,0,1,1,0,0,1,1467.261,1.891,1186797891.381,-4.27,29.706,13.391,7.279,2,0
CC(C)c1nc(CN(C)C(=O)N[C@H](C(=O)N[C@@H](Cc2ccccc2)C[C@H](O)[C@H](Cc2ccccc2)NC(=O)OCc2cncs2)C(C)C)cs1,720.96,720.31,5.91,145.78,196.9,0.4324,0.1062,50,4,9,17,4,4,0,13,302.06,0.444,0.407,13.867,-1.049,22,0.44,0,0,0,0,2,2,0,0,4,1617.497,1.464,99661659139.943,-4.33,38.472,19.166,12.218,4,0
CC(C)c1nc(N(C)S(C)(=O)=O)nc(-c2ccc(F)cc2)c1/C=C/[C@@H](O)C[C@@H](O)CC(=O)O,481.55,481.17,2.4,140.92,122.68,0.4091,0.4698,33,3,7,10,2,2,0,11,191.85,0.481,0.305,13.507,-3.651,12,0.3636,0,0,0,0,1,1,0,0,0,1119.696,2.611,7851796.58,-2.89,26.363,10.819,7.307,2,0
CC(C)n1c(/C=C/[C@H](O)C[C@H](O)CC(=O)O)c(-c2ccc(F)cc2)c2ccccc21,411.47,411.18,4.63,82.69,115.63,0.2917,0.5048,30,3,4,8,3,3,0,6,174.26,0.481,0.305,13.498,-1.13,15,0.5,0,0,0,0,1,1,0,0,0,1053.003,2.076,4553841.084,-2.96,21.742,9.238,4.777,2,0
CC(CC(c1ccccc1)c1ccccc1)NC(C)(C)C,281.44,281.21,4.99,12.03,91.69,0.4,0.8142,21,1,1,5,2,2,0,1,128.96,0.31,0.01,3.689,0.15,12,0.5714,0,0,0,0,0,0,0,0,0,485.27,2.214,47175.463,-1.6,15.783,6.907,5.019,1,1
CC(CCc1ccccc1)NCC(O)c1ccc(O)c(C(N)=O)c1,328.41,328.18,2.14,95.58,93.81,0.3158,0.5968,24,4,4,8,2,2,0,5,141.68,0.507,0.252,11.248,-0.775,12,0.5,0,0,0,0,0,0,0,0,1,673.567,1.847,222954.572,-2.37,17.976,8.473,5.078,2,2
CC(CN(C)C)CN1c2ccccc2CCc2ccccc21,294.44,294.21,4.12,6.48,95.02,0.4,0.8366,22,0,2,4,3,2,0,2,133.92,0.341,0.044,2.534,0.62,12,0.5455,0,0,1,0,1,0,1,0,0,585.609,1.985,126062.961,-1.8,15.109,6.533,3.172,1,1
CC(CN1CCN(CCOCCO)CC1)CN1c2ccccc2Sc2ccccc21,427.61,427.23,3.55,39.18,123.96,0.5,0.6173,30,1,6,9,4,2,0,6,184.17,0.394,0.07,8.798,0.107,12,0.4,0,0,2,1,2,0,2,1,0,765.043,1.315,9294363.374,-1.57,21.654,10.643,5.367,1,1
CC(CN1c2ccccc2Sc2ccccc21)N(C)C,284.43,284.13,4.24,6.48,87.16,0.2941,0.8322,20,0,3,3,3,2,0,3,124.95,0.338,0.055,2.45,0.499,12,0.6,0,0,1,0,1,0,1,0,0,563.944,2.032,47893.826,-1.45,13.529,5.505,2.434,1,1
CC(Cc1ccc(O)cc1)NCC(O)c1cc(O)cc(O)c1,303.36,303.15,2.06,92.95,84.01,0.2941,0.5631,22,5,5,6,2,2,0,5,129.04,0.508,0.119,10.103,-0.819,12,0.5455,0,0,0,0,0,0,0,0,0,592.306,1.868,72751.203,-2.24,16.136,7.154,4.648,2,2
CC(NC(C)(C)C)C(=O)c1cccc(Cl)c1,239.75,239.11,3.3,29.1,68.13,0.4615,0.8205,16,1,2,3,1,1,0,3,102.0,0.303,0.179,12.053,-0.21,6,0.375,0,0,0,0,0,0,0,0,0,381.764,2.785,2302.595,-0.86,13.206,4.981,3.951,1,1
CC(O)Cn1cnc2c1c(=O)n(C)c(=O)n2C,238.25,238.11,-1.19,82.05,61.9,0.5,0.7132,17,1,7,2,2,2,0,7,96.55,0.392,0.332,11.972,-0.589,9,0.5294,0,0,0,0,2,2,0,0,0,677.141,2.859,7284.819,-1.89,11.591,3.846,1.679,1,1
CC(S)C(=O)NCC(=O)O,163.2,163.03,-0.49,66.4,39.09,0.6,0.4915,10,3,3,3,0,0,0,5,64.02,0.48,0.322,10.596,-1.053,0,0.0,0,0,0,0,0,0,0,0,1,145.828,3.5,111.042,-0.71,9.29,4.161,4.197,1,1
CC/C(=C(\c1ccccc1)c1ccc(OCCN(C)C)cc1)c1ccccc1,371.52,371.22,6.0,12.47,119.58,0.2308,0.4506,28,0,2,8,3,3,0,2,168.65,0.492,0.119,5.871,0.692,18,0.6429,0,0,0,0,0,0,0,0,0,880.736,1.996,2692338.49,-2.84,19.909,9.911,5.114,0,0
CC1(C)O[C@@H]2CO[C@@]3(COS(N)(=O)=O)OC(C)(C)O[C@H]3[C@@H]2O1,339.37,339.1,-0.4,115.54,71.6,1.0,0.7386,22,1,8,3,3,0,0,10,128.73,0.343,0.333,11.099,-4.137,0,0.0,0,0,3,3,3,0,3,3,0,561.474,1.873,55495.759,-0.33,16.525,4.835,3.017,4,0
CC1(C)O[C@@H]2C[C@H]3[C@@H]4C[C@H](F)C5=CC(=O)C=C[C@]5(C)[C@H]4[C@@H](O)C[C@]3(C)[C@]2(C(=O)CO)O1,434.5,434.21,2.27,93.06,108.53,0.75,0.6928,31,2,6,2,5,0,0,7,181.03,0.393,0.193,15.446,-1.372,0,0.0,0,0,5,4,1,0,1,1,0,909.746,1.616,7509644.746,-1.41,21.436,6.34,2.518,9,0
CC1(C)S[C@@H]2[C@H](N=CN3CCCCCC3)C(=O)N2[C@H]1C(=O)O,325.43,325.15,1.41,73.21,86.05,0.8,0.4824,22,1,4,3,3,0,0,7,134.49,0.48,0.327,12.303,-0.928,0,0.0,0,0,3,3,3,0,3,3,1,500.261,1.68,77377.303,-1.24,15.648,5.756,2.594,3,0
CC1(C)S[C@@H]2[C@H](NC(=O)[C@H](C(=O)O)c3ccsc3)C(=O)N2[C@H]1C(=O)O,384.44,384.04,0.55,124.01,90.35,0.4667,0.5001,25,3,6,5,3,1,0,10,150.74,0.48,0.327,12.414,-1.4,5,0.2,0,0,2,2,3,1,2,2,2,747.213,1.767,330222.758,-2.07,17.743,6.025,2.785,4,0
CC1(C)S[C@@H]2[C@H](NC(=O)[C@H](N)c3ccc(O)cc3)C(=O)N2[C@H]1C(=O)O,365.41,365.1,0.02,132.96,90.69,0.4375,0.553,25,4,6,4,3,1,0,9,147.91,0.508,0.327,12.348,-1.057,6,0.24,0,0,2,2,2,0,2,2,2,735.791,1.704,291485.63,-2.26,17.559,5.921,2.827,4,0
CC1(C)S[C@@H]2[C@H](NC(=O)[C@H](N)c3ccccc3)C(=O)N2[C@H]1C(=O)O,349.41,349.11,0.32,112.73,89.03,0.4375,0.6749,24,3,5,4,3,1,0,8,143.12,0.48,0.327,12.334,-1.033,6,0.25,0,0,2,2,2,0,2,2,2,693.823,1.711,206112.986,-2.06,16.786,5.784,2.552,4,0
CC1(C)S[C@@H]2[C@H](NC(=O)[C@H](N=[N+]=[N-])c3ccccc3)C(=O)N2[C@H]1C(=O)O,375.41,375.1,1.67,135.47,93.99,0.4375,0.3491,26,2,5,5,3,1,0,10,152.91,0.48,0.327,12.575,-1.099,6,0.2308,1,1,2,2,2,0,2,2,2,808.118,1.776,555099.661,-2.71,18.092,6.545,2.867,4,0
CC1(C)S[C@@H]2[C@H](NC(=O)[C@H](NC(=O)N3CCNC3=O)c3ccccc3)C(=O)N2[C@H]1C(=O)O,461.5,461.14,0.09,148.15,113.48,0.45,0.4544,32,4,6,5,4,1,0,12,187.42,0.48,0.327,13.148,-1.145,6,0.1875,0,0,3,3,3,0,3,3,6,985.952,1.512,13295223.646,-3.28,21.933,8.006,3.636,4,0
CC1=C(/C=C/C(C)=C/C=C/C(C)=C\C(=O)O)C(C)(C)CCC1,300.44,300.21,5.6,37.3,93.76,0.45,0.5296,22,1,1,5,1,0,0,2,134.18,0.478,0.328,10.534,-0.912,0,0.0,0,0,1,0,0,0,0,0,0,566.515,2.792,40499.073,-1.83,18.22,7.976,5.885,0,0
CC1=C(C(=O)O)N2C(=O)[C@@H](NC(=O)[C@H](N)c3ccc(O)cc3)[C@H]2SC1,363.4,363.09,0.15,132.96,90.39,0.3125,0.5597,25,4,6,4,3,1,0,9,147.23,0.508,0.352,12.324,-1.151,6,0.24,0,0,2,1,2,0,2,1,2,776.48,1.707,328694.87,-2.52,17.308,6.413,2.96,3,0
CC1=C(C(=O)O)N2C(=O)[C@@H](NC(=O)[C@H](N)c3ccccc3)[C@H]2SC1,347.4,347.09,0.44,112.73,88.73,0.3125,0.6816,24,3,5,4,3,1,0,8,142.43,0.477,0.352,12.311,-1.128,6,0.25,0,0,2,1,2,0,2,1,2,734.098,1.714,232419.899,-2.32,16.535,6.291,2.674,3,0
CC1=C(CC(=O)O)c2cc(F)ccc2/C1=C\c1ccc(S(C)=O)cc1,356.42,356.09,4.37,54.37,97.89,0.15,0.8852,25,1,2,4,3,2,0,5,147.52,0.481,0.307,13.656,-1.036,12,0.48,0,0,1,0,0,0,0,0,0,939.914,2.101,426585.374,-2.53,17.298,6.764,3.464,1,1
CC1=CC[C@@H](C(C)(C)O)C[C@@H]1O,170.25,170.13,1.47,40.46,48.79,0.8,0.585,12,2,2,1,1,0,0,2,73.92,0.39,0.075,9.706,-0.668,0,0.0,0,0,1,0,0,0,0,0,0,188.505,2.654,347.981,-0.34,9.746,3.19,2.081,2,0
CC1=NS(=O)(=O)c2cc(Cl)ccc2N1,230.68,229.99,1.87,58.53,55.37,0.125,0.7404,14,1,3,0,2,1,0,6,86.66,0.342,0.286,11.55,-3.573,6,0.4286,0,0,1,0,1,0,1,0,0,522.143,2.728,1297.411,-1.07,9.484,2.963,1.486,0,0
CC1CN(c2cc3c(cc2F)c(=O)c(C(=O)O)cn3-c2ccc(F)cc2F)CCN1,417.39,417.13,2.9,74.57,106.06,0.2381,0.6857,30,2,5,3,4,3,0,9,168.71,0.477,0.341,14.929,-1.529,16,0.5333,0,0,1,1,2,1,1,1,0,1225.568,2.028,5109162.132,-3.33,19.964,7.49,3.41,1,1
CC1COc2c(N3CCN(C)CC3)c(F)cc3c(=O)c(C(=O)O)cn1c23,361.37,361.14,1.54,75.01,95.04,0.4444,0.8747,26,1,6,2,4,2,0,8,148.73,0.487,0.341,14.984,-1.315,10,0.3846,0,0,2,1,3,1,2,1,0,963.288,2.004,825393.74,-2.61,16.837,5.98,2.438,1,1
CC1Cc2ccccc2N1NC(=O)c1ccc(Cl)c(S(N)(=O)=O)c1,365.84,365.06,2.08,92.5,92.38,0.1875,0.8705,24,2,4,3,3,2,0,8,144.79,0.282,0.269,12.515,-4.002,12,0.5,0,0,1,0,1,0,1,0,1,914.534,1.889,246290.142,-2.09,16.757,6.084,3.102,1,1
CC=CC1=C(C(=O)O)N2C(=O)[C@@H](NC(=O)[C@H](N)c3ccc(O)cc3)[C@H]2SC1,389.43,389.1,0.71,132.96,99.53,0.2778,0.5451,27,4,6,5,3,1,0,9,159.27,0.508,0.352,12.502,-1.174,6,0.2222,0,0,2,1,2,0,2,1,2,849.058,1.738,907674.224,-2.78,18.995,7.453,3.429,3,0
CCC(=O)C(CC(C)N(C)C)(c1ccccc1)c1ccccc1,309.45,309.21,4.29,20.31,96.73,0.381,0.7601,23,0,2,7,2,2,0,2,139.69,0.307,0.147,13.174,-0.582,12,0.5217,0,0,0,0,0,0,0,0,0,579.305,2.661,150691.853,-1.93,17.424,7.561,3.533,1,1
CCC(=O)C1(c2cccc(O)c2)CCN(C)CC1,247.34,247.16,2.33,40.54,71.81,0.5333,0.8909,18,1,3,3,2,1,0,3,108.43,0.508,0.143,12.407,-0.389,6,0.3333,0,0,1,1,1,0,1,1,0,433.875,2.393,12544.648,-1.35,13.09,5.105,2.274,0,0
CCC(=O)N(c1ccccc1)C1(COC)CCN(CCn2nnn(CC)c2=O)CC1,416.53,416.25,1.38,85.49,114.46,0.619,0.614,30,0,8,9,3,2,0,9,176.74,0.382,0.363,12.953,-0.373,11,0.3667,0,0,1,1,2,1,1,1,1,870.367,1.715,6839941.261,-2.52,22.172,9.992,4.622,0,0
CCC(=O)N(c1ccccc1)C1CCN(CCc2ccccc2)CC1,336.48,336.22,4.14,23.55,103.83,0.4091,0.7915,25,0,2,6,3,2,0,3,150.81,0.309,0.226,12.516,0.23,12,0.48,0,0,1,1,1,0,1,1,1,648.242,1.568,706283.015,-2.13,17.685,8.816,4.698,0,0
CCC(=O)O[C@@H](O[P@](=O)(CCCCc1ccccc1)CC(=O)N1C[C@H](C2CCCCC2)C[C@H]1C(=O)O)C(C)C,563.67,563.3,6.12,110.21,150.63,0.7,0.1256,39,1,6,14,3,1,0,9,232.82,0.48,0.326,14.228,-3.596,6,0.1538,0,0,2,2,1,0,1,1,1,992.285,1.726,370960192.645,-2.18,31.349,14.993,9.457,4,0
CCC(=O)c1ccc2c(c1)N(CC(C)N(C)C)c1ccccc1S2,340.49,340.16,4.83,23.55,101.78,0.35,0.7273,24,0,4,5,3,2,0,4,148.21,0.338,0.162,12.148,0.197,12,0.5,0,0,1,0,1,0,1,0,0,757.054,2.069,294106.276,-1.78,17.056,6.994,3.212,1,1
CCC(C(=O)O)c1ccc(N2Cc3ccccc3C2=O)cc1,295.34,295.12,3.43,57.61,84.07,0.2222,0.9398,22,1,2,4,3,2,0,4,128.55,0.481,0.31,12.412,-0.82,12,0.5455,0,0,1,0,1,0,1,0,1,721.367,1.86,142412.903,-2.62,14.323,5.638,2.368,1,1
CCC(C)(C)C(=O)O[C@H]1C[C@@H](C)C=C2C=C[C@H](C)[C@H](CC[C@@H]3C[C@@H](O)CC(=O)O3)[C@H]21,418.57,418.27,4.59,72.83,115.45,0.76,0.6391,30,1,5,6,3,0,0,5,180.45,0.462,0.311,12.866,-0.601,0,0.0,0,0,3,1,1,0,1,1,0,706.328,1.761,3230269.854,-1.62,23.052,9.252,5.161,7,0
CCC(C)n1ncn(-c2ccc(N3CCN(c4ccc(OC[C@H]5CO[C@](Cn6cncn6)(c6ccc(Cl)cc6Cl)O5)cc4)CC3)cc2)c1=O,705.65,704.24,5.58,104.7,188.18,0.3714,0.1744,49,0,12,11,7,5,0,14,293.88,0.491,0.35,12.802,-1.159,28,0.5714,0,0,2,2,4,2,2,2,0,1907.32,0.925,199522788933.967,-4.36,33.152,14.242,7.045,3,1
CCC(CO)NC(=O)[C@@H]1C=C2c3cccc4c3c(cn4C)C[C@H]2N(C)C1,353.47,353.21,1.94,57.5,103.82,0.4762,0.8831,26,2,4,4,4,2,0,5,153.84,0.394,0.228,12.741,-0.188,9,0.3462,0,0,2,0,2,1,1,0,1,878.754,1.737,1134865.662,-2.11,17.311,6.56,2.663,3,1
CCC1(CCC(C)C)C(=O)NC(=O)NC1=O,226.28,226.13,1.18,75.27,58.48,0.7273,0.7068,16,2,3,4,1,0,0,5,94.97,0.328,0.277,11.788,-1.071,0,0.0,0,0,1,1,1,0,1,1,4,303.191,2.872,2611.755,-1.39,12.678,4.634,2.23,0,0
CCC1(c2cccc(O)c2)CCCCN(C)C1,233.35,233.18,3.16,23.47,71.42,0.6,0.8479,17,1,2,2,2,1,0,2,104.26,0.508,0.115,9.676,0.226,6,0.3529,0,0,1,1,1,0,1,1,0,376.939,2.344,8464.549,-1.02,12.437,5.091,2.63,1,1
CCC1(c2ccccc2)C(=O)NC(=O)NC1=O,232.24,232.08,0.7,75.27,60.09,0.25,0.7369,17,2,3,2,2,1,0,5,98.2,0.328,0.277,11.976,-1.31,6,0.3529,0,0,1,1,1,0,1,1,4,461.784,2.536,7460.405,-2.17,11.319,4.009,1.595,0,0
CCC1(c2ccccc2)C(=O)NCNC1=O,218.26,218.11,0.54,58.2,59.56,0.3333,0.7116,16,2,2,2,2,1,0,4,94.04,0.337,0.241,11.986,-1.07,6,0.375,0,0,1,1,1,0,1,1,2,398.287,2.524,5356.941,-1.84,10.67,3.963,1.377,0,0
CCC1=C(C)CN(C(=O)NCCc2ccc(S(=O)(=O)NC(=O)N[C@H]3CC[C@H](C)CC3)cc2)C1=O,490.63,490.22,3.07,124.68,128.52,0.5417,0.5418,34,3,5,7,3,1,0,10,200.95,0.337,0.328,12.536,-3.983,6,0.1765,0,0,2,1,1,0,1,0,5,1057.339,1.461,27869275.88,-2.88,25.738,11.03,6.371,0,0
CCC1=C[C@@H]2CN(C1)Cc1c([nH]c3ccccc13)[C@@](C(=O)OC)(c1cc3c(cc1OC)N(C)[C@H]1[C@@](O)(C(=O)OC)[C@H](OC(C)=O)[C@]4(CC)C=CCN5CC[C@]31[C@@H]54)C2,778.95,778.39,4.75,133.87,214.08,0.5333,0.1957,57,2,11,7,9,3,0,12,333.29,0.496,0.344,15.172,-2.274,15,0.2632,0,0,6,2,6,1,5,1,0,2247.97,1.37,7495124316908.953,-4.65,37.9,13.189,4.804,9,1
CCCC(=O)Nc1ccc(OCC(O)CNC(C)C)c(C(C)=O)c1,336.43,336.2,2.37,87.66,94.62,0.5556,0.571,24,3,5,10,1,1,0,6,143.14,0.49,0.224,11.822,-0.67,6,0.25,0,0,0,0,0,0,0,0,1,557.95,2.73,131163.984,-1.92,20.125,10.051,7.103,1,1
CCCC(C)C1(CC)C(=O)NC(=O)NC1=O,226.28,226.13,1.18,75.27,58.48,0.7273,0.7068,16,2,3,4,1,0,0,5,94.97,0.328,0.277,11.892,-1.093,0,0.0,0,0,1,1,1,0,1,1,4,305.191,3.046,2793.402,-1.39,12.678,4.634,1.814,1,1
CCCC1O[C@@H]2C[C@H]3[C@@H]4CCC5=CC(=O)C=C[C@]5(C)[C@H]4[C@@H](O)C[C@]3(C)[C@]2(C(=O)CO)O1,430.54,430.24,2.72,93.06,112.87,0.76,0.7125,31,2,6,4,5,0,0,6,183.23,0.393,0.193,13.227,-1.201,0,0.0,0,0,5,4,1,0,1,1,0,862.074,1.554,11435336.151,-1.34,21.503,7.078,2.651,9,1
CCCCC(=O)N(Cc1ccc(-c2ccccc2-c2nn[nH]n2)cc1)[C@H](C(=O)O)C(C)C,435.53,435.23,4.16,112.07,121.39,0.375,0.4944,32,2,5,10,3,3,0,8,187.21,0.48,0.326,12.861,-0.976,17,0.5312,0,0,0,0,1,1,0,0,1,1032.053,1.871,17315554.346,-3.55,23.12,10.657,5.376,1,0
CCCCC(C)(O)C/C=C/[C@H]1[C@H](O)CC(=O)[C@@H]1CCCCCCC(=O)OC,382.54,382.27,3.95,83.83,106.23,0.8182,0.2862,27,2,5,13,1,0,0,5,163.73,0.469,0.305,12.24,-0.727,0,0.0,0,0,1,1,0,0,0,0,0,483.095,2.418,628752.115,-1.2,23.839,12.296,9.023,4,1
CCCCC1=NC2(CCCC2)C(=O)N1Cc1ccc(-c2ccccc2-c2nn[nH]n2)cc1,428.54,428.23,4.78,87.13,123.76,0.4,0.5867,32,1,5,7,5,3,0,7,187.5,0.294,0.256,13.361,-0.48,17,0.5312,0,0,2,1,2,1,1,0,1,1113.599,1.384,44096039.757,-3.35,20.547,8.649,3.72,0,0
CCCCC1C(=O)N(c2ccccc2)N(c2ccccc2)C1=O,308.38,308.15,3.79,40.62,90.87,0.2632,0.7886,23,0,2,5,3,2,0,4,135.85,0.272,0.258,12.869,-0.588,12,0.5217,0,0,1,1,1,0,1,1,2,627.531,2.022,262958.317,-2.62,15.282,6.649,2.843,0,0
CCCCCCCN(CC)CCCC(O)c1ccc(NS(C)(=O)=O)cc1,384.59,384.24,4.16,69.64,109.98,0.7,0.4725,26,2,4,14,1,1,0,6,159.41,0.388,0.229,11.215,-3.268,6,0.2308,0,0,0,0,0,0,0,0,0,587.579,2.322,365747.775,-1.11,22.93,12.308,10.139,1,1
CCCCCN(C)CCC(O)(P(=O)(O)O)P(=O)(O)O,319.23,319.09,0.5,138.53,70.68,1.0,0.3058,19,5,4,9,0,0,0,10,112.32,0.369,0.367,11.106,-5.331,0,0.0,0,0,0,0,0,0,0,0,0,341.58,4.633,5486.277,0.22,19.22,7.292,5.614,0,0
CCCCC[C@H](O)/C=C/[C@H]1[C@H](O)CC(=O)[C@@H]1CCCCCCC(=O)O,354.49,354.24,3.48,94.83,97.24,0.8,0.3476,25,3,4,13,1,0,0,5,150.68,0.481,0.303,12.126,-0.767,0,0.0,0,0,1,1,0,0,0,0,0,431.802,2.389,271685.711,-1.2,21.842,12.202,8.634,4,0
CCCCNC(=O)NS(=O)(=O)c1ccc(C)cc1,270.35,270.1,1.78,75.27,69.81,0.4167,0.8008,18,2,3,5,1,1,0,6,107.64,0.337,0.328,11.815,-3.775,6,0.3333,0,0,0,0,0,0,0,0,2,494.559,2.644,7718.451,-1.56,14.501,6.393,4.367,0,0
CCCCNc1cc(C(=O)O)cc(S(N)(=O)=O)c1Oc1ccccc1,364.42,364.11,3.04,118.72,94.69,0.2353,0.6196,25,3,5,8,2,2,0,8,146.03,0.478,0.335,11.978,-4.191,12,0.48,0,0,0,0,0,0,0,0,0,850.842,2.592,286067.91,-2.58,18.754,7.997,4.945,0,0
CCCCc1nc(Cl)c(CO)n1Cc1ccc(-c2ccccc2-c2nn[nH]n2)cc1,422.92,422.16,4.27,92.51,115.92,0.2727,0.4421,30,2,6,8,4,4,0,8,179.3,0.39,0.205,9.765,-0.131,22,0.7333,0,0,0,0,2,2,0,0,0,1105.376,1.621,12079668.426,-3.03,20.251,9.192,4.126,0,0
CCCCc1ncc(/C=C(\Cc2cccs2)C(=O)O)n1Cc1ccc(C(=O)O)cc1,424.52,424.15,4.74,92.42,116.98,0.2609,0.4585,30,2,5,10,3,3,0,7,178.7,0.478,0.335,11.831,-0.962,16,0.5333,0,0,0,0,2,2,0,0,0,1033.855,1.938,7066166.575,-3.19,21.517,10.024,5.448,0,0
CCCCc1oc2ccccc2c1C(=O)c1cc(I)c(OCCN(CC)CC)c(I)c1,645.32,645.02,6.94,42.68,143.42,0.4,0.1676,31,0,4,11,3,3,0,6,211.54,0.49,0.197,13.588,0.015,15,0.4839,0,0,0,0,1,1,0,0,0,1017.418,1.889,10080001.274,-1.13,24.511,11.652,5.815,0,0
CCCN(CCC)CCc1cccc2c1CC(=O)N2,260.38,260.19,2.85,32.34,79.5,0.5625,0.8173,19,1,2,7,2,1,0,3,115.55,0.326,0.228,11.474,0.126,6,0.3158,0,0,1,0,1,0,1,0,1,436.375,1.998,26833.668,-1.35,14.067,6.711,3.567,0,0
CCCN(CCC)S(=O)(=O)c1ccc(C(=O)O)cc1,285.36,285.1,2.2,74.68,72.74,0.4615,0.833,19,1,3,7,1,1,0,6,113.46,0.478,0.335,12.372,-3.527,6,0.3158,0,0,0,0,0,0,0,0,0,516.079,3.065,13065.187,-1.4,15.657,6.676,3.779,0,0
CCCN1C[C@H](CSC)C[C@@H]2c3cccc4[nH]cc(c34)C[C@H]21,314.5,314.18,4.27,19.03,96.88,0.5789,0.9085,22,1,2,4,4,2,0,3,137.21,0.361,0.046,3.49,0.715,9,0.4091,0,0,2,1,2,1,1,1,0,662.499,1.751,218278.559,-0.93,14.649,5.934,2.297,3,0
CCCNCC(O)COc1ccccc1C(=O)CCc1ccccc1,341.45,341.2,3.24,58.56,100.2,0.381,0.4865,25,2,4,11,2,2,0,4,149.39,0.49,0.166,12.54,-0.598,12,0.48,0,0,0,0,0,0,0,0,0,642.599,1.89,475089.978,-2.17,19.159,10.645,6.687,1,1
CCCN[C@H]1CCc2nc(N)sc2C1,211.33,211.11,1.58,50.94,60.63,0.7,0.7979,14,2,4,3,2,1,0,4,88.73,0.375,0.18,5.691,0.641,5,0.3571,0,0,1,0,1,1,0,0,0,308.316,1.983,2365.729,-0.61,9.927,4.275,2.067,1,0
CCC[C@@H]1C[C@@H](C(=O)NC(C(C)Cl)[C@H]2O[C@H](SC)[C@H](O)[C@@H](O)[C@H]2O)N(C)C1,424.99,424.18,0.39,102.26,106.88,0.9444,0.4383,27,4,7,7,2,0,0,9,170.33,0.388,0.237,12.901,-1.362,0,0.0,0,0,2,2,2,0,2,2,1,498.372,2.094,784871.983,-0.09,23.192,10.094,5.291,9,2
CCC[C@@H]1C[C@@H](C(=O)N[C@H]([C@@H](C)O)[C@H]2O[C@H](SC)[C@H](O)[C@@H](O)[C@H]2O)N(C)C1,406.55,406.21,-0.86,122.49,103.24,0.9444,0.3703,27,5,8,7,2,0,0,9,164.82,0.391,0.237,12.848,-1.419,0,0.0,0,0,2,2,2,0,2,2,1,494.472,2.094,784871.983,-0.42,22.865,9.865,5.145,9,0
CCC[C@H](N[C@@H](C)C(=O)N1[C@H](C(=O)O)C[C@@H]2CCCC[C@@H]21)C(=O)OCC,368.47,368.23,1.94,95.94,96.56,0.8421,0.6358,26,2,5,8,2,0,0,7,155.0,0.48,0.326,13.083,-0.935,0,0.0,0,0,2,2,1,0,1,1,1,524.059,2.104,612196.711,-1.63,20.679,9.348,4.553,5,0
CCCc1c2oc(C(=O)O)cc(=O)c2cc2c(=O)cc(C(=O)O)n(CC)c12,371.35,371.1,2.48,126.81,97.84,0.2632,0.6596,27,2,6,5,3,3,0,8,151.82,0.477,0.371,12.555,-1.385,14,0.5185,0,0,0,0,2,2,0,0,0,1216.904,2.665,908342.924,-3.42,18.373,6.712,2.885,0,0
CCCc1cc(=O)[nH]c(=S)[nH]1,170.24,170.05,1.38,48.65,46.24,0.4286,0.6587,11,2,2,2,1,1,0,4,69.49,0.336,0.251,10.844,-0.128,6,0.5455,0,0,0,0,1,1,0,0,0,310.534,3.088,271.478,-0.9,8.199,3.479,2.307,0,0
CCCc1nc2c(C)cc(-c3nc4ccccc4n3C)cc2n1Cc1ccc(-c2ccccc2C(=O)O)cc1,514.63,514.24,7.26,72.94,156.11,0.1818,0.2432,39,1,5,7,6,6,0,6,226.75,0.478,0.336,11.71,-0.921,30,0.7692,0,0,0,0,2,2,0,0,0,1844.141,1.422,1139775407.903,-4.71,24.617,9.874,4.377,0,0
CCCc1nn(C)c2c(=O)[nH]c(-c3cc(S(=O)(=O)N4CCN(C)CC4)ccc3OCC)nc12,474.59,474.2,1.61,113.42,125.99,0.5,0.5534,33,1,8,7,4,3,0,11,192.78,0.493,0.277,13.329,-3.698,15,0.4545,0,0,1,1,3,2,1,1,0,1322.64,1.852,25919155.741,-2.76,23.4,9.239,4.398,0,0
CCN(C(C)=O)c1cccc(-c2ccnc3c(C#N)cnn23)c1,305.34,305.13,2.64,74.29,86.84,0.1765,0.7453,23,0,5,3,3,3,0,6,133.15,0.313,0.223,11.74,-0.004,15,0.6522,0,0,0,0,2,2,0,0,1,922.124,2.149,250265.054,-3.2,14.725,5.89,2.53,0,0
CCN(C)C(=O)Oc1cccc([C@H](C)N(C)C)c1,250.34,250.17,2.76,32.78,72.87,0.5,0.8234,18,0,3,4,1,1,0,4,109.15,0.414,0.41,11.652,-0.327,6,0.3333,0,0,0,0,0,0,0,0,1,404.535,2.796,8435.943,-1.55,14.511,6.401,3.736,1,0
CCN(CC)C(=O)/C(C#N)=C/c1cc(O)c(O)c([N+](=O)[O-])c1,305.29,305.1,1.78,127.7,77.94,0.2857,0.2804,22,2,6,5,1,1,0,8,126.22,0.504,0.315,12.101,-0.87,6,0.2727,1,1,0,0,0,0,0,0,1,671.791,3.331,51842.095,-3.08,16.973,7.079,3.517,0,0
CCN(CC)C(=O)C1(c2ccccc2)CC1CN,246.35,246.17,1.77,46.33,73.21,0.5333,0.8604,18,1,2,5,2,1,0,3,108.97,0.342,0.233,12.73,-0.345,6,0.3333,0,0,1,1,0,0,0,0,1,413.762,2.325,22791.686,-1.35,13.09,5.105,1.926,2,2
CCN(CC)C(=O)N[C@H]1C=C2c3cccc4[nH]cc(c34)C[C@H]2N(C)C1,338.46,338.21,2.84,51.37,101.64,0.45,0.9041,25,2,2,3,4,2,0,5,148.23,0.361,0.317,12.45,0.023,9,0.36,0,0,2,0,2,1,1,0,2,833.334,1.689,788088.392,-2.27,16.212,6.225,2.628,2,0
CCN(CC)C(=O)N[C@H]1C[C@@H]2c3cccc4[nH]cc(c34)C[C@H]2N(C)C1,340.47,340.23,2.93,51.37,101.02,0.55,0.9025,25,2,2,3,4,2,0,5,148.92,0.361,0.317,12.479,0.068,9,0.36,0,0,2,1,2,1,1,1,2,779.094,1.598,788088.392,-2.01,16.458,6.373,2.706,3,0
CCN(CC)C(=O)Nc1ccc(OCC(O)CNC(C)(C)C)c(C(C)=O)c1,379.5,379.25,2.89,90.9,107.64,0.6,0.5741,27,3,5,9,1,1,0,7,161.63,0.49,0.321,12.167,-0.703,6,0.2222,0,0,0,0,0,0,0,0,2,636.604,2.787,438030.539,-2.12,22.92,10.275,7.967,1,1
CCN(CC)CC#CCOC(=O)C(O)(c1ccccc1)C1CCCCC1,357.49,357.23,3.34,49.77,103.44,0.5909,0.6006,26,1,4,7,2,1,0,4,157.09,0.45,0.344,12.824,-1.581,6,0.2308,0,0,1,1,0,0,0,0,0,609.27,2.057,758405.667,-1.83,20.482,10.351,5.093,1,1
CCN(CC)CC(=O)Nc1c(C)cccc1C,234.34,234.17,2.58,32.34,72.33,0.5,0.849,17,1,2,5,1,1,0,3,103.82,0.324,0.238,11.892,0.061,6,0.3529,0,0,0,0,0,0,0,0,1,363.559,2.68,5511.135,-1.35,13.714,6.401,3.858,0,0
CCN(CC)CCCC(C)Nc1ccnc2cc(Cl)ccc12,319.88,319.18,4.81,28.16,96.86,0.5,0.7564,22,1,3,8,2,2,0,4,138.23,0.382,0.074,6.037,0.442,10,0.4545,0,0,0,0,1,1,0,0,0,595.902,1.954,92030.063,-1.32,17.04,8.349,4.587,1,1
CCN(CC)CCCN(c1ccccc1)C1Cc2ccccc2C1,322.5,322.24,4.39,6.48,103.83,0.4545,0.7109,24,0,2,8,3,2,0,2,146.65,0.368,0.037,2.642,0.599,12,0.5,0,0,1,0,0,0,0,0,0,593.877,1.697,512851.372,-1.8,17.037,8.343,3.99,0,0
CCN(CC)CCN1C(=O)CN=C(c2ccccc2F)c2cc(Cl)ccc21,387.89,387.15,4.0,35.91,108.5,0.3333,0.7505,27,0,3,6,3,2,0,6,163.81,0.309,0.248,14.422,-0.369,12,0.4444,0,0,1,0,1,0,1,0,1,864.255,2.043,1342424.557,-2.24,19.52,8.632,4.199,0,0
CCN(CC)CCNC(=O)c1cc(Br)c(N)cc1OC,344.25,343.09,2.11,67.59,85.23,0.5,0.7438,20,2,4,7,1,1,0,6,128.14,0.496,0.255,12.175,-0.158,6,0.3,0,0,0,0,0,0,0,0,1,461.977,2.699,23853.651,-1.27,16.783,8.114,4.384,0,0
CCN(CC)CCNC(=O)c1cc(Cl)c(N)cc1OC,299.8,299.14,2.0,67.59,82.54,0.5,0.7558,20,2,4,7,1,1,0,6,124.58,0.496,0.255,12.137,-0.212,6,0.3,0,0,0,0,0,0,0,0,1,461.977,2.699,23853.651,-1.46,16.594,7.968,4.283,0,0
CCN(CC)CCNC(=O)c1ccc(N)cc1,235.33,235.17,1.34,58.36,70.98,0.4615,0.7315,17,2,3,6,1,1,0,4,102.8,0.399,0.251,11.744,-0.044,6,0.3529,0,0,0,0,0,0,0,0,1,344.187,2.369,6430.777,-1.55,13.515,6.91,4.444,0,0
CCN(CC)c1cc(C)nc2ncnn12,205.26,205.13,1.28,46.32,59.08,0.5,0.7569,15,0,5,3,2,2,0,5,88.76,0.357,0.254,4.31,0.664,9,0.6,0,0,0,0,2,2,0,0,0,457.781,2.612,3978.829,-1.65,9.888,3.842,1.646,0,0
CCN(CCO)CCCC(C)Nc1ccnc2cc(Cl)ccc12,335.88,335.18,3.78,48.39,98.27,0.5,0.7318,23,2,4,9,2,2,0,5,143.02,0.395,0.074,9.022,0.229,10,0.4348,0,0,0,0,1,1,0,0,0,620.238,1.914,148135.9,-1.36,17.986,9.062,5.342,1,1
CCN1CC(CCN2CCOCC2)C(c2ccccc2)(c2ccccc2)C1=O,378.52,378.23,3.17,32.78,111.28,0.4583,0.774,28,0,3,6,4,2,0,4,167.65,0.379,0.238,13.813,-0.592,12,0.4286,0,0,2,2,2,0,2,2,1,732.207,1.738,4438893.019,-2.17,19.16,8.458,3.357,1,1
CCN1CCCC1CNC(=O)c1cc(S(=O)(=O)CC)c(N)cc1OC,369.49,369.17,1.29,101.73,97.74,0.5882,0.7023,25,2,6,7,2,1,0,8,148.99,0.496,0.255,12.61,-3.522,6,0.24,0,0,1,1,1,0,1,1,1,733.654,2.241,372275.742,-1.8,19.524,8.053,4.244,1,1
CCN1CCCC1CNC(=O)c1cc(S(N)(=O)=O)ccc1OC,341.43,341.14,0.56,101.73,86.97,0.5333,0.7869,23,2,5,6,2,1,0,8,136.4,0.496,0.255,12.41,-3.871,6,0.2609,0,0,1,1,1,0,1,1,1,675.3,2.143,143168.999,-1.64,17.71,7.287,4.213,1,1
CCNC(C)Cc1cccc(C(F)(F)F)c1,231.26,231.12,3.25,12.03,58.29,0.5,0.8384,16,1,1,4,1,1,0,4,93.67,0.416,0.314,12.438,-4.253,6,0.375,0,0,0,0,0,0,0,0,0,333.281,2.751,2704.505,-1.03,13.037,5.344,3.85,1,1
CCO,46.07,46.04,0.0,20.23,12.76,1.0,0.4068,3,1,1,0,0,0,0,1,19.9,0.397,0.04,7.569,0.25,0,0.0,0,0,0,0,0,0,0,0,0,2.755,1.633,2.755,-0.04,2.96,1.96,1.96,0,0
CCOC(=O)C(C)(C)Oc1ccc(Cl)cc1,242.7,242.07,3.06,35.53,62.79,0.4167,0.7616,16,0,3,4,1,1,0,4,100.31,0.476,0.349,11.563,-0.996,6,0.375,0,0,0,0,0,0,0,0,0,357.032,2.715,2887.458,-1.22,12.848,5.212,3.418,0,0
CCOC(=O)C1(c2ccccc2)CCN(C)CC1,247.34,247.16,2.21,29.54,71.48,0.5333,0.767,18,0,3,3,2,1,0,3,108.74,0.465,0.316,12.386,-0.441,6,0.3333,0,0,1,1,1,0,1,1,0,394.214,2.313,14384.074,-1.35,13.09,5.528,2.411,0,0
CCOC(=O)C1(c2ccccc2)CCN(CCC(O)c2ccccc2)CC1,367.49,367.21,3.71,49.77,106.45,0.4348,0.7582,27,1,4,7,3,2,0,4,161.33,0.465,0.316,12.798,-0.55,12,0.4444,0,0,1,1,1,0,1,1,0,708.918,1.617,1660672.82,-2.17,19.588,9.157,4.574,1,1
CCOC(=O)C1=C(C)NC(C)=C(C(=O)OC)C1c1cccc(Cl)c1Cl,384.26,383.07,3.96,64.63,96.39,0.3333,0.7964,25,1,5,4,2,1,0,7,156.13,0.466,0.336,12.581,-0.737,6,0.24,0,0,1,0,1,0,1,0,0,783.281,2.739,278594.419,-1.98,19.346,7.933,3.673,1,1
CCOC(=O)C1=C(C)NC(C)=C(C(=O)OC)C1c1cccc([N+](=O)[O-])c1,360.37,360.13,2.57,107.77,93.02,0.3333,0.4882,26,1,7,5,2,1,0,8,150.18,0.466,0.336,12.546,-0.831,6,0.2308,1,1,1,0,1,0,1,0,0,824.725,2.699,458211.614,-3.16,19.169,7.814,3.584,1,1
CCOC(=O)C1=C(C)NC(C)=C(C(=O)OCC)C1c1ccccc1/C=C/C(=O)OC(C)(C)C,455.55,455.23,4.4,90.93,125.86,0.4231,0.3701,33,1,7,7,2,1,0,7,195.03,0.463,0.336,12.972,-0.733,6,0.1818,0,0,1,0,1,0,1,0,0,969.854,2.645,9159697.411,-3.35,25.907,10.987,6.57,0,0
CCOC(=O)C1=C(COCCN)NC(C)=C(C(=O)OC)C1c1ccccc1Cl,408.88,408.15,2.27,99.88,105.58,0.4,0.5023,28,2,7,8,2,1,0,8,169.01,0.466,0.336,12.881,-0.752,6,0.2143,0,0,1,0,1,0,1,0,0,803.541,2.674,1412967.224,-2.35,21.945,10.264,4.729,1,1
CCOC(=O)C1=C[C@]2(CC)CCCN3CCc4c(n1c1ccccc41)[C@@H]32,350.46,350.2,4.15,34.47,102.82,0.5,0.7802,26,0,4,3,5,2,0,4,153.97,0.461,0.354,12.921,-0.19,9,0.3462,0,0,3,1,4,1,3,1,0,925.61,1.849,1770055.139,-2.07,16.129,5.714,1.964,2,0
CCOC(=O)CN[C@@H](C(=O)N1CC[C@H]1C(=O)NCc1ccc(/C(N)=N/O)cc1)C1CCCCC1,473.57,473.26,1.1,146.35,125.92,0.5833,0.1308,34,4,7,10,3,1,0,10,199.43,0.465,0.319,13.402,-0.514,6,0.1765,0,0,2,2,1,0,1,1,2,882.245,1.577,29550082.518,-3.14,25.482,12.358,6.466,2,0
CCOC(=O)Nc1ccc(NCc2ccc(F)cc2)nc1N,304.33,304.13,2.98,89.27,83.02,0.2,0.7899,22,3,5,5,2,2,0,7,127.05,0.45,0.411,12.812,-0.581,12,0.5455,0,0,0,0,1,1,0,0,1,646.491,1.965,86712.511,-2.83,15.557,7.256,4.338,0,0
CCOC(=O)Nc1ccc2c(c1)N(C(=O)CCN1CCOCC1)c1ccccc1S2,427.53,427.16,4.11,71.11,116.67,0.3636,0.7745,30,1,6,5,4,2,0,8,179.87,0.45,0.411,13.349,-0.508,12,0.4,0,0,2,1,2,0,2,1,2,930.349,1.593,8417707.395,-2.55,20.712,9.507,4.61,0,0
CCOC(=O)[C@H](CCc1ccccc1)N[C@@H](C)C(=O)N(CC(=O)O)C1Cc2ccccc2C1,452.55,452.23,2.61,95.94,124.77,0.4231,0.5091,33,2,5,11,3,2,0,7,194.29,0.48,0.323,13.355,-1.058,12,0.3636,0,0,1,0,0,0,0,0,1,937.164,1.697,25843817.232,-3.19,24.452,11.609,6.648,2,0
CCOC(=O)[C@H](CCc1ccccc1)N[C@@H](C)C(=O)N1CCC[C@H]1C(=O)O,376.45,376.2,1.6,95.94,100.15,0.55,0.6358,27,2,5,9,2,1,0,7,159.24,0.48,0.326,12.698,-0.987,6,0.2222,0,0,1,1,1,0,1,1,1,649.032,2.007,1167133.725,-2.41,20.897,10.061,5.787,3,0
CCOC(=O)[C@H](CCc1ccccc1)N[C@@H](C)C(=O)N1Cc2ccccc2C[C@H]1C(=O)O,438.52,438.22,2.57,95.94,119.9,0.4,0.5845,32,2,5,9,3,2,0,7,187.93,0.48,0.326,13.261,-1.036,12,0.375,0,0,1,0,1,0,1,0,1,946.358,1.72,13770099.017,-3.19,23.473,10.907,5.734,3,0
CCOC(=O)[C@H](CCc1ccccc1)N[C@@H](C)C(=O)N1[C@H](C(=O)O)C[C@@H]2CCC[C@@H]21,416.52,416.23,2.38,95.94,111.8,0.6087,0.6003,30,2,5,9,3,1,0,7,177.33,0.48,0.326,13.241,-0.948,6,0.2,0,0,2,2,1,0,1,1,1,753.22,1.682,6461476.064,-2.41,22.279,10.067,5.007,5,0
CCOC(=O)[C@H](CCc1ccccc1)N[C@@H](C)C(=O)N1[C@H](C(=O)O)C[C@H]2CCCC[C@@H]21,430.55,430.25,2.77,95.94,116.41,0.625,0.5851,31,2,5,9,3,1,0,7,183.69,0.48,0.326,13.353,-0.944,6,0.1935,0,0,2,2,1,0,1,1,1,768.493,1.696,10010552.554,-2.41,23.257,10.754,5.642,5,0
CCOC(=O)[C@H](CCc1ccccc1)N[C@H]1CCCN2CCC[C@@H](C(=O)O)N2C1=O,417.51,417.23,1.6,99.18,110.42,0.5909,0.6199,30,2,6,8,3,1,0,8,176.69,0.48,0.328,13.291,-0.986,6,0.2,0,0,2,2,2,0,2,2,1,741.548,1.735,5816449.964,-2.45,22.24,10.541,5.37,3,0
CCOC(=O)[C@H](CCc1ccccc1)N[C@H]1CCc2ccccc2N(CC(=O)O)C1=O,424.5,424.2,2.57,95.94,116.86,0.375,0.601,31,2,5,9,3,2,0,7,181.56,0.48,0.323,13.282,-1.088,12,0.3871,0,0,1,0,1,0,1,0,1,915.195,1.795,9162357.453,-3.19,22.494,10.724,5.917,2,0
CCOC(=O)[N-]c1c[n+](N2CCOCC2)no1,242.23,242.1,0.09,82.78,55.51,0.6667,0.6985,17,0,6,3,2,1,0,8,98.01,0.552,0.257,11.078,-0.683,5,0.2941,1,1,1,1,2,1,1,1,1,374.828,1.926,11787.737,-1.83,11.649,5.484,3.064,0,0
CCOC(=O)c1ncn2c1CN(C)C(=O)c1cc(F)ccc1-2,303.29,303.1,1.77,64.43,75.28,0.2667,0.7932,22,0,5,2,3,2,0,7,125.67,0.461,0.358,13.468,-0.539,11,0.5,0,0,1,0,2,1,1,0,1,769.388,2.197,119729.997,-2.7,14.246,5.25,2.144,0,0
CCOC(=O)n1ccn(C)c1=S,186.24,186.05,1.56,36.16,46.66,0.4286,0.6243,12,0,5,1,1,1,0,5,75.37,0.449,0.42,11.14,-0.428,5,0.4167,0,0,0,0,1,1,0,0,0,339.421,2.96,570.076,-1.1,8.992,3.532,1.555,0,0
CCOc1cc(CC(=O)N[C@@H](CC(C)C)c2ccccc2N2CCCCC2)ccc1C(=O)O,452.6,452.27,5.22,78.87,131.12,0.4815,0.5167,33,2,4,10,3,2,0,6,196.5,0.493,0.339,13.071,-1.041,12,0.3636,0,0,1,1,1,0,1,1,1,950.888,1.796,20588512.495,-3.02,24.619,11.73,6.732,1,0
CCOc1ccc(/C=C2\NCCc3cc(OCC)c(OCC)cc32)cc1OCC,397.52,397.23,4.93,48.95,117.14,0.4167,0.6504,29,1,5,9,3,2,0,5,173.18,0.49,0.161,5.831,0.596,12,0.4138,0,0,1,0,1,0,1,0,0,860.199,1.995,3770886.187,-2.82,20.903,10.099,4.969,0,0
CCOc1ccc(NC(C)=O)cc1,179.22,179.09,2.04,38.33,51.91,0.3,0.7707,13,1,2,3,1,1,0,3,77.72,0.494,0.221,10.681,-0.066,6,0.4615,0,0,0,0,0,0,0,0,1,279.481,2.636,831.114,-1.51,9.577,4.5,3.151,0,0
CCOc1ccc2ccccc2c1C(=O)N[C@@H]1C(=O)N2[C@@H](C(=O)O)C(C)(C)S[C@H]12,414.48,414.12,2.48,95.94,110.1,0.381,0.7301,29,2,5,5,4,2,0,8,171.94,0.493,0.327,13.181,-1.032,10,0.3448,0,0,2,2,2,0,2,2,2,1021.299,1.64,2994610.523,-2.74,19.571,6.947,3.021,3,0
CCOc1ccccc1OCC1CNCCO1,237.3,237.14,1.45,39.72,65.72,0.5385,0.8412,17,1,4,5,2,1,0,4,101.87,0.49,0.161,5.739,0.124,6,0.3529,0,0,1,1,1,0,1,1,0,337.191,1.883,11008.152,-1.26,12.204,6.469,3.611,1,1
CCOc1ccccc1OCCN[C@H](C)Cc1ccc(OC)c(S(N)(=O)=O)c1,408.52,408.17,2.34,99.88,108.64,0.4,0.5538,28,2,6,11,2,2,0,8,166.4,0.495,0.241,11.726,-3.842,12,0.4286,0,0,0,0,0,0,0,0,0,870.65,1.871,1280402.687,-2.29,22.004,10.308,6.4,1,0
CCOc1ccccc1O[C@H](c1ccccc1)[C@H]1CNCCO1,313.4,313.17,3.19,39.72,90.03,0.3684,0.8889,23,1,4,6,3,2,0,4,136.93,0.49,0.162,6.334,-0.175,12,0.5217,0,0,1,1,1,0,1,1,0,596.574,1.865,287746.953,-2.04,15.84,7.994,4.032,2,0
CCOc1nc2cccc(C(=O)O)c2n1Cc1ccc(-c2ccccc2-c2nnn[nH]2)cc1,440.46,440.16,4.03,118.81,122.01,0.125,0.3921,33,2,7,7,5,5,0,9,188.23,0.478,0.337,11.819,-1.001,26,0.7879,0,0,0,0,2,2,0,0,0,1424.914,1.525,64441627.147,-4.53,20.377,8.541,3.801,0,0
CCP(CC)(CC)=[Au]S[C@@H]1O[C@H](COC(C)=O)[C@@H](OC(C)=O)[C@H](OC(C)=O)[C@H]1OC(C)=O,678.49,678.13,2.79,114.43,118.09,0.8,0.148,32,0,10,10,1,0,0,12,200.56,,,11.894,-1.141,0,0.0,0,0,1,1,1,0,1,1,0,725.563,3.441,4343307.673,-0.64,29.392,13.92,8.952,5,0
CCS(=O)(=O)CCn1c([N+](=O)[O-])cnc1C,247.28,247.06,0.53,95.1,57.95,0.625,0.5585,16,0,6,5,1,1,0,8,93.17,0.358,0.342,11.283,-3.126,5,0.3125,1,1,0,0,1,1,0,0,0,491.382,2.892,3179.291,-1.44,12.629,4.602,2.783,0,0
CC[C@@H](C(N)=O)N1CCCC1=O,170.21,170.11,-0.13,63.4,44.22,0.75,0.641,12,1,2,3,1,0,0,4,71.71,0.368,0.24,11.197,-0.396,0,0.0,0,0,1,1,1,0,1,1,2,203.235,2.647,584.564,-1.06,9.031,3.559,1.571,1,0
CC[C@@H](CO)NCCN[C@@H](CC)CO,204.31,204.18,-0.29,64.52,58.34,1.0,0.3897,14,4,4,9,0,0,0,4,86.71,0.395,0.058,8.904,0.188,0,0.0,0,0,0,0,0,0,0,0,0,100.69,3.348,1217.454,-0.16,13.84,9.397,6.317,2,0
CC[C@@]1(O)C(=O)OCc2c1cc1n(c2=O)Cc2cc3c(CN(C)C)c(O)ccc3nc2-1,421.45,421.16,1.85,104.89,113.58,0.3478,0.4865,31,2,8,3,5,3,0,8,177.88,0.508,0.343,13.23,-1.841,16,0.5161,0,0,2,0,4,2,2,0,0,1327.262,1.749,12269942.158,-3.23,19.717,6.633,2.716,1,0
CC[C@H](C)C(=O)O[C@H]1C[C@@H](C)C=C2C=C[C@H](C)[C@H](CC[C@@H]3C[C@@H](O)CC(=O)O3)[C@H]21,404.55,404.26,4.2,72.83,110.84,0.75,0.672,29,1,5,6,3,0,0,5,174.08,0.462,0.308,12.544,-0.597,0,0.0,0,0,3,1,1,0,1,1,0,666.182,1.74,2389463.979,-1.62,22.074,9.461,5.302,8,0
CC[C@H](C)C(=O)O[C@H]1C[C@H](O)C=C2C=C[C@H](C)[C@H](CC[C@@H](O)C[C@@H](O)CC(=O)O)[C@H]21,424.53,424.25,2.44,124.29,111.44,0.7391,0.3971,30,4,6,10,2,0,0,7,177.99,0.481,0.308,12.43,-1.095,0,0.0,0,0,2,0,0,0,0,0,0,655.937,2.09,2487572.54,-1.7,24.568,11.071,6.654,8,0
CC[C@H]1OC(=O)[C@H](C)C(=O)[C@H](C)[C@@H](O[C@@H]2O[C@H](C)C[C@H](N(C)C)[C@H]2O)[C@](C)(OC)C[C@@H](C)C(=O)[C@H](C)[C@H]2N(CCCCn3cnc(-c4cccnc4)c3)C(=O)O[C@]12C,812.02,811.47,4.93,171.85,214.25,0.7209,0.1843,58,1,14,11,5,2,0,15,342.63,0.458,0.41,14.707,-1.401,11,0.1897,0,0,3,3,5,2,3,3,1,1740.315,1.433,2859184098270.078,-3.76,45.327,18.66,9.331,13,0
CC[C@H]1OC(=O)[C@H](C)[C@@H](O[C@H]2C[C@@](C)(OC)[C@@H](O)[C@H](C)O2)[C@H](C)[C@@H](O[C@@H]2O[C@H](C)C[C@H](N(C)C)[C@H]2O)[C@](C)(O)C[C@@H](C)C(=NOCOCCOC)[C@H](C)[C@@H](O)[C@]1(C)O,837.06,836.52,2.21,216.89,212.47,0.9512,0.0778,58,5,17,13,3,0,0,17,345.08,0.459,0.311,14.323,-1.967,0,0.0,0,0,3,3,3,0,3,3,0,1303.813,2.22,814413428747.856,-1.58,50.774,21.476,12.072,18,0
CC[C@H]1OC(=O)[C@H](C)[C@@H](O[C@H]2C[C@@](C)(OC)[C@@H](O)[C@H](C)O2)[C@H](C)[C@@H](O[C@@H]2O[C@H](C)C[C@H](N(C)C)[C@H]2O)[C@](C)(O)C[C@@H](C)C(=O)[C@H](C)[C@@H](O)[C@]1(C)O,733.94,733.46,1.79,193.91,186.26,0.9459,0.2379,51,5,14,7,3,0,0,14,303.59,0.459,0.311,14.073,-1.994,0,0.0,0,0,3,3,3,0,3,3,0,1167.298,2.183,26903252120.267,-1.3,44.099,17.014,9.506,18,0
CC[C@H]1OC(=O)[C@H](C)[C@@H](O[C@H]2C[C@@](C)(OC)[C@@H](O)[C@H](C)O2)[C@H](C)[C@@H](O[C@@H]2O[C@H](C)C[C@H](N(C)C)[C@H]2O)[C@](C)(O)C[C@@H](C)CN(C)[C@H](C)[C@@H](O)[C@]1(C)O,749.0,748.51,1.9,180.08,194.18,0.9737,0.2385,52,5,14,7,3,0,0,14,311.56,0.459,0.311,14.198,-1.799,0,0.0,0,0,3,3,3,0,3,3,0,1143.3,2.175,41580665866.423,-1.01,45.38,17.847,10.043,18,0
CC[C@H]1OC(=O)[C@H](C)[C@@H](O[C@H]2C[C@@](C)(OC)[C@@H](O)[C@H](C)O2)[C@H](C)[C@@H](O[C@@H]2O[C@H](C)C[C@H](N(C)C)[C@H]2O)[C@](C)(O)C[C@@H](C)[C@@H]2N[C@@H](COCCOC)O[C@H]([C@H]2C)[C@]1(C)O,835.09,834.55,2.2,196.33,213.52,0.9762,0.1417,58,5,16,12,4,0,0,16,346.35,0.459,0.311,14.506,-1.638,0,0.0,0,0,4,4,4,0,4,4,0,1292.255,1.833,1088369865313.99,-1.09,49.564,20.397,11.099,20,0
CC[C@H]1OC(=O)[C@H](C)[C@@H](O[C@H]2C[C@@](C)(OC)[C@@H](O)[C@H](C)O2)[C@H](C)[C@@H](O[C@@H]2O[C@H](C)C[C@H](N(C)C)[C@H]2O)[C@](C)(OC)C[C@@H](C)C(=O)[C@H](C)[C@@H](O)[C@]1(C)O,747.96,747.48,2.44,182.91,191.05,0.9474,0.2658,52,4,14,8,3,0,0,14,310.28,0.459,0.311,14.174,-1.965,0,0.0,0,0,3,3,3,0,3,3,0,1187.576,2.222,47935039872.769,-1.3,45.092,17.659,9.378,18,0
CC[C@]12CCCN3CCc4c(n(c5ccccc45)[C@@](O)(C(=O)OC)C1)[C@@H]32,354.45,354.19,2.95,54.7,98.74,0.5714,0.8427,26,1,5,2,5,2,0,5,153.09,0.465,0.359,12.83,-1.63,9,0.3462,0,0,3,1,4,1,3,1,0,904.038,1.894,1527970.639,-1.85,16.333,5.333,1.802,3,0
CC[N+](C)(C)C(C)CC(c1ccccc1)c1ccccc1,282.45,282.22,4.69,0.0,91.46,0.4,0.6741,21,0,0,6,2,2,1,1,129.38,0.326,0.087,2.377,0.478,12,0.5714,1,0,0,0,0,0,0,0,0,490.78,2.298,58217.561,-1.6,15.783,6.907,3.949,1,1
CC[N+](C)(C)Cc1ccccc1Br,243.17,242.05,3.05,0.0,60.5,0.4545,0.7156,13,0,0,3,1,1,1,2,89.09,0.325,0.105,3.568,1.03,6,0.4615,1,0,0,0,0,0,0,0,0,281.174,2.8,716.585,-0.34,10.739,4.248,3.125,0,0
CC[N+](C)(C)c1cccc(O)c1,166.24,166.12,1.98,20.23,52.29,0.4,0.666,12,1,1,2,1,1,1,2,73.66,0.508,0.136,9.262,0.34,6,0.5,1,0,0,0,0,0,0,0,0,268.296,3.027,445.817,-1.02,9.071,3.152,1.769,0,0
CC[N+]1(C)[C@H]2C[C@H](OC(=O)[C@H](CO)c3ccccc3)C[C@@H]1[C@H]1O[C@@H]21,332.42,332.19,1.45,59.06,88.35,0.6316,0.5037,24,1,4,5,4,1,1,5,142.31,0.461,0.316,12.582,-0.594,6,0.25,1,0,3,3,3,0,3,3,0,601.053,1.445,611399.524,-1.43,16.061,5.829,2.377,7,1
CCc1c2c(nc3ccc(OC(=O)N4CCC(N5CCCCC5)CC4)cc13)-c1cc3c(c(=O)n1C2)COC(=O)[C@]3(O)CC,586.69,586.28,4.09,114.2,159.95,0.5152,0.356,43,1,9,4,7,3,0,10,249.76,0.458,0.415,13.581,-1.864,16,0.3721,0,0,4,2,6,2,4,2,1,1685.12,1.163,8813764337.668,-3.76,28.036,10.749,4.535,1,0
CCc1ccc(CCOc2ccc(CC3SC(=O)NC3=O)cc2)nc1,356.45,356.12,3.16,68.29,97.88,0.3158,0.8253,25,1,5,7,3,2,0,6,150.73,0.493,0.286,11.589,-0.337,12,0.48,0,0,1,1,2,1,1,1,2,744.269,1.469,630076.079,-2.34,17.482,8.16,4.824,1,1
CCc1cccc2c3c([nH]c12)C(CC)(CC(=O)O)OCC3,287.36,287.15,3.38,62.32,81.55,0.4706,0.9058,21,2,2,4,3,2,0,4,123.67,0.481,0.306,11.286,-0.82,9,0.4286,0,0,1,0,2,1,1,0,0,688.645,2.237,82265.477,-1.81,14.141,5.187,2.141,1,1
CCc1cccc2cc(C(O)CNC(C)(C)C)oc12,261.36,261.17,3.42,45.4,78.31,0.5,0.8861,19,2,3,4,2,2,0,3,114.17,0.458,0.137,10.192,-0.615,9,0.4737,0,0,0,0,1,1,0,0,0,551.365,2.21,19605.316,-1.32,14.097,5.352,3.366,1,1
CCc1nc(N)nc(N)c1-c1ccc(Cl)cc1,248.72,248.08,2.52,77.82,70.68,0.1667,0.8561,17,2,4,2,2,2,0,5,104.64,0.383,0.222,5.904,0.206,12,0.7059,0,0,0,0,1,1,0,0,0,536.947,2.614,7328.294,-1.81,11.669,4.591,2.313,0,0
CCc1nn(CCCN2CCN(c3cccc(Cl)c3)CC2)c(=O)n1CCOc1ccccc1,470.02,469.22,3.55,55.53,132.52,0.44,0.4542,33,0,7,10,4,3,0,8,199.69,0.492,0.346,12.877,-0.047,17,0.5152,0,0,1,1,2,1,1,1,0,1073.901,1.243,42835786.717,-2.77,23.39,11.387,6.178,0,0
CCn1cc(C(=O)O)c(=O)c2cc(F)c(N3CCN(C)CC3)cc21,333.36,333.15,1.61,65.78,90.51,0.4118,0.9244,24,1,5,3,3,2,0,7,138.26,0.477,0.341,14.599,-1.298,10,0.4167,0,0,1,1,2,1,1,1,0,854.26,2.183,254288.588,-2.41,16.448,6.238,2.753,0,0
CCn1cc(C(=O)O)c(=O)c2cc(F)c(N3CCNC(C)C3)c(F)c21,351.35,351.14,1.8,74.57,90.44,0.4118,0.882,25,2,5,3,3,2,0,8,142.21,0.477,0.341,15.193,-1.421,10,0.4,0,0,1,1,2,1,1,1,0,910.372,2.309,366305.801,-2.48,17.347,6.437,2.863,1,1
CCn1cc(C(=O)O)c(=O)c2cc(F)c(N3CCNCC3)cc21,319.34,319.13,1.27,74.57,85.88,0.375,0.891,23,2,5,3,3,2,0,7,131.68,0.477,0.341,14.495,-1.3,10,0.4348,0,0,1,1,2,1,1,1,0,825.411,2.244,179503.578,-2.41,15.484,6.0,2.676,0,0
CCn1cc(C(=O)O)c(=O)c2cc(F)c(N3CCNCC3)nc21,320.32,320.13,0.66,87.46,83.68,0.4,0.8639,23,2,6,3,3,2,0,8,130.9,0.477,0.341,14.432,-1.328,10,0.4348,0,0,1,1,3,2,1,1,0,827.562,2.244,179503.578,-2.48,15.417,5.959,2.653,0,0
CN(C)C(=N)NC(=N)N,129.17,129.1,-1.03,88.99,36.46,0.5,0.2488,9,4,2,0,0,0,0,5,53.85,0.37,0.197,7.068,-0.214,0,0.0,0,0,0,0,0,0,0,0,0,126.92,3.644,60.472,-1.26,7.74,2.907,3.333,0,0
CN(C)C(=O)C(CCN1CCC(O)(c2ccc(Cl)cc2)CC1)(c1ccccc1)c1ccccc1,477.05,476.22,5.09,43.78,138.0,0.3448,0.5163,34,1,3,7,4,3,0,5,207.33,0.385,0.237,13.811,-0.837,18,0.5294,0,0,1,1,1,0,1,1,1,1036.633,1.573,48514276.687,-2.66,24.464,10.306,4.901,0,0
CN(C)C(=O)Oc1ccc[n+](C)c1,181.21,181.1,0.57,33.42,47.33,0.3333,0.5934,13,0,2,1,1,1,1,4,77.36,0.414,0.404,11.118,-0.369,6,0.4615,1,0,0,0,1,1,0,0,1,310.238,2.693,726.584,-1.58,9.508,3.889,2.74,0,0
CN(C)C(=O)Oc1cccc([N+](C)(C)C)c1,223.3,223.14,1.94,29.54,65.72,0.4167,0.7171,16,0,2,2,1,1,1,4,96.63,0.414,0.41,11.372,-0.362,6,0.375,1,0,0,0,0,0,0,0,1,380.85,2.875,2433.189,-1.55,12.519,4.531,3.239,0,0
CN(C)CC(Oc1ccccc1)Oc1ccccc1,257.33,257.14,3.03,21.7,76.48,0.25,0.7424,19,0,3,6,2,2,0,3,113.94,0.454,0.253,5.865,-0.334,12,0.6316,0,0,0,0,0,0,0,0,0,429.122,2.035,23920.765,-2.0,13.432,6.805,4.639,0,0
CN(C)CC/C=C1/c2ccccc2Sc2ccc(Cl)cc21,315.87,315.08,5.19,3.24,92.27,0.2222,0.6542,21,0,2,3,3,2,0,3,135.17,0.309,0.041,6.209,0.798,12,0.5714,0,0,1,0,1,0,1,0,0,691.368,2.063,72649.16,-1.22,14.706,6.266,3.18,0,0
CN(C)CCC(c1ccc(Cl)cc1)c1ccccn1,274.8,274.12,3.82,16.13,80.7,0.3125,0.824,19,0,2,5,2,2,0,3,119.6,0.309,0.048,5.966,0.32,12,0.6316,0,0,0,0,1,1,0,0,0,493.917,2.258,22742.87,-1.38,14.038,6.69,4.049,1,1
CN(C)CCC(c1ccccc1)c1ccccn1,240.35,240.16,3.17,16.13,75.69,0.3125,0.7977,18,0,2,5,2,2,0,2,109.29,0.309,0.048,4.515,0.384,12,0.6667,0,0,0,0,1,1,0,0,0,411.538,2.236,16001.465,-1.67,12.778,6.313,3.409,1,1
CN(C)CCC=C1c2ccccc2C=Cc2ccccc21,275.4,275.17,4.55,3.24,92.06,0.2,0.6774,21,0,1,3,3,2,0,1,126.78,0.309,0.001,2.38,1.061,12,0.5714,0,0,1,0,0,0,0,0,0,640.99,2.101,89136.523,-2.12,13.844,6.108,2.983,0,0
CN(C)CCC=C1c2ccccc2CCc2ccccc21,277.41,277.18,4.17,3.24,90.54,0.3,0.8137,21,0,1,3,3,2,0,1,127.47,0.309,0.001,2.42,1.088,12,0.5714,0,0,1,0,0,0,0,0,0,602.893,2.066,89136.523,-1.86,14.093,6.276,3.085,0,0
CN(C)CCC=C1c2ccccc2COc2ccccc21,279.38,279.16,3.96,12.47,87.47,0.2632,0.8429,21,0,2,3,3,2,0,2,126.22,0.488,0.127,5.981,0.637,12,0.5714,0,0,1,0,1,0,1,0,0,608.621,2.066,89136.523,-2.06,13.902,6.147,3.006,0,0
CN(C)CCCC1(c2ccc(F)cc2)OCc2cc(C#N)ccc21,324.4,324.16,3.81,36.26,90.91,0.35,0.8389,24,0,3,5,3,2,0,4,141.83,0.361,0.123,13.367,-0.562,12,0.5,0,0,1,0,1,0,1,0,0,764.199,2.018,348132.585,-2.22,16.631,6.721,3.056,1,1
CN(C)CCCN1c2ccccc2CCc2ccc(Cl)cc21,314.86,314.15,4.53,6.48,95.48,0.3684,0.8179,22,0,2,4,3,2,0,3,137.86,0.341,0.046,6.272,0.816,12,0.5455,0,0,1,0,1,0,1,0,0,651.633,1.984,125552.116,-1.51,15.388,6.72,3.286,0,0
CN(C)CCCN1c2ccccc2CCc2ccccc21,280.42,280.19,3.88,6.48,90.47,0.3684,0.8385,21,0,2,4,3,2,0,2,127.56,0.341,0.044,2.515,1.076,12,0.5714,0,0,1,0,1,0,1,0,0,556.52,1.946,89136.523,-1.8,14.151,6.315,3.108,0,0
CN(C)CCCN1c2ccccc2Sc2ccc(Cl)cc21,318.87,318.1,4.89,6.48,92.19,0.2941,0.7918,21,0,3,4,3,2,0,4,135.25,0.34,0.057,6.209,0.798,12,0.5714,0,0,1,0,1,0,1,0,0,642.437,1.944,72649.16,-1.16,14.764,6.304,3.203,0,0
CN(C)CCCOC1(Cc2ccccc2)CCCCCC1,289.46,289.24,4.29,12.47,89.7,0.6842,0.5482,21,0,2,7,2,1,0,2,130.04,0.375,0.072,6.478,0.087,6,0.2857,0,0,1,1,0,0,0,0,0,379.813,1.957,65792.912,-0.86,16.509,8.551,5.799,0,0
CN(C)CCCOc1nn(Cc2ccccc2)c2ccccc12,309.41,309.18,3.42,30.29,93.94,0.3158,0.6266,23,0,4,7,3,3,0,4,136.84,0.476,0.24,5.929,0.685,15,0.6522,0,0,0,0,1,1,0,0,0,749.656,1.791,265602.657,-2.33,15.561,7.289,3.903,0,0
CN(C)CCN(Cc1cccs1)c1ccccn1,261.39,261.13,2.71,19.37,78.16,0.3571,0.7968,18,0,4,6,2,2,0,4,112.69,0.35,0.128,4.45,0.933,11,0.6111,0,0,0,0,2,2,0,0,0,439.327,2.073,19544.867,-1.39,13.051,6.518,3.822,0,0
CN(C)CCOC(c1ccccc1)c1ccccc1,255.36,255.16,3.35,12.47,79.23,0.2941,0.7846,19,0,2,6,2,2,0,2,115.19,0.367,0.108,6.083,0.016,12,0.6316,0,0,0,0,0,0,0,0,0,427.635,2.145,26276.551,-1.64,13.784,7.073,4.194,0,0
CN(C)CCOC1=Cc2ccccc2Sc2ccc(Cl)cc21,331.87,331.08,4.88,12.47,94.39,0.2222,0.7918,22,0,3,4,3,2,0,4,140.28,0.492,0.128,6.191,0.65,12,0.5455,0,0,1,0,1,0,1,0,0,711.983,2.0,121613.568,-1.42,15.475,6.778,3.487,0,0
CN(C)CCOc1ccc(/C(=C(/CCCl)c2ccccc2)c2ccccc2)cc1,405.97,405.19,6.22,12.47,124.63,0.2308,0.3095,29,0,2,9,3,3,0,3,178.95,0.492,0.119,6.215,0.576,18,0.6207,0,0,0,0,0,0,0,0,0,902.458,2.021,4344521.043,-2.55,21.166,10.848,5.962,0,0
CN(C)CCc1c[nH]c2ccc(CS(=O)(=O)N3CCCC3)cc12,335.47,335.17,2.2,56.41,93.99,0.5294,0.8803,23,1,3,6,3,2,0,6,137.88,0.361,0.218,12.488,-3.188,9,0.3913,0,0,1,1,2,1,1,1,0,774.232,1.824,219835.223,-1.37,16.486,6.629,3.761,0,0
CN(C)CCc1c[nH]c2ccc(C[C@H]3COC(=O)N3)cc12,287.36,287.16,1.92,57.36,82.53,0.4375,0.8831,21,2,3,5,3,2,0,5,123.82,0.447,0.407,11.075,-0.311,9,0.4286,0,0,1,1,2,1,1,1,1,648.01,1.774,92019.765,-2.01,13.95,5.774,3.187,1,0
CN(C)CCc1c[nH]c2ccc(Cn3cncn3)cc12,269.35,269.16,1.91,49.74,79.68,0.3333,0.7695,20,1,4,5,3,3,0,5,117.79,0.361,0.137,4.152,0.758,14,0.7,0,0,0,0,2,2,0,0,0,681.432,1.863,66536.965,-2.14,12.872,5.464,2.723,0,0
CN(C)Cc1nnc2n1-c1ccc(Cl)cc1C(c1ccccc1)=NC2,351.84,351.13,3.33,46.31,99.55,0.2105,0.7268,25,0,5,3,4,3,0,6,151.15,0.302,0.159,6.304,0.483,17,0.68,0,0,1,0,2,1,1,0,0,943.703,1.935,742446.373,-2.5,15.995,6.425,2.966,0,0
CN(C)S(=O)(=O)c1ccc2c(c1)N(CCCN1CCC(CCO)CC1)c1ccccc1S2,475.68,475.2,4.02,64.09,130.37,0.5,0.6221,32,1,6,8,4,2,0,8,195.81,0.396,0.242,12.742,-3.487,12,0.375,0,0,2,1,2,0,2,1,0,1034.535,1.514,17342667.084,-1.58,23.574,10.135,4.993,0,0
CN(C)[C@@H]1C(O)=C(C(N)=O)C(=O)[C@@]2(O)C(O)=C3C(=O)c4c(O)ccc(Cl)c4[C@@H](O)[C@H]3C[C@@H]12,464.86,464.1,0.26,181.62,109.94,0.381,0.3343,32,6,9,2,4,1,0,11,186.37,0.51,0.255,13.265,-2.765,6,0.1875,0,0,3,0,0,0,0,0,1,1156.699,2.022,8230700.669,-2.92,22.28,7.041,2.605,5,0
CN(C)[C@@H]1C(O)=C(C(N)=O)C(=O)[C@@]2(O)C(O)=C3C(=O)c4c(O)ccc(Cl)c4[C@@](C)(O)[C@H]3C[C@@H]12,478.89,478.11,0.44,181.62,114.55,0.4091,0.3283,33,6,9,2,4,1,0,11,192.73,0.51,0.255,13.407,-2.783,6,0.1818,0,0,3,0,0,0,0,0,1,1201.021,2.066,10976432.092,-2.92,23.245,7.038,2.749,5,0
CN(C)[C@@H]1C(O)=C(C(N)=O)C(=O)[C@@]2(O)C(O)=C3C(=O)c4c(O)cccc4[C@@](C)(O)[C@H]3C[C@@H]12,444.44,444.15,-0.21,181.62,109.54,0.4091,0.3361,32,6,9,2,4,1,0,10,182.43,0.51,0.255,13.314,-2.745,6,0.1875,0,0,3,0,0,0,0,0,1,1148.585,2.048,7541988.527,-3.21,22.001,6.644,2.478,5,0
CN(C)[C@@H]1C(O)=C(C(N)=O)C(=O)[C@@]2(O)C(O)=C3C(=O)c4c(O)cccc4[C@@](C)(O)[C@H]3[C@H](O)[C@@H]12,460.44,460.15,-1.24,201.85,110.93,0.4091,0.2616,33,7,10,2,4,1,0,11,187.22,0.51,0.255,13.348,-3.023,6,0.1818,0,0,3,0,0,0,0,0,1,1182.307,2.103,11236188.576,-3.25,22.927,6.874,2.612,6,0
CN(C)c1ccc(O)c2c1C[C@H]1C[C@H]3[C@H](N(C)C)C(O)=C(C(N)=O)C(=O)[C@@]3(O)C(O)=C1C2=O,457.48,457.18,0.19,164.63,118.0,0.4348,0.3984,33,5,9,3,4,1,0,10,189.76,0.51,0.255,13.493,-2.626,6,0.1818,0,0,3,0,0,0,0,0,1,1166.831,1.977,12957846.498,-3.37,22.811,7.324,2.903,4,0
CN(CCCCCCN(C)C(=O)Oc1ccc[n+](C)c1)C(=O)Oc1ccc[n+](C)c1,416.52,416.24,2.46,66.84,111.01,0.4545,0.4653,30,0,4,9,2,2,2,8,177.8,0.415,0.404,12.114,-0.363,12,0.4,2,0,0,0,2,2,0,0,2,773.892,1.579,3508921.349,-3.16,23.122,11.748,8.065,0,0
CN(CCOc1ccc(CC2SC(=O)NC2=O)cc1)c1ccccn1,357.44,357.11,2.49,71.53,98.07,0.2778,0.8209,25,1,6,7,3,2,0,7,150.13,0.492,0.286,11.591,-0.341,12,0.48,0,0,1,1,2,1,1,1,2,736.991,1.462,630076.079,-2.54,17.288,8.024,4.728,1,1
CN(CCOc1ccc(NS(C)(=O)=O)cc1)CCc1ccc(NS(C)(=O)=O)cc1,441.58,441.14,1.98,104.81,116.51,0.3684,0.5525,29,2,6,11,2,2,0,10,172.54,0.492,0.229,11.218,-3.286,12,0.4138,0,0,0,0,0,0,0,0,0,989.145,1.71,1359743.141,-2.3,22.984,9.948,9.638,0,0
CN(Cc1cnc2nc(N)nc(N)c2n1)c1ccc(C(=O)N[C@@H](CCC(=O)O)C(=O)O)cc1,454.45,454.17,0.27,210.54,118.26,0.25,0.2947,33,5,10,9,3,3,0,13,187.03,0.481,0.326,12.37,-1.3,16,0.4848,0,0,0,0,2,2,0,0,1,1201.029,1.675,15580631.754,-4.55,23.12,9.72,5.782,1,0
CN(N=O)C(=O)N[C@H]1[C@@H](O)O[C@H](CO)[C@@H](O)[C@@H]1O,265.22,265.09,-2.89,151.92,55.86,0.875,0.271,18,5,8,3,1,0,0,10,101.71,0.394,0.34,11.303,-1.635,0,0.0,0,0,1,1,1,0,1,1,2,315.066,2.707,7908.625,-1.33,14.73,6.019,2.914,5,0
CN(c1nccc(=O)[nH]1)C1CCN(c2nc3ccccc3n2Cc2ccc(F)cc2)CC1,432.5,432.21,3.41,70.05,123.73,0.2917,0.5234,32,1,6,5,5,4,0,8,184.7,0.342,0.252,13.38,-0.232,21,0.6562,0,0,1,1,3,2,1,1,0,1273.644,1.38,33405218.51,-3.68,20.235,8.452,3.955,0,0
CN/C(=N/C#N)NCCSCc1nc[nH]c1C,252.35,252.12,0.6,88.89,69.6,0.5,0.3089,17,3,4,5,1,1,0,7,104.93,0.359,0.209,8.392,0.504,5,0.2941,0,0,0,0,1,1,0,0,0,405.174,2.152,8399.71,-1.68,13.385,7.57,4.782,0,0
CN1C(=O)C(O)N=C(c2ccccc2)c2cc(Cl)ccc21,300.75,300.07,2.47,52.9,82.95,0.125,0.8794,21,1,3,1,3,2,0,5,126.86,0.364,0.278,12.105,-1.42,12,0.5714,0,0,1,0,1,0,1,0,1,728.312,2.272,74196.397,-2.17,13.797,5.313,2.436,1,1
CN1C(=O)C(O)N=C(c2ccccc2Cl)c2cc(Cl)ccc21,335.19,334.03,3.13,52.9,87.96,0.125,0.8705,22,1,3,1,3,2,0,6,137.16,0.364,0.278,12.157,-1.484,12,0.5455,0,0,1,0,1,0,1,0,1,789.465,2.306,106439.894,-1.88,15.033,5.723,2.497,1,1
CN1C(=O)CN=C(c2ccccc2)c2cc(Cl)ccc21,284.75,284.07,3.15,32.67,81.81,0.125,0.7916,20,0,2,1,3,2,0,4,122.06,0.313,0.248,12.024,-0.028,12,0.6,0,0,1,0,1,0,1,0,1,694.878,2.23,50100.214,-2.13,12.881,5.098,2.208,0,0
CN1C(=O)CN=C(c2ccccc2F)c2cc([N+](=O)[O-])ccc21,313.29,313.09,2.55,75.81,83.41,0.125,0.6313,23,0,4,2,3,2,0,7,130.58,0.313,0.27,14.141,-0.536,12,0.5217,1,1,1,0,1,0,1,0,1,848.214,2.274,179383.083,-3.09,14.831,5.601,2.565,0,0
CN1C(=O)NC(=O)C(C)(C2=CCCCC2)C1=O,236.27,236.12,1.2,66.48,60.97,0.5833,0.5492,17,1,3,1,2,0,0,5,99.85,0.33,0.276,12.171,-1.205,0,0.0,0,0,2,1,1,0,1,1,4,427.467,2.4,6970.579,-1.65,11.824,3.98,1.656,1,1
CN1C(C(=O)Nc2ccccn2)=C(O)c2ccccc2S1(=O)=O,331.35,331.06,1.58,99.6,83.81,0.0667,0.8702,23,2,5,2,3,2,0,8,132.5,0.505,0.277,12.502,-3.906,12,0.5217,0,0,1,0,2,1,1,0,1,907.329,2.093,164390.103,-2.87,15.042,5.398,2.423,0,0
CN1C(C(=O)Nc2ccccn2)=C(O)c2sccc2S1(=O)=O,337.38,337.02,1.64,99.6,81.68,0.0769,0.8677,22,2,6,2,3,2,0,9,130.14,0.504,0.278,12.37,-3.852,11,0.5,0,0,1,0,3,2,1,0,1,871.7,2.061,123740.033,-2.39,14.543,5.109,2.143,0,0
CN1CCCC(n2nc(Cc3ccc(Cl)cc3)c3ccccc3c2=O)CC1,381.91,381.16,4.3,38.13,110.65,0.3636,0.6786,27,0,4,3,4,3,0,5,163.93,0.306,0.274,13.14,0.028,16,0.5926,0,0,1,1,2,1,1,1,0,996.606,1.788,2003166.755,-2.17,18.205,7.829,3.919,1,1
CN1CCC[C@@H]1CCO[C@](C)(c1ccccc1)c1ccc(Cl)cc1,343.9,343.17,5.1,12.47,100.57,0.4286,0.7227,24,0,2,6,3,2,0,3,149.94,0.366,0.115,6.482,-0.455,12,0.5,0,0,1,1,1,0,1,1,0,642.648,1.782,408006.005,-1.35,17.472,7.689,3.826,2,0
CN1CCC[C@@H]1Cc1c[nH]c2ccc(CCS(=O)(=O)c3ccccc3)cc12,382.53,382.17,3.82,53.17,109.85,0.3636,0.7051,27,1,3,6,4,3,0,5,160.68,0.361,0.178,12.541,-3.249,15,0.5556,0,0,1,1,2,1,1,1,0,1024.907,1.519,2292301.483,-2.11,18.262,7.486,3.942,1,0
CN1CCC[C@H]1c1cccnc1,162.24,162.12,1.85,16.13,48.84,0.5,0.6262,12,0,2,1,2,1,0,2,73.23,0.299,0.036,4.137,0.61,6,0.5,0,0,1,1,2,1,1,1,0,245.275,2.195,1072.901,-0.89,7.743,3.233,1.345,1,0
CN1CCN(C(=O)OC2c3nccnc3C(=O)N2c2ccc(Cl)cn2)CC1,388.82,388.11,1.57,91.76,96.38,0.3529,0.7705,27,0,7,2,4,2,0,10,160.07,0.419,0.412,12.832,-1.026,12,0.4444,0,0,2,1,4,2,2,1,2,869.227,1.631,1978765.974,-2.78,17.625,7.087,3.308,1,1
CN1CCN(C2=Nc3cc(Cl)ccc3Nc3ccccc32)CC1,326.83,326.13,3.72,30.87,96.44,0.2778,0.8001,23,1,4,0,4,2,0,5,140.93,0.353,0.138,6.177,0.706,12,0.5217,0,0,2,1,2,0,2,1,0,763.367,1.83,295595.179,-2.04,14.546,5.871,2.799,0,0
CN1CCN(CC(=O)N2c3ccccc3C(=O)Nc3cccnc32)CC1,351.41,351.17,1.56,68.78,99.72,0.3158,0.8893,26,1,5,2,4,2,0,7,151.77,0.319,0.257,13.224,-0.232,12,0.4615,0,0,2,1,3,1,2,1,2,845.328,1.707,1196975.299,-2.77,16.685,6.855,3.066,0,0
CN1CCN(CCCN2c3ccccc3Sc3ccc(Cl)cc32)CC1,373.95,373.14,4.58,9.72,107.58,0.4,0.7751,25,0,4,4,4,2,0,5,159.1,0.34,0.057,6.29,0.808,12,0.48,0,0,2,1,2,0,2,1,0,743.471,1.493,758919.74,-1.2,17.226,7.583,3.822,0,0
CN1CCN2c3ccccc3Cc3ccccc3C2C1,264.37,264.16,3.08,6.48,83.27,0.3333,0.7213,20,0,2,0,4,2,0,2,120.19,0.362,0.067,2.612,0.494,12,0.6,0,0,2,1,2,0,2,1,0,634.82,1.902,76322.131,-1.8,11.98,4.637,1.832,1,1
CN1CCN2c3ncccc3Cc3ccccc3C2C1,265.36,265.16,2.48,19.37,81.07,0.3529,0.7293,20,0,3,0,4,2,0,3,119.41,0.347,0.132,4.679,0.432,12,0.6,0,0,2,1,3,1,2,1,0,637.637,1.902,76322.131,-1.87,11.916,4.599,1.813,1,1
CN1CCOC(c2ccccc2)c2ccccc2C1,253.34,253.15,3.24,12.47,77.01,0.2941,0.7733,19,0,2,1,3,2,0,2,114.18,0.367,0.108,6.124,0.061,12,0.6316,0,0,1,0,1,0,1,0,0,537.968,2.031,33761.051,-1.64,12.397,5.555,2.698,1,1
CN1CC[C@]23c4c5ccc(O)c4O[C@H]2C(=O)CC[C@H]3[C@H]1C5,285.34,285.14,1.63,49.77,76.67,0.5882,0.7869,21,1,4,0,5,1,0,4,123.25,0.504,0.174,12.493,-0.366,6,0.2857,0,0,4,2,2,0,2,1,0,670.244,1.833,132503.362,-1.55,12.04,3.61,1.202,4,0
CN1CC[C@]23c4c5ccc(O)c4O[C@H]2[C@@H](O)C=C[C@H]3[C@H]1C5,285.34,285.14,1.2,52.93,77.58,0.5294,0.7033,21,2,4,0,5,1,0,4,123.19,0.504,0.165,10.441,-0.594,6,0.2857,0,0,4,1,2,0,2,1,0,670.244,1.845,132503.362,-1.52,12.067,3.623,1.207,5,0
CN1CCc2cccc3c2[C@H]1Cc1ccc(O)c(O)c1-3,267.33,267.13,2.85,43.7,77.99,0.2941,0.7213,20,2,3,0,4,2,0,3,117.65,0.504,0.165,10.26,-0.038,12,0.6,0,0,2,0,1,0,1,0,0,708.376,2.054,59831.806,-2.0,11.796,3.996,1.44,1,0
CN1C[C@H](C(=O)N[C@]2(C)O[C@@]3(O)[C@@H]4CCCN4C(=O)[C@H](Cc4ccccc4)N3C2=O)C=C2c3cccc4[nH]cc(c34)C[C@H]21,581.67,581.26,1.99,118.21,157.99,0.4242,0.434,43,3,6,4,8,3,0,10,248.82,0.361,0.28,14.173,-2.042,15,0.3488,0,0,5,3,5,1,4,3,3,1701.849,1.112,10186305265.479,-3.99,26.624,9.253,3.792,6,0
CN1C[C@H](C(=O)N[C@]2(C)O[C@@]3(O)[C@@H]4CCCN4C(=O)[C@H](Cc4ccccc4)N3C2=O)C[C@@H]2c3cccc4[nH]cc(c34)C[C@H]21,583.69,583.28,2.08,118.21,157.37,0.4848,0.4331,43,3,6,4,8,3,0,10,249.51,0.361,0.28,14.188,-2.027,15,0.3488,0,0,5,4,5,1,4,4,3,1640.791,1.077,10186305265.479,-3.73,26.865,9.383,3.856,7,0
CN1C[C@H](CNC(=O)OCc2ccccc2)C[C@@H]2c3cccc4c3c(cn4C)C[C@H]21,403.53,403.23,4.06,46.5,118.52,0.4,0.7145,30,1,4,4,5,3,0,5,177.18,0.445,0.407,12.194,-0.334,15,0.5,0,0,2,1,2,1,1,1,1,1058.946,1.25,11697015.847,-2.79,19.19,7.801,3.475,3,0
CN1[C@H]2CCC[C@@H]1C[C@H](NC(=O)c1nn(C)c3ccccc13)C2,312.42,312.2,2.32,50.16,90.39,0.5556,0.9257,23,1,4,2,4,2,0,5,136.19,0.348,0.272,12.741,-0.033,9,0.3913,0,0,2,2,3,1,2,2,1,723.697,1.535,287645.26,-1.88,14.696,5.638,2.528,3,0
CN1[C@H]2CC[C@@H]1C[C@H](OC(=O)C(CO)c1ccccc1)C2,289.38,289.17,1.93,49.77,79.96,0.5882,0.8606,21,1,4,4,3,1,0,4,125.26,0.462,0.316,12.362,-0.566,6,0.2857,0,0,2,2,2,0,2,2,0,476.068,1.633,86059.573,-1.39,14.543,6.159,2.965,4,1
CN1[C@H]2CC[C@@H]1C[C@H](OC(=O)c1c[nH]c3ccccc13)C2,284.36,284.15,2.95,45.33,81.31,0.4706,0.8624,21,1,3,2,4,2,0,4,123.63,0.459,0.34,12.447,-0.193,9,0.4286,0,0,2,2,3,1,2,2,0,664.235,1.513,129971.423,-1.81,12.895,4.879,2.141,3,0
CN1[C@H]2C[C@H](OC(=O)[C@H](CO)c3ccccc3)C[C@@H]1[C@H]1O[C@@H]21,303.36,303.15,0.92,62.3,79.38,0.5882,0.6618,22,1,5,4,4,1,0,5,129.37,0.462,0.316,12.424,-0.593,6,0.2727,0,0,3,3,3,0,3,3,0,545.037,1.42,257123.462,-1.43,14.181,5.334,2.242,6,0
CN1c2ccccc2C(NCCCCCCC(=O)O)c2ccc(Cl)cc2S1(=O)=O,436.96,436.12,4.19,86.71,114.05,0.381,0.6056,29,2,4,8,3,2,0,8,176.1,0.481,0.303,13.179,-3.724,12,0.4138,0,0,1,0,1,0,1,0,0,993.926,1.847,2697785.656,-2.09,21.615,9.153,4.739,1,1
CNC(=C[N+](=O)[O-])NCCSCc1ccc(CN(C)C)o1,314.41,314.14,1.46,83.58,84.4,0.5385,0.3841,21,2,7,10,1,1,0,8,128.46,0.464,0.274,10.349,-0.485,5,0.2381,1,1,0,0,1,1,0,0,0,473.736,2.218,43242.95,-1.67,17.382,9.3,7.618,0,0
CNC(=C[N+](=O)[O-])NCCSCc1csc(CN(C)C)n1,331.47,331.11,1.32,83.33,87.81,0.5833,0.38,21,2,8,10,1,1,0,9,132.52,0.37,0.274,10.355,-0.479,5,0.2381,1,1,0,0,1,1,0,0,0,475.968,2.218,43242.95,-1.32,17.731,9.586,7.881,0,0
CNC(=O)Oc1ccc2c(c1)[C@]1(C)CCN(C)[C@@H]1N2C,275.35,275.16,1.77,44.81,78.32,0.5333,0.8482,20,1,4,1,3,1,0,5,119.05,0.412,0.41,11.353,-0.429,6,0.3,0,0,2,1,2,0,2,1,1,560.05,2.004,43602.737,-1.75,13.243,4.38,1.693,2,0
CNC1(c2ccccc2Cl)CCCCC1=O,237.73,237.09,2.9,29.1,65.66,0.4615,0.8572,16,1,2,2,2,1,0,3,100.99,0.304,0.157,12.179,-0.559,6,0.375,0,0,1,1,0,0,0,0,0,404.674,2.483,5246.763,-0.86,11.62,4.559,1.763,1,1
CNC1=Nc2ccc(Cl)cc2C(c2ccccc2)=[N+]([O-])C1,299.76,299.08,2.95,50.46,85.75,0.125,0.65,21,1,3,1,3,2,0,5,127.54,0.623,0.228,12.574,0.174,12,0.5714,1,1,1,0,1,0,1,0,0,738.442,2.272,81645.162,-2.33,13.644,5.578,2.623,0,0
CNCCC(Oc1ccc(C(F)(F)F)cc1)c1ccccc1,309.33,309.13,4.44,21.26,79.8,0.2941,0.8518,22,1,2,6,2,2,0,5,127.47,0.486,0.416,12.565,-4.33,12,0.5455,0,0,0,0,0,0,0,0,0,566.708,2.13,84553.518,-2.01,16.362,7.313,4.495,1,1
CNCCC=C1c2ccccc2CCc2ccccc21,263.38,263.17,3.83,12.03,85.91,0.2632,0.83,20,1,1,3,3,2,0,1,120.9,0.319,0.002,3.226,1.022,12,0.6,0,0,1,0,0,0,0,0,0,575.668,2.113,64665.059,-1.86,13.138,6.062,2.543,0,0
CNCCCC12CCC(c3ccccc31)c1ccccc12,277.41,277.18,4.21,12.03,87.9,0.4,0.8254,21,1,1,4,5,2,0,1,126.95,0.32,0.021,3.309,0.263,12,0.5714,0,0,3,0,0,0,0,0,0,610.893,1.881,130037.016,-1.6,13.09,4.994,1.802,0,0
CNCCCC1c2ccccc2C=Cc2ccccc21,263.38,263.17,4.3,12.03,86.82,0.2632,0.8109,20,1,1,4,3,2,0,1,120.9,0.32,0.01,3.255,0.505,12,0.6,0,0,1,0,0,0,0,0,0,563.168,2.034,64665.059,-1.86,13.138,6.062,2.543,0,0
CNCCCCOc1ccccc1Cc1ccccc1,269.39,269.18,3.66,21.26,84.35,0.3333,0.7385,20,1,2,8,2,2,0,2,121.34,0.493,0.122,5.928,0.785,12,0.6,0,0,0,0,0,0,0,0,0,495.781,1.922,48257.562,-1.8,14.606,8.387,4.707,0,0
CNCCCN1c2ccccc2CCc2ccccc21,266.39,266.18,3.53,15.27,85.84,0.3333,0.8516,20,1,2,4,3,2,0,2,120.98,0.341,0.044,3.244,1.056,12,0.6,0,0,1,0,1,0,1,0,0,529.636,1.996,64665.059,-1.8,13.195,6.101,2.565,0,0
CNCC[C@@H](Oc1ccccc1C)c1ccccc1,255.36,255.16,3.72,21.26,79.53,0.2941,0.849,19,1,2,6,2,2,0,2,114.98,0.485,0.125,6.193,0.092,12,0.6316,0,0,0,0,0,0,0,0,0,495.625,2.168,27068.962,-1.8,13.627,6.954,3.831,1,0
CNC[C@H](O)c1cccc(O)c1,167.21,167.09,0.65,52.49,46.99,0.3333,0.6191,12,3,3,3,1,1,0,3,71.66,0.508,0.115,9.471,-0.554,6,0.5,0,0,0,0,0,0,0,0,0,250.039,2.733,526.215,-1.06,9.031,4.088,2.218,1,0
CNS(=O)(=O)CCc1ccc2[nH]cc(C3CCN(C)CC3)c2c1,335.47,335.17,2.07,65.2,94.32,0.5294,0.879,23,2,3,5,3,2,0,6,137.67,0.361,0.211,11.609,-3.158,9,0.3913,0,0,1,1,2,1,1,1,0,774.232,1.822,211677.198,-1.37,16.486,6.629,3.761,0,0
CNS(=O)(=O)Cc1ccc2[nH]cc(CCN(C)C)c2c1,295.41,295.14,1.32,65.2,82.24,0.4286,0.8446,20,2,3,6,2,2,0,6,119.58,0.361,0.215,11.617,-3.231,9,0.45,0,0,0,0,1,1,0,0,0,689.507,2.293,31461.953,-1.37,15.027,5.948,3.592,0,0
CN[C@@H](C)[C@@H](O)c1ccccc1,165.24,165.12,1.33,32.26,49.92,0.4,0.7078,12,2,2,3,1,1,0,2,73.24,0.387,0.094,9.727,-0.42,6,0.5,0,0,0,0,0,0,0,0,0,222.54,2.711,606.775,-0.86,9.23,4.237,2.061,2,0
CN[C@@H]1CCc2[nH]c3ccc(C(N)=O)cc3c2C1,243.31,243.14,1.34,70.91,71.69,0.3571,0.7446,18,3,2,2,3,2,0,4,105.56,0.366,0.248,11.255,-0.368,9,0.5,0,0,1,0,1,1,0,0,1,614.772,2.137,21117.67,-1.81,11.29,4.137,1.693,1,0
CN[C@@H]1[C@H](O[C@H]2[C@H](O[C@@H]3[C@@H](NC(=N)N)[C@H](O)[C@@H](NC(=N)N)[C@H](O)[C@H]3O)O[C@@H](C)[C@]2(O)C=O)O[C@@H](CO)[C@H](O)[C@H]1O,581.58,581.27,-7.74,331.43,131.4,0.8571,0.0682,40,14,15,9,3,0,0,19,227.9,0.394,0.188,12.063,-2.388,0,0.0,0,0,3,3,2,0,2,2,0,921.232,1.938,309841678.955,-2.27,32.247,12.714,6.003,15,0
CO/N=C(\C(=O)N[C@@H]1C(=O)N2C(C(=O)O)=C(COC(N)=O)CS[C@H]12)c1ccco1,424.39,424.07,-0.54,173.76,97.47,0.3125,0.295,29,3,9,7,3,1,0,13,167.19,0.477,0.404,12.57,-1.353,5,0.1724,0,0,2,1,3,1,2,1,3,910.031,1.766,2993394.943,-3.48,20.259,8.261,3.893,2,0
CO/N=C(\C(=O)N[C@@H]1C(=O)N2C(C(=O)O)=C(CSc3nc(=O)c(=O)[nH]n3C)CS[C@H]12)c1csc(N)n1,554.59,554.05,-1.61,214.96,130.58,0.3333,0.0953,36,4,14,8,4,2,0,18,213.32,0.477,0.352,12.915,-1.308,11,0.3056,0,0,2,1,4,2,2,1,2,1428.123,1.512,86964842.008,-3.64,25.453,10.152,4.733,2,0
CO/N=C(\C(=O)N[C@@H]1C(=O)N2C(C(=O)O)=C(CSc3nc(C)c(CC(=O)O)s3)CS[C@H]12)c1csc(N)n1,584.68,584.03,1.0,197.4,138.67,0.35,0.1339,37,4,13,10,4,2,0,17,225.71,0.481,0.352,12.961,-1.25,10,0.2703,0,0,2,1,4,2,2,1,2,1336.174,1.47,143454248.081,-3.15,26.9,11.076,5.58,2,0
CO/N=C(\C(=O)N[C@@H]1C(=O)N2C(C(=O)O)=CCS[C@H]12)c1csc(N)n1,383.41,383.04,-0.56,147.21,90.81,0.3077,0.3483,25,3,9,5,3,1,0,12,149.25,0.477,0.352,12.473,-1.178,5,0.2,0,0,2,1,3,1,2,1,2,804.485,1.753,444536.89,-2.6,17.23,6.722,3.049,2,0
COC(=O)C(c1ccccc1)C1CCCCN1,233.31,233.14,2.09,38.33,66.84,0.5,0.8123,17,1,3,3,2,1,0,3,102.17,0.469,0.314,11.949,-0.179,6,0.3529,0,0,1,1,1,0,1,1,0,357.745,2.212,10608.13,-1.35,12.116,5.824,2.856,2,2
COC(=O)C1=C(C#N)NC(C)=C(C(=O)OC(C)C)C1c1cccc([N+](=O)[O-])c1,385.38,385.13,2.46,131.56,97.56,0.3158,0.4643,28,1,8,5,2,1,0,9,160.94,0.466,0.337,12.761,-1.061,6,0.2143,1,1,1,0,1,0,1,0,0,939.233,2.759,1086988.5,-3.67,20.64,8.348,4.011,1,1
COC(=O)C1=C(C)NC(C)=C(C(=O)OC(C)C)C1c1cccc2nonc12,371.39,371.15,2.58,103.55,96.32,0.3684,0.8181,27,1,8,4,3,2,0,8,155.71,0.466,0.337,12.886,-0.722,9,0.3333,0,0,1,0,2,1,1,0,0,970.635,2.256,1213346.326,-3.16,18.626,7.222,3.298,1,1
COC(=O)C1=C(C)NC(C)=C(C(=O)OC)C1c1ccccc1[N+](=O)[O-],346.34,346.12,2.18,107.77,88.41,0.2941,0.5055,25,1,7,4,2,1,0,8,143.81,0.466,0.336,12.341,-0.97,6,0.24,1,1,1,0,1,0,1,0,0,771.111,2.803,291739.896,-3.16,18.183,7.163,3.232,0,0
COC(=O)C1=C(C)NC(C)=C(C(=O)OCC(C)C)C1c1ccccc1[N+](=O)[O-],388.42,388.16,3.2,107.77,102.19,0.4,0.4528,28,1,7,6,2,1,0,8,162.91,0.466,0.336,12.876,-0.977,6,0.2143,1,1,1,0,1,0,1,0,0,869.202,2.691,1065637.3,-3.16,21.144,8.686,4.215,1,1
COC(=O)C1=C(C)NC(C)=C(C(=O)OCCN(C)Cc2ccccc2)C1c1cccc([N+](=O)[O-])c1,479.53,479.21,3.68,111.01,130.12,0.3077,0.3294,35,1,8,9,3,2,0,9,203.73,0.466,0.336,13.267,-0.877,12,0.3429,1,1,1,0,1,0,1,0,0,1172.619,1.839,46735509.329,-3.98,25.639,11.435,6.128,1,1
COC(=O)C1=C(C)NC(C)=C(C(=O)O[C@H]2CCN(Cc3ccccc3)C2)[C@H]1c1cccc([N+](=O)[O-])c1,491.54,491.21,3.82,111.01,132.61,0.3333,0.3536,36,1,8,7,4,2,0,9,209.08,0.466,0.337,13.548,-0.868,12,0.3333,1,1,2,1,2,0,2,1,0,1237.08,1.599,126713326.43,-3.98,25.123,10.739,5.307,2,0
COC(=O)Nc1nc2ccc(C(=O)c3ccccc3)cc2[nH]1,295.3,295.1,2.97,84.08,82.0,0.0625,0.7275,22,2,4,3,3,3,0,6,125.68,0.453,0.413,12.397,-0.611,15,0.6818,0,0,0,0,1,1,0,0,1,840.223,1.926,160560.534,-3.15,13.816,5.688,2.666,0,0
COC(=O)[C@H]1[C@@H](O)CC[C@H]2CN3CCc4c([nH]c5ccccc45)[C@@H]3C[C@@H]21,354.45,354.19,2.65,65.56,98.66,0.5714,0.773,26,2,4,1,5,2,0,5,152.88,0.469,0.311,12.375,-0.568,9,0.3462,0,0,3,2,3,1,2,1,0,844.894,1.522,1806939.757,-1.85,16.333,6.1,2.334,5,0
COC(=O)[C@H]1[C@@H](OC(=O)c2ccccc2)C[C@@H]2CC[C@H]1N2C,303.36,303.15,1.87,55.84,80.34,0.5294,0.7979,22,0,5,3,3,1,0,5,129.74,0.469,0.338,12.297,-0.408,6,0.2727,0,0,2,2,2,0,2,2,0,559.037,1.79,134560.524,-1.88,15.033,6.085,2.609,4,0
COC(=O)[C@H]1[C@H]2C[C@@H]3c4[nH]c5cc(OC)ccc5c4CCN3C[C@H]2C[C@@H](OC(=O)c2cc(OC)c(OC)c(OC)c2)[C@@H]1OC,608.69,608.27,4.17,117.78,160.69,0.5152,0.3736,44,1,10,8,6,3,0,11,256.17,0.497,0.338,13.543,-0.67,15,0.3409,0,0,3,2,3,1,2,1,0,1526.482,1.294,10500349728.856,-3.96,30.083,12.203,5.012,6,0
COC1=CC(=O)C[C@@H](C)[C@]12Oc1c(Cl)c(OC)cc(OC)c1C2=O,352.77,352.07,2.81,71.06,86.13,0.4118,0.8327,24,0,6,3,3,1,0,7,143.82,0.496,0.231,13.255,-1.422,6,0.25,0,0,2,0,1,0,1,0,0,768.835,2.258,270347.37,-2.21,16.641,5.702,2.022,2,0
COCC(=O)O[C@]1(CCN(C)CCCc2nc3ccccc3[nH]2)CCc2cc(F)ccc2[C@@H]1C(C)C,495.64,495.29,5.27,67.45,139.53,0.5172,0.3672,36,1,5,11,4,3,0,7,212.75,0.457,0.332,13.966,-0.651,15,0.4167,0,0,1,0,1,1,0,0,0,1144.536,1.442,118770259.119,-2.77,26.297,11.523,5.955,2,0
COCCCC/C(=N\OCCN)c1ccc(C(F)(F)F)cc1,318.34,318.16,3.2,56.84,78.71,0.5333,0.432,22,1,4,9,1,1,0,7,127.63,0.416,0.394,12.574,-4.343,6,0.2727,0,0,0,0,0,0,0,0,0,458.851,2.783,60369.243,-1.6,18.449,9.424,6.445,0,0
COCCCOc1ccnc(CS(=O)c2nc3ccccc3[nH]2)c1C,359.45,359.13,2.99,77.1,97.17,0.3333,0.6258,25,1,5,8,3,3,0,7,148.61,0.493,0.197,12.666,-1.299,15,0.6,0,0,0,0,2,2,0,0,0,845.884,1.719,698309.593,-2.25,17.569,8.221,4.237,1,1
COCCOC(=O)C1=C(C)NC(C)=C(C(=O)OC(C)C)C1c1cccc([N+](=O)[O-])c1,418.45,418.17,2.97,117.0,108.44,0.4286,0.2963,30,1,8,8,2,1,0,9,174.39,0.46,0.337,12.908,-0.882,6,0.2,1,1,1,0,1,0,1,0,0,902.371,2.603,2673650.204,-3.2,23.083,10.017,5.235,1,1
COCCc1ccc(OCC(O)CNC(C)C)cc1,267.37,267.18,1.61,50.72,76.66,0.6,0.7136,19,2,4,9,1,1,0,4,115.29,0.491,0.119,9.726,-0.49,6,0.3158,0,0,0,0,0,0,0,0,0,337.749,2.286,16005.551,-1.1,15.956,8.908,7.155,1,1
COCc1c(C(C)C)nc(C(C)C)c(/C=C/[C@@H](O)C[C@@H](O)CC(=O)O)c1-c1ccc(F)cc1,459.56,459.24,4.88,99.88,126.44,0.4615,0.4428,33,3,5,11,2,2,0,7,194.32,0.481,0.305,13.683,-1.159,12,0.3636,0,0,0,0,1,1,0,0,0,969.638,2.687,9958652.472,-2.61,26.641,12.022,7.187,2,0
CO[C@@H]1[C@@H](O[C@@H]2O[C@H](C)[C@@H](O[C@H]3C[C@@](C)(O)[C@@H](O)[C@H](C)O3)[C@H](N(C)C)[C@H]2O)[C@@H](CC=O)C[C@@H](C)[C@@H](O[C@H]2CC[C@H](N(C)C)[C@H](C)O2)/C=C/C=C/C[C@@H](C)OC(=O)C[C@H]1O,843.06,842.51,2.33,195.38,216.89,0.8605,0.1747,59,4,16,11,4,0,0,16,350.59,0.462,0.308,13.09,-1.47,0,0.0,0,0,4,3,4,0,4,3,0,1365.215,1.662,2113151912898.064,-1.9,49.752,22.451,13.302,19,0
CO[C@@]1(NC(=O)Cc2cccs2)C(=O)N2C(C(=O)O)=C(COC(N)=O)CS[C@@H]21,427.46,427.05,0.1,148.26,99.19,0.375,0.4098,28,3,8,7,3,1,0,12,167.19,0.477,0.404,12.831,-1.657,5,0.1786,0,0,2,1,3,1,2,1,3,854.429,1.81,1725921.009,-2.57,20.172,7.813,3.453,2,0
CO[C@H]1/C=C/O[C@@]2(C)Oc3c(C)c(O)c4c(c3C2=O)C2=NC3(CCN(CC(C)C)CC3)NC2=C(NC(=O)/C(C)=C\C=C\[C@H](C)[C@H](O)[C@@H](C)[C@@H](O)[C@@H](C)[C@H](OC(C)=O)[C@@H]1C)C4=O,847.02,846.44,4.62,205.55,226.76,0.587,0.2631,61,5,14,4,6,1,0,15,357.48,0.507,0.312,14.709,-1.967,6,0.0984,0,0,5,1,4,0,4,1,1,2112.171,1.491,10968644285980.875,-4.83,45.691,17.504,8.536,9,0
CO[C@H]1O[C@@H]2O[C@@]3(C)CC[C@H]4[C@H](C)CC[C@@H]([C@H]1C)[C@]42OO3,298.38,298.18,2.84,46.15,73.84,1.0,0.6966,21,0,5,1,5,0,0,5,125.69,0.355,0.201,6.208,-0.698,0,0.0,0,0,5,5,4,0,4,4,0,428.89,1.795,83609.431,-0.2,14.396,4.649,1.814,8,0
CO[C@]12CC[C@@]3(C[C@@H]1[C@](C)(O)C(C)(C)C)[C@H]1Cc4ccc(O)c5c4[C@@]3(CCN1CC1CC1)[C@H]2O5,467.65,467.3,4.41,62.16,130.2,0.7931,0.6867,34,2,5,4,8,1,0,5,203.37,0.504,0.165,12.195,-0.909,6,0.1765,0,0,7,5,2,0,2,1,0,1056.946,1.474,83988563.284,-1.3,21.94,6.33,2.25,7,0
COc1c(N2CCNC(C)C2)c(F)cc2c(=O)c(C(=O)O)cn(C3CC3)c12,375.4,375.16,1.98,83.8,99.63,0.4737,0.8503,27,2,6,4,4,2,0,8,154.89,0.492,0.341,15.102,-1.31,10,0.3704,0,0,2,2,2,1,1,1,0,983.304,2.031,2352395.216,-2.61,17.786,6.525,2.934,1,1
COc1c(N2C[C@@H]3CCCN[C@@H]3C2)c(F)cc2c(=O)c(C(=O)O)cn(C3CC3)c12,401.44,401.18,2.37,83.8,106.68,0.5238,0.8185,29,2,6,4,5,2,0,8,166.61,0.492,0.341,15.32,-1.301,10,0.3448,0,0,3,3,3,1,2,2,0,1048.298,1.729,7887117.993,-2.61,18.421,6.725,2.885,2,0
COc1cc(C)c(/C=C/C(C)=C/C=C/C(C)=C/C(=O)O)c(C)c1C,326.44,326.19,5.17,46.53,100.53,0.2857,0.5795,24,1,2,6,1,1,0,3,144.22,0.496,0.328,10.557,-0.932,6,0.25,0,0,0,0,0,0,0,0,0,731.941,2.972,119684.014,-2.55,19.497,8.92,5.579,0,0
COc1cc(Cc2cnc(N)nc2N)cc(OC)c1OC,290.32,290.14,1.26,105.51,79.76,0.2857,0.8534,21,2,7,5,2,2,0,7,122.41,0.493,0.221,5.848,0.154,12,0.5714,0,0,0,0,1,1,0,0,0,621.107,2.398,52230.227,-2.7,14.704,6.167,3.073,0,0
COc1cc(N)c(Cl)cc1C(=O)N[C@@H]1CCN(CCCOc2ccc(F)cc2)C[C@@H]1OC,465.95,465.18,3.36,86.05,122.04,0.4348,0.436,32,2,6,9,3,2,0,9,192.12,0.496,0.255,12.949,-0.282,12,0.375,0,0,1,1,1,0,1,1,1,912.86,1.491,13242824.738,-2.55,24.1,11.355,6.246,2,0
COc1cc(NC(C)CCCN)c2ncccc2c1,259.35,259.17,2.78,60.17,79.67,0.4,0.8371,19,2,4,6,2,2,0,4,113.53,0.497,0.121,5.546,0.362,10,0.5263,0,0,0,0,1,1,0,0,0,541.902,2.294,23720.783,-1.81,13.618,6.384,3.351,1,1
COc1cc(NCc2ccc3nc(N)nc(N)c3c2C)cc(OC)c1OC,369.43,369.18,2.74,117.54,106.52,0.2632,0.607,27,3,8,6,3,3,0,8,157.0,0.493,0.222,6.043,0.169,16,0.5926,0,0,0,0,1,1,0,0,0,965.726,1.92,1140338.698,-3.42,18.373,7.446,3.459,0,0
COc1cc(OC)c(C(=O)CCCN2CCCC2)c(OC)c1,307.39,307.18,2.77,48.0,85.34,0.5882,0.6912,22,0,5,8,2,1,0,5,131.7,0.496,0.17,12.558,0.051,6,0.2727,0,0,1,1,1,0,1,1,0,484.376,2.061,128817.539,-1.75,16.618,8.034,3.914,0,0
COc1cc([C@@H]2c3cc4c(cc3[C@@H](O[C@@H]3O[C@@H]5CO[C@@H](C)O[C@H]5[C@H](O)[C@H]3O)[C@H]3COC(=O)[C@H]23)OCO4)cc(OC)c1O,588.56,588.18,1.34,160.83,138.35,0.5517,0.4298,42,3,13,5,7,2,0,13,240.23,0.502,0.31,13.385,-1.436,12,0.2857,0,0,5,3,4,0,4,3,0,1352.533,1.318,5287664732.044,-3.33,27.5,10.436,4.259,10,0
COc1cc([C@@H]2c3cc4c(cc3[C@@H](O[C@@H]3O[C@@H]5CO[C@@H](c6cccs6)O[C@H]5[C@H](O)[C@H]3O)[C@H]3COC(=O)[C@H]23)OCO4)cc(OC)c1O,656.66,656.16,2.75,160.83,155.94,0.4688,0.3328,46,3,14,6,8,3,0,14,266.56,0.502,0.31,13.483,-1.472,17,0.3696,0,0,5,3,5,1,4,3,0,1601.099,1.158,57390008052.186,-3.63,29.751,11.56,4.701,10,0
COc1cc2c(N)nc(N3CCN(C(=O)OCC(C)(C)O)CC3)nc2c(OC)c1OC,435.48,435.21,1.27,132.5,115.04,0.55,0.6832,31,2,10,6,3,2,0,11,180.2,0.493,0.409,12.212,-1.073,10,0.3226,0,0,1,1,2,1,1,1,1,953.452,1.82,6119710.082,-3.21,22.475,8.882,4.763,0,0
COc1cc2c(c(OC)c1OC)-c1ccc(OC)c(=O)cc1C(NC(C)=O)CC2,399.44,399.17,2.87,83.09,109.23,0.3636,0.8325,29,1,6,5,3,2,0,7,169.1,0.493,0.22,12.642,-0.332,13,0.4483,0,0,1,0,0,0,0,0,1,1001.395,2.414,3026041.549,-3.22,20.513,8.426,3.722,1,1
COc1cc2c(cc1OC)C(=O)C(CC1CCN(Cc3ccccc3)CC1)C2,379.5,379.21,4.36,38.77,110.13,0.4583,0.7475,28,0,4,6,4,2,0,4,167.0,0.493,0.166,12.937,0.109,12,0.4286,0,0,2,1,1,0,1,1,0,825.244,1.336,3746809.96,-2.33,19.007,8.356,3.925,1,1
COc1cc2c(cc1OC)C1CC(=O)C(CC(C)C)CN1CC2,317.43,317.2,3.24,38.77,90.13,0.6316,0.8544,23,0,4,4,3,1,0,4,138.31,0.493,0.161,12.589,0.202,6,0.2609,0,0,2,1,2,0,2,1,0,596.523,1.885,167995.313,-1.55,16.313,6.519,3.092,2,2
COc1cc2nc(N(C)CCCNC(=O)C3CCCO3)nc(N)c2cc1OC,389.46,389.21,1.35,111.83,106.93,0.5263,0.6509,28,2,8,8,3,2,0,9,163.71,0.493,0.249,11.951,-0.298,10,0.3571,0,0,1,1,2,1,1,1,1,838.674,1.624,2734641.875,-2.81,19.938,8.919,4.358,1,1
COc1cc2nc(N3CCN(C(=O)C4CCCO4)CC3)nc(N)c2cc1OC,387.44,387.19,1.06,103.04,104.82,0.5263,0.8306,28,1,8,4,4,2,0,9,162.92,0.493,0.251,12.509,-0.276,10,0.3571,0,0,2,2,3,1,2,2,1,876.243,1.522,3978710.074,-2.81,18.549,7.667,3.372,1,1
COc1cc2nc(N3CCN(C(=O)C4COc5ccccc5O4)CC3)nc(N)c2cc1OC,451.48,451.19,1.72,112.27,122.2,0.3478,0.6335,33,1,9,4,5,3,0,10,190.36,0.493,0.267,12.991,-0.651,16,0.4848,0,0,2,1,3,1,2,1,1,1195.321,1.283,45997301.068,-3.95,20.925,8.531,3.879,1,1
COc1cc2nc(N3CCN(C(=O)c4ccco4)CC3)nc(N)c2cc1OC,383.41,383.16,1.78,106.95,103.88,0.3158,0.7266,28,1,8,4,4,3,0,9,161.2,0.493,0.289,12.401,-0.111,15,0.5357,0,0,1,1,3,2,1,1,1,997.227,1.556,3978710.074,-3.49,17.901,7.259,3.149,0,0
COc1cc2ncnc(Nc3ccc(F)c(Cl)c3)c2cc1OCCCN1CCOCC1,446.91,446.15,4.28,68.74,118.15,0.3636,0.5179,31,1,7,8,4,3,0,9,184.64,0.493,0.162,13.468,-0.475,16,0.5161,0,0,1,1,2,1,1,1,0,1046.685,1.508,13732178.247,-2.68,21.548,10.085,5.331,0,0
COc1ccc(C(=O)Nc2ccccc2CCC2CCCCN2C)cc1,352.48,352.22,4.36,41.57,105.98,0.4091,0.8395,26,1,3,6,3,2,0,4,155.72,0.497,0.255,12.564,-0.088,12,0.4615,0,0,1,1,1,0,1,1,1,727.177,1.648,986697.15,-2.33,18.461,8.856,4.64,1,1
COc1ccc(C(CN(C)C)C2(O)CCCCC2)cc1,277.41,277.2,3.04,32.7,82.32,0.6471,0.8977,20,1,3,5,2,1,0,3,122.11,0.497,0.118,11.102,-0.558,6,0.3,0,0,1,1,0,0,0,0,0,407.503,2.251,32347.209,-1.06,15.331,6.595,3.526,1,1
COc1ccc(C2CNC(=O)C2)cc1OC1CCCC1,275.35,275.15,2.62,47.56,76.25,0.5625,0.9185,20,1,3,4,3,1,0,4,119.01,0.493,0.22,11.346,0.129,6,0.3,0,0,2,2,1,0,1,1,1,494.495,1.8,71847.771,-1.71,13.281,5.733,2.739,1,1
COc1ccc(CCN(C)CCCC(C#N)(c2cc(OC)c(OC)c(OC)c2)C(C)C)cc1OC,484.64,484.29,5.1,73.18,138.21,0.5357,0.3692,35,0,7,14,2,2,0,7,210.05,0.493,0.203,10.365,-0.67,12,0.3429,0,0,0,0,0,0,0,0,0,976.323,2.111,38881372.393,-3.11,28.13,13.105,6.519,1,1
COc1ccc(CCN(C)CCCC(C#N)(c2ccc(OC)c(OC)c2)C(C)C)cc1OC,454.61,454.28,5.09,63.95,131.66,0.5185,0.4199,33,0,6,13,2,2,0,6,198.57,0.493,0.161,10.242,-0.58,12,0.3636,0,0,0,0,0,0,0,0,0,938.204,2.023,15777873.299,-2.91,26.343,12.362,6.326,1,1
COc1ccc(CCN2CCC(Nc3nc4ccccc4n3Cc3ccc(F)cc3)CC2)cc1,458.58,458.25,5.35,42.32,135.02,0.3214,0.3865,34,1,5,8,5,4,0,6,199.73,0.497,0.204,13.38,-0.212,21,0.6176,0,0,1,1,2,1,1,1,0,1211.634,1.21,96907037.245,-3.38,22.414,10.263,5.229,0,0
COc1ccc(CCNCC(O)COc2cccc(C)c2)cc1OC,345.44,345.19,2.58,59.95,98.8,0.4,0.6483,25,2,5,10,2,2,0,5,149.09,0.493,0.16,10.003,-0.55,12,0.48,0,0,0,0,0,0,0,0,0,659.894,1.681,410542.619,-2.24,19.09,9.912,6.288,1,1
COc1ccc(Cc2nccc3cc(OC)c(OC)cc23)cc1OC,339.39,339.15,3.86,49.81,97.2,0.25,0.6824,25,0,5,6,3,3,0,5,146.67,0.493,0.161,5.427,0.674,16,0.64,0,0,0,0,1,1,0,0,0,892.244,2.04,577772.086,-2.95,16.892,7.299,3.309,0,0
COc1ccc(Cl)cc1C(=O)NCCc1ccc(S(=O)(=O)NC(=O)NC2CCCCC2)cc1,494.01,493.14,3.64,113.6,126.21,0.3913,0.5192,33,3,5,8,3,2,0,10,198.65,0.496,0.328,12.492,-3.967,12,0.3636,0,0,1,1,0,0,0,0,3,1083.776,1.513,19051838.764,-2.78,24.854,11.38,7.1,0,0
COc1ccc(OC)c(Cc2cnc3nc(N)nc(N)c3c2C)c1,325.37,325.15,2.11,109.17,93.25,0.2353,0.7556,24,2,7,4,3,3,0,7,139.2,0.497,0.224,6.006,0.12,16,0.6667,0,0,0,0,2,2,0,0,0,911.112,2.096,278327.687,-3.09,15.792,6.192,2.756,0,0
COc1ccc([C@@H]2CC(=O)c3c(O)cc(O[C@@H]4O[C@H](CO[C@@H]5O[C@@H](C)[C@H](O)[C@@H](O)[C@H]5O)[C@@H](O)[C@H](O)[C@H]4O)cc3O2)cc1O,610.57,610.19,-1.16,234.29,140.7,0.5357,0.1847,43,8,15,7,5,2,0,15,244.51,0.507,0.229,12.893,-1.771,12,0.2791,0,0,3,2,3,0,3,2,0,1319.304,1.304,2630332649.491,-3.25,31.183,12.394,6.084,11,0
COc1ccc([C@@H]2Sc3ccccc3N(CCN(C)C)C(=O)[C@@H]2OC(C)=O)cc1,414.53,414.16,3.37,59.08,114.5,0.3636,0.6758,29,0,6,6,3,2,0,7,175.32,0.497,0.303,13.555,-0.916,12,0.4138,0,0,1,0,1,0,1,0,1,869.371,2.056,3020643.092,-2.51,21.205,9.325,4.916,2,0
COc1ccc2[nH]cc(CCNC(C)=O)c2c1,232.28,232.12,1.86,54.12,67.24,0.3077,0.8449,17,2,2,4,2,2,0,4,99.97,0.497,0.216,10.797,0.002,9,0.5294,0,0,0,0,1,1,0,0,1,531.199,2.187,10013.527,-1.97,11.513,4.908,2.584,0,0
COc1ccc2c(c1)N(C[C@H](C)CN(C)C)c1ccccc1S2,328.48,328.16,4.5,15.71,98.28,0.3684,0.8027,23,0,4,5,3,2,0,4,142.79,0.497,0.121,5.442,0.57,12,0.5217,0,0,1,0,1,0,1,0,0,686.82,1.987,180293.18,-1.65,16.216,6.851,3.484,1,0
COc1ccc2c(c1)c(CC(=O)O)c(C)n2C(=O)c1ccc(Cl)cc1,357.79,357.08,3.93,68.53,95.75,0.1579,0.7678,25,1,4,4,3,3,0,6,148.95,0.497,0.307,12.987,-0.955,15,0.6,0,0,0,0,1,1,0,0,0,973.248,2.232,468921.443,-2.79,17.047,6.607,3.105,0,0
COc1ccc2c(c1OC)C(=O)O[C@@H]2[C@H]1c2c(cc3c(c2OC)OCO3)CCN1C,413.43,413.15,2.88,75.69,105.89,0.4091,0.7087,30,0,8,4,5,2,0,8,173.72,0.493,0.343,12.875,-0.523,12,0.4,0,0,3,0,3,0,3,0,0,1034.877,1.685,12269811.448,-3.13,18.871,6.983,2.528,2,0
COc1ccc2c3c1O[C@H]1C(=O)CC[C@@]4(O)[C@@H](C2)N(C)CC[C@]314,315.37,315.15,1.05,59.0,83.02,0.6111,0.8393,23,1,5,1,5,1,0,5,134.73,0.493,0.174,12.653,-0.9,6,0.2609,0,0,4,2,2,0,2,1,0,731.977,1.857,312827.56,-1.59,13.813,4.081,1.319,4,0
COc1ccc2c3c1O[C@H]1C[C@@H](O)C=C[C@@]31CCN(C)C2,287.36,287.15,1.85,41.93,79.8,0.5294,0.8005,21,1,4,1,4,1,0,4,124.52,0.493,0.166,9.973,-0.412,6,0.2857,0,0,3,0,2,0,2,0,0,612.298,1.954,95968.988,-1.52,13.164,4.486,1.755,3,0
COc1ccc2c3c1O[C@H]1[C@@H](O)C=C[C@H]4[C@@H](C2)N(C)CC[C@]314,299.37,299.15,1.5,41.93,82.46,0.5556,0.7981,22,1,4,1,5,1,0,4,129.88,0.493,0.165,10.554,-0.539,6,0.2727,0,0,4,1,2,0,2,1,0,685.155,1.822,226722.0,-1.52,12.968,4.06,1.278,5,0
COc1ccc2c3c1O[C@H]1[C@@H](O)CC[C@H]4[C@@H](C2)N(C)CC[C@]314,301.39,301.17,1.73,41.93,82.56,0.6667,0.8576,22,1,4,1,5,1,0,4,130.57,0.493,0.165,10.641,-0.358,6,0.2727,0,0,4,2,2,0,2,1,0,645.465,1.795,226722.0,-1.26,13.204,4.177,1.324,5,0
COc1ccc2cc(CCC(C)=O)ccc2c1,228.29,228.12,3.37,26.3,69.5,0.2667,0.8016,17,0,2,4,2,2,0,2,101.21,0.497,0.13,10.948,0.236,10,0.5882,0,0,0,0,0,0,0,0,0,543.613,2.279,8299.478,-1.83,11.649,5.0,2.843,0,0
COc1ccc2cc([C@H](C)C(=O)O)ccc2c1,230.26,230.09,3.04,46.53,66.55,0.2143,0.8811,17,1,2,3,2,2,0,3,99.64,0.497,0.31,10.916,-0.808,10,0.5882,0,0,0,0,0,0,0,0,0,560.396,2.479,7938.521,-2.03,11.455,4.454,2.228,1,0
COc1ccc2nc(S(=O)Cc3ncc(C)c(OC)c3C)[nH]c2c1,345.42,345.11,2.9,77.1,93.02,0.2941,0.7692,24,1,5,5,3,3,0,7,142.24,0.497,0.197,12.68,-1.328,15,0.625,0,0,0,0,2,2,0,0,0,920.83,1.901,353332.365,-2.41,16.448,6.604,2.989,1,1
COc1cccc(C(=O)CCN[C@@H](C)[C@H](O)c2ccccc2)c1,313.4,313.17,2.98,58.56,90.81,0.3158,0.7357,23,2,4,8,2,2,0,4,136.66,0.497,0.164,12.176,-0.594,12,0.5217,0,0,0,0,0,0,0,0,0,627.522,1.827,168457.547,-2.17,17.188,8.459,4.911,2,0
COc1cccc([C@@]2(O)CCCC[C@@H]2CN(C)C)c1,263.38,263.19,2.63,32.7,77.4,0.625,0.9062,19,1,3,4,2,1,0,3,115.74,0.497,0.119,11.189,-0.711,6,0.3158,0,0,1,1,0,0,0,0,0,418.965,2.298,19617.523,-1.06,14.351,5.931,3.097,2,0
COc1cccc2c1C(=O)c1c(O)c3c(c(O)c1C2=O)C[C@@](O)(C(=O)CO)C[C@@H]3O[C@H]1C[C@H](N)[C@@H](O)[C@H](C)O1,543.53,543.17,0.0,206.07,131.75,0.4444,0.2353,39,6,12,5,5,2,0,12,222.08,0.507,0.202,13.643,-2.241,12,0.3077,0,0,3,1,1,0,1,1,0,1376.519,1.686,374870204.071,-3.39,27.187,9.662,4.112,6,0
COc1cccc2c1C(=O)c1c(O)c3c(c(O)c1C2=O)C[C@@](O)(C(=O)CO)C[C@@H]3O[C@H]1C[C@H](N)[C@H](O)[C@H](C)O1,543.53,543.17,0.0,206.07,131.75,0.4444,0.2353,39,6,12,5,5,2,0,12,222.08,0.507,0.202,13.643,-2.241,12,0.3077,0,0,3,1,1,0,1,1,0,1376.519,1.686,374870204.071,-3.39,27.187,9.662,4.112,6,0
COc1ccccc1N1CCN(CCCNc2cc(=O)n(C)c(=O)n2C)CC1,387.48,387.23,0.72,71.74,111.68,0.5,0.7061,28,1,8,7,3,2,0,8,164.5,0.495,0.332,11.948,-0.317,12,0.4286,0,0,1,1,2,1,1,1,0,912.788,1.453,2196298.137,-2.74,20.006,8.966,4.386,0,0
COc1ccccc1OCCNCC(O)COc1cccc2[nH]c3ccccc3c12,406.48,406.19,3.74,75.74,118.67,0.25,0.35,30,3,5,10,4,4,0,6,174.94,0.493,0.161,10.289,-0.628,19,0.6333,0,0,0,0,1,1,0,0,0,1108.717,1.258,11337344.209,-3.22,20.069,9.519,4.504,1,1
COc1ccccc1Oc1c(NS(=O)(=O)c2ccc(C(C)(C)C)cc2)nc(-c2ncccn2)nc1OCCO,551.63,551.18,4.2,145.65,144.66,0.2593,0.2939,39,2,10,10,4,4,0,12,226.48,0.493,0.263,13.5,-4.14,24,0.6154,0,0,0,0,2,2,0,0,0,1525.05,1.851,397766181.646,-4.29,27.737,11.621,6.592,0,0
COc1ccnc(CS(=O)c2nc3ccc(OC(F)F)cc3[nH]2)c1OC,383.38,383.08,2.88,86.33,90.18,0.25,0.6752,26,1,6,7,3,3,0,10,149.32,0.493,0.387,12.644,-2.921,15,0.5769,0,0,0,0,2,2,0,0,0,948.39,1.863,891957.976,-2.75,18.053,7.646,3.743,1,1
COc1nc(C(Cl)(Cl)Cl)c(Cl)c(OC)c1Cl,325.41,322.88,4.23,31.35,66.6,0.375,0.7625,16,0,3,2,1,1,0,8,117.49,0.493,0.236,5.947,-1.789,6,0.375,0,0,0,0,1,1,0,0,0,404.396,3.53,2381.973,0.2,14.262,5.233,2.713,0,0
COc1nc(C)nc(Cl)c1NC1=NCCN1,241.68,241.07,0.82,71.43,62.26,0.4444,0.7504,16,2,6,2,2,1,0,7,98.1,0.479,0.242,6.015,0.32,6,0.375,0,0,1,0,2,1,1,0,0,434.153,2.307,6331.577,-1.56,10.941,4.525,2.162,0,0
CS(=O)(=O)OCCCCOS(C)(=O)=O,246.31,246.02,-0.28,86.74,50.83,1.0,0.4533,14,0,6,7,0,0,0,8,84.46,0.27,0.264,10.474,-3.399,0,0.0,0,0,0,0,0,0,0,0,0,304.518,3.408,531.228,-0.18,13.82,5.64,11.82,0,0
CS(=O)(=O)OC[C@H](O)[C@@H](O)COS(C)(=O)=O,278.3,278.01,-2.34,127.2,53.61,1.0,0.4959,16,2,8,7,0,0,0,10,94.05,0.388,0.264,10.533,-3.726,0,0.0,0,0,0,0,0,0,0,0,0,356.244,4.05,1264.988,-0.26,15.74,5.888,9.002,2,0
CS(=O)(=O)c1ccc(C2=C(c3ccccc3)C(=O)OC2)cc1,314.36,314.06,2.56,60.44,83.77,0.1176,0.817,22,0,4,3,3,2,0,5,128.52,0.457,0.339,12.009,-3.234,12,0.5455,0,0,1,0,1,0,1,0,0,847.292,2.091,126558.914,-2.4,14.534,5.421,2.672,0,0
CS(=O)(=O)c1ccc2c(c1)N(CCCN1CCC(C(N)=O)CC1)c1ccccc1S2,445.61,445.15,3.28,83.71,120.1,0.4091,0.7347,30,1,6,6,4,2,0,8,181.9,0.369,0.22,12.101,-3.269,12,0.4,0,0,2,1,2,0,2,1,1,1047.343,1.505,5915268.072,-2.03,21.212,8.607,4.502,0,0
CSc1ccc(C(=O)c2[nH]c(=O)[nH]c2C)cc1,248.31,248.06,1.96,65.72,67.81,0.1667,0.6443,17,2,3,3,2,2,0,5,102.46,0.323,0.31,12.083,-0.355,11,0.6471,0,0,0,0,1,1,0,0,0,595.713,2.365,9171.313,-1.75,11.727,4.628,2.337,0,0
CSc1ccc2c(c1)N(CCC1CCCCN1C)c1ccccc1S2,370.59,370.15,5.89,6.48,110.68,0.4286,0.6192,25,0,4,4,4,2,0,4,159.53,0.34,0.056,2.563,0.725,12,0.48,0,0,2,1,2,0,2,1,0,746.426,1.63,825571.478,-1.1,17.321,7.646,3.575,1,1
C[C@@H](NCCCc1cccc(C(F)(F)F)c1)c1cccc2ccccc12,357.42,357.17,6.14,12.03,100.13,0.2727,0.5224,26,1,1,6,3,3,0,4,151.41,0.416,0.31,12.765,-4.281,16,0.6154,0,0,0,0,0,0,0,0,0,865.14,1.566,748295.972,-2.33,18.461,7.917,4.439,1,0
C[C@@H](O)[C@@H]1NC(=O)[C@H](CCCCN)NC(=O)[C@@H](Cc2c[nH]c3ccccc23)NC(=O)[C@H](Cc2ccccc2)NC(=O)[C@@H](NC(=O)[C@H](N)Cc2ccccc2)CSSC[C@@H](C(=O)N[C@H](CO)[C@@H](C)O)NC1=O,1019.26,1018.44,-0.81,332.22,272.05,0.449,0.0455,71,13,14,17,5,4,0,22,419.7,0.394,0.245,14.715,-1.663,21,0.2958,0,0,1,1,2,1,1,1,7,2395.253,1.564,1891691845453003.5,-6.01,55.911,28.138,17.079,10,0
C[C@@H](O)[C@H]1C(=O)N2C(C(=O)O)=C(SCC/N=C/N)C[C@H]12,299.35,299.09,-0.39,116.22,75.09,0.5833,0.2662,20,3,5,6,2,0,0,8,120.08,0.477,0.353,11.941,-1.102,0,0.0,0,0,2,1,2,0,2,1,1,489.094,2.108,26780.702,-1.54,14.861,5.84,2.403,3,0
C[C@@H](O)[C@H]1C(=O)N2C(C(=O)O)=C(S[C@@H]3CN[C@H](C(=O)N(C)C)C3)[C@H](C)[C@H]12,383.47,383.15,-0.31,110.18,96.11,0.7059,0.5588,26,3,6,5,3,0,0,9,156.14,0.477,0.353,12.341,-1.119,0,0.0,0,0,3,2,3,0,3,2,2,677.309,1.78,527310.369,-1.58,19.189,6.862,2.913,6,0
C[C@@H](O[C@H]1OCCN(Cc2n[nH]c(=O)[nH]2)[C@H]1c1ccc(F)cc1)c1cc(C(F)(F)F)cc(C(F)(F)F)c1,534.43,534.15,4.95,83.24,114.45,0.3913,0.4376,37,2,5,6,4,3,0,14,204.75,0.416,0.349,13.584,-5.009,17,0.4595,0,0,1,1,2,1,1,1,0,1238.575,1.663,118959626.121,-3.23,26.822,10.263,6.374,3,0
C[C@@H](c1ncncc1F)[C@](O)(Cn1cncn1)c1ccc(F)cc1F,349.32,349.12,2.18,76.72,80.68,0.25,0.764,25,1,6,5,3,3,0,9,140.56,0.382,0.163,14.379,-1.958,17,0.68,0,0,0,0,2,2,0,0,0,873.967,2.127,537334.588,-2.81,17.027,6.595,3.225,2,0
C[C@@H]1C[C@H]2[C@@H]3CCC4=CC(=O)C=C[C@]4(C)[C@@]3(F)[C@@H](O)C[C@]2(C)[C@@]1(O)C(=O)CO,392.47,392.2,1.9,94.83,99.94,0.7273,0.6672,28,3,5,2,4,0,0,6,163.87,0.39,0.19,16.859,-1.98,0,0.0,0,0,4,3,0,0,0,0,0,804.749,1.838,1500075.637,-1.37,19.925,5.833,2.014,8,0
C[C@@H]1C[C@H]2[C@@H]3C[C@H](F)C4=CC(=O)C=C[C@]4(C)[C@H]3[C@@H](O)C[C@]2(C)[C@H]1C(=O)CO,376.47,376.2,2.64,74.6,98.41,0.7273,0.777,27,2,4,2,4,0,0,5,159.08,0.393,0.178,15.194,-1.206,0,0.0,0,0,4,3,0,0,0,0,0,742.595,1.773,1044455.798,-1.33,19.007,6.082,2.468,9,0
C[C@@H]1OC(=O)CC(O)CC(O)CC(O)CCC(O)C(O)C[C@]2(O)CC(O)C(C(=O)O)C(CC(O[C@H]3O[C@H](C)[C@@H](O)[C@H](N)[C@@H]3O)/C=C/C=C/C=C/C=C/CC/C=C/C=C/[C@H](C)[C@@H](O)[C@H]1C)O2,926.11,925.5,0.94,319.61,237.09,0.7021,0.1753,65,12,17,3,3,0,0,18,381.23,0.481,0.311,12.621,-2.353,0,0.0,0,0,3,2,3,0,3,2,0,1619.953,1.837,26516073899290.023,-3.18,56.145,27.588,18.791,19,9
C[C@@H]1O[C@@H](O[C@@H]2C=C3CC[C@@H]4[C@H](CC[C@]5(C)[C@@H](c6ccc(=O)oc6)CC[C@]45O)[C@@]3(C)CC2)[C@H](O)[C@H](O)[C@H]1O,530.66,530.29,3.01,129.59,138.11,0.7667,0.4391,38,4,8,3,6,1,0,8,223.21,0.431,0.335,12.4,-1.305,6,0.1579,0,0,5,4,2,1,1,1,0,1126.812,1.211,366442453.656,-1.55,26.661,9.248,3.82,12,0
C[C@@H]1O[C@@H](O[C@H]2C[C@@H](O)[C@]3(CO)[C@H]4[C@H](O)C[C@]5(C)[C@@H](C6=CC(=O)OC6)CC[C@]5(O)[C@@H]4CC[C@]3(O)C2)[C@H](O)[C@H](O)[C@H]1O,584.66,584.28,-1.51,206.6,138.6,0.8966,0.1402,41,8,12,4,6,0,0,12,238.09,0.458,0.331,12.397,-1.675,0,0.0,0,0,6,5,2,0,2,1,0,1084.015,1.282,1204589290.67,-1.19,29.863,9.914,3.989,15,0
C[C@@H]1O[C@@H]1P(=O)(O)O,138.06,138.01,-0.09,70.06,26.38,1.0,0.392,8,2,2,1,1,0,0,5,46.63,0.356,0.356,10.173,-3.905,0,0.0,0,0,1,1,1,0,1,1,0,138.219,2.517,74.657,0.11,6.233,1.544,1.088,2,0
C[C@H](CN1CCOCC1)C(C(=O)N1CCCC1)(c1ccccc1)c1ccccc1,392.54,392.25,3.56,32.78,115.9,0.48,0.7535,29,0,3,6,4,2,0,4,174.02,0.379,0.238,14.234,-0.675,12,0.4138,0,0,2,2,2,0,2,2,1,741.485,1.813,8081079.838,-2.17,20.117,9.101,3.964,1,0
C[C@H](CS)C(=O)N1CCC[C@H]1C(=O)O,217.29,217.08,0.63,57.61,55.39,0.7778,0.6816,14,2,3,3,1,0,0,5,88.69,0.48,0.326,11.705,-0.901,0,0.0,0,0,1,1,1,0,1,1,1,244.212,2.667,1627.215,-0.71,11.365,4.683,2.204,2,0
C[C@H](Cn1cnc2c(N)ncnc21)OCP(=O)(O)O,287.22,287.08,-0.05,136.38,67.19,0.4444,0.6508,19,3,7,5,2,2,0,10,108.16,0.382,0.35,10.708,-4.158,9,0.4737,0,0,0,0,2,2,0,0,0,624.098,2.092,17986.516,-1.54,13.882,5.217,3.477,1,0
C[C@H](N)[C@H](O)c1ccccc1,151.21,151.1,1.07,46.25,45.05,0.3333,0.6637,11,2,2,2,1,1,0,2,66.66,0.387,0.094,9.473,-0.545,6,0.5455,0,0,0,0,0,0,0,0,0,208.063,2.768,335.479,-0.86,8.239,3.508,2.033,2,0
C[C@H](NCCc1ccc(O)cc1)[C@H](O)c1ccc(O)cc1,287.36,287.15,2.35,72.72,82.34,0.2941,0.6579,21,4,4,6,2,2,0,4,124.25,0.508,0.115,10.236,-0.62,12,0.5714,0,0,0,0,0,0,0,0,0,551.253,1.819,55615.204,-2.04,15.351,7.108,4.479,2,0
C[C@H]1CN(c2c(F)c(N)c3c(=O)c(C(=O)O)cn(C4CC4)c3c2F)C[C@@H](C)N1,392.41,392.17,2.08,100.59,102.04,0.4737,0.6918,28,3,6,3,4,2,0,9,159.28,0.477,0.341,15.645,-1.449,10,0.3571,0,0,2,2,2,1,1,1,0,1038.121,2.047,2915553.45,-2.68,18.673,6.439,2.808,2,0
C[C@H]1C[C@H]2[C@@H]3CCC4=CC(=O)C=C[C@]4(C)[C@@]3(F)[C@@H](O)C[C@]2(C)[C@@]1(O)C(=O)CO,392.47,392.2,1.9,94.83,99.94,0.7273,0.6672,28,3,5,2,4,0,0,6,163.87,0.39,0.19,16.859,-1.98,0,0.0,0,0,4,3,0,0,0,0,0,804.749,1.838,1500075.637,-1.37,19.925,5.833,2.014,8,0
C[C@H]1C[C@H]2[C@@H]3CC[C@](O)(C(=O)CO)[C@@]3(C)C[C@H](O)[C@@H]2[C@@]2(C)C=CC(=O)C=C12,374.48,374.21,1.8,94.83,99.6,0.7273,0.6851,27,3,5,2,4,0,0,5,159.71,0.393,0.19,12.415,-1.572,0,0.0,0,0,4,3,0,0,0,0,0,753.802,1.781,1040099.567,-1.3,19.035,5.85,2.281,8,0
C[C@H]1O[C@@H](O[C@H]2[C@@H](O)C[C@H](O[C@H]3[C@@H](O)C[C@H](O[C@H]4CC[C@]5(C)[C@H]6CC[C@]7(C)[C@@H](C8=CC(=O)OC8)CC[C@]7(O)[C@@H]6CC[C@@H]5C4)O[C@@H]3C)O[C@@H]2C)C[C@H](O)[C@@H]1O,764.95,764.43,3.25,182.83,191.22,0.9268,0.1885,54,5,13,7,8,0,0,13,318.53,0.458,0.331,12.558,-0.996,0,0.0,0,0,8,7,4,0,4,3,0,1374.418,0.826,980956654694.504,-1.23,39.589,14.858,6.822,20,0
C[C@H]1O[C@@H](O[C@H]2[C@@H](O)C[C@H](O[C@H]3[C@@H](O)C[C@H](O[C@H]4CC[C@]5(C)[C@H]6C[C@@H](O)[C@]7(C)[C@@H](C8=CC(=O)OC8)CC[C@]7(O)[C@@H]6CC[C@@H]5C4)O[C@@H]3C)O[C@@H]2C)C[C@H](O)[C@@H]1O,780.95,780.43,2.22,203.06,192.61,0.9268,0.1622,55,6,14,7,8,0,0,14,323.32,0.458,0.331,12.568,-1.012,0,0.0,0,0,8,7,4,0,4,3,0,1409.004,0.837,1464396350590.478,-1.27,40.507,15.081,6.95,21,0
C[C@H]1O[C@H](O[C@@H]2[C@@H](CO)O[C@H](O[C@H]([C@H](O)CO)[C@H](O)[C@@H](O)C=O)[C@H](O)[C@H]2O)[C@H](O)[C@@H](O)[C@@H]1N[C@H]1C=C(CO)[C@@H](O)[C@H](O)[C@H]1O,645.61,645.25,-8.72,329.01,138.93,0.88,0.0653,44,14,19,13,3,0,0,19,250.28,0.394,0.187,10.883,-2.103,0,0.0,0,0,3,2,2,0,2,2,0,942.774,1.71,2231599884.241,-1.31,37.151,15.996,7.793,18,0
C[C@H]1[C@H](NC(=O)/C(=N\OC(C)(C)C(=O)O)c2csc([NH3+])n2)C(=O)N1S(=O)(=O)[O-],435.44,435.05,-2.22,206.03,91.93,0.4615,0.183,28,3,10,7,2,1,0,15,162.59,0.731,0.35,12.567,-4.998,5,0.1786,1,1,1,1,2,1,1,1,2,953.885,2.259,690205.594,-2.62,21.678,7.42,4.268,2,0
C[C@H]1c2cccc(O)c2C(=O)C2=C(O)[C@]3(O)C(=O)C(C(N)=O)=C(O)[C@@H](N(C)C)[C@@H]3[C@@H](O)[C@@H]21,444.44,444.15,-0.35,181.62,109.77,0.4091,0.3322,32,6,9,2,4,1,0,10,182.43,0.51,0.255,13.317,-2.895,6,0.1875,0,0,3,0,0,0,0,0,1,1136.74,2.061,8427682.936,-3.21,22.001,6.893,2.478,6,0
C[C@](N)(Cc1ccc(O)c(O)c1)C(=O)O,211.22,211.08,0.44,103.78,53.7,0.3,0.543,15,4,4,3,1,1,0,5,86.78,0.504,0.323,10.74,-1.386,6,0.4,0,0,0,0,0,0,0,0,0,387.009,2.905,1479.518,-1.75,11.325,3.781,2.6,1,0
C[C@]12CCC3=C4CCC(=O)C=C4CC[C@H]3[C@@H]1CC[C@@]2(O)CC#N,311.43,311.19,3.84,61.09,87.32,0.7,0.8001,23,1,3,1,4,0,0,3,137.62,0.388,0.156,11.706,-0.804,0,0.0,0,0,4,2,0,0,0,0,0,667.619,1.718,232067.573,-1.4,15.147,5.046,2.006,4,0
C[C@]12CC[C@@H]3c4ccc(O)cc4CC[C@H]3[C@@H]1CC[C@@H]2O,272.39,272.18,3.61,40.46,78.73,0.6667,0.7572,20,2,2,0,4,1,0,2,120.38,0.508,0.115,10.372,-0.088,6,0.3,0,0,3,2,0,0,0,0,0,538.22,1.711,62569.189,-1.02,12.7,4.237,1.605,5,0
C[C@]12CC[C@H]3[C@@H](CCC4=CC(=O)CC[C@@]43C)[C@@H]1CC[C@@H]2O,288.43,288.21,3.88,37.3,82.72,0.8421,0.7342,21,1,2,0,4,0,0,2,127.55,0.393,0.155,11.787,-0.082,0,0.0,0,0,4,3,0,0,0,0,0,507.696,1.688,85969.522,-0.63,13.994,4.44,1.776,6,0
C[C@]12C[C@H](O)[C@H]3[C@@H](CCC4=CC(=O)C=C[C@@]43C)[C@@H]1CC[C@]2(O)C(=O)CO,360.45,360.19,1.56,94.83,95.05,0.7143,0.6946,26,3,5,2,4,0,0,5,153.34,0.393,0.19,12.35,-1.562,0,0.0,0,0,4,3,0,0,0,0,0,723.913,1.747,715692.138,-1.3,18.081,5.6,2.079,7,0
C[N+]1(CC2CC2)[C@H]2C[C@H](OC(=O)[C@H](CO)c3ccccc3)C[C@@H]1[C@H]1O[C@@H]21,358.46,358.2,1.84,59.06,95.4,0.6667,0.4789,26,1,4,6,5,1,1,5,154.03,0.461,0.316,12.7,-0.589,6,0.2308,1,0,4,4,3,0,3,3,0,670.511,1.272,2391634.783,-1.43,16.723,6.044,2.682,7,1
Cc1[nH]c(=O)c(C#N)cc1-c1ccncc1,211.22,211.07,1.62,69.54,59.75,0.0833,0.7787,16,1,3,1,2,2,0,4,92.21,0.325,0.266,11.364,-0.349,12,0.75,0,0,0,0,2,2,0,0,0,608.396,2.678,5314.726,-2.41,10.12,3.989,1.708,0,0
Cc1[nH]cnc1CN1CCc2c(c3ccccc3n2C)C1=O,294.36,294.15,2.41,53.92,84.69,0.2941,0.7888,22,1,3,2,4,3,0,5,128.12,0.348,0.256,12.956,0.112,14,0.6364,0,0,1,0,3,2,1,0,1,874.047,1.768,209851.397,-2.56,13.127,4.729,1.781,0,0
Cc1c(C)c2c(c(C)c1O)CCC(C)(COc1ccc(CC3SC(=O)NC3=O)cc1)O2,441.55,441.16,4.37,84.86,120.23,0.4167,0.7166,31,2,6,5,4,2,0,7,185.87,0.507,0.286,11.736,-0.467,12,0.3871,0,0,2,1,2,0,2,1,2,1049.171,1.405,9100031.311,-2.67,21.558,8.112,4.237,2,2
Cc1c(O)cccc1C(=O)N[C@@H](CSc1ccccc1)[C@H](O)CN1C[C@H]2CCCC[C@H]2C[C@H]1C(=O)NC(C)(C)C,567.8,567.31,4.75,101.9,160.59,0.5625,0.3265,40,4,6,9,4,2,0,8,242.67,0.508,0.252,13.461,-0.886,12,0.3,0,0,2,2,1,0,1,1,2,1152.595,1.536,556232048.74,-2.55,30.41,13.408,8.015,5,0
Cc1c(OCC(F)(F)F)ccnc1CS(=O)c1nc2ccccc2[nH]1,369.37,369.08,3.52,67.87,86.73,0.25,0.7473,25,1,4,5,3,3,0,9,143.26,0.484,0.422,12.521,-4.424,15,0.6,0,0,0,0,2,2,0,0,0,891.374,1.786,462333.628,-2.42,17.405,6.831,4.163,1,1
Cc1cc(=O)n(-c2ccccc2)n1C,188.23,188.09,1.48,26.93,55.75,0.1818,0.6656,14,0,3,1,2,2,0,3,82.2,0.285,0.271,11.603,0.01,11,0.7857,0,0,0,0,1,1,0,0,0,493.751,2.688,2116.424,-1.77,8.812,3.178,1.267,0,0
Cc1cc(C)nc(NS(=O)(=O)c2ccc(N)cc2)n1,278.34,278.08,1.48,97.97,73.17,0.1667,0.8285,19,2,5,3,2,2,0,7,111.31,0.399,0.264,12.104,-3.694,12,0.6316,0,0,0,0,1,1,0,0,0,675.919,2.331,14228.351,-2.15,13.286,4.848,3.195,0,0
Cc1cc(NS(=O)(=O)c2ccc(N)cc2)no1,253.28,253.05,1.37,98.22,62.9,0.1,0.8047,17,2,5,3,2,2,0,7,98.47,0.399,0.263,11.889,-3.645,11,0.6471,0,0,0,0,1,1,0,0,0,616.501,2.277,7651.767,-2.02,11.465,4.096,2.563,0,0
Cc1cc(O)c2c(=O)c3c(O)cc(O)c4c5c(O)cc(O)c6c(=O)c7c(O)cc(C)c8c1c2c(c34)c(c78)c65,504.45,504.08,5.08,155.52,145.73,0.0667,0.1233,38,6,8,0,8,8,0,8,209.96,0.507,0.201,13.905,-0.661,28,0.7368,0,0,0,0,0,0,0,0,0,2170.328,2.041,467735085.494,-5.24,20.903,6.002,1.932,0,0
Cc1cc2c(OCC(O)CNC(C)C)cccc2[nH]1,262.35,262.17,2.21,57.28,77.68,0.4667,0.7479,19,3,3,6,2,2,0,4,113.33,0.49,0.128,9.841,-0.502,9,0.4737,0,0,0,0,1,1,0,0,0,533.925,1.974,22330.02,-1.52,13.901,6.083,3.719,1,1
Cc1cc2c(s1)Nc1ccccc1N=C2N1CCN(C)CC1,312.44,312.14,3.44,30.87,94.05,0.3529,0.8083,22,1,5,0,4,2,0,5,134.64,0.353,0.139,5.011,1.025,11,0.5,0,0,2,1,3,1,2,1,0,726.01,1.809,183740.05,-1.85,13.788,5.409,2.401,0,0
Cc1ccc(-c2nc3ccc(C)cn3c2CC(=O)N(C)C)cc1,307.4,307.17,3.25,37.61,92.5,0.2632,0.7447,23,0,3,3,3,3,0,4,135.94,0.348,0.228,12.261,0.071,15,0.6522,0,0,0,0,2,2,0,0,1,860.202,2.19,190014.973,-2.62,15.282,5.876,2.972,0,0
Cc1ccc(C(=O)c2cc(O)c(O)c([N+](=O)[O-])c2)cc1,273.24,273.06,2.55,100.67,71.04,0.0714,0.3871,20,2,5,3,2,2,0,6,113.62,0.504,0.315,12.181,-0.86,12,0.6,1,1,0,0,0,0,0,0,0,691.456,2.499,27193.218,-2.89,13.54,5.005,2.44,0,0
Cc1ccc(C(=O)c2ccc(CC(=O)O)n2C)cc1,257.29,257.11,2.19,59.3,71.36,0.2,0.854,19,1,3,4,2,2,0,4,110.85,0.481,0.309,12.309,-0.907,11,0.5789,0,0,0,0,1,1,0,0,0,623.34,2.316,20987.176,-2.36,13.081,5.099,2.731,0,0
Cc1ccc(C)c(OCCCC(C)(C)C(=O)O)c1,250.34,250.16,3.57,46.53,72.06,0.5333,0.785,18,1,2,6,1,1,0,3,108.79,0.493,0.309,10.943,-0.755,6,0.3333,0,0,0,0,0,0,0,0,0,421.747,2.429,6869.173,-1.51,14.551,5.894,4.058,0,0
Cc1ccc(NC(=O)c2ccc(CN3CCN(C)CC3)cc2)cc1Nc1nccc(-c2cccnc2)n1,493.62,493.26,4.59,86.28,146.89,0.2414,0.3894,37,2,7,7,5,4,0,8,216.96,0.324,0.255,12.93,-0.143,24,0.6486,0,0,1,1,3,2,1,1,1,1350.556,1.235,321337165.808,-4.14,24.55,11.282,6.355,0,0
Cc1ccc(Nc2c(F)cccc2Cl)c(CC(=O)O)c1,293.73,293.06,4.16,49.33,77.21,0.1333,0.8897,20,2,2,4,2,2,0,5,120.56,0.481,0.307,13.746,-0.946,12,0.6,0,0,0,0,0,0,0,0,0,638.067,2.402,26807.922,-2.07,14.341,5.924,3.275,0,0
Cc1ccc(S(=O)(=O)NC(=O)NN2CC3CCCC3C2)cc1,323.42,323.13,1.63,78.51,82.44,0.5333,0.886,22,2,4,3,3,1,0,7,130.46,0.343,0.27,12.133,-3.825,6,0.2727,0,0,2,2,1,0,1,1,2,645.115,1.58,119001.774,-1.6,15.302,5.888,3.25,2,2
Cc1ccc2c(-c3ccccc3)nc(=O)n(C(C)C)c2c1,278.36,278.14,3.95,34.89,86.56,0.2222,0.711,21,0,3,2,3,3,0,3,123.44,0.348,0.289,12.432,-0.193,16,0.7619,0,0,0,0,1,1,0,0,0,848.216,2.439,68504.379,-2.42,13.558,5.168,2.354,0,0
Cc1cccc(C)c1NC(=O)C(C)N,192.26,192.13,1.59,55.12,58.2,0.3636,0.7472,14,2,2,2,1,1,0,3,84.31,0.324,0.241,11.381,-0.478,6,0.4286,0,0,0,0,0,0,0,0,1,324.891,2.913,1131.583,-1.35,10.729,4.242,2.326,1,1
Cc1cccc(C)c1NC(=O)c1cc(S(N)(=O)=O)c(Cl)cc1O,354.82,354.04,2.56,109.49,88.36,0.1333,0.7863,23,3,4,3,2,2,0,8,138.49,0.507,0.259,12.38,-4.119,12,0.5217,0,0,0,0,0,0,0,0,1,874.34,2.481,79211.954,-2.09,17.267,6.192,3.636,0,0
Cc1cccc(C)c1OCC(C)N,179.26,179.13,2.03,35.25,55.06,0.4545,0.7702,13,1,2,3,1,1,0,2,79.71,0.491,0.125,5.615,0.082,6,0.4615,0,0,0,0,0,0,0,0,0,261.169,2.751,723.132,-1.02,10.063,4.283,2.739,1,1
Cc1ccccc1C(OCCN(C)C)c1ccccc1,269.39,269.18,3.66,12.47,83.97,0.3333,0.7932,20,0,2,6,2,2,0,2,121.55,0.367,0.108,6.164,0.011,12,0.6,0,0,0,0,0,0,0,0,0,521.951,2.229,37793.316,-1.64,14.763,7.225,3.925,1,1
Cc1ccccc1N1C(=O)c2cc(S(N)(=O)=O)c(Cl)cc2NC1C,365.84,365.06,2.71,92.5,93.9,0.1875,0.8553,24,2,4,2,3,2,0,8,144.82,0.364,0.262,12.977,-4.025,12,0.5,0,0,1,0,1,0,1,0,1,943.579,2.167,186246.249,-2.09,16.757,5.768,2.747,1,1
Cc1ccnc2c1NC(=O)c1cccnc1N2C1CC1,266.3,266.12,2.65,58.12,76.33,0.2667,0.8617,20,1,4,1,4,2,0,5,116.21,0.318,0.259,12.403,-0.117,12,0.6,0,0,2,1,3,2,1,0,1,708.77,2.002,110375.656,-2.43,11.401,4.03,1.592,0,0
Cc1ccsc1C(=CCCN1CCC[C@@H](C(=O)O)C1)c1sccc1C,375.56,375.13,5.04,40.54,106.61,0.45,0.7684,25,1,4,6,3,2,0,5,157.17,0.481,0.307,11.232,-0.649,10,0.4,0,0,1,1,3,2,1,1,0,717.094,1.728,664633.006,-1.43,18.364,8.3,4.403,1,0
Cc1cn([C@H]2C=C[C@@H](CO)O2)c(=O)[nH]c1=O,224.22,224.08,-0.71,84.32,56.2,0.4,0.6499,16,2,5,2,2,1,0,6,90.81,0.393,0.33,11.505,-0.569,6,0.375,0,0,1,0,2,1,1,0,0,528.356,2.362,5760.167,-1.66,10.845,4.07,1.843,2,0
Cc1cn([C@H]2C[C@H](N=[N+]=[N-])[C@@H](CO)O2)c(=O)[nH]c1=O,267.25,267.1,-0.2,133.08,64.61,0.6,0.4454,19,2,6,3,2,1,0,9,106.63,0.394,0.33,11.7,-0.671,6,0.3158,1,1,1,1,2,1,1,1,0,629.543,2.342,22562.16,-2.09,13.344,5.269,2.526,3,0
Cc1cnc(C(=O)NCCc2ccc(S(=O)(=O)NC(=O)NC3CCCCC3)cc2)cn1,445.55,445.18,2.08,130.15,114.97,0.4286,0.5982,31,3,6,7,3,2,0,10,181.67,0.35,0.328,12.438,-3.948,12,0.3871,0,0,1,1,1,1,0,0,3,1001.071,1.481,7718338.411,-3.01,22.67,10.34,6.745,0,0
Cc1cnc(C(=O)O)c[n+]1[O-],154.12,154.04,-0.28,77.13,34.89,0.1667,0.4455,11,1,3,1,1,1,0,5,62.51,0.618,0.36,10.758,-1.199,6,0.5455,1,1,0,0,1,1,0,0,0,297.879,3.152,271.813,-1.65,7.457,2.531,1.429,0,0
Cc1cnc(NC(=O)C2=C(O)c3ccccc3S(=O)(=O)N2C)s1,351.41,351.03,1.95,99.6,86.42,0.1429,0.8614,23,2,6,2,3,2,0,9,136.5,0.505,0.278,12.509,-3.897,11,0.4783,0,0,1,0,2,1,1,0,1,931.004,2.087,168046.915,-2.39,15.504,5.356,2.471,0,0
Cc1nc2n(c(=O)c1CCN1CCC(c3noc4cc(F)ccc34)CC1)CCCC2,410.49,410.21,3.59,64.16,112.26,0.5217,0.6577,30,0,6,4,5,3,0,7,174.24,0.356,0.256,13.391,-0.303,15,0.5,0,0,2,1,4,2,2,1,0,1128.169,1.233,12434275.798,-2.54,19.425,7.946,3.555,0,0
Cc1ncc([N+](=O)[O-])n1CCO,171.16,171.06,0.09,81.19,40.7,0.5,0.5159,12,1,5,3,1,1,0,6,68.61,0.392,0.342,10.373,-0.518,5,0.4167,1,1,0,0,1,1,0,0,0,294.228,3.033,563.535,-1.43,8.665,3.311,1.424,0,0
Cc1ncc2n1-c1ccc(Cl)cc1C(c1ccccc1F)=NC2,325.77,325.08,4.32,30.18,89.05,0.1111,0.6549,23,0,3,1,4,3,0,5,137.64,0.298,0.132,14.302,-0.293,17,0.7391,0,0,1,0,2,1,1,0,0,943.19,2.027,280153.657,-2.46,14.153,5.318,2.263,0,0
Cc1nccn1CC1CCc2c(c3ccccc3n2C)C1=O,293.37,293.15,3.13,39.82,86.02,0.3333,0.728,22,0,4,2,4,3,0,4,128.94,0.347,0.17,13.035,0.047,14,0.6364,0,0,1,0,2,2,0,0,0,871.72,1.768,209851.397,-2.36,13.313,4.834,1.832,1,1
Cc1ncsc1CCCl,161.66,161.01,2.23,12.89,41.28,0.5,0.6067,9,0,2,2,1,1,0,3,63.69,0.25,0.08,5.544,0.697,5,0.5556,0,0,0,0,1,1,0,0,0,184.938,2.689,152.775,-0.08,7.032,3.18,1.663,0,0
Cc1nnc(SCC2=C(C(=O)O)N3C(=O)[C@@H](NC(=O)Cn4cnnn4)[C@H]3SC2)s1,454.52,454.03,-0.64,156.09,102.87,0.4286,0.4052,29,2,12,7,4,2,0,15,175.67,0.477,0.352,12.598,-1.161,10,0.3448,0,0,2,1,4,2,2,1,2,990.914,1.437,4550942.279,-2.52,19.782,8.077,3.971,2,0
Cc1nnc2n1-c1ccc(Cl)cc1C(c1ccccc1)=NC2,308.77,308.08,3.58,43.07,86.89,0.1176,0.6894,22,0,4,1,4,3,0,5,132.66,0.281,0.159,6.228,0.497,17,0.7727,0,0,1,0,2,1,1,0,0,880.93,2.013,194436.748,-2.46,13.22,5.07,2.037,0,0
Cc1nnc2n1-c1ccc(Cl)cc1C(c1ccccc1Cl)=NC2,343.22,342.04,4.23,43.07,91.9,0.1176,0.6635,23,0,4,1,4,3,0,6,142.96,0.281,0.159,6.385,0.438,17,0.7391,0,0,1,0,2,1,1,0,0,943.516,2.027,280153.657,-2.17,14.424,5.477,2.347,0,0
Cc1nnc2n1-c1sc(Br)cc1C(c1ccccc1Cl)=NC2,393.7,391.95,4.4,43.07,92.47,0.1333,0.6146,22,0,5,1,4,3,0,7,144.17,0.276,0.16,6.377,0.487,16,0.7273,0,0,1,0,3,2,1,0,0,912.161,2.0,186818.268,-1.5,14.115,5.296,2.136,0,0
Cc1noc(NS(=O)(=O)c2ccc(N)cc2)c1C,267.31,267.07,1.67,98.22,67.64,0.1818,0.8242,18,2,5,3,2,2,0,7,104.83,0.399,0.264,12.035,-3.679,11,0.6111,0,0,0,0,1,1,0,0,0,659.342,2.328,11425.169,-2.02,12.437,4.338,2.303,0,0
Cc1onc(-c2c(Cl)cccc2Cl)c1C(=O)N[C@@H]1C(=O)N2[C@@H](C(=O)O)C(C)(C)S[C@H]12,470.33,469.03,3.2,112.74,111.68,0.3684,0.6603,30,2,6,4,4,2,0,11,185.41,0.48,0.327,13.064,-1.071,11,0.3667,0,0,2,2,3,1,2,2,2,1065.867,1.623,4159133.087,-2.23,21.019,7.177,3.07,3,0
Cc1onc(-c2ccccc2)c1-c1ccc(S(N)(=O)=O)cc1,314.37,314.07,2.96,86.19,83.49,0.0625,0.8049,22,1,4,3,3,3,0,6,127.98,0.36,0.238,11.333,-3.7,17,0.7727,0,0,0,0,1,1,0,0,0,898.324,2.115,126618.446,-2.44,14.495,5.398,2.659,0,0
Cc1onc(-c2ccccc2)c1C(=O)N[C@@H]1C(=O)N2[C@@H](C(=O)O)C(C)(C)S[C@H]12,401.44,401.1,1.9,112.74,101.66,0.3684,0.7525,28,2,6,4,4,2,0,9,164.8,0.48,0.327,12.927,-1.042,11,0.3929,0,0,2,2,3,1,2,2,2,971.204,1.577,2035775.199,-2.81,18.549,6.37,2.687,3,0
Cc1onc(-c2ccccc2Cl)c1C(=O)N[C@@H]1C(=O)N2[C@@H](C(=O)O)C(C)(C)S[C@H]12,435.89,435.07,2.55,112.74,106.67,0.3684,0.7093,29,2,6,4,4,2,0,10,175.11,0.48,0.327,12.996,-1.056,11,0.3793,0,0,2,2,3,1,2,2,2,1036.602,1.598,2912873.702,-2.52,19.782,6.773,2.995,3,0
Clc1ccc(C(c2ccccc2Cl)C(Cl)Cl)cc1,320.05,317.95,5.93,0.0,80.24,0.1429,0.615,18,0,0,3,2,2,0,4,126.43,0.118,0.104,6.201,-0.578,12,0.6667,0,0,0,0,0,0,0,0,0,519.572,2.468,12244.371,-0.4,14.019,6.164,3.129,1,1
Clc1ccc(COC(Cn2ccnc2)c2ccc(Cl)cc2Cl)c(Cl)c1,416.14,413.99,6.45,27.05,102.68,0.1667,0.4617,25,0,3,6,3,3,0,7,165.61,0.367,0.102,6.365,-0.286,17,0.68,0,0,0,0,1,1,0,0,0,852.287,1.827,584930.751,-1.23,18.558,8.434,4.901,1,1
Clc1ccc2c(c1)C(N1CCNCC1)=Nc1ccccc1O2,313.79,313.1,3.43,36.86,88.61,0.2353,0.8093,22,1,4,0,4,2,0,5,133.92,0.454,0.153,6.204,0.691,12,0.5455,0,0,2,1,2,0,2,1,0,738.434,1.884,209135.178,-2.04,13.611,5.63,2.446,0,0
Clc1ccc2nsnc2c1NC1=NCCN1,253.72,253.02,1.72,62.2,66.35,0.2222,0.8124,16,2,6,1,3,2,0,7,100.86,0.354,0.196,6.13,0.622,9,0.5625,0,0,1,0,2,1,1,0,0,564.025,2.062,10804.107,-1.4,9.8,3.877,1.595,0,0
Clc1cccc(Cl)c1NC1=NCCN1,230.1,229.02,2.36,36.42,60.39,0.2222,0.7764,14,2,3,1,2,1,0,5,92.12,0.354,0.196,5.978,0.592,6,0.4286,0,0,1,0,1,0,1,0,0,356.07,2.23,2573.305,-0.93,9.618,4.067,1.938,0,0
Cn1c(=O)c2[nH]cnc2n(C)c1=O,180.17,180.06,-1.04,72.68,46.58,0.2857,0.5625,13,1,5,0,2,2,0,6,72.45,0.339,0.332,11.441,-0.371,9,0.6923,0,0,0,0,2,2,0,0,0,574.171,3.212,1349.044,-1.85,7.781,2.317,0.851,0,0
Cn1c(=O)c2c(ncn2C)n(C)c1=O,194.19,194.08,-1.03,61.82,51.2,0.375,0.5385,14,0,6,0,2,2,0,6,79.03,0.332,0.328,11.672,-0.36,9,0.6429,0,0,0,0,2,2,0,0,0,616.529,3.221,1876.09,-1.85,8.735,2.568,0.876,0,0
Cn1c(CCCC(=O)O)nc2cc(N(CCCl)CCCl)ccc21,358.27,357.1,3.26,58.36,94.94,0.5,0.6993,23,1,4,9,2,2,0,7,145.36,0.481,0.303,10.635,-0.774,9,0.3913,0,0,0,0,1,1,0,0,0,666.634,2.232,153722.135,-1.46,17.887,8.408,4.516,0,0
Cn1cc[nH]c1=S,114.17,114.03,1.08,20.72,30.6,0.25,0.5005,7,1,2,0,1,1,0,3,46.79,0.337,0.176,4.794,0.764,5,0.7143,0,0,0,0,1,1,0,0,0,197.455,3.392,49.54,-0.57,4.586,1.5,0.718,0,0
Cn1cnc([N+](=O)[O-])c1Sc1ncnc2nc[nH]c12,277.27,277.04,1.15,115.42,65.67,0.1111,0.4333,19,1,8,3,3,3,0,10,109.82,0.396,0.358,10.902,-0.52,14,0.7368,1,1,0,0,3,3,0,0,0,764.862,2.083,37430.742,-2.49,11.592,4.315,1.909,0,0
Cn1nnc2c(C(N)=O)ncn2c1=O,194.15,194.06,-2.08,108.17,44.54,0.1667,0.5601,14,1,7,1,2,2,0,8,76.97,0.364,0.352,11.395,-0.741,9,0.6429,0,0,0,0,2,2,0,0,1,567.196,2.906,2040.691,-2.25,8.353,2.62,0.969,0,0
Fc1ccc([C@@H]2CCNC[C@H]2COc2ccc3c(c2)OCO3)cc1,329.37,329.14,3.33,39.72,88.18,0.3684,0.9339,24,1,4,4,4,2,0,5,140.09,0.493,0.231,13.17,-0.194,12,0.5,0,0,2,1,2,0,2,1,0,704.258,1.443,664545.918,-2.27,15.269,6.69,3.17,2,0
N#Cc1ccc(C(c2ccc(C#N)cc2)n2cncn2)cc1,285.31,285.1,2.66,78.29,79.58,0.0588,0.7407,22,0,5,3,3,3,0,5,127.25,0.241,0.137,8.918,-0.15,17,0.7727,0,0,0,0,1,1,0,0,0,776.56,2.071,206195.276,-3.44,13.539,5.904,2.562,0,0
N#Cc1ccccc1OCC(O)CNCCNC(=O)Cc1ccc(O)cc1,369.42,369.17,0.95,114.61,100.35,0.3,0.4638,27,4,6,10,2,2,0,7,157.76,0.508,0.224,11.817,-0.732,12,0.4444,0,0,0,0,0,0,0,0,1,771.541,1.572,1069967.713,-3.08,20.235,10.809,7.359,1,1
N/N=c1/cc2c(n[nH]1)CCN(C(=O)c1ccccc1)C2,269.31,269.13,0.38,87.37,73.22,0.2143,0.5794,20,2,4,1,3,2,0,6,115.48,0.334,0.254,12.414,0.037,12,0.6,0,0,1,0,2,1,1,0,1,692.21,1.866,58190.393,-2.63,12.406,5.162,2.273,0,0
N=C(N)NC(=O)Cc1c(Cl)cccc1Cl,246.1,245.01,1.55,78.97,60.22,0.1111,0.5463,15,3,2,2,1,1,0,6,96.87,0.37,0.231,11.278,-0.419,6,0.4,0,0,0,0,0,0,0,0,1,386.094,2.804,1714.779,-1.26,11.813,5.0,3.416,0,0
N=C(N)NC(=O)c1nc(Cl)c(N)nc1N,229.63,229.05,-1.08,156.79,55.25,0.0,0.3044,15,5,6,1,1,1,0,9,89.32,0.382,0.28,11.326,-0.769,6,0.4,0,0,0,0,1,1,0,0,1,431.734,3.092,1562.742,-2.09,10.987,3.964,2.437,0,0
N=C(N)c1ccc(CNC(=O)[C@@H]2CCN2C(=O)[C@H](NCC(=O)O)C2CCCCC2)cc1,429.52,429.24,0.81,148.61,115.42,0.5455,0.2897,31,5,5,9,3,1,0,9,181.42,0.48,0.317,13.186,-0.998,6,0.1935,0,0,2,2,1,0,1,1,2,819.695,1.578,6121617.723,-2.94,22.739,10.388,5.815,2,0
N=C(N)c1ccc(OCCCCCOc2ccc(C(=N)N)cc2)cc1,340.43,340.19,2.88,118.2,99.76,0.2632,0.302,25,4,4,10,2,2,0,6,147.32,0.494,0.122,7.34,0.058,12,0.48,0,0,0,0,0,0,0,0,0,634.869,1.57,399575.777,-3.02,18.321,9.318,6.177,0,0
NC(=O)N1c2ccccc2C=Cc2ccccc21,236.27,236.09,3.39,46.33,73.53,0.0,0.7484,18,1,1,0,3,2,0,3,105.15,0.351,0.323,11.753,-0.474,12,0.6667,0,0,1,0,1,0,1,0,2,596.947,2.305,20630.435,-2.55,10.594,4.036,1.569,0,0
NC(=O)N1c2ccccc2CC(=O)c2ccccc21,252.27,252.09,2.64,63.4,72.64,0.0667,0.783,19,1,2,0,3,2,0,4,110.0,0.351,0.323,12.258,-0.588,12,0.6316,0,0,1,0,1,0,1,0,2,679.351,2.316,29788.971,-2.62,11.469,4.242,1.775,0,0
NC(=O)NO,76.05,76.03,-0.96,75.35,14.51,0.0,0.2566,5,3,2,0,0,0,0,4,28.54,0.35,0.335,9.229,-0.94,0,0.0,0,0,0,0,0,0,0,0,2,42.913,2.847,9.651,-0.77,4.23,1.54,3.23,0,0
NC(=O)OCC(COC(N)=O)c1ccccc1,238.24,238.1,0.96,104.64,60.25,0.2727,0.7965,17,2,4,5,1,1,0,6,98.49,0.449,0.404,10.541,-0.87,6,0.3529,0,0,0,0,0,0,0,0,2,362.318,2.644,5713.814,-2.24,12.828,6.366,4.874,0,0
NC(=O)c1ncn([C@@H]2O[C@H](CO)[C@@H](O)[C@H]2O)n1,244.21,244.08,-3.01,143.72,51.55,0.625,0.4428,17,4,8,3,2,1,0,9,95.44,0.394,0.288,10.787,-1.269,5,0.2941,0,0,1,1,2,1,1,1,1,421.803,2.195,9343.961,-1.55,11.922,4.373,2.002,4,0
NC(N)=NCCN1CCCCCCC1,198.31,198.18,0.53,67.64,60.2,0.9,0.5131,14,2,2,3,1,0,0,4,86.35,0.37,0.185,5.273,0.206,0,0.0,0,0,1,1,1,0,1,1,0,166.961,2.167,1330.961,-0.77,11.306,6.649,5.067,0,0
NC(N)=Nc1nc(CSCCC(N)=NS(N)(=O)=O)cs1,337.46,337.04,-0.77,175.83,83.09,0.375,0.2866,20,4,6,7,1,1,0,12,124.29,0.386,0.318,10.649,-3.916,5,0.25,0,0,0,0,1,1,0,0,0,603.342,2.367,18919.819,-1.37,16.684,7.422,7.276,0,0
NC12CC3CC(CC(C3)C1)C2,151.25,151.14,1.91,26.02,45.09,1.0,0.5621,11,1,1,0,4,0,0,1,68.35,0.325,0.016,6.321,0.3,0,0.0,0,0,4,4,0,0,0,0,0,150.028,1.94,434.356,-0.04,6.473,1.82,0.868,0,0
NC1CCN(c2c(F)cc3c(=O)c(C(=O)O)cn(C4CC4)c3c2Cl)C1,365.79,365.09,2.36,88.56,93.21,0.4118,0.8713,25,2,5,3,4,2,0,8,147.14,0.477,0.341,14.758,-1.326,10,0.4,0,0,2,2,2,1,1,1,0,954.529,2.028,745229.7,-2.12,16.354,5.708,2.581,1,1
NCC(CC(=O)O)c1ccc(Cl)cc1,213.66,213.06,1.86,63.32,55.5,0.3,0.8026,14,2,2,4,1,1,0,4,87.49,0.481,0.304,10.527,-0.838,6,0.4286,0,0,0,0,0,0,0,0,0,310.403,2.783,1291.598,-1.06,11.017,4.98,3.013,1,1
NCC(O)c1cccc(O)c1,153.18,153.08,0.38,66.48,42.12,0.25,0.5752,11,3,3,2,1,1,0,3,65.09,0.508,0.115,9.218,-0.679,6,0.5455,0,0,0,0,0,0,0,0,0,237.289,2.863,328.992,-1.06,8.041,3.366,1.929,1,1
NCC1(CC(=O)O)CCCCC1,171.24,171.13,1.37,63.32,46.83,0.8889,0.6737,12,2,2,3,1,0,0,3,72.95,0.481,0.303,10.576,-0.706,0,0.0,0,0,1,1,0,0,0,0,0,161.911,2.533,491.628,-0.57,9.517,3.896,2.206,0,0
NCCCC(N)(C(=O)O)C(F)F,182.17,182.09,-0.23,89.34,38.85,0.8333,0.5476,12,3,3,5,0,0,0,6,68.53,0.48,0.329,12.111,-3.068,0,0.0,0,0,0,0,0,0,0,0,0,165.627,4.294,292.345,-0.75,11.25,4.319,2.384,1,1
NCCCC[C@H](N[C@@H](CCc1ccccc1)C(=O)O)C(=O)N1CCC[C@H]1C(=O)O,405.5,405.23,1.24,132.96,108.39,0.5714,0.3845,29,4,5,12,2,1,0,8,170.62,0.48,0.326,13.063,-1.02,6,0.2069,0,0,1,1,1,0,1,1,1,682.154,2.079,3072694.216,-2.45,22.835,11.527,6.83,3,0
NCC[C@H](O)C(=O)N[C@@H]1C[C@H](N)[C@@H](O[C@H]2O[C@H](CN)CC[C@H]2N)[C@H](O)[C@H]1O[C@H]1O[C@H](CO)[C@@H](O)[C@H](N)[C@H]1O,552.63,552.31,-6.4,297.27,130.61,0.9545,0.12,38,11,15,10,3,0,0,16,220.22,0.394,0.249,12.58,-1.547,0,0.0,0,0,3,3,2,0,2,2,1,755.412,1.821,157711855.481,-1.09,31.438,14.0,7.154,14,0
NCC[C@H](O)C(=O)N[C@@H]1C[C@H](N)[C@@H](O[C@H]2O[C@H](CN)[C@@H](O)[C@H](O)[C@H]2O)[C@H](O)[C@H]1O[C@H]1O[C@H](CO)[C@@H](O)[C@H](N)[C@H]1O,585.61,585.29,-8.42,331.94,131.43,0.9545,0.1131,40,13,17,10,3,0,0,18,229.26,0.394,0.249,12.578,-1.756,0,0.0,0,0,3,3,2,0,2,2,1,815.054,1.848,351840389.643,-1.17,33.334,14.335,7.061,16,0
NC[C@@H]1O[C@H](O[C@@H]2[C@@H](CO)O[C@@H](O[C@@H]3[C@@H](O)[C@H](N)C[C@H](N)[C@H]3O[C@H]3O[C@H](CO)[C@@H](O)[C@H](O)[C@H]3N)[C@@H]2O)[C@H](N)[C@@H](O)[C@@H]1O,615.63,615.3,-8.86,347.32,136.39,1.0,0.1144,42,13,19,9,4,0,0,19,240.48,0.394,0.187,11.1,-1.621,0,0.0,0,0,4,4,3,0,3,3,0,866.379,1.496,1343092814.156,-0.76,34.12,14.121,6.6,19,0
NC[C@H](O)c1ccc(O)c(O)c1,169.18,169.07,0.09,86.71,43.79,0.25,0.4724,12,4,4,2,1,1,0,4,69.88,0.504,0.157,9.227,-0.795,6,0.5,0,0,0,0,0,0,0,0,0,275.006,2.963,497.748,-1.26,8.833,3.424,1.664,1,0
NC[C@H]1O[C@H](O[C@@H]2[C@@H](N)C[C@@H](N)[C@H](O[C@H]3O[C@H](CO)[C@@H](O)[C@H](N)[C@H]3O)[C@H]2O)[C@H](N)C[C@@H]1O,467.52,467.26,-6.3,268.17,108.37,1.0,0.174,32,10,14,6,3,0,0,14,185.05,0.394,0.186,10.972,-1.441,0,0.0,0,0,3,3,2,0,2,2,0,607.188,1.699,8788058.807,-0.56,26.052,10.794,5.236,14,0
NC[C@H]1O[C@H](O[C@@H]2[C@@H](N)C[C@@H](N)[C@H](O[C@H]3O[C@H](CO)[C@@H](O)[C@H](N)[C@H]3O)[C@H]2O)[C@H](O)[C@@H](O)[C@@H]1O,484.5,484.24,-7.29,282.61,107.79,1.0,0.1669,33,11,15,6,3,0,0,15,189.3,0.394,0.187,10.934,-1.662,0,0.0,0,0,3,3,2,0,2,2,0,584.198,1.722,13654838.447,-0.6,26.995,10.984,5.324,15,0
NNC(=O)c1ccncc1,137.14,137.06,-0.31,68.01,35.89,0.0,0.3166,10,2,3,1,1,1,0,4,58.04,0.29,0.265,10.75,-0.303,6,0.6,0,0,0,0,1,1,0,0,1,221.694,2.853,237.587,-1.42,6.697,2.932,1.295,0,0
NNc1nncc2ccccc12,160.18,160.07,0.92,63.83,47.35,0.0,0.4806,12,2,4,1,2,2,0,4,69.38,0.306,0.17,5.263,0.605,10,0.8333,0,0,0,0,1,1,0,0,0,393.685,2.791,902.114,-1.68,6.995,2.749,0.981,0,0
NS(=O)(=O)Cc1noc2ccccc12,212.23,212.03,0.62,86.19,50.82,0.125,0.79,14,1,4,2,2,2,0,6,80.54,0.356,0.214,10.838,-3.561,9,0.6429,0,0,0,0,1,1,0,0,0,558.725,2.539,1818.134,-1.4,9.167,3.071,1.754,0,0
NS(=O)(=O)c1cc(-c2nn[nH]n2)c(NCc2cccs2)cc1Cl,370.85,370.01,1.84,126.65,87.64,0.0833,0.6285,23,3,7,5,3,3,0,11,140.28,0.38,0.239,11.642,-3.966,16,0.6957,0,0,0,0,2,2,0,0,0,909.441,2.048,224384.766,-2.01,15.869,6.24,3.501,0,0
NS(=O)(=O)c1cc(C(=O)O)c(NCc2ccco2)cc1Cl,330.75,330.01,1.89,122.63,75.82,0.0833,0.7689,21,3,5,5,2,2,0,9,124.92,0.478,0.337,11.349,-4.106,11,0.5238,0,0,0,0,1,1,0,0,0,771.196,2.407,47413.253,-2.03,15.361,5.762,3.542,0,0
NS(=O)(=O)c1cc(C(=O)O)cc(N2CCCC2)c1Oc1ccccc1,362.41,362.09,2.42,109.93,92.74,0.2353,0.8452,25,2,5,5,3,2,0,8,145.24,0.478,0.335,12.072,-4.177,12,0.48,0,0,1,1,1,0,1,1,0,890.754,2.217,514498.302,-2.58,17.25,6.734,3.749,0,0
NS(=O)(=O)c1cc(C2(O)NC(=O)c3ccccc32)ccc1Cl,338.77,338.01,0.92,109.49,79.73,0.0714,0.756,22,3,4,2,3,2,0,8,131.12,0.363,0.254,11.963,-4.059,12,0.5455,0,0,1,0,1,0,1,0,1,897.466,2.23,86096.454,-1.93,14.985,4.786,2.187,1,1
NS(=O)(=O)c1cc2c(cc1C(F)(F)F)NC(Cc1ccccc1)NS2(=O)=O,421.42,421.04,1.63,118.36,90.7,0.2,0.6962,27,3,5,3,3,2,0,12,153.04,0.417,0.368,13.272,-5.04,12,0.4444,0,0,1,0,1,0,1,0,0,1085.28,2.108,566354.036,-2.15,19.607,6.476,4.077,1,1
NS(=O)(=O)c1cc2c(cc1C(F)(F)F)NCNS2(=O)=O,331.3,330.99,0.01,118.36,61.63,0.25,0.67,20,3,5,1,2,1,0,12,111.61,0.417,0.37,12.828,-4.993,6,0.3,0,0,1,0,1,0,1,0,0,770.892,2.868,14085.918,-1.37,15.027,4.311,2.587,0,0
NS(=O)(=O)c1cc2c(cc1Cl)N=C(CSCc1ccccc1)NS2(=O)=O,431.95,430.98,2.24,118.69,102.85,0.1333,0.7519,26,2,6,5,3,2,0,11,160.31,0.266,0.265,12.427,-4.152,12,0.4615,0,0,1,0,1,0,1,0,0,1084.62,1.87,483061.186,-1.59,19.179,7.2,4.208,0,0
NS(=O)(=O)c1cc2c(cc1Cl)NC(CC1CCCC1)NS2(=O)=O,379.89,379.04,1.6,118.36,87.13,0.5385,0.7366,23,3,5,3,3,1,0,10,140.24,0.368,0.244,12.418,-4.101,6,0.2609,0,0,2,1,1,0,1,0,0,833.021,1.964,133769.756,-0.87,16.969,5.889,3.481,1,1
NS(=O)(=O)c1cc2c(cc1Cl)NC=NS2(=O)=O,295.73,294.95,0.13,118.69,62.13,0.0,0.763,17,2,5,1,2,1,0,10,102.4,0.344,0.285,11.547,-4.093,6,0.3529,0,0,1,0,1,0,1,0,0,723.731,2.822,4303.858,-1.16,12.301,3.667,2.137,0,0
NS(=O)(=O)c1cc2c(cc1Cl)NCNS2(=O)=O,297.75,296.96,-0.35,118.36,61.64,0.1429,0.6545,17,3,5,1,2,1,0,10,103.05,0.37,0.244,11.634,-4.069,6,0.3529,0,0,1,0,1,0,1,0,0,683.316,2.79,4303.858,-0.87,12.583,3.818,2.239,0,0
N[C@@H](C(=O)N[C@@H]1C(=O)N2C(C(=O)O)=C(CSc3c[nH]nn3)CS[C@H]12)c1ccc(O)cc1,462.51,462.08,0.04,174.53,111.83,0.2778,0.279,31,5,9,7,4,2,0,13,183.99,0.508,0.352,12.721,-1.194,11,0.3548,0,0,2,1,3,1,2,1,2,1042.22,1.448,11272359.275,-3.03,21.212,8.607,4.109,3,0
N[C@@H](C(=O)N[C@@H]1C(=O)N2C(C(=O)O)=C(Cl)CC[C@H]12)c1ccccc1,349.77,349.08,0.71,112.73,85.68,0.3125,0.6929,24,3,4,4,3,1,0,8,142.61,0.477,0.353,12.285,-1.246,6,0.25,0,0,2,1,2,0,2,1,2,734.098,1.714,232419.899,-2.38,16.477,6.256,2.655,3,0
N[C@@H](C(=O)N[C@@H]1C(=O)N2C(C(=O)O)=C(Cl)CS[C@H]12)c1ccccc1,367.81,367.04,0.62,112.73,88.91,0.2667,0.6724,24,3,5,4,3,1,0,9,146.37,0.477,0.353,12.276,-1.26,6,0.25,0,0,2,1,2,0,2,1,2,739.495,1.714,232419.899,-2.03,16.815,6.464,2.766,3,0
N[C@@H](CCS)C(=O)O,135.19,135.04,-0.28,63.32,34.08,0.75,0.4662,8,3,3,3,0,0,0,4,53.28,0.48,0.32,9.93,-0.959,0,0.0,0,0,0,0,0,0,0,0,0,86.107,3.318,45.115,-0.22,7.78,3.742,2.873,1,0
N[C@@H](Cc1ccc(N(CCCl)CCCl)cc1)C(=O)O,305.2,304.07,1.93,66.56,79.41,0.4615,0.7202,19,2,3,8,1,1,0,6,122.65,0.48,0.32,10.687,-0.991,6,0.3158,0,0,0,0,0,0,0,0,0,392.135,2.707,15174.025,-0.97,16.085,8.251,5.266,1,0
N[C@@H](Cc1ccc(O)c(O)c1)C(=O)O,197.19,197.07,0.05,103.78,49.09,0.2222,0.5125,14,4,4,3,1,1,0,5,80.41,0.504,0.32,10.419,-1.099,6,0.4286,0,0,0,0,0,0,0,0,0,350.665,2.777,1115.779,-1.75,10.332,3.972,2.367,1,0
N[C@@H]1CN(c2c(F)cc3c(=O)c(C(=O)O)cn([C@@H]4C[C@@H]4F)c3c2Cl)CC12CC2.N[C@@H]1CN(c2c(F)cc3c(=O)c(C(=O)O)cn([C@@H]4C[C@@H]4F)c3c2Cl)CC12CC2.O.O.O,873.68,872.23,2.93,271.62,211.92,0.4737,0.2058,59,4,10,6,10,4,0,21,341.13,0.477,0.341,15.033,-1.446,20,0.339,0,0,6,6,4,2,2,2,0,2378.587,0.0,3477064926758.598,-4.5,44.063,14.895,6.891,6,0
N[C@@H]1CONC1=O,102.09,102.04,-1.62,64.35,22.07,0.6667,0.3859,7,2,3,0,1,0,0,4,40.58,0.318,0.262,10.213,-0.458,0,0.0,0,0,1,1,1,0,1,1,1,92.936,2.478,49.54,-0.61,4.546,1.476,0.703,1,0
N[C@H]1C(O)O[C@H](CO)[C@@H](O)[C@@H]1O,179.17,179.08,-3.25,116.17,37.95,1.0,0.2884,12,5,6,1,1,0,0,6,69.19,0.394,0.173,9.2,-1.347,0,0.0,0,0,1,1,1,0,1,1,0,150.119,2.634,454.518,-0.24,9.845,3.649,1.582,5,1
N[C@H]1[C@@H]2CN(c3nc4c(cc3F)c(=O)c(C(=O)O)cn4-c3ccc(F)cc3F)C[C@H]12,416.36,416.11,1.89,101.45,101.34,0.25,0.6764,30,2,6,3,5,3,0,10,166.71,0.477,0.341,14.835,-1.559,16,0.5333,0,0,2,2,3,2,1,1,0,1280.507,1.762,7858767.135,-3.4,18.617,6.297,2.673,3,0
Nc1[nH]c(=O)ncc1F,129.09,129.03,-0.51,71.77,29.23,0.0,0.4952,9,2,3,0,1,1,0,5,49.54,0.383,0.346,12.141,-0.713,6,0.6667,0,0,0,0,1,1,0,0,0,268.76,3.336,104.201,-1.39,5.741,1.848,1.042,0,0
Nc1c(Br)cc(Br)cc1CN[C@H]1CC[C@H](O)CC1,378.11,375.98,3.19,58.28,81.36,0.5385,0.7087,18,3,3,3,2,1,0,5,124.4,0.398,0.054,9.469,-0.104,6,0.3333,0,0,1,1,0,0,0,0,0,417.697,1.938,11648.161,-0.1,14.312,6.369,3.697,0,0
Nc1c(CC(=O)O)cccc1C(=O)c1ccc(Br)cc1,334.17,333.0,2.89,80.39,79.77,0.0667,0.6655,20,2,3,4,2,2,0,5,123.91,0.481,0.307,12.374,-0.982,12,0.6,0,0,0,0,0,0,0,0,0,665.319,2.395,29430.772,-2.14,14.273,5.878,3.055,0,0
Nc1c2c(nc3ccccc13)CCCC2,198.27,198.12,2.7,38.91,62.8,0.3077,0.7065,15,1,2,0,3,2,0,2,89.13,0.398,0.073,6.2,0.954,10,0.6667,0,0,1,0,1,1,0,0,0,517.17,2.359,4959.094,-1.57,8.715,3.228,1.286,0,0
Nc1cc(-c2ccncc2)c[nH]c1=O,187.2,187.07,1.02,71.77,54.71,0.0,0.6996,14,2,3,1,2,2,0,4,80.43,0.394,0.271,11.01,-0.261,12,0.8571,0,0,0,0,2,2,0,0,0,490.22,2.537,2135.825,-2.1,8.496,3.334,1.495,0,0
Nc1cc(N2CCCCC2)nc(N)[n+]1[O-],209.25,209.13,-0.13,95.11,58.09,0.5556,0.4959,15,2,5,1,2,1,0,6,88.09,0.754,0.346,11.189,-0.087,6,0.4,1,1,1,1,2,1,1,1,0,338.515,2.274,3149.911,-1.72,9.821,3.799,1.879,0,0
Nc1ccc(S(=O)(=O)Nc2ncccn2)cc1,250.28,250.05,0.86,97.97,63.69,0.0,0.7871,17,2,5,3,2,2,0,7,98.58,0.399,0.264,11.881,-3.661,12,0.7059,0,0,0,0,1,1,0,0,0,595.963,2.286,7471.415,-2.15,11.339,4.38,2.698,0,0
Nc1ccc(S(=O)(=O)c2ccc(N)cc2)cc1,248.31,248.06,1.68,86.18,67.16,0.0,0.7916,17,2,4,2,2,2,0,5,99.79,0.399,0.206,12.175,-3.484,12,0.7059,0,0,0,0,0,0,0,0,0,565.06,2.496,6953.463,-2.01,11.475,4.102,2.236,0,0
Nc1ccn([C@@H]2CS[C@H](CO)O2)c(=O)n1,229.26,229.05,-0.59,90.37,56.36,0.5,0.7039,15,2,7,2,2,1,0,7,90.07,0.393,0.351,11.442,-0.431,6,0.4,0,0,1,1,2,1,1,1,0,408.364,2.204,3818.108,-1.05,10.467,4.213,2.138,2,0
Nc1ccn([C@@H]2O[C@H](CO)[C@@H](O)[C@@H]2O)c(=O)n1,243.22,243.09,-2.56,130.83,55.92,0.5556,0.4489,17,4,8,2,2,1,0,8,95.9,0.394,0.351,11.511,-1.31,6,0.3529,0,0,1,1,2,1,1,1,0,462.19,2.32,7816.794,-1.48,11.99,4.414,2.026,4,0
Nc1ccn([C@H]2CC[C@@H](CO)O2)c(=O)n1,211.22,211.1,-0.5,90.37,53.14,0.5556,0.6875,15,2,6,2,2,1,0,6,86.31,0.394,0.351,11.451,-0.418,6,0.4,0,0,1,1,2,1,1,1,0,403.834,2.204,3818.108,-1.4,10.129,3.995,2.001,2,0
Nc1nc(=O)c2ncn(CCC(CO)CO)c2[nH]1,253.26,253.12,-1.31,130.05,64.84,0.5,0.5233,18,4,7,5,2,2,0,8,102.11,0.396,0.302,11.496,-0.471,9,0.5,0,0,0,0,2,2,0,0,0,586.701,2.265,15234.685,-1.93,12.525,5.149,2.337,0,0
Nc1nc(=O)c2ncn(COCCO)c2[nH]1,225.21,225.09,-1.33,119.05,55.6,0.375,0.5544,16,3,7,4,2,2,0,8,89.7,0.394,0.302,11.375,-0.479,9,0.5625,0,0,0,0,2,2,0,0,0,546.088,2.361,5884.228,-1.93,10.583,4.289,1.877,0,0
Nc1nc(Cl)nc2c1ncn2[C@H]1C[C@H](O)[C@@H](CO)O1,285.69,285.06,-0.3,119.31,66.37,0.5,0.6482,19,3,8,2,3,2,0,9,112.36,0.394,0.226,9.737,-0.734,9,0.4737,0,0,1,1,3,2,1,1,0,618.476,2.023,32508.124,-1.48,12.549,4.566,2.02,3,0
Nc1nc(F)nc2c1ncn2[C@@H]1O[C@H](CO)[C@@H](O)[C@@H]1O,285.24,285.09,-1.84,139.54,62.7,0.5,0.4718,20,4,9,2,3,2,0,10,111.01,0.394,0.312,13.223,-1.316,9,0.45,0,0,1,1,3,2,1,1,0,649.855,2.071,48948.289,-1.88,13.119,4.594,1.81,4,0
Nc1nc(N)c2nc(-c3ccccc3)c(N)nc2n1,253.27,253.11,0.83,129.62,73.8,0.0,0.5852,19,3,7,1,3,3,0,7,108.07,0.382,0.224,5.903,0.047,16,0.8421,0,0,0,0,2,2,0,0,0,754.868,2.308,27245.264,-2.96,11.149,4.055,1.864,0,0
Nc1nc(NC2CC2)c2ncn([C@H]3C=C[C@@H](CO)C3)c2n1,286.34,286.15,1.09,101.88,79.75,0.5,0.7272,21,3,7,4,4,2,0,7,121.46,0.396,0.224,9.257,0.162,9,0.4286,0,0,2,1,2,2,0,0,0,704.797,1.734,128289.443,-2.15,12.58,4.696,2.229,2,0
Nc1nc2c(ncn2COC(CO)CO)c(=O)[nH]1,255.23,255.1,-1.97,139.28,61.61,0.4444,0.4855,18,4,8,5,2,2,0,9,100.85,0.394,0.28,11.491,-0.693,9,0.5,0,0,0,0,2,2,0,0,0,588.146,2.265,15234.685,-1.97,12.486,5.124,2.322,0,0
Nc1nc2ccc(OC(F)(F)F)cc2s1,234.2,234.01,2.78,48.14,50.72,0.125,0.8248,15,1,4,1,2,2,0,7,86.29,0.573,0.406,11.887,-4.677,9,0.6,0,0,0,0,1,1,0,0,0,494.083,2.38,2390.156,-1.5,10.033,3.265,2.296,0,0
Nc1ncnc2c1ncn2CCOCP(=O)(O)O,273.19,273.06,-0.44,136.38,62.6,0.375,0.4923,18,3,7,5,2,2,0,10,101.79,0.382,0.35,10.563,-4.121,9,0.5,0,0,0,0,2,2,0,0,0,594.185,2.004,12331.207,-1.54,12.905,4.987,3.019,0,0
Nc1ncnc2c1ncn2[C@@H]1O[C@H](CO)[C@@H](O)[C@@H]1O,267.25,267.1,-1.98,139.54,62.74,0.5,0.4905,19,4,9,2,3,2,0,9,106.85,0.394,0.167,9.95,-1.189,9,0.4737,0,0,1,1,3,2,1,1,0,602.618,2.035,35227.092,-1.81,12.235,4.384,1.748,4,0
Nc1nnc(-c2cccc(Cl)c2Cl)c(N)n1,256.1,255.01,2.01,90.71,64.11,0.0,0.8138,16,2,5,1,2,2,0,7,101.4,0.382,0.242,6.025,0.013,12,0.75,0,0,0,0,1,1,0,0,0,543.418,2.633,4372.52,-1.59,10.912,4.112,1.868,0,0
O=C(C1CCCCC1)N1CC(=O)N2CCc3ccccc3C2C1,312.41,312.18,2.53,40.62,87.76,0.5789,0.7994,23,0,2,1,4,1,0,4,137.0,0.332,0.242,12.84,0.05,6,0.2609,0,0,3,2,2,0,2,1,2,621.551,1.568,314436.33,-1.84,14.733,5.987,2.642,1,1
O=C(CCCN1CC=C(n2c(=O)[nH]c3ccccc32)CC1)c1ccc(F)cc1,379.44,379.17,3.68,58.1,107.85,0.2727,0.665,28,1,4,6,4,3,0,6,161.65,0.33,0.305,12.943,-0.332,15,0.5357,0,0,1,0,2,1,1,0,0,1079.105,1.34,3607724.491,-2.99,18.377,7.941,3.821,0,0
O=C(CCCN1CCC(O)(c2ccc(Cl)cc2)CC1)c1ccc(F)cc1,375.87,375.14,4.43,40.54,100.99,0.381,0.7593,26,1,3,6,3,2,0,5,157.95,0.385,0.162,12.905,-0.801,12,0.4615,0,0,1,1,1,0,1,1,0,737.611,1.445,770962.431,-1.75,19.024,8.295,4.697,0,0
O=C(CCCN1CCC(n2c(O)nc3ccccc32)CC1)c1ccc(F)cc1,381.45,381.19,4.18,58.36,106.07,0.3636,0.651,28,1,5,6,4,3,0,6,162.97,0.48,0.295,12.95,-0.323,15,0.5357,0,0,1,1,2,1,1,1,0,959.577,1.279,3607724.491,-2.73,18.625,8.104,3.918,0,0
O=C(NC1CCN(CCc2c[nH]c3ccccc23)CC1)c1ccccc1,347.46,347.2,3.6,48.13,105.37,0.3182,0.7407,26,2,2,5,4,3,0,4,153.76,0.361,0.251,12.272,0.044,15,0.5769,0,0,1,1,2,1,1,1,1,863.239,1.254,1803398.386,-2.59,16.856,7.749,3.806,0,0
O=C(NCC1CCCCN1)c1cc(OCC(F)(F)F)ccc1OCC(F)(F)F,414.35,414.14,3.44,59.59,87.52,0.5882,0.6716,28,2,4,7,2,1,0,11,156.92,0.484,0.422,12.413,-4.634,6,0.2143,0,0,1,1,1,0,1,1,1,657.273,2.107,927019.494,-2.17,22.123,9.352,7.829,1,1
O=C(NCCN1CCOCC1)c1ccc(Cl)cc1,268.74,268.1,1.4,41.57,71.04,0.4615,0.8976,18,1,3,4,2,1,0,5,111.87,0.379,0.251,11.8,-0.056,6,0.3333,0,0,1,1,1,0,1,1,1,388.483,1.723,15656.069,-1.1,13.334,6.731,3.978,0,0
O=C(NCCNCC(O)COc1ccc(O)cc1)N1CCOCC1,339.39,339.18,-0.24,103.29,88.27,0.5625,0.4877,24,4,6,8,2,1,0,8,140.91,0.508,0.317,11.823,-0.659,6,0.25,0,0,1,1,1,0,1,1,2,490.991,1.501,275845.27,-2.03,18.311,9.965,6.611,1,1
O=C(NCCO[N+](=O)[O-])c1cccnc1,211.18,211.06,0.02,94.36,49.52,0.25,0.4206,15,1,5,5,1,1,0,7,85.18,0.35,0.294,11.313,-0.907,6,0.4,1,1,0,0,1,1,0,0,1,341.0,2.282,2437.831,-2.18,10.898,5.529,4.029,0,0
O=C(N[C@H](CO)[C@H](O)c1ccc([N+](=O)[O-])cc1)C(Cl)Cl,323.13,322.01,0.91,112.7,72.57,0.3636,0.4091,20,3,5,6,1,1,0,9,123.82,0.394,0.269,11.305,-1.326,6,0.3,1,1,0,0,0,0,0,0,1,480.207,2.821,20854.004,-1.41,16.644,7.393,4.309,2,0
O=C(O)CCC(=O)c1ccc(-c2ccccc2)cc1,254.29,254.09,3.4,54.37,73.08,0.125,0.8318,19,1,2,5,2,2,0,3,111.07,0.481,0.303,11.734,-0.95,12,0.6316,0,0,0,0,0,0,0,0,0,570.703,2.104,23817.01,-2.42,13.022,5.957,3.518,0,0
O=C(O)CCCC[C@@H]1SC[C@@H]2NC(=O)N[C@H]12,244.32,244.09,0.8,78.43,61.59,0.8,0.4935,16,3,3,5,2,0,0,6,98.35,0.481,0.315,11.112,-0.729,0,0.0,0,0,2,2,2,0,2,2,2,297.789,1.703,5794.179,-0.91,11.572,4.948,2.607,3,0
O=C(O)CCCc1ccc(N(CCCl)CCCl)cc1,304.22,303.08,3.38,40.54,80.67,0.5,0.7111,19,1,2,9,1,1,0,5,123.67,0.481,0.303,10.445,-0.743,6,0.3158,0,0,0,0,0,0,0,0,0,375.537,2.554,16338.241,-0.93,16.125,9.05,6.168,0,0
O=C(O)CCc1nc(-c2ccccc2)c(-c2ccccc2)o1,293.32,293.11,4.03,63.33,83.33,0.1111,0.7712,22,1,3,5,3,3,0,4,127.61,0.481,0.303,10.735,-0.86,17,0.7727,0,0,0,0,1,1,0,0,0,706.541,2.043,178573.797,-2.88,14.074,6.263,3.061,0,0
O=C(O)COCCN1CCN(C(c2ccccc2)c2ccc(Cl)cc2)CC1,388.9,388.16,3.15,53.01,106.2,0.381,0.7039,27,1,4,8,3,2,0,6,164.66,0.48,0.329,10.505,-0.923,12,0.4444,0,0,1,1,1,0,1,1,0,715.966,1.629,1515588.772,-1.92,19.831,9.854,5.777,1,1
O=C(O)Cc1ccccc1Nc1c(Cl)cccc1Cl,296.15,295.02,4.36,49.33,77.53,0.0714,0.8807,19,2,2,4,2,2,0,5,120.33,0.481,0.307,10.827,-0.889,12,0.6316,0,0,0,0,0,0,0,0,0,593.895,2.356,18978.936,-1.71,13.715,5.954,3.398,0,0
O=C(O)P(=O)(O)O,126.0,125.97,-0.16,94.83,20.07,0.0,0.4241,7,3,2,1,0,0,0,6,38.75,0.472,0.433,9.426,-4.821,0,0.0,0,0,0,0,0,0,0,0,0,120.042,4.09,17.086,-0.38,6.62,1.614,2.332,0,0
O=C(O)[C@H](CCc1ccccc1)N[C@H]1CCCN2CCC[C@@H](C(=O)O)N2C1=O,389.45,389.2,1.12,110.18,101.42,0.55,0.6408,28,3,5,7,3,1,0,8,163.64,0.48,0.328,13.092,-1.016,6,0.2143,0,0,2,2,2,0,2,2,1,711.053,1.7,2101626.867,-2.45,20.289,9.162,4.686,3,0
O=C(O)c1cc(-c2ccc(F)cc2F)ccc1O,250.2,250.04,3.04,57.53,60.42,0.0,0.8608,18,2,2,2,2,2,0,5,100.93,0.507,0.339,13.52,-1.322,12,0.6667,0,0,0,0,0,0,0,0,0,623.629,2.576,10477.901,-2.43,12.038,4.444,2.151,0,0
O=C(O)c1cc(/N=N/c2ccc(O)c(C(=O)O)c2)ccc1O,302.24,302.05,2.91,139.78,74.31,0.0,0.64,22,4,6,4,2,2,0,8,123.17,0.507,0.339,10.88,-1.313,12,0.5455,0,0,0,0,0,0,0,0,0,719.398,2.329,70202.675,-3.42,14.978,5.916,3.179,0,0
O=C(O)c1cc(/N=N/c2ccc(S(=O)(=O)Nc3ccccn3)cc2)ccc1O,398.4,398.07,3.7,141.31,100.73,0.0,0.5406,28,3,7,6,3,3,0,10,159.64,0.507,0.339,12.341,-3.795,18,0.6429,0,0,0,0,1,1,0,0,0,1130.397,1.766,1798099.974,-3.79,18.985,7.842,4.483,0,0
O=C(O)c1cn(C2CC2)c2cc(N3CCNCC3)c(F)cc2c1=O,331.35,331.13,1.58,74.57,88.48,0.4118,0.8932,24,2,5,3,4,2,0,7,137.04,0.477,0.341,14.608,-1.275,10,0.4167,0,0,2,2,2,1,1,1,0,882.76,1.949,672746.571,-2.41,15.137,5.592,2.448,0,0
O=C(O[C@@H]1C[C@@H]2C[C@H]3C[C@H](C1)N2CC3=O)c1c[nH]c2ccccc12,324.38,324.15,2.52,62.4,88.75,0.4737,0.8624,24,1,4,2,6,2,0,5,139.52,0.459,0.34,12.61,-0.242,9,0.375,0,0,4,4,5,1,4,4,0,810.881,1.325,696101.163,-2.14,14.224,5.178,2.11,5,1
O=C(c1ccc(F)cc1)C1CCN(CCn2c(=O)[nH]c3ccccc3c2=O)CC1,395.43,395.16,2.42,75.17,108.72,0.3182,0.6736,29,1,5,5,4,3,0,7,166.14,0.328,0.307,13.045,-0.407,16,0.5517,0,0,1,1,2,1,1,1,0,1142.416,1.376,4734336.605,-3.06,19.265,8.126,4.048,0,0
O=C(c1ccc(OCCN2CCCCC2)cc1)c1c(-c2ccc(O)cc2)sc2cc(O)ccc12,473.59,473.17,6.08,70.0,136.25,0.25,0.3187,34,2,6,7,5,4,0,6,202.4,0.508,0.195,13.647,-0.083,21,0.6176,0,0,1,1,2,1,1,1,0,1288.743,1.389,88638046.158,-3.35,22.443,9.873,4.786,0,0
O=C(c1ccccc1)c1ccc2n1CCC2C(=O)O,255.27,255.09,2.29,59.3,69.3,0.2,0.8559,19,1,3,3,3,2,0,4,109.84,0.481,0.312,12.375,-0.824,11,0.5789,0,0,1,0,2,1,1,0,0,642.665,1.988,39227.766,-2.36,11.715,4.388,1.852,1,1
O=C1C(CCS(=O)c2ccccc2)C(=O)N(c2ccccc2)N1c1ccccc1,404.49,404.12,3.8,57.69,113.68,0.1304,0.5875,29,0,3,6,4,3,0,6,171.55,0.272,0.258,13.214,-1.262,18,0.6207,0,0,1,1,1,0,1,1,2,968.263,1.611,6455568.595,-3.25,19.083,8.407,3.841,1,1
O=C1C(O)=C([C@H]2CC[C@H](c3ccc(Cl)cc3)CC2)C(=O)c2ccccc21,366.84,366.1,5.51,54.37,100.91,0.2727,0.7624,26,1,3,2,4,2,0,4,156.86,0.504,0.228,12.876,-0.435,12,0.4615,0,0,2,1,0,0,0,0,0,903.24,1.557,1130293.622,-2.39,17.045,6.73,2.864,0,0
O=C1CC2(CCCC2)CC(=O)N1CCCCN1CCN(c2ncccn2)CC1,385.51,385.25,2.09,69.64,106.77,0.7143,0.5517,28,0,6,6,4,1,0,7,166.66,0.338,0.229,12.51,0.007,6,0.2143,0,0,3,3,3,1,2,2,2,661.296,1.155,3863909.265,-2.02,19.303,8.554,4.346,0,0
O=C1CC[C@@]2(O)[C@H]3Cc4ccc(O)c5c4[C@@]2(CCN3CC2CC2)[C@H]1O5,341.41,341.16,1.53,70.0,89.8,0.65,0.8536,25,2,5,2,6,1,0,5,146.13,0.504,0.174,12.712,-0.94,6,0.24,0,0,5,3,2,0,2,1,0,803.131,1.579,1400624.064,-1.59,14.566,4.383,1.558,4,0
O=C1CN(/N=C/c2ccc([N+](=O)[O-])o2)C(=O)N1,238.16,238.03,0.07,118.05,53.2,0.125,0.3457,17,1,6,3,2,1,0,9,93.83,0.433,0.4,11.061,-0.691,5,0.2941,1,1,1,1,2,1,1,1,3,519.74,2.07,9165.913,-2.71,10.796,4.04,2.275,0,0
O=C1CN=C(c2ccccc2)c2cc([N+](=O)[O-])ccc2N1,281.27,281.08,2.38,84.6,78.67,0.0667,0.6771,21,1,4,2,3,2,0,6,119.84,0.324,0.27,11.689,-0.463,12,0.5714,1,1,1,0,1,0,1,0,1,754.014,2.198,81311.125,-3.02,12.986,5.163,2.508,0,0
O=C1CN=C(c2ccccc2Cl)c2cc([N+](=O)[O-])ccc2N1,315.72,315.04,3.04,84.6,83.68,0.0667,0.6825,22,1,4,2,3,2,0,7,130.14,0.324,0.27,11.741,-0.489,12,0.5455,1,1,1,0,1,0,1,0,1,817.43,2.234,116788.422,-2.73,14.218,5.573,2.559,0,0
O=C1Cc2cc(CCN3CCN(c4nsc5ccccc45)CC3)c(Cl)cc2N1,412.95,412.11,3.81,48.47,115.76,0.3333,0.7075,28,1,5,4,5,3,0,7,172.61,0.353,0.228,11.566,0.05,15,0.5357,0,0,2,1,3,1,2,1,1,1042.062,1.204,5377534.572,-2.15,17.915,7.351,3.363,0,0
O=C1NC(=O)C(c2ccccc2)(c2ccccc2)N1,252.27,252.09,1.77,58.2,70.34,0.0667,0.8002,19,2,2,2,3,2,0,4,110.0,0.322,0.316,12.313,-1.139,12,0.6316,0,0,1,1,1,0,1,1,3,583.609,2.231,37379.763,-2.62,11.469,4.242,1.689,0,0
O=C1NCC2(CCN(CCc3ccccc3)CC2)O1,260.34,260.15,1.8,41.57,73.03,0.5333,0.9008,19,1,3,3,3,1,0,4,113.29,0.441,0.407,11.162,-0.252,6,0.3158,0,0,2,2,2,0,2,2,1,438.719,1.47,38578.543,-1.55,12.482,5.211,2.894,0,0
O=C1NS(=O)(=O)c2ccccc21,183.19,183.0,0.12,63.24,41.09,0.0,0.6209,12,1,3,0,2,1,0,5,69.26,0.268,0.266,11.131,-3.554,6,0.5,0,0,1,0,1,0,1,0,1,449.474,2.828,658.191,-1.36,7.298,2.071,0.831,0,0
O=C1Nc2ccc(Cl)cc2C(c2ccccc2)=NC1O,286.72,286.05,2.45,61.69,78.17,0.0667,0.8457,20,2,3,1,3,2,0,5,120.28,0.364,0.276,11.737,-1.434,12,0.6,0,0,1,0,1,0,1,0,1,698.275,2.232,48535.897,-2.17,12.843,5.074,2.309,1,1
O=C1Nc2ccc(Cl)cc2C(c2ccccc2Cl)=NC1O,321.16,320.01,3.1,61.69,83.18,0.0667,0.8477,21,2,3,1,3,2,0,6,130.58,0.364,0.276,11.789,-1.498,12,0.5714,0,0,1,0,1,0,1,0,1,759.089,2.269,69580.863,-1.88,14.074,5.484,2.654,1,1
O=C1OC2(c3ccc(O)cc3Oc3cc(O)ccc32)c2ccccc21,332.31,332.07,3.67,75.99,88.03,0.05,0.6144,25,2,5,0,5,3,0,5,142.24,0.508,0.34,12.531,-1.169,18,0.72,0,0,2,0,2,0,2,0,0,1002.202,1.912,919623.824,-3.47,13.923,4.54,1.693,0,0
O=C1c2ccccc2C(=O)C1c1ccccc1,222.24,222.07,2.85,34.14,64.29,0.0667,0.6951,17,0,2,1,3,2,0,2,98.9,0.293,0.178,12.187,-0.645,12,0.7059,0,0,1,0,0,0,0,0,0,564.329,2.132,14342.322,-2.22,9.968,3.665,1.414,0,0
O=P1(N(CCCl)CCCl)NCCCO1,261.09,260.02,1.88,41.57,59.19,1.0,0.6057,14,1,2,5,1,0,0,7,94.44,0.343,0.306,12.189,-2.842,0,0.0,0,0,1,1,1,0,1,1,0,201.866,2.582,1442.833,0.69,12.758,6.311,3.368,1,1
O=P1(NCCCl)OCCCN1CCCl,261.09,260.02,1.88,41.57,59.19,1.0,0.6057,14,1,2,5,1,0,0,7,94.44,0.343,0.306,12.189,-2.842,0,0.0,0,0,1,1,1,0,1,1,0,215.866,2.545,1429.772,0.69,12.758,6.311,3.368,1,1
O=c1[nH]c2ccccc2n1C1CCN(CCCC(c2ccc(F)cc2)c2ccc(F)cc2)CC1,461.56,461.23,5.86,41.03,131.15,0.3214,0.3747,34,1,3,7,5,4,0,6,197.4,0.326,0.306,13.466,-0.251,21,0.6176,0,0,1,1,2,1,1,1,0,1240.488,1.206,86144371.889,-3.25,22.538,9.935,4.823,0,0
O=c1[nH]c2ccccc2n1CCCN1CCC(n2c(=O)[nH]c3cc(Cl)ccc32)CC1,425.92,425.16,3.35,78.82,119.46,0.3636,0.5143,30,2,5,5,5,4,0,8,177.43,0.326,0.306,12.489,-0.065,18,0.6,0,0,1,1,3,2,1,1,0,1306.552,1.208,12343200.703,-2.77,19.209,7.812,3.481,0,0
O=c1[nH]cc(F)c(=O)[nH]1,130.08,130.02,-0.8,65.72,27.64,0.0,0.4826,9,2,2,0,1,1,0,5,48.36,0.325,0.311,11.985,-1.001,6,0.6667,0,0,0,0,1,1,0,0,0,312.834,3.524,104.201,-1.39,5.741,1.848,1.042,0,0
O=c1ccc2ccccc2o1,146.14,146.04,1.79,30.21,42.48,0.0,0.5302,11,0,2,0,2,2,0,2,63.08,0.423,0.336,10.717,-0.302,10,0.9091,0,0,0,0,1,1,0,0,0,428.511,2.935,487.853,-1.57,6.16,2.235,1.026,0,0
O=c1ccn([C@@H]2O[C@H](CO)[C@@H](O)[C@H]2O)c(=O)[nH]1,244.2,244.07,-2.85,124.78,54.33,0.5556,0.4435,17,4,7,2,2,1,0,8,94.72,0.394,0.33,11.446,-1.351,6,0.3529,0,0,1,1,2,1,1,1,0,508.698,2.352,7816.794,-1.48,11.99,4.414,2.026,4,0
O=c1n(CCCN2CCN(c3cccc(Cl)c3)CC2)nc2ccccn12,371.87,371.15,2.36,45.78,104.17,0.3684,0.6904,26,0,6,5,4,3,0,7,156.76,0.369,0.35,12.27,-0.064,15,0.5769,0,0,1,1,3,2,1,1,0,942.253,1.283,1484642.303,-2.31,17.121,7.515,3.614,0,0
O=c1nc[nH]c2c1ncn2[C@H]1CC[C@@H](CO)O1,236.23,236.09,-0.21,93.03,58.38,0.5,0.7521,17,2,6,2,3,2,0,7,96.08,0.394,0.3,11.44,-0.353,9,0.5294,0,0,1,1,3,2,1,1,0,590.494,2.016,16439.154,-1.73,10.426,3.935,1.633,2,0
OC(CCN1CCCC1)(c1ccccc1)C1CCCCC1,287.45,287.22,3.94,23.47,87.2,0.6842,0.8864,21,1,2,5,3,1,0,2,128.72,0.385,0.094,11.541,-0.621,6,0.2857,0,0,2,2,1,0,1,1,0,420.452,1.753,128998.603,-0.86,15.052,6.933,3.49,1,1
OC(CCN1CCCCC1)(c1ccccc1)C1CC2C=CC1C2,311.47,311.22,3.96,23.47,94.09,0.619,0.832,23,1,2,5,4,1,0,2,139.75,0.385,0.094,11.775,-0.664,6,0.2609,0,0,3,2,1,0,1,1,0,548.22,1.546,465531.062,-1.12,15.41,6.41,2.991,4,4
OC(CCN1CCCCC1)(c1ccccc1)C1CCCCC1,301.47,301.24,4.33,23.47,91.82,0.7,0.8747,22,1,2,5,3,1,0,2,135.08,0.385,0.094,11.611,-0.626,6,0.2727,0,0,2,2,1,0,1,1,0,434.28,1.727,170166.899,-0.86,16.014,7.609,3.721,1,1
OC(CNCC(O)C1CCc2cc(F)ccc2O1)C1CCc2cc(F)ccc2O1,405.44,405.18,2.36,70.95,103.16,0.4545,0.6885,29,3,5,6,4,2,0,7,167.82,0.487,0.126,13.28,-0.753,12,0.4138,0,0,2,0,2,0,2,0,0,793.201,1.237,4365042.49,-2.22,20.069,8.65,4.685,4,4
OC(Cn1cncn1)(Cn1cncn1)c1ccc(F)cc1F,306.28,306.1,0.74,81.65,70.3,0.2308,0.7515,22,1,7,5,3,3,0,9,123.42,0.381,0.137,14.112,-1.695,16,0.7273,0,0,0,0,2,2,0,0,0,707.748,2.006,150450.595,-2.68,14.265,5.602,2.838,0,0
OC(c1cc(C(F)(F)F)nc2c(C(F)(F)F)cccc12)C1CCCCN1,378.32,378.12,4.45,45.15,82.35,0.4706,0.7594,26,2,3,2,3,2,0,9,144.58,0.433,0.387,13.237,-4.929,10,0.3846,0,0,1,1,2,1,1,1,0,796.165,2.231,489592.467,-1.87,18.907,6.696,3.636,2,2
OCC(S)CS,124.23,124.0,0.21,20.23,33.71,1.0,0.4494,6,3,3,2,0,0,0,3,48.57,0.395,0.055,8.209,0.049,0,0.0,0,0,0,0,0,0,0,0,0,27.974,2.754,19.8,0.66,6.66,3.837,2.875,1,1
OCCN(CCO)c1nc(N2CCCCC2)c2nc(N(CCO)CCO)nc(N3CCCCC3)c2n1,504.64,504.32,-0.02,145.44,140.03,0.75,0.3081,36,4,12,12,4,2,0,12,211.77,0.395,0.228,9.644,-0.077,10,0.2778,0,0,2,2,4,2,2,2,0,879.522,1.938,167591553.566,-2.54,26.521,13.133,6.05,0,0
OCCN1CCN(CC/C=C2/c3ccccc3Sc3ccc(C(F)(F)F)cc32)CC1,434.53,434.16,4.6,26.71,113.67,0.3913,0.635,30,1,4,5,4,2,0,7,178.74,0.416,0.395,13.31,-4.351,12,0.4,0,0,2,1,2,0,2,1,0,920.905,1.547,6669991.191,-1.8,21.433,9.139,4.747,0,0
OCCN1CCN(CCCN2c3ccccc3Sc3ccc(C(F)(F)F)cc32)CC1,437.53,437.17,4.31,29.95,113.6,0.4545,0.7278,30,1,5,6,4,2,0,8,178.82,0.416,0.395,13.311,-4.351,12,0.4,0,0,2,1,2,0,2,1,0,868.947,1.472,6669991.191,-1.74,21.49,9.177,4.771,0,0
OCCN1CCN(CCCN2c3ccccc3Sc3ccc(Cl)cc32)CC1,403.98,403.15,3.94,29.95,113.61,0.4286,0.7887,27,1,5,6,4,2,0,6,170.26,0.395,0.057,9.078,0.258,12,0.4444,0,0,2,1,2,0,2,1,0,779.772,1.41,2100937.376,-1.24,19.093,8.842,4.438,0,0
OCCOCCN1CCN(C2=Nc3ccccc3Sc3ccccc32)CC1,383.52,383.17,2.86,48.3,109.12,0.381,0.8049,27,1,6,5,4,2,0,6,164.21,0.394,0.137,8.795,0.09,12,0.4444,0,0,2,1,2,0,2,1,0,803.519,1.503,2561736.237,-1.86,18.501,8.886,4.353,0,0
OC[C@@H](O)[C@@H](O)[C@H](O)[C@H](O)CO,182.17,182.08,-3.59,121.38,38.2,1.0,0.2613,12,6,6,5,0,0,0,6,69.33,0.394,0.111,8.957,-1.669,0,0.0,0,0,0,0,0,0,0,0,0,104.606,3.985,358.753,-0.24,11.76,5.413,3.015,4,0
OC[C@@H]1O[C@@](O)(CO)[C@H](O)[C@H]1O,180.16,180.06,-3.22,110.38,36.01,1.0,0.3056,12,5,6,2,1,0,0,6,68.64,0.394,0.219,9.247,-2.16,0,0.0,0,0,1,1,1,0,1,1,0,162.117,2.724,495.62,-0.24,9.845,3.25,1.327,4,0
OC[C@H]1O[C@](O)(CO)[C@@H](O)[C@@H]1O[C@@H]1O[C@H](CO)[C@H](O)[C@H](O)[C@H]1O,342.3,342.12,-5.4,189.53,68.64,1.0,0.2379,23,8,11,5,2,0,0,11,130.44,0.394,0.219,9.998,-2.369,0,0.0,0,0,2,2,2,0,2,2,0,393.203,2.128,117627.818,-0.44,18.892,7.207,3.358,9,0
Oc1c(Cl)cc(Cl)c2cccnc12,214.05,212.97,3.25,33.12,53.43,0.0,0.7295,13,1,2,0,2,2,0,4,84.73,0.504,0.16,9.53,-0.026,10,0.7692,0,0,0,0,1,1,0,0,0,470.367,2.967,1131.068,-0.99,8.601,3.053,1.321,0,0
Oc1ccc2c3c1O[C@H]1[C@@H](O)CC[C@@]4(O)[C@@H](C2)N(CC2CCC2)CC[C@]314,357.45,357.19,1.71,73.16,95.41,0.7143,0.7515,26,3,5,2,6,1,0,5,153.13,0.504,0.165,12.08,-0.884,6,0.2308,0,0,5,3,2,0,2,1,0,777.52,1.521,1324479.298,-1.3,15.728,4.944,1.641,5,0
Oc1ncnc2[nH]ncc12,136.11,136.04,0.06,74.69,33.35,0.0,0.5365,10,2,4,0,2,2,0,5,55.74,0.493,0.225,9.049,-0.043,9,0.9,0,0,0,0,2,2,0,0,0,355.175,2.95,372.422,-1.65,5.16,1.663,0.54,0,0
S=c1nc[nH]c2nc[nH]c12,152.18,152.02,1.02,57.36,39.07,0.0,0.5539,10,2,3,0,2,2,0,5,61.34,0.341,0.159,4.905,0.547,9,0.9,0,0,0,0,2,2,0,0,0,400.94,3.093,372.422,-1.23,5.547,1.878,0.64,0,0
c1ccc(C2(N3CCCCC3)CCCCC2)cc1,243.39,243.2,4.33,3.24,76.63,0.6471,0.7469,18,0,1,2,3,1,0,1,111.19,0.294,0.046,2.811,0.375,6,0.3333,0,0,2,2,1,0,1,1,0,358.456,1.919,26369.591,-0.82,12.226,5.44,2.208,0,0
c1ccc(C2(c3ccccc3)CC2C2=NCCN2)cc1,262.36,262.15,2.99,24.39,82.08,0.2778,0.9032,20,1,2,3,4,2,0,2,119.11,0.372,0.101,4.65,0.124,12,0.6,0,0,2,1,1,0,1,0,0,591.483,1.797,110512.614,-2.09,11.713,4.48,1.678,1,1
c1ccc([C@H]2CN3CCSC3=N2)cc1,204.3,204.07,2.15,15.6,60.65,0.3636,0.6963,14,0,3,1,3,1,0,3,88.02,0.348,0.16,4.726,0.374,6,0.4286,0,0,2,1,2,0,2,1,0,360.81,1.866,4244.964,-0.96,8.357,3.315,1.32,1,0
