
The following have been reloaded with a version change:
  1) cuda/13.1.0 => cuda/12.9.0


The following have been reloaded with a version change:
  1) cuda/12.9.0 => cuda/13.1.0

2026-02-25 07:19:01,048 - INFO - Failed to auto-detect TPU type.
2026-02-25 07:19:01,059 - INFO - Failed to configure TPU pod. Got: tpu_name: None, worker_id: None, accelerator_type: None
/vast/projects/myatskar/design-documents/conda_env/open_rlhf_intern/lib/python3.11/site-packages/torch/cuda/__init__.py:63: FutureWarning: The pynvml package is deprecated. Please install nvidia-ml-py instead. If you did not install pynvml directly, please report this to the maintainers of the package that installed pynvml for you.
  import pynvml  # type: ignore[import]
/vast/projects/myatskar/design-documents/conda_env/open_rlhf_intern/lib/python3.11/site-packages/torch/cuda/__init__.py:63: FutureWarning: The pynvml package is deprecated. Please install nvidia-ml-py instead. If you did not install pynvml directly, please report this to the maintainers of the package that installed pynvml for you.
  import pynvml  # type: ignore[import]
2026-02-25 07:20:42,688	INFO worker.py:1606 -- Using address auto set in the environment variable RAY_ADDRESS
2026-02-25 07:20:42,779	INFO worker.py:1747 -- Connecting to existing Ray cluster at address: 10.218.151.7:6379...
2026-02-25 07:20:42,793	INFO worker.py:1918 -- Connected to Ray cluster. View the dashboard at [1m[32mhttp://127.0.0.1:8265 [39m[22m
[36m(pid=3408207)[0m /vast/projects/myatskar/design-documents/conda_env/open_rlhf_intern/lib/python3.11/site-packages/torch/cuda/__init__.py:63: FutureWarning: The pynvml package is deprecated. Please install nvidia-ml-py instead. If you did not install pynvml directly, please report this to the maintainers of the package that installed pynvml for you.
[36m(pid=3408207)[0m   import pynvml  # type: ignore[import]
[36m(LLMRayActor pid=3408206)[0m The argument `trust_remote_code` is to be used with Auto classes. It has no effect here and is ignored.
[36m(pid=3408206)[0m /vast/projects/myatskar/design-documents/conda_env/open_rlhf_intern/lib/python3.11/site-packages/torch/cuda/__init__.py:63: FutureWarning: The pynvml package is deprecated. Please install nvidia-ml-py instead. If you did not install pynvml directly, please report this to the maintainers of the package that installed pynvml for you.
[36m(pid=3408206)[0m   import pynvml  # type: ignore[import]
[36m(LLMRayActor pid=3408206)[0m The argument `trust_remote_code` is to be used with Auto classes. It has no effect here and is ignored.
[36m(LLMRayActor pid=3408207)[0m /vast/projects/myatskar/design-documents/conda_env/open_rlhf_intern/lib/python3.11/site-packages/torch/cuda/__init__.py:63: FutureWarning: The pynvml package is deprecated. Please install nvidia-ml-py instead. If you did not install pynvml directly, please report this to the maintainers of the package that installed pynvml for you.
[36m(LLMRayActor pid=3408207)[0m   import pynvml  # type: ignore[import]
[36m(LLMRayActor pid=3408207)[0m The argument `trust_remote_code` is to be used with Auto classes. It has no effect here and is ignored.[32m [repeated 2x across cluster] (Ray deduplicates logs by default. Set RAY_DEDUP_LOGS=0 to disable log deduplication, or see https://docs.ray.io/en/master/ray-observability/user-guides/configure-logging.html#log-deduplication for more options.)[0m
[36m(LLMRayActor pid=3408206)[0m [W225 07:23:37.200195858 Utils.hpp:166] Warning: Environment variable NCCL_BLOCKING_WAIT is deprecated; use TORCH_NCCL_BLOCKING_WAIT instead (function operator())
[36m(LLMRayActor pid=3408206)[0m /vast/projects/myatskar/design-documents/conda_env/open_rlhf_intern/lib/python3.11/site-packages/torch/cuda/__init__.py:63: FutureWarning: The pynvml package is deprecated. Please install nvidia-ml-py instead. If you did not install pynvml directly, please report this to the maintainers of the package that installed pynvml for you.
[36m(LLMRayActor pid=3408206)[0m   import pynvml  # type: ignore[import]
[36m(LLMRayActor pid=3408207)[0m [0;36m(EngineCore_DP0 pid=3420913)[0;0m <frozen importlib._bootstrap_external>:1241: FutureWarning: The cuda.cudart module is deprecated and will be removed in a future release, please switch to use the cuda.bindings.runtime module instead.
[36m(LLMRayActor pid=3408207)[0m [0;36m(EngineCore_DP0 pid=3420913)[0;0m <frozen importlib._bootstrap_external>:1241: FutureWarning: The cuda.nvrtc module is deprecated and will be removed in a future release, please switch to use the cuda.bindings.nvrtc module instead.
[36m(LLMRayActor pid=3408207)[0m [W225 07:23:38.917569526 Utils.hpp:166] Warning: Environment variable NCCL_BLOCKING_WAIT is deprecated; use TORCH_NCCL_BLOCKING_WAIT instead (function operator())
[36m(LLMRayActor pid=3408206)[0m [0;36m(EngineCore_DP0 pid=3420918)[0;0m Loading safetensors checkpoint shards:   0% Completed | 0/9 [00:00<?, ?it/s]
[36m(LLMRayActor pid=3408207)[0m [0;36m(EngineCore_DP0 pid=3420913)[0;0m Loading safetensors checkpoint shards:  11% Completed | 1/9 [00:01<00:10,  1.26s/it]
[36m(LLMRayActor pid=3408206)[0m [0;36m(EngineCore_DP0 pid=3420918)[0;0m <frozen importlib._bootstrap_external>:1241: FutureWarning: The cuda.cudart module is deprecated and will be removed in a future release, please switch to use the cuda.bindings.runtime module instead.
[36m(LLMRayActor pid=3408206)[0m [0;36m(EngineCore_DP0 pid=3420918)[0;0m <frozen importlib._bootstrap_external>:1241: FutureWarning: The cuda.nvrtc module is deprecated and will be removed in a future release, please switch to use the cuda.bindings.nvrtc module instead.
[36m(LLMRayActor pid=3408207)[0m [0;36m(EngineCore_DP0 pid=3420913)[0;0m Loading safetensors checkpoint shards:   0% Completed | 0/9 [00:00<?, ?it/s]
[36m(LLMRayActor pid=3408207)[0m [0;36m(EngineCore_DP0 pid=3420913)[0;0m Loading safetensors checkpoint shards:  33% Completed | 3/9 [00:08<00:18,  3.08s/it][32m [repeated 4x across cluster][0m
[36m(LLMRayActor pid=3408207)[0m [0;36m(EngineCore_DP0 pid=3420913)[0;0m Loading safetensors checkpoint shards:  56% Completed | 5/9 [00:14<00:12,  3.20s/it][32m [repeated 4x across cluster][0m
[36m(LLMRayActor pid=3408207)[0m [0;36m(EngineCore_DP0 pid=3420913)[0;0m Loading safetensors checkpoint shards:  78% Completed | 7/9 [00:21<00:06,  3.38s/it][32m [repeated 4x across cluster][0m
[36m(LLMRayActor pid=3408207)[0m [0;36m(EngineCore_DP0 pid=3420913)[0;0m 
[36m(LLMRayActor pid=3408207)[0m [0;36m(EngineCore_DP0 pid=3420913)[0;0m Loading safetensors checkpoint shards: 100% Completed | 9/9 [00:29<00:00,  3.24s/it][32m [repeated 5x across cluster][0m
[36m(LLMRayActor pid=3408206)[0m [0;36m(EngineCore_DP0 pid=3420918)[0;0m 
[36m(LLMRayActor pid=3408207)[0m [0;36m(EngineCore_DP0 pid=3420913)[0;0m 2026-02-25 07:24:42,610 - INFO - autotuner.py:256 - flashinfer.jit: [Autotuner]: Autotuning process starts ...
[36m(LLMRayActor pid=3408207)[0m [0;36m(EngineCore_DP0 pid=3420913)[0;0m --- Logging error ---
[36m(LLMRayActor pid=3408207)[0m [0;36m(EngineCore_DP0 pid=3420913)[0;0m Traceback (most recent call last):
[36m(LLMRayActor pid=3408207)[0m [0;36m(EngineCore_DP0 pid=3420913)[0;0m   File "/vast/projects/myatskar/design-documents/conda_env/open_rlhf_intern/lib/python3.11/logging/__init__.py", line 1114, in emit
[36m(LLMRayActor pid=3408207)[0m [0;36m(EngineCore_DP0 pid=3420913)[0;0m     self.flush()
[36m(LLMRayActor pid=3408207)[0m [0;36m(EngineCore_DP0 pid=3420913)[0;0m   File "/vast/projects/myatskar/design-documents/conda_env/open_rlhf_intern/lib/python3.11/logging/__init__.py", line 1094, in flush
[36m(LLMRayActor pid=3408207)[0m [0;36m(EngineCore_DP0 pid=3420913)[0;0m     self.stream.flush()
[36m(LLMRayActor pid=3408207)[0m [0;36m(EngineCore_DP0 pid=3420913)[0;0m OSError: [Errno 116] Stale file handle
[36m(LLMRayActor pid=3408207)[0m [0;36m(EngineCore_DP0 pid=3420913)[0;0m Call stack:
[36m(LLMRayActor pid=3408207)[0m [0;36m(EngineCore_DP0 pid=3420913)[0;0m   File "<string>", line 1, in <module>
[36m(LLMRayActor pid=3408207)[0m [0;36m(EngineCore_DP0 pid=3420913)[0;0m   File "/vast/projects/myatskar/design-documents/conda_env/open_rlhf_intern/lib/python3.11/multiprocessing/spawn.py", line 122, in spawn_main
[36m(LLMRayActor pid=3408207)[0m [0;36m(EngineCore_DP0 pid=3420913)[0;0m     exitcode = _main(fd, parent_sentinel)
[36m(LLMRayActor pid=3408207)[0m [0;36m(EngineCore_DP0 pid=3420913)[0;0m   File "/vast/projects/myatskar/design-documents/conda_env/open_rlhf_intern/lib/python3.11/multiprocessing/spawn.py", line 135, in _main
[36m(LLMRayActor pid=3408207)[0m [0;36m(EngineCore_DP0 pid=3420913)[0;0m     return self._bootstrap(parent_sentinel)
[36m(LLMRayActor pid=3408207)[0m [0;36m(EngineCore_DP0 pid=3420913)[0;0m   File "/vast/projects/myatskar/design-documents/conda_env/open_rlhf_intern/lib/python3.11/multiprocessing/process.py", line 314, in _bootstrap
[36m(LLMRayActor pid=3408207)[0m [0;36m(EngineCore_DP0 pid=3420913)[0;0m     self.run()
[36m(LLMRayActor pid=3408207)[0m [0;36m(EngineCore_DP0 pid=3420913)[0;0m   File "/vast/projects/myatskar/design-documents/conda_env/open_rlhf_intern/lib/python3.11/multiprocessing/process.py", line 108, in run
[36m(LLMRayActor pid=3408207)[0m [0;36m(EngineCore_DP0 pid=3420913)[0;0m     self._target(*self._args, **self._kwargs)
[36m(LLMRayActor pid=3408207)[0m [0;36m(EngineCore_DP0 pid=3420913)[0;0m   File "/vast/projects/myatskar/design-documents/conda_env/open_rlhf_intern/lib/python3.11/site-packages/vllm/v1/engine/core.py", line 937, in run_engine_core
[36m(LLMRayActor pid=3408207)[0m [0;36m(EngineCore_DP0 pid=3420913)[0;0m     engine_core = EngineCoreProc(*args, engine_index=dp_rank, **kwargs)
[36m(LLMRayActor pid=3408207)[0m [0;36m(EngineCore_DP0 pid=3420913)[0;0m   File "/vast/projects/myatskar/design-documents/conda_env/open_rlhf_intern/lib/python3.11/site-packages/vllm/v1/engine/core.py", line 691, in __init__
[36m(LLMRayActor pid=3408207)[0m [0;36m(EngineCore_DP0 pid=3420913)[0;0m     super().__init__(
[36m(LLMRayActor pid=3408207)[0m [0;36m(EngineCore_DP0 pid=3420913)[0;0m   File "/vast/projects/myatskar/design-documents/conda_env/open_rlhf_intern/lib/python3.11/site-packages/vllm/v1/engine/core.py", line 112, in __init__
[36m(LLMRayActor pid=3408207)[0m [0;36m(EngineCore_DP0 pid=3420913)[0;0m     num_gpu_blocks, num_cpu_blocks, kv_cache_config = self._initialize_kv_caches(
[36m(LLMRayActor pid=3408207)[0m [0;36m(EngineCore_DP0 pid=3420913)[0;0m   File "/vast/projects/myatskar/design-documents/conda_env/open_rlhf_intern/lib/python3.11/site-packages/vllm/v1/engine/core.py", line 269, in _initialize_kv_caches
[36m(LLMRayActor pid=3408207)[0m [0;36m(EngineCore_DP0 pid=3420913)[0;0m     self.model_executor.initialize_from_config(kv_cache_configs)
[36m(LLMRayActor pid=3408207)[0m [0;36m(EngineCore_DP0 pid=3420913)[0;0m   File "/vast/projects/myatskar/design-documents/conda_env/open_rlhf_intern/lib/python3.11/site-packages/vllm/v1/executor/abstract.py", line 116, in initialize_from_config
[36m(LLMRayActor pid=3408207)[0m [0;36m(EngineCore_DP0 pid=3420913)[0;0m     self.collective_rpc("compile_or_warm_up_model")
[36m(LLMRayActor pid=3408207)[0m [0;36m(EngineCore_DP0 pid=3420913)[0;0m   File "/vast/projects/myatskar/design-documents/conda_env/open_rlhf_intern/lib/python3.11/site-packages/vllm/v1/executor/uniproc_executor.py", line 75, in collective_rpc
[36m(LLMRayActor pid=3408207)[0m [0;36m(EngineCore_DP0 pid=3420913)[0;0m     result = run_method(self.driver_worker, method, args, kwargs)
[36m(LLMRayActor pid=3408207)[0m [0;36m(EngineCore_DP0 pid=3420913)[0;0m   File "/vast/projects/myatskar/design-documents/conda_env/open_rlhf_intern/lib/python3.11/site-packages/vllm/v1/serial_utils.py", line 461, in run_method
[36m(LLMRayActor pid=3408207)[0m [0;36m(EngineCore_DP0 pid=3420913)[0;0m     return func(*args, **kwargs)
[36m(LLMRayActor pid=3408207)[0m [0;36m(EngineCore_DP0 pid=3420913)[0;0m   File "/vast/projects/myatskar/design-documents/conda_env/open_rlhf_intern/lib/python3.11/site-packages/vllm/v1/worker/gpu_worker.py", line 448, in compile_or_warm_up_model
[36m(LLMRayActor pid=3408207)[0m [0;36m(EngineCore_DP0 pid=3420913)[0;0m     kernel_warmup(self)
[36m(LLMRayActor pid=3408207)[0m [0;36m(EngineCore_DP0 pid=3420913)[0;0m   File "/vast/projects/myatskar/design-documents/conda_env/open_rlhf_intern/lib/python3.11/site-packages/vllm/model_executor/warmup/kernel_warmup.py", line 41, in kernel_warmup
[36m(LLMRayActor pid=3408207)[0m [0;36m(EngineCore_DP0 pid=3420913)[0;0m     flashinfer_autotune(worker.model_runner)
[36m(LLMRayActor pid=3408207)[0m [0;36m(EngineCore_DP0 pid=3420913)[0;0m   File "/vast/projects/myatskar/design-documents/conda_env/open_rlhf_intern/lib/python3.11/site-packages/vllm/model_executor/warmup/kernel_warmup.py", line 88, in flashinfer_autotune
[36m(LLMRayActor pid=3408207)[0m [0;36m(EngineCore_DP0 pid=3420913)[0;0m     with torch.inference_mode(), autotune():
[36m(LLMRayActor pid=3408207)[0m [0;36m(EngineCore_DP0 pid=3420913)[0;0m   File "/vast/projects/myatskar/design-documents/conda_env/open_rlhf_intern/lib/python3.11/contextlib.py", line 137, in __enter__
[36m(LLMRayActor pid=3408207)[0m [0;36m(EngineCore_DP0 pid=3420913)[0;0m     return next(self.gen)
[36m(LLMRayActor pid=3408207)[0m [0;36m(EngineCore_DP0 pid=3420913)[0;0m   File "/vast/projects/myatskar/design-documents/conda_env/open_rlhf_intern/lib/python3.11/site-packages/flashinfer/autotuner.py", line 256, in autotune
[36m(LLMRayActor pid=3408207)[0m [0;36m(EngineCore_DP0 pid=3420913)[0;0m     logger.info("[Autotuner]: Autotuning process starts ...")
[36m(LLMRayActor pid=3408207)[0m [0;36m(EngineCore_DP0 pid=3420913)[0;0m Message: '[Autotuner]: Autotuning process starts ...'
[36m(LLMRayActor pid=3408207)[0m [0;36m(EngineCore_DP0 pid=3420913)[0;0m Arguments: ()
[36m(LLMRayActor pid=3408207)[0m [0;36m(EngineCore_DP0 pid=3420913)[0;0m 2026-02-25 07:24:42,640 - INFO - autotuner.py:262 - flashinfer.jit: [Autotuner]: Autotuning process ends
[36m(LLMRayActor pid=3408207)[0m [0;36m(EngineCore_DP0 pid=3420913)[0;0m --- Logging error ---
[36m(LLMRayActor pid=3408207)[0m [0;36m(EngineCore_DP0 pid=3420913)[0;0m Traceback (most recent call last):
[36m(LLMRayActor pid=3408207)[0m [0;36m(EngineCore_DP0 pid=3420913)[0;0m   File "/vast/projects/myatskar/design-documents/conda_env/open_rlhf_intern/lib/python3.11/logging/__init__.py", line 1114, in emit
[36m(LLMRayActor pid=3408207)[0m [0;36m(EngineCore_DP0 pid=3420913)[0;0m     self.flush()
[36m(LLMRayActor pid=3408207)[0m [0;36m(EngineCore_DP0 pid=3420913)[0;0m   File "/vast/projects/myatskar/design-documents/conda_env/open_rlhf_intern/lib/python3.11/logging/__init__.py", line 1094, in flush
[36m(LLMRayActor pid=3408207)[0m [0;36m(EngineCore_DP0 pid=3420913)[0;0m     self.stream.flush()
[36m(LLMRayActor pid=3408207)[0m [0;36m(EngineCore_DP0 pid=3420913)[0;0m OSError: [Errno 116] Stale file handle
[36m(LLMRayActor pid=3408207)[0m [0;36m(EngineCore_DP0 pid=3420913)[0;0m Call stack:
[36m(LLMRayActor pid=3408207)[0m [0;36m(EngineCore_DP0 pid=3420913)[0;0m   File "<string>", line 1, in <module>
[36m(LLMRayActor pid=3408207)[0m [0;36m(EngineCore_DP0 pid=3420913)[0;0m   File "/vast/projects/myatskar/design-documents/conda_env/open_rlhf_intern/lib/python3.11/multiprocessing/spawn.py", line 122, in spawn_main
[36m(LLMRayActor pid=3408207)[0m [0;36m(EngineCore_DP0 pid=3420913)[0;0m     exitcode = _main(fd, parent_sentinel)
[36m(LLMRayActor pid=3408207)[0m [0;36m(EngineCore_DP0 pid=3420913)[0;0m   File "/vast/projects/myatskar/design-documents/conda_env/open_rlhf_intern/lib/python3.11/multiprocessing/spawn.py", line 135, in _main
[36m(LLMRayActor pid=3408207)[0m [0;36m(EngineCore_DP0 pid=3420913)[0;0m     return self._bootstrap(parent_sentinel)
[36m(LLMRayActor pid=3408207)[0m [0;36m(EngineCore_DP0 pid=3420913)[0;0m   File "/vast/projects/myatskar/design-documents/conda_env/open_rlhf_intern/lib/python3.11/multiprocessing/process.py", line 314, in _bootstrap
[36m(LLMRayActor pid=3408207)[0m [0;36m(EngineCore_DP0 pid=3420913)[0;0m     self.run()
[36m(LLMRayActor pid=3408207)[0m [0;36m(EngineCore_DP0 pid=3420913)[0;0m   File "/vast/projects/myatskar/design-documents/conda_env/open_rlhf_intern/lib/python3.11/multiprocessing/process.py", line 108, in run
[36m(LLMRayActor pid=3408207)[0m [0;36m(EngineCore_DP0 pid=3420913)[0;0m     self._target(*self._args, **self._kwargs)
[36m(LLMRayActor pid=3408207)[0m [0;36m(EngineCore_DP0 pid=3420913)[0;0m   File "/vast/projects/myatskar/design-documents/conda_env/open_rlhf_intern/lib/python3.11/site-packages/vllm/v1/engine/core.py", line 937, in run_engine_core
[36m(LLMRayActor pid=3408207)[0m [0;36m(EngineCore_DP0 pid=3420913)[0;0m     engine_core = EngineCoreProc(*args, engine_index=dp_rank, **kwargs)
[36m(LLMRayActor pid=3408207)[0m [0;36m(EngineCore_DP0 pid=3420913)[0;0m   File "/vast/projects/myatskar/design-documents/conda_env/open_rlhf_intern/lib/python3.11/site-packages/vllm/v1/engine/core.py", line 691, in __init__
[36m(LLMRayActor pid=3408207)[0m [0;36m(EngineCore_DP0 pid=3420913)[0;0m     super().__init__(
[36m(LLMRayActor pid=3408207)[0m [0;36m(EngineCore_DP0 pid=3420913)[0;0m   File "/vast/projects/myatskar/design-documents/conda_env/open_rlhf_intern/lib/python3.11/site-packages/vllm/v1/engine/core.py", line 112, in __init__
[36m(LLMRayActor pid=3408207)[0m [0;36m(EngineCore_DP0 pid=3420913)[0;0m     num_gpu_blocks, num_cpu_blocks, kv_cache_config = self._initialize_kv_caches(
[36m(LLMRayActor pid=3408207)[0m [0;36m(EngineCore_DP0 pid=3420913)[0;0m   File "/vast/projects/myatskar/design-documents/conda_env/open_rlhf_intern/lib/python3.11/site-packages/vllm/v1/engine/core.py", line 269, in _initialize_kv_caches
[36m(LLMRayActor pid=3408207)[0m [0;36m(EngineCore_DP0 pid=3420913)[0;0m     self.model_executor.initialize_from_config(kv_cache_configs)
[36m(LLMRayActor pid=3408207)[0m [0;36m(EngineCore_DP0 pid=3420913)[0;0m   File "/vast/projects/myatskar/design-documents/conda_env/open_rlhf_intern/lib/python3.11/site-packages/vllm/v1/executor/abstract.py", line 116, in initialize_from_config
[36m(LLMRayActor pid=3408207)[0m [0;36m(EngineCore_DP0 pid=3420913)[0;0m     self.collective_rpc("compile_or_warm_up_model")
[36m(LLMRayActor pid=3408207)[0m [0;36m(EngineCore_DP0 pid=3420913)[0;0m   File "/vast/projects/myatskar/design-documents/conda_env/open_rlhf_intern/lib/python3.11/site-packages/vllm/v1/executor/uniproc_executor.py", line 75, in collective_rpc
[36m(LLMRayActor pid=3408207)[0m [0;36m(EngineCore_DP0 pid=3420913)[0;0m     result = run_method(self.driver_worker, method, args, kwargs)
[36m(LLMRayActor pid=3408207)[0m [0;36m(EngineCore_DP0 pid=3420913)[0;0m   File "/vast/projects/myatskar/design-documents/conda_env/open_rlhf_intern/lib/python3.11/site-packages/vllm/v1/serial_utils.py", line 461, in run_method
[36m(LLMRayActor pid=3408207)[0m [0;36m(EngineCore_DP0 pid=3420913)[0;0m     return func(*args, **kwargs)
[36m(LLMRayActor pid=3408207)[0m [0;36m(EngineCore_DP0 pid=3420913)[0;0m   File "/vast/projects/myatskar/design-documents/conda_env/open_rlhf_intern/lib/python3.11/site-packages/vllm/v1/worker/gpu_worker.py", line 448, in compile_or_warm_up_model
[36m(LLMRayActor pid=3408207)[0m [0;36m(EngineCore_DP0 pid=3420913)[0;0m     kernel_warmup(self)
[36m(LLMRayActor pid=3408207)[0m [0;36m(EngineCore_DP0 pid=3420913)[0;0m   File "/vast/projects/myatskar/design-documents/conda_env/open_rlhf_intern/lib/python3.11/site-packages/vllm/model_executor/warmup/kernel_warmup.py", line 41, in kernel_warmup
[36m(LLMRayActor pid=3408207)[0m [0;36m(EngineCore_DP0 pid=3420913)[0;0m     flashinfer_autotune(worker.model_runner)
[36m(LLMRayActor pid=3408207)[0m [0;36m(EngineCore_DP0 pid=3420913)[0;0m   File "/vast/projects/myatskar/design-documents/conda_env/open_rlhf_intern/lib/python3.11/site-packages/vllm/model_executor/warmup/kernel_warmup.py", line 88, in flashinfer_autotune
[36m(LLMRayActor pid=3408207)[0m [0;36m(EngineCore_DP0 pid=3420913)[0;0m     with torch.inference_mode(), autotune():
[36m(LLMRayActor pid=3408207)[0m [0;36m(EngineCore_DP0 pid=3420913)[0;0m   File "/vast/projects/myatskar/design-documents/conda_env/open_rlhf_intern/lib/python3.11/contextlib.py", line 144, in __exit__
[36m(LLMRayActor pid=3408207)[0m [0;36m(EngineCore_DP0 pid=3420913)[0;0m     next(self.gen)
[36m(LLMRayActor pid=3408207)[0m [0;36m(EngineCore_DP0 pid=3420913)[0;0m   File "/vast/projects/myatskar/design-documents/conda_env/open_rlhf_intern/lib/python3.11/site-packages/flashinfer/autotuner.py", line 262, in autotune
[36m(LLMRayActor pid=3408207)[0m [0;36m(EngineCore_DP0 pid=3420913)[0;0m     logger.info("[Autotuner]: Autotuning process ends")
[36m(LLMRayActor pid=3408207)[0m [0;36m(EngineCore_DP0 pid=3420913)[0;0m Message: '[Autotuner]: Autotuning process ends'
[36m(LLMRayActor pid=3408207)[0m [0;36m(EngineCore_DP0 pid=3420913)[0;0m Arguments: ()
[36m(LLMRayActor pid=3408206)[0m [0;36m(EngineCore_DP0 pid=3420918)[0;0m Loading safetensors checkpoint shards: 100% Completed | 9/9 [00:30<00:00,  3.35s/it][32m [repeated 2x across cluster][0m
[36m(LLMRayActor pid=3408207)[0m [0;36m(EngineCore_DP0 pid=3420913)[0;0m 2026-02-25 07:24:43,291 - INFO - cubin_loader.py:209 - flashinfer.jit: Fetching cubin 75d477a640f268ea9ad117cc596eb39245713b9e/fmha/trtllm-gen//checksums.txt from https://edge.urm.nvidia.com/artifactory/sw-kernelinferencelibrary-public-generic-local/75d477a640f268ea9ad117cc596eb39245713b9e/fmha/trtllm-gen/checksums.txt
[36m(LLMRayActor pid=3408207)[0m [0;36m(EngineCore_DP0 pid=3420913)[0;0m     worker.model_runner._dummy_run(
[36m(LLMRayActor pid=3408207)[0m [0;36m(EngineCore_DP0 pid=3420913)[0;0m   File "/vast/projects/myatskar/design-documents/conda_env/open_rlhf_intern/lib/python3.11/site-packages/torch/utils/_contextlib.py", line 120, in decorate_context
[36m(LLMRayActor pid=3408207)[0m [0;36m(EngineCore_DP0 pid=3420913)[0;0m   File "/vast/projects/myatskar/design-documents/conda_env/open_rlhf_intern/lib/python3.11/site-packages/vllm/v1/worker/gpu_model_runner.py", line 4697, in _dummy_run
[36m(LLMRayActor pid=3408207)[0m [0;36m(EngineCore_DP0 pid=3420913)[0;0m     outputs = self.model(
[36m(LLMRayActor pid=3408207)[0m [0;36m(EngineCore_DP0 pid=3420913)[0;0m   File "/vast/projects/myatskar/design-documents/conda_env/open_rlhf_intern/lib/python3.11/site-packages/vllm/compilation/cuda_graph.py", line 222, in __call__
[36m(LLMRayActor pid=3408207)[0m [0;36m(EngineCore_DP0 pid=3420913)[0;0m     return self.runnable(*args, **kwargs)
[36m(LLMRayActor pid=3408207)[0m [0;36m(EngineCore_DP0 pid=3420913)[0;0m   File "/vast/projects/myatskar/design-documents/conda_env/open_rlhf_intern/lib/python3.11/site-packages/torch/nn/modules/module.py", line 1775, in _wrapped_call_impl
[36m(LLMRayActor pid=3408207)[0m [0;36m(EngineCore_DP0 pid=3420913)[0;0m     return self._call_impl(*args, **kwargs)
[36m(LLMRayActor pid=3408207)[0m [0;36m(EngineCore_DP0 pid=3420913)[0;0m   File "/vast/projects/myatskar/design-documents/conda_env/open_rlhf_intern/lib/python3.11/site-packages/torch/nn/modules/module.py", line 1786, in _call_impl
[36m(LLMRayActor pid=3408207)[0m [0;36m(EngineCore_DP0 pid=3420913)[0;0m     return forward_call(*args, **kwargs)
[36m(LLMRayActor pid=3408207)[0m [0;36m(EngineCore_DP0 pid=3420913)[0;0m   File "/vast/projects/myatskar/design-documents/conda_env/open_rlhf_intern/lib/python3.11/site-packages/vllm/model_executor/models/gpt_oss.py", line 722, in forward
[36m(LLMRayActor pid=3408207)[0m [0;36m(EngineCore_DP0 pid=3420913)[0;0m     return self.model(input_ids, positions, intermediate_tensors, inputs_embeds)
[36m(LLMRayActor pid=3408207)[0m [0;36m(EngineCore_DP0 pid=3420913)[0;0m   File "/vast/projects/myatskar/design-documents/conda_env/open_rlhf_intern/lib/python3.11/site-packages/vllm/compilation/decorators.py", line 472, in __call__
[36m(LLMRayActor pid=3408207)[0m [0;36m(EngineCore_DP0 pid=3420913)[0;0m     return TorchCompileWithNoGuardsWrapper.__call__(self, *args, **kwargs)  # type: ignore[arg-type]
[36m(LLMRayActor pid=3408207)[0m [0;36m(EngineCore_DP0 pid=3420913)[0;0m   File "/vast/projects/myatskar/design-documents/conda_env/open_rlhf_intern/lib/python3.11/site-packages/vllm/compilation/wrapper.py", line 233, in __call__
[36m(LLMRayActor pid=3408207)[0m [0;36m(EngineCore_DP0 pid=3420913)[0;0m     return self._call_with_optional_nvtx_range(
[36m(LLMRayActor pid=3408207)[0m [0;36m(EngineCore_DP0 pid=3420913)[0;0m   File "/vast/projects/myatskar/design-documents/conda_env/open_rlhf_intern/lib/python3.11/site-packages/vllm/compilation/wrapper.py", line 119, in _call_with_optional_nvtx_range
[36m(LLMRayActor pid=3408207)[0m [0;36m(EngineCore_DP0 pid=3420913)[0;0m     return callable_fn(*args, **kwargs)
[36m(LLMRayActor pid=3408207)[0m [0;36m(EngineCore_DP0 pid=3420913)[0;0m   File "/vast/projects/myatskar/design-documents/conda_env/open_rlhf_intern/lib/python3.11/site-packages/vllm/model_executor/models/gpt_oss.py", line 276, in forward
[36m(LLMRayActor pid=3408207)[0m [0;36m(EngineCore_DP0 pid=3420913)[0;0m     def forward(
[36m(LLMRayActor pid=3408207)[0m [0;36m(EngineCore_DP0 pid=3420913)[0;0m   File "/vast/projects/myatskar/design-documents/conda_env/open_rlhf_intern/lib/python3.11/site-packages/torch/_dynamo/eval_frame.py", line 1044, in _fn
[36m(LLMRayActor pid=3408207)[0m [0;36m(EngineCore_DP0 pid=3420913)[0;0m     return fn(*args, **kwargs)
[36m(LLMRayActor pid=3408207)[0m [0;36m(EngineCore_DP0 pid=3420913)[0;0m   File "/vast/projects/myatskar/design-documents/conda_env/open_rlhf_intern/lib/python3.11/site-packages/vllm/compilation/caching.py", line 185, in __call__
[36m(LLMRayActor pid=3408207)[0m [0;36m(EngineCore_DP0 pid=3420913)[0;0m     return self.optimized_call(*args, **kwargs)
[36m(LLMRayActor pid=3408207)[0m [0;36m(EngineCore_DP0 pid=3420913)[0;0m   File "/vast/projects/myatskar/design-documents/conda_env/open_rlhf_intern/lib/python3.11/site-packages/torch/fx/graph_module.py", line 837, in call_wrapped
[36m(LLMRayActor pid=3408207)[0m [0;36m(EngineCore_DP0 pid=3420913)[0;0m     return self._wrapped_call(self, *args, **kwargs)
[36m(LLMRayActor pid=3408207)[0m [0;36m(EngineCore_DP0 pid=3420913)[0;0m   File "/vast/projects/myatskar/design-documents/conda_env/open_rlhf_intern/lib/python3.11/site-packages/torch/fx/graph_module.py", line 400, in __call__
[36m(LLMRayActor pid=3408207)[0m [0;36m(EngineCore_DP0 pid=3420913)[0;0m     return super(self.cls, obj).__call__(*args, **kwargs)  # type: ignore[misc]
[36m(LLMRayActor pid=3408207)[0m [0;36m(EngineCore_DP0 pid=3420913)[0;0m   File "/vast/projects/myatskar/design-documents/conda_env/open_rlhf_intern/lib/python3.11/site-packages/torch/nn/modules/module.py", line 1775, in _wrapped_call_impl
[36m(LLMRayActor pid=3408207)[0m [0;36m(EngineCore_DP0 pid=3420913)[0;0m     return self._call_impl(*args, **kwargs)
[36m(LLMRayActor pid=3408207)[0m [0;36m(EngineCore_DP0 pid=3420913)[0;0m   File "/vast/projects/myatskar/design-documents/conda_env/open_rlhf_intern/lib/python3.11/site-packages/torch/nn/modules/module.py", line 1786, in _call_impl
[36m(LLMRayActor pid=3408207)[0m [0;36m(EngineCore_DP0 pid=3420913)[0;0m     return forward_call(*args, **kwargs)
[36m(LLMRayActor pid=3408207)[0m [0;36m(EngineCore_DP0 pid=3420913)[0;0m   File "<eval_with_key>.50", line 208, in forward
[36m(LLMRayActor pid=3408207)[0m [0;36m(EngineCore_DP0 pid=3420913)[0;0m     submod_1 = self.submod_1(getitem, s72, getitem_1, getitem_2, getitem_3);  getitem = getitem_1 = getitem_2 = submod_1 = None
[36m(LLMRayActor pid=3408207)[0m [0;36m(EngineCore_DP0 pid=3420913)[0;0m   File "/vast/projects/myatskar/design-documents/conda_env/open_rlhf_intern/lib/python3.11/site-packages/torch/fx/graph_module.py", line 837, in call_wrapped
[36m(LLMRayActor pid=3408207)[0m [0;36m(EngineCore_DP0 pid=3420913)[0;0m     return self._wrapped_call(self, *args, **kwargs)
[36m(LLMRayActor pid=3408207)[0m [0;36m(EngineCore_DP0 pid=3420913)[0;0m   File "/vast/projects/myatskar/design-documents/conda_env/open_rlhf_intern/lib/python3.11/site-packages/torch/fx/graph_module.py", line 400, in __call__
[36m(LLMRayActor pid=3408207)[0m [0;36m(EngineCore_DP0 pid=3420913)[0;0m     return super(self.cls, obj).__call__(*args, **kwargs)  # type: ignore[misc]
[36m(LLMRayActor pid=3408207)[0m [0;36m(EngineCore_DP0 pid=3420913)[0;0m   File "/vast/projects/myatskar/design-documents/conda_env/open_rlhf_intern/lib/python3.11/site-packages/torch/nn/modules/module.py", line 1775, in _wrapped_call_impl
[36m(LLMRayActor pid=3408207)[0m [0;36m(EngineCore_DP0 pid=3420913)[0;0m     return self._call_impl(*args, **kwargs)
[36m(LLMRayActor pid=3408207)[0m [0;36m(EngineCore_DP0 pid=3420913)[0;0m   File "/vast/projects/myatskar/design-documents/conda_env/open_rlhf_intern/lib/python3.11/site-packages/torch/nn/modules/module.py", line 1786, in _call_impl
[36m(LLMRayActor pid=3408207)[0m [0;36m(EngineCore_DP0 pid=3420913)[0;0m     return forward_call(*args, **kwargs)
[36m(LLMRayActor pid=3408207)[0m [0;36m(EngineCore_DP0 pid=3420913)[0;0m   File "<eval_with_key>.2", line 5, in forward
[36m(LLMRayActor pid=3408207)[0m [0;36m(EngineCore_DP0 pid=3420913)[0;0m     unified_attention_with_output = torch.ops.vllm.unified_attention_with_output(query_2, key_2, value, output_3, 'model.layers.0.attn.attn', kv_cache_dummy_dep = None);  query_2 = key_2 = value = output_3 = unified_attention_with_output = None
[36m(LLMRayActor pid=3408207)[0m [0;36m(EngineCore_DP0 pid=3420913)[0;0m   File "/vast/projects/myatskar/design-documents/conda_env/open_rlhf_intern/lib/python3.11/site-packages/torch/_ops.py", line 1255, in __call__
[36m(LLMRayActor pid=3408207)[0m [0;36m(EngineCore_DP0 pid=3420913)[0;0m     return self._op(*args, **kwargs)
[36m(LLMRayActor pid=3408207)[0m [0;36m(EngineCore_DP0 pid=3420913)[0;0m   File "/vast/projects/myatskar/design-documents/conda_env/open_rlhf_intern/lib/python3.11/site-packages/vllm/attention/utils/kv_transfer_utils.py", line 39, in wrapper
[36m(LLMRayActor pid=3408207)[0m [0;36m(EngineCore_DP0 pid=3420913)[0;0m   File "/vast/projects/myatskar/design-documents/conda_env/open_rlhf_intern/lib/python3.11/site-packages/vllm/attention/layer.py", line 885, in unified_attention_with_output
[36m(LLMRayActor pid=3408207)[0m [0;36m(EngineCore_DP0 pid=3420913)[0;0m     self.impl.forward(
[36m(LLMRayActor pid=3408207)[0m [0;36m(EngineCore_DP0 pid=3420913)[0;0m   File "/vast/projects/myatskar/design-documents/conda_env/open_rlhf_intern/lib/python3.11/site-packages/vllm/v1/attention/backends/flashinfer.py", line 1444, in forward
[36m(LLMRayActor pid=3408207)[0m [0;36m(EngineCore_DP0 pid=3420913)[0;0m     trtllm_batch_context_with_kv_cache(
[36m(LLMRayActor pid=3408207)[0m [0;36m(EngineCore_DP0 pid=3420913)[0;0m   File "/vast/projects/myatskar/design-documents/conda_env/open_rlhf_intern/lib/python3.11/site-packages/flashinfer/prefill.py", line 3571, in trtllm_batch_context_with_kv_cache
[36m(LLMRayActor pid=3408207)[0m [0;36m(EngineCore_DP0 pid=3420913)[0;0m     run_func = get_trtllm_gen_fmha_module().trtllm_paged_attention_context
[36m(LLMRayActor pid=3408207)[0m [0;36m(EngineCore_DP0 pid=3420913)[0;0m   File "/vast/projects/myatskar/design-documents/conda_env/open_rlhf_intern/lib/python3.11/site-packages/flashinfer/prefill.py", line 3327, in get_trtllm_gen_fmha_module
[36m(LLMRayActor pid=3408207)[0m [0;36m(EngineCore_DP0 pid=3420913)[0;0m     mod = gen_trtllm_gen_fmha_module()
[36m(LLMRayActor pid=3408207)[0m [0;36m(EngineCore_DP0 pid=3420913)[0;0m   File "/vast/projects/myatskar/design-documents/conda_env/open_rlhf_intern/lib/python3.11/site-packages/flashinfer/jit/attention/modules.py", line 1771, in gen_trtllm_gen_fmha_module
[36m(LLMRayActor pid=3408207)[0m [0;36m(EngineCore_DP0 pid=3420913)[0;0m     checksum = get_cubin(checksum_path, CheckSumHash.TRTLLM_GEN_FMHA)
[36m(LLMRayActor pid=3408207)[0m [0;36m(EngineCore_DP0 pid=3420913)[0;0m   File "/vast/projects/myatskar/design-documents/conda_env/open_rlhf_intern/lib/python3.11/site-packages/flashinfer/jit/cubin_loader.py", line 209, in get_cubin
[36m(LLMRayActor pid=3408207)[0m [0;36m(EngineCore_DP0 pid=3420913)[0;0m     logger.info(f"Fetching cubin {file_name} from {uri}")
[36m(LLMRayActor pid=3408207)[0m [0;36m(EngineCore_DP0 pid=3420913)[0;0m Message: 'Fetching cubin 75d477a640f268ea9ad117cc596eb39245713b9e/fmha/trtllm-gen//checksums.txt from https://edge.urm.nvidia.com/artifactory/sw-kernelinferencelibrary-public-generic-local/75d477a640f268ea9ad117cc596eb39245713b9e/fmha/trtllm-gen/checksums.txt'
[36m(LLMRayActor pid=3408207)[0m [0;36m(EngineCore_DP0 pid=3420913)[0;0m 2026-02-25 07:24:43,342 - INFO - cubin_loader.py:81 - flashinfer.jit: Acquired lock for /vast/home/j/jojolee/.cache/flashinfer/cubins/75d477a640f268ea9ad117cc596eb39245713b9e/fmha/trtllm-gen/checksums.txt
[36m(LLMRayActor pid=3408207)[0m [0;36m(EngineCore_DP0 pid=3420913)[0;0m     worker.model_runner._dummy_run(
[36m(LLMRayActor pid=3408207)[0m [0;36m(EngineCore_DP0 pid=3420913)[0;0m   File "/vast/projects/myatskar/design-documents/conda_env/open_rlhf_intern/lib/python3.11/site-packages/torch/utils/_contextlib.py", line 120, in decorate_context
[36m(LLMRayActor pid=3408207)[0m [0;36m(EngineCore_DP0 pid=3420913)[0;0m   File "/vast/projects/myatskar/design-documents/conda_env/open_rlhf_intern/lib/python3.11/site-packages/vllm/v1/worker/gpu_model_runner.py", line 4697, in _dummy_run
[36m(LLMRayActor pid=3408207)[0m [0;36m(EngineCore_DP0 pid=3420913)[0;0m     outputs = self.model(
[36m(LLMRayActor pid=3408207)[0m [0;36m(EngineCore_DP0 pid=3420913)[0;0m   File "/vast/projects/myatskar/design-documents/conda_env/open_rlhf_intern/lib/python3.11/site-packages/vllm/compilation/cuda_graph.py", line 222, in __call__
[36m(LLMRayActor pid=3408207)[0m [0;36m(EngineCore_DP0 pid=3420913)[0;0m     return self.runnable(*args, **kwargs)
[36m(LLMRayActor pid=3408207)[0m [0;36m(EngineCore_DP0 pid=3420913)[0;0m   File "/vast/projects/myatskar/design-documents/conda_env/open_rlhf_intern/lib/python3.11/site-packages/torch/nn/modules/module.py", line 1775, in _wrapped_call_impl
[36m(LLMRayActor pid=3408207)[0m [0;36m(EngineCore_DP0 pid=3420913)[0;0m     return self._call_impl(*args, **kwargs)
[36m(LLMRayActor pid=3408207)[0m [0;36m(EngineCore_DP0 pid=3420913)[0;0m   File "/vast/projects/myatskar/design-documents/conda_env/open_rlhf_intern/lib/python3.11/site-packages/torch/nn/modules/module.py", line 1786, in _call_impl
[36m(LLMRayActor pid=3408207)[0m [0;36m(EngineCore_DP0 pid=3420913)[0;0m     return forward_call(*args, **kwargs)
[36m(LLMRayActor pid=3408207)[0m [0;36m(EngineCore_DP0 pid=3420913)[0;0m   File "/vast/projects/myatskar/design-documents/conda_env/open_rlhf_intern/lib/python3.11/site-packages/vllm/model_executor/models/gpt_oss.py", line 722, in forward
[36m(LLMRayActor pid=3408207)[0m [0;36m(EngineCore_DP0 pid=3420913)[0;0m     return self.model(input_ids, positions, intermediate_tensors, inputs_embeds)
[36m(LLMRayActor pid=3408207)[0m [0;36m(EngineCore_DP0 pid=3420913)[0;0m   File "/vast/projects/myatskar/design-documents/conda_env/open_rlhf_intern/lib/python3.11/site-packages/vllm/compilation/decorators.py", line 472, in __call__
[36m(LLMRayActor pid=3408207)[0m [0;36m(EngineCore_DP0 pid=3420913)[0;0m     return TorchCompileWithNoGuardsWrapper.__call__(self, *args, **kwargs)  # type: ignore[arg-type]
[36m(LLMRayActor pid=3408207)[0m [0;36m(EngineCore_DP0 pid=3420913)[0;0m   File "/vast/projects/myatskar/design-documents/conda_env/open_rlhf_intern/lib/python3.11/site-packages/vllm/compilation/wrapper.py", line 233, in __call__
[36m(LLMRayActor pid=3408207)[0m [0;36m(EngineCore_DP0 pid=3420913)[0;0m     return self._call_with_optional_nvtx_range(
[36m(LLMRayActor pid=3408207)[0m [0;36m(EngineCore_DP0 pid=3420913)[0;0m   File "/vast/projects/myatskar/design-documents/conda_env/open_rlhf_intern/lib/python3.11/site-packages/vllm/compilation/wrapper.py", line 119, in _call_with_optional_nvtx_range
[36m(LLMRayActor pid=3408207)[0m [0;36m(EngineCore_DP0 pid=3420913)[0;0m     return callable_fn(*args, **kwargs)
[36m(LLMRayActor pid=3408207)[0m [0;36m(EngineCore_DP0 pid=3420913)[0;0m   File "/vast/projects/myatskar/design-documents/conda_env/open_rlhf_intern/lib/python3.11/site-packages/vllm/model_executor/models/gpt_oss.py", line 276, in forward
[36m(LLMRayActor pid=3408207)[0m [0;36m(EngineCore_DP0 pid=3420913)[0;0m     def forward(
[36m(LLMRayActor pid=3408207)[0m [0;36m(EngineCore_DP0 pid=3420913)[0;0m   File "/vast/projects/myatskar/design-documents/conda_env/open_rlhf_intern/lib/python3.11/site-packages/torch/_dynamo/eval_frame.py", line 1044, in _fn
[36m(LLMRayActor pid=3408207)[0m [0;36m(EngineCore_DP0 pid=3420913)[0;0m     return fn(*args, **kwargs)
[36m(LLMRayActor pid=3408207)[0m [0;36m(EngineCore_DP0 pid=3420913)[0;0m   File "/vast/projects/myatskar/design-documents/conda_env/open_rlhf_intern/lib/python3.11/site-packages/vllm/compilation/caching.py", line 185, in __call__
[36m(LLMRayActor pid=3408207)[0m [0;36m(EngineCore_DP0 pid=3420913)[0;0m     return self.optimized_call(*args, **kwargs)
[36m(LLMRayActor pid=3408207)[0m [0;36m(EngineCore_DP0 pid=3420913)[0;0m   File "/vast/projects/myatskar/design-documents/conda_env/open_rlhf_intern/lib/python3.11/site-packages/torch/fx/graph_module.py", line 837, in call_wrapped
[36m(LLMRayActor pid=3408207)[0m [0;36m(EngineCore_DP0 pid=3420913)[0;0m     return self._wrapped_call(self, *args, **kwargs)
[36m(LLMRayActor pid=3408207)[0m [0;36m(EngineCore_DP0 pid=3420913)[0;0m   File "/vast/projects/myatskar/design-documents/conda_env/open_rlhf_intern/lib/python3.11/site-packages/torch/fx/graph_module.py", line 400, in __call__
[36m(LLMRayActor pid=3408207)[0m [0;36m(EngineCore_DP0 pid=3420913)[0;0m     return super(self.cls, obj).__call__(*args, **kwargs)  # type: ignore[misc]
[36m(LLMRayActor pid=3408207)[0m [0;36m(EngineCore_DP0 pid=3420913)[0;0m   File "/vast/projects/myatskar/design-documents/conda_env/open_rlhf_intern/lib/python3.11/site-packages/torch/nn/modules/module.py", line 1775, in _wrapped_call_impl
[36m(LLMRayActor pid=3408207)[0m [0;36m(EngineCore_DP0 pid=3420913)[0;0m     return self._call_impl(*args, **kwargs)
[36m(LLMRayActor pid=3408207)[0m [0;36m(EngineCore_DP0 pid=3420913)[0;0m   File "/vast/projects/myatskar/design-documents/conda_env/open_rlhf_intern/lib/python3.11/site-packages/torch/nn/modules/module.py", line 1786, in _call_impl
[36m(LLMRayActor pid=3408207)[0m [0;36m(EngineCore_DP0 pid=3420913)[0;0m     return forward_call(*args, **kwargs)
[36m(LLMRayActor pid=3408207)[0m [0;36m(EngineCore_DP0 pid=3420913)[0;0m   File "<eval_with_key>.50", line 208, in forward
[36m(LLMRayActor pid=3408207)[0m [0;36m(EngineCore_DP0 pid=3420913)[0;0m     submod_1 = self.submod_1(getitem, s72, getitem_1, getitem_2, getitem_3);  getitem = getitem_1 = getitem_2 = submod_1 = None
[36m(LLMRayActor pid=3408207)[0m [0;36m(EngineCore_DP0 pid=3420913)[0;0m   File "/vast/projects/myatskar/design-documents/conda_env/open_rlhf_intern/lib/python3.11/site-packages/torch/fx/graph_module.py", line 837, in call_wrapped
[36m(LLMRayActor pid=3408207)[0m [0;36m(EngineCore_DP0 pid=3420913)[0;0m     return self._wrapped_call(self, *args, **kwargs)
[36m(LLMRayActor pid=3408207)[0m [0;36m(EngineCore_DP0 pid=3420913)[0;0m   File "/vast/projects/myatskar/design-documents/conda_env/open_rlhf_intern/lib/python3.11/site-packages/torch/fx/graph_module.py", line 400, in __call__
[36m(LLMRayActor pid=3408207)[0m [0;36m(EngineCore_DP0 pid=3420913)[0;0m     return super(self.cls, obj).__call__(*args, **kwargs)  # type: ignore[misc]
[36m(LLMRayActor pid=3408207)[0m [0;36m(EngineCore_DP0 pid=3420913)[0;0m   File "/vast/projects/myatskar/design-documents/conda_env/open_rlhf_intern/lib/python3.11/site-packages/torch/nn/modules/module.py", line 1775, in _wrapped_call_impl
[36m(LLMRayActor pid=3408207)[0m [0;36m(EngineCore_DP0 pid=3420913)[0;0m     return self._call_impl(*args, **kwargs)
[36m(LLMRayActor pid=3408207)[0m [0;36m(EngineCore_DP0 pid=3420913)[0;0m   File "/vast/projects/myatskar/design-documents/conda_env/open_rlhf_intern/lib/python3.11/site-packages/torch/nn/modules/module.py", line 1786, in _call_impl
[36m(LLMRayActor pid=3408207)[0m [0;36m(EngineCore_DP0 pid=3420913)[0;0m     return forward_call(*args, **kwargs)
[36m(LLMRayActor pid=3408207)[0m [0;36m(EngineCore_DP0 pid=3420913)[0;0m   File "<eval_with_key>.2", line 5, in forward
[36m(LLMRayActor pid=3408207)[0m [0;36m(EngineCore_DP0 pid=3420913)[0;0m     unified_attention_with_output = torch.ops.vllm.unified_attention_with_output(query_2, key_2, value, output_3, 'model.layers.0.attn.attn', kv_cache_dummy_dep = None);  query_2 = key_2 = value = output_3 = unified_attention_with_output = None
[36m(LLMRayActor pid=3408207)[0m [0;36m(EngineCore_DP0 pid=3420913)[0;0m   File "/vast/projects/myatskar/design-documents/conda_env/open_rlhf_intern/lib/python3.11/site-packages/torch/_ops.py", line 1255, in __call__
[36m(LLMRayActor pid=3408207)[0m [0;36m(EngineCore_DP0 pid=3420913)[0;0m     return self._op(*args, **kwargs)
[36m(LLMRayActor pid=3408207)[0m [0;36m(EngineCore_DP0 pid=3420913)[0;0m   File "/vast/projects/myatskar/design-documents/conda_env/open_rlhf_intern/lib/python3.11/site-packages/vllm/attention/utils/kv_transfer_utils.py", line 39, in wrapper
[36m(LLMRayActor pid=3408207)[0m [0;36m(EngineCore_DP0 pid=3420913)[0;0m   File "/vast/projects/myatskar/design-documents/conda_env/open_rlhf_intern/lib/python3.11/site-packages/vllm/attention/layer.py", line 885, in unified_attention_with_output
[36m(LLMRayActor pid=3408207)[0m [0;36m(EngineCore_DP0 pid=3420913)[0;0m     self.impl.forward(
[36m(LLMRayActor pid=3408207)[0m [0;36m(EngineCore_DP0 pid=3420913)[0;0m   File "/vast/projects/myatskar/design-documents/conda_env/open_rlhf_intern/lib/python3.11/site-packages/vllm/v1/attention/backends/flashinfer.py", line 1444, in forward
[36m(LLMRayActor pid=3408207)[0m [0;36m(EngineCore_DP0 pid=3420913)[0;0m     trtllm_batch_context_with_kv_cache(
[36m(LLMRayActor pid=3408207)[0m [0;36m(EngineCore_DP0 pid=3420913)[0;0m   File "/vast/projects/myatskar/design-documents/conda_env/open_rlhf_intern/lib/python3.11/site-packages/flashinfer/prefill.py", line 3571, in trtllm_batch_context_with_kv_cache
[36m(LLMRayActor pid=3408207)[0m [0;36m(EngineCore_DP0 pid=3420913)[0;0m     run_func = get_trtllm_gen_fmha_module().trtllm_paged_attention_context
[36m(LLMRayActor pid=3408207)[0m [0;36m(EngineCore_DP0 pid=3420913)[0;0m   File "/vast/projects/myatskar/design-documents/conda_env/open_rlhf_intern/lib/python3.11/site-packages/flashinfer/prefill.py", line 3327, in get_trtllm_gen_fmha_module
[36m(LLMRayActor pid=3408207)[0m [0;36m(EngineCore_DP0 pid=3420913)[0;0m     mod = gen_trtllm_gen_fmha_module()
[36m(LLMRayActor pid=3408207)[0m [0;36m(EngineCore_DP0 pid=3420913)[0;0m   File "/vast/projects/myatskar/design-documents/conda_env/open_rlhf_intern/lib/python3.11/site-packages/flashinfer/jit/attention/modules.py", line 1771, in gen_trtllm_gen_fmha_module
[36m(LLMRayActor pid=3408207)[0m [0;36m(EngineCore_DP0 pid=3420913)[0;0m     checksum = get_cubin(checksum_path, CheckSumHash.TRTLLM_GEN_FMHA)
[36m(LLMRayActor pid=3408207)[0m [0;36m(EngineCore_DP0 pid=3420913)[0;0m   File "/vast/projects/myatskar/design-documents/conda_env/open_rlhf_intern/lib/python3.11/site-packages/flashinfer/jit/cubin_loader.py", line 210, in get_cubin
[36m(LLMRayActor pid=3408207)[0m [0;36m(EngineCore_DP0 pid=3420913)[0;0m     download_file(uri, cubin_path, session=session)
[36m(LLMRayActor pid=3408207)[0m [0;36m(EngineCore_DP0 pid=3420913)[0;0m   File "/vast/projects/myatskar/design-documents/conda_env/open_rlhf_intern/lib/python3.11/site-packages/flashinfer/jit/cubin_loader.py", line 81, in download_file
[36m(LLMRayActor pid=3408207)[0m [0;36m(EngineCore_DP0 pid=3420913)[0;0m     logger.info(f"Acquired lock for {destination}")
[36m(LLMRayActor pid=3408207)[0m [0;36m(EngineCore_DP0 pid=3420913)[0;0m Message: 'Acquired lock for /vast/home/j/jojolee/.cache/flashinfer/cubins/75d477a640f268ea9ad117cc596eb39245713b9e/fmha/trtllm-gen/checksums.txt'
[36m(LLMRayActor pid=3408207)[0m [0;36m(EngineCore_DP0 pid=3420913)[0;0m 2026-02-25 07:24:43,465 - INFO - cubin_loader.py:111 - flashinfer.jit: File downloaded successfully: https://edge.urm.nvidia.com/artifactory/sw-kernelinferencelibrary-public-generic-local/75d477a640f268ea9ad117cc596eb39245713b9e/fmha/trtllm-gen/checksums.txt -> /vast/home/j/jojolee/.cache/flashinfer/cubins/75d477a640f268ea9ad117cc596eb39245713b9e/fmha/trtllm-gen/checksums.txt
[36m(LLMRayActor pid=3408207)[0m [0;36m(EngineCore_DP0 pid=3420913)[0;0m     worker.model_runner._dummy_run(
[36m(LLMRayActor pid=3408207)[0m [0;36m(EngineCore_DP0 pid=3420913)[0;0m   File "/vast/projects/myatskar/design-documents/conda_env/open_rlhf_intern/lib/python3.11/site-packages/torch/utils/_contextlib.py", line 120, in decorate_context
[36m(LLMRayActor pid=3408207)[0m [0;36m(EngineCore_DP0 pid=3420913)[0;0m   File "/vast/projects/myatskar/design-documents/conda_env/open_rlhf_intern/lib/python3.11/site-packages/vllm/v1/worker/gpu_model_runner.py", line 4697, in _dummy_run
[36m(LLMRayActor pid=3408207)[0m [0;36m(EngineCore_DP0 pid=3420913)[0;0m     outputs = self.model(
[36m(LLMRayActor pid=3408207)[0m [0;36m(EngineCore_DP0 pid=3420913)[0;0m   File "/vast/projects/myatskar/design-documents/conda_env/open_rlhf_intern/lib/python3.11/site-packages/vllm/compilation/cuda_graph.py", line 222, in __call__
[36m(LLMRayActor pid=3408207)[0m [0;36m(EngineCore_DP0 pid=3420913)[0;0m     return self.runnable(*args, **kwargs)
[36m(LLMRayActor pid=3408207)[0m [0;36m(EngineCore_DP0 pid=3420913)[0;0m   File "/vast/projects/myatskar/design-documents/conda_env/open_rlhf_intern/lib/python3.11/site-packages/torch/nn/modules/module.py", line 1775, in _wrapped_call_impl
[36m(LLMRayActor pid=3408207)[0m [0;36m(EngineCore_DP0 pid=3420913)[0;0m     return self._call_impl(*args, **kwargs)
[36m(LLMRayActor pid=3408207)[0m [0;36m(EngineCore_DP0 pid=3420913)[0;0m   File "/vast/projects/myatskar/design-documents/conda_env/open_rlhf_intern/lib/python3.11/site-packages/torch/nn/modules/module.py", line 1786, in _call_impl
[36m(LLMRayActor pid=3408207)[0m [0;36m(EngineCore_DP0 pid=3420913)[0;0m     return forward_call(*args, **kwargs)
[36m(LLMRayActor pid=3408207)[0m [0;36m(EngineCore_DP0 pid=3420913)[0;0m   File "/vast/projects/myatskar/design-documents/conda_env/open_rlhf_intern/lib/python3.11/site-packages/vllm/model_executor/models/gpt_oss.py", line 722, in forward
[36m(LLMRayActor pid=3408207)[0m [0;36m(EngineCore_DP0 pid=3420913)[0;0m     return self.model(input_ids, positions, intermediate_tensors, inputs_embeds)
[36m(LLMRayActor pid=3408207)[0m [0;36m(EngineCore_DP0 pid=3420913)[0;0m   File "/vast/projects/myatskar/design-documents/conda_env/open_rlhf_intern/lib/python3.11/site-packages/vllm/compilation/decorators.py", line 472, in __call__
[36m(LLMRayActor pid=3408207)[0m [0;36m(EngineCore_DP0 pid=3420913)[0;0m     return TorchCompileWithNoGuardsWrapper.__call__(self, *args, **kwargs)  # type: ignore[arg-type]
[36m(LLMRayActor pid=3408207)[0m [0;36m(EngineCore_DP0 pid=3420913)[0;0m   File "/vast/projects/myatskar/design-documents/conda_env/open_rlhf_intern/lib/python3.11/site-packages/vllm/compilation/wrapper.py", line 233, in __call__
[36m(LLMRayActor pid=3408207)[0m [0;36m(EngineCore_DP0 pid=3420913)[0;0m     return self._call_with_optional_nvtx_range(
[36m(LLMRayActor pid=3408207)[0m [0;36m(EngineCore_DP0 pid=3420913)[0;0m   File "/vast/projects/myatskar/design-documents/conda_env/open_rlhf_intern/lib/python3.11/site-packages/vllm/compilation/wrapper.py", line 119, in _call_with_optional_nvtx_range
[36m(LLMRayActor pid=3408207)[0m [0;36m(EngineCore_DP0 pid=3420913)[0;0m     return callable_fn(*args, **kwargs)
[36m(LLMRayActor pid=3408207)[0m [0;36m(EngineCore_DP0 pid=3420913)[0;0m   File "/vast/projects/myatskar/design-documents/conda_env/open_rlhf_intern/lib/python3.11/site-packages/vllm/model_executor/models/gpt_oss.py", line 276, in forward
[36m(LLMRayActor pid=3408207)[0m [0;36m(EngineCore_DP0 pid=3420913)[0;0m     def forward(
[36m(LLMRayActor pid=3408207)[0m [0;36m(EngineCore_DP0 pid=3420913)[0;0m   File "/vast/projects/myatskar/design-documents/conda_env/open_rlhf_intern/lib/python3.11/site-packages/torch/_dynamo/eval_frame.py", line 1044, in _fn
[36m(LLMRayActor pid=3408207)[0m [0;36m(EngineCore_DP0 pid=3420913)[0;0m     return fn(*args, **kwargs)
[36m(LLMRayActor pid=3408207)[0m [0;36m(EngineCore_DP0 pid=3420913)[0;0m   File "/vast/projects/myatskar/design-documents/conda_env/open_rlhf_intern/lib/python3.11/site-packages/vllm/compilation/caching.py", line 185, in __call__
[36m(LLMRayActor pid=3408207)[0m [0;36m(EngineCore_DP0 pid=3420913)[0;0m     return self.optimized_call(*args, **kwargs)
[36m(LLMRayActor pid=3408207)[0m [0;36m(EngineCore_DP0 pid=3420913)[0;0m   File "/vast/projects/myatskar/design-documents/conda_env/open_rlhf_intern/lib/python3.11/site-packages/torch/fx/graph_module.py", line 837, in call_wrapped
[36m(LLMRayActor pid=3408207)[0m [0;36m(EngineCore_DP0 pid=3420913)[0;0m     return self._wrapped_call(self, *args, **kwargs)
[36m(LLMRayActor pid=3408207)[0m [0;36m(EngineCore_DP0 pid=3420913)[0;0m   File "/vast/projects/myatskar/design-documents/conda_env/open_rlhf_intern/lib/python3.11/site-packages/torch/fx/graph_module.py", line 400, in __call__
[36m(LLMRayActor pid=3408207)[0m [0;36m(EngineCore_DP0 pid=3420913)[0;0m     return super(self.cls, obj).__call__(*args, **kwargs)  # type: ignore[misc]
[36m(LLMRayActor pid=3408207)[0m [0;36m(EngineCore_DP0 pid=3420913)[0;0m   File "/vast/projects/myatskar/design-documents/conda_env/open_rlhf_intern/lib/python3.11/site-packages/torch/nn/modules/module.py", line 1775, in _wrapped_call_impl
[36m(LLMRayActor pid=3408207)[0m [0;36m(EngineCore_DP0 pid=3420913)[0;0m     return self._call_impl(*args, **kwargs)
[36m(LLMRayActor pid=3408207)[0m [0;36m(EngineCore_DP0 pid=3420913)[0;0m   File "/vast/projects/myatskar/design-documents/conda_env/open_rlhf_intern/lib/python3.11/site-packages/torch/nn/modules/module.py", line 1786, in _call_impl
[36m(LLMRayActor pid=3408207)[0m [0;36m(EngineCore_DP0 pid=3420913)[0;0m     return forward_call(*args, **kwargs)
[36m(LLMRayActor pid=3408207)[0m [0;36m(EngineCore_DP0 pid=3420913)[0;0m   File "<eval_with_key>.50", line 208, in forward
[36m(LLMRayActor pid=3408207)[0m [0;36m(EngineCore_DP0 pid=3420913)[0;0m     submod_1 = self.submod_1(getitem, s72, getitem_1, getitem_2, getitem_3);  getitem = getitem_1 = getitem_2 = submod_1 = None
[36m(LLMRayActor pid=3408207)[0m [0;36m(EngineCore_DP0 pid=3420913)[0;0m   File "/vast/projects/myatskar/design-documents/conda_env/open_rlhf_intern/lib/python3.11/site-packages/torch/fx/graph_module.py", line 837, in call_wrapped
[36m(LLMRayActor pid=3408207)[0m [0;36m(EngineCore_DP0 pid=3420913)[0;0m     return self._wrapped_call(self, *args, **kwargs)
[36m(LLMRayActor pid=3408207)[0m [0;36m(EngineCore_DP0 pid=3420913)[0;0m   File "/vast/projects/myatskar/design-documents/conda_env/open_rlhf_intern/lib/python3.11/site-packages/torch/fx/graph_module.py", line 400, in __call__
[36m(LLMRayActor pid=3408207)[0m [0;36m(EngineCore_DP0 pid=3420913)[0;0m     return super(self.cls, obj).__call__(*args, **kwargs)  # type: ignore[misc]
[36m(LLMRayActor pid=3408207)[0m [0;36m(EngineCore_DP0 pid=3420913)[0;0m   File "/vast/projects/myatskar/design-documents/conda_env/open_rlhf_intern/lib/python3.11/site-packages/torch/nn/modules/module.py", line 1775, in _wrapped_call_impl
[36m(LLMRayActor pid=3408207)[0m [0;36m(EngineCore_DP0 pid=3420913)[0;0m     return self._call_impl(*args, **kwargs)
[36m(LLMRayActor pid=3408207)[0m [0;36m(EngineCore_DP0 pid=3420913)[0;0m   File "/vast/projects/myatskar/design-documents/conda_env/open_rlhf_intern/lib/python3.11/site-packages/torch/nn/modules/module.py", line 1786, in _call_impl
[36m(LLMRayActor pid=3408207)[0m [0;36m(EngineCore_DP0 pid=3420913)[0;0m     return forward_call(*args, **kwargs)
[36m(LLMRayActor pid=3408207)[0m [0;36m(EngineCore_DP0 pid=3420913)[0;0m   File "<eval_with_key>.2", line 5, in forward
[36m(LLMRayActor pid=3408207)[0m [0;36m(EngineCore_DP0 pid=3420913)[0;0m     unified_attention_with_output = torch.ops.vllm.unified_attention_with_output(query_2, key_2, value, output_3, 'model.layers.0.attn.attn', kv_cache_dummy_dep = None);  query_2 = key_2 = value = output_3 = unified_attention_with_output = None
[36m(LLMRayActor pid=3408207)[0m [0;36m(EngineCore_DP0 pid=3420913)[0;0m   File "/vast/projects/myatskar/design-documents/conda_env/open_rlhf_intern/lib/python3.11/site-packages/torch/_ops.py", line 1255, in __call__
[36m(LLMRayActor pid=3408207)[0m [0;36m(EngineCore_DP0 pid=3420913)[0;0m     return self._op(*args, **kwargs)
[36m(LLMRayActor pid=3408207)[0m [0;36m(EngineCore_DP0 pid=3420913)[0;0m   File "/vast/projects/myatskar/design-documents/conda_env/open_rlhf_intern/lib/python3.11/site-packages/vllm/attention/utils/kv_transfer_utils.py", line 39, in wrapper
[36m(LLMRayActor pid=3408207)[0m [0;36m(EngineCore_DP0 pid=3420913)[0;0m   File "/vast/projects/myatskar/design-documents/conda_env/open_rlhf_intern/lib/python3.11/site-packages/vllm/attention/layer.py", line 885, in unified_attention_with_output
[36m(LLMRayActor pid=3408207)[0m [0;36m(EngineCore_DP0 pid=3420913)[0;0m     self.impl.forward(
[36m(LLMRayActor pid=3408207)[0m [0;36m(EngineCore_DP0 pid=3420913)[0;0m   File "/vast/projects/myatskar/design-documents/conda_env/open_rlhf_intern/lib/python3.11/site-packages/vllm/v1/attention/backends/flashinfer.py", line 1444, in forward
[36m(LLMRayActor pid=3408207)[0m [0;36m(EngineCore_DP0 pid=3420913)[0;0m     trtllm_batch_context_with_kv_cache(
[36m(LLMRayActor pid=3408207)[0m [0;36m(EngineCore_DP0 pid=3420913)[0;0m   File "/vast/projects/myatskar/design-documents/conda_env/open_rlhf_intern/lib/python3.11/site-packages/flashinfer/prefill.py", line 3571, in trtllm_batch_context_with_kv_cache
[36m(LLMRayActor pid=3408207)[0m [0;36m(EngineCore_DP0 pid=3420913)[0;0m     run_func = get_trtllm_gen_fmha_module().trtllm_paged_attention_context
[36m(LLMRayActor pid=3408207)[0m [0;36m(EngineCore_DP0 pid=3420913)[0;0m   File "/vast/projects/myatskar/design-documents/conda_env/open_rlhf_intern/lib/python3.11/site-packages/flashinfer/prefill.py", line 3327, in get_trtllm_gen_fmha_module
[36m(LLMRayActor pid=3408207)[0m [0;36m(EngineCore_DP0 pid=3420913)[0;0m     mod = gen_trtllm_gen_fmha_module()
[36m(LLMRayActor pid=3408207)[0m [0;36m(EngineCore_DP0 pid=3420913)[0;0m   File "/vast/projects/myatskar/design-documents/conda_env/open_rlhf_intern/lib/python3.11/site-packages/flashinfer/jit/attention/modules.py", line 1771, in gen_trtllm_gen_fmha_module
[36m(LLMRayActor pid=3408207)[0m [0;36m(EngineCore_DP0 pid=3420913)[0;0m     checksum = get_cubin(checksum_path, CheckSumHash.TRTLLM_GEN_FMHA)
[36m(LLMRayActor pid=3408207)[0m [0;36m(EngineCore_DP0 pid=3420913)[0;0m   File "/vast/projects/myatskar/design-documents/conda_env/open_rlhf_intern/lib/python3.11/site-packages/flashinfer/jit/cubin_loader.py", line 210, in get_cubin
[36m(LLMRayActor pid=3408207)[0m [0;36m(EngineCore_DP0 pid=3420913)[0;0m     download_file(uri, cubin_path, session=session)
[36m(LLMRayActor pid=3408207)[0m [0;36m(EngineCore_DP0 pid=3420913)[0;0m   File "/vast/projects/myatskar/design-documents/conda_env/open_rlhf_intern/lib/python3.11/site-packages/flashinfer/jit/cubin_loader.py", line 111, in download_file
[36m(LLMRayActor pid=3408207)[0m [0;36m(EngineCore_DP0 pid=3420913)[0;0m     logger.info(
[36m(LLMRayActor pid=3408207)[0m [0;36m(EngineCore_DP0 pid=3420913)[0;0m Message: 'File downloaded successfully: https://edge.urm.nvidia.com/artifactory/sw-kernelinferencelibrary-public-generic-local/75d477a640f268ea9ad117cc596eb39245713b9e/fmha/trtllm-gen/checksums.txt -> /vast/home/j/jojolee/.cache/flashinfer/cubins/75d477a640f268ea9ad117cc596eb39245713b9e/fmha/trtllm-gen/checksums.txt'
[36m(LLMRayActor pid=3408207)[0m [0;36m(EngineCore_DP0 pid=3420913)[0;0m 2026-02-25 07:24:43,476 - INFO - cubin_loader.py:209 - flashinfer.jit: Fetching cubin 75d477a640f268ea9ad117cc596eb39245713b9e/fmha/trtllm-gen//include/flashInferMetaInfo.h from https://edge.urm.nvidia.com/artifactory/sw-kernelinferencelibrary-public-generic-local/75d477a640f268ea9ad117cc596eb39245713b9e/fmha/trtllm-gen/include/flashInferMetaInfo.h
[36m(LLMRayActor pid=3408207)[0m [0;36m(EngineCore_DP0 pid=3420913)[0;0m     worker.model_runner._dummy_run(
[36m(LLMRayActor pid=3408207)[0m [0;36m(EngineCore_DP0 pid=3420913)[0;0m   File "/vast/projects/myatskar/design-documents/conda_env/open_rlhf_intern/lib/python3.11/site-packages/torch/utils/_contextlib.py", line 120, in decorate_context
[36m(LLMRayActor pid=3408207)[0m [0;36m(EngineCore_DP0 pid=3420913)[0;0m   File "/vast/projects/myatskar/design-documents/conda_env/open_rlhf_intern/lib/python3.11/site-packages/vllm/v1/worker/gpu_model_runner.py", line 4697, in _dummy_run
[36m(LLMRayActor pid=3408207)[0m [0;36m(EngineCore_DP0 pid=3420913)[0;0m     outputs = self.model(
[36m(LLMRayActor pid=3408207)[0m [0;36m(EngineCore_DP0 pid=3420913)[0;0m   File "/vast/projects/myatskar/design-documents/conda_env/open_rlhf_intern/lib/python3.11/site-packages/vllm/compilation/cuda_graph.py", line 222, in __call__
[36m(LLMRayActor pid=3408207)[0m [0;36m(EngineCore_DP0 pid=3420913)[0;0m     return self.runnable(*args, **kwargs)
[36m(LLMRayActor pid=3408207)[0m [0;36m(EngineCore_DP0 pid=3420913)[0;0m   File "/vast/projects/myatskar/design-documents/conda_env/open_rlhf_intern/lib/python3.11/site-packages/torch/nn/modules/module.py", line 1775, in _wrapped_call_impl
[36m(LLMRayActor pid=3408207)[0m [0;36m(EngineCore_DP0 pid=3420913)[0;0m     return self._call_impl(*args, **kwargs)
[36m(LLMRayActor pid=3408207)[0m [0;36m(EngineCore_DP0 pid=3420913)[0;0m   File "/vast/projects/myatskar/design-documents/conda_env/open_rlhf_intern/lib/python3.11/site-packages/torch/nn/modules/module.py", line 1786, in _call_impl
[36m(LLMRayActor pid=3408207)[0m [0;36m(EngineCore_DP0 pid=3420913)[0;0m     return forward_call(*args, **kwargs)
[36m(LLMRayActor pid=3408207)[0m [0;36m(EngineCore_DP0 pid=3420913)[0;0m   File "/vast/projects/myatskar/design-documents/conda_env/open_rlhf_intern/lib/python3.11/site-packages/vllm/model_executor/models/gpt_oss.py", line 722, in forward
[36m(LLMRayActor pid=3408207)[0m [0;36m(EngineCore_DP0 pid=3420913)[0;0m     return self.model(input_ids, positions, intermediate_tensors, inputs_embeds)
[36m(LLMRayActor pid=3408207)[0m [0;36m(EngineCore_DP0 pid=3420913)[0;0m   File "/vast/projects/myatskar/design-documents/conda_env/open_rlhf_intern/lib/python3.11/site-packages/vllm/compilation/decorators.py", line 472, in __call__
[36m(LLMRayActor pid=3408207)[0m [0;36m(EngineCore_DP0 pid=3420913)[0;0m     return TorchCompileWithNoGuardsWrapper.__call__(self, *args, **kwargs)  # type: ignore[arg-type]
[36m(LLMRayActor pid=3408207)[0m [0;36m(EngineCore_DP0 pid=3420913)[0;0m   File "/vast/projects/myatskar/design-documents/conda_env/open_rlhf_intern/lib/python3.11/site-packages/vllm/compilation/wrapper.py", line 233, in __call__
[36m(LLMRayActor pid=3408207)[0m [0;36m(EngineCore_DP0 pid=3420913)[0;0m     return self._call_with_optional_nvtx_range(
[36m(LLMRayActor pid=3408207)[0m [0;36m(EngineCore_DP0 pid=3420913)[0;0m   File "/vast/projects/myatskar/design-documents/conda_env/open_rlhf_intern/lib/python3.11/site-packages/vllm/compilation/wrapper.py", line 119, in _call_with_optional_nvtx_range
[36m(LLMRayActor pid=3408207)[0m [0;36m(EngineCore_DP0 pid=3420913)[0;0m     return callable_fn(*args, **kwargs)
[36m(LLMRayActor pid=3408207)[0m [0;36m(EngineCore_DP0 pid=3420913)[0;0m   File "/vast/projects/myatskar/design-documents/conda_env/open_rlhf_intern/lib/python3.11/site-packages/vllm/model_executor/models/gpt_oss.py", line 276, in forward
[36m(LLMRayActor pid=3408207)[0m [0;36m(EngineCore_DP0 pid=3420913)[0;0m     def forward(
[36m(LLMRayActor pid=3408207)[0m [0;36m(EngineCore_DP0 pid=3420913)[0;0m   File "/vast/projects/myatskar/design-documents/conda_env/open_rlhf_intern/lib/python3.11/site-packages/torch/_dynamo/eval_frame.py", line 1044, in _fn
[36m(LLMRayActor pid=3408207)[0m [0;36m(EngineCore_DP0 pid=3420913)[0;0m     return fn(*args, **kwargs)
[36m(LLMRayActor pid=3408207)[0m [0;36m(EngineCore_DP0 pid=3420913)[0;0m   File "/vast/projects/myatskar/design-documents/conda_env/open_rlhf_intern/lib/python3.11/site-packages/vllm/compilation/caching.py", line 185, in __call__
[36m(LLMRayActor pid=3408207)[0m [0;36m(EngineCore_DP0 pid=3420913)[0;0m     return self.optimized_call(*args, **kwargs)
[36m(LLMRayActor pid=3408207)[0m [0;36m(EngineCore_DP0 pid=3420913)[0;0m   File "/vast/projects/myatskar/design-documents/conda_env/open_rlhf_intern/lib/python3.11/site-packages/torch/fx/graph_module.py", line 837, in call_wrapped
[36m(LLMRayActor pid=3408207)[0m [0;36m(EngineCore_DP0 pid=3420913)[0;0m     return self._wrapped_call(self, *args, **kwargs)
[36m(LLMRayActor pid=3408207)[0m [0;36m(EngineCore_DP0 pid=3420913)[0;0m   File "/vast/projects/myatskar/design-documents/conda_env/open_rlhf_intern/lib/python3.11/site-packages/torch/fx/graph_module.py", line 400, in __call__
[36m(LLMRayActor pid=3408207)[0m [0;36m(EngineCore_DP0 pid=3420913)[0;0m     return super(self.cls, obj).__call__(*args, **kwargs)  # type: ignore[misc]
[36m(LLMRayActor pid=3408207)[0m [0;36m(EngineCore_DP0 pid=3420913)[0;0m   File "/vast/projects/myatskar/design-documents/conda_env/open_rlhf_intern/lib/python3.11/site-packages/torch/nn/modules/module.py", line 1775, in _wrapped_call_impl
[36m(LLMRayActor pid=3408207)[0m [0;36m(EngineCore_DP0 pid=3420913)[0;0m     return self._call_impl(*args, **kwargs)
[36m(LLMRayActor pid=3408207)[0m [0;36m(EngineCore_DP0 pid=3420913)[0;0m   File "/vast/projects/myatskar/design-documents/conda_env/open_rlhf_intern/lib/python3.11/site-packages/torch/nn/modules/module.py", line 1786, in _call_impl
[36m(LLMRayActor pid=3408207)[0m [0;36m(EngineCore_DP0 pid=3420913)[0;0m     return forward_call(*args, **kwargs)
[36m(LLMRayActor pid=3408207)[0m [0;36m(EngineCore_DP0 pid=3420913)[0;0m   File "<eval_with_key>.50", line 208, in forward
[36m(LLMRayActor pid=3408207)[0m [0;36m(EngineCore_DP0 pid=3420913)[0;0m     submod_1 = self.submod_1(getitem, s72, getitem_1, getitem_2, getitem_3);  getitem = getitem_1 = getitem_2 = submod_1 = None
[36m(LLMRayActor pid=3408207)[0m [0;36m(EngineCore_DP0 pid=3420913)[0;0m   File "/vast/projects/myatskar/design-documents/conda_env/open_rlhf_intern/lib/python3.11/site-packages/torch/fx/graph_module.py", line 837, in call_wrapped
[36m(LLMRayActor pid=3408207)[0m [0;36m(EngineCore_DP0 pid=3420913)[0;0m     return self._wrapped_call(self, *args, **kwargs)
[36m(LLMRayActor pid=3408207)[0m [0;36m(EngineCore_DP0 pid=3420913)[0;0m   File "/vast/projects/myatskar/design-documents/conda_env/open_rlhf_intern/lib/python3.11/site-packages/torch/fx/graph_module.py", line 400, in __call__
[36m(LLMRayActor pid=3408207)[0m [0;36m(EngineCore_DP0 pid=3420913)[0;0m     return super(self.cls, obj).__call__(*args, **kwargs)  # type: ignore[misc]
[36m(LLMRayActor pid=3408207)[0m [0;36m(EngineCore_DP0 pid=3420913)[0;0m   File "/vast/projects/myatskar/design-documents/conda_env/open_rlhf_intern/lib/python3.11/site-packages/torch/nn/modules/module.py", line 1775, in _wrapped_call_impl
[36m(LLMRayActor pid=3408207)[0m [0;36m(EngineCore_DP0 pid=3420913)[0;0m     return self._call_impl(*args, **kwargs)
[36m(LLMRayActor pid=3408207)[0m [0;36m(EngineCore_DP0 pid=3420913)[0;0m   File "/vast/projects/myatskar/design-documents/conda_env/open_rlhf_intern/lib/python3.11/site-packages/torch/nn/modules/module.py", line 1786, in _call_impl
[36m(LLMRayActor pid=3408207)[0m [0;36m(EngineCore_DP0 pid=3420913)[0;0m     return forward_call(*args, **kwargs)
[36m(LLMRayActor pid=3408207)[0m [0;36m(EngineCore_DP0 pid=3420913)[0;0m   File "<eval_with_key>.2", line 5, in forward
[36m(LLMRayActor pid=3408207)[0m [0;36m(EngineCore_DP0 pid=3420913)[0;0m     unified_attention_with_output = torch.ops.vllm.unified_attention_with_output(query_2, key_2, value, output_3, 'model.layers.0.attn.attn', kv_cache_dummy_dep = None);  query_2 = key_2 = value = output_3 = unified_attention_with_output = None
[36m(LLMRayActor pid=3408207)[0m [0;36m(EngineCore_DP0 pid=3420913)[0;0m   File "/vast/projects/myatskar/design-documents/conda_env/open_rlhf_intern/lib/python3.11/site-packages/torch/_ops.py", line 1255, in __call__
[36m(LLMRayActor pid=3408207)[0m [0;36m(EngineCore_DP0 pid=3420913)[0;0m     return self._op(*args, **kwargs)
[36m(LLMRayActor pid=3408207)[0m [0;36m(EngineCore_DP0 pid=3420913)[0;0m   File "/vast/projects/myatskar/design-documents/conda_env/open_rlhf_intern/lib/python3.11/site-packages/vllm/attention/utils/kv_transfer_utils.py", line 39, in wrapper
[36m(LLMRayActor pid=3408207)[0m [0;36m(EngineCore_DP0 pid=3420913)[0;0m   File "/vast/projects/myatskar/design-documents/conda_env/open_rlhf_intern/lib/python3.11/site-packages/vllm/attention/layer.py", line 885, in unified_attention_with_output
[36m(LLMRayActor pid=3408207)[0m [0;36m(EngineCore_DP0 pid=3420913)[0;0m     self.impl.forward(
[36m(LLMRayActor pid=3408207)[0m [0;36m(EngineCore_DP0 pid=3420913)[0;0m   File "/vast/projects/myatskar/design-documents/conda_env/open_rlhf_intern/lib/python3.11/site-packages/vllm/v1/attention/backends/flashinfer.py", line 1444, in forward
[36m(LLMRayActor pid=3408207)[0m [0;36m(EngineCore_DP0 pid=3420913)[0;0m     trtllm_batch_context_with_kv_cache(
[36m(LLMRayActor pid=3408207)[0m [0;36m(EngineCore_DP0 pid=3420913)[0;0m   File "/vast/projects/myatskar/design-documents/conda_env/open_rlhf_intern/lib/python3.11/site-packages/flashinfer/prefill.py", line 3571, in trtllm_batch_context_with_kv_cache
[36m(LLMRayActor pid=3408207)[0m [0;36m(EngineCore_DP0 pid=3420913)[0;0m     run_func = get_trtllm_gen_fmha_module().trtllm_paged_attention_context
[36m(LLMRayActor pid=3408207)[0m [0;36m(EngineCore_DP0 pid=3420913)[0;0m   File "/vast/projects/myatskar/design-documents/conda_env/open_rlhf_intern/lib/python3.11/site-packages/flashinfer/prefill.py", line 3327, in get_trtllm_gen_fmha_module
[36m(LLMRayActor pid=3408207)[0m [0;36m(EngineCore_DP0 pid=3420913)[0;0m     mod = gen_trtllm_gen_fmha_module()
[36m(LLMRayActor pid=3408207)[0m [0;36m(EngineCore_DP0 pid=3420913)[0;0m   File "/vast/projects/myatskar/design-documents/conda_env/open_rlhf_intern/lib/python3.11/site-packages/flashinfer/jit/attention/modules.py", line 1776, in gen_trtllm_gen_fmha_module
[36m(LLMRayActor pid=3408207)[0m [0;36m(EngineCore_DP0 pid=3420913)[0;0m     metainfo = get_cubin(
[36m(LLMRayActor pid=3408207)[0m [0;36m(EngineCore_DP0 pid=3420913)[0;0m   File "/vast/projects/myatskar/design-documents/conda_env/open_rlhf_intern/lib/python3.11/site-packages/flashinfer/jit/cubin_loader.py", line 209, in get_cubin
[36m(LLMRayActor pid=3408207)[0m [0;36m(EngineCore_DP0 pid=3420913)[0;0m     logger.info(f"Fetching cubin {file_name} from {uri}")
[36m(LLMRayActor pid=3408207)[0m [0;36m(EngineCore_DP0 pid=3420913)[0;0m Message: 'Fetching cubin 75d477a640f268ea9ad117cc596eb39245713b9e/fmha/trtllm-gen//include/flashInferMetaInfo.h from https://edge.urm.nvidia.com/artifactory/sw-kernelinferencelibrary-public-generic-local/75d477a640f268ea9ad117cc596eb39245713b9e/fmha/trtllm-gen/include/flashInferMetaInfo.h'
[36m(LLMRayActor pid=3408207)[0m [0;36m(EngineCore_DP0 pid=3420913)[0;0m 2026-02-25 07:24:43,487 - INFO - cubin_loader.py:81 - flashinfer.jit: Acquired lock for /vast/home/j/jojolee/.cache/flashinfer/cubins/75d477a640f268ea9ad117cc596eb39245713b9e/fmha/trtllm-gen/include/flashInferMetaInfo.h
[36m(LLMRayActor pid=3408207)[0m [0;36m(EngineCore_DP0 pid=3420913)[0;0m     worker.model_runner._dummy_run(
[36m(LLMRayActor pid=3408207)[0m [0;36m(EngineCore_DP0 pid=3420913)[0;0m   File "/vast/projects/myatskar/design-documents/conda_env/open_rlhf_intern/lib/python3.11/site-packages/torch/utils/_contextlib.py", line 120, in decorate_context
[36m(LLMRayActor pid=3408207)[0m [0;36m(EngineCore_DP0 pid=3420913)[0;0m   File "/vast/projects/myatskar/design-documents/conda_env/open_rlhf_intern/lib/python3.11/site-packages/vllm/v1/worker/gpu_model_runner.py", line 4697, in _dummy_run
[36m(LLMRayActor pid=3408207)[0m [0;36m(EngineCore_DP0 pid=3420913)[0;0m     outputs = self.model(
[36m(LLMRayActor pid=3408207)[0m [0;36m(EngineCore_DP0 pid=3420913)[0;0m   File "/vast/projects/myatskar/design-documents/conda_env/open_rlhf_intern/lib/python3.11/site-packages/vllm/compilation/cuda_graph.py", line 222, in __call__
[36m(LLMRayActor pid=3408207)[0m [0;36m(EngineCore_DP0 pid=3420913)[0;0m     return self.runnable(*args, **kwargs)
[36m(LLMRayActor pid=3408207)[0m [0;36m(EngineCore_DP0 pid=3420913)[0;0m   File "/vast/projects/myatskar/design-documents/conda_env/open_rlhf_intern/lib/python3.11/site-packages/torch/nn/modules/module.py", line 1775, in _wrapped_call_impl
[36m(LLMRayActor pid=3408207)[0m [0;36m(EngineCore_DP0 pid=3420913)[0;0m     return self._call_impl(*args, **kwargs)
[36m(LLMRayActor pid=3408207)[0m [0;36m(EngineCore_DP0 pid=3420913)[0;0m   File "/vast/projects/myatskar/design-documents/conda_env/open_rlhf_intern/lib/python3.11/site-packages/torch/nn/modules/module.py", line 1786, in _call_impl
[36m(LLMRayActor pid=3408207)[0m [0;36m(EngineCore_DP0 pid=3420913)[0;0m     return forward_call(*args, **kwargs)
[36m(LLMRayActor pid=3408207)[0m [0;36m(EngineCore_DP0 pid=3420913)[0;0m   File "/vast/projects/myatskar/design-documents/conda_env/open_rlhf_intern/lib/python3.11/site-packages/vllm/model_executor/models/gpt_oss.py", line 722, in forward
[36m(LLMRayActor pid=3408207)[0m [0;36m(EngineCore_DP0 pid=3420913)[0;0m     return self.model(input_ids, positions, intermediate_tensors, inputs_embeds)
[36m(LLMRayActor pid=3408207)[0m [0;36m(EngineCore_DP0 pid=3420913)[0;0m   File "/vast/projects/myatskar/design-documents/conda_env/open_rlhf_intern/lib/python3.11/site-packages/vllm/compilation/decorators.py", line 472, in __call__
[36m(LLMRayActor pid=3408207)[0m [0;36m(EngineCore_DP0 pid=3420913)[0;0m     return TorchCompileWithNoGuardsWrapper.__call__(self, *args, **kwargs)  # type: ignore[arg-type]
[36m(LLMRayActor pid=3408207)[0m [0;36m(EngineCore_DP0 pid=3420913)[0;0m   File "/vast/projects/myatskar/design-documents/conda_env/open_rlhf_intern/lib/python3.11/site-packages/vllm/compilation/wrapper.py", line 233, in __call__
[36m(LLMRayActor pid=3408207)[0m [0;36m(EngineCore_DP0 pid=3420913)[0;0m     return self._call_with_optional_nvtx_range(
[36m(LLMRayActor pid=3408207)[0m [0;36m(EngineCore_DP0 pid=3420913)[0;0m   File "/vast/projects/myatskar/design-documents/conda_env/open_rlhf_intern/lib/python3.11/site-packages/vllm/compilation/wrapper.py", line 119, in _call_with_optional_nvtx_range
[36m(LLMRayActor pid=3408207)[0m [0;36m(EngineCore_DP0 pid=3420913)[0;0m     return callable_fn(*args, **kwargs)
[36m(LLMRayActor pid=3408207)[0m [0;36m(EngineCore_DP0 pid=3420913)[0;0m   File "/vast/projects/myatskar/design-documents/conda_env/open_rlhf_intern/lib/python3.11/site-packages/vllm/model_executor/models/gpt_oss.py", line 276, in forward
[36m(LLMRayActor pid=3408207)[0m [0;36m(EngineCore_DP0 pid=3420913)[0;0m     def forward(
[36m(LLMRayActor pid=3408207)[0m [0;36m(EngineCore_DP0 pid=3420913)[0;0m   File "/vast/projects/myatskar/design-documents/conda_env/open_rlhf_intern/lib/python3.11/site-packages/torch/_dynamo/eval_frame.py", line 1044, in _fn
[36m(LLMRayActor pid=3408207)[0m [0;36m(EngineCore_DP0 pid=3420913)[0;0m     return fn(*args, **kwargs)
[36m(LLMRayActor pid=3408207)[0m [0;36m(EngineCore_DP0 pid=3420913)[0;0m   File "/vast/projects/myatskar/design-documents/conda_env/open_rlhf_intern/lib/python3.11/site-packages/vllm/compilation/caching.py", line 185, in __call__
[36m(LLMRayActor pid=3408207)[0m [0;36m(EngineCore_DP0 pid=3420913)[0;0m     return self.optimized_call(*args, **kwargs)
[36m(LLMRayActor pid=3408207)[0m [0;36m(EngineCore_DP0 pid=3420913)[0;0m   File "/vast/projects/myatskar/design-documents/conda_env/open_rlhf_intern/lib/python3.11/site-packages/torch/fx/graph_module.py", line 837, in call_wrapped
[36m(LLMRayActor pid=3408207)[0m [0;36m(EngineCore_DP0 pid=3420913)[0;0m     return self._wrapped_call(self, *args, **kwargs)
[36m(LLMRayActor pid=3408207)[0m [0;36m(EngineCore_DP0 pid=3420913)[0;0m   File "/vast/projects/myatskar/design-documents/conda_env/open_rlhf_intern/lib/python3.11/site-packages/torch/fx/graph_module.py", line 400, in __call__
[36m(LLMRayActor pid=3408207)[0m [0;36m(EngineCore_DP0 pid=3420913)[0;0m     return super(self.cls, obj).__call__(*args, **kwargs)  # type: ignore[misc]
[36m(LLMRayActor pid=3408207)[0m [0;36m(EngineCore_DP0 pid=3420913)[0;0m   File "/vast/projects/myatskar/design-documents/conda_env/open_rlhf_intern/lib/python3.11/site-packages/torch/nn/modules/module.py", line 1775, in _wrapped_call_impl
[36m(LLMRayActor pid=3408207)[0m [0;36m(EngineCore_DP0 pid=3420913)[0;0m     return self._call_impl(*args, **kwargs)
[36m(LLMRayActor pid=3408207)[0m [0;36m(EngineCore_DP0 pid=3420913)[0;0m   File "/vast/projects/myatskar/design-documents/conda_env/open_rlhf_intern/lib/python3.11/site-packages/torch/nn/modules/module.py", line 1786, in _call_impl
[36m(LLMRayActor pid=3408207)[0m [0;36m(EngineCore_DP0 pid=3420913)[0;0m     return forward_call(*args, **kwargs)
[36m(LLMRayActor pid=3408207)[0m [0;36m(EngineCore_DP0 pid=3420913)[0;0m   File "<eval_with_key>.50", line 208, in forward
[36m(LLMRayActor pid=3408207)[0m [0;36m(EngineCore_DP0 pid=3420913)[0;0m     submod_1 = self.submod_1(getitem, s72, getitem_1, getitem_2, getitem_3);  getitem = getitem_1 = getitem_2 = submod_1 = None
[36m(LLMRayActor pid=3408207)[0m [0;36m(EngineCore_DP0 pid=3420913)[0;0m   File "/vast/projects/myatskar/design-documents/conda_env/open_rlhf_intern/lib/python3.11/site-packages/torch/fx/graph_module.py", line 837, in call_wrapped
[36m(LLMRayActor pid=3408207)[0m [0;36m(EngineCore_DP0 pid=3420913)[0;0m     return self._wrapped_call(self, *args, **kwargs)
[36m(LLMRayActor pid=3408207)[0m [0;36m(EngineCore_DP0 pid=3420913)[0;0m   File "/vast/projects/myatskar/design-documents/conda_env/open_rlhf_intern/lib/python3.11/site-packages/torch/fx/graph_module.py", line 400, in __call__
[36m(LLMRayActor pid=3408207)[0m [0;36m(EngineCore_DP0 pid=3420913)[0;0m     return super(self.cls, obj).__call__(*args, **kwargs)  # type: ignore[misc]
[36m(LLMRayActor pid=3408207)[0m [0;36m(EngineCore_DP0 pid=3420913)[0;0m   File "/vast/projects/myatskar/design-documents/conda_env/open_rlhf_intern/lib/python3.11/site-packages/torch/nn/modules/module.py", line 1775, in _wrapped_call_impl
[36m(LLMRayActor pid=3408207)[0m [0;36m(EngineCore_DP0 pid=3420913)[0;0m     return self._call_impl(*args, **kwargs)
[36m(LLMRayActor pid=3408207)[0m [0;36m(EngineCore_DP0 pid=3420913)[0;0m   File "/vast/projects/myatskar/design-documents/conda_env/open_rlhf_intern/lib/python3.11/site-packages/torch/nn/modules/module.py", line 1786, in _call_impl
[36m(LLMRayActor pid=3408207)[0m [0;36m(EngineCore_DP0 pid=3420913)[0;0m     return forward_call(*args, **kwargs)
[36m(LLMRayActor pid=3408207)[0m [0;36m(EngineCore_DP0 pid=3420913)[0;0m   File "<eval_with_key>.2", line 5, in forward
[36m(LLMRayActor pid=3408207)[0m [0;36m(EngineCore_DP0 pid=3420913)[0;0m     unified_attention_with_output = torch.ops.vllm.unified_attention_with_output(query_2, key_2, value, output_3, 'model.layers.0.attn.attn', kv_cache_dummy_dep = None);  query_2 = key_2 = value = output_3 = unified_attention_with_output = None
[36m(LLMRayActor pid=3408207)[0m [0;36m(EngineCore_DP0 pid=3420913)[0;0m   File "/vast/projects/myatskar/design-documents/conda_env/open_rlhf_intern/lib/python3.11/site-packages/torch/_ops.py", line 1255, in __call__
[36m(LLMRayActor pid=3408207)[0m [0;36m(EngineCore_DP0 pid=3420913)[0;0m     return self._op(*args, **kwargs)
[36m(LLMRayActor pid=3408207)[0m [0;36m(EngineCore_DP0 pid=3420913)[0;0m   File "/vast/projects/myatskar/design-documents/conda_env/open_rlhf_intern/lib/python3.11/site-packages/vllm/attention/utils/kv_transfer_utils.py", line 39, in wrapper
[36m(LLMRayActor pid=3408207)[0m [0;36m(EngineCore_DP0 pid=3420913)[0;0m   File "/vast/projects/myatskar/design-documents/conda_env/open_rlhf_intern/lib/python3.11/site-packages/vllm/attention/layer.py", line 885, in unified_attention_with_output
[36m(LLMRayActor pid=3408207)[0m [0;36m(EngineCore_DP0 pid=3420913)[0;0m     self.impl.forward(
[36m(LLMRayActor pid=3408207)[0m [0;36m(EngineCore_DP0 pid=3420913)[0;0m   File "/vast/projects/myatskar/design-documents/conda_env/open_rlhf_intern/lib/python3.11/site-packages/vllm/v1/attention/backends/flashinfer.py", line 1444, in forward
[36m(LLMRayActor pid=3408207)[0m [0;36m(EngineCore_DP0 pid=3420913)[0;0m     trtllm_batch_context_with_kv_cache(
[36m(LLMRayActor pid=3408207)[0m [0;36m(EngineCore_DP0 pid=3420913)[0;0m   File "/vast/projects/myatskar/design-documents/conda_env/open_rlhf_intern/lib/python3.11/site-packages/flashinfer/prefill.py", line 3571, in trtllm_batch_context_with_kv_cache
[36m(LLMRayActor pid=3408207)[0m [0;36m(EngineCore_DP0 pid=3420913)[0;0m     run_func = get_trtllm_gen_fmha_module().trtllm_paged_attention_context
[36m(LLMRayActor pid=3408207)[0m [0;36m(EngineCore_DP0 pid=3420913)[0;0m   File "/vast/projects/myatskar/design-documents/conda_env/open_rlhf_intern/lib/python3.11/site-packages/flashinfer/prefill.py", line 3327, in get_trtllm_gen_fmha_module
[36m(LLMRayActor pid=3408207)[0m [0;36m(EngineCore_DP0 pid=3420913)[0;0m     mod = gen_trtllm_gen_fmha_module()
[36m(LLMRayActor pid=3408207)[0m [0;36m(EngineCore_DP0 pid=3420913)[0;0m   File "/vast/projects/myatskar/design-documents/conda_env/open_rlhf_intern/lib/python3.11/site-packages/flashinfer/jit/attention/modules.py", line 1776, in gen_trtllm_gen_fmha_module
[36m(LLMRayActor pid=3408207)[0m [0;36m(EngineCore_DP0 pid=3420913)[0;0m     metainfo = get_cubin(
[36m(LLMRayActor pid=3408207)[0m [0;36m(EngineCore_DP0 pid=3420913)[0;0m   File "/vast/projects/myatskar/design-documents/conda_env/open_rlhf_intern/lib/python3.11/site-packages/flashinfer/jit/cubin_loader.py", line 210, in get_cubin
[36m(LLMRayActor pid=3408207)[0m [0;36m(EngineCore_DP0 pid=3420913)[0;0m     download_file(uri, cubin_path, session=session)
[36m(LLMRayActor pid=3408207)[0m [0;36m(EngineCore_DP0 pid=3420913)[0;0m   File "/vast/projects/myatskar/design-documents/conda_env/open_rlhf_intern/lib/python3.11/site-packages/flashinfer/jit/cubin_loader.py", line 81, in download_file
[36m(LLMRayActor pid=3408207)[0m [0;36m(EngineCore_DP0 pid=3420913)[0;0m     logger.info(f"Acquired lock for {destination}")
[36m(LLMRayActor pid=3408207)[0m [0;36m(EngineCore_DP0 pid=3420913)[0;0m Message: 'Acquired lock for /vast/home/j/jojolee/.cache/flashinfer/cubins/75d477a640f268ea9ad117cc596eb39245713b9e/fmha/trtllm-gen/include/flashInferMetaInfo.h'
[36m(LLMRayActor pid=3408207)[0m [0;36m(EngineCore_DP0 pid=3420913)[0;0m 2026-02-25 07:24:44,011 - INFO - cubin_loader.py:111 - flashinfer.jit: File downloaded successfully: https://edge.urm.nvidia.com/artifactory/sw-kernelinferencelibrary-public-generic-local/75d477a640f268ea9ad117cc596eb39245713b9e/fmha/trtllm-gen/include/flashInferMetaInfo.h -> /vast/home/j/jojolee/.cache/flashinfer/cubins/75d477a640f268ea9ad117cc596eb39245713b9e/fmha/trtllm-gen/include/flashInferMetaInfo.h
[36m(LLMRayActor pid=3408207)[0m [0;36m(EngineCore_DP0 pid=3420913)[0;0m     worker.model_runner._dummy_run(
[36m(LLMRayActor pid=3408207)[0m [0;36m(EngineCore_DP0 pid=3420913)[0;0m   File "/vast/projects/myatskar/design-documents/conda_env/open_rlhf_intern/lib/python3.11/site-packages/torch/utils/_contextlib.py", line 120, in decorate_context
[36m(LLMRayActor pid=3408207)[0m [0;36m(EngineCore_DP0 pid=3420913)[0;0m   File "/vast/projects/myatskar/design-documents/conda_env/open_rlhf_intern/lib/python3.11/site-packages/vllm/v1/worker/gpu_model_runner.py", line 4697, in _dummy_run
[36m(LLMRayActor pid=3408207)[0m [0;36m(EngineCore_DP0 pid=3420913)[0;0m     outputs = self.model(
[36m(LLMRayActor pid=3408207)[0m [0;36m(EngineCore_DP0 pid=3420913)[0;0m   File "/vast/projects/myatskar/design-documents/conda_env/open_rlhf_intern/lib/python3.11/site-packages/vllm/compilation/cuda_graph.py", line 222, in __call__
[36m(LLMRayActor pid=3408207)[0m [0;36m(EngineCore_DP0 pid=3420913)[0;0m     return self.runnable(*args, **kwargs)
[36m(LLMRayActor pid=3408207)[0m [0;36m(EngineCore_DP0 pid=3420913)[0;0m   File "/vast/projects/myatskar/design-documents/conda_env/open_rlhf_intern/lib/python3.11/site-packages/torch/nn/modules/module.py", line 1775, in _wrapped_call_impl
[36m(LLMRayActor pid=3408207)[0m [0;36m(EngineCore_DP0 pid=3420913)[0;0m     return self._call_impl(*args, **kwargs)
[36m(LLMRayActor pid=3408207)[0m [0;36m(EngineCore_DP0 pid=3420913)[0;0m   File "/vast/projects/myatskar/design-documents/conda_env/open_rlhf_intern/lib/python3.11/site-packages/torch/nn/modules/module.py", line 1786, in _call_impl
[36m(LLMRayActor pid=3408207)[0m [0;36m(EngineCore_DP0 pid=3420913)[0;0m     return forward_call(*args, **kwargs)
[36m(LLMRayActor pid=3408207)[0m [0;36m(EngineCore_DP0 pid=3420913)[0;0m   File "/vast/projects/myatskar/design-documents/conda_env/open_rlhf_intern/lib/python3.11/site-packages/vllm/model_executor/models/gpt_oss.py", line 722, in forward
[36m(LLMRayActor pid=3408207)[0m [0;36m(EngineCore_DP0 pid=3420913)[0;0m     return self.model(input_ids, positions, intermediate_tensors, inputs_embeds)
[36m(LLMRayActor pid=3408207)[0m [0;36m(EngineCore_DP0 pid=3420913)[0;0m   File "/vast/projects/myatskar/design-documents/conda_env/open_rlhf_intern/lib/python3.11/site-packages/vllm/compilation/decorators.py", line 472, in __call__
[36m(LLMRayActor pid=3408207)[0m [0;36m(EngineCore_DP0 pid=3420913)[0;0m     return TorchCompileWithNoGuardsWrapper.__call__(self, *args, **kwargs)  # type: ignore[arg-type]
[36m(LLMRayActor pid=3408207)[0m [0;36m(EngineCore_DP0 pid=3420913)[0;0m   File "/vast/projects/myatskar/design-documents/conda_env/open_rlhf_intern/lib/python3.11/site-packages/vllm/compilation/wrapper.py", line 233, in __call__
[36m(LLMRayActor pid=3408207)[0m [0;36m(EngineCore_DP0 pid=3420913)[0;0m     return self._call_with_optional_nvtx_range(
[36m(LLMRayActor pid=3408207)[0m [0;36m(EngineCore_DP0 pid=3420913)[0;0m   File "/vast/projects/myatskar/design-documents/conda_env/open_rlhf_intern/lib/python3.11/site-packages/vllm/compilation/wrapper.py", line 119, in _call_with_optional_nvtx_range
[36m(LLMRayActor pid=3408207)[0m [0;36m(EngineCore_DP0 pid=3420913)[0;0m     return callable_fn(*args, **kwargs)
[36m(LLMRayActor pid=3408207)[0m [0;36m(EngineCore_DP0 pid=3420913)[0;0m   File "/vast/projects/myatskar/design-documents/conda_env/open_rlhf_intern/lib/python3.11/site-packages/vllm/model_executor/models/gpt_oss.py", line 276, in forward
[36m(LLMRayActor pid=3408207)[0m [0;36m(EngineCore_DP0 pid=3420913)[0;0m     def forward(
[36m(LLMRayActor pid=3408207)[0m [0;36m(EngineCore_DP0 pid=3420913)[0;0m   File "/vast/projects/myatskar/design-documents/conda_env/open_rlhf_intern/lib/python3.11/site-packages/torch/_dynamo/eval_frame.py", line 1044, in _fn
[36m(LLMRayActor pid=3408207)[0m [0;36m(EngineCore_DP0 pid=3420913)[0;0m     return fn(*args, **kwargs)
[36m(LLMRayActor pid=3408207)[0m [0;36m(EngineCore_DP0 pid=3420913)[0;0m   File "/vast/projects/myatskar/design-documents/conda_env/open_rlhf_intern/lib/python3.11/site-packages/vllm/compilation/caching.py", line 185, in __call__
[36m(LLMRayActor pid=3408207)[0m [0;36m(EngineCore_DP0 pid=3420913)[0;0m     return self.optimized_call(*args, **kwargs)
[36m(LLMRayActor pid=3408207)[0m [0;36m(EngineCore_DP0 pid=3420913)[0;0m   File "/vast/projects/myatskar/design-documents/conda_env/open_rlhf_intern/lib/python3.11/site-packages/torch/fx/graph_module.py", line 837, in call_wrapped
[36m(LLMRayActor pid=3408207)[0m [0;36m(EngineCore_DP0 pid=3420913)[0;0m     return self._wrapped_call(self, *args, **kwargs)
[36m(LLMRayActor pid=3408207)[0m [0;36m(EngineCore_DP0 pid=3420913)[0;0m   File "/vast/projects/myatskar/design-documents/conda_env/open_rlhf_intern/lib/python3.11/site-packages/torch/fx/graph_module.py", line 400, in __call__
[36m(LLMRayActor pid=3408207)[0m [0;36m(EngineCore_DP0 pid=3420913)[0;0m     return super(self.cls, obj).__call__(*args, **kwargs)  # type: ignore[misc]
[36m(LLMRayActor pid=3408207)[0m [0;36m(EngineCore_DP0 pid=3420913)[0;0m   File "/vast/projects/myatskar/design-documents/conda_env/open_rlhf_intern/lib/python3.11/site-packages/torch/nn/modules/module.py", line 1775, in _wrapped_call_impl
[36m(LLMRayActor pid=3408207)[0m [0;36m(EngineCore_DP0 pid=3420913)[0;0m     return self._call_impl(*args, **kwargs)
[36m(LLMRayActor pid=3408207)[0m [0;36m(EngineCore_DP0 pid=3420913)[0;0m   File "/vast/projects/myatskar/design-documents/conda_env/open_rlhf_intern/lib/python3.11/site-packages/torch/nn/modules/module.py", line 1786, in _call_impl
[36m(LLMRayActor pid=3408207)[0m [0;36m(EngineCore_DP0 pid=3420913)[0;0m     return forward_call(*args, **kwargs)
[36m(LLMRayActor pid=3408207)[0m [0;36m(EngineCore_DP0 pid=3420913)[0;0m   File "<eval_with_key>.50", line 208, in forward
[36m(LLMRayActor pid=3408207)[0m [0;36m(EngineCore_DP0 pid=3420913)[0;0m     submod_1 = self.submod_1(getitem, s72, getitem_1, getitem_2, getitem_3);  getitem = getitem_1 = getitem_2 = submod_1 = None
[36m(LLMRayActor pid=3408207)[0m [0;36m(EngineCore_DP0 pid=3420913)[0;0m   File "/vast/projects/myatskar/design-documents/conda_env/open_rlhf_intern/lib/python3.11/site-packages/torch/fx/graph_module.py", line 837, in call_wrapped
[36m(LLMRayActor pid=3408207)[0m [0;36m(EngineCore_DP0 pid=3420913)[0;0m     return self._wrapped_call(self, *args, **kwargs)
[36m(LLMRayActor pid=3408207)[0m [0;36m(EngineCore_DP0 pid=3420913)[0;0m   File "/vast/projects/myatskar/design-documents/conda_env/open_rlhf_intern/lib/python3.11/site-packages/torch/fx/graph_module.py", line 400, in __call__
[36m(LLMRayActor pid=3408207)[0m [0;36m(EngineCore_DP0 pid=3420913)[0;0m     return super(self.cls, obj).__call__(*args, **kwargs)  # type: ignore[misc]
[36m(LLMRayActor pid=3408207)[0m [0;36m(EngineCore_DP0 pid=3420913)[0;0m   File "/vast/projects/myatskar/design-documents/conda_env/open_rlhf_intern/lib/python3.11/site-packages/torch/nn/modules/module.py", line 1775, in _wrapped_call_impl
[36m(LLMRayActor pid=3408207)[0m [0;36m(EngineCore_DP0 pid=3420913)[0;0m     return self._call_impl(*args, **kwargs)
[36m(LLMRayActor pid=3408207)[0m [0;36m(EngineCore_DP0 pid=3420913)[0;0m   File "/vast/projects/myatskar/design-documents/conda_env/open_rlhf_intern/lib/python3.11/site-packages/torch/nn/modules/module.py", line 1786, in _call_impl
[36m(LLMRayActor pid=3408207)[0m [0;36m(EngineCore_DP0 pid=3420913)[0;0m     return forward_call(*args, **kwargs)
[36m(LLMRayActor pid=3408207)[0m [0;36m(EngineCore_DP0 pid=3420913)[0;0m   File "<eval_with_key>.2", line 5, in forward
[36m(LLMRayActor pid=3408207)[0m [0;36m(EngineCore_DP0 pid=3420913)[0;0m     unified_attention_with_output = torch.ops.vllm.unified_attention_with_output(query_2, key_2, value, output_3, 'model.layers.0.attn.attn', kv_cache_dummy_dep = None);  query_2 = key_2 = value = output_3 = unified_attention_with_output = None
[36m(LLMRayActor pid=3408207)[0m [0;36m(EngineCore_DP0 pid=3420913)[0;0m   File "/vast/projects/myatskar/design-documents/conda_env/open_rlhf_intern/lib/python3.11/site-packages/torch/_ops.py", line 1255, in __call__
[36m(LLMRayActor pid=3408207)[0m [0;36m(EngineCore_DP0 pid=3420913)[0;0m     return self._op(*args, **kwargs)
[36m(LLMRayActor pid=3408207)[0m [0;36m(EngineCore_DP0 pid=3420913)[0;0m   File "/vast/projects/myatskar/design-documents/conda_env/open_rlhf_intern/lib/python3.11/site-packages/vllm/attention/utils/kv_transfer_utils.py", line 39, in wrapper
[36m(LLMRayActor pid=3408207)[0m [0;36m(EngineCore_DP0 pid=3420913)[0;0m   File "/vast/projects/myatskar/design-documents/conda_env/open_rlhf_intern/lib/python3.11/site-packages/vllm/attention/layer.py", line 885, in unified_attention_with_output
[36m(LLMRayActor pid=3408207)[0m [0;36m(EngineCore_DP0 pid=3420913)[0;0m     self.impl.forward(
[36m(LLMRayActor pid=3408207)[0m [0;36m(EngineCore_DP0 pid=3420913)[0;0m   File "/vast/projects/myatskar/design-documents/conda_env/open_rlhf_intern/lib/python3.11/site-packages/vllm/v1/attention/backends/flashinfer.py", line 1444, in forward
[36m(LLMRayActor pid=3408207)[0m [0;36m(EngineCore_DP0 pid=3420913)[0;0m     trtllm_batch_context_with_kv_cache(
[36m(LLMRayActor pid=3408207)[0m [0;36m(EngineCore_DP0 pid=3420913)[0;0m   File "/vast/projects/myatskar/design-documents/conda_env/open_rlhf_intern/lib/python3.11/site-packages/flashinfer/prefill.py", line 3571, in trtllm_batch_context_with_kv_cache
[36m(LLMRayActor pid=3408207)[0m [0;36m(EngineCore_DP0 pid=3420913)[0;0m     run_func = get_trtllm_gen_fmha_module().trtllm_paged_attention_context
[36m(LLMRayActor pid=3408207)[0m [0;36m(EngineCore_DP0 pid=3420913)[0;0m   File "/vast/projects/myatskar/design-documents/conda_env/open_rlhf_intern/lib/python3.11/site-packages/flashinfer/prefill.py", line 3327, in get_trtllm_gen_fmha_module
[36m(LLMRayActor pid=3408207)[0m [0;36m(EngineCore_DP0 pid=3420913)[0;0m     mod = gen_trtllm_gen_fmha_module()
[36m(LLMRayActor pid=3408207)[0m [0;36m(EngineCore_DP0 pid=3420913)[0;0m   File "/vast/projects/myatskar/design-documents/conda_env/open_rlhf_intern/lib/python3.11/site-packages/flashinfer/jit/attention/modules.py", line 1776, in gen_trtllm_gen_fmha_module
[36m(LLMRayActor pid=3408207)[0m [0;36m(EngineCore_DP0 pid=3420913)[0;0m     metainfo = get_cubin(
[36m(LLMRayActor pid=3408207)[0m [0;36m(EngineCore_DP0 pid=3420913)[0;0m   File "/vast/projects/myatskar/design-documents/conda_env/open_rlhf_intern/lib/python3.11/site-packages/flashinfer/jit/cubin_loader.py", line 210, in get_cubin
[36m(LLMRayActor pid=3408207)[0m [0;36m(EngineCore_DP0 pid=3420913)[0;0m     download_file(uri, cubin_path, session=session)
[36m(LLMRayActor pid=3408207)[0m [0;36m(EngineCore_DP0 pid=3420913)[0;0m   File "/vast/projects/myatskar/design-documents/conda_env/open_rlhf_intern/lib/python3.11/site-packages/flashinfer/jit/cubin_loader.py", line 111, in download_file
[36m(LLMRayActor pid=3408207)[0m [0;36m(EngineCore_DP0 pid=3420913)[0;0m     logger.info(
[36m(LLMRayActor pid=3408207)[0m [0;36m(EngineCore_DP0 pid=3420913)[0;0m Message: 'File downloaded successfully: https://edge.urm.nvidia.com/artifactory/sw-kernelinferencelibrary-public-generic-local/75d477a640f268ea9ad117cc596eb39245713b9e/fmha/trtllm-gen/include/flashInferMetaInfo.h -> /vast/home/j/jojolee/.cache/flashinfer/cubins/75d477a640f268ea9ad117cc596eb39245713b9e/fmha/trtllm-gen/include/flashInferMetaInfo.h'
[36m(LLMRayActor pid=3408207)[0m [0;36m(EngineCore_DP0 pid=3420913)[0;0m 2026-02-25 07:25:06,253 - INFO - cubin_loader.py:209 - flashinfer.jit: Fetching cubin 75d477a640f268ea9ad117cc596eb39245713b9e/fmha/trtllm-gen//fmhaSm100fKernel_QkvBfloat16OBfloat16H64PagedKvCausalP16VarSeqQ128Kv128PersistentContext.cubin from https://edge.urm.nvidia.com/artifactory/sw-kernelinferencelibrary-public-generic-local/75d477a640f268ea9ad117cc596eb39245713b9e/fmha/trtllm-gen/fmhaSm100fKernel_QkvBfloat16OBfloat16H64PagedKvCausalP16VarSeqQ128Kv128PersistentContext.cubin
[36m(LLMRayActor pid=3408207)[0m [0;36m(EngineCore_DP0 pid=3420913)[0;0m     worker.model_runner._dummy_run(
[36m(LLMRayActor pid=3408207)[0m [0;36m(EngineCore_DP0 pid=3420913)[0;0m   File "/vast/projects/myatskar/design-documents/conda_env/open_rlhf_intern/lib/python3.11/site-packages/torch/utils/_contextlib.py", line 120, in decorate_context
[36m(LLMRayActor pid=3408207)[0m [0;36m(EngineCore_DP0 pid=3420913)[0;0m   File "/vast/projects/myatskar/design-documents/conda_env/open_rlhf_intern/lib/python3.11/site-packages/vllm/v1/worker/gpu_model_runner.py", line 4697, in _dummy_run
[36m(LLMRayActor pid=3408207)[0m [0;36m(EngineCore_DP0 pid=3420913)[0;0m     outputs = self.model(
[36m(LLMRayActor pid=3408207)[0m [0;36m(EngineCore_DP0 pid=3420913)[0;0m   File "/vast/projects/myatskar/design-documents/conda_env/open_rlhf_intern/lib/python3.11/site-packages/vllm/compilation/cuda_graph.py", line 222, in __call__
[36m(LLMRayActor pid=3408207)[0m [0;36m(EngineCore_DP0 pid=3420913)[0;0m     return self.runnable(*args, **kwargs)
[36m(LLMRayActor pid=3408207)[0m [0;36m(EngineCore_DP0 pid=3420913)[0;0m   File "/vast/projects/myatskar/design-documents/conda_env/open_rlhf_intern/lib/python3.11/site-packages/torch/nn/modules/module.py", line 1775, in _wrapped_call_impl
[36m(LLMRayActor pid=3408207)[0m [0;36m(EngineCore_DP0 pid=3420913)[0;0m     return self._call_impl(*args, **kwargs)
[36m(LLMRayActor pid=3408207)[0m [0;36m(EngineCore_DP0 pid=3420913)[0;0m   File "/vast/projects/myatskar/design-documents/conda_env/open_rlhf_intern/lib/python3.11/site-packages/torch/nn/modules/module.py", line 1786, in _call_impl
[36m(LLMRayActor pid=3408207)[0m [0;36m(EngineCore_DP0 pid=3420913)[0;0m     return forward_call(*args, **kwargs)
[36m(LLMRayActor pid=3408207)[0m [0;36m(EngineCore_DP0 pid=3420913)[0;0m   File "/vast/projects/myatskar/design-documents/conda_env/open_rlhf_intern/lib/python3.11/site-packages/vllm/model_executor/models/gpt_oss.py", line 722, in forward
[36m(LLMRayActor pid=3408207)[0m [0;36m(EngineCore_DP0 pid=3420913)[0;0m     return self.model(input_ids, positions, intermediate_tensors, inputs_embeds)
[36m(LLMRayActor pid=3408207)[0m [0;36m(EngineCore_DP0 pid=3420913)[0;0m   File "/vast/projects/myatskar/design-documents/conda_env/open_rlhf_intern/lib/python3.11/site-packages/vllm/compilation/decorators.py", line 472, in __call__
[36m(LLMRayActor pid=3408207)[0m [0;36m(EngineCore_DP0 pid=3420913)[0;0m     return TorchCompileWithNoGuardsWrapper.__call__(self, *args, **kwargs)  # type: ignore[arg-type]
[36m(LLMRayActor pid=3408207)[0m [0;36m(EngineCore_DP0 pid=3420913)[0;0m   File "/vast/projects/myatskar/design-documents/conda_env/open_rlhf_intern/lib/python3.11/site-packages/vllm/compilation/wrapper.py", line 233, in __call__
[36m(LLMRayActor pid=3408207)[0m [0;36m(EngineCore_DP0 pid=3420913)[0;0m     return self._call_with_optional_nvtx_range(
[36m(LLMRayActor pid=3408207)[0m [0;36m(EngineCore_DP0 pid=3420913)[0;0m   File "/vast/projects/myatskar/design-documents/conda_env/open_rlhf_intern/lib/python3.11/site-packages/vllm/compilation/wrapper.py", line 119, in _call_with_optional_nvtx_range
[36m(LLMRayActor pid=3408207)[0m [0;36m(EngineCore_DP0 pid=3420913)[0;0m     return callable_fn(*args, **kwargs)
[36m(LLMRayActor pid=3408207)[0m [0;36m(EngineCore_DP0 pid=3420913)[0;0m   File "/vast/projects/myatskar/design-documents/conda_env/open_rlhf_intern/lib/python3.11/site-packages/vllm/model_executor/models/gpt_oss.py", line 276, in forward
[36m(LLMRayActor pid=3408207)[0m [0;36m(EngineCore_DP0 pid=3420913)[0;0m     def forward(
[36m(LLMRayActor pid=3408207)[0m [0;36m(EngineCore_DP0 pid=3420913)[0;0m   File "/vast/projects/myatskar/design-documents/conda_env/open_rlhf_intern/lib/python3.11/site-packages/torch/_dynamo/eval_frame.py", line 1044, in _fn
[36m(LLMRayActor pid=3408207)[0m [0;36m(EngineCore_DP0 pid=3420913)[0;0m     return fn(*args, **kwargs)
[36m(LLMRayActor pid=3408207)[0m [0;36m(EngineCore_DP0 pid=3420913)[0;0m   File "/vast/projects/myatskar/design-documents/conda_env/open_rlhf_intern/lib/python3.11/site-packages/vllm/compilation/caching.py", line 185, in __call__
[36m(LLMRayActor pid=3408207)[0m [0;36m(EngineCore_DP0 pid=3420913)[0;0m     return self.optimized_call(*args, **kwargs)
[36m(LLMRayActor pid=3408207)[0m [0;36m(EngineCore_DP0 pid=3420913)[0;0m   File "/vast/projects/myatskar/design-documents/conda_env/open_rlhf_intern/lib/python3.11/site-packages/torch/fx/graph_module.py", line 837, in call_wrapped
[36m(LLMRayActor pid=3408207)[0m [0;36m(EngineCore_DP0 pid=3420913)[0;0m     return self._wrapped_call(self, *args, **kwargs)
[36m(LLMRayActor pid=3408207)[0m [0;36m(EngineCore_DP0 pid=3420913)[0;0m   File "/vast/projects/myatskar/design-documents/conda_env/open_rlhf_intern/lib/python3.11/site-packages/torch/fx/graph_module.py", line 400, in __call__
[36m(LLMRayActor pid=3408207)[0m [0;36m(EngineCore_DP0 pid=3420913)[0;0m     return super(self.cls, obj).__call__(*args, **kwargs)  # type: ignore[misc]
[36m(LLMRayActor pid=3408207)[0m [0;36m(EngineCore_DP0 pid=3420913)[0;0m   File "/vast/projects/myatskar/design-documents/conda_env/open_rlhf_intern/lib/python3.11/site-packages/torch/nn/modules/module.py", line 1775, in _wrapped_call_impl
[36m(LLMRayActor pid=3408207)[0m [0;36m(EngineCore_DP0 pid=3420913)[0;0m     return self._call_impl(*args, **kwargs)
[36m(LLMRayActor pid=3408207)[0m [0;36m(EngineCore_DP0 pid=3420913)[0;0m   File "/vast/projects/myatskar/design-documents/conda_env/open_rlhf_intern/lib/python3.11/site-packages/torch/nn/modules/module.py", line 1786, in _call_impl
[36m(LLMRayActor pid=3408207)[0m [0;36m(EngineCore_DP0 pid=3420913)[0;0m     return forward_call(*args, **kwargs)
[36m(LLMRayActor pid=3408207)[0m [0;36m(EngineCore_DP0 pid=3420913)[0;0m   File "<eval_with_key>.50", line 208, in forward
[36m(LLMRayActor pid=3408207)[0m [0;36m(EngineCore_DP0 pid=3420913)[0;0m     submod_1 = self.submod_1(getitem, s72, getitem_1, getitem_2, getitem_3);  getitem = getitem_1 = getitem_2 = submod_1 = None
[36m(LLMRayActor pid=3408207)[0m [0;36m(EngineCore_DP0 pid=3420913)[0;0m   File "/vast/projects/myatskar/design-documents/conda_env/open_rlhf_intern/lib/python3.11/site-packages/torch/fx/graph_module.py", line 837, in call_wrapped
[36m(LLMRayActor pid=3408207)[0m [0;36m(EngineCore_DP0 pid=3420913)[0;0m     return self._wrapped_call(self, *args, **kwargs)
[36m(LLMRayActor pid=3408207)[0m [0;36m(EngineCore_DP0 pid=3420913)[0;0m   File "/vast/projects/myatskar/design-documents/conda_env/open_rlhf_intern/lib/python3.11/site-packages/torch/fx/graph_module.py", line 400, in __call__
[36m(LLMRayActor pid=3408207)[0m [0;36m(EngineCore_DP0 pid=3420913)[0;0m     return super(self.cls, obj).__call__(*args, **kwargs)  # type: ignore[misc]
[36m(LLMRayActor pid=3408207)[0m [0;36m(EngineCore_DP0 pid=3420913)[0;0m   File "/vast/projects/myatskar/design-documents/conda_env/open_rlhf_intern/lib/python3.11/site-packages/torch/nn/modules/module.py", line 1775, in _wrapped_call_impl
[36m(LLMRayActor pid=3408207)[0m [0;36m(EngineCore_DP0 pid=3420913)[0;0m     return self._call_impl(*args, **kwargs)
[36m(LLMRayActor pid=3408207)[0m [0;36m(EngineCore_DP0 pid=3420913)[0;0m   File "/vast/projects/myatskar/design-documents/conda_env/open_rlhf_intern/lib/python3.11/site-packages/torch/nn/modules/module.py", line 1786, in _call_impl
[36m(LLMRayActor pid=3408207)[0m [0;36m(EngineCore_DP0 pid=3420913)[0;0m     return forward_call(*args, **kwargs)
[36m(LLMRayActor pid=3408207)[0m [0;36m(EngineCore_DP0 pid=3420913)[0;0m   File "<eval_with_key>.2", line 5, in forward
[36m(LLMRayActor pid=3408207)[0m [0;36m(EngineCore_DP0 pid=3420913)[0;0m     unified_attention_with_output = torch.ops.vllm.unified_attention_with_output(query_2, key_2, value, output_3, 'model.layers.0.attn.attn', kv_cache_dummy_dep = None);  query_2 = key_2 = value = output_3 = unified_attention_with_output = None
[36m(LLMRayActor pid=3408207)[0m [0;36m(EngineCore_DP0 pid=3420913)[0;0m   File "/vast/projects/myatskar/design-documents/conda_env/open_rlhf_intern/lib/python3.11/site-packages/torch/_ops.py", line 1255, in __call__
[36m(LLMRayActor pid=3408207)[0m [0;36m(EngineCore_DP0 pid=3420913)[0;0m     return self._op(*args, **kwargs)
[36m(LLMRayActor pid=3408207)[0m [0;36m(EngineCore_DP0 pid=3420913)[0;0m   File "/vast/projects/myatskar/design-documents/conda_env/open_rlhf_intern/lib/python3.11/site-packages/vllm/attention/utils/kv_transfer_utils.py", line 39, in wrapper
[36m(LLMRayActor pid=3408207)[0m [0;36m(EngineCore_DP0 pid=3420913)[0;0m   File "/vast/projects/myatskar/design-documents/conda_env/open_rlhf_intern/lib/python3.11/site-packages/vllm/attention/layer.py", line 885, in unified_attention_with_output
[36m(LLMRayActor pid=3408207)[0m [0;36m(EngineCore_DP0 pid=3420913)[0;0m     self.impl.forward(
[36m(LLMRayActor pid=3408207)[0m [0;36m(EngineCore_DP0 pid=3420913)[0;0m   File "/vast/projects/myatskar/design-documents/conda_env/open_rlhf_intern/lib/python3.11/site-packages/vllm/v1/attention/backends/flashinfer.py", line 1444, in forward
[36m(LLMRayActor pid=3408207)[0m [0;36m(EngineCore_DP0 pid=3420913)[0;0m     trtllm_batch_context_with_kv_cache(
[36m(LLMRayActor pid=3408207)[0m [0;36m(EngineCore_DP0 pid=3420913)[0;0m   File "/vast/projects/myatskar/design-documents/conda_env/open_rlhf_intern/lib/python3.11/site-packages/flashinfer/prefill.py", line 3652, in trtllm_batch_context_with_kv_cache
[36m(LLMRayActor pid=3408207)[0m [0;36m(EngineCore_DP0 pid=3420913)[0;0m     run_func(
[36m(LLMRayActor pid=3408207)[0m [0;36m(EngineCore_DP0 pid=3420913)[0;0m   File "/vast/projects/myatskar/design-documents/conda_env/open_rlhf_intern/lib/python3.11/site-packages/flashinfer/jit/cubin_loader.py", line 233, in get_cubin_callback
[36m(LLMRayActor pid=3408207)[0m [0;36m(EngineCore_DP0 pid=3420913)[0;0m     cubin = get_cubin(name.decode("utf-8"), sha256.decode("utf-8"))
[36m(LLMRayActor pid=3408207)[0m [0;36m(EngineCore_DP0 pid=3420913)[0;0m   File "/vast/projects/myatskar/design-documents/conda_env/open_rlhf_intern/lib/python3.11/site-packages/flashinfer/jit/cubin_loader.py", line 209, in get_cubin
[36m(LLMRayActor pid=3408207)[0m [0;36m(EngineCore_DP0 pid=3420913)[0;0m     logger.info(f"Fetching cubin {file_name} from {uri}")
[36m(LLMRayActor pid=3408207)[0m [0;36m(EngineCore_DP0 pid=3420913)[0;0m Message: 'Fetching cubin 75d477a640f268ea9ad117cc596eb39245713b9e/fmha/trtllm-gen//fmhaSm100fKernel_QkvBfloat16OBfloat16H64PagedKvCausalP16VarSeqQ128Kv128PersistentContext.cubin from https://edge.urm.nvidia.com/artifactory/sw-kernelinferencelibrary-public-generic-local/75d477a640f268ea9ad117cc596eb39245713b9e/fmha/trtllm-gen/fmhaSm100fKernel_QkvBfloat16OBfloat16H64PagedKvCausalP16VarSeqQ128Kv128PersistentContext.cubin'
[36m(LLMRayActor pid=3408207)[0m [0;36m(EngineCore_DP0 pid=3420913)[0;0m 2026-02-25 07:25:06,266 - INFO - cubin_loader.py:81 - flashinfer.jit: Acquired lock for /vast/home/j/jojolee/.cache/flashinfer/cubins/75d477a640f268ea9ad117cc596eb39245713b9e/fmha/trtllm-gen/fmhaSm100fKernel_QkvBfloat16OBfloat16H64PagedKvCausalP16VarSeqQ128Kv128PersistentContext.cubin
[36m(LLMRayActor pid=3408207)[0m [0;36m(EngineCore_DP0 pid=3420913)[0;0m     worker.model_runner._dummy_run(
[36m(LLMRayActor pid=3408207)[0m [0;36m(EngineCore_DP0 pid=3420913)[0;0m   File "/vast/projects/myatskar/design-documents/conda_env/open_rlhf_intern/lib/python3.11/site-packages/torch/utils/_contextlib.py", line 120, in decorate_context
[36m(LLMRayActor pid=3408207)[0m [0;36m(EngineCore_DP0 pid=3420913)[0;0m   File "/vast/projects/myatskar/design-documents/conda_env/open_rlhf_intern/lib/python3.11/site-packages/vllm/v1/worker/gpu_model_runner.py", line 4697, in _dummy_run
[36m(LLMRayActor pid=3408207)[0m [0;36m(EngineCore_DP0 pid=3420913)[0;0m     outputs = self.model(
[36m(LLMRayActor pid=3408207)[0m [0;36m(EngineCore_DP0 pid=3420913)[0;0m   File "/vast/projects/myatskar/design-documents/conda_env/open_rlhf_intern/lib/python3.11/site-packages/vllm/compilation/cuda_graph.py", line 222, in __call__
[36m(LLMRayActor pid=3408207)[0m [0;36m(EngineCore_DP0 pid=3420913)[0;0m     return self.runnable(*args, **kwargs)
[36m(LLMRayActor pid=3408207)[0m [0;36m(EngineCore_DP0 pid=3420913)[0;0m   File "/vast/projects/myatskar/design-documents/conda_env/open_rlhf_intern/lib/python3.11/site-packages/torch/nn/modules/module.py", line 1775, in _wrapped_call_impl
[36m(LLMRayActor pid=3408207)[0m [0;36m(EngineCore_DP0 pid=3420913)[0;0m     return self._call_impl(*args, **kwargs)
[36m(LLMRayActor pid=3408207)[0m [0;36m(EngineCore_DP0 pid=3420913)[0;0m   File "/vast/projects/myatskar/design-documents/conda_env/open_rlhf_intern/lib/python3.11/site-packages/torch/nn/modules/module.py", line 1786, in _call_impl
[36m(LLMRayActor pid=3408207)[0m [0;36m(EngineCore_DP0 pid=3420913)[0;0m     return forward_call(*args, **kwargs)
[36m(LLMRayActor pid=3408207)[0m [0;36m(EngineCore_DP0 pid=3420913)[0;0m   File "/vast/projects/myatskar/design-documents/conda_env/open_rlhf_intern/lib/python3.11/site-packages/vllm/model_executor/models/gpt_oss.py", line 722, in forward
[36m(LLMRayActor pid=3408207)[0m [0;36m(EngineCore_DP0 pid=3420913)[0;0m     return self.model(input_ids, positions, intermediate_tensors, inputs_embeds)
[36m(LLMRayActor pid=3408207)[0m [0;36m(EngineCore_DP0 pid=3420913)[0;0m   File "/vast/projects/myatskar/design-documents/conda_env/open_rlhf_intern/lib/python3.11/site-packages/vllm/compilation/decorators.py", line 472, in __call__
[36m(LLMRayActor pid=3408207)[0m [0;36m(EngineCore_DP0 pid=3420913)[0;0m     return TorchCompileWithNoGuardsWrapper.__call__(self, *args, **kwargs)  # type: ignore[arg-type]
[36m(LLMRayActor pid=3408207)[0m [0;36m(EngineCore_DP0 pid=3420913)[0;0m   File "/vast/projects/myatskar/design-documents/conda_env/open_rlhf_intern/lib/python3.11/site-packages/vllm/compilation/wrapper.py", line 233, in __call__
[36m(LLMRayActor pid=3408207)[0m [0;36m(EngineCore_DP0 pid=3420913)[0;0m     return self._call_with_optional_nvtx_range(
[36m(LLMRayActor pid=3408207)[0m [0;36m(EngineCore_DP0 pid=3420913)[0;0m   File "/vast/projects/myatskar/design-documents/conda_env/open_rlhf_intern/lib/python3.11/site-packages/vllm/compilation/wrapper.py", line 119, in _call_with_optional_nvtx_range
[36m(LLMRayActor pid=3408207)[0m [0;36m(EngineCore_DP0 pid=3420913)[0;0m     return callable_fn(*args, **kwargs)
[36m(LLMRayActor pid=3408207)[0m [0;36m(EngineCore_DP0 pid=3420913)[0;0m   File "/vast/projects/myatskar/design-documents/conda_env/open_rlhf_intern/lib/python3.11/site-packages/vllm/model_executor/models/gpt_oss.py", line 276, in forward
[36m(LLMRayActor pid=3408207)[0m [0;36m(EngineCore_DP0 pid=3420913)[0;0m     def forward(
[36m(LLMRayActor pid=3408207)[0m [0;36m(EngineCore_DP0 pid=3420913)[0;0m   File "/vast/projects/myatskar/design-documents/conda_env/open_rlhf_intern/lib/python3.11/site-packages/torch/_dynamo/eval_frame.py", line 1044, in _fn
[36m(LLMRayActor pid=3408207)[0m [0;36m(EngineCore_DP0 pid=3420913)[0;0m     return fn(*args, **kwargs)
[36m(LLMRayActor pid=3408207)[0m [0;36m(EngineCore_DP0 pid=3420913)[0;0m   File "/vast/projects/myatskar/design-documents/conda_env/open_rlhf_intern/lib/python3.11/site-packages/vllm/compilation/caching.py", line 185, in __call__
[36m(LLMRayActor pid=3408207)[0m [0;36m(EngineCore_DP0 pid=3420913)[0;0m     return self.optimized_call(*args, **kwargs)
[36m(LLMRayActor pid=3408207)[0m [0;36m(EngineCore_DP0 pid=3420913)[0;0m   File "/vast/projects/myatskar/design-documents/conda_env/open_rlhf_intern/lib/python3.11/site-packages/torch/fx/graph_module.py", line 837, in call_wrapped
[36m(LLMRayActor pid=3408207)[0m [0;36m(EngineCore_DP0 pid=3420913)[0;0m     return self._wrapped_call(self, *args, **kwargs)
[36m(LLMRayActor pid=3408207)[0m [0;36m(EngineCore_DP0 pid=3420913)[0;0m   File "/vast/projects/myatskar/design-documents/conda_env/open_rlhf_intern/lib/python3.11/site-packages/torch/fx/graph_module.py", line 400, in __call__
[36m(LLMRayActor pid=3408207)[0m [0;36m(EngineCore_DP0 pid=3420913)[0;0m     return super(self.cls, obj).__call__(*args, **kwargs)  # type: ignore[misc]
[36m(LLMRayActor pid=3408207)[0m [0;36m(EngineCore_DP0 pid=3420913)[0;0m   File "/vast/projects/myatskar/design-documents/conda_env/open_rlhf_intern/lib/python3.11/site-packages/torch/nn/modules/module.py", line 1775, in _wrapped_call_impl
[36m(LLMRayActor pid=3408207)[0m [0;36m(EngineCore_DP0 pid=3420913)[0;0m     return self._call_impl(*args, **kwargs)
[36m(LLMRayActor pid=3408207)[0m [0;36m(EngineCore_DP0 pid=3420913)[0;0m   File "/vast/projects/myatskar/design-documents/conda_env/open_rlhf_intern/lib/python3.11/site-packages/torch/nn/modules/module.py", line 1786, in _call_impl
[36m(LLMRayActor pid=3408207)[0m [0;36m(EngineCore_DP0 pid=3420913)[0;0m     return forward_call(*args, **kwargs)
[36m(LLMRayActor pid=3408207)[0m [0;36m(EngineCore_DP0 pid=3420913)[0;0m   File "<eval_with_key>.50", line 208, in forward
[36m(LLMRayActor pid=3408207)[0m [0;36m(EngineCore_DP0 pid=3420913)[0;0m     submod_1 = self.submod_1(getitem, s72, getitem_1, getitem_2, getitem_3);  getitem = getitem_1 = getitem_2 = submod_1 = None
[36m(LLMRayActor pid=3408207)[0m [0;36m(EngineCore_DP0 pid=3420913)[0;0m   File "/vast/projects/myatskar/design-documents/conda_env/open_rlhf_intern/lib/python3.11/site-packages/torch/fx/graph_module.py", line 837, in call_wrapped
[36m(LLMRayActor pid=3408207)[0m [0;36m(EngineCore_DP0 pid=3420913)[0;0m     return self._wrapped_call(self, *args, **kwargs)
[36m(LLMRayActor pid=3408207)[0m [0;36m(EngineCore_DP0 pid=3420913)[0;0m   File "/vast/projects/myatskar/design-documents/conda_env/open_rlhf_intern/lib/python3.11/site-packages/torch/fx/graph_module.py", line 400, in __call__
[36m(LLMRayActor pid=3408207)[0m [0;36m(EngineCore_DP0 pid=3420913)[0;0m     return super(self.cls, obj).__call__(*args, **kwargs)  # type: ignore[misc]
[36m(LLMRayActor pid=3408207)[0m [0;36m(EngineCore_DP0 pid=3420913)[0;0m   File "/vast/projects/myatskar/design-documents/conda_env/open_rlhf_intern/lib/python3.11/site-packages/torch/nn/modules/module.py", line 1775, in _wrapped_call_impl
[36m(LLMRayActor pid=3408207)[0m [0;36m(EngineCore_DP0 pid=3420913)[0;0m     return self._call_impl(*args, **kwargs)
[36m(LLMRayActor pid=3408207)[0m [0;36m(EngineCore_DP0 pid=3420913)[0;0m   File "/vast/projects/myatskar/design-documents/conda_env/open_rlhf_intern/lib/python3.11/site-packages/torch/nn/modules/module.py", line 1786, in _call_impl
[36m(LLMRayActor pid=3408207)[0m [0;36m(EngineCore_DP0 pid=3420913)[0;0m     return forward_call(*args, **kwargs)
[36m(LLMRayActor pid=3408207)[0m [0;36m(EngineCore_DP0 pid=3420913)[0;0m   File "<eval_with_key>.2", line 5, in forward
[36m(LLMRayActor pid=3408207)[0m [0;36m(EngineCore_DP0 pid=3420913)[0;0m     unified_attention_with_output = torch.ops.vllm.unified_attention_with_output(query_2, key_2, value, output_3, 'model.layers.0.attn.attn', kv_cache_dummy_dep = None);  query_2 = key_2 = value = output_3 = unified_attention_with_output = None
[36m(LLMRayActor pid=3408207)[0m [0;36m(EngineCore_DP0 pid=3420913)[0;0m   File "/vast/projects/myatskar/design-documents/conda_env/open_rlhf_intern/lib/python3.11/site-packages/torch/_ops.py", line 1255, in __call__
[36m(LLMRayActor pid=3408207)[0m [0;36m(EngineCore_DP0 pid=3420913)[0;0m     return self._op(*args, **kwargs)
[36m(LLMRayActor pid=3408207)[0m [0;36m(EngineCore_DP0 pid=3420913)[0;0m   File "/vast/projects/myatskar/design-documents/conda_env/open_rlhf_intern/lib/python3.11/site-packages/vllm/attention/utils/kv_transfer_utils.py", line 39, in wrapper
[36m(LLMRayActor pid=3408207)[0m [0;36m(EngineCore_DP0 pid=3420913)[0;0m   File "/vast/projects/myatskar/design-documents/conda_env/open_rlhf_intern/lib/python3.11/site-packages/vllm/attention/layer.py", line 885, in unified_attention_with_output
[36m(LLMRayActor pid=3408207)[0m [0;36m(EngineCore_DP0 pid=3420913)[0;0m     self.impl.forward(
[36m(LLMRayActor pid=3408207)[0m [0;36m(EngineCore_DP0 pid=3420913)[0;0m   File "/vast/projects/myatskar/design-documents/conda_env/open_rlhf_intern/lib/python3.11/site-packages/vllm/v1/attention/backends/flashinfer.py", line 1444, in forward
[36m(LLMRayActor pid=3408207)[0m [0;36m(EngineCore_DP0 pid=3420913)[0;0m     trtllm_batch_context_with_kv_cache(
[36m(LLMRayActor pid=3408207)[0m [0;36m(EngineCore_DP0 pid=3420913)[0;0m   File "/vast/projects/myatskar/design-documents/conda_env/open_rlhf_intern/lib/python3.11/site-packages/flashinfer/prefill.py", line 3652, in trtllm_batch_context_with_kv_cache
[36m(LLMRayActor pid=3408207)[0m [0;36m(EngineCore_DP0 pid=3420913)[0;0m     run_func(
[36m(LLMRayActor pid=3408207)[0m [0;36m(EngineCore_DP0 pid=3420913)[0;0m   File "/vast/projects/myatskar/design-documents/conda_env/open_rlhf_intern/lib/python3.11/site-packages/flashinfer/jit/cubin_loader.py", line 233, in get_cubin_callback
[36m(LLMRayActor pid=3408207)[0m [0;36m(EngineCore_DP0 pid=3420913)[0;0m     cubin = get_cubin(name.decode("utf-8"), sha256.decode("utf-8"))
[36m(LLMRayActor pid=3408207)[0m [0;36m(EngineCore_DP0 pid=3420913)[0;0m   File "/vast/projects/myatskar/design-documents/conda_env/open_rlhf_intern/lib/python3.11/site-packages/flashinfer/jit/cubin_loader.py", line 210, in get_cubin
[36m(LLMRayActor pid=3408207)[0m [0;36m(EngineCore_DP0 pid=3420913)[0;0m     download_file(uri, cubin_path, session=session)
[36m(LLMRayActor pid=3408207)[0m [0;36m(EngineCore_DP0 pid=3420913)[0;0m   File "/vast/projects/myatskar/design-documents/conda_env/open_rlhf_intern/lib/python3.11/site-packages/flashinfer/jit/cubin_loader.py", line 81, in download_file
[36m(LLMRayActor pid=3408207)[0m [0;36m(EngineCore_DP0 pid=3420913)[0;0m     logger.info(f"Acquired lock for {destination}")
[36m(LLMRayActor pid=3408207)[0m [0;36m(EngineCore_DP0 pid=3420913)[0;0m Message: 'Acquired lock for /vast/home/j/jojolee/.cache/flashinfer/cubins/75d477a640f268ea9ad117cc596eb39245713b9e/fmha/trtllm-gen/fmhaSm100fKernel_QkvBfloat16OBfloat16H64PagedKvCausalP16VarSeqQ128Kv128PersistentContext.cubin'
[36m(LLMRayActor pid=3408206)[0m [0;36m(EngineCore_DP0 pid=3420918)[0;0m 2026-02-25 07:24:42,610 - INFO - autotuner.py:256 - flashinfer.jit: [Autotuner]: Autotuning process starts ...
[36m(LLMRayActor pid=3408207)[0m [0;36m(EngineCore_DP0 pid=3420913)[0;0m --- Logging error ---[32m [repeated 10x across cluster][0m
[36m(LLMRayActor pid=3408207)[0m [0;36m(EngineCore_DP0 pid=3420913)[0;0m Traceback (most recent call last):[32m [repeated 10x across cluster][0m
[36m(LLMRayActor pid=3408207)[0m [0;36m(EngineCore_DP0 pid=3420913)[0;0m   File "/vast/projects/myatskar/design-documents/conda_env/open_rlhf_intern/lib/python3.11/logging/__init__.py", line 1114, in emit[32m [repeated 10x across cluster][0m
[36m(LLMRayActor pid=3408207)[0m [0;36m(EngineCore_DP0 pid=3420913)[0;0m     self.flush()[32m [repeated 10x across cluster][0m
[36m(LLMRayActor pid=3408207)[0m [0;36m(EngineCore_DP0 pid=3420913)[0;0m   File "/vast/projects/myatskar/design-documents/conda_env/open_rlhf_intern/lib/python3.11/logging/__init__.py", line 1094, in flush[32m [repeated 10x across cluster][0m
[36m(LLMRayActor pid=3408207)[0m [0;36m(EngineCore_DP0 pid=3420913)[0;0m     self.stream.flush()[32m [repeated 10x across cluster][0m
[36m(LLMRayActor pid=3408207)[0m [0;36m(EngineCore_DP0 pid=3420913)[0;0m OSError: [Errno 116] Stale file handle[32m [repeated 10x across cluster][0m
[36m(LLMRayActor pid=3408207)[0m [0;36m(EngineCore_DP0 pid=3420913)[0;0m Call stack:[32m [repeated 10x across cluster][0m
[36m(LLMRayActor pid=3408207)[0m [0;36m(EngineCore_DP0 pid=3420913)[0;0m   File "<string>", line 1, in <module>[32m [repeated 10x across cluster][0m
[36m(LLMRayActor pid=3408207)[0m [0;36m(EngineCore_DP0 pid=3420913)[0;0m   File "/vast/projects/myatskar/design-documents/conda_env/open_rlhf_intern/lib/python3.11/multiprocessing/spawn.py", line 122, in spawn_main[32m [repeated 10x across cluster][0m
[36m(LLMRayActor pid=3408207)[0m [0;36m(EngineCore_DP0 pid=3420913)[0;0m     exitcode = _main(fd, parent_sentinel)[32m [repeated 10x across cluster][0m
[36m(LLMRayActor pid=3408207)[0m [0;36m(EngineCore_DP0 pid=3420913)[0;0m   File "/vast/projects/myatskar/design-documents/conda_env/open_rlhf_intern/lib/python3.11/multiprocessing/spawn.py", line 135, in _main[32m [repeated 10x across cluster][0m
[36m(LLMRayActor pid=3408207)[0m [0;36m(EngineCore_DP0 pid=3420913)[0;0m     return self._bootstrap(parent_sentinel)[32m [repeated 10x across cluster][0m
[36m(LLMRayActor pid=3408207)[0m [0;36m(EngineCore_DP0 pid=3420913)[0;0m   File "/vast/projects/myatskar/design-documents/conda_env/open_rlhf_intern/lib/python3.11/multiprocessing/process.py", line 314, in _bootstrap[32m [repeated 10x across cluster][0m
[36m(LLMRayActor pid=3408207)[0m [0;36m(EngineCore_DP0 pid=3420913)[0;0m     self.run()[32m [repeated 10x across cluster][0m
[36m(LLMRayActor pid=3408207)[0m [0;36m(EngineCore_DP0 pid=3420913)[0;0m   File "/vast/projects/myatskar/design-documents/conda_env/open_rlhf_intern/lib/python3.11/multiprocessing/process.py", line 108, in run[32m [repeated 10x across cluster][0m
[36m(LLMRayActor pid=3408207)[0m [0;36m(EngineCore_DP0 pid=3420913)[0;0m     self._target(*self._args, **self._kwargs)[32m [repeated 10x across cluster][0m
[36m(LLMRayActor pid=3408207)[0m [0;36m(EngineCore_DP0 pid=3420913)[0;0m   File "/vast/projects/myatskar/design-documents/conda_env/open_rlhf_intern/lib/python3.11/site-packages/vllm/v1/engine/core.py", line 937, in run_engine_core[32m [repeated 10x across cluster][0m
[36m(LLMRayActor pid=3408207)[0m [0;36m(EngineCore_DP0 pid=3420913)[0;0m     engine_core = EngineCoreProc(*args, engine_index=dp_rank, **kwargs)[32m [repeated 10x across cluster][0m
[36m(LLMRayActor pid=3408207)[0m [0;36m(EngineCore_DP0 pid=3420913)[0;0m   File "/vast/projects/myatskar/design-documents/conda_env/open_rlhf_intern/lib/python3.11/site-packages/vllm/v1/engine/core.py", line 112, in __init__[32m [repeated 20x across cluster][0m
[36m(LLMRayActor pid=3408207)[0m [0;36m(EngineCore_DP0 pid=3420913)[0;0m     super().__init__([32m [repeated 10x across cluster][0m
[36m(LLMRayActor pid=3408207)[0m [0;36m(EngineCore_DP0 pid=3420913)[0;0m     num_gpu_blocks, num_cpu_blocks, kv_cache_config = self._initialize_kv_caches([32m [repeated 10x across cluster][0m
[36m(LLMRayActor pid=3408207)[0m [0;36m(EngineCore_DP0 pid=3420913)[0;0m   File "/vast/projects/myatskar/design-documents/conda_env/open_rlhf_intern/lib/python3.11/site-packages/vllm/v1/engine/core.py", line 269, in _initialize_kv_caches[32m [repeated 10x across cluster][0m
[36m(LLMRayActor pid=3408207)[0m [0;36m(EngineCore_DP0 pid=3420913)[0;0m     self.model_executor.initialize_from_config(kv_cache_configs)[32m [repeated 10x across cluster][0m
[36m(LLMRayActor pid=3408207)[0m [0;36m(EngineCore_DP0 pid=3420913)[0;0m   File "/vast/projects/myatskar/design-documents/conda_env/open_rlhf_intern/lib/python3.11/site-packages/vllm/v1/executor/abstract.py", line 116, in initialize_from_config[32m [repeated 10x across cluster][0m
[36m(LLMRayActor pid=3408207)[0m [0;36m(EngineCore_DP0 pid=3420913)[0;0m     self.collective_rpc("compile_or_warm_up_model")[32m [repeated 10x across cluster][0m
[36m(LLMRayActor pid=3408207)[0m [0;36m(EngineCore_DP0 pid=3420913)[0;0m   File "/vast/projects/myatskar/design-documents/conda_env/open_rlhf_intern/lib/python3.11/site-packages/vllm/v1/executor/uniproc_executor.py", line 75, in collective_rpc[32m [repeated 10x across cluster][0m
[36m(LLMRayActor pid=3408207)[0m [0;36m(EngineCore_DP0 pid=3420913)[0;0m     result = run_method(self.driver_worker, method, args, kwargs)[32m [repeated 10x across cluster][0m
[36m(LLMRayActor pid=3408207)[0m [0;36m(EngineCore_DP0 pid=3420913)[0;0m   File "/vast/projects/myatskar/design-documents/conda_env/open_rlhf_intern/lib/python3.11/site-packages/vllm/v1/serial_utils.py", line 461, in run_method[32m [repeated 10x across cluster][0m
[36m(LLMRayActor pid=3408207)[0m [0;36m(EngineCore_DP0 pid=3420913)[0;0m     return func(*args, **kwargs)[32m [repeated 26x across cluster][0m
[36m(LLMRayActor pid=3408207)[0m [0;36m(EngineCore_DP0 pid=3420913)[0;0m   File "/vast/projects/myatskar/design-documents/conda_env/open_rlhf_intern/lib/python3.11/site-packages/vllm/v1/worker/gpu_worker.py", line 448, in compile_or_warm_up_model[32m [repeated 10x across cluster][0m
[36m(LLMRayActor pid=3408207)[0m [0;36m(EngineCore_DP0 pid=3420913)[0;0m     kernel_warmup(self)[32m [repeated 10x across cluster][0m
[36m(LLMRayActor pid=3408207)[0m [0;36m(EngineCore_DP0 pid=3420913)[0;0m   File "/vast/projects/myatskar/design-documents/conda_env/open_rlhf_intern/lib/python3.11/site-packages/vllm/model_executor/warmup/kernel_warmup.py", line 67, in kernel_warmup[32m [repeated 10x across cluster][0m
[36m(LLMRayActor pid=3408206)[0m [0;36m(EngineCore_DP0 pid=3420918)[0;0m     flashinfer_autotune(worker.model_runner)[32m [repeated 2x across cluster][0m
[36m(LLMRayActor pid=3408206)[0m [0;36m(EngineCore_DP0 pid=3420918)[0;0m   File "/vast/projects/myatskar/design-documents/conda_env/open_rlhf_intern/lib/python3.11/site-packages/vllm/model_executor/warmup/kernel_warmup.py", line 88, in flashinfer_autotune[32m [repeated 2x across cluster][0m
[36m(LLMRayActor pid=3408206)[0m [0;36m(EngineCore_DP0 pid=3420918)[0;0m     with torch.inference_mode(), autotune():[32m [repeated 2x across cluster][0m
[36m(LLMRayActor pid=3408206)[0m [0;36m(EngineCore_DP0 pid=3420918)[0;0m   File "/vast/projects/myatskar/design-documents/conda_env/open_rlhf_intern/lib/python3.11/contextlib.py", line 137, in __enter__
[36m(LLMRayActor pid=3408206)[0m [0;36m(EngineCore_DP0 pid=3420918)[0;0m     return next(self.gen)
[36m(LLMRayActor pid=3408206)[0m [0;36m(EngineCore_DP0 pid=3420918)[0;0m   File "/vast/projects/myatskar/design-documents/conda_env/open_rlhf_intern/lib/python3.11/site-packages/flashinfer/autotuner.py", line 262, in autotune[32m [repeated 2x across cluster][0m
[36m(LLMRayActor pid=3408206)[0m [0;36m(EngineCore_DP0 pid=3420918)[0;0m     logger.info("[Autotuner]: Autotuning process starts ...")
[36m(LLMRayActor pid=3408206)[0m [0;36m(EngineCore_DP0 pid=3420918)[0;0m Message: '[Autotuner]: Autotuning process starts ...'
[36m(LLMRayActor pid=3408207)[0m [0;36m(EngineCore_DP0 pid=3420913)[0;0m Arguments: ()[32m [repeated 10x across cluster][0m
[36m(LLMRayActor pid=3408206)[0m [0;36m(EngineCore_DP0 pid=3420918)[0;0m 2026-02-25 07:24:42,641 - INFO - autotuner.py:262 - flashinfer.jit: [Autotuner]: Autotuning process ends
[36m(LLMRayActor pid=3408206)[0m [0;36m(EngineCore_DP0 pid=3420918)[0;0m   File "/vast/projects/myatskar/design-documents/conda_env/open_rlhf_intern/lib/python3.11/contextlib.py", line 144, in __exit__
[36m(LLMRayActor pid=3408206)[0m [0;36m(EngineCore_DP0 pid=3420918)[0;0m     next(self.gen)
[36m(LLMRayActor pid=3408206)[0m [0;36m(EngineCore_DP0 pid=3420918)[0;0m     logger.info("[Autotuner]: Autotuning process ends")
[36m(LLMRayActor pid=3408206)[0m [0;36m(EngineCore_DP0 pid=3420918)[0;0m Message: '[Autotuner]: Autotuning process ends'
[36m(LLMRayActor pid=3408207)[0m [0;36m(EngineCore_DP0 pid=3420913)[0;0m 2026-02-25 07:25:06,438 - INFO - cubin_loader.py:111 - flashinfer.jit: File downloaded successfully: https://edge.urm.nvidia.com/artifactory/sw-kernelinferencelibrary-public-generic-local/75d477a640f268ea9ad117cc596eb39245713b9e/fmha/trtllm-gen/fmhaSm100fKernel_QkvBfloat16OBfloat16H64PagedKvCausalP16VarSeqQ128Kv128PersistentContext.cubin -> /vast/home/j/jojolee/.cache/flashinfer/cubins/75d477a640f268ea9ad117cc596eb39245713b9e/fmha/trtllm-gen/fmhaSm100fKernel_QkvBfloat16OBfloat16H64PagedKvCausalP16VarSeqQ128Kv128PersistentContext.cubin
[36m(LLMRayActor pid=3408207)[0m [0;36m(EngineCore_DP0 pid=3420913)[0;0m     worker.model_runner._dummy_run(
[36m(LLMRayActor pid=3408207)[0m [0;36m(EngineCore_DP0 pid=3420913)[0;0m   File "/vast/projects/myatskar/design-documents/conda_env/open_rlhf_intern/lib/python3.11/site-packages/torch/utils/_contextlib.py", line 120, in decorate_context
[36m(LLMRayActor pid=3408207)[0m [0;36m(EngineCore_DP0 pid=3420913)[0;0m   File "/vast/projects/myatskar/design-documents/conda_env/open_rlhf_intern/lib/python3.11/site-packages/vllm/v1/worker/gpu_model_runner.py", line 4697, in _dummy_run
[36m(LLMRayActor pid=3408207)[0m [0;36m(EngineCore_DP0 pid=3420913)[0;0m     outputs = self.model(
[36m(LLMRayActor pid=3408207)[0m [0;36m(EngineCore_DP0 pid=3420913)[0;0m   File "/vast/projects/myatskar/design-documents/conda_env/open_rlhf_intern/lib/python3.11/site-packages/vllm/compilation/cuda_graph.py", line 222, in __call__
[36m(LLMRayActor pid=3408207)[0m [0;36m(EngineCore_DP0 pid=3420913)[0;0m     return self.runnable(*args, **kwargs)
[36m(LLMRayActor pid=3408207)[0m [0;36m(EngineCore_DP0 pid=3420913)[0;0m   File "/vast/projects/myatskar/design-documents/conda_env/open_rlhf_intern/lib/python3.11/site-packages/torch/nn/modules/module.py", line 1775, in _wrapped_call_impl
[36m(LLMRayActor pid=3408207)[0m [0;36m(EngineCore_DP0 pid=3420913)[0;0m     return self._call_impl(*args, **kwargs)
[36m(LLMRayActor pid=3408207)[0m [0;36m(EngineCore_DP0 pid=3420913)[0;0m   File "/vast/projects/myatskar/design-documents/conda_env/open_rlhf_intern/lib/python3.11/site-packages/torch/nn/modules/module.py", line 1786, in _call_impl
[36m(LLMRayActor pid=3408207)[0m [0;36m(EngineCore_DP0 pid=3420913)[0;0m     return forward_call(*args, **kwargs)
[36m(LLMRayActor pid=3408207)[0m [0;36m(EngineCore_DP0 pid=3420913)[0;0m   File "/vast/projects/myatskar/design-documents/conda_env/open_rlhf_intern/lib/python3.11/site-packages/vllm/model_executor/models/gpt_oss.py", line 722, in forward
[36m(LLMRayActor pid=3408207)[0m [0;36m(EngineCore_DP0 pid=3420913)[0;0m     return self.model(input_ids, positions, intermediate_tensors, inputs_embeds)
[36m(LLMRayActor pid=3408207)[0m [0;36m(EngineCore_DP0 pid=3420913)[0;0m   File "/vast/projects/myatskar/design-documents/conda_env/open_rlhf_intern/lib/python3.11/site-packages/vllm/compilation/decorators.py", line 472, in __call__
[36m(LLMRayActor pid=3408207)[0m [0;36m(EngineCore_DP0 pid=3420913)[0;0m     return TorchCompileWithNoGuardsWrapper.__call__(self, *args, **kwargs)  # type: ignore[arg-type]
[36m(LLMRayActor pid=3408207)[0m [0;36m(EngineCore_DP0 pid=3420913)[0;0m   File "/vast/projects/myatskar/design-documents/conda_env/open_rlhf_intern/lib/python3.11/site-packages/vllm/compilation/wrapper.py", line 233, in __call__
[36m(LLMRayActor pid=3408207)[0m [0;36m(EngineCore_DP0 pid=3420913)[0;0m     return self._call_with_optional_nvtx_range(
[36m(LLMRayActor pid=3408207)[0m [0;36m(EngineCore_DP0 pid=3420913)[0;0m   File "/vast/projects/myatskar/design-documents/conda_env/open_rlhf_intern/lib/python3.11/site-packages/vllm/compilation/wrapper.py", line 119, in _call_with_optional_nvtx_range
[36m(LLMRayActor pid=3408207)[0m [0;36m(EngineCore_DP0 pid=3420913)[0;0m     return callable_fn(*args, **kwargs)
[36m(LLMRayActor pid=3408207)[0m [0;36m(EngineCore_DP0 pid=3420913)[0;0m   File "/vast/projects/myatskar/design-documents/conda_env/open_rlhf_intern/lib/python3.11/site-packages/vllm/model_executor/models/gpt_oss.py", line 276, in forward
[36m(LLMRayActor pid=3408207)[0m [0;36m(EngineCore_DP0 pid=3420913)[0;0m     def forward(
[36m(LLMRayActor pid=3408207)[0m [0;36m(EngineCore_DP0 pid=3420913)[0;0m   File "/vast/projects/myatskar/design-documents/conda_env/open_rlhf_intern/lib/python3.11/site-packages/torch/_dynamo/eval_frame.py", line 1044, in _fn
[36m(LLMRayActor pid=3408207)[0m [0;36m(EngineCore_DP0 pid=3420913)[0;0m     return fn(*args, **kwargs)
[36m(LLMRayActor pid=3408207)[0m [0;36m(EngineCore_DP0 pid=3420913)[0;0m   File "/vast/projects/myatskar/design-documents/conda_env/open_rlhf_intern/lib/python3.11/site-packages/vllm/compilation/caching.py", line 185, in __call__
[36m(LLMRayActor pid=3408207)[0m [0;36m(EngineCore_DP0 pid=3420913)[0;0m     return self.optimized_call(*args, **kwargs)
[36m(LLMRayActor pid=3408207)[0m [0;36m(EngineCore_DP0 pid=3420913)[0;0m   File "/vast/projects/myatskar/design-documents/conda_env/open_rlhf_intern/lib/python3.11/site-packages/torch/fx/graph_module.py", line 837, in call_wrapped
[36m(LLMRayActor pid=3408207)[0m [0;36m(EngineCore_DP0 pid=3420913)[0;0m     return self._wrapped_call(self, *args, **kwargs)
[36m(LLMRayActor pid=3408207)[0m [0;36m(EngineCore_DP0 pid=3420913)[0;0m   File "/vast/projects/myatskar/design-documents/conda_env/open_rlhf_intern/lib/python3.11/site-packages/torch/fx/graph_module.py", line 400, in __call__
[36m(LLMRayActor pid=3408207)[0m [0;36m(EngineCore_DP0 pid=3420913)[0;0m     return super(self.cls, obj).__call__(*args, **kwargs)  # type: ignore[misc]
[36m(LLMRayActor pid=3408207)[0m [0;36m(EngineCore_DP0 pid=3420913)[0;0m   File "/vast/projects/myatskar/design-documents/conda_env/open_rlhf_intern/lib/python3.11/site-packages/torch/nn/modules/module.py", line 1775, in _wrapped_call_impl
[36m(LLMRayActor pid=3408207)[0m [0;36m(EngineCore_DP0 pid=3420913)[0;0m     return self._call_impl(*args, **kwargs)
[36m(LLMRayActor pid=3408207)[0m [0;36m(EngineCore_DP0 pid=3420913)[0;0m   File "/vast/projects/myatskar/design-documents/conda_env/open_rlhf_intern/lib/python3.11/site-packages/torch/nn/modules/module.py", line 1786, in _call_impl
[36m(LLMRayActor pid=3408207)[0m [0;36m(EngineCore_DP0 pid=3420913)[0;0m     return forward_call(*args, **kwargs)
[36m(LLMRayActor pid=3408207)[0m [0;36m(EngineCore_DP0 pid=3420913)[0;0m   File "<eval_with_key>.50", line 208, in forward
[36m(LLMRayActor pid=3408207)[0m [0;36m(EngineCore_DP0 pid=3420913)[0;0m     submod_1 = self.submod_1(getitem, s72, getitem_1, getitem_2, getitem_3);  getitem = getitem_1 = getitem_2 = submod_1 = None
[36m(LLMRayActor pid=3408207)[0m [0;36m(EngineCore_DP0 pid=3420913)[0;0m   File "/vast/projects/myatskar/design-documents/conda_env/open_rlhf_intern/lib/python3.11/site-packages/torch/fx/graph_module.py", line 837, in call_wrapped
[36m(LLMRayActor pid=3408207)[0m [0;36m(EngineCore_DP0 pid=3420913)[0;0m     return self._wrapped_call(self, *args, **kwargs)
[36m(LLMRayActor pid=3408207)[0m [0;36m(EngineCore_DP0 pid=3420913)[0;0m   File "/vast/projects/myatskar/design-documents/conda_env/open_rlhf_intern/lib/python3.11/site-packages/torch/fx/graph_module.py", line 400, in __call__
[36m(LLMRayActor pid=3408207)[0m [0;36m(EngineCore_DP0 pid=3420913)[0;0m     return super(self.cls, obj).__call__(*args, **kwargs)  # type: ignore[misc]
[36m(LLMRayActor pid=3408207)[0m [0;36m(EngineCore_DP0 pid=3420913)[0;0m   File "/vast/projects/myatskar/design-documents/conda_env/open_rlhf_intern/lib/python3.11/site-packages/torch/nn/modules/module.py", line 1775, in _wrapped_call_impl
[36m(LLMRayActor pid=3408207)[0m [0;36m(EngineCore_DP0 pid=3420913)[0;0m     return self._call_impl(*args, **kwargs)
[36m(LLMRayActor pid=3408207)[0m [0;36m(EngineCore_DP0 pid=3420913)[0;0m   File "/vast/projects/myatskar/design-documents/conda_env/open_rlhf_intern/lib/python3.11/site-packages/torch/nn/modules/module.py", line 1786, in _call_impl
[36m(LLMRayActor pid=3408207)[0m [0;36m(EngineCore_DP0 pid=3420913)[0;0m     return forward_call(*args, **kwargs)
[36m(LLMRayActor pid=3408207)[0m [0;36m(EngineCore_DP0 pid=3420913)[0;0m   File "<eval_with_key>.2", line 5, in forward
[36m(LLMRayActor pid=3408207)[0m [0;36m(EngineCore_DP0 pid=3420913)[0;0m     unified_attention_with_output = torch.ops.vllm.unified_attention_with_output(query_2, key_2, value, output_3, 'model.layers.0.attn.attn', kv_cache_dummy_dep = None);  query_2 = key_2 = value = output_3 = unified_attention_with_output = None
[36m(LLMRayActor pid=3408207)[0m [0;36m(EngineCore_DP0 pid=3420913)[0;0m   File "/vast/projects/myatskar/design-documents/conda_env/open_rlhf_intern/lib/python3.11/site-packages/torch/_ops.py", line 1255, in __call__
[36m(LLMRayActor pid=3408207)[0m [0;36m(EngineCore_DP0 pid=3420913)[0;0m     return self._op(*args, **kwargs)
[36m(LLMRayActor pid=3408207)[0m [0;36m(EngineCore_DP0 pid=3420913)[0;0m   File "/vast/projects/myatskar/design-documents/conda_env/open_rlhf_intern/lib/python3.11/site-packages/vllm/attention/utils/kv_transfer_utils.py", line 39, in wrapper
[36m(LLMRayActor pid=3408207)[0m [0;36m(EngineCore_DP0 pid=3420913)[0;0m   File "/vast/projects/myatskar/design-documents/conda_env/open_rlhf_intern/lib/python3.11/site-packages/vllm/attention/layer.py", line 885, in unified_attention_with_output
[36m(LLMRayActor pid=3408207)[0m [0;36m(EngineCore_DP0 pid=3420913)[0;0m     self.impl.forward(
[36m(LLMRayActor pid=3408207)[0m [0;36m(EngineCore_DP0 pid=3420913)[0;0m   File "/vast/projects/myatskar/design-documents/conda_env/open_rlhf_intern/lib/python3.11/site-packages/vllm/v1/attention/backends/flashinfer.py", line 1444, in forward
[36m(LLMRayActor pid=3408207)[0m [0;36m(EngineCore_DP0 pid=3420913)[0;0m     trtllm_batch_context_with_kv_cache(
[36m(LLMRayActor pid=3408207)[0m [0;36m(EngineCore_DP0 pid=3420913)[0;0m   File "/vast/projects/myatskar/design-documents/conda_env/open_rlhf_intern/lib/python3.11/site-packages/flashinfer/prefill.py", line 3652, in trtllm_batch_context_with_kv_cache
[36m(LLMRayActor pid=3408207)[0m [0;36m(EngineCore_DP0 pid=3420913)[0;0m     run_func(
[36m(LLMRayActor pid=3408207)[0m [0;36m(EngineCore_DP0 pid=3420913)[0;0m   File "/vast/projects/myatskar/design-documents/conda_env/open_rlhf_intern/lib/python3.11/site-packages/flashinfer/jit/cubin_loader.py", line 233, in get_cubin_callback
[36m(LLMRayActor pid=3408207)[0m [0;36m(EngineCore_DP0 pid=3420913)[0;0m     cubin = get_cubin(name.decode("utf-8"), sha256.decode("utf-8"))
[36m(LLMRayActor pid=3408207)[0m [0;36m(EngineCore_DP0 pid=3420913)[0;0m   File "/vast/projects/myatskar/design-documents/conda_env/open_rlhf_intern/lib/python3.11/site-packages/flashinfer/jit/cubin_loader.py", line 210, in get_cubin
[36m(LLMRayActor pid=3408207)[0m [0;36m(EngineCore_DP0 pid=3420913)[0;0m     download_file(uri, cubin_path, session=session)
[36m(LLMRayActor pid=3408207)[0m [0;36m(EngineCore_DP0 pid=3420913)[0;0m   File "/vast/projects/myatskar/design-documents/conda_env/open_rlhf_intern/lib/python3.11/site-packages/flashinfer/jit/cubin_loader.py", line 111, in download_file
[36m(LLMRayActor pid=3408207)[0m [0;36m(EngineCore_DP0 pid=3420913)[0;0m     logger.info(
[36m(LLMRayActor pid=3408207)[0m [0;36m(EngineCore_DP0 pid=3420913)[0;0m Message: 'File downloaded successfully: https://edge.urm.nvidia.com/artifactory/sw-kernelinferencelibrary-public-generic-local/75d477a640f268ea9ad117cc596eb39245713b9e/fmha/trtllm-gen/fmhaSm100fKernel_QkvBfloat16OBfloat16H64PagedKvCausalP16VarSeqQ128Kv128PersistentContext.cubin -> /vast/home/j/jojolee/.cache/flashinfer/cubins/75d477a640f268ea9ad117cc596eb39245713b9e/fmha/trtllm-gen/fmhaSm100fKernel_QkvBfloat16OBfloat16H64PagedKvCausalP16VarSeqQ128Kv128PersistentContext.cubin'
[36m(LLMRayActor pid=3408206)[0m [0;36m(EngineCore_DP0 pid=3420918)[0;0m 2026-02-25 07:25:06,581 - INFO - cubin_loader.py:209 - flashinfer.jit: Fetching cubin 75d477a640f268ea9ad117cc596eb39245713b9e/fmha/trtllm-gen//fmhaSm100fKernel_QkvBfloat16OBfloat16H64PagedKvCausalP16MultiCtasKvVarSeqQ8Kv128StaticSwapsAbForGen.cubin from https://edge.urm.nvidia.com/artifactory/sw-kernelinferencelibrary-public-generic-local/75d477a640f268ea9ad117cc596eb39245713b9e/fmha/trtllm-gen/fmhaSm100fKernel_QkvBfloat16OBfloat16H64PagedKvCausalP16MultiCtasKvVarSeqQ8Kv128StaticSwapsAbForGen.cubin
[36m(LLMRayActor pid=3408206)[0m [0;36m(EngineCore_DP0 pid=3420918)[0;0m     trtllm_batch_decode_with_kv_cache(
[36m(LLMRayActor pid=3408206)[0m [0;36m(EngineCore_DP0 pid=3420918)[0;0m   File "/vast/projects/myatskar/design-documents/conda_env/open_rlhf_intern/lib/python3.11/site-packages/flashinfer/decode.py", line 2366, in trtllm_batch_decode_with_kv_cache
[36m(LLMRayActor pid=3408206)[0m [0;36m(EngineCore_DP0 pid=3420918)[0;0m     logger.info(f"Fetching cubin {file_name} from {uri}")
[36m(LLMRayActor pid=3408206)[0m [0;36m(EngineCore_DP0 pid=3420918)[0;0m Message: 'Fetching cubin 75d477a640f268ea9ad117cc596eb39245713b9e/fmha/trtllm-gen//fmhaSm100fKernel_QkvBfloat16OBfloat16H64PagedKvCausalP16MultiCtasKvVarSeqQ8Kv128StaticSwapsAbForGen.cubin from https://edge.urm.nvidia.com/artifactory/sw-kernelinferencelibrary-public-generic-local/75d477a640f268ea9ad117cc596eb39245713b9e/fmha/trtllm-gen/fmhaSm100fKernel_QkvBfloat16OBfloat16H64PagedKvCausalP16MultiCtasKvVarSeqQ8Kv128StaticSwapsAbForGen.cubin'
[36m(LLMRayActor pid=3408206)[0m [0;36m(EngineCore_DP0 pid=3420918)[0;0m 2026-02-25 07:25:06,607 - INFO - cubin_loader.py:81 - flashinfer.jit: Acquired lock for /vast/home/j/jojolee/.cache/flashinfer/cubins/75d477a640f268ea9ad117cc596eb39245713b9e/fmha/trtllm-gen/fmhaSm100fKernel_QkvBfloat16OBfloat16H64PagedKvCausalP16MultiCtasKvVarSeqQ8Kv128StaticSwapsAbForGen.cubin
[36m(LLMRayActor pid=3408206)[0m [0;36m(EngineCore_DP0 pid=3420918)[0;0m     trtllm_batch_decode_with_kv_cache(
[36m(LLMRayActor pid=3408206)[0m [0;36m(EngineCore_DP0 pid=3420918)[0;0m   File "/vast/projects/myatskar/design-documents/conda_env/open_rlhf_intern/lib/python3.11/site-packages/flashinfer/decode.py", line 2366, in trtllm_batch_decode_with_kv_cache
[36m(LLMRayActor pid=3408206)[0m [0;36m(EngineCore_DP0 pid=3420918)[0;0m     logger.info(f"Acquired lock for {destination}")
[36m(LLMRayActor pid=3408206)[0m [0;36m(EngineCore_DP0 pid=3420918)[0;0m Message: 'Acquired lock for /vast/home/j/jojolee/.cache/flashinfer/cubins/75d477a640f268ea9ad117cc596eb39245713b9e/fmha/trtllm-gen/fmhaSm100fKernel_QkvBfloat16OBfloat16H64PagedKvCausalP16MultiCtasKvVarSeqQ8Kv128StaticSwapsAbForGen.cubin'
[36m(LLMRayActor pid=3408207)[0m [0;36m(EngineCore_DP0 pid=3420913)[0;0m Capturing CUDA graphs (mixed prefill-decode, PIECEWISE):   0%|          | 0/83 [00:00<?, ?it/s]
[36m(LLMRayActor pid=3408207)[0m Capturing CUDA graphs (mixed prefill-decode, PIECEWISE):   4%|▎         | 3/83 [00:00<00:03, 21.34it/s]
[36m(LLMRayActor pid=3408207)[0m Capturing CUDA graphs (mixed prefill-decode, PIECEWISE):  94%|█████████▍| 78/83 [00:03<00:00, 23.25it/s]
[36m(LLMRayActor pid=3408206)[0m [0;36m(EngineCore_DP0 pid=3420918)[0;0m     run_func([32m [repeated 9x across cluster][0m
[36m(LLMRayActor pid=3408206)[0m [0;36m(EngineCore_DP0 pid=3420918)[0;0m   File "/vast/projects/myatskar/design-documents/conda_env/open_rlhf_intern/lib/python3.11/site-packages/flashinfer/jit/cubin_loader.py", line 233, in get_cubin_callback[32m [repeated 9x across cluster][0m
[36m(LLMRayActor pid=3408206)[0m [0;36m(EngineCore_DP0 pid=3420918)[0;0m     cubin = get_cubin(name.decode("utf-8"), sha256.decode("utf-8"))[32m [repeated 9x across cluster][0m
[36m(LLMRayActor pid=3408206)[0m [0;36m(EngineCore_DP0 pid=3420918)[0;0m --- Logging error ---[32m [repeated 10x across cluster][0m
[36m(LLMRayActor pid=3408206)[0m [0;36m(EngineCore_DP0 pid=3420918)[0;0m Traceback (most recent call last):[32m [repeated 10x across cluster][0m
[36m(LLMRayActor pid=3408206)[0m [0;36m(EngineCore_DP0 pid=3420918)[0;0m   File "/vast/projects/myatskar/design-documents/conda_env/open_rlhf_intern/lib/python3.11/logging/__init__.py", line 1114, in emit[32m [repeated 10x across cluster][0m
[36m(LLMRayActor pid=3408206)[0m [0;36m(EngineCore_DP0 pid=3420918)[0;0m     self.flush()[32m [repeated 10x across cluster][0m
[36m(LLMRayActor pid=3408206)[0m [0;36m(EngineCore_DP0 pid=3420918)[0;0m   File "/vast/projects/myatskar/design-documents/conda_env/open_rlhf_intern/lib/python3.11/logging/__init__.py", line 1094, in flush[32m [repeated 10x across cluster][0m
[36m(LLMRayActor pid=3408206)[0m [0;36m(EngineCore_DP0 pid=3420918)[0;0m     self.stream.flush()[32m [repeated 10x across cluster][0m
[36m(LLMRayActor pid=3408206)[0m [0;36m(EngineCore_DP0 pid=3420918)[0;0m OSError: [Errno 116] Stale file handle[32m [repeated 10x across cluster][0m
[36m(LLMRayActor pid=3408206)[0m [0;36m(EngineCore_DP0 pid=3420918)[0;0m Call stack:[32m [repeated 10x across cluster][0m
[36m(LLMRayActor pid=3408206)[0m [0;36m(EngineCore_DP0 pid=3420918)[0;0m   File "<string>", line 1, in <module>[32m [repeated 10x across cluster][0m
[36m(LLMRayActor pid=3408206)[0m [0;36m(EngineCore_DP0 pid=3420918)[0;0m   File "/vast/projects/myatskar/design-documents/conda_env/open_rlhf_intern/lib/python3.11/multiprocessing/spawn.py", line 122, in spawn_main[32m [repeated 10x across cluster][0m
[36m(LLMRayActor pid=3408206)[0m [0;36m(EngineCore_DP0 pid=3420918)[0;0m     exitcode = _main(fd, parent_sentinel)[32m [repeated 10x across cluster][0m
[36m(LLMRayActor pid=3408206)[0m [0;36m(EngineCore_DP0 pid=3420918)[0;0m   File "/vast/projects/myatskar/design-documents/conda_env/open_rlhf_intern/lib/python3.11/multiprocessing/spawn.py", line 135, in _main[32m [repeated 10x across cluster][0m
[36m(LLMRayActor pid=3408206)[0m [0;36m(EngineCore_DP0 pid=3420918)[0;0m     return self._bootstrap(parent_sentinel)[32m [repeated 10x across cluster][0m
[36m(LLMRayActor pid=3408206)[0m [0;36m(EngineCore_DP0 pid=3420918)[0;0m   File "/vast/projects/myatskar/design-documents/conda_env/open_rlhf_intern/lib/python3.11/multiprocessing/process.py", line 314, in _bootstrap[32m [repeated 10x across cluster][0m
[36m(LLMRayActor pid=3408206)[0m [0;36m(EngineCore_DP0 pid=3420918)[0;0m     self.run()[32m [repeated 10x across cluster][0m
[36m(LLMRayActor pid=3408206)[0m [0;36m(EngineCore_DP0 pid=3420918)[0;0m   File "/vast/projects/myatskar/design-documents/conda_env/open_rlhf_intern/lib/python3.11/multiprocessing/process.py", line 108, in run[32m [repeated 10x across cluster][0m
[36m(LLMRayActor pid=3408206)[0m [0;36m(EngineCore_DP0 pid=3420918)[0;0m     self._target(*self._args, **self._kwargs)[32m [repeated 10x across cluster][0m
[36m(LLMRayActor pid=3408206)[0m [0;36m(EngineCore_DP0 pid=3420918)[0;0m   File "/vast/projects/myatskar/design-documents/conda_env/open_rlhf_intern/lib/python3.11/site-packages/vllm/v1/engine/core.py", line 937, in run_engine_core[32m [repeated 10x across cluster][0m
[36m(LLMRayActor pid=3408206)[0m [0;36m(EngineCore_DP0 pid=3420918)[0;0m     engine_core = EngineCoreProc(*args, engine_index=dp_rank, **kwargs)[32m [repeated 10x across cluster][0m
[36m(LLMRayActor pid=3408206)[0m [0;36m(EngineCore_DP0 pid=3420918)[0;0m   File "/vast/projects/myatskar/design-documents/conda_env/open_rlhf_intern/lib/python3.11/site-packages/vllm/v1/engine/core.py", line 112, in __init__[32m [repeated 20x across cluster][0m
[36m(LLMRayActor pid=3408206)[0m [0;36m(EngineCore_DP0 pid=3420918)[0;0m     super().__init__([32m [repeated 10x across cluster][0m
[36m(LLMRayActor pid=3408206)[0m [0;36m(EngineCore_DP0 pid=3420918)[0;0m     num_gpu_blocks, num_cpu_blocks, kv_cache_config = self._initialize_kv_caches([32m [repeated 10x across cluster][0m
[36m(LLMRayActor pid=3408206)[0m [0;36m(EngineCore_DP0 pid=3420918)[0;0m   File "/vast/projects/myatskar/design-documents/conda_env/open_rlhf_intern/lib/python3.11/site-packages/vllm/v1/engine/core.py", line 269, in _initialize_kv_caches[32m [repeated 10x across cluster][0m
[36m(LLMRayActor pid=3408206)[0m [0;36m(EngineCore_DP0 pid=3420918)[0;0m     self.model_executor.initialize_from_config(kv_cache_configs)[32m [repeated 10x across cluster][0m
[36m(LLMRayActor pid=3408206)[0m [0;36m(EngineCore_DP0 pid=3420918)[0;0m   File "/vast/projects/myatskar/design-documents/conda_env/open_rlhf_intern/lib/python3.11/site-packages/vllm/v1/executor/abstract.py", line 116, in initialize_from_config[32m [repeated 10x across cluster][0m
[36m(LLMRayActor pid=3408206)[0m [0;36m(EngineCore_DP0 pid=3420918)[0;0m     self.collective_rpc("compile_or_warm_up_model")[32m [repeated 10x across cluster][0m
[36m(LLMRayActor pid=3408206)[0m [0;36m(EngineCore_DP0 pid=3420918)[0;0m   File "/vast/projects/myatskar/design-documents/conda_env/open_rlhf_intern/lib/python3.11/site-packages/vllm/v1/executor/uniproc_executor.py", line 75, in collective_rpc[32m [repeated 10x across cluster][0m
[36m(LLMRayActor pid=3408206)[0m [0;36m(EngineCore_DP0 pid=3420918)[0;0m     result = run_method(self.driver_worker, method, args, kwargs)[32m [repeated 10x across cluster][0m
[36m(LLMRayActor pid=3408206)[0m [0;36m(EngineCore_DP0 pid=3420918)[0;0m   File "/vast/projects/myatskar/design-documents/conda_env/open_rlhf_intern/lib/python3.11/site-packages/vllm/v1/serial_utils.py", line 461, in run_method[32m [repeated 10x across cluster][0m
[36m(LLMRayActor pid=3408206)[0m [0;36m(EngineCore_DP0 pid=3420918)[0;0m     return func(*args, **kwargs)[32m [repeated 30x across cluster][0m
[36m(LLMRayActor pid=3408206)[0m [0;36m(EngineCore_DP0 pid=3420918)[0;0m   File "/vast/projects/myatskar/design-documents/conda_env/open_rlhf_intern/lib/python3.11/site-packages/vllm/v1/worker/gpu_worker.py", line 448, in compile_or_warm_up_model[32m [repeated 10x across cluster][0m
[36m(LLMRayActor pid=3408206)[0m [0;36m(EngineCore_DP0 pid=3420918)[0;0m     kernel_warmup(self)[32m [repeated 10x across cluster][0m
[36m(LLMRayActor pid=3408206)[0m [0;36m(EngineCore_DP0 pid=3420918)[0;0m   File "/vast/projects/myatskar/design-documents/conda_env/open_rlhf_intern/lib/python3.11/site-packages/vllm/model_executor/warmup/kernel_warmup.py", line 67, in kernel_warmup[32m [repeated 10x across cluster][0m
[36m(LLMRayActor pid=3408206)[0m [0;36m(EngineCore_DP0 pid=3420918)[0;0m Arguments: ()[32m [repeated 10x across cluster][0m
[36m(LLMRayActor pid=3408207)[0m [0;36m(EngineCore_DP0 pid=3420913)[0;0m Capturing CUDA graphs (decode, FULL):   0%|          | 0/19 [00:00<?, ?it/s]2026-02-25 07:25:11,732 - INFO - cubin_loader.py:209 - flashinfer.jit: Fetching cubin 75d477a640f268ea9ad117cc596eb39245713b9e/fmha/trtllm-gen//fmhaSm100fKernel_QkvBfloat16OBfloat16H64PagedKvSlidingOrChunkedCausalP16MultiCtasKvVarSeqQ8Kv128StaticSwapsAbForGen.cubin from https://edge.urm.nvidia.com/artifactory/sw-kernelinferencelibrary-public-generic-local/75d477a640f268ea9ad117cc596eb39245713b9e/fmha/trtllm-gen/fmhaSm100fKernel_QkvBfloat16OBfloat16H64PagedKvSlidingOrChunkedCausalP16MultiCtasKvVarSeqQ8Kv128StaticSwapsAbForGen.cubin
[36m(LLMRayActor pid=3408207)[0m [0;36m(EngineCore_DP0 pid=3420913)[0;0m     cuda_graph_memory_bytes = self.model_runner.capture_model()
[36m(LLMRayActor pid=3408207)[0m [0;36m(EngineCore_DP0 pid=3420913)[0;0m   File "/vast/projects/myatskar/design-documents/conda_env/open_rlhf_intern/lib/python3.11/site-packages/vllm/v1/worker/gpu_model_runner.py", line 5040, in capture_model
[36m(LLMRayActor pid=3408207)[0m [0;36m(EngineCore_DP0 pid=3420913)[0;0m     self._capture_cudagraphs(
[36m(LLMRayActor pid=3408207)[0m [0;36m(EngineCore_DP0 pid=3420913)[0;0m   File "/vast/projects/myatskar/design-documents/conda_env/open_rlhf_intern/lib/python3.11/site-packages/vllm/v1/worker/gpu_model_runner.py", line 5140, in _capture_cudagraphs
[36m(LLMRayActor pid=3408207)[0m [0;36m(EngineCore_DP0 pid=3420913)[0;0m     dummy_run(
[36m(LLMRayActor pid=3408207)[0m [0;36m(EngineCore_DP0 pid=3420913)[0;0m     output = self.runnable(*args, **kwargs)
[36m(LLMRayActor pid=3408207)[0m [0;36m(EngineCore_DP0 pid=3420913)[0;0m     cuda_graph_memory_bytes = self.model_runner.capture_model()
[36m(LLMRayActor pid=3408207)[0m [0;36m(EngineCore_DP0 pid=3420913)[0;0m   File "/vast/projects/myatskar/design-documents/conda_env/open_rlhf_intern/lib/python3.11/site-packages/vllm/v1/worker/gpu_model_runner.py", line 5040, in capture_model
[36m(LLMRayActor pid=3408207)[0m [0;36m(EngineCore_DP0 pid=3420913)[0;0m     self._capture_cudagraphs(
[36m(LLMRayActor pid=3408207)[0m [0;36m(EngineCore_DP0 pid=3420913)[0;0m   File "/vast/projects/myatskar/design-documents/conda_env/open_rlhf_intern/lib/python3.11/site-packages/vllm/v1/worker/gpu_model_runner.py", line 5140, in _capture_cudagraphs
[36m(LLMRayActor pid=3408207)[0m [0;36m(EngineCore_DP0 pid=3420913)[0;0m     dummy_run(
[36m(LLMRayActor pid=3408207)[0m [0;36m(EngineCore_DP0 pid=3420913)[0;0m     output = self.runnable(*args, **kwargs)
[36m(LLMRayActor pid=3408206)[0m [0;36m(EngineCore_DP0 pid=3420918)[0;0m 2026-02-25 07:25:07,109 - INFO - cubin_loader.py:111 - flashinfer.jit: File downloaded successfully: https://edge.urm.nvidia.com/artifactory/sw-kernelinferencelibrary-public-generic-local/75d477a640f268ea9ad117cc596eb39245713b9e/fmha/trtllm-gen/fmhaSm100fKernel_QkvBfloat16OBfloat16H64PagedKvCausalP16VarSeqQ8Kv128PersistentSwapsAbForGen.cubin -> /vast/home/j/jojolee/.cache/flashinfer/cubins/75d477a640f268ea9ad117cc596eb39245713b9e/fmha/trtllm-gen/fmhaSm100fKernel_QkvBfloat16OBfloat16H64PagedKvCausalP16VarSeqQ8Kv128PersistentSwapsAbForGen.cubin[32m [repeated 3x across cluster][0m
[36m(LLMRayActor pid=3408206)[0m [0;36m(EngineCore_DP0 pid=3420918)[0;0m     worker.model_runner._dummy_run([32m [repeated 9x across cluster][0m
[36m(LLMRayActor pid=3408207)[0m [0;36m(EngineCore_DP0 pid=3420913)[0;0m   File "/vast/projects/myatskar/design-documents/conda_env/open_rlhf_intern/lib/python3.11/site-packages/torch/utils/_contextlib.py", line 120, in decorate_context[32m [repeated 11x across cluster][0m
[36m(LLMRayActor pid=3408207)[0m [0;36m(EngineCore_DP0 pid=3420913)[0;0m   File "/vast/projects/myatskar/design-documents/conda_env/open_rlhf_intern/lib/python3.11/site-packages/vllm/v1/worker/gpu_model_runner.py", line 4697, in _dummy_run[32m [repeated 11x across cluster][0m
[36m(LLMRayActor pid=3408207)[0m [0;36m(EngineCore_DP0 pid=3420913)[0;0m     outputs = self.model([32m [repeated 11x across cluster][0m
[36m(LLMRayActor pid=3408207)[0m [0;36m(EngineCore_DP0 pid=3420913)[0;0m   File "/vast/projects/myatskar/design-documents/conda_env/open_rlhf_intern/lib/python3.11/site-packages/torch/_ops.py", line 1255, in __call__[32m [repeated 77x across cluster][0m
[36m(LLMRayActor pid=3408206)[0m [0;36m(EngineCore_DP0 pid=3420918)[0;0m     return self.runnable(*args, **kwargs)[32m [repeated 9x across cluster][0m
[36m(LLMRayActor pid=3408207)[0m [0;36m(EngineCore_DP0 pid=3420913)[0;0m   File "/vast/projects/myatskar/design-documents/conda_env/open_rlhf_intern/lib/python3.11/site-packages/torch/nn/modules/module.py", line 1775, in _wrapped_call_impl[32m [repeated 33x across cluster][0m
[36m(LLMRayActor pid=3408207)[0m [0;36m(EngineCore_DP0 pid=3420913)[0;0m     return self._call_impl(*args, **kwargs)[32m [repeated 33x across cluster][0m
[36m(LLMRayActor pid=3408207)[0m [0;36m(EngineCore_DP0 pid=3420913)[0;0m   File "/vast/projects/myatskar/design-documents/conda_env/open_rlhf_intern/lib/python3.11/site-packages/torch/nn/modules/module.py", line 1786, in _call_impl[32m [repeated 33x across cluster][0m
[36m(LLMRayActor pid=3408207)[0m [0;36m(EngineCore_DP0 pid=3420913)[0;0m     return forward_call(*args, **kwargs)[32m [repeated 33x across cluster][0m
[36m(LLMRayActor pid=3408207)[0m [0;36m(EngineCore_DP0 pid=3420913)[0;0m   File "/vast/projects/myatskar/design-documents/conda_env/open_rlhf_intern/lib/python3.11/site-packages/vllm/v1/attention/backends/flashinfer.py", line 1546, in forward[32m [repeated 55x across cluster][0m
[36m(LLMRayActor pid=3408207)[0m [0;36m(EngineCore_DP0 pid=3420913)[0;0m     return self.model(input_ids, positions, intermediate_tensors, inputs_embeds)[32m [repeated 11x across cluster][0m
[36m(LLMRayActor pid=3408207)[0m [0;36m(EngineCore_DP0 pid=3420913)[0;0m     return TorchCompileWithNoGuardsWrapper.__call__(self, *args, **kwargs)  # type: ignore[arg-type][32m [repeated 11x across cluster][0m
[36m(LLMRayActor pid=3408207)[0m [0;36m(EngineCore_DP0 pid=3420913)[0;0m     return self._call_with_optional_nvtx_range([32m [repeated 11x across cluster][0m
[36m(LLMRayActor pid=3408207)[0m [0;36m(EngineCore_DP0 pid=3420913)[0;0m   File "/vast/projects/myatskar/design-documents/conda_env/open_rlhf_intern/lib/python3.11/site-packages/vllm/compilation/wrapper.py", line 119, in _call_with_optional_nvtx_range[32m [repeated 11x across cluster][0m
[36m(LLMRayActor pid=3408207)[0m [0;36m(EngineCore_DP0 pid=3420913)[0;0m     return callable_fn(*args, **kwargs)[32m [repeated 11x across cluster][0m
[36m(LLMRayActor pid=3408207)[0m [0;36m(EngineCore_DP0 pid=3420913)[0;0m     def forward([32m [repeated 11x across cluster][0m
[36m(LLMRayActor pid=3408207)[0m [0;36m(EngineCore_DP0 pid=3420913)[0;0m   File "/vast/projects/myatskar/design-documents/conda_env/open_rlhf_intern/lib/python3.11/site-packages/torch/_dynamo/eval_frame.py", line 1044, in _fn[32m [repeated 11x across cluster][0m
[36m(LLMRayActor pid=3408207)[0m [0;36m(EngineCore_DP0 pid=3420913)[0;0m     return fn(*args, **kwargs)[32m [repeated 11x across cluster][0m
[36m(LLMRayActor pid=3408207)[0m [0;36m(EngineCore_DP0 pid=3420913)[0;0m     return self.optimized_call(*args, **kwargs)[32m [repeated 11x across cluster][0m
[36m(LLMRayActor pid=3408207)[0m [0;36m(EngineCore_DP0 pid=3420913)[0;0m   File "/vast/projects/myatskar/design-documents/conda_env/open_rlhf_intern/lib/python3.11/site-packages/torch/fx/graph_module.py", line 837, in call_wrapped[32m [repeated 22x across cluster][0m
[36m(LLMRayActor pid=3408207)[0m [0;36m(EngineCore_DP0 pid=3420913)[0;0m     return self._wrapped_call(self, *args, **kwargs)[32m [repeated 22x across cluster][0m
[36m(LLMRayActor pid=3408207)[0m [0;36m(EngineCore_DP0 pid=3420913)[0;0m     return super(self.cls, obj).__call__(*args, **kwargs)  # type: ignore[misc][32m [repeated 22x across cluster][0m
[36m(LLMRayActor pid=3408207)[0m [0;36m(EngineCore_DP0 pid=3420913)[0;0m     submod_1 = self.submod_1(getitem, s72, getitem_1, getitem_2, getitem_3);  getitem = getitem_1 = getitem_2 = submod_1 = None[32m [repeated 11x across cluster][0m
[36m(LLMRayActor pid=3408207)[0m [0;36m(EngineCore_DP0 pid=3420913)[0;0m     unified_attention_with_output = torch.ops.vllm.unified_attention_with_output(query_2, key_2, value, output_3, 'model.layers.0.attn.attn', kv_cache_dummy_dep = None);  query_2 = key_2 = value = output_3 = unified_attention_with_output = None[32m [repeated 11x across cluster][0m
[36m(LLMRayActor pid=3408207)[0m [0;36m(EngineCore_DP0 pid=3420913)[0;0m     return self._op(*args, **kwargs)[32m [repeated 11x across cluster][0m
[36m(LLMRayActor pid=3408207)[0m [0;36m(EngineCore_DP0 pid=3420913)[0;0m   File "/vast/projects/myatskar/design-documents/conda_env/open_rlhf_intern/lib/python3.11/site-packages/vllm/attention/utils/kv_transfer_utils.py", line 39, in wrapper[32m [repeated 11x across cluster][0m
[36m(LLMRayActor pid=3408207)[0m [0;36m(EngineCore_DP0 pid=3420913)[0;0m   File "/vast/projects/myatskar/design-documents/conda_env/open_rlhf_intern/lib/python3.11/site-packages/vllm/attention/layer.py", line 885, in unified_attention_with_output[32m [repeated 11x across cluster][0m
[36m(LLMRayActor pid=3408207)[0m [0;36m(EngineCore_DP0 pid=3420913)[0;0m     self.impl.forward([32m [repeated 11x across cluster][0m
[36m(LLMRayActor pid=3408207)[0m [0;36m(EngineCore_DP0 pid=3420913)[0;0m   File "/vast/projects/myatskar/design-documents/conda_env/open_rlhf_intern/lib/python3.11/site-packages/flashinfer/jit/cubin_loader.py", line 210, in get_cubin[32m [repeated 11x across cluster][0m
[36m(LLMRayActor pid=3408207)[0m [0;36m(EngineCore_DP0 pid=3420913)[0;0m     download_file(uri, cubin_path, session=session)[32m [repeated 7x across cluster][0m
[36m(LLMRayActor pid=3408207)[0m [0;36m(EngineCore_DP0 pid=3420913)[0;0m   File "/vast/projects/myatskar/design-documents/conda_env/open_rlhf_intern/lib/python3.11/site-packages/flashinfer/jit/cubin_loader.py", line 81, in download_file[32m [repeated 7x across cluster][0m
[36m(LLMRayActor pid=3408206)[0m [0;36m(EngineCore_DP0 pid=3420918)[0;0m     logger.info([32m [repeated 3x across cluster][0m
[36m(LLMRayActor pid=3408206)[0m [0;36m(EngineCore_DP0 pid=3420918)[0;0m Message: 'File downloaded successfully: https://edge.urm.nvidia.com/artifactory/sw-kernelinferencelibrary-public-generic-local/75d477a640f268ea9ad117cc596eb39245713b9e/fmha/trtllm-gen/fmhaSm100fKernel_QkvBfloat16OBfloat16H64PagedKvCausalP16VarSeqQ8Kv128PersistentSwapsAbForGen.cubin -> /vast/home/j/jojolee/.cache/flashinfer/cubins/75d477a640f268ea9ad117cc596eb39245713b9e/fmha/trtllm-gen/fmhaSm100fKernel_QkvBfloat16OBfloat16H64PagedKvCausalP16VarSeqQ8Kv128PersistentSwapsAbForGen.cubin'[32m [repeated 3x across cluster][0m
[36m(LLMRayActor pid=3408206)[0m [0;36m(EngineCore_DP0 pid=3420918)[0;0m 2026-02-25 07:25:06,931 - INFO - cubin_loader.py:209 - flashinfer.jit: Fetching cubin 75d477a640f268ea9ad117cc596eb39245713b9e/fmha/trtllm-gen//fmhaSm100fKernel_QkvBfloat16OBfloat16H64PagedKvCausalP16VarSeqQ8Kv128PersistentSwapsAbForGen.cubin from https://edge.urm.nvidia.com/artifactory/sw-kernelinferencelibrary-public-generic-local/75d477a640f268ea9ad117cc596eb39245713b9e/fmha/trtllm-gen/fmhaSm100fKernel_QkvBfloat16OBfloat16H64PagedKvCausalP16VarSeqQ8Kv128PersistentSwapsAbForGen.cubin[32m [repeated 2x across cluster][0m
[36m(LLMRayActor pid=3408207)[0m [0;36m(EngineCore_DP0 pid=3420913)[0;0m     trtllm_batch_decode_with_kv_cache([32m [repeated 9x across cluster][0m
[36m(LLMRayActor pid=3408207)[0m [0;36m(EngineCore_DP0 pid=3420913)[0;0m   File "/vast/projects/myatskar/design-documents/conda_env/open_rlhf_intern/lib/python3.11/site-packages/flashinfer/decode.py", line 2366, in trtllm_batch_decode_with_kv_cache[32m [repeated 9x across cluster][0m
[36m(LLMRayActor pid=3408207)[0m [0;36m(EngineCore_DP0 pid=3420913)[0;0m     logger.info(f"Fetching cubin {file_name} from {uri}")[32m [repeated 3x across cluster][0m
[36m(LLMRayActor pid=3408207)[0m [0;36m(EngineCore_DP0 pid=3420913)[0;0m Message: 'Fetching cubin 75d477a640f268ea9ad117cc596eb39245713b9e/fmha/trtllm-gen//fmhaSm100fKernel_QkvBfloat16OBfloat16H64PagedKvSlidingOrChunkedCausalP16MultiCtasKvVarSeqQ8Kv128StaticSwapsAbForGen.cubin from https://edge.urm.nvidia.com/artifactory/sw-kernelinferencelibrary-public-generic-local/75d477a640f268ea9ad117cc596eb39245713b9e/fmha/trtllm-gen/fmhaSm100fKernel_QkvBfloat16OBfloat16H64PagedKvSlidingOrChunkedCausalP16MultiCtasKvVarSeqQ8Kv128StaticSwapsAbForGen.cubin'[32m [repeated 3x across cluster][0m
[36m(LLMRayActor pid=3408207)[0m [0;36m(EngineCore_DP0 pid=3420913)[0;0m 2026-02-25 07:25:11,741 - INFO - cubin_loader.py:81 - flashinfer.jit: Acquired lock for /vast/home/j/jojolee/.cache/flashinfer/cubins/75d477a640f268ea9ad117cc596eb39245713b9e/fmha/trtllm-gen/fmhaSm100fKernel_QkvBfloat16OBfloat16H64PagedKvSlidingOrChunkedCausalP16MultiCtasKvVarSeqQ8Kv128StaticSwapsAbForGen.cubin[32m [repeated 3x across cluster][0m
[36m(LLMRayActor pid=3408207)[0m [0;36m(EngineCore_DP0 pid=3420913)[0;0m     logger.info(f"Acquired lock for {destination}")[32m [repeated 3x across cluster][0m
[36m(LLMRayActor pid=3408207)[0m [0;36m(EngineCore_DP0 pid=3420913)[0;0m Message: 'Acquired lock for /vast/home/j/jojolee/.cache/flashinfer/cubins/75d477a640f268ea9ad117cc596eb39245713b9e/fmha/trtllm-gen/fmhaSm100fKernel_QkvBfloat16OBfloat16H64PagedKvSlidingOrChunkedCausalP16MultiCtasKvVarSeqQ8Kv128StaticSwapsAbForGen.cubin'[32m [repeated 3x across cluster][0m
[36m(LLMRayActor pid=3408206)[0m Capturing CUDA graphs (mixed prefill-decode, PIECEWISE): 100%|██████████| 83/83 [00:03<00:00, 13.77it/s]Capturing CUDA graphs (mixed prefill-decode, PIECEWISE): 100%|██████████| 83/83 [00:03<00:00, 20.79it/s]
[36m(LLMRayActor pid=3408207)[0m [0;36m(EngineCore_DP0 pid=3420913)[0;0m Capturing CUDA graphs (decode, FULL):   5%|▌         | 1/19 [00:00<00:08,  2.00it/s]
[36m(LLMRayActor pid=3408207)[0m Capturing CUDA graphs (decode, FULL):  21%|██        | 4/19 [00:00<00:01,  8.03it/s]
[36m(LLMRayActor pid=3408207)[0m Capturing CUDA graphs (decode, FULL):  37%|███▋      | 7/19 [00:00<00:00, 12.94it/s]
[36m(LLMRayActor pid=3408207)[0m Capturing CUDA graphs (decode, FULL):  53%|█████▎    | 10/19 [00:00<00:00, 16.84it/s]
[36m(LLMRayActor pid=3408207)[0m [0;36m(EngineCore_DP0 pid=3420913)[0;0m     submod_3 = self.submod_3(getitem_5, s72, getitem_6, getitem_7, getitem_8);  getitem_5 = getitem_6 = getitem_7 = submod_3 = None
[36m(LLMRayActor pid=3408207)[0m [0;36m(EngineCore_DP0 pid=3420913)[0;0m     unified_attention_with_output = torch.ops.vllm.unified_attention_with_output(query_5, key_5, value_1, output_7, 'model.layers.1.attn.attn', kv_cache_dummy_dep = None);  query_5 = key_5 = value_1 = output_7 = unified_attention_with_output = None
[36m(LLMRayActor pid=3408207)[0m [0;36m(EngineCore_DP0 pid=3420913)[0;0m     submod_3 = self.submod_3(getitem_5, s72, getitem_6, getitem_7, getitem_8);  getitem_5 = getitem_6 = getitem_7 = submod_3 = None
[36m(LLMRayActor pid=3408207)[0m [0;36m(EngineCore_DP0 pid=3420913)[0;0m     unified_attention_with_output = torch.ops.vllm.unified_attention_with_output(query_5, key_5, value_1, output_7, 'model.layers.1.attn.attn', kv_cache_dummy_dep = None);  query_5 = key_5 = value_1 = output_7 = unified_attention_with_output = None
[36m(LLMRayActor pid=3408206)[0m [0;36m(EngineCore_DP0 pid=3420918)[0;0m Capturing CUDA graphs (mixed prefill-decode, PIECEWISE):   0%|          | 0/83 [00:00<?, ?it/s]
[36m(LLMRayActor pid=3408207)[0m [0;36m(EngineCore_DP0 pid=3420913)[0;0m     submod_3 = self.submod_3(getitem_5, s72, getitem_6, getitem_7, getitem_8);  getitem_5 = getitem_6 = getitem_7 = submod_3 = None
[36m(LLMRayActor pid=3408207)[0m [0;36m(EngineCore_DP0 pid=3420913)[0;0m     unified_attention_with_output = torch.ops.vllm.unified_attention_with_output(query_5, key_5, value_1, output_7, 'model.layers.1.attn.attn', kv_cache_dummy_dep = None);  query_5 = key_5 = value_1 = output_7 = unified_attention_with_output = None
[36m(LLMRayActor pid=3408206)[0m Capturing CUDA graphs (mixed prefill-decode, PIECEWISE):  89%|████████▉ | 74/83 [00:03<00:00, 23.12it/s][32m [repeated 49x across cluster][0m
[36m(LLMRayActor pid=3408207)[0m Capturing CUDA graphs (decode, FULL): 100%|██████████| 19/19 [00:01<00:00, 17.32it/s]Capturing CUDA graphs (decode, FULL): 100%|██████████| 19/19 [00:01<00:00, 14.06it/s]
[36m(pid=3438323)[0m /vast/projects/myatskar/design-documents/conda_env/open_rlhf_intern/lib/python3.11/site-packages/torch/cuda/__init__.py:63: FutureWarning: The pynvml package is deprecated. Please install nvidia-ml-py instead. If you did not install pynvml directly, please report this to the maintainers of the package that installed pynvml for you.
[36m(pid=3438323)[0m   import pynvml  # type: ignore[import]
[36m(LLMRayActor pid=3408207)[0m Capturing CUDA graphs (mixed prefill-decode, PIECEWISE): 100%|██████████| 83/83 [00:03<00:00, 20.97it/s][32m [repeated 4x across cluster][0m
[36m(LLMRayActor pid=3408207)[0m [0;36m(EngineCore_DP0 pid=3420913)[0;0m     run_func([32m [repeated 12x across cluster][0m
[36m(LLMRayActor pid=3408207)[0m [0;36m(EngineCore_DP0 pid=3420913)[0;0m   File "/vast/projects/myatskar/design-documents/conda_env/open_rlhf_intern/lib/python3.11/site-packages/flashinfer/jit/cubin_loader.py", line 233, in get_cubin_callback[32m [repeated 12x across cluster][0m
[36m(LLMRayActor pid=3408207)[0m [0;36m(EngineCore_DP0 pid=3420913)[0;0m     cubin = get_cubin(name.decode("utf-8"), sha256.decode("utf-8"))[32m [repeated 12x across cluster][0m
[36m(LLMRayActor pid=3408207)[0m [0;36m(EngineCore_DP0 pid=3420913)[0;0m --- Logging error ---[32m [repeated 12x across cluster][0m
[36m(LLMRayActor pid=3408207)[0m [0;36m(EngineCore_DP0 pid=3420913)[0;0m Traceback (most recent call last):[32m [repeated 12x across cluster][0m
[36m(LLMRayActor pid=3408207)[0m [0;36m(EngineCore_DP0 pid=3420913)[0;0m   File "/vast/projects/myatskar/design-documents/conda_env/open_rlhf_intern/lib/python3.11/logging/__init__.py", line 1114, in emit[32m [repeated 12x across cluster][0m
[36m(LLMRayActor pid=3408207)[0m [0;36m(EngineCore_DP0 pid=3420913)[0;0m     self.flush()[32m [repeated 12x across cluster][0m
[36m(LLMRayActor pid=3408207)[0m [0;36m(EngineCore_DP0 pid=3420913)[0;0m   File "/vast/projects/myatskar/design-documents/conda_env/open_rlhf_intern/lib/python3.11/logging/__init__.py", line 1094, in flush[32m [repeated 12x across cluster][0m
[36m(LLMRayActor pid=3408207)[0m [0;36m(EngineCore_DP0 pid=3420913)[0;0m     self.stream.flush()[32m [repeated 12x across cluster][0m
[36m(LLMRayActor pid=3408207)[0m [0;36m(EngineCore_DP0 pid=3420913)[0;0m OSError: [Errno 116] Stale file handle[32m [repeated 12x across cluster][0m
[36m(LLMRayActor pid=3408207)[0m [0;36m(EngineCore_DP0 pid=3420913)[0;0m Call stack:[32m [repeated 12x across cluster][0m
[36m(LLMRayActor pid=3408207)[0m [0;36m(EngineCore_DP0 pid=3420913)[0;0m   File "<string>", line 1, in <module>[32m [repeated 12x across cluster][0m
[36m(LLMRayActor pid=3408207)[0m [0;36m(EngineCore_DP0 pid=3420913)[0;0m   File "/vast/projects/myatskar/design-documents/conda_env/open_rlhf_intern/lib/python3.11/multiprocessing/spawn.py", line 122, in spawn_main[32m [repeated 12x across cluster][0m
[36m(LLMRayActor pid=3408207)[0m [0;36m(EngineCore_DP0 pid=3420913)[0;0m     exitcode = _main(fd, parent_sentinel)[32m [repeated 12x across cluster][0m
[36m(LLMRayActor pid=3408207)[0m [0;36m(EngineCore_DP0 pid=3420913)[0;0m   File "/vast/projects/myatskar/design-documents/conda_env/open_rlhf_intern/lib/python3.11/multiprocessing/spawn.py", line 135, in _main[32m [repeated 12x across cluster][0m
[36m(LLMRayActor pid=3408207)[0m [0;36m(EngineCore_DP0 pid=3420913)[0;0m     return self._bootstrap(parent_sentinel)[32m [repeated 12x across cluster][0m
[36m(LLMRayActor pid=3408207)[0m [0;36m(EngineCore_DP0 pid=3420913)[0;0m   File "/vast/projects/myatskar/design-documents/conda_env/open_rlhf_intern/lib/python3.11/multiprocessing/process.py", line 314, in _bootstrap[32m [repeated 12x across cluster][0m
[36m(LLMRayActor pid=3408207)[0m [0;36m(EngineCore_DP0 pid=3420913)[0;0m     self.run()[32m [repeated 12x across cluster][0m
[36m(LLMRayActor pid=3408207)[0m [0;36m(EngineCore_DP0 pid=3420913)[0;0m   File "/vast/projects/myatskar/design-documents/conda_env/open_rlhf_intern/lib/python3.11/multiprocessing/process.py", line 108, in run[32m [repeated 12x across cluster][0m
[36m(LLMRayActor pid=3408207)[0m [0;36m(EngineCore_DP0 pid=3420913)[0;0m     self._target(*self._args, **self._kwargs)[32m [repeated 12x across cluster][0m
[36m(LLMRayActor pid=3408207)[0m [0;36m(EngineCore_DP0 pid=3420913)[0;0m   File "/vast/projects/myatskar/design-documents/conda_env/open_rlhf_intern/lib/python3.11/site-packages/vllm/v1/engine/core.py", line 937, in run_engine_core[32m [repeated 12x across cluster][0m
[36m(LLMRayActor pid=3408207)[0m [0;36m(EngineCore_DP0 pid=3420913)[0;0m     engine_core = EngineCoreProc(*args, engine_index=dp_rank, **kwargs)[32m [repeated 12x across cluster][0m
[36m(LLMRayActor pid=3408207)[0m [0;36m(EngineCore_DP0 pid=3420913)[0;0m   File "/vast/projects/myatskar/design-documents/conda_env/open_rlhf_intern/lib/python3.11/site-packages/vllm/v1/engine/core.py", line 112, in __init__[32m [repeated 24x across cluster][0m
[36m(LLMRayActor pid=3408207)[0m [0;36m(EngineCore_DP0 pid=3420913)[0;0m     super().__init__([32m [repeated 12x across cluster][0m
[36m(LLMRayActor pid=3408207)[0m [0;36m(EngineCore_DP0 pid=3420913)[0;0m     num_gpu_blocks, num_cpu_blocks, kv_cache_config = self._initialize_kv_caches([32m [repeated 12x across cluster][0m
[36m(LLMRayActor pid=3408207)[0m [0;36m(EngineCore_DP0 pid=3420913)[0;0m   File "/vast/projects/myatskar/design-documents/conda_env/open_rlhf_intern/lib/python3.11/site-packages/vllm/v1/engine/core.py", line 269, in _initialize_kv_caches[32m [repeated 12x across cluster][0m
[36m(LLMRayActor pid=3408207)[0m [0;36m(EngineCore_DP0 pid=3420913)[0;0m     self.model_executor.initialize_from_config(kv_cache_configs)[32m [repeated 12x across cluster][0m
[36m(LLMRayActor pid=3408207)[0m [0;36m(EngineCore_DP0 pid=3420913)[0;0m   File "/vast/projects/myatskar/design-documents/conda_env/open_rlhf_intern/lib/python3.11/site-packages/vllm/v1/executor/abstract.py", line 116, in initialize_from_config[32m [repeated 12x across cluster][0m
[36m(LLMRayActor pid=3408207)[0m [0;36m(EngineCore_DP0 pid=3420913)[0;0m     self.collective_rpc("compile_or_warm_up_model")[32m [repeated 12x across cluster][0m
[36m(LLMRayActor pid=3408207)[0m [0;36m(EngineCore_DP0 pid=3420913)[0;0m   File "/vast/projects/myatskar/design-documents/conda_env/open_rlhf_intern/lib/python3.11/site-packages/vllm/v1/executor/uniproc_executor.py", line 75, in collective_rpc[32m [repeated 12x across cluster][0m
[36m(LLMRayActor pid=3408207)[0m [0;36m(EngineCore_DP0 pid=3420913)[0;0m     result = run_method(self.driver_worker, method, args, kwargs)[32m [repeated 12x across cluster][0m
[36m(LLMRayActor pid=3408207)[0m [0;36m(EngineCore_DP0 pid=3420913)[0;0m   File "/vast/projects/myatskar/design-documents/conda_env/open_rlhf_intern/lib/python3.11/site-packages/vllm/v1/serial_utils.py", line 461, in run_method[32m [repeated 12x across cluster][0m
[36m(LLMRayActor pid=3408207)[0m [0;36m(EngineCore_DP0 pid=3420913)[0;0m     return func(*args, **kwargs)[32m [repeated 36x across cluster][0m
[36m(LLMRayActor pid=3408207)[0m [0;36m(EngineCore_DP0 pid=3420913)[0;0m   File "/vast/projects/myatskar/design-documents/conda_env/open_rlhf_intern/lib/python3.11/site-packages/vllm/v1/worker/gpu_worker.py", line 452, in compile_or_warm_up_model[32m [repeated 12x across cluster][0m
[36m(LLMRayActor pid=3408207)[0m [0;36m(EngineCore_DP0 pid=3420913)[0;0m Arguments: ()[32m [repeated 12x across cluster][0m
[36m(LLMRayActor pid=3408207)[0m Capturing CUDA graphs (decode, FULL):  68%|██████▊   | 13/19 [00:00<00:00, 19.77it/s]2026-02-25 07:25:12,740 - INFO - cubin_loader.py:209 - flashinfer.jit: Fetching cubin 75d477a640f268ea9ad117cc596eb39245713b9e/fmha/trtllm-gen//fmhaSm100fKernel_QkvBfloat16OBfloat16H64PagedKvCausalP16MultiCtasKvCgaVarSeqQ8Kv128StaticSwapsAbForGen.cubin from https://edge.urm.nvidia.com/artifactory/sw-kernelinferencelibrary-public-generic-local/75d477a640f268ea9ad117cc596eb39245713b9e/fmha/trtllm-gen/fmhaSm100fKernel_QkvBfloat16OBfloat16H64PagedKvCausalP16MultiCtasKvCgaVarSeqQ8Kv128StaticSwapsAbForGen.cubin[32m [repeated 2x across cluster][0m
[36m(LLMRayActor pid=3408207)[0m [0;36m(EngineCore_DP0 pid=3420913)[0;0m     cuda_graph_memory_bytes = self.model_runner.capture_model()[32m [repeated 10x across cluster][0m
[36m(LLMRayActor pid=3408207)[0m [0;36m(EngineCore_DP0 pid=3420913)[0;0m   File "/vast/projects/myatskar/design-documents/conda_env/open_rlhf_intern/lib/python3.11/site-packages/vllm/v1/worker/gpu_model_runner.py", line 5040, in capture_model[32m [repeated 10x across cluster][0m
[36m(LLMRayActor pid=3408207)[0m [0;36m(EngineCore_DP0 pid=3420913)[0;0m     self._capture_cudagraphs([32m [repeated 10x across cluster][0m
[36m(LLMRayActor pid=3408207)[0m [0;36m(EngineCore_DP0 pid=3420913)[0;0m   File "/vast/projects/myatskar/design-documents/conda_env/open_rlhf_intern/lib/python3.11/site-packages/vllm/v1/worker/gpu_model_runner.py", line 5140, in _capture_cudagraphs[32m [repeated 10x across cluster][0m
[36m(LLMRayActor pid=3408207)[0m [0;36m(EngineCore_DP0 pid=3420913)[0;0m     dummy_run([32m [repeated 10x across cluster][0m
[36m(LLMRayActor pid=3408207)[0m [0;36m(EngineCore_DP0 pid=3420913)[0;0m     output = self.runnable(*args, **kwargs)[32m [repeated 10x across cluster][0m
[36m(LLMRayActor pid=3408207)[0m [0;36m(EngineCore_DP0 pid=3420913)[0;0m 2026-02-25 07:25:12,932 - INFO - cubin_loader.py:111 - flashinfer.jit: File downloaded successfully: https://edge.urm.nvidia.com/artifactory/sw-kernelinferencelibrary-public-generic-local/75d477a640f268ea9ad117cc596eb39245713b9e/fmha/trtllm-gen/fmhaSm100fKernel_QkvBfloat16OBfloat16H64PagedKvCausalP16MultiCtasKvCgaVarSeqQ8Kv128StaticSwapsAbForGen.cubin -> /vast/home/j/jojolee/.cache/flashinfer/cubins/75d477a640f268ea9ad117cc596eb39245713b9e/fmha/trtllm-gen/fmhaSm100fKernel_QkvBfloat16OBfloat16H64PagedKvCausalP16MultiCtasKvCgaVarSeqQ8Kv128StaticSwapsAbForGen.cubin[32m [repeated 4x across cluster][0m
[36m(LLMRayActor pid=3408207)[0m [0;36m(EngineCore_DP0 pid=3420913)[0;0m   File "/vast/projects/myatskar/design-documents/conda_env/open_rlhf_intern/lib/python3.11/site-packages/torch/utils/_contextlib.py", line 120, in decorate_context[32m [repeated 10x across cluster][0m
[36m(LLMRayActor pid=3408207)[0m [0;36m(EngineCore_DP0 pid=3420913)[0;0m   File "/vast/projects/myatskar/design-documents/conda_env/open_rlhf_intern/lib/python3.11/site-packages/vllm/v1/worker/gpu_model_runner.py", line 4697, in _dummy_run[32m [repeated 10x across cluster][0m
[36m(LLMRayActor pid=3408207)[0m [0;36m(EngineCore_DP0 pid=3420913)[0;0m     outputs = self.model([32m [repeated 10x across cluster][0m
[36m(LLMRayActor pid=3408207)[0m [0;36m(EngineCore_DP0 pid=3420913)[0;0m   File "/vast/projects/myatskar/design-documents/conda_env/open_rlhf_intern/lib/python3.11/site-packages/torch/_ops.py", line 1255, in __call__[32m [repeated 70x across cluster][0m
[36m(LLMRayActor pid=3408207)[0m [0;36m(EngineCore_DP0 pid=3420913)[0;0m   File "/vast/projects/myatskar/design-documents/conda_env/open_rlhf_intern/lib/python3.11/site-packages/torch/nn/modules/module.py", line 1775, in _wrapped_call_impl[32m [repeated 30x across cluster][0m
[36m(LLMRayActor pid=3408207)[0m [0;36m(EngineCore_DP0 pid=3420913)[0;0m     return self._call_impl(*args, **kwargs)[32m [repeated 30x across cluster][0m
[36m(LLMRayActor pid=3408207)[0m [0;36m(EngineCore_DP0 pid=3420913)[0;0m   File "/vast/projects/myatskar/design-documents/conda_env/open_rlhf_intern/lib/python3.11/site-packages/torch/nn/modules/module.py", line 1786, in _call_impl[32m [repeated 30x across cluster][0m
[36m(LLMRayActor pid=3408207)[0m [0;36m(EngineCore_DP0 pid=3420913)[0;0m     return forward_call(*args, **kwargs)[32m [repeated 30x across cluster][0m
[36m(LLMRayActor pid=3408207)[0m [0;36m(EngineCore_DP0 pid=3420913)[0;0m   File "/vast/projects/myatskar/design-documents/conda_env/open_rlhf_intern/lib/python3.11/site-packages/vllm/v1/attention/backends/flashinfer.py", line 1546, in forward[32m [repeated 50x across cluster][0m
[36m(LLMRayActor pid=3408207)[0m [0;36m(EngineCore_DP0 pid=3420913)[0;0m     return self.model(input_ids, positions, intermediate_tensors, inputs_embeds)[32m [repeated 10x across cluster][0m
[36m(LLMRayActor pid=3408207)[0m [0;36m(EngineCore_DP0 pid=3420913)[0;0m     return TorchCompileWithNoGuardsWrapper.__call__(self, *args, **kwargs)  # type: ignore[arg-type][32m [repeated 10x across cluster][0m
[36m(LLMRayActor pid=3408207)[0m [0;36m(EngineCore_DP0 pid=3420913)[0;0m     return self._call_with_optional_nvtx_range([32m [repeated 10x across cluster][0m
[36m(LLMRayActor pid=3408207)[0m [0;36m(EngineCore_DP0 pid=3420913)[0;0m   File "/vast/projects/myatskar/design-documents/conda_env/open_rlhf_intern/lib/python3.11/site-packages/vllm/compilation/wrapper.py", line 119, in _call_with_optional_nvtx_range[32m [repeated 10x across cluster][0m
[36m(LLMRayActor pid=3408207)[0m [0;36m(EngineCore_DP0 pid=3420913)[0;0m     return callable_fn(*args, **kwargs)[32m [repeated 10x across cluster][0m
[36m(LLMRayActor pid=3408207)[0m [0;36m(EngineCore_DP0 pid=3420913)[0;0m     def forward([32m [repeated 10x across cluster][0m
[36m(LLMRayActor pid=3408207)[0m [0;36m(EngineCore_DP0 pid=3420913)[0;0m   File "/vast/projects/myatskar/design-documents/conda_env/open_rlhf_intern/lib/python3.11/site-packages/torch/_dynamo/eval_frame.py", line 1044, in _fn[32m [repeated 10x across cluster][0m
[36m(LLMRayActor pid=3408207)[0m [0;36m(EngineCore_DP0 pid=3420913)[0;0m     return fn(*args, **kwargs)[32m [repeated 10x across cluster][0m
[36m(LLMRayActor pid=3408207)[0m [0;36m(EngineCore_DP0 pid=3420913)[0;0m     return self.optimized_call(*args, **kwargs)[32m [repeated 10x across cluster][0m
[36m(LLMRayActor pid=3408207)[0m [0;36m(EngineCore_DP0 pid=3420913)[0;0m   File "/vast/projects/myatskar/design-documents/conda_env/open_rlhf_intern/lib/python3.11/site-packages/torch/fx/graph_module.py", line 837, in call_wrapped[32m [repeated 20x across cluster][0m
[36m(LLMRayActor pid=3408207)[0m [0;36m(EngineCore_DP0 pid=3420913)[0;0m     return self._wrapped_call(self, *args, **kwargs)[32m [repeated 20x across cluster][0m
[36m(LLMRayActor pid=3408207)[0m [0;36m(EngineCore_DP0 pid=3420913)[0;0m     return super(self.cls, obj).__call__(*args, **kwargs)  # type: ignore[misc][32m [repeated 20x across cluster][0m
[36m(LLMRayActor pid=3408206)[0m [0;36m(EngineCore_DP0 pid=3420918)[0;0m     submod_1 = self.submod_1(getitem, s72, getitem_1, getitem_2, getitem_3);  getitem = getitem_1 = getitem_2 = submod_1 = None[32m [repeated 7x across cluster][0m
[36m(LLMRayActor pid=3408206)[0m [0;36m(EngineCore_DP0 pid=3420918)[0;0m     unified_attention_with_output = torch.ops.vllm.unified_attention_with_output(query_2, key_2, value, output_3, 'model.layers.0.attn.attn', kv_cache_dummy_dep = None);  query_2 = key_2 = value = output_3 = unified_attention_with_output = None[32m [repeated 7x across cluster][0m
[36m(LLMRayActor pid=3408207)[0m [0;36m(EngineCore_DP0 pid=3420913)[0;0m     return self._op(*args, **kwargs)[32m [repeated 10x across cluster][0m
[36m(LLMRayActor pid=3408207)[0m [0;36m(EngineCore_DP0 pid=3420913)[0;0m   File "/vast/projects/myatskar/design-documents/conda_env/open_rlhf_intern/lib/python3.11/site-packages/vllm/attention/utils/kv_transfer_utils.py", line 39, in wrapper[32m [repeated 10x across cluster][0m
[36m(LLMRayActor pid=3408207)[0m [0;36m(EngineCore_DP0 pid=3420913)[0;0m   File "/vast/projects/myatskar/design-documents/conda_env/open_rlhf_intern/lib/python3.11/site-packages/vllm/attention/layer.py", line 885, in unified_attention_with_output[32m [repeated 10x across cluster][0m
[36m(LLMRayActor pid=3408207)[0m [0;36m(EngineCore_DP0 pid=3420913)[0;0m     self.impl.forward([32m [repeated 10x across cluster][0m
[36m(LLMRayActor pid=3408207)[0m [0;36m(EngineCore_DP0 pid=3420913)[0;0m   File "/vast/projects/myatskar/design-documents/conda_env/open_rlhf_intern/lib/python3.11/site-packages/flashinfer/jit/cubin_loader.py", line 210, in get_cubin[32m [repeated 10x across cluster][0m
[36m(LLMRayActor pid=3408207)[0m [0;36m(EngineCore_DP0 pid=3420913)[0;0m     download_file(uri, cubin_path, session=session)[32m [repeated 7x across cluster][0m
[36m(LLMRayActor pid=3408207)[0m [0;36m(EngineCore_DP0 pid=3420913)[0;0m   File "/vast/projects/myatskar/design-documents/conda_env/open_rlhf_intern/lib/python3.11/site-packages/flashinfer/jit/cubin_loader.py", line 111, in download_file[32m [repeated 7x across cluster][0m
[36m(LLMRayActor pid=3408207)[0m [0;36m(EngineCore_DP0 pid=3420913)[0;0m     logger.info([32m [repeated 4x across cluster][0m
[36m(LLMRayActor pid=3408207)[0m [0;36m(EngineCore_DP0 pid=3420913)[0;0m Message: 'File downloaded successfully: https://edge.urm.nvidia.com/artifactory/sw-kernelinferencelibrary-public-generic-local/75d477a640f268ea9ad117cc596eb39245713b9e/fmha/trtllm-gen/fmhaSm100fKernel_QkvBfloat16OBfloat16H64PagedKvCausalP16MultiCtasKvCgaVarSeqQ8Kv128StaticSwapsAbForGen.cubin -> /vast/home/j/jojolee/.cache/flashinfer/cubins/75d477a640f268ea9ad117cc596eb39245713b9e/fmha/trtllm-gen/fmhaSm100fKernel_QkvBfloat16OBfloat16H64PagedKvCausalP16MultiCtasKvCgaVarSeqQ8Kv128StaticSwapsAbForGen.cubin'[32m [repeated 4x across cluster][0m
[36m(LLMRayActor pid=3408207)[0m [0;36m(EngineCore_DP0 pid=3420913)[0;0m 2026-02-25 07:25:11,989 - INFO - cubin_loader.py:209 - flashinfer.jit: Fetching cubin 75d477a640f268ea9ad117cc596eb39245713b9e/fmha/trtllm-gen//fmhaSm100fKernel_QkvBfloat16OBfloat16H64PagedKvSlidingOrChunkedCausalP16VarSeqQ8Kv128PersistentSwapsAbForGen.cubin from https://edge.urm.nvidia.com/artifactory/sw-kernelinferencelibrary-public-generic-local/75d477a640f268ea9ad117cc596eb39245713b9e/fmha/trtllm-gen/fmhaSm100fKernel_QkvBfloat16OBfloat16H64PagedKvSlidingOrChunkedCausalP16VarSeqQ8Kv128PersistentSwapsAbForGen.cubin
[36m(LLMRayActor pid=3408207)[0m [0;36m(EngineCore_DP0 pid=3420913)[0;0m     trtllm_batch_decode_with_kv_cache([32m [repeated 10x across cluster][0m
[36m(LLMRayActor pid=3408207)[0m [0;36m(EngineCore_DP0 pid=3420913)[0;0m   File "/vast/projects/myatskar/design-documents/conda_env/open_rlhf_intern/lib/python3.11/site-packages/flashinfer/decode.py", line 2366, in trtllm_batch_decode_with_kv_cache[32m [repeated 10x across cluster][0m
[36m(LLMRayActor pid=3408207)[0m [0;36m(EngineCore_DP0 pid=3420913)[0;0m     logger.info(f"Fetching cubin {file_name} from {uri}")[32m [repeated 3x across cluster][0m
[36m(LLMRayActor pid=3408207)[0m [0;36m(EngineCore_DP0 pid=3420913)[0;0m Message: 'Fetching cubin 75d477a640f268ea9ad117cc596eb39245713b9e/fmha/trtllm-gen//fmhaSm100fKernel_QkvBfloat16OBfloat16H64PagedKvCausalP16MultiCtasKvCgaVarSeqQ8Kv128StaticSwapsAbForGen.cubin from https://edge.urm.nvidia.com/artifactory/sw-kernelinferencelibrary-public-generic-local/75d477a640f268ea9ad117cc596eb39245713b9e/fmha/trtllm-gen/fmhaSm100fKernel_QkvBfloat16OBfloat16H64PagedKvCausalP16MultiCtasKvCgaVarSeqQ8Kv128StaticSwapsAbForGen.cubin'[32m [repeated 3x across cluster][0m
[36m(LLMRayActor pid=3408207)[0m [0;36m(EngineCore_DP0 pid=3420913)[0;0m 2026-02-25 07:25:12,755 - INFO - cubin_loader.py:81 - flashinfer.jit: Acquired lock for /vast/home/j/jojolee/.cache/flashinfer/cubins/75d477a640f268ea9ad117cc596eb39245713b9e/fmha/trtllm-gen/fmhaSm100fKernel_QkvBfloat16OBfloat16H64PagedKvCausalP16MultiCtasKvCgaVarSeqQ8Kv128StaticSwapsAbForGen.cubin[32m [repeated 3x across cluster][0m
[36m(LLMRayActor pid=3408207)[0m [0;36m(EngineCore_DP0 pid=3420913)[0;0m     logger.info(f"Acquired lock for {destination}")[32m [repeated 3x across cluster][0m
[36m(LLMRayActor pid=3408207)[0m [0;36m(EngineCore_DP0 pid=3420913)[0;0m Message: 'Acquired lock for /vast/home/j/jojolee/.cache/flashinfer/cubins/75d477a640f268ea9ad117cc596eb39245713b9e/fmha/trtllm-gen/fmhaSm100fKernel_QkvBfloat16OBfloat16H64PagedKvCausalP16MultiCtasKvCgaVarSeqQ8Kv128StaticSwapsAbForGen.cubin'[32m [repeated 3x across cluster][0m
[36m(LLMRayActor pid=3408206)[0m Capturing CUDA graphs (decode, FULL):  84%|████████▍ | 16/19 [00:01<00:00, 19.30it/s][32m [repeated 7x across cluster][0m
[36m(LLMRayActor pid=3408206)[0m Capturing CUDA graphs (decode, FULL): 100%|██████████| 19/19 [00:01<00:00, 21.74it/s]Capturing CUDA graphs (decode, FULL): 100%|██████████| 19/19 [00:01<00:00, 12.79it/s]
[36m(pid=3445777)[0m /vast/projects/myatskar/design-documents/conda_env/open_rlhf_intern/lib/python3.11/site-packages/torch/cuda/__init__.py:63: FutureWarning: The pynvml package is deprecated. Please install nvidia-ml-py instead. If you did not install pynvml directly, please report this to the maintainers of the package that installed pynvml for you.
[36m(pid=3445777)[0m   import pynvml  # type: ignore[import]
[36m(pid=3445774)[0m /vast/projects/myatskar/design-documents/conda_env/open_rlhf_intern/lib/python3.11/site-packages/torch/cuda/__init__.py:63: FutureWarning: The pynvml package is deprecated. Please install nvidia-ml-py instead. If you did not install pynvml directly, please report this to the maintainers of the package that installed pynvml for you.
[36m(pid=3445774)[0m   import pynvml  # type: ignore[import]
[36m(PPOTrainer pid=3445774)[0m Preprocessing data:   0%|          | 0/15000 [00:00<?, ?it/s]
[36m(PPOTrainer pid=3445774)[0m Preprocessing data:   1%|          | 134/15000 [00:00<00:11, 1333.97it/s]
[36m(PPOTrainer pid=3445774)[0m Preprocessing data:   2%|▏         | 306/15000 [00:00<00:09, 1556.91it/s]
[36m(PPOTrainer pid=3445774)[0m Preprocessing data:   3%|▎         | 476/15000 [00:00<00:08, 1620.75it/s]
[36m(PPOTrainer pid=3445774)[0m Preprocessing data:   4%|▍         | 647/15000 [00:00<00:08, 1652.88it/s]
[36m(PPOTrainer pid=3445774)[0m Preprocessing data:   5%|▌         | 817/15000 [00:00<00:08, 1666.57it/s]
[36m(PPOTrainer pid=3445774)[0m Preprocessing data:   7%|▋         | 989/15000 [00:00<00:08, 1683.81it/s]
[36m(PPOTrainer pid=3445774)[0m Preprocessing data:   8%|▊         | 1163/15000 [00:00<00:08, 1701.77it/s]
[36m(PPOTrainer pid=3445774)[0m Preprocessing data:   9%|▉         | 1336/15000 [00:00<00:07, 1709.21it/s]
[36m(PPOTrainer pid=3445774)[0m Preprocessing data:  10%|█         | 1509/15000 [00:00<00:07, 1714.51it/s]
[36m(PPOTrainer pid=3445774)[0m Preprocessing data:  11%|█         | 1682/15000 [00:01<00:07, 1718.40it/s]
[36m(PPOTrainer pid=3445774)[0m Preprocessing data:  12%|█▏        | 1855/15000 [00:01<00:07, 1720.28it/s]
[36m(PPOTrainer pid=3445774)[0m Preprocessing data:  14%|█▎        | 2028/15000 [00:01<00:07, 1717.27it/s]
[36m(PPOTrainer pid=3445774)[0m Preprocessing data:  15%|█▍        | 2200/15000 [00:01<00:07, 1714.21it/s]
[36m(PPOTrainer pid=3445774)[0m Preprocessing data:  16%|█▌        | 2372/15000 [00:01<00:07, 1703.37it/s]
[36m(PPOTrainer pid=3445774)[0m Preprocessing data:  17%|█▋        | 2543/15000 [00:01<00:07, 1693.37it/s]
[36m(PPOTrainer pid=3445774)[0m Preprocessing data:  18%|█▊        | 2713/15000 [00:01<00:07, 1687.02it/s]
[36m(PPOTrainer pid=3445774)[0m Preprocessing data:  19%|█▉        | 2882/15000 [00:01<00:07, 1682.92it/s]
[36m(PPOTrainer pid=3445774)[0m Preprocessing data:  20%|██        | 3051/15000 [00:01<00:07, 1678.15it/s]
[36m(PPOTrainer pid=3445774)[0m Preprocessing data:  21%|██▏       | 3219/15000 [00:01<00:07, 1657.74it/s]
[36m(PPOTrainer pid=3445774)[0m Preprocessing data:  23%|██▎       | 3385/15000 [00:02<00:07, 1632.03it/s]
[36m(PPOTrainer pid=3445774)[0m Preprocessing data:  24%|██▎       | 3549/15000 [00:02<00:07, 1613.20it/s]
[36m(PPOTrainer pid=3445774)[0m Preprocessing data:  25%|██▍       | 3711/15000 [00:02<00:07, 1593.25it/s]
[36m(PPOTrainer pid=3445774)[0m Preprocessing data:  26%|██▌       | 3871/15000 [00:02<00:07, 1583.16it/s]
[36m(PPOTrainer pid=3445774)[0m Preprocessing data:  27%|██▋       | 4030/15000 [00:02<00:06, 1577.09it/s]
[36m(PPOTrainer pid=3445774)[0m Preprocessing data:  28%|██▊       | 4188/15000 [00:02<00:06, 1569.94it/s]
[36m(PPOTrainer pid=3445774)[0m Preprocessing data:  29%|██▉       | 4346/15000 [00:02<00:06, 1568.21it/s]
[36m(PPOTrainer pid=3445774)[0m Preprocessing data:  30%|███       | 4503/15000 [00:02<00:06, 1567.35it/s]
[36m(PPOTrainer pid=3445774)[0m Preprocessing data:  31%|███       | 4660/15000 [00:02<00:06, 1565.91it/s]
[36m(PPOTrainer pid=3445774)[0m Preprocessing data:  32%|███▏      | 4818/15000 [00:02<00:06, 1569.55it/s]
[36m(PPOTrainer pid=3445774)[0m Preprocessing data:  33%|███▎      | 4975/15000 [00:03<00:06, 1567.50it/s]
[36m(PPOTrainer pid=3445774)[0m Preprocessing data:  34%|███▍      | 5133/15000 [00:03<00:06, 1570.80it/s]
[36m(PPOTrainer pid=3445774)[0m Preprocessing data:  35%|███▌      | 5291/15000 [00:03<00:06, 1570.89it/s]
[36m(PPOTrainer pid=3445774)[0m Preprocessing data:  36%|███▋      | 5450/15000 [00:03<00:06, 1574.03it/s]
[36m(PPOTrainer pid=3445774)[0m Preprocessing data:  37%|███▋      | 5608/15000 [00:03<00:05, 1573.16it/s]Preprocessing data:  38%|███▊      | 5766/15000 [00:03<00:05, 1566.22it/s]
[36m(PPOTrainer pid=3445774)[0m Preprocessing data:  40%|███▉      | 5925/15000 [00:03<00:05, 1571.95it/s]
[36m(PPOTrainer pid=3445774)[0m Preprocessing data:  41%|████      | 6083/15000 [00:03<00:05, 1562.46it/s]
[36m(PPOTrainer pid=3445774)[0m Preprocessing data:  42%|████▏     | 6240/15000 [00:03<00:05, 1555.27it/s]
[36m(PPOTrainer pid=3445774)[0m Preprocessing data:  43%|████▎     | 6396/15000 [00:03<00:05, 1552.86it/s]
[36m(PPOTrainer pid=3445774)[0m Preprocessing data:  44%|████▎     | 6552/15000 [00:04<00:05, 1551.51it/s]
[36m(PPOTrainer pid=3445774)[0m Preprocessing data:  45%|████▍     | 6708/15000 [00:04<00:05, 1546.75it/s]
[36m(PPOTrainer pid=3445774)[0m Preprocessing data:  46%|████▌     | 6863/15000 [00:04<00:05, 1538.11it/s]
[36m(PPOTrainer pid=3445774)[0m Preprocessing data:  47%|████▋     | 7017/15000 [00:04<00:05, 1535.55it/s]
[36m(PPOTrainer pid=3445774)[0m Preprocessing data:  48%|████▊     | 7171/15000 [00:04<00:05, 1534.18it/s]
[36m(PPOTrainer pid=3445774)[0m Preprocessing data:  49%|████▉     | 7325/15000 [00:04<00:05, 1531.27it/s]
[36m(PPOTrainer pid=3445774)[0m Preprocessing data:  50%|████▉     | 7480/15000 [00:04<00:04, 1534.16it/s]
[36m(PPOTrainer pid=3445774)[0m Preprocessing data:  51%|█████     | 7634/15000 [00:04<00:04, 1532.97it/s]
[36m(PPOTrainer pid=3445774)[0m Preprocessing data:  52%|█████▏    | 7788/15000 [00:04<00:04, 1532.34it/s]
[36m(PPOTrainer pid=3445774)[0m Preprocessing data:  53%|█████▎    | 7950/15000 [00:04<00:04, 1557.76it/s]
[36m(PPOTrainer pid=3445774)[0m Preprocessing data:  54%|█████▍    | 8113/15000 [00:05<00:04, 1577.19it/s]
[36m(PPOTrainer pid=3445774)[0m Preprocessing data:  55%|█████▌    | 8273/15000 [00:05<00:04, 1582.78it/s]
[36m(PPOTrainer pid=3445774)[0m Preprocessing data:  56%|█████▌    | 8432/15000 [00:05<00:04, 1552.73it/s]
[36m(PPOTrainer pid=3445774)[0m Preprocessing data:  57%|█████▋    | 8588/15000 [00:05<00:04, 1529.95it/s]
[36m(PPOTrainer pid=3445774)[0m Preprocessing data:  58%|█████▊    | 8742/15000 [00:05<00:04, 1508.25it/s]
[36m(PPOTrainer pid=3445774)[0m Preprocessing data:  59%|█████▉    | 8893/15000 [00:05<00:04, 1485.76it/s]
[36m(PPOTrainer pid=3445774)[0m Preprocessing data:  60%|██████    | 9042/15000 [00:05<00:04, 1483.07it/s]
[36m(PPOTrainer pid=3445774)[0m Preprocessing data:  61%|██████▏   | 9191/15000 [00:05<00:03, 1480.35it/s]
[36m(PPOTrainer pid=3445774)[0m Preprocessing data:  62%|██████▏   | 9340/15000 [00:05<00:03, 1475.78it/s]
[36m(PPOTrainer pid=3445774)[0m Preprocessing data:  63%|██████▎   | 9488/15000 [00:05<00:03, 1474.64it/s]
[36m(PPOTrainer pid=3445774)[0m Preprocessing data:  64%|██████▍   | 9637/15000 [00:06<00:03, 1476.99it/s]
[36m(PPOTrainer pid=3445774)[0m Preprocessing data:  65%|██████▌   | 9794/15000 [00:06<00:03, 1502.92it/s]
[36m(PPOTrainer pid=3445774)[0m Preprocessing data:  66%|██████▋   | 9948/15000 [00:06<00:03, 1513.31it/s]
[36m(PPOTrainer pid=3445774)[0m Preprocessing data:  67%|██████▋   | 10100/15000 [00:06<00:03, 1502.20it/s]
[36m(PPOTrainer pid=3445774)[0m Preprocessing data:  68%|██████▊   | 10251/15000 [00:06<00:03, 1493.73it/s]
[36m(PPOTrainer pid=3445774)[0m Preprocessing data:  69%|██████▉   | 10401/15000 [00:06<00:03, 1492.78it/s]
[36m(PPOTrainer pid=3445774)[0m Preprocessing data:  70%|███████   | 10551/15000 [00:06<00:02, 1491.60it/s]
[36m(PPOTrainer pid=3445774)[0m Preprocessing data:  71%|███████▏  | 10701/15000 [00:06<00:02, 1489.41it/s]
[36m(PPOTrainer pid=3445774)[0m Preprocessing data:  72%|███████▏  | 10852/15000 [00:06<00:02, 1493.87it/s]
[36m(PPOTrainer pid=3445774)[0m Preprocessing data:  73%|███████▎  | 11004/15000 [00:06<00:02, 1498.56it/s]
[36m(PPOTrainer pid=3445774)[0m Preprocessing data:  74%|███████▍  | 11157/15000 [00:07<00:02, 1504.92it/s]
[36m(PPOTrainer pid=3445774)[0m Preprocessing data:  75%|███████▌  | 11310/15000 [00:07<00:02, 1511.04it/s]
[36m(PPOTrainer pid=3445774)[0m Preprocessing data:  76%|███████▋  | 11463/15000 [00:07<00:02, 1515.58it/s]
[36m(PPOTrainer pid=3445774)[0m Preprocessing data:  77%|███████▋  | 11615/15000 [00:07<00:02, 1515.73it/s]
[36m(PPOTrainer pid=3445774)[0m Preprocessing data:  78%|███████▊  | 11767/15000 [00:07<00:02, 1515.05it/s]
[36m(PPOTrainer pid=3445774)[0m Preprocessing data:  79%|███████▉  | 11920/15000 [00:07<00:02, 1518.50it/s]
[36m(PPOTrainer pid=3445774)[0m Preprocessing data:  80%|████████  | 12073/15000 [00:07<00:01, 1520.58it/s]
[36m(PPOTrainer pid=3445774)[0m Preprocessing data:  82%|████████▏ | 12226/15000 [00:07<00:01, 1512.57it/s]
[36m(PPOTrainer pid=3445774)[0m Preprocessing data:  83%|████████▎ | 12378/15000 [00:07<00:01, 1510.52it/s]
[36m(PPOTrainer pid=3445774)[0m Preprocessing data:  84%|████████▎ | 12530/15000 [00:08<00:01, 1504.24it/s]
[36m(PPOTrainer pid=3445774)[0m Preprocessing data:  85%|████████▍ | 12681/15000 [00:08<00:01, 1505.87it/s]
[36m(PPOTrainer pid=3445774)[0m Preprocessing data:  86%|████████▌ | 12833/15000 [00:08<00:01, 1507.22it/s]
[36m(PPOTrainer pid=3445774)[0m Preprocessing data:  87%|████████▋ | 12984/15000 [00:08<00:01, 1506.59it/s]
[36m(PPOTrainer pid=3445774)[0m Preprocessing data:  88%|████████▊ | 13135/15000 [00:08<00:01, 1496.33it/s]
[36m(PPOTrainer pid=3445774)[0m Preprocessing data:  89%|████████▊ | 13285/15000 [00:08<00:01, 1479.52it/s]
[36m(PPOTrainer pid=3445774)[0m Preprocessing data:  90%|████████▉ | 13434/15000 [00:08<00:01, 1481.70it/s]
[36m(PPOTrainer pid=3445774)[0m Preprocessing data:  91%|█████████ | 13584/15000 [00:08<00:00, 1485.45it/s]
[36m(PPOTrainer pid=3445774)[0m Preprocessing data:  92%|█████████▏| 13733/15000 [00:08<00:00, 1484.20it/s]
[36m(PPOTrainer pid=3445774)[0m Preprocessing data:  93%|█████████▎| 13884/15000 [00:08<00:00, 1489.24it/s]
[36m(PPOTrainer pid=3445774)[0m Preprocessing data:  94%|█████████▎| 14034/15000 [00:09<00:00, 1491.90it/s]
[36m(PPOTrainer pid=3445774)[0m Preprocessing data:  95%|█████████▍| 14184/15000 [00:09<00:00, 1490.90it/s]
[36m(PPOTrainer pid=3445774)[0m Preprocessing data:  96%|█████████▌| 14334/15000 [00:09<00:00, 1490.96it/s]
[36m(PPOTrainer pid=3445774)[0m Preprocessing data:  97%|█████████▋| 14484/15000 [00:09<00:00, 1493.49it/s]
[36m(PPOTrainer pid=3445774)[0m Preprocessing data:  98%|█████████▊| 14634/15000 [00:09<00:00, 1491.34it/s]
[36m(PPOTrainer pid=3445774)[0m Preprocessing data:  99%|█████████▊| 14784/15000 [00:09<00:00, 1490.23it/s]
[36m(PPOTrainer pid=3445774)[0m Preprocessing data: 100%|█████████▉| 14935/15000 [00:09<00:00, 1494.07it/s]
[36m(PPOTrainer pid=3445774)[0m Preprocessing data: 100%|██████████| 15000/15000 [00:09<00:00, 1552.41it/s]
[36m(PPOTrainer pid=3445774)[0m Generating train split: 0 examples [00:00, ? examples/s]Generating train split: 2137 examples [00:00, 103600.77 examples/s]
[36m(PPOTrainer pid=3445774)[0m Preprocessing data:   0%|          | 0/2137 [00:00<?, ?it/s]
[36m(PPOTrainer pid=3445774)[0m Preprocessing data:   8%|▊         | 170/2137 [00:00<00:01, 1698.05it/s]
[36m(PPOTrainer pid=3445774)[0m Preprocessing data:  16%|█▌        | 342/2137 [00:00<00:01, 1710.01it/s]
[36m(PPOTrainer pid=3445774)[0m Preprocessing data:  24%|██▍       | 514/2137 [00:00<00:00, 1665.16it/s]
[36m(PPOTrainer pid=3445774)[0m Preprocessing data:  32%|███▏      | 681/2137 [00:00<00:00, 1622.76it/s]
[36m(PPOTrainer pid=3445774)[0m Preprocessing data:  39%|███▉      | 844/2137 [00:00<00:00, 1591.24it/s]
[36m(PPOTrainer pid=3445774)[0m Preprocessing data:  47%|████▋     | 1004/2137 [00:00<00:00, 1557.23it/s]
[36m(PPOTrainer pid=3445774)[0m Preprocessing data:  54%|█████▍    | 1160/2137 [00:00<00:00, 1554.09it/s]
[36m(PPOTrainer pid=3445774)[0m Preprocessing data:  62%|██████▏   | 1316/2137 [00:00<00:00, 1530.99it/s]
[36m(PPOTrainer pid=3445774)[0m Preprocessing data:  69%|██████▉   | 1470/2137 [00:00<00:00, 1514.46it/s]
[36m(PPOTrainer pid=3445774)[0m Preprocessing data:  76%|███████▌  | 1622/2137 [00:01<00:00, 1512.32it/s]
[36m(PPOTrainer pid=3445774)[0m Preprocessing data:  83%|████████▎ | 1774/2137 [00:01<00:00, 1508.31it/s]
[36m(PPOTrainer pid=3445774)[0m Preprocessing data:  90%|█████████ | 1926/2137 [00:01<00:00, 1509.43it/s]
[36m(PPOTrainer pid=3445774)[0m Preprocessing data:  97%|█████████▋| 2080/2137 [00:01<00:00, 1516.31it/s]
[36m(PPOTrainer pid=3445774)[0m Preprocessing data: 100%|██████████| 2137/2137 [00:01<00:00, 1550.84it/s]
[36m(PPOTrainer pid=3445774)[0m wandb: [wandb.login()] Loaded credentials for https://api.wandb.ai from WANDB_API_KEY.
[36m(PPOTrainer pid=3445774)[0m wandb: Currently logged in as: jiosephlee (upenn-ml) to https://api.wandb.ai. Use `wandb login --relogin` to force relogin
[36m(PPOTrainer pid=3445774)[0m wandb: WARNING Using a boolean value for 'reinit' is deprecated. Use 'return_previous' or 'finish_previous' instead.
[36m(PPOTrainer pid=3445774)[0m wandb: setting up run 67uyxvbi
[36m(PPOTrainer pid=3445774)[0m wandb: Tracking run with wandb version 0.24.2
[36m(PPOTrainer pid=3445774)[0m wandb: Run data is saved locally in /vast/home/j/jojolee/OpenRLHF-Tools/scripts/wandb/run-20260225_072656-67uyxvbi
[36m(PPOTrainer pid=3445774)[0m wandb: Run `wandb offline` to turn off syncing.
[36m(PPOTrainer pid=3445774)[0m wandb: Syncing run grpo-tdc-gptoss-unsloth-16t-v4-ep1-colo-0225_0718
[36m(PPOTrainer pid=3445774)[0m wandb: ⭐️ View project at https://wandb.ai/upenn-ml/openrlhf_tdc_grpo
[36m(PPOTrainer pid=3445774)[0m wandb: 🚀 View run at https://wandb.ai/upenn-ml/openrlhf_tdc_grpo/runs/67uyxvbi
[36m(PolicyModelActor pid=3438323)[0m [W225 07:27:01.189444019 Utils.hpp:166] Warning: Environment variable NCCL_BLOCKING_WAIT is deprecated; use TORCH_NCCL_BLOCKING_WAIT instead (function operator())
[36m(PolicyModelActor pid=3438323)[0m [W225 07:27:01.189462423 Utils.hpp:137] Warning: Environment variable NCCL_ASYNC_ERROR_HANDLING is deprecated; use TORCH_NCCL_ASYNC_ERROR_HANDLING instead (function operator())
[36m(PolicyModelActor pid=3438323)[0m `torch_dtype` is deprecated! Use `dtype` instead!
[36m(PolicyModelActor pid=3438323)[0m Loading checkpoint shards:   0%|          | 0/9 [00:00<?, ?it/s]
[36m(PolicyModelActor pid=3438323)[0m Loading checkpoint shards: 100%|██████████| 9/9 [00:00<00:00, 91.21it/s]
Traceback (most recent call last):
  File "<frozen runpy>", line 198, in _run_module_as_main
  File "<frozen runpy>", line 88, in _run_code
  File "/vast/home/j/jojolee/OpenRLHF-Tools/openrlhf/cli/train_ppo_ray.py", line 709, in <module>
  File "/vast/home/j/jojolee/OpenRLHF-Tools/openrlhf/cli/train_ppo_ray.py", line 173, in train
    ray.get(refs)
  File "/vast/projects/myatskar/design-documents/conda_env/open_rlhf_intern/lib/python3.11/site-packages/ray/_private/auto_init_hook.py", line 22, in auto_init_wrapper
    return fn(*args, **kwargs)
           ^^^^^^^^^^^^^^^^^^^
  File "/vast/projects/myatskar/design-documents/conda_env/open_rlhf_intern/lib/python3.11/site-packages/ray/_private/client_mode_hook.py", line 104, in wrapper
    return func(*args, **kwargs)
           ^^^^^^^^^^^^^^^^^^^^^
  File "/vast/projects/myatskar/design-documents/conda_env/open_rlhf_intern/lib/python3.11/site-packages/ray/_private/worker.py", line 2858, in get
    values, debugger_breakpoint = worker.get_objects(object_refs, timeout=timeout)
                                  ^^^^^^^^^^^^^^^^^^^^^^^^^^^^^^^^^^^^^^^^^^^^^^^^
  File "/vast/projects/myatskar/design-documents/conda_env/open_rlhf_intern/lib/python3.11/site-packages/ray/_private/worker.py", line 960, in get_objects
    raise value
ray.exceptions.ActorUnavailableError: The actor 92032e0cafa9ff73b33ae23701000000 is unavailable: The actor is temporarily unavailable: RpcError: RPC Error message: Socket closed; RPC Error details:  rpc_code: 14. The task may or may not have been executed on the actor.
[36m(PolicyModelActor pid=3445777)[0m [W225 07:27:01.188763607 Utils.hpp:166] Warning: Environment variable NCCL_BLOCKING_WAIT is deprecated; use TORCH_NCCL_BLOCKING_WAIT instead (function operator())
[36m(PolicyModelActor pid=3445777)[0m [W225 07:27:01.188779482 Utils.hpp:137] Warning: Environment variable NCCL_ASYNC_ERROR_HANDLING is deprecated; use TORCH_NCCL_ASYNC_ERROR_HANDLING instead (function operator())
[36m(PolicyModelActor pid=3445777)[0m `torch_dtype` is deprecated! Use `dtype` instead!
[36m(PolicyModelActor pid=3445777)[0m Loading checkpoint shards:   0%|          | 0/9 [00:00<?, ?it/s]
[36m(PolicyModelActor pid=3445777)[0m Loading checkpoint shards: 100%|██████████| 9/9 [00:00<00:00, 107.18it/s]
srun: error: dgx007: task 0: Exited with exit code 1
