Drug,IUPAC_Name,MolecularFormula
C#CC(C)(O)CC,3-methylpent-1-yn-3-ol,C6H10O
BrC(Br)Br,bromoform,CHBr3
C#CC(O)(/C=C/Cl)CC,(E)-1-chloro-3-ethylpent-1-en-4-yn-3-ol,C7H9ClO
C#CC(OC(N)=O)c1ccccc1,1-phenylprop-2-ynyl carbamate,C10H9NO2
C#CC1(OC(N)=O)CCCCC1,(1-ethynylcyclohexyl) carbamate,C9H13NO2
C#CC1(OCC(O)CN2CCN(c3ccc(F)cc3)CC2)CCCCC1,1-(1-ethynylcyclohexyl)oxy-3-[4-(4-fluorophenyl)piperazin-1-yl]propan-2-ol,C21H29FN2O2
C#CCC1(OC(N)=O)CCCCC1,(1-prop-2-ynylcyclohexyl) carbamate,C10H15NO2
C#CCN(C)CCCOc1ccc(Cl)cc1Cl,"3-(2,4-dichlorophenoxy)-N-methyl-N-prop-2-ynylpropan-1-amine",C13H15Cl2NO
C#CCN(C)Cc1ccccc1,N-benzyl-N-methylprop-2-yn-1-amine,C11H13N
C#CCN1C(=O)CN=C(c2ccccc2)c2cc(Cl)ccc21,"7-chloro-5-phenyl-1-prop-2-ynyl-3H-1,4-benzodiazepin-2-one",C18H13ClN2O
C#CCN(C)[C@H](C)Cc1ccccc1,(2R)-N-methyl-1-phenyl-N-prop-2-ynylpropan-2-amine,C13H17N
C#CCN[C@@H]1CCc2ccccc21,"(1R)-N-prop-2-ynyl-2,3-dihydro-1H-inden-1-amine",C12H13N
C#C[C@]1(O)CC[C@H]2C3CCC4=Cc5c(cnn5-c5ccc(F)cc5)CC4(C)[C@H]3CCC21C,"(1S,14S,17R)-17-ethynyl-7-(4-fluorophenyl)-2,18-dimethyl-6,7-diazapentacyclo[11.7.0.02,10.04,8.014,18]icosa-4(8),5,9-trien-17-ol",C28H31FN2O
C#C[C@]1(O)CC[C@H]2[C@@H]3CCC4=CC(=O)CC[C@@H]4[C@H]3CC[C@@]21C,"(8R,9S,10R,13S,14S,17R)-17-ethynyl-17-hydroxy-13-methyl-1,2,6,7,8,9,10,11,12,14,15,16-dodecahydrocyclopenta[a]phenanthren-3-one",C20H26O2
C#C[C@]1(O)CC[C@H]2[C@@H]3CCc4cc(O)ccc4[C@H]3CC[C@@]21C,"(8R,9S,13S,14S,17R)-17-ethynyl-13-methyl-7,8,9,11,12,14,15,16-octahydro-6H-cyclopenta[a]phenanthrene-3,17-diol",C20H24O2
C#C[C@]1(O)CC[C@H]2[C@@H]3CCc4cc(OC)ccc4[C@H]3CC[C@@]21C,"(8R,9S,13S,14S,17R)-17-ethynyl-3-methoxy-13-methyl-7,8,9,11,12,14,15,16-octahydro-6H-cyclopenta[a]phenanthren-17-ol",C21H26O2
C#C[C@]1(O)CC[C@H]2[C@H]3[C@H](CC[C@@]21C)C1=C(CC(=O)CC1)C[C@H]3C,"(7R,8R,9S,13S,14S,17R)-17-ethynyl-17-hydroxy-7,13-dimethyl-1,2,4,6,7,8,9,11,12,14,15,16-dodecahydrocyclopenta[a]phenanthren-3-one",C21H28O2
C/C(=C(/CCO)SSCC1CCCO1)N(C=O)Cc1cnc(C)nc1N,N-[(4-amino-2-methylpyrimidin-5-yl)methyl]-N-[(E)-5-hydroxy-3-(oxolan-2-ylmethyldisulfanyl)pent-2-en-2-yl]formamide,C17H26N4O3S2
C/C(=C(/CCOC(=O)c1ccccc1)SS/C(CCOC(=O)c1ccccc1)=C(\C)N(C=O)Cc1cnc(C)nc1N)N(C=O)Cc1cnc(C)nc1N,[(E)-4-[(4-amino-2-methylpyrimidin-5-yl)methyl-formylamino]-3-[[(E)-2-[(4-amino-2-methylpyrimidin-5-yl)methyl-formylamino]-5-benzoyloxypent-2-en-3-yl]disulfanyl]pent-3-enyl] benzoate,C38H42N8O6S2
C/C(=C(\CCOC(=O)c1ccccc1)SC(=O)c1ccccc1)N(C=O)Cc1cnc(C)nc1N,[(Z)-4-[(4-amino-2-methylpyrimidin-5-yl)methyl-formylamino]-3-benzoylsulfanylpent-3-enyl] benzoate,C26H26N4O4S
C/C(=C(\CCOP(=O)(O)O)SC(=O)c1ccccc1)N(C=O)Cc1cnc(C)nc1N,S-[(Z)-2-[(4-amino-2-methylpyrimidin-5-yl)methyl-formylamino]-5-phosphonooxypent-2-en-3-yl] benzenecarbothioate,C19H23N4O6PS
C/C(=C1/CCOC(=O)S1)N(C=O)Cc1cnc(C)nc1N,"N-[(4-amino-2-methylpyrimidin-5-yl)methyl]-N-[(1E)-1-(2-oxo-1,3-oxathian-4-ylidene)ethyl]formamide",C13H16N4O3S
C/C(=C/CCN1CCC2(CC1)C(=O)NCN2c1ccccc1)c1ccc(F)cc1,"8-[(Z)-4-(4-fluorophenyl)pent-3-enyl]-1-phenyl-1,3,8-triazaspiro[4.5]decan-4-one",C24H28FN3O
C/C=C(\CC)C(=O)NC(N)=O,(E)-N-carbamoyl-2-ethylbut-2-enamide,C7H12N2O2
C/C=C/C(=O)N(CC)C(CC)C(=O)N(C)C,"2-[[(E)-but-2-enoyl]-ethylamino]-N,N-dimethylbutanamide",C12H22N2O2
C/C=C/C(=O)N(CCC)C(CC)C(=O)N(C)C,"2-[[(E)-but-2-enoyl]-propylamino]-N,N-dimethylbutanamide",C13H24N2O2
C/C=C/C1=C(C(=O)O)N2C(=O)[C@@H](NC(=O)[C@H](N)c3ccc(O)cc3)[C@H]2SC1.O,"(6R,7R)-7-[[(2R)-2-amino-2-(4-hydroxyphenyl)acetyl]amino]-8-oxo-3-[(E)-prop-1-enyl]-5-thia-1-azabicyclo[4.2.0]oct-2-ene-2-carboxylic acid;hydrate",C18H21N3O6S
C/C=C/C=C/C1OC(O)(C(CC)C(=O)NC/C=C/C=C(\C)C(OC)C(C)C2OC(/C=C/C=C/C=C(\C)C(=O)c3c(O)n(C)ccc3=O)C(O)C2O)C(O)C(OC2OC(C)C(OC3OC(C)C(OC)C(O)C3OC)C(OC)C2O)C1(C)C,"2-[2,3-dihydroxy-4-[3-hydroxy-5-(4-hydroxy-3,5-dimethoxy-6-methyloxan-2-yl)oxy-4-methoxy-6-methyloxan-2-yl]oxy-5,5-dimethyl-6-[(1E,3E)-penta-1,3-dienyl]oxan-2-yl]-N-[(2E,4E)-7-[3,4-dihydroxy-5-[(1E,3E,5E)-7-(4-hydroxy-1-methyl-2-oxo-3-pyridinyl)-6-methyl-7-oxohepta-1,3,5-trienyl]oxolan-2-yl]-6-methoxy-5-methylocta-2,4-dienyl]butanamide",C59H88N2O20
C/C=C\C1O[C@]2(C(=O)COC(=O)c3ccncc3)CC[C@@]3(O1)[C@@H]1CCC4=CC(=O)CC[C@]4(C)[C@H]1[C@@H](O)C[C@]23C,"[2-[(1R,2R,10R,11S,12S,14S,15R)-12-hydroxy-10,14-dimethyl-7-oxo-17-[(Z)-prop-1-enyl]-16,18-dioxapentacyclo[13.3.2.01,14.02,11.05,10]icos-5-en-15-yl]-2-oxoethyl] pyridine-4-carboxylate",C31H37NO7
C1=C(CC2=NCNC2)CCc2ccccc21,"4-(3,4-dihydronaphthalen-2-ylmethyl)-2,5-dihydro-1H-imidazole",C14H16N2
C1=Cc2cccc(OCC3CNCCO3)c2C1,2-(3H-inden-4-yloxymethyl)morpholine,C14H17NO2
C1CC1,cyclopropane,C3H6
C1CCCCC1,cyclohexane,C6H12
C1CCc2nnnn2CC1,"6,7,8,9-tetrahydro-5H-tetrazolo[1,5-a]azepine",C6H10N4
C=C,ethene,C2H4
C=C(C)CNCC(=O)N(C)c1ccc(Cl)cc1C(=O)c1ccccc1,N-(2-benzoyl-4-chlorophenyl)-N-methyl-2-(2-methylprop-2-enylamino)acetamide,C20H21ClN2O2
C=C(C)[C@@H]1CCC(C)=CC1c1c(O)cc(CCCCC)cc1O,"2-[(6R)-3-methyl-6-prop-1-en-2-ylcyclohex-2-en-1-yl]-5-pentylbenzene-1,3-diol",C21H30O2
C=C(CC)C(=O)c1ccc(OCC(=O)O)c(Cl)c1Cl,"2-[2,3-dichloro-4-(2-methylidenebutanoyl)phenoxy]acetic acid",C13H12Cl2O4
C=C1CC2C3C=CC4=CC(=O)CCC4(C)C3C(O)CC2(C)[C@@]1(O)C(=O)CO,"(17R)-11,17-dihydroxy-17-(2-hydroxyacetyl)-10,13-dimethyl-16-methylidene-1,2,8,9,11,12,14,15-octahydrocyclopenta[a]phenanthren-3-one",C22H28O5
C=C1CC2C3CCC4=CC(=O)C=CC4(C)C3C(O)CC2(C)C1(O)C(=O)CO,"11,17-dihydroxy-17-(2-hydroxyacetyl)-10,13-dimethyl-16-methylidene-6,7,8,9,11,12,14,15-octahydrocyclopenta[a]phenanthren-3-one",C22H28O5
C=C1CC[C@@]2(O)[C@H]3Cc4ccc(O)c5c4[C@@]2(CCN3CC2CC2)[C@H]1O5,"(4R,4aS,7aS,12bS)-3-(cyclopropylmethyl)-7-methylidene-2,4,5,6,7a,13-hexahydro-1H-4,12-methanobenzofuro[3,2-e]isoquinoline-4a,9-diol",C21H25NO3
C=C1C[C@H](C)[C@H]2[C@H]3Cc4ccc(O)cc4[C@@]2(CCN3CC2CCC2)C1,"(1R,9R,10R,11S)-17-(cyclobutylmethyl)-11-methyl-13-methylidene-17-azatetracyclo[7.5.3.01,10.02,7]heptadeca-2(7),3,5-trien-4-ol",C23H31NO
C=C1C[C@H]2[C@@H]3CCC4=CC(=O)C=C[C@]4(C)[C@@]3(F)C(O)C[C@]2(C)[C@@]1(O)C(=O)CO,"(8S,9R,10S,13S,14S,17R)-9-fluoro-11,17-dihydroxy-17-(2-hydroxyacetyl)-10,13-dimethyl-16-methylidene-7,8,11,12,14,15-hexahydro-6H-cyclopenta[a]phenanthren-3-one",C22H27FO5
C=C1Cc2c(CCN(CCC)CCC)ccc(O)c2N1,,C17H26N2O
C=C1c2c(Cl)ccc(O)c2C(O)=C2C(=O)C3(O)C(=O)/C(=C(/N)O)C(=O)C(N(C)C)C3C(O)C12,"7-chloro-4-(dimethylamino)-1,5,10,11,12a-pentahydroxy-6-methylidene-3,12-dioxo-4,4a,5,5a-tetrahydrotetracene-2-carboxamide",C22H21ClN2O8
C=C1c2cccc(O)c2C(O)=C2C(=O)[C@]3(O)C(=O)/C(=C(/N)O)C(=O)[C@@H](N(C)C)[C@@H]3[C@@H](O)[C@H]12,"(4S,4aR,5S,5aR,12aR)-4-(dimethylamino)-1,5,10,11,12a-pentahydroxy-6-methylidene-3,12-dioxo-4,4a,5,5a-tetrahydrotetracene-2-carboxamide",C22H22N2O8
C=C1c2ccccc2CN(CCCN(C)C)c2ccccc21,"N,N-dimethyl-3-(11-methylidene-6H-benzo[c][1]benzazepin-5-yl)propan-1-amine",C20H24N2
C=CC(N)CCC(=O)O,4-aminohex-5-enoic acid,C6H11NO2
C=CC1(C(C)CCC)C(=O)NC(=O)NC1=O,"5-ethenyl-5-pentan-2-yl-1,3-diazinane-2,4,6-trione",C11H16N2O3
C=CC1=C(C(=O)O)N2C(=O)[C@@H](NC(=O)/C(=N\O)c3csc(N)n3)[C@H]2SC1,"(6R,7R)-7-[[(2Z)-2-(2-amino-1,3-thiazol-4-yl)-2-hydroxyiminoacetyl]amino]-3-ethenyl-8-oxo-5-thia-1-azabicyclo[4.2.0]oct-2-ene-2-carboxylic acid",C14H13N5O5S2
C=CC1=C(C(=O)O)N2C(=O)[C@@H](NC(=O)/C(=N\OCC(=O)O)c3csc(N)n3)[C@H]2SC1,"(6R,7R)-7-[[(2Z)-2-(2-amino-1,3-thiazol-4-yl)-2-(carboxymethoxyimino)acetyl]amino]-3-ethenyl-8-oxo-5-thia-1-azabicyclo[4.2.0]oct-2-ene-2-carboxylic acid",C16H15N5O7S2
C=CC1CNCCC1CCCc1ccnc2ccc(OC)cc12,4-[3-(3-ethenylpiperidin-4-yl)propyl]-6-methoxyquinoline,C20H26N2O
C=CC1O[C@@H]2CC3C4CCC5=CC(=O)C=CC5(C)C4(F)C(O)CC3(C)[C@]2(C(=O)CO)O1,"(4R,8S)-6-ethenyl-12-fluoro-11-hydroxy-8-(2-hydroxyacetyl)-9,13-dimethyl-5,7-dioxapentacyclo[10.8.0.02,9.04,8.013,18]icosa-14,17-dien-16-one",C24H29FO6
C=CCC(CC)(CC)C(N)=O,"2,2-diethylpent-4-enamide",C9H17NO
C=CCC(N)Cc1ccccc1,1-phenylpent-4-en-2-amine,C11H15N
C=CCC(N)c1ccccc1-c1noc2ccccc12,"1-[2-(1,2-benzoxazol-3-yl)phenyl]but-3-en-1-amine",C17H16N2O
C=CCC1(C(C)C#CCC)C(=O)NC(=O)N(C)C1=O,"5-hex-3-yn-2-yl-1-methyl-5-prop-2-enyl-1,3-diazinane-2,4,6-trione",C14H18N2O3
C=CCC1(C(C)C)C(=O)NC(=O)NC1=O,"5-propan-2-yl-5-prop-2-enyl-1,3-diazinane-2,4,6-trione",C10H14N2O3
C=CCC1(C(C)CC)C(=O)NC(=O)NC1=O,"5-butan-2-yl-5-prop-2-enyl-1,3-diazinane-2,4,6-trione",C11H16N2O3
C=CCC1(C(C)CCC)C(=O)NC(=O)NC1=O,"5-pentan-2-yl-5-prop-2-enyl-1,3-diazinane-2,4,6-trione",C12H18N2O3
C=CCC1(C(C)CCC)C(=O)NC(=S)NC1=O,"5-pentan-2-yl-5-prop-2-enyl-2-sulfanylidene-1,3-diazinane-4,6-dione",C12H18N2O2S
C=CCC1(C2C=CCCC2)C(=O)NC(=S)NC1=O,"5-cyclohex-2-en-1-yl-5-prop-2-enyl-2-sulfanylidene-1,3-diazinane-4,6-dione",C13H16N2O2S
C=CCC1(CC(=C)Br)C(=O)NC(=O)NC1=O,"5-(2-bromoprop-2-enyl)-5-prop-2-enyl-1,3-diazinane-2,4,6-trione",C10H11BrN2O3
C=CCC1(CC(C)C)C(=O)NC(=O)NC1=O,"5-(2-methylpropyl)-5-prop-2-enyl-1,3-diazinane-2,4,6-trione",C11H16N2O3
C=CCC1(CC(C)(C)C)C(=O)NC(=O)NC1=O,"5-(2,2-dimethylpropyl)-5-prop-2-enyl-1,3-diazinane-2,4,6-trione",C12H18N2O3
C=CCC1(CC(C)O)C(=O)NC(=O)NC1=O,"5-(2-hydroxypropyl)-5-prop-2-enyl-1,3-diazinane-2,4,6-trione",C10H14N2O4
C=CCC1(CC=C)C(=O)NC(=O)NC1=O,"5,5-bis(prop-2-enyl)-1,3-diazinane-2,4,6-trione",C10H12N2O3
C=CCN1C(=O)C(CC(C)C)NC1=S,5-(2-methylpropyl)-3-prop-2-enyl-2-sulfanylideneimidazolidin-4-one,C10H16N2OS
C=CCN1C(=O)OC(C)C1=O,"5-methyl-3-prop-2-enyl-1,3-oxazolidine-2,4-dione",C7H9NO3
C=CCN1CCC23c4c5ccc(O)c4OC2C2(OC)C=CC3(CC2[C@](C)(O)CCC)C1C5,"19-[(2R)-2-hydroxypentan-2-yl]-15-methoxy-5-prop-2-enyl-13-oxa-5-azahexacyclo[13.2.2.12,8.01,6.02,14.012,20]icosa-8(20),9,11,16-tetraen-11-ol",C27H35NO4
C=CCN1CCC23c4c5ccc(OC(C)=O)c4OC2C(OC(C)=O)C=CC3C1C5,"(9-acetyloxy-3-prop-2-enyl-2,4,4a,7,7a,13-hexahydro-1H-4,12-methanobenzofuro[3,2-e]isoquinolin-7-yl) acetate",C23H25NO5
C=CCN1CCCC1CNC(=O)c1cc(S(=O)(=O)NC)c(N)cc1OC,4-amino-2-methoxy-5-(methylsulfamoyl)-N-[(1-prop-2-enylpyrrolidin-2-yl)methyl]benzamide,C17H26N4O4S
C=CCN1CCCC1CNC(=O)c1cc(S(N)(=O)=O)cc(OC)c1OC,"2,3-dimethoxy-N-[(1-prop-2-enylpyrrolidin-2-yl)methyl]-5-sulfamoylbenzamide",C17H25N3O5S
C=CCN1CC[C@]23c4c5ccc(O)c4O[C@H]2C(=O)CC[C@@]3(O)[C@H]1C5,"(4R,4aS,7aR,12bS)-4a,9-dihydroxy-3-prop-2-enyl-2,4,5,6,7a,13-hexahydro-1H-4,12-methanobenzofuro[3,2-e]isoquinolin-7-one",C19H21NO4
C=CCN1CC[C@]23CCCC[C@H]2[C@H]1Cc1ccc(O)cc13,"(1R,9R,10R)-17-prop-2-enyl-17-azatetracyclo[7.5.3.01,10.02,7]heptadeca-2(7),3,5-trien-4-ol",C19H25NO
C=CCN1CC[C@]23c4c5ccc(O)c4O[C@H]2[C@@H](O)C=C[C@H]3[C@H]1C5,"(4R,4aR,7S,7aR,12bS)-3-prop-2-enyl-2,4,4a,7,7a,13-hexahydro-1H-4,12-methanobenzofuro[3,2-e]isoquinoline-7,9-diol",C19H21NO3
C=CCN1C[C@H](C(=O)N(CCCN(C)C)C(=O)NCC)C[C@@H]2c3cccc4[nH]cc(c34)C[C@H]21,"(6aR,9R,10aR)-N-[3-(dimethylamino)propyl]-N-(ethylcarbamoyl)-7-prop-2-enyl-6,6a,8,9,10,10a-hexahydro-4H-indolo[4,3-fg]quinoline-9-carboxamide",C26H37N5O2
C=CCSCC(=O)NC1C(=O)N2C1SC(C)(C)C2C(=O)[O-].[Na+],"sodium 3,3-dimethyl-7-oxo-6-[(2-prop-2-enylsulfanylacetyl)amino]-4-thia-1-azabicyclo[3.2.0]heptane-2-carboxylate",C13H17N2NaO4S2
C=CCONC1=Nc2ccc(Cl)cc2C(c2ccccc2Cl)=NC1,"7-chloro-5-(2-chlorophenyl)-N-prop-2-enoxy-3H-1,4-benzodiazepin-2-amine",C18H15Cl2N3O
C=CC[C@H](N)c1ccccc1-c1noc2ccccc12,"(1S)-1-[2-(1,2-benzoxazol-3-yl)phenyl]but-3-en-1-amine",C17H16N2O
C=CC[C@@H]1/C=C(\C)C[C@H](C)C[C@H](OC)[C@H]2O[C@@](O)(C(=O)C(=O)N3CCCC[C@H]3C(=O)O[C@H](/C(C)=C/[C@@H]3CC[C@@H](O)[C@H](OC)C3)[C@H](C)[C@@H](O)CC1=O)[C@H](C)C[C@@H]2OC,"(1R,9S,12S,13R,14S,17R,18E,21S,23S,24R,25S,27R)-1,14-dihydroxy-12-[(E)-1-[(1R,3R,4R)-4-hydroxy-3-methoxycyclohexyl]prop-1-en-2-yl]-23,25-dimethoxy-13,19,21,27-tetramethyl-17-prop-2-enyl-11,28-dioxa-4-azatricyclo[22.3.1.04,9]octacos-18-ene-2,3,10,16-tetrone",C44H69NO12
C=COC=C,ethenoxyethene,C4H6O
C=COCC(F)(F)F,"2-ethenoxy-1,1,1-trifluoroethane",C4H5F3O
C=C[C@@H]1CNCC[C@H]1CCCc1ccnc2ccc(OC)cc12,"4-[3-[(3S,4R)-3-ethenylpiperidin-4-yl]propyl]-6-methoxyquinoline",C20H26N2O
C=C[C@H]1CN2CC[C@@H]1C[C@H]2[C@H](O)c1ccnc2ccc(OC)cc12,"(R)-[(2S,4R,5R)-5-ethenyl-1-azabicyclo[2.2.2]octan-2-yl]-(6-methoxyquinolin-4-yl)methanol",C20H24N2O2
C=C[C@H]1CN2CC[C@H]1C[C@@H]2[C@@H](O)c1ccnc2ccc(OC)cc12,"(S)-[(2R,4S,5R)-5-ethenyl-1-azabicyclo[2.2.2]octan-2-yl]-(6-methoxyquinolin-4-yl)methanol",C20H24N2O2
C=NC(C(=O)NC1C(=O)N2C1SC(C)(C)C2C(=O)O)c1ccccc1,"3,3-dimethyl-6-[[2-(methylideneamino)-2-phenylacetyl]amino]-7-oxo-4-thia-1-azabicyclo[3.2.0]heptane-2-carboxylic acid",C17H19N3O4S
CC#C[C@]1(O)CC[C@H]2[C@@H]3CCC4=CC(=O)CCC4=C3[C@@H](c3ccc(N(C)C)cc3)C[C@@]21C,"(8S,11R,13S,14S,17S)-11-[4-(dimethylamino)phenyl]-17-hydroxy-13-methyl-17-prop-1-ynyl-1,2,6,7,8,11,12,14,15,16-decahydrocyclopenta[a]phenanthren-3-one",C29H35NO2
CC(=O)C1(O)CCC2C3CCC4=CC(=O)C=CC4(C)C3C(O)CC21C,"17-acetyl-11,17-dihydroxy-10,13-dimethyl-7,8,9,11,12,14,15,16-octahydro-6H-cyclopenta[a]phenanthren-3-one",C21H28O4
CC(=O)C12OC(C)(C)OC1CC1C3CCC4=CC(=O)CCC4(C)C3CCC12C,"8-acetyl-6,6,9,13-tetramethyl-5,7-dioxapentacyclo[10.8.0.02,9.04,8.013,18]icos-17-en-16-one",C24H34O4
CC(=O)C1=C(O)[C@@]2(O)C(=O)c3c(c(C)c4ccc(C)c(O)c4c3O)C[C@H]2[C@@H](N)C1=O,"(1R,4aR,12aS)-3-acetyl-1-amino-4,4a,6,7-tetrahydroxy-8,11-dimethyl-12,12a-dihydro-1H-tetracene-2,5-dione",C22H21NO7
CC(=O)C1CCC2C3CC(C)C4=CC(=O)C=CC4(C)C3C(O)CC12C,"17-acetyl-11-hydroxy-6,10,13-trimethyl-6,7,8,9,11,12,14,15,16,17-decahydrocyclopenta[a]phenanthren-3-one",C22H30O3
CC(=O)C1CCC2C3CC=C4CC(OC(=O)CCC(=O)O)CCC4(C)C3CCC12C,"4-[(17-acetyl-10,13-dimethyl-2,3,4,7,8,9,11,12,14,15,16,17-dodecahydro-1H-cyclopenta[a]phenanthren-3-yl)oxy]-4-oxobutanoic acid",C25H36O5
CC(=O)CC(c1ccccc1)c1c(O)oc2ccccc2c1=O,4-hydroxy-3-(3-oxo-1-phenylbutyl)chromen-2-one,C19H16O4
CC(=O)N1CCN(C(=O)Cc2cc(F)cc(F)c2)[C@@H](CN2CC[C@@H](O)C2)C1,"1-[(2S)-4-acetyl-2-[[(3R)-3-hydroxypyrrolidin-1-yl]methyl]piperazin-1-yl]-2-(3,5-difluorophenyl)ethanone",C19H25F2N3O3
CC(=O)N1CCN(C(=O)Cc2ccc(C(F)(F)F)cc2)[C@@H](CN2CC[C@@H](O)C2)C1,1-[(2S)-4-acetyl-2-[[(3R)-3-hydroxypyrrolidin-1-yl]methyl]piperazin-1-yl]-2-[4-(trifluoromethyl)phenyl]ethanone,C20H26F3N3O3
CC(=O)N1CCN(C(=O)Cc2ccc(Cl)c(Cl)c2)[C@@H](CN2CCCC2)C1,"1-[(2S)-4-acetyl-2-(pyrrolidin-1-ylmethyl)piperazin-1-yl]-2-(3,4-dichlorophenyl)ethanone",C19H25Cl2N3O2
CC(=O)N1CCN(C(=O)Cc2ccc(Cl)c(Cl)c2)[C@@H](CN2CC[C@@H](O)C2)C1,"1-[(2S)-4-acetyl-2-[[(3R)-3-hydroxypyrrolidin-1-yl]methyl]piperazin-1-yl]-2-(3,4-dichlorophenyl)ethanone",C19H25Cl2N3O3
CC(=O)N1CCN(C(=O)Cc2ccc(S(C)(=O)=O)cc2)[C@@H](CN2CC[C@H](O)C2)C1,1-[(2S)-4-acetyl-2-[[(3S)-3-hydroxypyrrolidin-1-yl]methyl]piperazin-1-yl]-2-(4-methylsulfonylphenyl)ethanone,C20H29N3O5S
CC(=O)N1CCN(C(=O)Cc2ccc([N+](=O)[O-])cc2)[C@@H](CN2CC[C@H](O)C2)C1,1-[(2S)-4-acetyl-2-[[(3S)-3-hydroxypyrrolidin-1-yl]methyl]piperazin-1-yl]-2-(4-nitrophenyl)ethanone,C19H26N4O5
CC(=O)N1CCN(C(=O)Cc2ccc([S@@](C)=O)cc2)[C@@H](CN2CC[C@H](O)C2)C1,,C20H29N3O4S
CC(=O)N1CCN(C(=O)Cc2cccc([N+](=O)[O-])c2)[C@@H](CN2CC[C@H](O)C2)C1,1-[(2S)-4-acetyl-2-[[(3S)-3-hydroxypyrrolidin-1-yl]methyl]piperazin-1-yl]-2-(3-nitrophenyl)ethanone,C19H26N4O5
CC(=O)N1CCN(C(=O)Cc2ccccc2)[C@@H](CN2CC[C@@H](O)C2)C1,1-[(2S)-4-acetyl-2-[[(3R)-3-hydroxypyrrolidin-1-yl]methyl]piperazin-1-yl]-2-phenylethanone,C19H27N3O3
CC(=O)N1CCN(c2ccc(OC[C@H]3CO[C@](Cn4ccnc4)(c4ccc(Cl)cc4Cl)O3)cc2)CC1,"1-[4-[4-[[(2R,4S)-2-(2,4-dichlorophenyl)-2-(imidazol-1-ylmethyl)-1,3-dioxolan-4-yl]methoxy]phenyl]piperazin-1-yl]ethanone",C26H28Cl2N4O4
CC(=O)NC(CCC(N)=O)C(=O)O,2-acetamido-5-amino-5-oxopentanoic acid,C7H12N2O4
CC(=O)NCC1(c2ccccc2)CCN(CCCC(=O)c2ccc(F)cc2)CC1,N-[[1-[4-(4-fluorophenyl)-4-oxobutyl]-4-phenylpiperidin-4-yl]methyl]acetamide,C24H29FN2O2
CC(=O)NCCCN1CCN(c2cc(Cl)ccc2Cl)CC1,"N-[3-[4-(2,5-dichlorophenyl)piperazin-1-yl]propyl]acetamide",C15H21Cl2N3O
CC(=O)NCCCOc1cccc(CN2CCCCC2)c1,N-[3-[3-(piperidin-1-ylmethyl)phenoxy]propyl]acetamide,C17H26N2O2
CC(=O)NCCC[C@H](NC(C)=O)C(=O)O,"(2S)-2,5-diacetamidopentanoic acid",C9H16N2O4
CC(=O)NCCn1c(C)cc(C=O)c1C,"N-[2-(3-formyl-2,5-dimethylpyrrol-1-yl)ethyl]acetamide",C11H16N2O2
CC(=O)NNC(=O)CC(O)(c1ccccc1)c1ccccc1,"N'-acetyl-3-hydroxy-3,3-diphenylpropanehydrazide",C17H18N2O3
CC(=O)Nc1ccc(O)cc1,N-(4-hydroxyphenyl)acetamide,C8H9NO2
CC(=O)Nc1c(I)c(NC(C)=O)c(I)c(C(=O)[O-])c1I.[Na+],"sodium 3,5-diacetamido-2,4,6-triiodobenzoate",C11H8I3N2NaO4
CC(=O)Nc1ccc(OC(=O)[C@@H]2CCC(=O)N2)cc1,(4-acetamidophenyl) (2S)-5-oxopyrrolidine-2-carboxylate,C13H14N2O4
CC(=O)Nc1ccc(OC(=O)c2ccccc2O)cc1,(4-acetamidophenyl) 2-hydroxybenzoate,C15H13NO4
CC(=O)Nc1ccc(OC(=O)c2ccccc2OC(C)=O)cc1,(4-acetamidophenyl) 2-acetyloxybenzoate,C17H15NO5
CC(=O)Nc1ccc(OC(C)(C)C)cc1,N-[4-[(2-methylpropan-2-yl)oxy]phenyl]acetamide,C12H17NO2
CC(=O)Nc1cccc(-c2csc(N=C(N)N)n2)c1,"N-[3-[2-(diaminomethylideneamino)-1,3-thiazol-4-yl]phenyl]acetamide",C12H13N5OS
CC(=O)Nc1cccc(O)c1,N-(3-hydroxyphenyl)acetamide,C8H9NO2
CC(=O)Nc1nnc(S(N)(=O)=O)s1,"N-(5-sulfamoyl-1,3,4-thiadiazol-2-yl)acetamide",C4H6N4O3S2
CC(=O)O.CN1CCc2cc(Cl)c(O)cc2[C@@H](c2cccc3c2OCC3)C1,"acetic acid;(5S)-8-chloro-5-(2,3-dihydro-1-benzofuran-7-yl)-3-methyl-1,2,4,5-tetrahydro-3-benzazepin-7-ol",C21H24ClNO4
CC(=O)OC(c1ccccc1)C1CCCCN1,[phenyl(piperidin-2-yl)methyl] acetate,C14H19NO2
CC(=O)OC1/C=C/C(C)=C/CC(O)/C=C/C(C)=C/C(NC(=O)C(C)=O)C2(C)C(=O)OC(C1)C(C)C2=O,"[(3E,5E,9E,11E)-7-hydroxy-1,4,10,19-tetramethyl-17,18-dioxo-2-(2-oxopropanoylamino)-16-oxabicyclo[13.2.2]nonadeca-3,5,9,11-tetraen-13-yl] acetate",C27H35NO8
CC(=O)OC1CC[C@@]2(C)C([C@@H]1Br)[C@H](Br)C[C@@H]1[C@@H]2CC[C@@]2(C)[C@H]1CC[C@@H]2[C@H](C)CCCC(C)C,"[(4S,6R,8S,9S,10R,13R,14S,17R)-4,6-dibromo-10,13-dimethyl-17-[(2R)-6-methylheptan-2-yl]-2,3,4,5,6,7,8,9,11,12,14,15,16,17-tetradecahydro-1H-cyclopenta[a]phenanthren-3-yl] acetate",C29H48Br2O2
CC(=O)OCC(=O)C12N=C(C)OC1CC1C3CCC4=CC(=O)C=CC4(C)[C@@]3(F)C(O)CC12C,"[2-[(12R)-12-fluoro-11-hydroxy-6,9,13-trimethyl-16-oxo-5-oxa-7-azapentacyclo[10.8.0.02,9.04,8.013,18]icosa-6,14,17-trien-8-yl]-2-oxoethyl] acetate",C25H30FNO6
CC(=O)OCC(=O)C1(O)C(C)CC2C3CC(F)(F)C4=CC(=O)C=CC4(C)C3(F)C(O)CC21C,"[2-oxo-2-(6,6,9-trifluoro-11,17-dihydroxy-10,13,16-trimethyl-3-oxo-8,11,12,14,15,16-hexahydro-7H-cyclopenta[a]phenanthren-17-yl)ethyl] acetate",C24H29F3O6
CC(=O)OCC(=O)OCC/C(SC(=O)c1ccco1)=C(/C)N(C=O)Cc1cnc(C)nc1N,[(E)-4-[(4-amino-2-methylpyrimidin-5-yl)methyl-formylamino]-3-(furan-2-carbonylsulfanyl)pent-3-enyl] 2-acetyloxyacetate,C21H24N4O7S
CC(=O)OCC(=O)[C@@]1(O)CCC2C3CCC4=CC(=O)C=CC4(C)[C@@]3(Cl)C(Cl)CC21C,"[2-[(9R,17R)-9,11-dichloro-17-hydroxy-10,13-dimethyl-3-oxo-6,7,8,11,12,14,15,16-octahydrocyclopenta[a]phenanthren-17-yl]-2-oxoethyl] acetate",C23H28Cl2O5
CC(=O)OCC(=O)[C@@]1(O)CC[C@H]2[C@@H]3CCC4=CC(=O)C=C[C@]4(C)[C@@]3(F)[C@@H](O)C[C@@]21C,"[2-[(8S,9R,10S,11S,13S,14S,17R)-9-fluoro-11,17-dihydroxy-10,13-dimethyl-3-oxo-6,7,8,11,12,14,15,16-octahydrocyclopenta[a]phenanthren-17-yl]-2-oxoethyl] acetate",C23H29FO6
CC(=O)OCC(=O)[C@@]1(O)CC[C@H]2[C@@H]3CCC4=CC(=O)C=C[C@]4(C)[C@H]3[C@@H](O)C[C@@]21C,"[2-[(8S,9S,10R,11S,13S,14S,17R)-11,17-dihydroxy-10,13-dimethyl-3-oxo-7,8,9,11,12,14,15,16-octahydro-6H-cyclopenta[a]phenanthren-17-yl]-2-oxoethyl] acetate",C23H30O6
CC(=O)OCC(=O)[C@@]1(O)CC[C@H]2[C@@H]3CCC4=CC(=O)CC[C@]4(C)[C@@]3(F)[C@@H](O)C[C@@]21C,"[2-[(8S,9R,10S,11S,13S,14S,17R)-9-fluoro-11,17-dihydroxy-10,13-dimethyl-3-oxo-1,2,6,7,8,11,12,14,15,16-decahydrocyclopenta[a]phenanthren-17-yl]-2-oxoethyl] acetate",C23H31FO6
CC(=O)OCC(=O)[C@@]1(O)CC[C@H]2[C@@H]3CCC4=CC(=O)CC[C@]4(C)[C@H]3C(=O)C[C@@]21C,"[2-[(8S,9S,10R,13S,14S,17R)-17-hydroxy-10,13-dimethyl-3,11-dioxo-1,2,6,7,8,9,12,14,15,16-decahydrocyclopenta[a]phenanthren-17-yl]-2-oxoethyl] acetate",C23H30O6
CC(=O)OCC(=O)[C@@]1(O)CC[C@H]2[C@@H]3CCC4=CC(=O)CC[C@]4(C)[C@H]3[C@@H](O)C[C@@]21C,"[2-[(8S,9S,10R,11S,13S,14S,17R)-11,17-dihydroxy-10,13-dimethyl-3-oxo-2,6,7,8,9,11,12,14,15,16-decahydro-1H-cyclopenta[a]phenanthren-17-yl]-2-oxoethyl] acetate",C23H32O6
CC(=O)OCC(=O)[C@@]1(O)CC[C@H]2[C@@H]3C[C@H](C)C4=CC(=O)C=C[C@]4(C)[C@H]3[C@@H](O)C[C@@]21C,"[2-[(6S,8S,9S,10R,11S,13S,14S,17R)-11,17-dihydroxy-6,10,13-trimethyl-3-oxo-7,8,9,11,12,14,15,16-octahydro-6H-cyclopenta[a]phenanthren-17-yl]-2-oxoethyl] acetate",C24H32O6
CC(=O)OCC(=O)[C@@]1(O)CC[C@H]2[C@@H]3C[C@H](Cl)C4=CC(=O)C=C[C@]4(C)[C@H]3C(=O)C[C@@]21C,"[2-[(6S,8S,9S,10R,13S,14S,17R)-6-chloro-17-hydroxy-10,13-dimethyl-3,11-dioxo-6,7,8,9,12,14,15,16-octahydrocyclopenta[a]phenanthren-17-yl]-2-oxoethyl] acetate",C23H27ClO6
CC(=O)OCC(=O)[C@@]1(O)[C@@H](C)C[C@H]2[C@@H]3CCC4=CC(=O)C=C[C@]4(C)[C@@]3(F)[C@@H](O)C[C@@]21C,"[2-[(8S,9R,10S,11S,13S,14S,16S,17R)-9-fluoro-11,17-dihydroxy-10,13,16-trimethyl-3-oxo-6,7,8,11,12,14,15,16-octahydrocyclopenta[a]phenanthren-17-yl]-2-oxoethyl] acetate",C24H31FO6
CC(=O)OCC(=O)[C@@]1(O)[C@H](C)C[C@H]2[C@@H]3C=C(C)C4=Cc5c(cnn5-c5ccccc5)C[C@]4(C)[C@H]3[C@@H](O)C[C@@]21C,"[2-[(1S,2R,13S,14S,16R,17R,18S,20S)-17,20-dihydroxy-2,11,16,18-tetramethyl-7-phenyl-6,7-diazapentacyclo[11.7.0.02,10.04,8.014,18]icosa-4(8),5,9,11-tetraen-17-yl]-2-oxoethyl] acetate",C32H38N2O5
CC(=O)OCC(=O)[C@@]1(O)[C@H](C)C[C@H]2[C@@H]3C[C@H](F)C4=CC(=O)C=C[C@]4(C)[C@H]3[C@@H](O)C[C@@]21C,"[2-[(6S,8S,9S,10R,11S,13S,14S,16R,17R)-6-fluoro-11,17-dihydroxy-10,13,16-trimethyl-3-oxo-7,8,9,11,12,14,15,16-octahydro-6H-cyclopenta[a]phenanthren-17-yl]-2-oxoethyl] acetate",C24H31FO6
CC(=O)OCC(=O)[C@@]1(O)[C@H](OC(C)=O)C[C@H]2[C@@H]3CCC4=CC(=O)C=C[C@]4(C)[C@@]3(F)[C@@H](O)C[C@@]21C,"[2-[(8S,9R,10S,11S,13S,14S,16R,17S)-16-acetyloxy-9-fluoro-11,17-dihydroxy-10,13-dimethyl-3-oxo-6,7,8,11,12,14,15,16-octahydrocyclopenta[a]phenanthren-17-yl]-2-oxoethyl] acetate",C25H31FO8
CC(=O)OCC(=O)[C@@]1(OC(=O)C(C)C)[C@@H](C)C[C@H]2[C@@H]3CCC4=CC(=O)C=C[C@]4(C)[C@@]3(F)[C@@H](O)C[C@@]21C,"[(8S,9R,10S,11S,13S,14S,16S,17R)-17-(2-acetyloxyacetyl)-9-fluoro-11-hydroxy-10,13,16-trimethyl-3-oxo-6,7,8,11,12,14,15,16-octahydrocyclopenta[a]phenanthren-17-yl] 2-methylpropanoate",C28H37FO7
CC(=O)OCC(=O)[C@@]1(OC(=O)c2ccco2)[C@H](C)C[C@H]2[C@@H]3CCC4=CC(=O)C=C[C@]4(C)[C@@]3(F)[C@@H](O)C[C@@]21C,"[(8S,9R,10S,11S,13S,14S,16R,17R)-17-(2-acetyloxyacetyl)-9-fluoro-11-hydroxy-10,13,16-trimethyl-3-oxo-6,7,8,11,12,14,15,16-octahydrocyclopenta[a]phenanthren-17-yl] furan-2-carboxylate",C29H33FO8
CC(=O)OCC(=O)[C@@]1(OC(C)=O)[C@@H](C)C[C@H]2[C@@H]3C[C@H](F)C4=CC(=O)C=C[C@]4(C)[C@@]3(F)[C@@H](O)C[C@@]21C,"[2-[(6S,8S,9R,10S,11S,13S,14S,16S,17R)-17-acetyloxy-6,9-difluoro-11-hydroxy-10,13,16-trimethyl-3-oxo-6,7,8,11,12,14,15,16-octahydrocyclopenta[a]phenanthren-17-yl]-2-oxoethyl] acetate",C26H32F2O7
CC(=O)OCC(=O)[C@@]12OC(C)(C)O[C@@H]1CC1C3CC(C=O)=C4C=C(OCCCl)CCC4(C)[C@@]3(F)C(O)CC12C,"[2-[(4R,8S,12R)-16-(2-chloroethoxy)-12-fluoro-19-formyl-11-hydroxy-6,6,9,13-tetramethyl-5,7-dioxapentacyclo[10.8.0.02,9.04,8.013,18]icosa-16,18-dien-8-yl]-2-oxoethyl] acetate",C29H38ClFO8
CC(=O)OCC(=O)[C@@]12N=C(C)O[C@@H]1C[C@H]1[C@@H]3CCC4=CC(=O)C=C[C@]4(C)[C@H]3[C@@H](O)C[C@@]12C,"[2-[(1S,2S,4R,8S,9S,11S,12S,13R)-11-hydroxy-6,9,13-trimethyl-16-oxo-5-oxa-7-azapentacyclo[10.8.0.02,9.04,8.013,18]icosa-6,14,17-trien-8-yl]-2-oxoethyl] acetate",C25H31NO6
CC(=O)OCC(=O)[C@@]12OC(C)(C)O[C@@H]1C[C@H]1C3CC(C#N)=C4C=C(OCCCl)CCC4(C)[C@@]3(F)C(O)CC12C,"[2-[(2S,4R,8S,12R)-16-(2-chloroethoxy)-19-cyano-12-fluoro-11-hydroxy-6,6,9,13-tetramethyl-5,7-dioxapentacyclo[10.8.0.02,9.04,8.013,18]icosa-16,18-dien-8-yl]-2-oxoethyl] acetate",C29H37ClFNO7
CC(=O)OCC(=O)[C@@]12OC(C)(C)O[C@@H]1CC1C3C[C@H](F)C4=CC(=O)C=CC4(C)[C@H]3C(O)CC12C,"[2-[(4R,8S,12S,19S)-19-fluoro-11-hydroxy-6,6,9,13-tetramethyl-16-oxo-5,7-dioxapentacyclo[10.8.0.02,9.04,8.013,18]icosa-14,17-dien-8-yl]-2-oxoethyl] acetate",C26H33FO7
CC(=O)OCC(=O)[C@@]12OC3(CCCC3)O[C@@H]1C[C@H]1[C@@H]3CCC4=CC(=O)C=C[C@]4(C)[C@@]3(F)[C@@H](O)C[C@@]12C,"[2-[(1S,2S,4R,8S,9S,11S,12R,13S)-12-fluoro-11-hydroxy-9,13-dimethyl-16-oxospiro[5,7-dioxapentacyclo[10.8.0.02,9.04,8.013,18]icosa-14,17-diene-6,1'-cyclopentane]-8-yl]-2-oxoethyl] acetate",C28H35FO7
CC(=O)OCC(=O)[C@@]12OC(C)(C)O[C@@H]1C[C@H]1[C@@H]3C[C@H](F)C4=CC(=O)C=C[C@]4(C)[C@@]3(F)[C@@H](O)C[C@@]12C,"[2-[(1S,2S,4R,8S,9S,11S,12R,13S,19S)-12,19-difluoro-11-hydroxy-6,6,9,13-tetramethyl-16-oxo-5,7-dioxapentacyclo[10.8.0.02,9.04,8.013,18]icosa-14,17-dien-8-yl]-2-oxoethyl] acetate",C26H32F2O7
CC(=O)OCC(CCn1cnc2cnc(N)nc21)COC(C)=O,[2-(acetyloxymethyl)-4-(2-aminopurin-9-yl)butyl] acetate,C14H19N5O4
CC(=O)OCC(=O)[C@H]1[C@H](C)C[C@H]2[C@@H]3C[C@H](F)C4=CC(=O)C=C[C@]4(C)C3(Cl)[C@@H](O)C[C@@]21C,"[2-[(6S,8S,10S,11S,13S,14S,16R,17S)-9-chloro-6-fluoro-11-hydroxy-10,13,16-trimethyl-3-oxo-7,8,11,12,14,15,16,17-octahydro-6H-cyclopenta[a]phenanthren-17-yl]-2-oxoethyl] acetate",C24H30ClFO5
CC(=O)OCC/C(SC(C)=O)=C(/C)N(C=O)Cc1cnc(C)nc1N,[(E)-3-acetylsulfanyl-4-[(4-amino-2-methylpyrimidin-5-yl)methyl-formylamino]pent-3-enyl] acetate,C16H22N4O4S
CC(=O)OCC1=C(C(=O)O)N2C(=O)[C@@H](NC(=O)CCC[C@@H](N)C(=O)O)[C@H]2SC1,"(6R,7R)-3-(acetyloxymethyl)-7-[[(5R)-5-amino-5-carboxypentanoyl]amino]-8-oxo-5-thia-1-azabicyclo[4.2.0]oct-2-ene-2-carboxylic acid",C16H21N3O8S
CC(=O)OCC1=C(C(=O)O)N2C(=O)[C@@H](NC(=O)Cc3ccccc3)[C@H]2SC1,"(6R,7R)-3-(acetyloxymethyl)-8-oxo-7-[(2-phenylacetyl)amino]-5-thia-1-azabicyclo[4.2.0]oct-2-ene-2-carboxylic acid",C18H18N2O6S
CC(=O)OCC1=C(C(=O)O)N2C(=O)[C@@H](NC(=O)CSc3ccncc3)[C@H]2SC1,"(6R,7R)-3-(acetyloxymethyl)-8-oxo-7-[(2-pyridin-4-ylsulfanylacetyl)amino]-5-thia-1-azabicyclo[4.2.0]oct-2-ene-2-carboxylic acid",C17H17N3O6S2
CC(=O)OCC1=C(C(=O)O)N2C(=O)[C@@H](NC(=O)Cc3cccs3)[C@H]2SC1,"(6R,7R)-3-(acetyloxymethyl)-8-oxo-7-[(2-thiophen-2-ylacetyl)amino]-5-thia-1-azabicyclo[4.2.0]oct-2-ene-2-carboxylic acid",C16H16N2O6S2
CC(=O)OCC1=C(C(=O)O)N2C(=O)[C@@H](NC(=O)[C@H](N)c3ccccc3)[C@H]2SC1.O.O,"(6R,7R)-3-(acetyloxymethyl)-7-[[(2R)-2-amino-2-phenylacetyl]amino]-8-oxo-5-thia-1-azabicyclo[4.2.0]oct-2-ene-2-carboxylic acid;dihydrate",C18H23N3O8S
CC(=O)OCC1=C(C(=O)O)N2C(=O)[C@@H](NC(=O)c3c(-c4ccccc4Cl)noc3C)[C@H]2SC1,"(6R,7R)-3-(acetyloxymethyl)-7-[[3-(2-chlorophenyl)-5-methyl-1,2-oxazole-4-carbonyl]amino]-8-oxo-5-thia-1-azabicyclo[4.2.0]oct-2-ene-2-carboxylic acid",C21H18ClN3O7S
CC(=O)OCC1=C(C(=O)[O-])N2C(=O)[C@H](NC(=O)CC#N)[C@@H]2SC1.[Na+],"sodium (6S,7S)-3-(acetyloxymethyl)-7-[(2-cyanoacetyl)amino]-8-oxo-5-thia-1-azabicyclo[4.2.0]oct-2-ene-2-carboxylate",C13H12N3NaO6S
CC(=O)OCC1=CO[C@@H](OC(=O)CC(C)C)[C@H]2C1=C[C@H](OC(=O)CC(C)(C)OC(C)=O)[C@]21CO1,"[(1S,6S,7R,7aS)-4-(acetyloxymethyl)-1-(3-methylbutanoyloxy)spiro[6,7a-dihydro-1H-cyclopenta[c]pyran-7,2'-oxirane]-6-yl] 3-acetyloxy-3-methylbutanoate",C24H32O10
CC(=O)OCC1=CO[C@@H](OC(=O)CC(C)C)[C@H]2C1=C[C@H](OC(=O)CC(C)C)[C@]21CO1,"[(1S,6S,7R,7aS)-4-(acetyloxymethyl)-1-(3-methylbutanoyloxy)spiro[6,7a-dihydro-1H-cyclopenta[c]pyran-7,2'-oxirane]-6-yl] 3-methylbutanoate",C22H30O8
CC(=O)OCCN1CCN(CCCN2c3ccccc3Sc3ccc(Cl)cc32)CC1,2-[4-[3-(2-chlorophenothiazin-10-yl)propyl]piperazin-1-yl]ethyl acetate,C23H28ClN3O2S
CC(=O)OCOC(=O)C1N2C(=O)C(NC(=O)Cc3ccccc3)C2SC1(C)C,"acetyloxymethyl 3,3-dimethyl-7-oxo-6-[(2-phenylacetyl)amino]-4-thia-1-azabicyclo[3.2.0]heptane-2-carboxylate",C19H22N2O6S
CC(=O)O[C@@H](C)C(=O)[C@@]1(O)CC[C@H]2[C@@H]3CCC4=CC(=O)C=C[C@]4(C)[C@@]3(F)[C@@H](O)C[C@@]21C,"[(2S)-1-[(8S,9R,10S,11S,13S,14S,17R)-9-fluoro-11,17-dihydroxy-10,13-dimethyl-3-oxo-6,7,8,11,12,14,15,16-octahydrocyclopenta[a]phenanthren-17-yl]-1-oxopropan-2-yl] acetate",C24H31FO6
CC(=O)O[C@@]12CO[C@@H]1C[C@H](O)[C@@]1(C)C(=O)[C@H](O)C3=C(C)[C@@H](OC(=O)[C@H](O)[C@@H](NC(=O)OC(C)(C)C)c4ccccc4)C[C@@](O)([C@@H](OC(=O)c4ccccc4)[C@@H]12)C3(C)C,"[(1S,2S,3R,4S,7R,9S,10S,12R,15S)-4-acetyloxy-1,9,12-trihydroxy-15-[(2R,3S)-2-hydroxy-3-[(2-methylpropan-2-yl)oxycarbonylamino]-3-phenylpropanoyl]oxy-10,14,17,17-tetramethyl-11-oxo-6-oxatetracyclo[11.3.1.03,10.04,7]heptadec-13-en-2-yl] benzoate",C43H53NO14
CC(=O)O[C@H]1C(=O)[C@@]2(C)C([C@H](OC(=O)c3ccccc3)[C@]3(O)C[C@H](OC(=O)[C@H](O)[C@@H](NC(=O)c4ccccc4)c4ccccc4)C(C)=C1C3(C)C)[C@]1(OC(C)=O)CO[C@@H]1C[C@@H]2O,"[(1S,2S,4S,7R,9S,10S,12R,15S)-4,12-diacetyloxy-15-[(2R,3S)-3-benzamido-2-hydroxy-3-phenylpropanoyl]oxy-1,9-dihydroxy-10,14,17,17-tetramethyl-11-oxo-6-oxatetracyclo[11.3.1.03,10.04,7]heptadec-13-en-2-yl] benzoate",C47H51NO14
CC(=O)O[C@H]1C[C@@]2(C)[C@@H](C[C@@H](O)[C@H]3[C@@]4(C)CC[C@@H](O)[C@@H](C)[C@@H]4CC[C@@]32C)/C1=C(\CCC=C(C)C)C(=O)O,"(2Z)-2-[(3R,4S,5S,8S,9S,10S,11R,13R,14S,16S)-16-acetyloxy-3,11-dihydroxy-4,8,10,14-tetramethyl-2,3,4,5,6,7,9,11,12,13,15,16-dodecahydro-1H-cyclopenta[a]phenanthren-17-ylidene]-6-methylhept-5-enoic acid",C31H48O6
CC(=O)O[C@H]1C[C@@H]2C(COC(=O)CC(C)C)=CO[C@@H](OC(=O)CC(C)C)[C@@H]2[C@@]12CO2,"[(1S,4aS,6S,7R,7aS)-6-acetyloxy-1-(3-methylbutanoyloxy)spiro[4a,5,6,7a-tetrahydro-1H-cyclopenta[c]pyran-7,2'-oxirane]-4-yl]methyl 3-methylbutanoate",C22H32O8
CC(=O)Oc1ccc2c3c1O[C@H]1[C@@H](OC(C)=O)C=C[C@H]4[C@@H](C2)N(C)CC[C@]314,"[(4R,4aR,7S,7aR,12bS)-9-acetyloxy-3-methyl-2,4,4a,7,7a,13-hexahydro-1H-4,12-methanobenzofuro[3,2-e]isoquinolin-7-yl] acetate",C21H23NO5
CC(=O)O[C@]1(C(C)=O)CC[C@H]2[C@@H]3C[C@H](C)C4=CC(=O)C=C[C@]4(C)[C@@]3(F)[C@@H](O)C[C@@]21C,"[(6S,8S,9R,10S,11S,13S,14S,17R)-17-acetyl-9-fluoro-11-hydroxy-6,10,13-trimethyl-3-oxo-6,7,8,11,12,14,15,16-octahydrocyclopenta[a]phenanthren-17-yl] acetate",C24H31FO5
CC(=O)SCC(Cc1ccccc1)C(=O)NCC(=O)OCc1ccccc1,benzyl 2-[[2-(acetylsulfanylmethyl)-3-phenylpropanoyl]amino]acetate,C21H23NO4S
CC(=O)Oc1ccccc1C(=O)O,2-acetyloxybenzoic acid,C9H8O4
CC(=O)S[C@@H]1CC2=CC(=O)CC[C@]2(C)[C@H]2CC[C@@]3(C)[C@@H](CC[C@@]34CCC(=O)O4)[C@@H]21,"S-[(7R,8R,9S,10R,13S,14S,17R)-10,13-dimethyl-3,5'-dioxospiro[2,6,7,8,9,11,12,14,15,16-decahydro-1H-cyclopenta[a]phenanthrene-17,2'-oxolane]-7-yl] ethanethioate",C24H32O4S
CC(=O)[C@@]1(O)CC[C@H]2[C@@H]3C[C@H](C)C4=CC(=O)C=C[C@]4(C)[C@@]3(F)[C@@H](O)C[C@@]21C,"(6S,8S,9R,10S,11S,13S,14S,17R)-17-acetyl-9-fluoro-11,17-dihydroxy-6,10,13-trimethyl-6,7,8,11,12,14,15,16-octahydrocyclopenta[a]phenanthren-3-one",C22H29FO4
CC(=O)[C@@]1(O)[C@@H](C)C[C@H]2[C@@H]3CCC4=CC(=O)C=C[C@]4(C)[C@@]3(F)[C@@H](O)C[C@@]21C,"(8S,9R,10S,11S,13S,14S,16S,17R)-17-acetyl-9-fluoro-11,17-dihydroxy-10,13,16-trimethyl-6,7,8,11,12,14,15,16-octahydrocyclopenta[a]phenanthren-3-one",C22H29FO4
CC(=O)[C@@]1(O)[C@H](O)C[C@H]2[C@@H]3CCC4=CC(=O)C=C[C@]4(C)[C@@]3(F)[C@@H](O)C[C@@]21C,"(8S,9R,10S,11S,13S,14S,16R,17S)-17-acetyl-9-fluoro-11,16,17-trihydroxy-10,13-dimethyl-6,7,8,11,12,14,15,16-octahydrocyclopenta[a]phenanthren-3-one",C21H27FO5
CC(=O)[C@@]1(O)[C@H](O)C[C@H]2[C@@H]3CCC4=CC(=O)CC[C@]4(C)[C@H]3CC[C@@]21C,"(8R,9S,10R,13S,14S,16R,17S)-17-acetyl-16,17-dihydroxy-10,13-dimethyl-2,6,7,8,9,11,12,14,15,16-decahydro-1H-cyclopenta[a]phenanthren-3-one",C21H30O4
CC(=O)[C@H]1CC[C@H]2[C@@H]3CCC4=CC(=O)CC[C@]4(C)[C@H]3CC[C@]12C,"(8S,9S,10R,13S,14S,17S)-17-acetyl-10,13-dimethyl-1,2,6,7,8,9,11,12,14,15,16,17-dodecahydrocyclopenta[a]phenanthren-3-one",C21H30O2
CC(=O)[C@H]1CC[C@H]2[C@@H]3CC[C@@H]4C[C@H](O)CC[C@]4(C)[C@H]3CC[C@]12C,"1-[(3R,5R,8R,9S,10S,13S,14S,17S)-3-hydroxy-10,13-dimethyl-2,3,4,5,6,7,8,9,11,12,14,15,16,17-tetradecahydro-1H-cyclopenta[a]phenanthren-17-yl]ethanone",C21H34O2
CC(=O)[C@H]1CC[C@H]2[C@@H]3CC[C@H]4C[C@H](O)CC[C@]4(C)[C@H]3C(=O)C[C@]12C,"(3R,5S,8S,9S,10S,13S,14S,17S)-17-acetyl-3-hydroxy-10,13-dimethyl-1,2,3,4,5,6,7,8,9,12,14,15,16,17-tetradecahydrocyclopenta[a]phenanthren-11-one",C21H32O3
CC(=O)[C@H]1CC[C@H]2[C@@H]3C[C@@H](O)C45CC4CC[C@]5(C)[C@H]3CC[C@]12C,"1-[(1S,2R,8R,10S,11S,14S,15S)-8-hydroxy-2,15-dimethyl-14-pentacyclo[8.7.0.02,7.05,7.011,15]heptadecanyl]ethanone",C21H32O2
CC(=O)[C@H]1CC[C@H]2[C@@H]3CC[C@H]4C[C@](C)(O)CC[C@]4(C)[C@H]3CC[C@]12C,"1-[(3R,5S,8R,9S,10S,13S,14S,17S)-3-hydroxy-3,10,13-trimethyl-1,2,4,5,6,7,8,9,11,12,14,15,16,17-tetradecahydrocyclopenta[a]phenanthren-17-yl]ethanone",C22H36O2
CC(=O)[C@H]1CC[C@H]2[C@@H]3C[C@H](C)C4=CC(=O)CC[C@]4(C)[C@H]3[C@@H](O)C[C@]12C,"(6S,8S,9S,10R,11S,13S,14S,17S)-17-acetyl-11-hydroxy-6,10,13-trimethyl-1,2,6,7,8,9,11,12,14,15,16,17-dodecahydrocyclopenta[a]phenanthren-3-one",C22H32O3
CC(=O)[C@]1(N)Cc2c(O)c3c(c(O)c2[C@@H](O[C@H]2C[C@H](O)[C@H](O)CO2)C1)C(=O)c1ccccc1C3=O.[Cl-].[H+],,C25H26ClNO9
CC(=O)[C@]1(O)Cc2c(O)c3c(c(O)c2C(OC2CC(N)C(O)C(C)O2)C1)C(=O)c1c(O)cccc1C3=O,"(9S)-9-acetyl-7-(4-amino-5-hydroxy-6-methyloxan-2-yl)oxy-4,6,9,11-tetrahydroxy-8,10-dihydro-7H-tetracene-5,12-dione",C26H27NO10
CC(=O)[C@]1(O)Cc2c(O)c3c(c(O)c2[C@@H](O[C@H]2C[C@H](N)[C@H](O)[C@H](C)O2)C1)C(=O)c1ccccc1C3=O,"(7S,9S)-9-acetyl-7-[(2R,4S,5S,6S)-4-amino-5-hydroxy-6-methyloxan-2-yl]oxy-6,9,11-trihydroxy-8,10-dihydro-7H-tetracene-5,12-dione",C26H27NO9
CC(=O)c1ccc(C(O)C(CO)NC(=O)C(Cl)Cl)cc1,"N-[1-(4-acetylphenyl)-1,3-dihydroxypropan-2-yl]-2,2-dichloroacetamide",C13H15Cl2NO4
CC(=O)c1ccc2c(c1)N(CC(C)N(C)C)c1ccccc1S2,1-[10-[2-(dimethylamino)propyl]phenothiazin-2-yl]ethanone,C19H22N2OS
CC(=O)c1ccc2c(c1)N(CCCN(C)C)c1ccccc1S2,1-[10-[3-(dimethylamino)propyl]phenothiazin-2-yl]ethanone,C19H22N2OS
CC(=O)c1ccc2c(c1)N(CCCN1CCC(CCO)CC1)c1ccccc1S2,1-[10-[3-[4-(2-hydroxyethyl)piperidin-1-yl]propyl]phenothiazin-2-yl]ethanone,C24H30N2O2S
CC(=O)c1ccc2c(c1)N(CCCN1CCN(CCO)CC1)c1ccccc1S2,1-[10-[3-[4-(2-hydroxyethyl)piperazin-1-yl]propyl]phenothiazin-2-yl]ethanone,C23H29N3O2S
CC(C(=O)O)c1cccc(C(=O)c2ccccc2)c1,2-(3-benzoylphenyl)propanoic acid,C16H14O3
CC(C(=O)c1ccccc1)N(C)C,2-(dimethylamino)-1-phenylpropan-1-one,C11H15NO
CC(C)(C(=O)O)c1ccc(C(=O)CCCN2CCC(OC(c3ccccc3)c3ccccc3)CC2)cc1,2-[4-[4-(4-benzhydryloxypiperidin-1-yl)butanoyl]phenyl]-2-methylpropanoic acid,C32H37NO4
CC(C)(C(=O)O)c1ccc(C(O)CCCN2CCC(C(O)(c3ccccc3)c3ccccc3)CC2)cc1,2-[4-[1-hydroxy-4-[4-[hydroxy(diphenyl)methyl]piperidin-1-yl]butyl]phenyl]-2-methylpropanoic acid,C32H39NO4
CC(C)(C)C(=O)NCCCC(=O)O,"4-(2,2-dimethylpropanoylamino)butanoic acid",C9H17NO3
CC(C)(C)C(=O)OC1N=C(c2ccccc2)c2cc(Cl)ccc2NC1=O,"(7-chloro-2-oxo-5-phenyl-1,3-dihydro-1,4-benzodiazepin-3-yl) 2,2-dimethylpropanoate",C20H19ClN2O3
CC(C)(C)C(=O)OCOC(=O)C1N2C(=O)[C@@H](N=CN3CCCCCC3)[C@H]2SC1(C)C,"2,2-dimethylpropanoyloxymethyl (5R,6R)-6-(azepan-1-ylmethylideneamino)-3,3-dimethyl-7-oxo-4-thia-1-azabicyclo[3.2.0]heptane-2-carboxylate",C21H33N3O5S
CC(C)(C)C(=O)OCOC(=O)[C@@H]1N2C(=O)[C@@H](NC(=O)[C@H](N)c3ccccc3)[C@H]2SC1(C)C,"2,2-dimethylpropanoyloxymethyl (2S,5R,6R)-6-[[(2R)-2-amino-2-phenylacetyl]amino]-3,3-dimethyl-7-oxo-4-thia-1-azabicyclo[3.2.0]heptane-2-carboxylate",C22H29N3O6S
CC(C)(C)C(=O)SCC(=O)[C@@]1(O)CC[C@H]2[C@@H]3CCC4=CC(=O)CC[C@]4(C)[C@H]3[C@@H](O)C[C@@]21C,"S-[2-[(8S,9S,10R,11S,13S,14S,17R)-11,17-dihydroxy-10,13-dimethyl-3-oxo-2,6,7,8,9,11,12,14,15,16-decahydro-1H-cyclopenta[a]phenanthren-17-yl]-2-oxoethyl] 2,2-dimethylpropanethioate",C26H38O5S
CC(C)(C)C(O)/C=C/c1ccc2c(c1)OCO2,"(E)-1-(1,3-benzodioxol-5-yl)-4,4-dimethylpent-1-en-3-ol",C14H18O3
CC(C)(C)CC(=O)OCC(=O)[C@@]1(O)CC[C@H]2[C@@H]3CCC4=CC(=O)C=C[C@]4(C)[C@H]3[C@@H](O)C[C@@]21C,"[2-[(8S,9S,10R,11S,13S,14S,17R)-11,17-dihydroxy-10,13-dimethyl-3-oxo-7,8,9,11,12,14,15,16-octahydro-6H-cyclopenta[a]phenanthren-17-yl]-2-oxoethyl] 3,3-dimethylbutanoate",C27H38O6
CC(C)(C)CC(=O)OCC(=O)[C@@]12OC(C)(C)O[C@@H]1C[C@H]1[C@@H]3CCC4=CC(=O)C=C[C@]4(C)[C@@]3(F)[C@@H](O)C[C@@]12C,"[2-[(1S,2S,4R,8S,9S,11S,12R,13S)-12-fluoro-11-hydroxy-6,6,9,13-tetramethyl-16-oxo-5,7-dioxapentacyclo[10.8.0.02,9.04,8.013,18]icosa-14,17-dien-8-yl]-2-oxoethyl] 3,3-dimethylbutanoate",C30H41FO7
CC(C)(C)N1CCC(c2ccccc2)(c2ccccc2)CC1,"1-tert-butyl-4,4-diphenylpiperidine",C21H27N
CC(C)(C)NC(=O)C1CC2CCCCC2CN1CC(O)C(Cc1ccccc1)NC(=O)C(CC(N)=O)NC(=O)c1ccc2ccccc2n1,"N-[4-[3-(tert-butylcarbamoyl)-3,4,4a,5,6,7,8,8a-octahydro-1H-isoquinolin-2-yl]-3-hydroxy-1-phenylbutan-2-yl]-2-(quinoline-2-carbonylamino)butanediamide",C38H50N6O5
CC(C)(C)NC(=O)[C@@H]1CN(Cc2cccnc2)CCN1C[C@@H](O)C[C@@H](Cc1ccccc1)C(=O)N[C@H]1c2ccccc2C[C@H]1O,"(2S)-1-[(2S,4R)-4-benzyl-2-hydroxy-5-[[(1S,2R)-2-hydroxy-2,3-dihydro-1H-inden-1-yl]amino]-5-oxopentyl]-N-tert-butyl-4-(pyridin-3-ylmethyl)piperazine-2-carboxamide",C36H47N5O4
CC(C)(C)NC(=O)[C@@H]1C[C@@H]2CCCC[C@@H]2CN1C[C@@H](O)[C@H](Cc1ccccc1)NC(=O)[C@H](CC(N)=O)NC(=O)c1ccc2ccccc2n1,"(2S)-N-[(2S,3R)-4-[(3S,4aS,8aS)-3-(tert-butylcarbamoyl)-3,4,4a,5,6,7,8,8a-octahydro-1H-isoquinolin-2-yl]-3-hydroxy-1-phenylbutan-2-yl]-2-(quinoline-2-carbonylamino)butanediamide",C38H50N6O5
CC(C)(C)NCC(O)COc1cccc2c1CCC(=O)N2,"5-[3-(tert-butylamino)-2-hydroxypropoxy]-3,4-dihydro-1H-quinolin-2-one",C16H24N2O3
CC(C)(C)NCC(O)COc1cccc2c1C[C@H](O)[C@H](O)C2,"(2R,3S)-5-[3-(tert-butylamino)-2-hydroxypropoxy]-1,2,3,4-tetrahydronaphthalene-2,3-diol",C17H27NO4
CC(C)(C)NCC(O)c1ccc(O)c(CO)c1,4-[2-(tert-butylamino)-1-hydroxyethyl]-2-(hydroxymethyl)phenol,C13H21NO3
CC(C)(C)NCC(O)c1ccc(O)c(CO)n1,6-[2-(tert-butylamino)-1-hydroxyethyl]-2-(hydroxymethyl)pyridin-3-ol,C12H20N2O3
CC(C)(C)NCC(O)c1ccc(O)c(NC(N)=O)c1,[5-[2-(tert-butylamino)-1-hydroxyethyl]-2-hydroxyphenyl]urea,C13H21N3O3
CC(C)(C)NCC(O)c1ccccc1F,2-(tert-butylamino)-1-(2-fluorophenyl)ethanol,C12H18FNO
CC(C)(C)OC(=O)CCCc1ccc(N(CCCl)CCCl)cc1,tert-butyl 4-[4-[bis(2-chloroethyl)amino]phenyl]butanoate,C18H27Cl2NO2
CC(C)(C)OC(=O)c1ncn2c1[C@@H]1CCCN1C(=O)c1c(Br)cccc1-2,"tert-butyl (7S)-14-bromo-12-oxo-2,4,11-triazatetracyclo[11.4.0.02,6.07,11]heptadeca-1(17),3,5,13,15-pentaene-5-carboxylate",C19H20BrN3O3
CC(C)(C)[C@]1(O)CCN2C[C@H]3c4ccccc4CCc4cccc(c43)[C@@H]2C1.[Cl-].[H+],,C25H32ClNO
CC(C)(C)c1ccc(C(=O)CCCN2CCC(OC(c3ccccc3)c3ccccc3)CC2)cc1,4-(4-benzhydryloxypiperidin-1-yl)-1-(4-tert-butylphenyl)butan-1-one,C32H39NO2
CC(C)(C)c1ccc(C(O)CCCN2CCC(C(O)(c3ccccc3)c3ccccc3)CC2)cc1,1-(4-tert-butylphenyl)-4-[4-[hydroxy(diphenyl)methyl]piperidin-1-yl]butan-1-ol,C32H41NO2
CC(C)(C)c1ccc(CN2CCN(C(c3ccccc3)c3ccc(Cl)cc3)CC2)cc1,1-[(4-tert-butylphenyl)methyl]-4-[(4-chlorophenyl)-phenylmethyl]piperazine,C28H33ClN2
CC(C)(CO)[C@@H](O)C(=O)NCCCC(=O)O,"4-[[(2R)-2,4-dihydroxy-3,3-dimethylbutanoyl]amino]butanoic acid",C10H19NO5
CC(C)(O)C(C)(O)c1ccc(Cl)cc1,"2-(4-chlorophenyl)-3-methylbutane-2,3-diol",C11H15ClO2
CC(C)(O)C(C)(O)c1cccc(Cl)c1,"2-(3-chlorophenyl)-3-methylbutane-2,3-diol",C11H15ClO2
CC(C)(O)CC(C)(O)c1ccc(Cl)cc1,"2-(4-chlorophenyl)-4-methylpentane-2,4-diol",C12H17ClO2
CC(C)(Oc1ccc(Cl)cc1)C(=O)N[C@@H](C(=O)N[C@@H]1C(=O)N2[C@@H](C(=O)O)C(C)(C)S[C@H]12)c1ccccc1,"(2S,5R,6R)-6-[[(2R)-2-[[2-(4-chlorophenoxy)-2-methylpropanoyl]amino]-2-phenylacetyl]amino]-3,3-dimethyl-7-oxo-4-thia-1-azabicyclo[3.2.0]heptane-2-carboxylic acid",C26H28ClN3O6S
CC(C)(O/N=C(\C(=O)N[C@@H]1C(=O)N2C(C(=O)[O-])=C(C[n+]3ccccc3)CS[C@H]12)c1csc(N)n1)C(=O)O,"(6R,7R)-7-[[(2Z)-2-(2-amino-1,3-thiazol-4-yl)-2-(2-carboxypropan-2-yloxyimino)acetyl]amino]-8-oxo-3-(pyridin-1-ium-1-ylmethyl)-5-thia-1-azabicyclo[4.2.0]oct-2-ene-2-carboxylate",C22H22N6O7S2
CC(C)(Oc1ccc(Cl)cc1)C(=O)O,2-(4-chlorophenoxy)-2-methylpropanoic acid,C10H11ClO3
CC(C)(Oc1ccccc1)C(=O)N[C@@H]1C(=O)N2[C@@H](C(=O)O)C(C)(C)S[C@H]12,"(2S,5R,6R)-3,3-dimethyl-6-[(2-methyl-2-phenoxypropanoyl)amino]-7-oxo-4-thia-1-azabicyclo[3.2.0]heptane-2-carboxylic acid",C18H22N2O5S
CC(C)=CCN1CC[C@@]2(C)c3cc(O)ccc3C[C@@H]1[C@H]2C,"(1R,9R,13S)-1,13-dimethyl-10-(3-methylbut-2-enyl)-10-azatricyclo[7.3.1.02,7]trideca-2(7),3,5-trien-4-ol",C19H27NO
CC(C)=CCN1CC[C@]23c4c5ccc(O)c4O[C@H]2C(=O)CC[C@@]3(O)[C@H]1C5,"(4R,4aS,7aR,12bS)-4a,9-dihydroxy-3-(3-methylbut-2-enyl)-2,4,5,6,7a,13-hexahydro-1H-4,12-methanobenzofuro[3,2-e]isoquinolin-7-one",C21H25NO4
CC(C)=O,propan-2-one,C3H6O
CC(C)C(=O)OCC(=O)[C@@]12O[C@H](C3CCCCC3)O[C@@H]1C[C@H]1[C@@H]3CCC4=CC(=O)C=C[C@]4(C)[C@H]3[C@@H](O)C[C@@]12C,"[2-[(1S,2S,4R,6R,8S,9S,11S,12S,13R)-6-cyclohexyl-11-hydroxy-9,13-dimethyl-16-oxo-5,7-dioxapentacyclo[10.8.0.02,9.04,8.013,18]icosa-14,17-dien-8-yl]-2-oxoethyl] 2-methylpropanoate",C32H44O7
CC(C)C(=O)OCc1cccc(OC(=O)[C@@H]2N3C(=O)[C@@H](NC(=O)Cc4ccccc4)[C@H]3SC2(C)C)c1,"[3-(2-methylpropanoyloxymethyl)phenyl] (2S,5R,6R)-3,3-dimethyl-7-oxo-6-[(2-phenylacetyl)amino]-4-thia-1-azabicyclo[3.2.0]heptane-2-carboxylate",C27H30N2O6S
CC(C)C(CCCCCC(=O)O)NCc1ccc(F)cc1,7-[(4-fluorophenyl)methylamino]-8-methylnonanoic acid,C17H26FNO2
CC(C)C(Br)C(=O)NC(N)=O,2-bromo-N-carbamoyl-3-methylbutanamide,C6H11BrN2O2
CC(C)C(O)C1CCCCC1,1-cyclohexyl-2-methylpropan-1-ol,C10H20O
CC(C)C1(C(C)C)OCC(CO)O1,"[2,2-di(propan-2-yl)-1,3-dioxolan-4-yl]methanol",C10H20O3
CC(C)CC(N(C)C)C1(c2ccc(Cl)cc2)CCC1,"1-[1-(4-chlorophenyl)cyclobutyl]-N,N,3-trimethylbutan-1-amine",C17H26ClN
CC(C)C1NC(=O)[C@@H](C(C)C)OC(=O)[C@H](C(C)C)NC(=O)[C@H](C)OC(=O)[C@@H](C(C)C)NC(=O)[C@@H](C(C)C)OC(=O)[C@H](C(C)C)NC(=O)[C@H](C)OC(=O)[C@@H](C(C)C)NC(=O)[C@@H](C(C)C)OC(=O)[C@H](C(C)C)NC(=O)[C@H](C)OC1=O,"(3S,6S,9R,12R,15S,18S,21R,24R,27S,30S,36R)-6,18,30-trimethyl-3,9,12,15,21,24,27,33,36-nona(propan-2-yl)-1,7,13,19,25,31-hexaoxa-4,10,16,22,28,34-hexazacyclohexatriacontane-2,5,8,11,14,17,20,23,26,29,32,35-dodecone",C54H90N6O18
CC(C)CC(OC(=O)c1ccco1)C(=O)N[C@@H]1C(=O)N2[C@@H](C(=O)O)C(C)(C)S[C@H]12,"(2S,5R,6R)-6-[[2-(furan-2-carbonyloxy)-4-methylpentanoyl]amino]-3,3-dimethyl-7-oxo-4-thia-1-azabicyclo[3.2.0]heptane-2-carboxylic acid",C19H24N2O7S
CC(C)CC1NC(=O)C(CCCN)NC(=O)C(C(C)C)NC(=O)C2CCCN2C(=O)C(Cc2ccccc2)NC(=O)C(CC(C)C)NC(=O)C(CCCN)NC(=O)C(C(C)C)NC(=O)C2CCCN2C(=O)C(Cc2ccccc2)NC1=O,"9,27-bis(3-aminopropyl)-3,21-dibenzyl-6,24-bis(2-methylpropyl)-12,30-di(propan-2-yl)-1,4,7,10,13,19,22,25,28,31-decazatricyclo[31.3.0.015,19]hexatriacontane-2,5,8,11,14,20,23,26,29,32-decone",C60H92N12O10
CC(C)CCC(=O)CC1c2ccccc2C(=O)N1c1ccc2ccc(Cl)nc2n1,"2-(7-chloro-1,8-naphthyridin-2-yl)-3-(5-methyl-2-oxohexyl)-3H-isoindol-1-one",C23H22ClN3O2
CC(C)CCNCC1COc2ccccc2O1,"N-(2,3-dihydro-1,4-benzodioxin-3-ylmethyl)-3-methylbutan-1-amine",C14H21NO2
CC(C)CCOC(CN1CCCC1)c1ccccc1,1-[2-(3-methylbutoxy)-2-phenylethyl]pyrrolidine,C17H27NO
CC(C)CO,2-methylpropan-1-ol,C4H10O
CC(C)COCC(CN(Cc1ccccc1)c1ccccc1)N1CCCC1,N-benzyl-N-[3-(2-methylpropoxy)-2-pyrrolidin-1-ylpropyl]aniline,C24H34N2O
CC(C)C[C@H]1C(=O)N2CCC[C@H]2[C@]2(O)O[C@](NC(=O)[C@@H]3C=C4c5cccc6[nH]c(Br)c(c56)C[C@H]4N(C)C3)(C(C)C)C(=O)N12,"(6aR,9R)-5-bromo-N-[(1S,2S,4R,7S)-2-hydroxy-7-(2-methylpropyl)-5,8-dioxo-4-propan-2-yl-3-oxa-6,9-diazatricyclo[7.3.0.02,6]dodecan-4-yl]-7-methyl-6,6a,8,9-tetrahydro-4H-indolo[4,3-fg]quinoline-9-carboxamide",C32H40BrN5O5
CC(C)C[C@H](CN)CC(=O)O,(3S)-3-(aminomethyl)-5-methylhexanoic acid,C8H17NO2
CC(C)Cc1ccc(C(C)C(=O)O)cc1,2-[4-(2-methylpropyl)phenyl]propanoic acid,C13H18O2
CC(C)N(CCNC(=O)CN1CCCC1=O)C(C)C,N-[2-[di(propan-2-yl)amino]ethyl]-2-(2-oxopyrrolidin-1-yl)acetamide,C14H27N3O2
CC(C)N1CCC(N(C(=O)Cc2ccccc2)c2ccc(Cl)cc2)CC1,N-(4-chlorophenyl)-2-phenyl-N-(1-propan-2-ylpiperidin-4-yl)acetamide,C22H27ClN2O
CC(C)N1CCN(c2ccc(OC[C@H]3CO[C@](Cn4cncn4)(c4ccc(Cl)cc4Cl)O3)cc2)CC1,"1-[4-[[(2R,4S)-2-(2,4-dichlorophenyl)-2-(1,2,4-triazol-1-ylmethyl)-1,3-dioxolan-4-yl]methoxy]phenyl]-4-propan-2-ylpiperazine",C26H31Cl2N5O3
CC(C)N1CCOC(c2ccc(C(F)(F)F)cc2)C1,4-propan-2-yl-2-[4-(trifluoromethyl)phenyl]morpholine,C14H18F3NO
CC(C)NC(=O)OC1CCN(CCCC(=O)c2ccc(F)cc2)CC1,[1-[4-(4-fluorophenyl)-4-oxobutyl]piperidin-4-yl] N-propan-2-ylcarbamate,C19H27FN2O3
CC(C)N=c1cc2n(-c3ccc(Cl)cc3)c3ccccc3nc-2cc1Nc1ccc(Cl)cc1,"N,5-bis(4-chlorophenyl)-3-propan-2-yliminophenazin-2-amine",C27H22Cl2N4
CC(C)NCC(O)COc1ccc(CC(N)=O)cc1,2-[4-[2-hydroxy-3-(propan-2-ylamino)propoxy]phenyl]acetamide,C14H22N2O3
CC(C)NCC(O)COc1cccc2[nH]ccc12,1-(1H-indol-4-yloxy)-3-(propan-2-ylamino)propan-2-ol,C14H20N2O2
CC(C)NCC(O)COc1cccc2ccccc12,1-naphthalen-1-yloxy-3-(propan-2-ylamino)propan-2-ol,C16H21NO2
CC(C)NCC(O)COc1cccc2ccccc12.[Cl],1-naphthalen-1-yloxy-3-(propan-2-ylamino)propan-2-ol;hydrochloride,C16H21ClNO2
CC(C)NCC(O)c1ccc(NS(C)(=O)=O)cc1,N-[4-[1-hydroxy-2-(propan-2-ylamino)ethyl]phenyl]methanesulfonamide,C12H20N2O3S
CC(C)NCC(O)c1ccc(O)c(O)c1,"4-[1-hydroxy-2-(propan-2-ylamino)ethyl]benzene-1,2-diol",C11H17NO3
CC(C)NNC(=O)COc1ccc(Cl)cc1,2-(4-chlorophenoxy)-N'-propan-2-ylacetohydrazide,C11H15ClN2O2
CC(C)NNC(=O)c1ccncc1,N'-propan-2-ylpyridine-4-carbohydrazide,C9H13N3O
CC(C)NS(=O)(=O)CCN1C(=O)c2ccccc2C1=O,"2-(1,3-dioxoisoindol-2-yl)-N-propan-2-ylethanesulfonamide",C13H16N2O4S
CC(C)N[C@H]1C2CCC(CC2)[C@]1(O)c1ccc(Cl)c(Cl)c1,"(2S,3S)-2-(3,4-dichlorophenyl)-3-(propan-2-ylamino)bicyclo[2.2.2]octan-2-ol",C17H23Cl2NO
CC(C)Nc1cccnc1N1CCN(C(=O)c2cc3cc(NS(C)(=O)=O)ccc3[nH]2)CC1,N-[2-[4-[3-(propan-2-ylamino)-2-pyridinyl]piperazine-1-carbonyl]-1H-indol-5-yl]methanesulfonamide,C22H28N6O3S
CC(C)O,propan-2-ol,C3H8O
CC(C)OCC(COC(C)C)OCn1cnc2cnc(N)nc21,"9-[1,3-di(propan-2-yloxy)propan-2-yloxymethyl]purin-2-amine",C15H25N5O3
CC(C)Oc1ccccc1N1CCN(Cc2cccc(C(=O)N3CCCCC3)c2)CC1.O=C(O)CCC(=O)O,butanedioic acid;piperidin-1-yl-[3-[[4-(2-propan-2-yloxyphenyl)piperazin-1-yl]methyl]phenyl]methanone,C30H41N3O6
CC(C)[C@@H](CN1CCCC1)N(C)C(=O)Cc1ccc(Cl)c(Cl)c1,"2-(3,4-dichlorophenyl)-N-methyl-N-[(2S)-3-methyl-1-pyrrolidin-1-ylbutan-2-yl]acetamide",C18H26Cl2N2O
CC(C)[C@@]1(O)CCN2C[C@@H]3c4ccccc4CCc4cccc(c43)[C@H]2C1,"(1R,6R,8R)-6-propan-2-yl-3-azapentacyclo[11.8.1.03,8.09,22.016,21]docosa-9,11,13(22),16,18,20-hexaen-6-ol",C24H29NO
CC(C)[C@H](N)C(=O)OCC(CO)OCn1cnc2c(=O)nc(N)[nH]c21,[2-[(2-amino-6-oxo-1H-purin-9-yl)methoxy]-3-hydroxypropyl] (2S)-2-amino-3-methylbutanoate,C14H22N6O5
CC(C)[C@H](N)C(=O)OCCOCn1cnc2c(=O)nc(N)[nH]c21,2-[(2-amino-6-oxo-1H-purin-9-yl)methoxy]ethyl (2S)-2-amino-3-methylbutanoate,C13H20N6O4
CC(C)[C@H](NC(=O)[C@H](Cc1ccccc1)NC(=O)CNC(=O)[C@@H](C)NC(=O)[C@@H](N)Cc1ccc(O)cc1)C(N)=O,(2S)-2-[[(2S)-2-[[2-[[(2R)-2-[[(2S)-2-amino-3-(4-hydroxyphenyl)propanoyl]amino]propanoyl]amino]acetyl]amino]-3-phenylpropanoyl]amino]-3-methylbutanamide,C28H38N6O6
CC(C)[N+](C)(CCOC(=O)C1c2ccccc2Oc2ccccc21)C(C)C.[Br-],methyl-di(propan-2-yl)-[2-(9H-xanthene-9-carbonyloxy)ethyl]azanium bromide,C23H30BrNO3
CC(C)[N+]1(C)C2CCC1CC(OC(=O)C(CO)c1ccccc1)C2.[Br-],(8-methyl-8-propan-2-yl-8-azoniabicyclo[3.2.1]octan-3-yl) 3-hydroxy-2-phenylpropanoate bromide,C20H30BrNO3
CC(C)c1cccc(C(C)C)c1O,"2,6-di(propan-2-yl)phenol",C12H18O
CC(C)c1ccccc1OCC1=NCCN1,"2-[(2-propan-2-ylphenoxy)methyl]-4,5-dihydro-1H-imidazole",C13H18N2O
CC(C)c1nc(CN(C)C(=O)N[C@H](C(=O)N[C@@H](Cc2ccccc2)C[C@H](O)[C@H](Cc2ccccc2)NC(=O)OCc2cncs2)C(C)C)cs1,"1,3-thiazol-5-ylmethyl N-[(2S,3S,5S)-3-hydroxy-5-[[(2S)-3-methyl-2-[[methyl-[(2-propan-2-yl-1,3-thiazol-4-yl)methyl]carbamoyl]amino]butanoyl]amino]-1,6-diphenylhexan-2-yl]carbamate",C37H48N6O5S2
CC(C)c1nc(-c2ncn3c2CN(C)C(=O)c2c(Cl)cccc2-3)no1,"7-chloro-5-methyl-3-(5-propan-2-yl-1,2,4-oxadiazol-3-yl)-4H-imidazo[1,5-a][1,4]benzodiazepin-6-one",C17H16ClN5O2
CC(C)n1c(=O)c2c(-c3noc(C4CC4)n3)ncn2c2ccccc21,"3-(5-cyclopropyl-1,2,4-oxadiazol-3-yl)-5-propan-2-ylimidazo[1,5-a]quinoxalin-4-one",C18H17N5O2
CC(C)n1c(/C=C/[C@@H](O)C[C@H](O)CC(=O)O)c(-c2ccc(F)cc2)c2ccccc21,"(E,3S,5S)-7-[3-(4-fluorophenyl)-1-propan-2-ylindol-2-yl]-3,5-dihydroxyhept-6-enoic acid",C24H26FNO4
CC(C)n1cc2c3c(cccc31)C1C[C@@H](C(=O)NC3CCCCC3)CN(C)C1C2,"(9R)-N-cyclohexyl-7-methyl-4-propan-2-yl-6,6a,8,9,10,10a-hexahydroindolo[4,3-fg]quinoline-9-carboxamide",C25H35N3O
CC(CC#N)N(C)CC(=O)N(C)c1ccc(Cl)cc1C(=O)c1ccccc1F,N-[4-chloro-2-(2-fluorobenzoyl)phenyl]-2-[1-cyanopropan-2-yl(methyl)amino]-N-methylacetamide,C21H21ClFN3O2
CC(CC(C)(C)O)OC(O)C(Cl)(Cl)Cl,"2-methyl-4-(2,2,2-trichloro-1-hydroxyethoxy)pentan-2-ol",C8H15Cl3O3
CC(CC1c2ccccc2CCc2ccccc21)CN(C)C,"N,N,2-trimethyl-3-(2-tricyclo[9.4.0.03,8]pentadeca-1(15),3,5,7,11,13-hexaenyl)propan-1-amine",C21H27N
CC(CCN1CCN(c2ccc(F)cc2)CC1)NC(=O)c1cccnc1,N-[4-[4-(4-fluorophenyl)piperazin-1-yl]butan-2-yl]pyridine-3-carboxamide,C20H25FN4O
CC(CCc1ccccc1)NC(C)C(O)c1ccc(O)cc1,4-[1-hydroxy-2-(4-phenylbutan-2-ylamino)propyl]phenol,C19H25NO2
CC(CCc1ccccc1)NCC(O)c1ccc(O)c(C(N)=O)c1,2-hydroxy-5-[1-hydroxy-2-(4-phenylbutan-2-ylamino)ethyl]benzamide,C19H24N2O3
CC(CN(C)C)CN1c2ccccc2S(=O)(=O)c2ccccc21,"3-(5,5-dioxophenothiazin-10-yl)-N,N,2-trimethylpropan-1-amine",C18H22N2O2S
CC(CN(C)C)CN1c2ccccc2CCc2ccccc21,"3-(5,6-dihydrobenzo[b][1]benzazepin-11-yl)-N,N,2-trimethylpropan-1-amine",C20H26N2
CC(CN(C)C)CN1c2ccccc2Sc2ccc(C(F)(F)F)cc21,"N,N,2-trimethyl-3-[2-(trifluoromethyl)phenothiazin-10-yl]propan-1-amine",C19H21F3N2S
CC(CN(C)C)CN1c2ccccc2Sc2ccc(C#N)cc21,10-[3-(dimethylamino)-2-methylpropyl]phenothiazine-2-carbonitrile,C19H21N3S
CC(CN(C)C)CN1c2ccccc2Sc2ccccc21,"N,N,2-trimethyl-3-phenothiazin-10-ylpropan-1-amine",C18H22N2S
CC(CN(C)C)OC(C)(c1ccccc1)c1ccc(Cl)cc1,"2-[1-(4-chlorophenyl)-1-phenylethoxy]-N,N-dimethylpropan-1-amine",C19H24ClNO
CC(CN1C(=O)c2cccnc2Nc2ccccc21)N(C)C,"6-[2-(dimethylamino)propyl]-11H-pyrido[3,2-c][1,5]benzodiazepin-5-one",C17H20N4O
CC(CN1CCN(CCOCCO)CC1)CN1c2ccccc2Sc2ccccc21,2-[2-[4-(2-methyl-3-phenothiazin-10-ylpropyl)piperazin-1-yl]ethoxy]ethanol,C24H33N3O2S
CC(CN1CCOCC1)C(C(=O)N1CCCC1)(c1ccccc1)c1ccccc1,"3-methyl-4-morpholin-4-yl-2,2-diphenyl-1-pyrrolidin-1-ylbutan-1-one",C25H32N2O2
CC(CN1c2ccccc2Sc2ccccc21)N(C)C,"N,N-dimethyl-1-phenothiazin-10-ylpropan-2-amine",C17H20N2S
CC(CNC(=O)c1ccccc1)C(=O)OCC(=O)[C@@]12OC(C)(C)O[C@@H]1C[C@H]1[C@@H]3CCC4=CC(=O)C=C[C@]4(C)[C@@]3(F)[C@@H](O)C[C@@]12C,"[2-[(1S,2S,4R,8S,9S,11S,12R,13S)-12-fluoro-11-hydroxy-6,6,9,13-tetramethyl-16-oxo-5,7-dioxapentacyclo[10.8.0.02,9.04,8.013,18]icosa-14,17-dien-8-yl]-2-oxoethyl] 3-benzamido-2-methylpropanoate",C35H42FNO8
CC(COc1ccccc1)N(CCCl)Cc1ccccc1,N-benzyl-N-(2-chloroethyl)-1-phenoxypropan-2-amine,C18H22ClNO
CC(COc1ccccc1)NN,1-phenoxypropan-2-ylhydrazine,C9H14N2O
CC(C[N+](C)(C)C)OC(N)=O.[Cl-],2-carbamoyloxypropyl(trimethyl)azanium chloride,C7H17ClN2O2
CC(Cc1ccc(O)cc1)NCC(O)c1cc(O)cc(O)c1,"5-[1-hydroxy-2-[1-(4-hydroxyphenyl)propan-2-ylamino]ethyl]benzene-1,3-diol",C17H21NO4
CC(Cc1ccccc1)(NC(=O)CN)c1ccccc1,"2-amino-N-(1,2-diphenylpropan-2-yl)acetamide",C17H20N2O
CC(Cc1ccccc1)N(C)C,"N,N-dimethyl-1-phenylpropan-2-amine",C11H17N
CC(Cc1ccccc1)N(C)Cc1ccccc1,N-benzyl-N-methyl-1-phenylpropan-2-amine,C17H21N
CC(Cc1ccccc1)N(C)Cc1ccco1,N-(furan-2-ylmethyl)-N-methyl-1-phenylpropan-2-amine,C15H19NO
CC(Cc1ccccc1)NC(C#N)c1ccccc1,2-phenyl-2-(1-phenylpropan-2-ylamino)acetonitrile,C17H18N2
CC(Cc1ccccc1)NCCn1cnc2c1c(=O)n(C)c(=O)n2C.[Cl-].[H+],"1,3-dimethyl-7-[2-(1-phenylpropan-2-ylamino)ethyl]purine-2,6-dione;hydron;chloride",C18H24ClN5O2
CC(Cc1ccccc1)NCCC1c2ccccc2Sc2ccccc21,1-phenyl-N-[2-(9H-thioxanthen-9-yl)ethyl]propan-2-amine,C24H25NS
CC(Cc1ccccc1)NN,1-phenylpropan-2-ylhydrazine,C9H14N2
CC(Cc1ccccc1)NO,N-(1-phenylpropan-2-yl)hydroxylamine,C9H13NO
CC(Cc1ccccc1)[N+](C)([O-])Cc1ccccc1,N-benzyl-N-methyl-1-phenylpropan-2-amine oxide,C17H21NO
CC(Cc1ccccc1)n1cc([N-]C(=O)Nc2ccccc2)[o+]n1,N-phenyl-N'-[3-(1-phenylpropan-2-yl)oxadiazol-3-ium-5-yl]carbamimidate,C18H18N4O2
CC(Cl)(Cl)Cl,"1,1,1-trichloroethane",C2H3Cl3
CC(N)C(=O)OC(C)(C)Cc1ccc(Cl)cc1,[1-(4-chlorophenyl)-2-methylpropan-2-yl] 2-aminopropanoate,C13H18ClNO2
CC(N)Cc1ccccc1,1-phenylpropan-2-amine,C9H13N
CC(NC(C)(C)C)C(=O)c1cccc(Cl)c1,2-(tert-butylamino)-1-(3-chlorophenyl)propan-1-one,C13H18ClNO
CC(NCCn1cnc2c1c(=O)n(C)c(=O)n2C)C(O)c1ccccc1,"7-[2-[(1-hydroxy-1-phenylpropan-2-yl)amino]ethyl]-1,3-dimethylpurine-2,6-dione",C18H23N5O3
CC(NN)c1ccccc1,1-phenylethylhydrazine,C8H12N2
CC(NNC(=O)c1ccccc1)c1ccccc1,N'-(1-phenylethyl)benzohydrazide,C15H16N2O
CC(O)Cn1cnc2c1c(=O)n(C)c(=O)n2C,"7-(2-hydroxypropyl)-1,3-dimethylpurine-2,6-dione",C10H14N4O3
CC(OC(N)=O)C(C)C(C)OC(N)=O,(4-carbamoyloxy-3-methylpentan-2-yl) carbamate,C8H16N2O4
CC(Oc1cccc2ccccc12)/C(N)=N/O,N'-hydroxy-2-naphthalen-1-yloxypropanimidamide,C13H14N2O2
CC(c1noc2ccc(Cl)cc12)n1ccnc1,"5-chloro-3-(1-imidazol-1-ylethyl)-1,2-benzoxazole",C12H10ClN3O
CC(Oc1ccccc1)C(=O)NC1C(=O)N2C1SC(C)(C)C2C(=O)O,"3,3-dimethyl-7-oxo-6-(2-phenoxypropanoylamino)-4-thia-1-azabicyclo[3.2.0]heptane-2-carboxylic acid",C17H20N2O5S
CC/C(=C(/CC)c1ccc(O)cc1)c1ccc(O)cc1,4-[(E)-4-(4-hydroxyphenyl)hex-3-en-3-yl]phenol,C18H20O2
CC/C(=C(\c1ccccc1)c1ccc(OCCN(C)C)cc1)c1ccccc1,"2-[4-[(Z)-1,2-diphenylbut-1-enyl]phenoxy]-N,N-dimethylethanamine",C26H29NO
CC/C=C(\C(=O)N[C@@H]1C(=O)N2C(C(=O)O)=C(COC(N)=O)CS[C@H]12)c1csc(N)n1,"(6R,7R)-7-[[(Z)-2-(2-amino-1,3-thiazol-4-yl)pent-2-enoyl]amino]-3-(carbamoyloxymethyl)-8-oxo-5-thia-1-azabicyclo[4.2.0]oct-2-ene-2-carboxylic acid",C17H19N5O6S2
CC/C=C(\C)C1(CC)C(=O)NC(=O)NC1=O,"5-ethyl-5-[(E)-pent-2-en-2-yl]-1,3-diazinane-2,4,6-trione",C11H16N2O3
CC1(C)CC(=O)N(CCCCN2CCN(c3ncccn3)CC2)C(=O)C1.[Cl-].[H+],"4,4-dimethyl-1-[4-(4-pyrimidin-2-ylpiperazin-1-yl)butyl]piperidine-2,6-dione;hydron;chloride",C19H30ClN5O2
CC1(C)CCN(C(=O)Cc2ccc(Cl)c(Cl)c2)[C@@H](CN2CCCC2)C1,"2-(3,4-dichlorophenyl)-1-[(2R)-4,4-dimethyl-2-(pyrrolidin-1-ylmethyl)piperidin-1-yl]ethanone",C20H28Cl2N2O
CC1(C)NC(=O)C(/C=C/c2ccccc2)O1,"2,2-dimethyl-5-[(E)-2-phenylethenyl]-1,3-oxazolidin-4-one",C13H15NO2
CC1(C)CN(CCN2CCN(c3cccc(Cl)c3)C2=O)C1,"1-(3-chlorophenyl)-3-[2-(3,3-dimethylazetidin-1-yl)ethyl]imidazolidin-2-one",C16H22ClN3O
CC1(C)OC(=O)NC1=O,"5,5-dimethyl-1,3-oxazolidine-2,4-dione",C5H7NO3
CC1(C)OC(=O)Nc2ccc(Br)cc21,"6-bromo-4,4-dimethyl-1H-3,1-benzoxazin-2-one",C10H10BrNO2
CC1(C)O[C@@H]2CC3C4C[C@H](F)C5=CC(=O)C=CC5(C)[C@@]4(Cl)C(Cl)CC3(C)[C@]2(C(=O)CO)O1,"(4R,8S,12R,19S)-11,12-dichloro-19-fluoro-8-(2-hydroxyacetyl)-6,6,9,13-tetramethyl-5,7-dioxapentacyclo[10.8.0.02,9.04,8.013,18]icosa-14,17-dien-16-one",C24H29Cl2FO5
CC1(C)O[C@@H]2CC3C4C[C@H](F)C5=CC(=O)C=CC5(C)[C@@]4(Cl)[C@@H](Cl)CC3(C)[C@]2(C(=O)CF)O1,"(4R,8S,11S,12R,19S)-11,12-dichloro-19-fluoro-8-(2-fluoroacetyl)-6,6,9,13-tetramethyl-5,7-dioxapentacyclo[10.8.0.02,9.04,8.013,18]icosa-14,17-dien-16-one",C24H28Cl2F2O4
CC1(C)O[C@@H]2CC3[C@@H]4C[C@H](F)C5=CC(=O)C=CC5(C)[C@H]4[C@@H](O)C[C@]3(C)[C@]2(C(=O)CO)O1.CC1(C)O[C@@H]2CC3[C@@H]4C[C@H](F)C5=CC(=O)C=CC5(C)[C@H]4[C@@H](O)C[C@]3(C)[C@]2(C(=O)CO)O1.O,"bis((1S,4R,8S,9S,11S,12S,19S)-19-fluoro-11-hydroxy-8-(2-hydroxyacetyl)-6,6,9,13-tetramethyl-5,7-dioxapentacyclo[10.8.0.02,9.04,8.013,18]icosa-14,17-dien-16-one);hydrate",C48H64F2O13
CC1(C)O[C@@H]2C[C@H]3C4CCC5=CC(=O)C=CC5(C)[C@H]4C(O)CC3(C)[C@]2(C(=O)CO)O1,"(2S,4R,8S,12S)-11-hydroxy-8-(2-hydroxyacetyl)-6,6,9,13-tetramethyl-5,7-dioxapentacyclo[10.8.0.02,9.04,8.013,18]icosa-14,17-dien-16-one",C24H32O6
CC1(C)O[C@@H]2CO[C@@]3(COS(N)(=O)=O)OC(C)(C)O[C@H]3[C@@H]2O1,"[(1R,2S,6S,9R)-4,4,11,11-tetramethyl-3,5,7,10,12-pentaoxatricyclo[7.3.0.02,6]dodecan-6-yl]methyl sulfamate",C12H21NO8S
CC1(C)O[C@@H]2C[C@H]3C4CCC5CC(=O)CCC5(C)[C@@]4(F)[C@@H](O)CC3(C)[C@]2(C(=O)CO)O1,"(2S,4R,8S,11S,12R)-12-fluoro-11-hydroxy-8-(2-hydroxyacetyl)-6,6,9,13-tetramethyl-5,7-dioxapentacyclo[10.8.0.02,9.04,8.013,18]icosan-16-one",C24H35FO6
CC1(C)O[C@@H]2C[C@H]3C4C[C@H](F)C5=CC(=O)C=CC5(C)[C@@]4(Cl)[C@@H](Cl)CC3(C)[C@]2(C(=O)CCl)O1,"(2S,4R,8S,11S,12R,19S)-11,12-dichloro-8-(2-chloroacetyl)-19-fluoro-6,6,9,13-tetramethyl-5,7-dioxapentacyclo[10.8.0.02,9.04,8.013,18]icosa-14,17-dien-16-one",C24H28Cl3FO4
CC1(C)O[C@@H]2C[C@H]3C4C[C@H](F)C5=CC(=O)C=C[C@]5(C)[C@@]4(F)[C@@H](O)C[C@]3(C)[C@]2(C(=O)COC(=O)C2CC2)O1,"[2-[(2S,4R,8S,9S,11S,12R,13S,19S)-12,19-difluoro-11-hydroxy-6,6,9,13-tetramethyl-16-oxo-5,7-dioxapentacyclo[10.8.0.02,9.04,8.013,18]icosa-14,17-dien-8-yl]-2-oxoethyl] cyclopropanecarboxylate",C28H34F2O7
CC1(C)O[C@@H]2C[C@H]3[C@@H]4CCC5=CC(=O)C=C[C@]5(C)[C@@]4(F)[C@@H](O)C[C@]3(C)[C@]2(C(=O)CO)O1,"(1S,2S,4R,8S,9S,11S,12R,13S)-12-fluoro-11-hydroxy-8-(2-hydroxyacetyl)-6,6,9,13-tetramethyl-5,7-dioxapentacyclo[10.8.0.02,9.04,8.013,18]icosa-14,17-dien-16-one",C24H31FO6
CC1(C)O[C@@H]2C[C@H]3[C@@H]4CCC5=CC(=O)C=C[C@]5(C)[C@@]4(F)[C@@H](O)C[C@]3(C)[C@]2(C(=O)COC(=O)c2cc3ccccc3o2)O1,"[2-[(1S,2S,4R,8S,9S,11S,12R,13S)-12-fluoro-11-hydroxy-6,6,9,13-tetramethyl-16-oxo-5,7-dioxapentacyclo[10.8.0.02,9.04,8.013,18]icosa-14,17-dien-8-yl]-2-oxoethyl] 1-benzofuran-2-carboxylate",C33H35FO8
CC1(C)O[C@@H]2C[C@H]3[C@@H]4CCC5=CC(=O)CC[C@]5(C)[C@@]4(F)[C@@H](O)C[C@]3(C)[C@]2(C(=O)CCl)O1,"(1S,2S,4R,8S,9S,11S,12R,13S)-8-(2-chloroacetyl)-12-fluoro-11-hydroxy-6,6,9,13-tetramethyl-5,7-dioxapentacyclo[10.8.0.02,9.04,8.013,18]icos-17-en-16-one",C24H32ClFO5
CC1(C)O[C@@H]2C[C@H]3[C@@H]4C[C@H](F)C5=CC(=O)C=C[C@]5(C)[C@@]4(F)[C@@H](O)C[C@]3(C)[C@]2(C(=O)CO)O1,"(1S,2S,4R,8S,9S,11S,12R,13S,19S)-12,19-difluoro-11-hydroxy-8-(2-hydroxyacetyl)-6,6,9,13-tetramethyl-5,7-dioxapentacyclo[10.8.0.02,9.04,8.013,18]icosa-14,17-dien-16-one",C24H30F2O6
CC1(C)O[C@@H]2C[C@H]3[C@@H]4C[C@H](F)C5=CC(=O)CC[C@]5(C)[C@H]4[C@@H](O)C[C@]3(C)[C@]2(C(=O)CO)O1,"(1S,2S,4R,8S,9S,11S,12S,13R,19S)-19-fluoro-11-hydroxy-8-(2-hydroxyacetyl)-6,6,9,13-tetramethyl-5,7-dioxapentacyclo[10.8.0.02,9.04,8.013,18]icos-17-en-16-one",C24H33FO6
CC1(C)SC2C(N(C(=N)c3ccncc3)[C@H](C(=O)NC(=O)CN)c3ccccc3)C(=O)N2C1C(=O)O,"6-[[(1S)-2-[(2-aminoacetyl)amino]-2-oxo-1-phenylethyl]-(pyridine-4-carboximidoyl)amino]-3,3-dimethyl-7-oxo-4-thia-1-azabicyclo[3.2.0]heptane-2-carboxylic acid",C24H26N6O5S
CC1(C)SC2C(NC(=O)CSc3ccccc3)C(=O)N2C1C(=O)O,"3,3-dimethyl-7-oxo-6-[(2-phenylsulfanylacetyl)amino]-4-thia-1-azabicyclo[3.2.0]heptane-2-carboxylic acid",C16H18N2O4S2
CC1(C)SC2C(NC(=O)Cc3ccccc3)C(=O)N2C1C(=O)O.[Na],,C16H18N2NaO4S
CC1(C)S[C@@H]2C(NC(=O)[C@H](NC(=O)c3c[nH]c4cccnc4c3=O)c3ccccc3)C(=O)N2[C@H]1C(=O)O,"(2S,5R)-3,3-dimethyl-7-oxo-6-[[(2R)-2-[(4-oxo-1H-1,5-naphthyridine-3-carbonyl)amino]-2-phenylacetyl]amino]-4-thia-1-azabicyclo[3.2.0]heptane-2-carboxylic acid",C25H23N5O6S
CC1(C)S[C@@H]2[C@H](N3C(=O)[C@@H](c4ccccc4)NC3(C)C)C(=O)N2[C@H]1C(=O)O,"(2S,5R,6R)-6-[(4R)-2,2-dimethyl-5-oxo-4-phenylimidazolidin-1-yl]-3,3-dimethyl-7-oxo-4-thia-1-azabicyclo[3.2.0]heptane-2-carboxylic acid",C19H23N3O4S
CC1(C)S[C@@H]2[C@H](NC(=O)C(C(=O)O)c3ccccc3)C(=O)N2[C@H]1C(=O)O,"(2S,5R,6R)-6-[(2-carboxy-2-phenylacetyl)amino]-3,3-dimethyl-7-oxo-4-thia-1-azabicyclo[3.2.0]heptane-2-carboxylic acid",C17H18N2O6S
CC1(C)S[C@@H]2[C@H](N=CN3CCCCCC3)C(=O)N2[C@H]1C(=O)O,"(2S,5R,6R)-6-(azepan-1-ylmethylideneamino)-3,3-dimethyl-7-oxo-4-thia-1-azabicyclo[3.2.0]heptane-2-carboxylic acid",C15H23N3O3S
CC1(C)S[C@@H]2[C@H](NC(=O)C(C(=O)Oc3ccc4c(c3)CCC4)c3ccccc3)C(=O)N2[C@H]1C(=O)O,"(2S,5R,6R)-6-[[3-(2,3-dihydro-1H-inden-5-yloxy)-3-oxo-2-phenylpropanoyl]amino]-3,3-dimethyl-7-oxo-4-thia-1-azabicyclo[3.2.0]heptane-2-carboxylic acid",C26H26N2O6S
CC1(C)S[C@@H]2[C@H](NC(=O)C(C(=O)Oc3ccccc3)c3ccccc3)C(=O)N2[C@H]1C(=O)O,"(2S,5R,6R)-3,3-dimethyl-7-oxo-6-[(3-oxo-3-phenoxy-2-phenylpropanoyl)amino]-4-thia-1-azabicyclo[3.2.0]heptane-2-carboxylic acid",C23H22N2O6S
CC1(C)S[C@@H]2[C@H](NC(=O)C(Oc3ccccc3)c3ccccc3)C(=O)N2[C@H]1C(=O)O,N/A,C22H22N2O5S
CC1(C)S[C@@H]2[C@H](NC(=O)C(c3ccccc3)S(=O)(=O)O)C(=O)N2[C@H]1C(=O)O,"(2S,5R,6R)-3,3-dimethyl-7-oxo-6-[(2-phenyl-2-sulfoacetyl)amino]-4-thia-1-azabicyclo[3.2.0]heptane-2-carboxylic acid",C16H18N2O7S2
CC1(C)S[C@@H]2[C@H](NC(=O)C3(N)CCCCC3)C(=O)N2[C@H]1C(=O)O,"(2S,5R,6R)-6-[(1-aminocyclohexanecarbonyl)amino]-3,3-dimethyl-7-oxo-4-thia-1-azabicyclo[3.2.0]heptane-2-carboxylic acid",C15H23N3O4S
CC1(C)S[C@@H]2[C@H](NC(=O)C34C[C@@H]5C[C@@H](CC(N)(C5)C3)C4)C(=O)N2[C@H]1C(=O)O,"(2S,5R,6R)-6-[[(5S,7R)-3-aminoadamantane-1-carbonyl]amino]-3,3-dimethyl-7-oxo-4-thia-1-azabicyclo[3.2.0]heptane-2-carboxylic acid",C19H27N3O4S
CC1(C)S[C@@H]2[C@H](NC(=O)COc3ccccc3)C(=O)N2[C@H]1C(=O)[O-],"(2S,5R,6R)-3,3-dimethyl-7-oxo-6-[(2-phenoxyacetyl)amino]-4-thia-1-azabicyclo[3.2.0]heptane-2-carboxylate",C16H17N2O5S-
CC1(C)S[C@@H]2[C@H](NC(=O)CCC[C@@H](N)C(=O)O)C(=O)N2[C@H]1C(=O)O,"(2S,5R,6R)-6-[[(5R)-5-amino-5-carboxypentanoyl]amino]-3,3-dimethyl-7-oxo-4-thia-1-azabicyclo[3.2.0]heptane-2-carboxylic acid",C14H21N3O6S
CC1(C)S[C@@H]2[C@H](NC(=O)Cc3ccccc3)C(=O)N2[C@H]1C(=O)O,"(2S,5R,6R)-3,3-dimethyl-7-oxo-6-[(2-phenylacetyl)amino]-4-thia-1-azabicyclo[3.2.0]heptane-2-carboxylic acid",C16H18N2O4S
CC1(C)S[C@@H]2[C@H](NC(=O)[C@@H](N=Cc3ccco3)c3ccc(O)cc3)C(=O)N2[C@H]1C(=O)O,"(2S,5R,6R)-6-[[(2S)-2-(furan-2-ylmethylideneamino)-2-(4-hydroxyphenyl)acetyl]amino]-3,3-dimethyl-7-oxo-4-thia-1-azabicyclo[3.2.0]heptane-2-carboxylic acid",C21H21N3O6S
CC1(C)S[C@@H]2[C@H](NC(=O)[C@H](C(=O)[O-])c3ccsc3)C(=O)N2[C@H]1C(=O)[O-].[Na+].[Na+],"disodium;(2S,5R,6R)-6-[[(2R)-2-carboxylato-2-thiophen-3-ylacetyl]amino]-3,3-dimethyl-7-oxo-4-thia-1-azabicyclo[3.2.0]heptane-2-carboxylate",C15H14N2Na2O6S2
CC1(C)S[C@@H]2[C@H](NC(=O)[C@H](N)C3=CCC=CC3)C(=O)N2[C@H]1C(=O)O,"(2S,5R,6R)-6-[[(2R)-2-amino-2-cyclohexa-1,4-dien-1-ylacetyl]amino]-3,3-dimethyl-7-oxo-4-thia-1-azabicyclo[3.2.0]heptane-2-carboxylic acid",C16H21N3O4S
CC1(C)S[C@@H]2[C@H](NC(=O)[C@H](N)c3ccc(O)cc3)C(=O)N2[C@H]1C(=O)O.O.O.O,"(2S,5R,6R)-6-[[(2R)-2-amino-2-(4-hydroxyphenyl)acetyl]amino]-3,3-dimethyl-7-oxo-4-thia-1-azabicyclo[3.2.0]heptane-2-carboxylic acid;trihydrate",C16H25N3O8S
CC1(C)S[C@@H]2[C@H](NC(=O)[C@H](N)c3ccccc3)C(=O)N2[C@H]1C(=O)O,"(2S,5R,6R)-6-[[(2R)-2-amino-2-phenylacetyl]amino]-3,3-dimethyl-7-oxo-4-thia-1-azabicyclo[3.2.0]heptane-2-carboxylic acid",C16H19N3O4S
CC1(C)S[C@@H]2[C@H](NC(=O)[C@H](N)c3ccccc3)C(=O)N2[C@H]1C(=O)O.CC1(C)[C@H](C(=O)O)N2C(=O)C[C@H]2S1(=O)=O,"(2S,5R,6R)-6-[[(2R)-2-amino-2-phenylacetyl]amino]-3,3-dimethyl-7-oxo-4-thia-1-azabicyclo[3.2.0]heptane-2-carboxylic acid;(2S,5R)-3,3-dimethyl-4,4,7-trioxo-4lambda6-thia-1-azabicyclo[3.2.0]heptane-2-carboxylic acid",C24H30N4O9S2
CC1(C)S[C@@H]2[C@H](NC(=O)[C@H](N)c3ccccc3)C(=O)N2[C@H]1C(=O)OC1OC(=O)c2ccccc21,"(3-oxo-1H-2-benzofuran-1-yl) (2S,5R,6R)-6-[[(2R)-2-amino-2-phenylacetyl]amino]-3,3-dimethyl-7-oxo-4-thia-1-azabicyclo[3.2.0]heptane-2-carboxylate",C24H23N3O6S
CC1(C)S[C@@H]2[C@H](NC(=O)[C@H](NC(=O)Cc3ccc(C4=NCCCN4)cc3)c3ccccc3)C(=O)N2[C@H]1C(=O)O,"(2S,5R,6R)-3,3-dimethyl-7-oxo-6-[[(2R)-2-phenyl-2-[[2-[4-(1,4,5,6-tetrahydropyrimidin-2-yl)phenyl]acetyl]amino]acetyl]amino]-4-thia-1-azabicyclo[3.2.0]heptane-2-carboxylic acid",C28H31N5O5S
CC1(C)S[C@@H]2[C@H](NC(=O)[C@H](NC(=O)N3CCN(S(C)(=O)=O)C3=O)c3ccccc3)C(=O)N2[C@H]1C(=O)O,"(2S,5R,6R)-3,3-dimethyl-6-[[(2R)-2-[(3-methylsulfonyl-2-oxoimidazolidine-1-carbonyl)amino]-2-phenylacetyl]amino]-7-oxo-4-thia-1-azabicyclo[3.2.0]heptane-2-carboxylic acid",C21H25N5O8S2
CC1(C)S[C@@H]2[C@H](NC(=O)[C@H](NC(=O)Nc3cnc(Nc4ccc(S(N)(=O)=O)cc4)[nH]c3=O)c3ccc(O)cc3)C(=O)N2[C@H]1C(=O)O,"(2S,5R,6R)-6-[[(2R)-2-(4-hydroxyphenyl)-2-[[6-oxo-2-(4-sulfamoylanilino)-1H-pyrimidin-5-yl]carbamoylamino]acetyl]amino]-3,3-dimethyl-7-oxo-4-thia-1-azabicyclo[3.2.0]heptane-2-carboxylic acid",C27H28N8O9S2
CC1(C)S[C@@H]2[C@H](NC(=O)[C@H](NS(=O)(=O)[O-])c3ccccc3)C(=O)N2[C@H]1C(=O)[O-].[Na+].[Na+],"disodium;(2S,5R,6R)-3,3-dimethyl-7-oxo-6-[[(2R)-2-phenyl-2-(sulfonatoamino)acetyl]amino]-4-thia-1-azabicyclo[3.2.0]heptane-2-carboxylate",C16H17N3Na2O7S2
CC1(C)S[C@@H]2[C@H](NC(=O)[C@H](NC(=O)c3ccc(-c4ccc(S(=O)(=O)N(CCO)CCO)cc4)[nH]c3=O)c3ccc(O)cc3)C(=O)N2[C@H]1C(=O)[O-].[Na+],"sodium (2S,5R,6R)-6-[[(2R)-2-[[6-[4-[bis(2-hydroxyethyl)sulfamoyl]phenyl]-2-oxo-1H-pyridine-3-carbonyl]amino]-2-(4-hydroxyphenyl)acetyl]amino]-3,3-dimethyl-7-oxo-4-thia-1-azabicyclo[3.2.0]heptane-2-carboxylate",C32H34N5NaO11S2
CC1(C)S[C@@H]2[C@H]([NH+]3C(=O)C(c4ccc(O)cc4)NC3(C)C)C(=O)N2[C@H]1C(=O)O,"(2S,5R,6R)-6-[4-(4-hydroxyphenyl)-2,2-dimethyl-5-oxoimidazolidin-1-ium-1-yl]-3,3-dimethyl-7-oxo-4-thia-1-azabicyclo[3.2.0]heptane-2-carboxylic acid",C19H24N3O5S+
CC1(C)S[C@@H]2[C@H](NC(=O)c3nc4ccccc4nc3C(=O)O)C(=O)N2[C@H]1C(=O)O,"(2S,5R,6R)-6-[(3-carboxyquinoxaline-2-carbonyl)amino]-3,3-dimethyl-7-oxo-4-thia-1-azabicyclo[3.2.0]heptane-2-carboxylic acid",C18H16N4O6S
CC1(C)[C@H](NC(=O)/C(=N\OCC(=O)O)c2csc(N)n2)C(=O)N1OS(=O)(=O)O,"2-[(Z)-[1-(2-amino-1,3-thiazol-4-yl)-2-[[(3S)-2,2-dimethyl-4-oxo-1-sulfooxyazetidin-3-yl]amino]-2-oxoethylidene]amino]oxyacetic acid",C12H15N5O9S2
CC1(c2ccccc2)CC(=O)N(CN2CCOCC2)C1=O,"3-methyl-1-(morpholin-4-ylmethyl)-3-phenylpyrrolidine-2,5-dione",C16H20N2O3
CC12C=CC(=O)C=C1CCC1C3CCC(O)(C(=O)CO)C3(C)CC(O)C12F,"9-fluoro-11,17-dihydroxy-17-(2-hydroxyacetyl)-10,13-dimethyl-6,7,8,11,12,14,15,16-octahydrocyclopenta[a]phenanthren-3-one",C21H27FO5
CC12CC(=O)[C@H]3C(CC[C@H]4C[C@H](O)CCC43C)[C@@H]1CCC2C(=O)CO,"(3R,5S,9S,14S)-3-hydroxy-17-(2-hydroxyacetyl)-10,13-dimethyl-1,2,3,4,5,6,7,8,9,12,14,15,16,17-tetradecahydrocyclopenta[a]phenanthren-11-one",C21H32O4
CC12CC(Cl)[C@@]3(Cl)C(CCC4=CC(=O)C=CC43C)C1CC[C@]2(O)C(=O)CO,"(9R,17R)-9,11-dichloro-17-hydroxy-17-(2-hydroxyacetyl)-10,13-dimethyl-6,7,8,11,12,14,15,16-octahydrocyclopenta[a]phenanthren-3-one",C21H26Cl2O4
CC12CC3CC(C)(C1)CC(N)(C3)C2,"3,5-dimethyladamantan-1-amine",C12H21N
CC12CCC(=O)C=C1CCC1C2C(O)CC2(C)C1CCC2(O)C(=O)COC(=O)CCC1CCCC1,"[2-(11,17-dihydroxy-10,13-dimethyl-3-oxo-2,6,7,8,9,11,12,14,15,16-decahydro-1H-cyclopenta[a]phenanthren-17-yl)-2-oxoethyl] 3-cyclopentylpropanoate",C29H42O6
CC12CCC(CC1=O)C2(C)C,"1,7,7-trimethylbicyclo[2.2.1]heptan-2-one",C10H16O
CC12CCC(=O)C=C1CCC1C2CCC2(C)C1CCC2(O)C(=O)CO,"17-hydroxy-17-(2-hydroxyacetyl)-10,13-dimethyl-2,6,7,8,9,11,12,14,15,16-decahydro-1H-cyclopenta[a]phenanthren-3-one",C21H30O4
CC12CCCCCC(Cc3ccc(O)cc31)C2N,"15-amino-1-methyltricyclo[7.5.1.02,7]pentadeca-2(7),3,5-trien-4-ol",C16H23NO
CC12C[C@H](O)[C@@]3(F)C(CCC4=CC(=O)C=CC43C)[C@@H]1C[C@H]1O[C@@](C)(c3ccccc3)O[C@]12C(=O)CO,"(2S,4R,6R,8S,11S,12R)-12-fluoro-11-hydroxy-8-(2-hydroxyacetyl)-6,9,13-trimethyl-6-phenyl-5,7-dioxapentacyclo[10.8.0.02,9.04,8.013,18]icosa-14,17-dien-16-one",C29H33FO6
CC12NC(Cc3ccccc31)c1ccccc12,"1-methyl-16-azatetracyclo[7.6.1.02,7.010,15]hexadeca-2,4,6,10,12,14-hexaene",C16H15N
CC1=C(C(=O)O)N2C(=O)[C@@H](NC(=O)[C@H](N)C3=CCC=CC3)[C@H]2SC1,"(6R,7R)-7-[[(2R)-2-amino-2-cyclohexa-1,4-dien-1-ylacetyl]amino]-3-methyl-8-oxo-5-thia-1-azabicyclo[4.2.0]oct-2-ene-2-carboxylic acid",C16H19N3O4S
CC1=C(C(=O)O)N2C(=O)[C@@H](NC(=O)Cc3ccc(C4=NCCCN4)cc3)[C@H]2SC1,"(6R,7R)-3-methyl-8-oxo-7-[[2-[4-(1,4,5,6-tetrahydropyrimidin-2-yl)phenyl]acetyl]amino]-5-thia-1-azabicyclo[4.2.0]oct-2-ene-2-carboxylic acid",C20H22N4O4S
CC1=C(C(=O)O)N2C(=O)[C@@H](NC(=O)[C@H](N)c3ccc(O)c(Cl)c3)[C@H]2SC1,"(6R,7R)-7-[[(2R)-2-amino-2-(3-chloro-4-hydroxyphenyl)acetyl]amino]-3-methyl-8-oxo-5-thia-1-azabicyclo[4.2.0]oct-2-ene-2-carboxylic acid",C16H16ClN3O5S
CC1=C(C(=O)O)N2C(=O)[C@@H](NC(=O)[C@H](N)c3ccc(O)cc3)[C@H]2SC1,"(6R,7R)-7-[[(2R)-2-amino-2-(4-hydroxyphenyl)acetyl]amino]-3-methyl-8-oxo-5-thia-1-azabicyclo[4.2.0]oct-2-ene-2-carboxylic acid",C16H17N3O5S
CC1=C(C(=O)O)N2C(=O)[C@@H](NC(=O)[C@H](N)c3cccc(NS(C)(=O)=O)c3)[C@H]2SC1,"(6R,7R)-7-[[(2R)-2-amino-2-[3-(methanesulfonamido)phenyl]acetyl]amino]-3-methyl-8-oxo-5-thia-1-azabicyclo[4.2.0]oct-2-ene-2-carboxylic acid",C17H20N4O6S2
CC1=C(C(=O)O)N2C(=O)[C@@H](NC(=O)[C@H](N)c3ccccc3)[C@H]2SC1,"(6R,7R)-7-[[(2R)-2-amino-2-phenylacetyl]amino]-3-methyl-8-oxo-5-thia-1-azabicyclo[4.2.0]oct-2-ene-2-carboxylic acid",C16H17N3O4S
CC1=C/C(O)CC(=O)Cc2nc(co2)C(=O)N2CCC=C2C(=O)OC(C(C)C)C(C)/C=C\C(=O)NC/C=C\1,"(12Z)-21-hydroxy-11,19-dimethyl-10-propan-2-yl-9,26-dioxa-3,15,28-triazatricyclo[23.2.1.03,7]octacosa-1(27),6,12,17,19,25(28)-hexaene-2,8,14,23-tetrone",C28H35N3O7
CC1=C2C(c3cccc(Cl)c3)=NCCN=C2N(C)N1,"4-(3-chlorophenyl)-1,3-dimethyl-7,8-dihydro-6H-pyrazolo[5,4-e][1,4]diazepine",C14H15ClN4
CC1=CC(=C2C=CC(=O)C=C2)NN=C1NCCN1CCOCC1,4-[5-methyl-6-(2-morpholin-4-ylethylamino)pyridazin-3-yl]phenol,C17H22N4O2
CC1=CCC2C3Cc4ccc(O)c5c4C2(CCN3C)C1O5,"3,7-dimethyl-2,4,4a,5,7a,13-hexahydro-1H-4,12-methanobenzofuro[3,2-e]isoquinolin-9-ol",C18H21NO2
CC1=CC(=O)N2CC(=O)N(C)c3ccc(Cl)cc3C2(c2ccccc2)O1,"11-chloro-2,8-dimethyl-12b-phenyl-6H-[1,3]oxazino[3,2-d][1,4]benzodiazepine-4,7-dione",C20H17ClN2O3
CC1=C[C@H]2[C@@H]3C[C@@H](C)[C@](O)(C(=O)COC(=O)c4cccc(S(=O)(=O)O)c4)[C@@]3(C)C[C@H](O)[C@@H]2[C@@]2(C)Cc3cnn(-c4ccccc4)c3C=C12,"3-[2-[(1S,2R,13S,14S,16R,17R,18S,20S)-17,20-dihydroxy-2,11,16,18-tetramethyl-7-phenyl-6,7-diazapentacyclo[11.7.0.02,10.04,8.014,18]icosa-4(8),5,9,11-tetraen-17-yl]-2-oxoethoxy]carbonylbenzenesulfonic acid",C37H40N2O8S
CC1=Nc2ccccc2CC(c2ccccc2)N1C,"2,3-dimethyl-4-phenyl-4,5-dihydro-1,3-benzodiazepine",C17H18N2
CC1C2Cc3ccc(O)cc3C1(C)CCN2C,"1,10,13-trimethyl-10-azatricyclo[7.3.1.02,7]trideca-2(7),3,5-trien-4-ol",C15H21NO
CC1=NN(c2ccccc2)C(=O)C1,5-methyl-2-phenyl-4H-pyrazol-3-one,C10H10N2O
CC1C2Cc3ccc(O)cc3C1(C)CCN2CC1CC1,"10-(cyclopropylmethyl)-1,13-dimethyl-10-azatricyclo[7.3.1.02,7]trideca-2(7),3,5-trien-4-ol",C18H25NO
CC1CC(OC(=O)C2CCC(=O)N2)CC(C)(C)C1,"(3,3,5-trimethylcyclohexyl) 5-oxopyrrolidine-2-carboxylate",C14H23NO3
CC1C2Cc3ccc(O)cc3C1(C)CCN2CCc1ccccc1,"1,13-dimethyl-10-(2-phenylethyl)-10-azatricyclo[7.3.1.02,7]trideca-2(7),3,5-trien-4-ol",C22H27NO
CC1CC2C3CC(F)(F)C4=CC(=O)C=C[C@]4(C)C3(F)C(O)CC2(C)C1(O)C(=O)CO,,C22H27F3O5
CC1CC2C3CC(F)C4=CC(=O)C=CC4(C)C3(F)C(O)CC2(C)C1(O)C(=O)CCl,"17-(2-chloroacetyl)-6,9-difluoro-11,17-dihydroxy-10,13,16-trimethyl-6,7,8,11,12,14,15,16-octahydrocyclopenta[a]phenanthren-3-one",C22H27ClF2O4
CC1CC2C3CCC4=CC(=O)C=CC4(C)[C@@]3(F)C(O)CC2(C)[C@@]1(O)C(=O)CCl,"(9R,17R)-17-(2-chloroacetyl)-9-fluoro-11,17-dihydroxy-10,13,16-trimethyl-6,7,8,11,12,14,15,16-octahydrocyclopenta[a]phenanthren-3-one",C22H28ClFO4
CC1CC2C3CC(F)C4=CC(=O)C=CC4(C)C3(F)C(O)CC2(C)C1(O)C(=O)SCF,"S-(fluoromethyl) 6,9-difluoro-11,17-dihydroxy-10,13,16-trimethyl-3-oxo-6,7,8,11,12,14,15,16-octahydrocyclopenta[a]phenanthrene-17-carbothioate",C22H27F3O4S
CC1CCCC1,methylcyclopentane,C6H12
CC1CCN(CCCC(=O)c2ccc(F)cc2)CC1,1-(4-fluorophenyl)-4-(4-methylpiperidin-1-yl)butan-1-one,C16H22FNO
CC1CN(C)CC2Cc3c(ccc4ccccc34)OC12O,"13,15-dimethyl-11-oxa-15-azatetracyclo[8.8.0.02,7.012,17]octadeca-1(10),2,4,6,8-pentaen-12-ol",C18H21NO2
CC1CN(CCCn2c3ccccc3c3ccccc32)CC(C)N1,"9-[3-(3,5-dimethylpiperazin-1-yl)propyl]carbazole",C21H27N3
CC1COc2c(N3CCN(C)CC3)c(F)cc3c(=O)c(C(=O)O)cn1c23,"7-fluoro-2-methyl-6-(4-methylpiperazin-1-yl)-10-oxo-4-oxa-1-azatricyclo[7.3.1.05,13]trideca-5(13),6,8,11-tetraene-11-carboxylic acid",C18H20FN3O4
CC1NC(=O)C(NC(=O)c2ncccc2O)C(C)OC(=O)C(c2ccccc2)NC(=O)C2CC(=O)CCN2C(=O)C(Cc2ccc(N(C)C)cc2)N(C)C(=O)C2CCCN2C1=O,"N-[3-[[4-(dimethylamino)phenyl]methyl]-4,12,16-trimethyl-2,5,11,14,18,21,24-heptaoxo-19-phenyl-17-oxa-1,4,10,13,20-pentazatricyclo[20.4.0.06,10]hexacosan-15-yl]-3-hydroxypyridine-2-carboxamide",C44H52N8O10
CC1NC(=O)COC1c1ccccc1,5-methyl-6-phenylmorpholin-3-one,C11H13NO2
CC1COC2(c3ccccc3Cl)c3cc(Cl)ccc3NC(=O)CN12,"10-chloro-11b-(2-chlorophenyl)-3-methyl-2,3,5,7-tetrahydro-[1,3]oxazolo[3,2-d][1,4]benzodiazepin-6-one",C18H16Cl2N2O2
CC1NCCOC1c1ccccc1,3-methyl-2-phenylmorpholine,C11H15NO
CC1OC(C)OC(C)O1,"2,4,6-trimethyl-1,3,5-trioxane",C6H12O3
CC1OC(OC2CC(O)(C(=O)CO)Cc3c(O)c4c(c(O)c32)C(=O)c2ccccc2C4=O)CC(N)C1O,"7-(4-amino-5-hydroxy-6-methyloxan-2-yl)oxy-6,9,11-trihydroxy-9-(2-hydroxyacetyl)-8,10-dihydro-7H-tetracene-5,12-dione",C26H27NO10
CC1OC(O[C@@H]2C=C3CC[C@@H]4[C@H](CC[C@]5(C)[C@@H](c6ccc(=O)oc6)CC[C@]45O)[C@@]3(C)CC2)C(O)C(O)C1O,"5-[(3S,8R,9S,10R,13R,14S,17R)-14-hydroxy-10,13-dimethyl-3-(3,4,5-trihydroxy-6-methyloxan-2-yl)oxy-1,2,3,6,7,8,9,11,12,15,16,17-dodecahydrocyclopenta[a]phenanthren-17-yl]pyran-2-one",C30H42O8
CC1OC2(CCCCC2Oc2cccc(Cl)c2)NC1=O,6-(3-chlorophenoxy)-2-methyl-1-oxa-4-azaspiro[4.5]decan-3-one,C15H18ClNO3
CC1Oc2ccccc2CC1N(C)C,"N,N,2-trimethyl-3,4-dihydro-2H-chromen-3-amine",C12H17NO
CC1[C@H]2C(=O)c3ccc(O)cc3[C@]1(C)CCN2CC1CC1,"(1R,9S)-10-(cyclopropylmethyl)-4-hydroxy-1,13-dimethyl-10-azatricyclo[7.3.1.02,7]trideca-2(7),3,5-trien-8-one",C18H23NO2
CC=CCC(C)C(O)C1C(=O)NC(CC)C(=O)N(C)CC(=O)N(C)C(CC(C)C)C(=O)NC(C(C)C)C(=O)N(C)C(CC(C)C)C(=O)NC(C)C(=O)NC(C)C(=O)N(C)C(CC(C)C)C(=O)N(C)C(CC(C)C)C(=O)N(C)C(C(C)C)C(=O)N1C,"30-ethyl-33-(1-hydroxy-2-methylhex-4-enyl)-1,4,7,10,12,15,19,25,28-nonamethyl-6,9,18,24-tetrakis(2-methylpropyl)-3,21-di(propan-2-yl)-1,4,7,10,13,16,19,22,25,28,31-undecazacyclotritriacontane-2,5,8,11,14,17,20,23,26,29,32-undecone",C62H111N11O12
CCC(=O)C(CC(C)N(C)C)(c1ccccc1)c1ccccc1,"6-(dimethylamino)-4,4-diphenylheptan-3-one",C21H27NO
CCC(=O)C(c1ccccc1)(c1ccccc1)C(C)CN(C)C,"6-(dimethylamino)-5-methyl-4,4-diphenylhexan-3-one",C21H27NO
CCC(=O)C(CCN(C)C)(c1ccccc1)c1ccccc1,"6-(dimethylamino)-4,4-diphenylhexan-3-one",C20H25NO
CCC(=O)C1(N2CCCCC2)CCN(CCCC(=O)c2ccc(F)cc2)CC1,1-(4-fluorophenyl)-4-(4-piperidin-1-yl-4-propanoylpiperidin-1-yl)butan-1-one,C23H33FN2O2
CCC(=O)C1(O)CCC2C3CCC4=CC(=O)CCC4(C)C3C(O)CC21C,"11,17-dihydroxy-10,13-dimethyl-17-propanoyl-2,6,7,8,9,11,12,14,15,16-decahydro-1H-cyclopenta[a]phenanthren-3-one",C22H32O4
CCC(=O)N(c1ccc(Cl)c(Cl)c1)[C@@H]1CCC[C@H]1N(C)C,"N-(3,4-dichlorophenyl)-N-[(1R,2R)-2-(dimethylamino)cyclopentyl]propanamide",C16H22Cl2N2O
CCC(=O)N(c1ccccc1)C1(C(=O)OC)CCN(CCC(=O)OC)CC1,methyl 1-(3-methoxy-3-oxopropyl)-4-(N-propanoylanilino)piperidine-4-carboxylate,C20H28N2O5
CCC(=O)C1(c2cccc(O)c2)CCN(C)CC1,1-[4-(3-hydroxyphenyl)-1-methylpiperidin-4-yl]propan-1-one,C15H21NO2
CCC(=O)N(c1ccccc1)C1(C(=O)OC)CCN(CCc2ccccc2)CC1,methyl 1-(2-phenylethyl)-4-(N-propanoylanilino)piperidine-4-carboxylate,C24H30N2O3
CCC(=O)N(c1ccccc1)C1(COC)CCN(CCn2nnn(CC)c2=O)CC1,N-[1-[2-(4-ethyl-5-oxotetrazol-1-yl)ethyl]-4-(methoxymethyl)piperidin-4-yl]-N-phenylpropanamide,C21H32N6O3
CCC(=O)N(c1ccccc1)C1(COC)CCN(CCc2cccs2)CC1,N-[4-(methoxymethyl)-1-(2-thiophen-2-ylethyl)piperidin-4-yl]-N-phenylpropanamide,C22H30N2O2S
CCC(=O)N(c1ccccc1)[C@]1(C(=O)OC)CCN(CCc2ccccc2)C[C@@H]1C,"methyl (3S,4R)-3-methyl-1-(2-phenylethyl)-4-(N-propanoylanilino)piperidine-4-carboxylate",C25H32N2O3
CCC(=O)N(c1ccccc1)C1CCN(CCc2ccccc2)CC1,N-phenyl-N-[1-(2-phenylethyl)piperidin-4-yl]propanamide,C22H28N2O
CCC(=O)N(c1ccccc1F)C1(c2ccccc2)CCN(CCn2nnn(CC)c2=O)CC1.[Cl-].[H+],N-[1-[2-(4-ethyl-5-oxotetrazol-1-yl)ethyl]-4-phenylpiperidin-4-yl]-N-(2-fluorophenyl)propanamide;hydron;chloride,C25H32ClFN6O2
CCC(=O)N1CCN(C(=O)OC2C3=C(SCCS3)C(=O)N2c2ccc3ccc(Cl)nc3n2)CC1,"[6-(7-chloro-1,8-naphthyridin-2-yl)-5-oxo-3,7-dihydro-2H-[1,4]dithiino[2,3-c]pyrrol-7-yl] 4-propanoylpiperazine-1-carboxylate",C22H22ClN5O4S2
CCC(=O)Nc1ccc(O)cc1,N-(4-hydroxyphenyl)propanamide,C9H11NO2
CCC(=O)OC1(c2ccccc2)CCN(C)CC1C,"(1,3-dimethyl-4-phenylpiperidin-4-yl) propanoate",C16H23NO2
CCC(=O)OC1CC(=O)OC(C)C/C=C/C=C\C(O)C(C)CC(CC=O)C(O[C@@H]2O[C@H](C)[C@@H](O[C@H]3C[C@@](C)(O)[C@H](OC(=O)CC)[C@@H](C)O3)[C@H](N(C)C)[C@H]2O)C1OC,"[(11Z,13E)-6-[(2S,3R,4R,5S,6R)-4-(dimethylamino)-3-hydroxy-5-[(2S,4R,5R,6R)-4-hydroxy-4,6-dimethyl-5-propanoyloxyoxan-2-yl]oxy-6-methyloxan-2-yl]oxy-10-hydroxy-5-methoxy-9,16-dimethyl-2-oxo-7-(2-oxoethyl)-1-oxacyclohexadeca-11,13-dien-4-yl] propanoate",C41H67NO15
CCC(=O)OCC(=O)[C@@]1(OC(=O)CC)[C@@H](C)C[C@H]2[C@@H]3CCC4=CC(=O)C=C[C@]4(C)[C@@]3(Cl)[C@@H](O)C[C@@]21C,"[2-[(8S,9R,10S,11S,13S,14S,16S,17R)-9-chloro-11-hydroxy-10,13,16-trimethyl-3-oxo-17-propanoyloxy-6,7,8,11,12,14,15,16-octahydrocyclopenta[a]phenanthren-17-yl]-2-oxoethyl] propanoate",C28H37ClO7
CCC(=O)OCC(=O)[C@@]1(OC(=O)CC)[C@H](C)C[C@H]2[C@H]3[C@H]([C@@H](O)C[C@@]21C)[C@@]1(C)C=CC(=O)C=C1C[C@H]3Cl,"[2-[(7R,8S,9S,10R,11S,13S,14S,16R,17R)-7-chloro-11-hydroxy-10,13,16-trimethyl-3-oxo-17-propanoyloxy-7,8,9,11,12,14,15,16-octahydro-6H-cyclopenta[a]phenanthren-17-yl]-2-oxoethyl] propanoate",C28H37ClO7
CCC(=O)OCC(=O)[C@@]1(OC(=O)CC)[C@@H](C)C[C@H]2[C@@H]3CCC4=CC(=O)C=C[C@]4(C)[C@@]3(F)[C@@H](O)C[C@@]21C,"[2-[(8S,9R,10S,11S,13S,14S,16S,17R)-9-fluoro-11-hydroxy-10,13,16-trimethyl-3-oxo-17-propanoyloxy-6,7,8,11,12,14,15,16-octahydrocyclopenta[a]phenanthren-17-yl]-2-oxoethyl] propanoate",C28H37FO7
CCC(=O)OCC(=O)[C@@]12OC(C)(C)O[C@@H]1CC1C3C[C@H](F)C4=CC(=O)C=CC4(C)[C@@]3(F)C(O)CC12C,"[2-[(4R,8S,12R,19S)-12,19-difluoro-11-hydroxy-6,6,9,13-tetramethyl-16-oxo-5,7-dioxapentacyclo[10.8.0.02,9.04,8.013,18]icosa-14,17-dien-8-yl]-2-oxoethyl] propanoate",C27H34F2O7
CCC(=O)O[C@H]1[C@H](C)O[C@@H](O[C@@H]2C(C)C(=O)O[C@H](C)[C@H](C)[C@H](OC(=O)CC)[C@@H](C)C(=O)[C@]3(CO3)CC(C)[C@H](O[C@@H]3O[C@H](C)C[C@H](N(C)C)[C@H]3O)[C@H]2C)C[C@@H]1OC,"[(3R,6S,7R,8S,12R,13S,14S,15R)-6-[(2S,3R,4S,6R)-4-(dimethylamino)-3-hydroxy-6-methyloxan-2-yl]oxy-8-[(2R,4S,5S,6S)-4-methoxy-6-methyl-5-propanoyloxyoxan-2-yl]oxy-5,7,9,12,13,15-hexamethyl-10,16-dioxo-1,11-dioxaspiro[2.13]hexadecan-14-yl] propanoate",C41H69NO14
CCC(=O)O[C@](Cc1ccccc1)(c1ccccc1)[C@H](C)CN(C)C,"[(2S,3R)-4-(dimethylamino)-3-methyl-1,2-diphenylbutan-2-yl] propanoate",C22H29NO2
CCC(=O)O[C@](Cc1ccccc1)(c1ccccc1)[C@H](C)CN(C)C.[Cl-].[H+],"[(2S,3R)-4-(dimethylamino)-3-methyl-1,2-diphenylbutan-2-yl] propanoate;hydron;chloride",C22H30ClNO2
CCC(=O)O[C@]1(C(=O)CCl)[C@@H](C)C[C@H]2[C@@H]3CCC4=CC(=O)C=C[C@]4(C)[C@@]3(F)[C@@H](O)C[C@@]21C,"[(8S,9R,10S,11S,13S,14S,16S,17R)-17-(2-chloroacetyl)-9-fluoro-11-hydroxy-10,13,16-trimethyl-3-oxo-6,7,8,11,12,14,15,16-octahydrocyclopenta[a]phenanthren-17-yl] propanoate",C25H32ClFO5
CCC(=O)O[C@]1(C(=O)COC(C)=O)CC[C@H]2[C@@H]3CCC4=CC(=O)CC[C@]4(C)[C@H]3[C@@H](O)C[C@@]21C,"[(8S,9S,10R,11S,13S,14S,17R)-17-(2-acetyloxyacetyl)-11-hydroxy-10,13-dimethyl-3-oxo-2,6,7,8,9,11,12,14,15,16-decahydro-1H-cyclopenta[a]phenanthren-17-yl] propanoate",C26H36O7
CCC(=O)O[C@]1(C(=O)COC(C)=O)CC[C@H]2[C@@H]3C[C@H](C)C4=CC(=O)C=C[C@]4(C)[C@H]3[C@@H](O)C[C@@]21C,"[(6S,8S,9S,10R,11S,13S,14S,17R)-17-(2-acetyloxyacetyl)-11-hydroxy-6,10,13-trimethyl-3-oxo-7,8,9,11,12,14,15,16-octahydro-6H-cyclopenta[a]phenanthren-17-yl] propanoate",C27H36O7
CCC(=O)O[C@]1(C(=O)COC)[C@@H](C)C[C@H]2[C@@H]3CCC4=CC(=O)C=C[C@]4(C)[C@@]3(F)[C@@H](O)C[C@@]21C,"[(8S,9R,10S,11S,13S,14S,16S,17R)-9-fluoro-11-hydroxy-17-(2-methoxyacetyl)-10,13,16-trimethyl-3-oxo-6,7,8,11,12,14,15,16-octahydrocyclopenta[a]phenanthren-17-yl] propanoate",C26H35FO6
CCC(=O)O[C@]1(C(=O)SC)[C@H](C)CC2C3C[C@H](F)C4=CC(=O)C=CC4(C)[C@@]3(F)[C@@H](O)C[C@@]21C,"[(6S,9R,11S,13S,16R,17R)-6,9-difluoro-11-hydroxy-10,13,16-trimethyl-17-methylsulfanylcarbonyl-3-oxo-6,7,8,11,12,14,15,16-octahydrocyclopenta[a]phenanthren-17-yl] propanoate",C25H32F2O5S
CCC(=O)O[C@]1(C(=O)SCCl)[C@H](C)C[C@H]2C3C[C@H](F)C4=CC(=O)C=C[C@]4(C)[C@@]3(F)[C@@H](O)C[C@@]21C,"[(6S,9R,10S,11S,13S,14S,16R,17R)-17-(chloromethylsulfanylcarbonyl)-6,9-difluoro-11-hydroxy-10,13,16-trimethyl-3-oxo-6,7,8,11,12,14,15,16-octahydrocyclopenta[a]phenanthren-17-yl] propanoate",C25H31ClF2O5S
CCC(=O)O[C@]1(C(=O)SCF)[C@H](C)C[C@H]2[C@@H]3C[C@H](F)C4=CC(=O)C=C[C@]4(C)[C@@]3(F)[C@@H](O)C[C@@]21C,"[(6S,8S,9R,10S,11S,13S,14S,16R,17R)-6,9-difluoro-17-(fluoromethylsulfanylcarbonyl)-11-hydroxy-10,13,16-trimethyl-3-oxo-6,7,8,11,12,14,15,16-octahydrocyclopenta[a]phenanthren-17-yl] propanoate",C25H31F3O5S
CCC(=O)O[C@]1(c2ccccc2)CCN(C)C[C@@H]1CC,"[(3S,4R)-3-ethyl-1-methyl-4-phenylpiperidin-4-yl] propanoate",C17H25NO2
CCC(=O)[C@@]1(C)[C@H](C)C[C@H]2[C@@H]3CCC4=CC(=O)C=C[C@]4(C)[C@H]3[C@@H](O)C[C@@]21C,"(8S,9S,10R,11S,13S,14S,16R,17S)-11-hydroxy-10,13,16,17-tetramethyl-17-propanoyl-7,8,9,11,12,14,15,16-octahydro-6H-cyclopenta[a]phenanthren-3-one",C24H34O3
CCC(=O)c1ccc2c(c1)N(CCCN1CCN(CCO)CC1)c1ccccc1S2,1-[10-[3-[4-(2-hydroxyethyl)piperazin-1-yl]propyl]phenothiazin-2-yl]propan-1-one,C24H31N3O2S
CCC(=O)c1ccc2c(c1)N(CC(C)N(C)C)c1ccccc1S2,1-[10-[2-(dimethylamino)propyl]phenothiazin-2-yl]propan-1-one,C20H24N2OS
CCC(Br)(CC)C(=O)NC(=O)NC(C)=O,N-(acetylcarbamoyl)-2-bromo-2-ethylbutanamide,C9H15BrN2O3
CCC(Br)(C(N)=O)C(C)C,2-bromo-2-ethyl-3-methylbutanamide,C7H14BrNO
CCC(Br)(CC)C(=O)NC(N)=O,2-bromo-N-carbamoyl-2-ethylbutanamide,C7H13BrN2O2
CCC(C(=O)NC(N)=O)c1ccccc1,N-carbamoyl-2-phenylbutanamide,C11H14N2O2
CCC(C(N)=O)N1CCCC1=O,2-(2-oxopyrrolidin-1-yl)butanamide,C8H14N2O2
CCC(C(=O)OCCN1CCOC(c2ccccc2)C1C)c1ccccc1,2-(3-methyl-2-phenylmorpholin-4-yl)ethyl 2-phenylbutanoate,C23H29NO3
CCC(C)(C)C,"2,2-dimethylbutane",C6H14
CCC(C)(C)C(=O)O[C@H]1C[C@@H](C)C=C2C=C[C@H](C)[C@H](CC[C@@H]3C[C@@H](O)CC(=O)O3)[C@H]21,"[(1S,3R,7S,8S,8aR)-8-[2-[(2R,4R)-4-hydroxy-6-oxooxan-2-yl]ethyl]-3,7-dimethyl-1,2,3,7,8,8a-hexahydronaphthalen-1-yl] 2,2-dimethylbutanoate",C25H38O5
CCC(C)(C)O,2-methylbutan-2-ol,C5H12O
CCC(C)(CC)OC(N)=O,3-methylpentan-3-yl carbamate,C7H15NO2
CCC(C)(S(=O)(=O)CC)S(=O)(=O)CC,"2,2-bis(ethylsulfonyl)butane",C8H18O4S2
CCC(C)(O)C1CC23C=CC1(OC)C1Oc4c(OC)ccc5c4C12CCN(CC1CC1)C3C5,"2-[5-(cyclopropylmethyl)-11,15-dimethoxy-13-oxa-5-azahexacyclo[13.2.2.12,8.01,6.02,14.012,20]icosa-8(20),9,11,18-tetraen-16-yl]butan-2-ol",C28H37NO4
CCC(C)=O,butan-2-one,C4H8O
CCC(C)C(C)(COC(N)=O)COC(N)=O,"[2-(carbamoyloxymethyl)-2,3-dimethylpentyl] carbamate",C10H20N2O4
CCC(C)C(C)(COC(N)=O)COC(=O)NC(C)C,"[2-(carbamoyloxymethyl)-2,3-dimethylpentyl] N-propan-2-ylcarbamate",C13H26N2O4
CCC(C)C(CC)C(=O)NC(N)=O,N-carbamoyl-2-ethyl-3-methylpentanamide,C9H18N2O2
CCC(C)C(CC)C(N)=O,2-ethyl-3-methylpentanamide,C8H17NO
CCC(C)C1(CC)C(=O)NC(=O)NC1=O,"5-butan-2-yl-5-ethyl-1,3-diazinane-2,4,6-trione",C10H16N2O3
CCC(C)CC,3-methylpentane,C6H14
CCC(C)[C@H]1O[C@]2(CC[C@@H]1C)CC1C[C@@H](C/C=C(\C)[C@@H](O[C@H]3C[C@H](OC)[C@@H](OC4C[C@H](OC)[C@@H](O)[C@H](C)O4)[C@H](C)O3)[C@@H](C)/C=C/C=C3\CO[C@@H]4[C@H](O)C(C)=C[C@@H](C(=O)O1)[C@]34O)O2.CO[C@H]1CC(O[C@H]2[C@H](C)O[C@@H](O[C@@H]3/C(C)=C/C[C@@H]4CC(C[C@]5(CC[C@H](C)[C@@H](C(C)C)O5)O4)OC(=O)[C@@H]4C=C(C)[C@@H](O)[C@H]5OC/C(=C\C=C\[C@@H]3C)[C@@]45O)C[C@@H]2OC)O[C@@H](C)[C@@H]1O,"(1R,5'S,6R,6'R,8R,10E,12S,13S,14E,16E,20R,21R,24S)-6'-butan-2-yl-21,24-dihydroxy-12-[(2R,4S,5S,6S)-5-[(4S,5S,6S)-5-hydroxy-4-methoxy-6-methyloxan-2-yl]oxy-4-methoxy-6-methyloxan-2-yl]oxy-5',11,13,22-tetramethylspiro[3,7,19-trioxatetracyclo[15.6.1.14,8.020,24]pentacosa-10,14,16,22-tetraene-6,2'-oxane]-2-one;(1R,5'S,6R,6'R,8R,10E,12S,13S,14E,16E,20R,21R,24S)-21,24-dihydroxy-12-[(2R,4S,5S,6S)-5-[(4S,5S,6S)-5-hydroxy-4-methoxy-6-methyloxan-2-yl]oxy-4-methoxy-6-methyloxan-2-yl]oxy-5',11,13,22-tetramethyl-6'-propan-2-ylspiro[3,7,19-trioxatetracyclo[15.6.1.14,8.020,24]pentacosa-10,14,16,22-tetraene-6,2'-oxane]-2-one",C95H146O28
CCC(C)C(N)C1=NC(C(=O)N[C@@H](CC(C)C)C(=O)N[C@H](CCC(=O)O)C(=O)N[C@H](C(=O)NCCCC[C@@H]2NC(=O)[C@H](CC(N)=O)NC(=O)[C@@H](CC(=O)O)NC(=O)[C@H](Cc3cnc[nH]3)NC(=O)[C@@H](Cc3ccccc3)NC(=O)[C@H]([C@@H](C)CC)NC(=O)[C@@H](CCCN)NC2=O)[C@@H](C)CC)CS1,"(4R)-4-[[(2S)-2-[[2-(1-amino-2-methylbutyl)-4,5-dihydro-1,3-thiazole-4-carbonyl]amino]-4-methylpentanoyl]amino]-5-[[(2S,3S)-1-[4-[(2S,5R,8S,11R,14S,17R,20S)-20-(2-amino-2-oxoethyl)-5-(3-aminopropyl)-11-benzyl-8-[(2S)-butan-2-yl]-17-(carboxymethyl)-14-(1H-imidazol-5-ylmethyl)-3,6,9,12,15,18,21-heptaoxo-1,4,7,10,13,16,19-heptazacyclohenicos-2-yl]butylamino]-3-methyl-1-oxopentan-2-yl]amino]-5-oxopentanoic acid",C66H103N17O16S
CCC(C)n1ncn(-c2ccc(N3CCN(c4ccc(OC[C@H]5CO[C@](Cn6cncn6)(c6ccc(Cl)cc6Cl)O5)cc4)CC3)cc2)c1=O,"2-butan-2-yl-4-[4-[4-[4-[[(2R,4S)-2-(2,4-dichlorophenyl)-2-(1,2,4-triazol-1-ylmethyl)-1,3-dioxolan-4-yl]methoxy]phenyl]piperazin-1-yl]phenyl]-1,2,4-triazol-3-one",C35H38Cl2N8O4
CCC(CC)(CNC(=O)CCCO)c1cccc(OC)c1,N-[2-ethyl-2-(3-methoxyphenyl)butyl]-4-hydroxybutanamide,C17H27NO3
CCC(N)Cc1c[nH]c2ccccc12,1-(1H-indol-3-yl)butan-2-amine,C12H16N2
CCC(NC(=O)c1c(C)c(-c2ccccc2)nc2ccccc12)c1ccccc1,3-methyl-2-phenyl-N-(1-phenylpropyl)quinoline-4-carboxamide,C26H24N2O
CCC(O)(COC(N)=O)c1ccccc1,(2-hydroxy-2-phenylbutyl) carbamate,C11H15NO3
CCC(O)C(CC(C)N(C)C)(c1ccccc1)c1ccccc1,"6-(dimethylamino)-4,4-diphenylheptan-3-ol",C21H29NO
CCC(OC(C)=O)C(CC(C)N(C)C)(c1ccccc1)c1ccccc1,"[6-(dimethylamino)-4,4-diphenylheptan-3-yl] acetate",C23H31NO2
CCC(OC(N)=O)C1CCCCC1,1-cyclohexylpropyl carbamate,C10H19NO2
CCC(Oc1ccccc1)C(=O)NC1C(=O)N2C1SC(C)(C)C2C(=O)O,"3,3-dimethyl-7-oxo-6-(2-phenoxybutanoylamino)-4-thia-1-azabicyclo[3.2.0]heptane-2-carboxylic acid",C18H22N2O5S
CCC1(C)CC(=O)NC1=O,"3-ethyl-3-methylpyrrolidine-2,5-dione",C7H11NO2
CCC1(C)CC(=O)NC(=O)C1,"4-ethyl-4-methylpiperidine-2,6-dione",C8H13NO2
CCC1(C)OC(=O)N(C)C1=O,"5-ethyl-3,5-dimethyl-1,3-oxazolidine-2,4-dione",C7H11NO3
CCC1(C2=CCCCC2)C(=O)NC(=O)NC1=O,"5-(cyclohexen-1-yl)-5-ethyl-1,3-diazinane-2,4,6-trione",C12H16N2O3
CCC1(C2=CCCCCC2)C(=O)NC(=O)NC1=O,"5-(cyclohepten-1-yl)-5-ethyl-1,3-diazinane-2,4,6-trione",C13H18N2O3
CCC1(CC)C(=O)C=CNC1=O,"3,3-diethyl-1H-pyridine-2,4-dione",C9H13NO2
CCC1(CC)C(=O)NC(=O)N(c2ccccc2)C1=O,"5,5-diethyl-1-phenyl-1,3-diazinane-2,4,6-trione",C14H16N2O3
CCC1(CC)C(=O)NC(=O)N(C)C1=O,"5,5-diethyl-1-methyl-1,3-diazinane-2,4,6-trione",C9H14N2O3
CCC1(CC)C(=O)NC=C(C)C1=O,"3,3-diethyl-5-methyl-1H-pyridine-2,4-dione",C10H15NO2
CCC1(CC)C(=O)NC(=O)NC1=O,"5,5-diethyl-1,3-diazinane-2,4,6-trione",C8H12N2O3
CCC1(CC)C(=O)NCC(C)C1=O,"3,3-diethyl-5-methylpiperidine-2,4-dione",C10H17NO2
CCC1(CC)O[C@@H]2C[C@H]3C4CCC5=CC(=O)C=CC5(C)[C@@]4(F)[C@@H](O)CC3(C)[C@]2(C(=O)CO)O1,"(2S,4R,8S,11S,12R)-6,6-diethyl-12-fluoro-11-hydroxy-8-(2-hydroxyacetyl)-9,13-dimethyl-5,7-dioxapentacyclo[10.8.0.02,9.04,8.013,18]icosa-14,17-dien-16-one",C26H35FO6
CCC1(CCC(C)C)C(=O)NC(=O)NC1=O,"5-ethyl-5-(3-methylbutyl)-1,3-diazinane-2,4,6-trione",C11H18N2O3
CCC1(O)CCN2CCc3ccc(C)cc3C2C1,"2-ethyl-10-methyl-1,3,4,6,7,11b-hexahydrobenzo[a]quinolizin-2-ol",C16H23NO
CCC1(c2ccc(N)cc2)CCC(=O)NC1=O,"3-(4-aminophenyl)-3-ethylpiperidine-2,6-dione",C13H16N2O2
CCC1(c2ccccc2)C(=O)N(COC)C(=O)N(COC)C1=O,"5-ethyl-1,3-bis(methoxymethyl)-5-phenyl-1,3-diazinane-2,4,6-trione",C16H20N2O5
CCC1(c2ccccc2)C(=O)NC(=O)N(C(=O)c2ccccc2)C1=O,"1-benzoyl-5-ethyl-5-phenyl-1,3-diazinane-2,4,6-trione",C19H16N2O4
CCC1(c2ccccc2)C(=O)NC(=O)N(C)C1=O,"5-ethyl-1-methyl-5-phenyl-1,3-diazinane-2,4,6-trione",C13H14N2O3
CCC1(c2ccccc2)C(=O)NC(=O)N1C,"5-ethyl-1-methyl-5-phenylimidazolidine-2,4-dione",C12H14N2O2
CCC1(c2ccccc2)C(=O)NC(=O)NC1=O,"5-ethyl-5-phenyl-1,3-diazinane-2,4,6-trione",C12H12N2O3
CCC1(c2ccccc2)C(=O)NCNC1=O,"5-ethyl-5-phenyl-1,3-diazinane-4,6-dione",C12H14N2O2
CCC1(c2ccccc2)CCC(=O)NC1=O,"3-ethyl-3-phenylpiperidine-2,6-dione",C13H15NO2
CCC1(c2ccccc2)NC(=O)N(C)C1=O,"5-ethyl-3-methyl-5-phenylimidazolidine-2,4-dione",C12H14N2O2
CCC1(c2ccccc2)NCC(=O)NC1=O,"3-ethyl-3-phenylpiperazine-2,6-dione",C12H14N2O2
CCC1(c2ccccc2)OCC(C2CCCCN2)O1,"2-(2-ethyl-2-phenyl-1,3-dioxolan-4-yl)piperidine",C16H23NO2
CCC12CCN(CC3CCC3)C(Cc3ccc(O)cc31)C2(C)C,"10-(cyclobutylmethyl)-1-ethyl-13,13-dimethyl-10-azatricyclo[7.3.1.02,7]trideca-2(7),3,5-trien-4-ol",C21H31NO
CCC12CCN(CC3CC3)C(Cc3ccc(O)cc31)C2(C)C,"10-(cyclopropylmethyl)-1-ethyl-13,13-dimethyl-10-azatricyclo[7.3.1.02,7]trideca-2(7),3,5-trien-4-ol",C20H29NO
CCC1C(=O)NC(=O)C1(C)c1ccccc1,"4-ethyl-3-methyl-3-phenylpyrrolidine-2,5-dione",C13H15NO2
CCC1C(C)=NN=C(c2ccc(OC)c(OC)c2)c2cc(OC)c(OC)cc21,"1-(3,4-dimethoxyphenyl)-5-ethyl-7,8-dimethoxy-4-methyl-5H-2,3-benzodiazepine",C22H26N2O4
CCC1NC(=O)C(NC(=O)c2ncccc2O)C(C)OC(=O)C(c2ccccc2)NC(=O)C2CC(=O)CCN2C(=O)C(Cc2ccc(N(C)C)cc2)N(C)C(=O)C2CCCN2C1=O,"N-[3-[[4-(dimethylamino)phenyl]methyl]-12-ethyl-4,16-dimethyl-2,5,11,14,18,21,24-heptaoxo-19-phenyl-17-oxa-1,4,10,13,20-pentazatricyclo[20.4.0.06,10]hexacosan-15-yl]-3-hydroxypyridine-2-carboxamide",C45H54N8O10
CCCC(=O)N(C)Cc1c(-c2ccc(Cl)cc2)nc2ccccn12,"N-[[2-(4-chlorophenyl)imidazo[1,2-a]pyridin-3-yl]methyl]-N-methylbutanamide",C19H20ClN3O
CCCC(=O)O[C@]1(C(=O)CCl)[C@@H](C)C[C@H]2[C@@H]3CCC4=CC(=O)C=C[C@]4(C)[C@@]3(F)C(=O)C[C@@]21C,"[(8S,9R,10S,13S,14S,16S,17R)-17-(2-chloroacetyl)-9-fluoro-10,13,16-trimethyl-3,11-dioxo-7,8,12,14,15,16-hexahydro-6H-cyclopenta[a]phenanthren-17-yl] butanoate",C26H32ClFO5
CCCC(=O)Nc1ccc(OCC(O)CNC(C)C)c(C(C)=O)c1,N-[3-acetyl-4-[2-hydroxy-3-(propan-2-ylamino)propoxy]phenyl]butanamide,C18H28N2O4
CCCC(=O)O[C@]1(C(=O)CO)CC[C@H]2[C@@H]3CCC4=CC(=O)CC[C@]4(C)[C@H]3[C@@H](O)C[C@@]21C,"[(8S,9S,10R,11S,13S,14S,17R)-11-hydroxy-17-(2-hydroxyacetyl)-10,13-dimethyl-3-oxo-2,6,7,8,9,11,12,14,15,16-decahydro-1H-cyclopenta[a]phenanthren-17-yl] butanoate",C25H36O6
CCCC(=O)O[C@]1(C(=O)COC(=O)CC)CC[C@H]2[C@@H]3CCC4=CC(=O)CC[C@]4(C)[C@H]3[C@@H](O)C[C@@]21C,"[(8S,9S,10R,11S,13S,14S,17R)-11-hydroxy-10,13-dimethyl-3-oxo-17-(2-propanoyloxyacetyl)-2,6,7,8,9,11,12,14,15,16-decahydro-1H-cyclopenta[a]phenanthren-17-yl] butanoate",C28H40O7
CCCC(=O)O[C@]1(C(=O)COC(C)=O)CC[C@H]2[C@@H]3C[C@H](C)C4=CC(=O)CC[C@]4(C)[C@H]3[C@@H](O)C[C@@]21C,"[(6S,8S,9S,10R,11S,13S,14S,17R)-17-(2-acetyloxyacetyl)-11-hydroxy-6,10,13-trimethyl-3-oxo-2,6,7,8,9,11,12,14,15,16-decahydro-1H-cyclopenta[a]phenanthren-17-yl] butanoate",C28H40O7
CCCC(=O)O[C@]1(C(=O)COC(C)=O)CC[C@H]2[C@@H]3C[C@H](F)C4=CC(=O)C=C[C@]4(C)[C@@]3(F)[C@@H](O)C[C@@]21C,"[(6S,8S,9R,10S,11S,13S,14S,17R)-17-(2-acetyloxyacetyl)-6,9-difluoro-11-hydroxy-10,13-dimethyl-3-oxo-6,7,8,11,12,14,15,16-octahydrocyclopenta[a]phenanthren-17-yl] butanoate",C27H34F2O7
CCCC(=O)O[C@]1(C(=O)COC(C)=O)[C@H](C)C[C@H]2[C@@H]3CCC4=CC(=O)C=C[C@]4(C)[C@@]3(Cl)[C@@H](O)C[C@@]21C,"[(8S,9R,10S,11S,13S,14S,16R,17R)-17-(2-acetyloxyacetyl)-9-chloro-11-hydroxy-10,13,16-trimethyl-3-oxo-6,7,8,11,12,14,15,16-octahydrocyclopenta[a]phenanthren-17-yl] butanoate",C28H37ClO7
CCCC(=O)O[C@]1(C(C)=O)CCC[C@H]2[C@@H]3CCC4=CC(=O)C=C[C@]4(C)[C@H]3[C@@H](O)C[C@@]21C,"[(1R,4aS,4bS,10aR,10bS,11S,12aS)-1-acetyl-11-hydroxy-10a,12a-dimethyl-8-oxo-2,3,4,4a,4b,5,6,10b,11,12-decahydrochrysen-1-yl] butanoate",C26H36O5
CCCC(=O)c1ccc2c(c1)N(CCCN1CCN(C)CC1)c1ccccc1S2,1-[10-[3-(4-methylpiperazin-1-yl)propyl]phenothiazin-2-yl]butan-1-one,C24H31N3OS
CCCC(C(=O)c1ccc(C)cc1)N1CCCC1,1-(4-methylphenyl)-2-pyrrolidin-1-ylpentan-1-one,C16H23NO
CCCC(C)(COC(N)=O)COC(N)=O,[2-(carbamoyloxymethyl)-2-methylpentyl] carbamate,C9H18N2O4
CCCC(C)(O)C1CC23C=CC1(OC)C1Oc4c(O)ccc5c4C12CCN(C)C3C5,"19-(2-hydroxypentan-2-yl)-15-methoxy-5-methyl-13-oxa-5-azahexacyclo[13.2.2.12,8.01,6.02,14.012,20]icosa-8(20),9,11,16-tetraen-11-ol",C25H33NO4
CCCC(C)C,2-methylpentane,C6H14
CCCC(C)C1(CC)C(=O)NC(=O)NC1=O,"5-ethyl-5-pentan-2-yl-1,3-diazinane-2,4,6-trione",C11H18N2O3
CCCC(C)C1(CC)C(=O)NC(=S)NC1=O,"5-ethyl-5-pentan-2-yl-2-sulfanylidene-1,3-diazinane-4,6-dione",C11H18N2O2S
CCCC(C)C1(CCSC)C(=O)NC(=S)NC1=O,"5-(2-methylsulfanylethyl)-5-pentan-2-yl-2-sulfanylidene-1,3-diazinane-4,6-dione",C12H20N2O2S2
CCCC(C)CC,3-methylhexane,C7H16
CCCC(CC)C1(CC)C(=O)NC(=O)NC1=O,"5-ethyl-5-hexan-3-yl-1,3-diazinane-2,4,6-trione",C12H20N2O3
CCCC(CC)C1(CC)C(=O)NC(=S)NC1=O,"5-ethyl-5-hexan-3-yl-2-sulfanylidene-1,3-diazinane-4,6-dione",C12H20N2O2S
CCCC(CCC)C(=O)O,2-propylpentanoic acid,C8H16O2
CCCC(CCC)(CCC)C(N)=O,"2,2-dipropylpentanamide",C11H23NO
CCCC(CCC)C(N)=O,2-propylpentanamide,C8H17NO
CCCC(CCC)C(=O)OCOC(=O)C(C)(C)C,"2,2-dimethylpropanoyloxymethyl 2-propylpentanoate",C14H26O4
CCCC(Cc1ccccc1)N1CCCC1,1-(1-phenylpentan-2-yl)pyrrolidine,C15H23N
CCCC(O)Cl,1-chlorobutan-1-ol,C4H9ClO
CCCC1CC(C(=O)NC(C(C)O)C2OC(SC)C(O)C(O)C2O)N(C)C1,"N-[2-hydroxy-1-(3,4,5-trihydroxy-6-methylsulfanyloxan-2-yl)propyl]-1-methyl-4-propylpyrrolidine-2-carboxamide",C18H34N2O6S
CCCC1(C)COB(c2ccc(C)cc2)OC1,"5-methyl-2-(4-methylphenyl)-5-propyl-1,3,2-dioxaborinane",C14H21BO2
CCCC1O[C@@H]2C[C@H]3[C@@H]4CCC5=CC(=O)C=C[C@]5(C)[C@H]4[C@@H](O)C[C@]3(C)[C@]2(C(=O)CO)O1,"(1S,2S,4R,8S,9S,11S,12S,13R)-11-hydroxy-8-(2-hydroxyacetyl)-9,13-dimethyl-6-propyl-5,7-dioxapentacyclo[10.8.0.02,9.04,8.013,18]icosa-14,17-dien-16-one",C25H34O6
CCCCC,pentane,C5H12
CCCCC(=O)OC1(C(=O)CO)CCC2C3CCC4=CC(=O)C=CC4(C)C3C(O)CC21C,"[11-hydroxy-17-(2-hydroxyacetyl)-10,13-dimethyl-3-oxo-7,8,9,11,12,14,15,16-octahydro-6H-cyclopenta[a]phenanthren-17-yl] pentanoate",C26H36O6
CCCCC(=O)O[C@]1(C(=O)CO)CCC2C3CC(F)C4=CC(=O)C=CC4(C)C3C(O)CC21C,"[(17R)-6-fluoro-11-hydroxy-17-(2-hydroxyacetyl)-10,13-dimethyl-3-oxo-7,8,9,11,12,14,15,16-octahydro-6H-cyclopenta[a]phenanthren-17-yl] pentanoate",C26H35FO6
CCCCC(=O)O[C@]1(C(=O)CO)CCC2C3CCC4=CC(=O)CCC4(C)C3C(O)CC21C,"[(17R)-11-hydroxy-17-(2-hydroxyacetyl)-10,13-dimethyl-3-oxo-2,6,7,8,9,11,12,14,15,16-decahydro-1H-cyclopenta[a]phenanthren-17-yl] pentanoate",C26H38O6
CCCCC(=O)O[C@]1(C(=O)CO)[C@@H](C)C[C@H]2[C@@H]3CCC4=CC(=O)C=C[C@]4(C)[C@@]3(F)[C@@H](O)C[C@@]21C,"[(8S,9R,10S,11S,13S,14S,16S,17R)-9-fluoro-11-hydroxy-17-(2-hydroxyacetyl)-10,13,16-trimethyl-3-oxo-6,7,8,11,12,14,15,16-octahydrocyclopenta[a]phenanthren-17-yl] pentanoate",C27H37FO6
CCCCC(CC)CNC(=O)CC(C)O,N-(2-ethylhexyl)-3-hydroxybutanamide,C12H25NO2
CCCCC/C(=N/OCCN)c1ccc(C)c(N)c1,5-[(Z)-N-(2-aminoethoxy)-C-pentylcarbonimidoyl]-2-methylaniline,C15H25N3O
CCCCC1(CCOC(N)=O)C(=O)NC(=O)NC1=O,"2-(5-butyl-2,4,6-trioxo-1,3-diazinan-5-yl)ethyl carbamate",C11H17N3O5
CCCCC1C(=O)N(c2ccccc2)N(c2ccccc2)C1=O,"4-butyl-1,2-diphenylpyrazolidine-3,5-dione",C19H20N2O2
CCCCCC,hexane,C6H14
CCCCCC(=O)OCC(=O)C1C(C)CC2C3CC(F)C4=CC(=O)C=CC4(C)C3C(O)CC21C,"[2-(6-fluoro-11-hydroxy-10,13,16-trimethyl-3-oxo-6,7,8,9,11,12,14,15,16,17-decahydrocyclopenta[a]phenanthren-17-yl)-2-oxoethyl] hexanoate",C28H39FO5
CCCCCC(=O)CC[C@]1(C)[C@@H]2Cc3ccc(O)cc3[C@@]1(C)CCN2C,"1-[(1R,9S,13S)-4-hydroxy-1,10,13-trimethyl-10-azatricyclo[7.3.1.02,7]trideca-2(7),3,5-trien-13-yl]octan-3-one",C23H35NO2
CCCCCC(N)C(O)(c1ccccc1)c1ccccc1,"2-amino-1,1-diphenylheptan-1-ol",C19H25NO
CCCCCC(C)C(C)c1cc(OC(=O)CCCN2CCCCCC2)c2c(c1)OC(C)(C)C1=C2CC(C)CC1,"[6,6,9-trimethyl-3-(3-methyloctan-2-yl)-7,8,9,10-tetrahydrobenzo[c]chromen-1-yl] 4-(azepan-1-yl)butanoate",C35H55NO3
CCCCCC1CNC(C(=O)NC(C(C)Cl)C2OC(SC)C(O)C(O)C2O)C1,"N-[2-chloro-1-(3,4,5-trihydroxy-6-methylsulfanyloxan-2-yl)propyl]-4-pentylpyrrolidine-2-carboxamide",C19H35ClN2O5S
CCCCCCC,heptane,C7H16
CCCCCCC(=O)OCCN1CCN(CCCN2c3ccccc3Sc3ccc(C(F)(F)F)cc32)CC1,2-[4-[3-[2-(trifluoromethyl)phenothiazin-10-yl]propyl]piperazin-1-yl]ethyl heptanoate,C29H38F3N3O2S
CCCCCCC(C)(C)c1cc(O)c2c(c1)OC(C)(C)[C@@H]1CCC(=O)C[C@@H]21,"(6aR,10aR)-1-hydroxy-6,6-dimethyl-3-(2-methyloctan-2-yl)-7,8,10,10a-tetrahydro-6aH-benzo[c]chromen-9-one",C24H36O3
CCCCCCC(C)NN,octan-2-ylhydrazine,C8H20N2
CCCCCCCCCC(=O)N[C@H]1[C@H](Oc2c3cc4cc2Oc2ccc(cc2Cl)[C@@H](O[C@@H]2O[C@H](CO)[C@@H](O)[C@H](O)[C@H]2NC(C)=O)[C@@H]2NC(=O)[C@H](NC(=O)[C@@H]4NC(=O)[C@H]4NC(=O)[C@@H](Cc5ccc(c(Cl)c5)O3)NC(=O)[C@H](N)c3ccc(O)c(c3)Oc3cc(O)cc4c3)c3ccc(O)c(c3)-c3c(O[C@H]4O[C@H](CO)[C@@H](O)[C@H](O)[C@@H]4O)cc(O)cc3[C@H](C(=O)O)NC2=O)O[C@H](CO)[C@@H](O)[C@@H]1O,"(1S,2R,19R,22R,34S,37R,40R,52R)-2-[(2R,3R,4R,5S,6R)-3-acetamido-4,5-dihydroxy-6-(hydroxymethyl)oxan-2-yl]oxy-22-amino-5,15-dichloro-64-[(2S,3R,4R,5S,6R)-3-(decanoylamino)-4,5-dihydroxy-6-(hydroxymethyl)oxan-2-yl]oxy-26,31,44,49-tetrahydroxy-21,35,38,54,56,59-hexaoxo-47-[(2R,3S,4S,5S,6R)-3,4,5-trihydroxy-6-(hydroxymethyl)oxan-2-yl]oxy-7,13,28-trioxa-20,36,39,53,55,58-hexazaundecacyclo[38.14.2.23,6.214,17.219,34.18,12.123,27.129,33.141,45.010,37.046,51]hexahexaconta-3,5,8,10,12(64),14,16,23(61),24,26,29(60),30,32,41(57),42,44,46(51),47,49,62,65-henicosaene-52-carboxylic acid",C88H97Cl2N9O33
CCCCCCCCCC(=O)OC1(c2ccc(Br)cc2)CCN(CCCC(=O)c2ccc(F)cc2)CC1,[4-(4-bromophenyl)-1-[4-(4-fluorophenyl)-4-oxobutyl]piperidin-4-yl] decanoate,C31H41BrFNO3
CCCCCCCCCC(=O)OC1(c2ccc(Cl)cc2)CCN(CCCC(=O)c2ccc(F)cc2)CC1,[4-(4-chlorophenyl)-1-[4-(4-fluorophenyl)-4-oxobutyl]piperidin-4-yl] decanoate,C31H41ClFNO3
CCCCCCCCCC1(C)OCC(COC(N)=O)O1,"(2-methyl-2-nonyl-1,3-dioxolan-4-yl)methyl carbamate",C15H29NO4
CCCCCCCCCCCCCC(=O)O[C@H]1C=C[C@H]2[C@H]3Cc4ccc(OCc5ccccc5)c5c4[C@@]2(CCN3C)[C@H]1O5,"[(4R,4aR,7S,7aR,12bS)-3-methyl-9-phenylmethoxy-2,4,4a,7,7a,13-hexahydro-1H-4,12-methanobenzofuro[3,2-e]isoquinolin-7-yl] tetradecanoate",C38H51NO4
CCCCCCCCCCCCCCCC(=O)OCCC1CCN(CCCN2c3ccccc3Sc3ccc(S(=O)(=O)N(C)C)cc32)CC1,2-[1-[3-[2-(dimethylsulfamoyl)phenothiazin-10-yl]propyl]piperidin-4-yl]ethyl hexadecanoate,C40H63N3O4S2
CCCCCCCCCCCCCCCCCC(=O)OCC(=O)OCC(=O)[C@@]1(O)CC[C@H]2[C@@H]3CCC4=CC(=O)C=C[C@]4(C)[C@H]3[C@@H](O)C[C@@]21C,"[2-[2-[(8S,9S,10R,11S,13S,14S,17R)-11,17-dihydroxy-10,13-dimethyl-3-oxo-7,8,9,11,12,14,15,16-octahydro-6H-cyclopenta[a]phenanthren-17-yl]-2-oxoethoxy]-2-oxoethyl] octadecanoate",C41H64O8
CCCCCCCCCCOc1c(OC)cc(C(N)=O)cc1OC,"4-decoxy-3,5-dimethoxybenzamide",C19H31NO4
CCCCCCCCCNc1ncnc2[nH]ccc12,"N-nonyl-7H-pyrrolo[2,3-d]pyrimidin-4-amine",C15H24N4
CCCCCCCNC(=O)Oc1ccc2c(c1)[C@]1(C)CCN(C)[C@@H]1N2C,"[(3aR,8bS)-3,4,8b-trimethyl-2,3a-dihydro-1H-pyrrolo[2,3-b]indol-7-yl] N-heptylcarbamate",C21H33N3O2
CCCCCCN1CCC(C(=O)N(C)CC)(c2ccccc2)CC1,N-ethyl-1-hexyl-N-methyl-4-phenylpiperidine-4-carboxamide,C21H34N2O
CCCCCCOc1nsnc1C1=CCCN(C)C1,"3-hexoxy-4-(1-methyl-3,6-dihydro-2H-pyridin-5-yl)-1,2,5-thiadiazole",C14H23N3OS
CCCCCCSc1nsnc1C1=CCCN(C)C1,"3-hexylsulfanyl-4-(1-methyl-3,6-dihydro-2H-pyridin-5-yl)-1,2,5-thiadiazole",C14H23N3S2
CCCCCNCC(N)=O,2-(pentylamino)acetamide,C7H16N2O
CCCCC[C@H](O)/C=C/[C@H]1[C@H](O)CC(=O)[C@@H]1CCCCCCC(=O)O,"7-[(1R,2R,3R)-3-hydroxy-2-[(E,3S)-3-hydroxyoct-1-enyl]-5-oxocyclopentyl]heptanoic acid",C20H34O5
CCCCCN[C@@]12C=CC(=O)[C@@H]3Oc4c(O)ccc5c4[C@@]31CCN(C)[C@@H]2C5,"(4R,4aS,7aR,12bR)-9-hydroxy-3-methyl-4a-(pentylamino)-2,4,7a,13-tetrahydro-1H-4,12-methanobenzofuro[3,2-e]isoquinolin-7-one",C22H28N2O3
CCCCCn1ccc(=O)c(O)c1C,3-hydroxy-2-methyl-1-pentylpyridin-4-one,C11H17NO2
CCCCCc1cc(O)c2c(c1)OC(C)(C)[C@@H]1CCC(C)=C[C@@H]21,"(6aR,10aR)-6,6,9-trimethyl-3-pentyl-6a,7,8,10a-tetrahydrobenzo[c]chromen-1-ol",C21H30O2
CCCCN1C(=O)C2C(=O)N(CCCCN3CCN(c4ccccc4OC)CC3)C(=O)C(C1=O)C2(C)C,N/A,C28H40N4O5
CCCCN/C(=C1/C=C(Cl)C=CC1=O)c1ccccc1Cl,2-[N-butyl-C-(2-chlorophenyl)carbonimidoyl]-4-chlorophenol,C17H17Cl2NO
CCCCNC(=O)NS(=O)(=O)c1ccc(C)cc1,1-butyl-3-(4-methylphenyl)sulfonylurea,C12H18N2O3S
CCCCNC(=O)OCC(C)(CCC)COC(N)=O,[2-(carbamoyloxymethyl)-2-methylpentyl] N-butylcarbamate,C13H26N2O4
CCCCNCC1COc2cccc(OCC)c2O1.[Cl-].[H+],,C15H24ClNO3
CCCCNCC1COc2ccccc2O1,"N-(2,3-dihydro-1,4-benzodioxin-3-ylmethyl)butan-1-amine",C13H19NO2
CCCCNc1c(C(=O)OCC)cnc2c1cnn2CC,"ethyl 4-(butylamino)-1-ethylpyrazolo[3,4-b]pyridine-5-carboxylate",C15H22N4O2
CCCCNc1c(C(=O)OCC)c(C)nc2c1cnn2CC,"ethyl 4-(butylamino)-1-ethyl-6-methylpyrazolo[3,4-b]pyridine-5-carboxylate",C16H24N4O2
CCCCOC(=O)C(=O)C1C(C)CC2C3CC(F)C4=CC(=O)C=CC4(C)C3C(O)CC21C,"butyl 2-(6-fluoro-11-hydroxy-10,13,16-trimethyl-3-oxo-6,7,8,9,11,12,14,15,16,17-decahydrocyclopenta[a]phenanthren-17-yl)-2-oxoacetate",C26H35FO5
CCCCOC(=O)C(=O)[C@H]1[C@H](C)C[C@H]2[C@@H]3C[C@H](F)C4=CC(=O)C=C[C@]4(C)[C@H]3[C@@H](O)C[C@@]21C,"butyl 2-[(6S,8S,9S,10R,11S,13S,14S,16R,17S)-6-fluoro-11-hydroxy-10,13,16-trimethyl-3-oxo-6,7,8,9,11,12,14,15,16,17-decahydrocyclopenta[a]phenanthren-17-yl]-2-oxoacetate",C26H35FO5
CCCCOCC(CN1C(=O)N(CC(COCCCC)OC(N)=O)C(=O)C(CC)(c2ccccc2)C1=O)OC(N)=O,"[1-butoxy-3-[3-(3-butoxy-2-carbamoyloxypropyl)-5-ethyl-2,4,6-trioxo-5-phenyl-1,3-diazinan-1-yl]propan-2-yl] carbamate",C28H42N4O9
CCCCOCC(CN1C(=O)NC(=O)C(CC)(c2ccccc2)C1=O)OC(N)=O,"[1-butoxy-3-(5-ethyl-2,4,6-trioxo-5-phenyl-1,3-diazinan-1-yl)propan-2-yl] carbamate",C20H27N3O6
CCCCOc1ccc(C(=O)CCN2CCCCC2)cc1.[Cl],1-(4-butoxyphenyl)-3-piperidin-1-ylpropan-1-one;hydrochloride,C18H27ClNO2
CCCC[C@@H]1CC(=O)[C@]2(O)O[C@@H]3[C@@H](NC)[C@@H](O)[C@@H](NC)[C@H](O)[C@H]3O[C@@H]2O1,"(1R,3S,5R,8R,10R,11S,12S,13R,14S)-5-butyl-8,12,14-trihydroxy-11,13-bis(methylamino)-2,4,9-trioxatricyclo[8.4.0.03,8]tetradecan-7-one",C17H30N2O7
CCCCc1nc(Cl)c(CO)n1Cc1ccc(-c2ccccc2-c2nn[nH]n2)cc1,[2-butyl-5-chloro-3-[[4-[2-(2H-tetrazol-5-yl)phenyl]phenyl]methyl]imidazol-4-yl]methanol,C22H23ClN6O
CCCCSc1ccc(C(SCCN(C)C)c2ccccc2)cc1,"2-[(4-butylsulfanylphenyl)-phenylmethyl]sulfanyl-N,N-dimethylethanamine",C21H29NS2
CCCCc1oc2ccccc2c1C(=O)c1cc(I)c(OCCN(CC)CC)c(I)c1,"(2-butyl-1-benzofuran-3-yl)-[4-[2-(diethylamino)ethoxy]-3,5-diiodophenyl]methanone",C25H29I2NO3
CCCCn1c(=O)c2c(ncn2CC(C)=O)n(CCCC)c1=O,"1,3-dibutyl-7-(2-oxopropyl)purine-2,6-dione",C16H24N4O3
CCCCn1ccc(=O)c(O)c1C,1-butyl-3-hydroxy-2-methylpyridin-4-one,C10H15NO2
CCCN(CCC)C1Cc2cccc3cc(O)cc(c23)C1,"5-(dipropylamino)-5,6-dihydro-4H-phenalen-2-ol",C19H25NO
CCCN(CCC)C(=O)Cc1c(-c2ccc(Cl)cc2)nc2ccc(Cl)cn12,"2-[6-chloro-2-(4-chlorophenyl)imidazo[1,2-a]pyridin-3-yl]-N,N-dipropylacetamide",C21H23Cl2N3O
CCCN(CCC)CCc1ccc(O)c2c1CC(=O)N2,"4-[2-(dipropylamino)ethyl]-7-hydroxy-1,3-dihydroindol-2-one",C16H24N2O2
CCCN(CCC)CCc1cccc2c1CC(=O)N2,"4-[2-(dipropylamino)ethyl]-1,3-dihydroindol-2-one",C16H24N2O
CCCN(CCC)S(=O)(=O)c1ccc(C(=O)O)cc1,4-(dipropylsulfamoyl)benzoic acid,C13H19NO4S
CCCN(CCCCN1C(=O)CC2(CCCC2)CC1=O)C1COc2cccc(OC)c2C1.[Cl-].[H+],"hydron;8-[4-[(5-methoxy-3,4-dihydro-2H-chromen-3-yl)-propylamino]butyl]-8-azaspiro[4.5]decane-7,9-dione;chloride",C26H39ClN2O4
CCCN(c1ccncc1)n1ccc2ccccc21.[Cl-].[H+],hydron;N-propyl-N-pyridin-4-ylindol-1-amine;chloride,C16H18ClN3
CCCN1CC(NS(=O)(=O)N(CC)CC)CC2Cc3c(O)cccc3CC21,"3-(diethylsulfamoylamino)-6-hydroxy-1-propyl-3,4,4a,5,10,10a-hexahydro-2H-benzo[g]quinoline",C20H33N3O3S
CCCN1CCCC1CNC(=O)c1cc(S(N)(=O)=O)ccc1OC,2-methoxy-N-[(1-propylpyrrolidin-2-yl)methyl]-5-sulfamoylbenzamide,C16H25N3O4S
CCCN1CC=C(c2c[nH]c3ccc(Cl)cc23)CC1,"5-chloro-3-(1-propyl-3,6-dihydro-2H-pyridin-4-yl)-1H-indole",C16H19ClN2
CCCN1C[C@H](CSC)C[C@@H]2c3cccc4[nH]cc(c34)C[C@H]21,"(6aR,9R,10aR)-9-(methylsulfanylmethyl)-7-propyl-6,6a,8,9,10,10a-hexahydro-4H-indolo[4,3-fg]quinoline",C19H26N2S
CCCNC(=O)N1CC(c2ccccc2)OC1=O,"2-oxo-5-phenyl-N-propyl-1,3-oxazolidine-3-carboxamide",C13H16N2O3
CCCNC(=O)NS(=O)(=O)c1ccc(Cl)cc1,1-(4-chlorophenyl)sulfonyl-3-propylurea,C10H13ClN2O3S
CCCNC(=O)c1ccc2c(c1)N([C@@H](C)CN1CCCC1)c1ccccc1S2,N-propyl-10-[(2S)-1-pyrrolidin-1-ylpropan-2-yl]phenothiazine-2-carboxamide,C23H29N3OS
CCCNC(=O)c1ccc2c(c1)N([C@H](C)CN1CCCC1)c1ccccc1S2,N-propyl-10-[(2R)-1-pyrrolidin-1-ylpropan-2-yl]phenothiazine-2-carboxamide,C23H29N3OS
CCCNCC(O)COc1ccccc1C(=O)CCc1ccccc1,1-[2-[2-hydroxy-3-(propylamino)propoxy]phenyl]-3-phenylpropan-1-one,C21H27NO3
CCCO,propan-1-ol,C3H8O
CCCOC(=O)c1cncn1C(C)c1ccccc1,propyl 3-(1-phenylethyl)imidazole-4-carboxylate,C15H18N2O2
CCCOC(=O)N1CCN(C(=O)Cc2ccc(Cl)c(Cl)c2)[C@@H](CN2CCCC2)C1,"propyl (3S)-4-[2-(3,4-dichlorophenyl)acetyl]-3-(pyrrolidin-1-ylmethyl)piperazine-1-carboxylate",C21H29Cl2N3O3
CCCSc1ccc2[nH]c(NC(=O)OC)nc2c1,methyl N-(6-propylsulfanyl-1H-benzimidazol-2-yl)carbamate,C12H15N3O2S
CCCSc1ccc2nc(NC(=O)OC)[nH]c2c1,methyl N-(6-propylsulfanyl-1H-benzimidazol-2-yl)carbamate,C12H15N3O2S
CCCSc1ccccc1N1CCN(CCCCn2c(=O)[nH]c3ccccc3c2=O)CC1,"3-[4-[4-(2-propylsulfanylphenyl)piperazin-1-yl]butyl]-1H-quinazoline-2,4-dione",C25H32N4O2S
CCC[C@@H]1C[C@@H](C(=O)NC(C(C)Cl)[C@H]2O[C@H](SC)[C@H](O)[C@@H](O)[C@H]2O)N(C)C1,"(2S,4R)-N-[2-chloro-1-[(2R,3R,4S,5R,6R)-3,4,5-trihydroxy-6-methylsulfanyloxan-2-yl]propyl]-1-methyl-4-propylpyrrolidine-2-carboxamide",C18H33ClN2O5S
CCC[C@@H]1O[C@@H]2C[C@H]3[C@@H]4C[C@H](F)C5=CC(=O)C=C[C@]5(C)C4(F)[C@@H](O)C[C@]3(C)[C@]2(C(=O)O[C@H](C)OC(=O)OCC)O1,"[(1S)-1-ethoxycarbonyloxyethyl] (1S,2S,4R,6R,8S,9S,11S,13S,19S)-12,19-difluoro-11-hydroxy-9,13-dimethyl-16-oxo-6-propyl-5,7-dioxapentacyclo[10.8.0.02,9.04,8.013,18]icosa-14,17-diene-8-carboxylate",C29H38F2O9
CCC[C@@H]1C[C@@H](C(=O)NC(C(C)Cl)[C@H]2O[C@H](SC)[C@H](OP(=O)(O)O)[C@@H](O)[C@H]2O)N(C)C1,"[(2R,3R,4S,5R,6R)-6-[2-chloro-1-[[(2S,4R)-1-methyl-4-propylpyrrolidine-2-carbonyl]amino]propyl]-4,5-dihydroxy-2-methylsulfanyloxan-3-yl] dihydrogen phosphate",C18H34ClN2O8PS
CCC[C@@H]1O[C@@H]2C[C@H]3[C@@H]4C[C@H](F)C5=CC(=O)CC[C@]5(C)[C@@]4(F)[C@@H](O)C[C@]3(C)[C@]2(C(=O)CO)O1,"(1S,2S,4R,6R,8S,9S,11S,12R,13S,19S)-12,19-difluoro-11-hydroxy-8-(2-hydroxyacetyl)-9,13-dimethyl-6-propyl-5,7-dioxapentacyclo[10.8.0.02,9.04,8.013,18]icos-17-en-16-one",C25H34F2O6
CCC[C@@](C)(O)[C@H]1CC23C=CC1(OC)[C@H]1Oc4c(OC(C)=O)ccc5c4C12CCN(C)C3C5,"[(14S,19R)-19-[(2R)-2-hydroxypentan-2-yl]-15-methoxy-5-methyl-13-oxa-5-azahexacyclo[13.2.2.12,8.01,6.02,14.012,20]icosa-8(20),9,11,16-tetraen-11-yl] acetate",C27H35NO5
CCCl,chloroethane,C2H5Cl
CCC[C@]1(c2cccc(O)c2)CCN(C)C[C@@H]1C,"3-[(3R,4S)-1,3-dimethyl-4-propylpiperidin-4-yl]phenol",C16H25NO
CCN(C(C)=O)c1cccc(-c2ccnc3c(C#N)cnn23)c1,"N-[3-(3-cyanopyrazolo[1,5-a]pyrimidin-7-yl)phenyl]-N-ethylacetamide",C17H15N5O
CCN(C)C(=O)Oc1cccc([C@H](C)N(C)C)c1,[3-[(1S)-1-(dimethylamino)ethyl]phenyl] N-ethyl-N-methylcarbamate,C14H22N2O2
CCN(CC)C(=O)C1CN2CCc3cc(OC)c(OC)cc3C2CC1OC(C)=O,"[3-(diethylcarbamoyl)-9,10-dimethoxy-2,3,4,6,7,11b-hexahydro-1H-benzo[a]quinolizin-2-yl] acetate",C22H32N2O5
CCN(CC)C(=O)CNC(=O)c1cc(OC)c(OC)c(OC)c1,"N-[2-(diethylamino)-2-oxoethyl]-3,4,5-trimethoxybenzamide",C16H24N2O5
CCN(CC)C(=O)COc1cc2c(O)c3c(O)c(C)c4c(c13)C(=O)[C@@](C)(O/C=C/[C@H](OC)[C@@H](C)[C@@H](OC(C)=O)[C@H](C)[C@H](O)[C@H](C)[C@@H](O)[C@@H](C)/C=C/C=C(/C)C(=O)N2)O4,"[(7S,9E,11S,12R,13S,14R,15R,16R,17S,18S,19E,21Z)-27-[2-(diethylamino)-2-oxoethoxy]-2,15,17,29-tetrahydroxy-11-methoxy-3,7,12,14,16,18,22-heptamethyl-6,23-dioxo-8,30-dioxa-24-azatetracyclo[23.3.1.14,7.05,28]triaconta-1(29),2,4,9,19,21,25,27-octaen-13-yl] acetate",C43H58N2O13
CCN(CC)C(=O)N[C@H]1C=C2c3cccc4[nH]cc(c34)C[C@H]2N(C)C1,"3-[(6aR,9S)-7-methyl-6,6a,8,9-tetrahydro-4H-indolo[4,3-fg]quinolin-9-yl]-1,1-diethylurea",C20H26N4O
CCN(CC)C(=O)N1CCN(CCCc2nc3c(c(=O)n(C)c(=O)n3C)n2C)CC1,"N,N-diethyl-4-[3-(1,3,7-trimethyl-2,6-dioxopurin-8-yl)propyl]piperazine-1-carboxamide",C20H33N7O3
CCN(CC)C(=O)Nc1ccc(OCC(O)CNC(C)(C)C)c(C(C)=O)c1,"3-[3-acetyl-4-[3-(tert-butylamino)-2-hydroxypropoxy]phenyl]-1,1-diethylurea",C20H33N3O4
CCN(CC)C(=O)N[C@H]1C[C@@H]2c3cccc4[nH]cc(c34)C[C@H]2N(C)C1,"3-[(6aR,9S,10aR)-7-methyl-6,6a,8,9,10,10a-hexahydro-4H-indolo[4,3-fg]quinolin-9-yl]-1,1-diethylurea",C20H28N4O
CCN(CC)C(=O)[C@@H]1[C@@H]2C=C[C@@H](C2)[C@H]1C(=O)N(CC)CC,"(1R,2R,3R,4S)-2-N,2-N,3-N,3-N-tetraethylbicyclo[2.2.1]hept-5-ene-2,3-dicarboxamide",C17H28N2O2
CCN(CC)C(=O)[C@]1(c2ccccc2)C[C@@H]1CN.[Cl-].[H+],"cis-(1R,2S)-2-(aminomethyl)-N,N-diethyl-1-phenylcyclopropane-1-carboxamide;hydron;chloride",C15H23ClN2O
CCN(CC)C(=O)c1cccnc1,"N,N-diethylpyridine-3-carboxamide",C10H14N2O
CCN(CC)C(=S)SSC(=S)N(CC)CC,"diethylcarbamothioylsulfanyl N,N-diethylcarbamodithioate",C10H20N2S4
CCN(CC)C(C)=NN=Cc1c2c(O)c3c(O)c(C)c4c(c3c1O)C(=O)C(C)(OC=CC(OC)C(C)C(OC(C)=O)C(C)C(O)C(C)C(O)C(C)C=CC=C(C)C(=O)N2)O4,"[26-[[1-(diethylamino)ethylidenehydrazinylidene]methyl]-2,15,17,27,29-pentahydroxy-11-methoxy-3,7,12,14,16,18,22-heptamethyl-6,23-dioxo-8,30-dioxa-24-azatetracyclo[23.3.1.14,7.05,28]triaconta-1(29),2,4,9,19,21,25,27-octaen-13-yl] acetate",C44H60N4O12
CCN(CC)C(C)CN1c2ccccc2Sc2ccccc21,"N,N-diethyl-1-phenothiazin-10-ylpropan-2-amine",C19H24N2S
CCN(CC)C/C=C1/c2ccccc2Nc2cc(Cl)ccc21,"(2Z)-2-(3-chloro-10H-acridin-9-ylidene)-N,N-diethylethanamine",C19H21ClN2
CCN(CC)CC(=O)Nc1c(C)cccc1C,"2-(diethylamino)-N-(2,6-dimethylphenyl)acetamide",C14H22N2O
CCN(CC)CC(=O)OCC(=O)C1(O)CCC2C3CCC4=CC(=O)C=CC4(C)C3C(O)CC21C,"[2-(11,17-dihydroxy-10,13-dimethyl-3-oxo-7,8,9,11,12,14,15,16-octahydro-6H-cyclopenta[a]phenanthren-17-yl)-2-oxoethyl] 2-(diethylamino)acetate",C27H39NO6
CCN(CC)CC(=O)OCC(=O)[C@@]1(O)CC[C@H]2[C@@H]3CCC4=CC(=O)CC[C@]4(C)[C@H]3[C@@H](O)C[C@@]21C,"[2-[(8S,9S,10R,11S,13S,14S,17R)-11,17-dihydroxy-10,13-dimethyl-3-oxo-2,6,7,8,9,11,12,14,15,16-decahydro-1H-cyclopenta[a]phenanthren-17-yl]-2-oxoethyl] 2-(diethylamino)acetate",C27H41NO6
CCN(CC)CC(=O)Oc1ccc(NC(C)=O)cc1,(4-acetamidophenyl) 2-(diethylamino)acetate,C14H20N2O3
CCN(CC)CCC(=O)N1c2ccccc2Sc2ccc(C(F)(F)F)cc21,3-(diethylamino)-1-[2-(trifluoromethyl)phenothiazin-10-yl]propan-1-one,C20H21F3N2OS
CCN(CC)CCCC(C)Nc1ccnc2cc(Cl)ccc12,"4-N-(7-chloroquinolin-4-yl)-1-N,1-N-diethylpentane-1,4-diamine",C18H26ClN3
CCN(CC)CCN1C(=O)CN=C(c2ccccc2F)c2cc(Cl)ccc21,"7-chloro-1-[2-(diethylamino)ethyl]-5-(2-fluorophenyl)-3H-1,4-benzodiazepin-2-one",C21H23ClFN3O
CCN(CC)CCNC(=O)COc1ccc(Cl)cc1,2-(4-chlorophenoxy)-N-[2-(diethylamino)ethyl]acetamide,C14H21ClN2O2
CCN(CC)CCN1c2ccccc2Sc2ccccc21,"N,N-diethyl-2-phenothiazin-10-ylethanamine",C18H22N2S
CCN(CC)CCNC(=O)COc1ccc(OC)cc1.[Cl-].[H+],N-[2-(diethylamino)ethyl]-2-(4-methoxyphenoxy)acetamide;hydron;chloride,C15H25ClN2O3
CCN(CC)CCNC(=O)c1cc(Br)c(N)cc1OC,4-amino-5-bromo-N-[2-(diethylamino)ethyl]-2-methoxybenzamide,C14H22BrN3O2
CCN(CC)CCNC(=O)c1cc(Cl)cc(Cl)c1OC,"3,5-dichloro-N-[2-(diethylamino)ethyl]-2-methoxybenzamide",C14H20Cl2N2O2
CCN(CC)CCNC(=O)c1cc(S(C)(=O)=O)ccc1OC,N-[2-(diethylamino)ethyl]-2-methoxy-5-methylsulfonylbenzamide,C15H24N2O4S
CCN(CC)CCOC(=O)C1(C2CCCCC2)CCCCC1,2-(diethylamino)ethyl 1-cyclohexylcyclohexane-1-carboxylate,C19H35NO2
CCN(CC)CCOC(=O)C(O)(c1ccccc1)c1ccccc1.[Cl-].[H+],"2-(diethylamino)ethyl 2-hydroxy-2,2-diphenylacetate;hydron;chloride",C20H26ClNO3
CCN(CC)CCOC(=O)c1ccc(N)cc1,2-(diethylamino)ethyl 4-aminobenzoate,C13H20N2O2
CCN(CC)CCOC1(c2ccc(Cl)cc2)CCCCC1,"2-[1-(4-chlorophenyl)cyclohexyl]oxy-N,N-diethylethanamine",C18H28ClNO
CCN(CC)CCn1cnc2c1c(=O)n(C)c(=O)n2C,"7-[2-(diethylamino)ethyl]-1,3-dimethylpurine-2,6-dione",C13H21N5O2
CCN(CC)S(=O)(=O)N[C@H]1C[C@@H]2c3cccc4[nH]cc(c34)C[C@H]2N(C)C1,"(6aR,9S,10aR)-9-(diethylsulfamoylamino)-7-methyl-6,6a,8,9,10,10a-hexahydro-4H-indolo[4,3-fg]quinoline",C19H28N4O2S
CCN(CC)c1nc2c(s1)c1c(O)c3c(O)c(C)c4c(c32)C(=O)[C@@](C)(O/C=C/[C@H](OC)[C@@H](C)[C@@H](OC(C)=O)[C@H](C)[C@H](O)[C@H](C)[C@@H](O)[C@@H](C)/C=C/C=C(/C)C(=O)N1)O4,"[(7S,9E,11S,12R,13S,14R,15R,16R,17S,18S,19E,21Z)-28-(diethylamino)-2,15,17,32-tetrahydroxy-11-methoxy-3,7,12,14,16,18,22-heptamethyl-6,23-dioxo-8,33-dioxa-27-thia-24,29-diazapentacyclo[23.6.1.14,7.05,31.026,30]tritriaconta-1(31),2,4,9,19,21,25(32),26(30),28-nonaen-13-yl] acetate",C42H55N3O11S
CCN(CCO)CCn1c(Cc2ccccc2)nc2c1c(=O)n(C)c(=O)n2C,"8-benzyl-7-[2-[ethyl(2-hydroxyethyl)amino]ethyl]-1,3-dimethylpurine-2,6-dione",C20H27N5O3
CCN(CC)c1ccc(NC(=O)c2ccccc2N)c(C)c1,2-amino-N-[4-(diethylamino)-2-methylphenyl]benzamide,C18H23N3O
CCN1C(=O)NC(c2ccccc2)C1=O,"3-ethyl-5-phenylimidazolidine-2,4-dione",C11H12N2O2
CCN1CC(CCN2CCOCC2)C(c2ccccc2)(c2ccccc2)C1=O,"1-ethyl-4-(2-morpholin-4-ylethyl)-3,3-diphenylpyrrolidin-2-one",C24H30N2O2
CCN1CCC(=C(c2ccccc2)c2ccccc2)C1.[Cl-].[H+],3-benzhydrylidene-1-ethylpyrrolidine;hydron;chloride,C19H22ClN
CCN1CCCC1CNC(=O)c1cc(C(C)=O)ccc1OC,5-acetyl-N-[(1-ethylpyrrolidin-2-yl)methyl]-2-methoxybenzamide,C17H24N2O3
CCN1CCCC1CNC(=O)c1cc(S(=O)(=O)CC)c(N)cc1OC,4-amino-N-[(1-ethylpyrrolidin-2-yl)methyl]-5-ethylsulfonyl-2-methoxybenzamide,C17H27N3O4S
CCN1CCCC1CNC(=O)c1cc(S(N)(=O)=O)ccc1OC,N-[(1-ethylpyrrolidin-2-yl)methyl]-2-methoxy-5-sulfamoylbenzamide,C15H23N3O4S
CCN1CCCC1CNC(=O)c1cc(S(=O)(=O)CC)ccc1OC,N-[(1-ethylpyrrolidin-2-yl)methyl]-5-ethylsulfonyl-2-methoxybenzamide,C17H26N2O4S
CCN1CCC[C@H]1CNC(=O)c1c(OC)ccc(Br)c1OC,"3-bromo-N-[[(2S)-1-ethylpyrrolidin-2-yl]methyl]-2,6-dimethoxybenzamide",C16H23BrN2O3
CCN1CCN(C(=O)N[C@@H](C(=O)N[C@@H]2C(=O)N3[C@@H](C(=O)O)C(C)(C)S[C@H]23)c2ccccc2)C(=O)C1=O.O,"(2S,5R,6R)-6-[[(2R)-2-[(4-ethyl-2,3-dioxopiperazine-1-carbonyl)amino]-2-phenylacetyl]amino]-3,3-dimethyl-7-oxo-4-thia-1-azabicyclo[3.2.0]heptane-2-carboxylic acid;hydrate",C23H29N5O8S
CCN1CCN(C(=O)N[C@@H](C(=O)N[C@@H]2C(=O)N3C(C(=O)O)=C(CSc4nnnn4C)CS[C@H]23)c2ccc(O)cc2)C(=O)C1=O,"(6R,7R)-7-[[(2R)-2-[(4-ethyl-2,3-dioxopiperazine-1-carbonyl)amino]-2-(4-hydroxyphenyl)acetyl]amino]-3-[(1-methyltetrazol-5-yl)sulfanylmethyl]-8-oxo-5-thia-1-azabicyclo[4.2.0]oct-2-ene-2-carboxylic acid",C25H27N9O8S2
CCN1CCN(c2cc(-c3ccc(F)cc3)c3c(n2)CCCCCC3)CC1,"2-(4-ethylpiperazin-1-yl)-4-(4-fluorophenyl)-5,6,7,8,9,10-hexahydrocycloocta[b]pyridine",C23H30FN3
CCN1CCc2[nH]c3cc(F)c4scc(C)c4c3c2C1,"14-ethyl-7-fluoro-3-methyl-5-thia-10,14-diazatetracyclo[7.7.0.02,6.011,16]hexadeca-1,3,6,8,11(16)-pentaene",C16H17FN2S
CCNC(=O)/C=C/c1cccc(Br)c1,(E)-3-(3-bromophenyl)-N-ethylprop-2-enamide,C11H12BrNO
CCNC(=NC#N)NCCSCc1ncccc1Br,2-[2-[(3-bromo-2-pyridinyl)methylsulfanyl]ethyl]-1-cyano-3-ethylguanidine,C12H16BrN5S
CCNC1(c2ccccc2)CCCCC1,N-ethyl-1-phenylcyclohexan-1-amine,C14H21N
CCNC(=O)N1CCN(CCCC(c2ccc(F)cc2)c2ccc(F)cc2)CC1,"4-[4,4-bis(4-fluorophenyl)butyl]-N-ethylpiperazine-1-carboxamide",C23H29F2N3O
CCNC1(c2cccs2)CCCCC1=O,2-(ethylamino)-2-thiophen-2-ylcyclohexan-1-one,C12H17NOS
CCNC1=NC(=O)C(c2ccccc2)O1,"2-ethylimino-5-phenyl-1,3-oxazolidin-4-one",C11H12N2O2
CCNC1=Nc2ccc(Cl)cc2C(C)(c2ccccc2)O1.[Cl-].[H+],,C17H18Cl2N2O
CCNC1=Nc2ccc(Cl)cc2C(c2ccccc2)S1,"6-chloro-N-ethyl-4-phenyl-1,4-dihydro-3,1-benzothiazin-2-imine",C16H15ClN2S
CCNCC(O)c1cccc(O)c1,3-[2-(ethylamino)-1-hydroxyethyl]phenol,C10H15NO2
CCNC1C2CCC(C2)C1c1ccccc1,N-ethyl-3-phenylbicyclo[2.2.1]heptan-2-amine,C15H21N
CCN[C@@H]1C[C@H](N)[C@@H](O[C@H]2OC(CN)=CC[C@H]2N)[C@H](O)[C@H]1O[C@H]1OC[C@](C)(O)[C@H](NC)[C@H]1O,"(2R,3R,4R,5R)-2-[(1S,2S,3R,4S,6R)-4-amino-3-[[(2S,3R)-3-amino-6-(aminomethyl)-3,4-dihydro-2H-pyran-2-yl]oxy]-6-(ethylamino)-2-hydroxycyclohexyl]oxy-5-methyl-4-(methylamino)oxane-3,5-diol",C21H41N5O7
CCNCc1c(CSC)cnc(C)c1O,4-(ethylaminomethyl)-2-methyl-5-(methylsulfanylmethyl)pyridin-3-ol,C11H18N2OS
CCO,ethanol,C2H6O
CCN[C@H](Cc1ccccc1)[C@H]1CCCO1,(1R)-N-ethyl-1-[(2R)-oxolan-2-yl]-2-phenylethanamine,C14H21NO
CCOC(=O)C(C)(C)Oc1ccc(Cl)cc1,ethyl 2-(4-chlorophenoxy)-2-methylpropanoate,C12H15ClO3
CCOC(=O)C(c1c(O)oc2ccccc2c1=O)c1c(O)oc2ccccc2c1=O,"ethyl 2,2-bis(4-hydroxy-2-oxochromen-3-yl)acetate",C22H16O8
CCOC(=O)C1(c2cccc(O)c2)CCN(C)CC1,ethyl 4-(3-hydroxyphenyl)-1-methylpiperidine-4-carboxylate,C15H21NO3
CCOC(=O)C1(c2ccccc2)CCC=CC1N(C)C.[Cl-].[H+],ethyl 2-(dimethylamino)-1-phenylcyclohex-3-ene-1-carboxylate;hydron;chloride,C17H24ClNO2
CCOC(=O)C1(c2ccccc2)CCN(C)CC1,ethyl 1-methyl-4-phenylpiperidine-4-carboxylate,C15H21NO2
CCOC(=O)C1(c2ccccc2)CCN(C)CC1.[Cl-].[H+],ethyl 1-methyl-4-phenylpiperidine-4-carboxylate;hydron;chloride,C15H22ClNO2
CCOC(=O)C1(c2ccccc2)CCN(CCCNc2ccccc2)CC1,ethyl 1-(3-anilinopropyl)-4-phenylpiperidine-4-carboxylate,C23H30N2O2
CCOC(=O)C1(c2ccccc2)CCN(CCc2ccc(N)cc2)CC1,ethyl 1-[2-(4-aminophenyl)ethyl]-4-phenylpiperidine-4-carboxylate,C22H28N2O2
CCOC(=O)C1=C(C)NC(C)=C(C(=O)OC)C1c1cccc(Cl)c1Cl,"5-O-ethyl 3-O-methyl 4-(2,3-dichlorophenyl)-2,6-dimethyl-1,4-dihydropyridine-3,5-dicarboxylate",C18H19Cl2NO4
CCOC(=O)C1=C(C)NC(C)=C(C(=O)OC)C1c1cccc([N+](=O)[O-])c1,"5-O-ethyl 3-O-methyl 2,6-dimethyl-4-(3-nitrophenyl)-1,4-dihydropyridine-3,5-dicarboxylate",C18H20N2O6
CCOC(=O)C1N=C(c2ccccc2F)c2cc(Cl)ccc2NC1=O,"ethyl 7-chloro-5-(2-fluorophenyl)-2-oxo-1,3-dihydro-1,4-benzodiazepine-3-carboxylate",C18H14ClFN2O3
CCOC(=O)C[C@@H](O)C[C@@H](O)/C=C/C1=C(c2ccc(F)cc2)c2ccccc2OC12CCCC2,"ethyl (E,3S,5R)-7-[4-(4-fluorophenyl)spiro[chromene-2,1'-cyclopentane]-3-yl]-3,5-dihydroxyhept-6-enoate",C28H31FO5
CCOC(=O)N(CCN(C)C)c1cccc(C(F)(F)F)c1,ethyl N-[2-(dimethylamino)ethyl]-N-[3-(trifluoromethyl)phenyl]carbamate,C14H19F3N2O2
CCOC(=O)N1CCC(=C2c3ccc(Cl)cc3CCc3cccnc32)CC1,"ethyl 4-(13-chloro-4-azatricyclo[9.4.0.03,8]pentadeca-1(11),3(8),4,6,12,14-hexaen-2-ylidene)piperidine-1-carboxylate",C22H23ClN2O2
CCOC(=O)N1CCC(=O)N(c2ccccc2)c2cc(Cl)ccc21,"ethyl 7-chloro-4-oxo-5-phenyl-2,3-dihydro-1,5-benzodiazepine-1-carboxylate",C18H17ClN2O3
CCOC(=O)N(Cc1ccccc1)C1CC1,ethyl N-benzyl-N-cyclopropylcarbamate,C13H17NO2
CCOC(=O)N1CCN(C(=O)Cc2ccc(Cl)c(Cl)c2)[C@@H](CN2CCCC2)C1,"ethyl (3S)-4-[2-(3,4-dichlorophenyl)acetyl]-3-(pyrrolidin-1-ylmethyl)piperazine-1-carboxylate",C20H27Cl2N3O3
CCOC(=O)NC(O)C(Cl)(Cl)Cl,"ethyl N-(2,2,2-trichloro-1-hydroxyethyl)carbamate",C5H8Cl3NO3
CCOC(=O)NNC(C)c1ccccc1,ethyl N-(1-phenylethylamino)carbamate,C11H16N2O2
CCOC(=O)OC(C)OC(=O)[C@@H]1N2C(=O)[C@@H](N=CN3CCCCCC3)[C@H]2SC1(C)C,"1-ethoxycarbonyloxyethyl (2S,5R,6R)-6-(azepan-1-ylmethylideneamino)-3,3-dimethyl-7-oxo-4-thia-1-azabicyclo[3.2.0]heptane-2-carboxylate",C20H31N3O6S
CCOC(=O)Nc1ccc(NCc2ccc(F)cc2)cc1N,ethyl N-[2-amino-4-[(4-fluorophenyl)methylamino]phenyl]carbamate,C16H18FN3O2
CCOC(=O)OC1(C(=O)OCCl)CCC2C3CCC4=CC(=O)C=CC4(C)C3C(O)CC21C,"chloromethyl 17-ethoxycarbonyloxy-11-hydroxy-10,13-dimethyl-3-oxo-7,8,9,11,12,14,15,16-octahydro-6H-cyclopenta[a]phenanthrene-17-carboxylate",C24H31ClO7
CCOC(=O)OCC/C(SC(=O)OCC)=C(\C)N(C=O)Cc1cnc(C)nc1N,ethyl [(Z)-2-[(4-amino-2-methylpyrimidin-5-yl)methyl-formylamino]-5-ethoxycarbonyloxypent-2-en-3-yl]sulfanylformate,C18H26N4O6S
CCOC(=O)O[C@]1(C(=O)COC(=O)CC)CC[C@H]2[C@@H]3CCC4=CC(=O)C=C[C@]4(C)[C@H]3[C@@H](O)C[C@@]21C,"[2-[(8S,9S,10R,11S,13S,14S,17R)-17-ethoxycarbonyloxy-11-hydroxy-10,13-dimethyl-3-oxo-7,8,9,11,12,14,15,16-octahydro-6H-cyclopenta[a]phenanthren-17-yl]-2-oxoethyl] propanoate",C27H36O8
CCOC(=O)[C@H](CCc1ccccc1)N[C@@H](C)C(=O)N1CCC[C@H]1C(=O)O,(2S)-1-[(2S)-2-[[(2S)-1-ethoxy-1-oxo-4-phenylbutan-2-yl]amino]propanoyl]pyrrolidine-2-carboxylic acid,C20H28N2O5
CCOC(=O)c1[nH]c2cc(OC)c(OC)cc2c1CCN1CCN(c2ccccc2)CC1,"ethyl 5,6-dimethoxy-3-[2-(4-phenylpiperazin-1-yl)ethyl]-1H-indole-2-carboxylate",C25H31N3O4
CCOC(=O)c1ccc(N)cc1,ethyl 4-aminobenzoate,C9H11NO2
CCOC(=O)c1cncn1C(C)c1ccc(F)cc1,ethyl 3-[1-(4-fluorophenyl)ethyl]imidazole-4-carboxylate,C14H15FN2O2
CCOC(=O)c1cnc2c(cnn2CC)c1NN=C(C)C,"ethyl 1-ethyl-4-(2-propan-2-ylidenehydrazinyl)pyrazolo[3,4-b]pyridine-5-carboxylate",C14H19N5O2
CCOC(=O)c1cncn1C(C)c1ccccc1,ethyl 3-(1-phenylethyl)imidazole-4-carboxylate,C14H16N2O2
CCOC(=O)c1ncn2c1CN(C)C(=O)c1cc(F)ccc1-2,"ethyl 8-fluoro-5-methyl-6-oxo-4H-imidazo[1,5-a][1,4]benzodiazepine-3-carboxylate",C15H14FN3O3
CCOC(N)=O,ethyl carbamate,C3H7NO2
CCOC(OCC)C(=O)OCC(=O)C1(O)Cc2c(O)c3c(c(O)c2C(OC2CC(N)C(O)C(C)O2)C1)C(=O)c1c(OC)cccc1C3=O,"[2-[4-(4-amino-5-hydroxy-6-methyloxan-2-yl)oxy-2,5,12-trihydroxy-7-methoxy-6,11-dioxo-3,4-dihydro-1H-tetracen-2-yl]-2-oxoethyl] 2,2-diethoxyacetate",C33H39NO14
CCOCC,ethoxyethane,C4H10O
CCOC1c2ccccc2C(=O)N(C)c2ccccc21,11-ethoxy-5-methyl-11H-benzo[c][1]benzazepin-6-one,C17H17NO2
CCO[C@H]1C[C@@]2(C)[C@@H](CC[C@H]3[C@@H]4CC[C@H](C(C)=O)[C@@]4(C)C[C@@H](N(C)C)[C@@H]32)C[C@@H]1O,"1-[(2S,3S,5S,8S,9S,10S,11R,13S,14S,17S)-11-(dimethylamino)-2-ethoxy-3-hydroxy-10,13-dimethyl-2,3,4,5,6,7,8,9,11,12,14,15,16,17-tetradecahydro-1H-cyclopenta[a]phenanthren-17-yl]ethanone",C25H43NO3
CCO[C@H]1CCN(C(=O)c2cc(-c3ccccc3)c(=O)n3c2-c2cc(Cl)ccc2CC3)C1,"10-chloro-1-[(3S)-3-ethoxypyrrolidine-1-carbonyl]-3-phenyl-6,7-dihydrobenzo[a]quinolizin-4-one",C26H25ClN2O3
CCOc1ccc(NC(C)=O)cc1,N-(4-ethoxyphenyl)acetamide,C10H13NO2
CCOc1cc(N)c([N+](=O)[O-])cc1C(=O)NC1CCN(CC2CC=CCC2)CC1,4-amino-N-[1-(cyclohex-3-en-1-ylmethyl)piperidin-4-yl]-2-ethoxy-5-nitrobenzamide,C21H30N4O4
CCOc1ccc2ccccc2c1C(=O)N[C@@H]1C(=O)N2[C@@H](C(=O)[O-])C(C)(C)S[C@H]12.[Na+],"sodium (2S,5R,6R)-6-[(2-ethoxynaphthalene-1-carbonyl)amino]-3,3-dimethyl-7-oxo-4-thia-1-azabicyclo[3.2.0]heptane-2-carboxylate",C21H21N2NaO5S
CCOc1ccccc1O[C@@H](c1ccccc1)[C@@H]1CNCCO1,(2S)-2-[(S)-(2-ethoxyphenoxy)-phenylmethyl]morpholine,C19H23NO3
CCOc1ccccc1OCC1CNCCO1,2-[(2-ethoxyphenoxy)methyl]morpholine,C13H19NO3
CCS(=O)(=O)C(C)(C)S(=O)(=O)CC,"2,2-bis(ethylsulfonyl)propane",C7H16O4S2
CCS(=O)(=O)CCn1c([N+](=O)[O-])cnc1C,1-(2-ethylsulfonylethyl)-2-methyl-5-nitroimidazole,C8H13N3O4S
CCS(=O)(=O)CCN1C(=O)CN=C(c2ccccc2F)c2cc(Cl)ccc21,"7-chloro-1-(2-ethylsulfonylethyl)-5-(2-fluorophenyl)-3H-1,4-benzodiazepin-2-one",C19H18ClFN2O3S
CCS(=O)(=O)c1ccc(F)cc1,1-ethylsulfonyl-4-fluorobenzene,C8H9FO2S
CCS[C@]1(SC)CC[C@H]2[C@@H]3CCC4=CC(=O)C=C[C@]4(C)[C@@]3(F)[C@@H](O)C[C@@]21C,"(8S,9R,10S,11S,13S,14S,17R)-17-ethylsulfanyl-9-fluoro-11-hydroxy-10,13-dimethyl-17-methylsulfanyl-6,7,8,11,12,14,15,16-octahydrocyclopenta[a]phenanthren-3-one",C22H31FO2S2
CCSc1ccc2c(c1)N(CCCN1CCN(C)CC1)c1ccccc1S2,2-ethylsulfanyl-10-[3-(4-methylpiperazin-1-yl)propyl]phenothiazine,C22H29N3S2
CC[C@@H](O)C(C[C@@H](C)N(C)C)(c1ccccc1)c1ccccc1,"(3R,6R)-6-(dimethylamino)-4,4-diphenylheptan-3-ol",C21H29NO
CC[C@@H](CO)NCCN[C@@H](CC)CO,(2S)-2-[2-[[(2S)-1-hydroxybutan-2-yl]amino]ethylamino]butan-1-ol,C10H24N2O2
CC[C@@]1(O)C(=O)OCc2c1cc1n(c2=O)Cc2cc3c(CN(C)C)c(O)ccc3nc2-1,"(19S)-8-[(dimethylamino)methyl]-19-ethyl-7,19-dihydroxy-17-oxa-3,13-diazapentacyclo[11.8.0.02,11.04,9.015,20]henicosa-1(21),2,4(9),5,7,10,15(20)-heptaene-14,18-dione",C23H23N3O5
CC[C@@]1(O)C[C@H](OC2CC(N(C)C)C(OC3CC(O)C(OC4CCC(=O)C(C)O4)C(C)O3)C(C)O2)c2c(cc3c(c2O)C(=O)c2c(O)cccc2C3=O)[C@H]1C(=O)OC,"methyl (1R,2R,4S)-4-[4-(dimethylamino)-5-[4-hydroxy-6-methyl-5-(6-methyl-5-oxooxan-2-yl)oxyoxan-2-yl]oxy-6-methyloxan-2-yl]oxy-2-ethyl-2,5,7-trihydroxy-6,11-dioxo-3,4-dihydro-1H-tetracene-1-carboxylate",C42H53NO15
CC[C@@]1(O)C[C@H](O[C@H]2C[C@H](N(C)C)[C@H](O[C@H]3C[C@@H]4O[C@H]5CC(=O)[C@H](C)O[C@H]5O[C@@H]4[C@H](C)O3)[C@H](C)O2)c2c(O)c3c(c(O)c2[C@H]1O[C@H]1C[C@H](N(C)C)[C@H](O)[C@H](C)O1)C(=O)c1cccc(O)c1C3=O,"(7S,9R,10R)-7-[(2R,4S,5S,6S)-4-(dimethylamino)-5-[[(1R,3R,5S,8S,10S,12S,14S)-5,14-dimethyl-6-oxo-2,4,9,13-tetraoxatricyclo[8.4.0.03,8]tetradecan-12-yl]oxy]-6-methyloxan-2-yl]oxy-10-[(2S,4S,5S,6S)-4-(dimethylamino)-5-hydroxy-6-methyloxan-2-yl]oxy-9-ethyl-4,6,9,11-tetrahydroxy-8,10-dihydro-7H-tetracene-5,12-dione",C48H64N2O17
CC[C@H](C)C(=O)O[C@H]1CCC=C2C=C[C@H](C)[C@H](CC[C@@H]3C[C@@H](O)CC(=O)O3)[C@H]21,"[(1S,7S,8S,8aR)-8-[2-[(2R,4R)-4-hydroxy-6-oxooxan-2-yl]ethyl]-7-methyl-1,2,3,7,8,8a-hexahydronaphthalen-1-yl] (2S)-2-methylbutanoate",C23H34O5
CC[C@H](C)C(=O)O[C@H]1C[C@H](O)C=C2C=C[C@H](C)[C@H](CC[C@@H](O)C[C@@H](O)CC(=O)O)[C@H]21,"(3R,5R)-7-[(1S,2S,6S,8S,8aR)-6-hydroxy-2-methyl-8-[(2S)-2-methylbutanoyl]oxy-1,2,6,7,8,8a-hexahydronaphthalen-1-yl]-3,5-dihydroxyheptanoic acid",C23H36O7
CC[C@H](NC(=O)c1c(C)c(-c2ccccc2)nc2ccccc12)c1ccccc1,3-methyl-2-phenyl-N-[(1S)-1-phenylpropyl]quinoline-4-carboxamide,C26H24N2O
CC[C@H](NC(=O)c1c(Cn2ccnc2)c(-c2ccccc2)nc2ccccc12)c1ccccc1,,C29H26N4O
CC[C@H](NC(=O)c1c(O)c(-c2ccccc2)nc2ccccc12)c1ccccc1,3-hydroxy-2-phenyl-N-[(1S)-1-phenylpropyl]quinoline-4-carboxamide,C25H22N2O2
CC[C@H](NC(=O)c1c(OCCCC(=O)O)c(-c2ccccc2)nc2ccccc12)c1ccccc1,4-[2-phenyl-4-[[(1S)-1-phenylpropyl]carbamoyl]quinolin-3-yl]oxybutanoic acid,C29H28N2O4
CC[C@H](NC(=O)c1c(OCC(=O)O)c(-c2ccccc2)nc2ccccc12)c1ccccc1,2-[2-phenyl-4-[[(1S)-1-phenylpropyl]carbamoyl]quinolin-3-yl]oxyacetic acid,C27H24N2O4
CC[C@H](NC(=O)c1c(OCCNC(=O)Cc2ccccc2C(=O)O)c(-c2ccccc2)nc2ccccc12)c1ccccc1,2-[2-oxo-2-[2-[2-phenyl-4-[[(1S)-1-phenylpropyl]carbamoyl]quinolin-3-yl]oxyethylamino]ethyl]benzoic acid,C36H33N3O5
CC[C@H](NC(=O)c1c(OCCCN(C)C)c(-c2ccccc2)nc2ccccc12)c1ccccc1,3-[3-(dimethylamino)propoxy]-2-phenyl-N-[(1S)-1-phenylpropyl]quinoline-4-carboxamide,C30H33N3O2
CC[C@H](NC(=O)c1c(OCCNC(=O)[C@@H]2CCCN2)c(-c2ccccc2)nc2ccccc12)c1ccccc1,,C32H34N4O3
CC[C@H](NC(=O)c1c(OCCNC(=O)Cc2ccccn2)c(-c2ccccc2)nc2ccccc12)c1ccccc1,2-phenyl-N-[(1S)-1-phenylpropyl]-3-[2-[(2-pyridin-2-ylacetyl)amino]ethoxy]quinoline-4-carboxamide,C34H32N4O3
CC[C@H]1CC(=O)[C@@H]2Oc3c(OC)ccc4c3[C@@]23CCN(CC2CC2)C(C4)[C@H]13,"(4aR,5S,7aR,12bS)-3-(cyclopropylmethyl)-5-ethyl-9-methoxy-1,2,4,4a,5,6,7a,13-octahydro-4,12-methanobenzofuro[3,2-e]isoquinolin-7-one",C23H29NO3
CC[C@H]1CN2CCc3cc(OC)c(OC)cc3[C@@H]2C[C@@H]1C[C@H]1NCCc2cc(OC)c(OC)cc21.[Cl],"(2S,3R,11bS)-2-[[(1R)-6,7-dimethoxy-1,2,3,4-tetrahydroisoquinolin-1-yl]methyl]-3-ethyl-9,10-dimethoxy-2,3,4,6,7,11b-hexahydro-1H-benzo[a]quinolizine;hydrochloride",C29H40ClN2O4
CC[C@H]1OC(=O)[C@H](C)[C@@H](OC2CC(C)(OC)C(O)C(C)O2)C(C)[C@@H](OC2OC(C)CC(N(C)C)C2O)[C@](C)(O)C[C@@H](C)/C(=N\OC)[C@H](C)[C@@H](O)[C@]1(C)O,"(3R,4S,6R,7R,9R,10E,11S,12R,13S,14R)-6-[4-(dimethylamino)-3-hydroxy-6-methyloxan-2-yl]oxy-14-ethyl-7,12,13-trihydroxy-4-(5-hydroxy-4-methoxy-4,6-dimethyloxan-2-yl)oxy-10-methoxyimino-3,5,7,9,11,13-hexamethyl-oxacyclotetradecan-2-one",C38H70N2O13
CC[C@H]1OC(=O)[C@H](C)[C@@H](OC2CC(C)(OC)C(O)C(C)O2)C(C)[C@@H](OC2OC(C)CC(N(C)C)C2O)[C@](C)(O)C[C@@H](C)C(=O)[C@H](C)[C@@H](O)[C@H]1C,"(3R,4S,6R,7R,9R,11R,12S,13R,14R)-6-[4-(dimethylamino)-3-hydroxy-6-methyloxan-2-yl]oxy-14-ethyl-7,12-dihydroxy-4-(5-hydroxy-4-methoxy-4,6-dimethyloxan-2-yl)oxy-3,5,7,9,11,13-hexamethyl-oxacyclotetradecane-2,10-dione",C37H67NO12
CC[C@H]1OC(=O)[C@H](C)[C@@H](O[C@H]2C[C@@](C)(OC)[C@@H](O)[C@H](C)O2)C(C)[C@@H](O[C@@H]2O[C@H](C)C[C@H](N(C)C)[C@H]2O)[C@](C)(O)C[C@@H](C)CN(C)[C@H](C)[C@@H](O)[C@]1(C)O,"(2R,3S,4R,5R,8R,10R,11R,13S,14R)-11-[(2S,3R,4S,6R)-4-(dimethylamino)-3-hydroxy-6-methyloxan-2-yl]oxy-2-ethyl-3,4,10-trihydroxy-13-[(2R,4R,5S,6S)-5-hydroxy-4-methoxy-4,6-dimethyloxan-2-yl]oxy-3,5,6,8,10,12,14-heptamethyl-1-oxa-6-azacyclopentadecan-15-one",C38H72N2O12
CC[C@H]1OC(=O)[C@H](C)[C@@H](O[C@H]2C[C@@](C)(OC)[C@@H](O)[C@H](C)O2)[C@H](C)[C@@H](O[C@@H]2O[C@H](C)C[C@H](N(C)C)[C@H]2O)[C@](C)(O)C[C@@H](C)/C(=N/OCOCCOC)[C@H](C)[C@@H](O)[C@]1(C)O,"(3R,4S,5S,6R,7R,9R,10Z,11S,12R,13S,14R)-6-[(2S,3R,4S,6R)-4-(dimethylamino)-3-hydroxy-6-methyloxan-2-yl]oxy-14-ethyl-7,12,13-trihydroxy-4-[(2R,4R,5S,6S)-5-hydroxy-4-methoxy-4,6-dimethyloxan-2-yl]oxy-10-(2-methoxyethoxymethoxyimino)-3,5,7,9,11,13-hexamethyl-oxacyclotetradecan-2-one",C41H76N2O15
CC[C@H]1OC(=O)[C@H](C)[C@@H](O[C@H]2C[C@@](C)(OC)[C@@H](O)[C@H](C)O2)[C@H](C)[C@@H](O[C@@H]2O[C@H](C)C[C@H](N(C)C)[C@H]2O)[C@](C)(O)C[C@@H](C)C(=O)[C@H](C)[C@@H](O)[C@]1(C)O,"(3R,4S,5S,6R,7R,9R,11R,12R,13S,14R)-6-[(2S,3R,4S,6R)-4-(dimethylamino)-3-hydroxy-6-methyloxan-2-yl]oxy-14-ethyl-7,12,13-trihydroxy-4-[(2R,4R,5S,6S)-5-hydroxy-4-methoxy-4,6-dimethyloxan-2-yl]oxy-3,5,7,9,11,13-hexamethyl-oxacyclotetradecane-2,10-dione",C37H67NO13
CC[C@H]1OC(=O)[C@H](C)[C@@H](O[C@H]2C[C@@](C)(OC)[C@@H](O)[C@H](C)O2)[C@H](C)[C@@H](O[C@@H]2O[C@H](C)C[C@H](N(C)C)[C@H]2O)[C@](C)(O)C[C@](C)(F)C(=O)[C@H](C)[C@@H](O)[C@]1(C)O,"(3R,4S,5S,6R,7R,9S,11R,12R,13S,14R)-6-[(2S,3R,4S,6R)-4-(dimethylamino)-3-hydroxy-6-methyloxan-2-yl]oxy-14-ethyl-9-fluoro-7,12,13-trihydroxy-4-[(2R,4R,5S,6S)-5-hydroxy-4-methoxy-4,6-dimethyloxan-2-yl]oxy-3,5,7,9,11,13-hexamethyl-oxacyclotetradecane-2,10-dione",C37H66FNO13
CC[C@H]1OC(=O)[C@H](C)[C@@H](O[C@H]2C[C@@](C)(OC)[C@@H](O)[C@H](C)O2)[C@H](C)[C@@H](O[C@@H]2O[C@H](C)C[C@H](N(C)C)[C@H]2O)[C@](C)(O)C[C@@H](C)[C@@H]2N[C@@H](COCCOC)O[C@H]([C@H]2C)[C@]1(C)O,"(1R,2R,3R,6R,7S,8S,9R,10R,12R,13S,15R,17S)-9-[(2S,3R,4S,6R)-4-(dimethylamino)-3-hydroxy-6-methyloxan-2-yl]oxy-3-ethyl-2,10-dihydroxy-7-[(2R,4R,5S,6S)-5-hydroxy-4-methoxy-4,6-dimethyloxan-2-yl]oxy-15-(2-methoxyethoxymethyl)-2,6,8,10,12,17-hexamethyl-4,16-dioxa-14-azabicyclo[11.3.1]heptadecan-5-one",C42H78N2O14
CC[C@H]1OC(=O)[C@H](C)[C@@H](O[C@H]2C[C@@](C)(OC)[C@@H](O)[C@H](C)O2)[C@H](C)[C@@H](O[C@@H]2O[C@H](C)C[C@H](N(C)C)[C@H]2O)[C@](C)(OC)C[C@@H](C)C(=O)[C@H](C)[C@@H](O)[C@]1(C)O,"(3R,4S,5S,6R,7R,9R,11R,12R,13S,14R)-6-[(2S,3R,4S,6R)-4-(dimethylamino)-3-hydroxy-6-methyloxan-2-yl]oxy-14-ethyl-12,13-dihydroxy-4-[(2R,4R,5S,6S)-5-hydroxy-4-methoxy-4,6-dimethyloxan-2-yl]oxy-7-methoxy-3,5,7,9,11,13-hexamethyl-oxacyclotetradecane-2,10-dione",C38H69NO13
CC[C@]1(O)C[C@H]2CN(CCc3c([nH]c4ccccc34)[C@@](C(=O)OC)(c3cc4c(cc3OC)N(C)[C@H]3[C@@](O)(C(=O)OC)[C@H](OC(C)=O)[C@]5(CC)C=CCN6CC[C@]43[C@@H]65)C2)C1,"methyl (1R,9R,10S,11R,12R,19R)-11-acetyloxy-12-ethyl-4-[(13S,15S,17S)-17-ethyl-17-hydroxy-13-methoxycarbonyl-1,11-diazatetracyclo[13.3.1.04,12.05,10]nonadeca-4(12),5,7,9-tetraen-13-yl]-10-hydroxy-5-methoxy-8-methyl-8,16-diazapentacyclo[10.6.1.01,9.02,7.016,19]nonadeca-2,4,6,13-tetraene-10-carboxylate",C46H58N4O9
CC[C@]1(O)C[C@H]2CN(CCc3c([nH]c4ccccc34)[C@@](C(=O)OC)(c3cc4c(cc3OC)N(C)[C@H]3[C@@](O)(C(N)=O)[C@H](O)[C@]5(CC)C=CCN6CC[C@]43[C@@H]65)C2)C1,"methyl (13S,15S,17S)-13-[(1R,9R,10S,11R,12R,19R)-10-carbamoyl-12-ethyl-10,11-dihydroxy-5-methoxy-8-methyl-8,16-diazapentacyclo[10.6.1.01,9.02,7.016,19]nonadeca-2,4,6,13-tetraen-4-yl]-17-ethyl-17-hydroxy-1,11-diazatetracyclo[13.3.1.04,12.05,10]nonadeca-4(12),5,7,9-tetraene-13-carboxylate",C43H55N5O7
CC[C@]1(O)C[C@H]2CN(CCc3c([nH]c4ccccc34)[C@@](C(=O)OC)(c3cc4c(cc3OC)N(C=O)[C@H]3[C@@](O)(C(=O)OC)[C@H](OC(C)=O)[C@]5(CC)C=CCN6CC[C@]43[C@@H]65)C2)C1,"methyl (1R,9R,10S,11R,12R,19R)-11-acetyloxy-12-ethyl-4-[(13S,15S,17S)-17-ethyl-17-hydroxy-13-methoxycarbonyl-1,11-diazatetracyclo[13.3.1.04,12.05,10]nonadeca-4(12),5,7,9-tetraen-13-yl]-8-formyl-10-hydroxy-5-methoxy-8,16-diazapentacyclo[10.6.1.01,9.02,7.016,19]nonadeca-2,4,6,13-tetraene-10-carboxylate",C46H56N4O10
CC[C@]12CCN(CC3(O)CC3)[C@H](Cc3ccc(O)cc31)C2(C)C,"(1S,9R)-1-ethyl-10-[(1-hydroxycyclopropyl)methyl]-13,13-dimethyl-10-azatricyclo[7.3.1.02,7]trideca-2(7),3,5-trien-4-ol",C20H29NO2
CC[N+](C)(C)Cc1ccccc1Br.Cc1ccc(S(=O)(=O)[O-])cc1,(2-bromophenyl)methyl-ethyl-dimethylazanium;4-methylbenzenesulfonate,C18H24BrNO3S
CC[N+](C)(CC)CCOC(=O)C1c2ccccc2Oc2ccccc21,diethyl-methyl-[2-(9H-xanthene-9-carbonyloxy)ethyl]azanium,C21H26NO3+
CCc1c(C)[n+]([NH-])c(-c2ccc(OC)c(OC)c2)c2cc(OC)c(OC)cc12,"[1-(3,4-dimethoxyphenyl)-4-ethyl-6,7-dimethoxy-3-methylisoquinolin-2-ium-2-yl]azanide",C22H26N2O4
CCc1c(C)[nH]c2c1C(=O)C(CN1CCOCC1)CC2,"3-ethyl-2-methyl-5-(morpholin-4-ylmethyl)-1,5,6,7-tetrahydroindol-4-one",C16H24N2O2
CCc1c(C)[nH]c2c1C(=O)[C@@H]1CN(C)CC[C@H]1C2,"(4aS,8aS)-3-ethyl-2,6-dimethyl-4a,5,7,8,8a,9-hexahydro-1H-pyrrolo[2,3-g]isoquinolin-4-one",C15H22N2O
CCc1c(O)c(=O)ccn1CCCCO,2-ethyl-3-hydroxy-1-(4-hydroxybutyl)pyridin-4-one,C11H17NO3
CCc1c(O)c(=O)ccn1CC,"1,2-diethyl-3-hydroxypyridin-4-one",C9H13NO2
CCc1c(O)c(=O)ccn1CCO,2-ethyl-3-hydroxy-1-(2-hydroxyethyl)pyridin-4-one,C9H13NO3
CCc1c(OC)nc2nc(-c3noc(C)n3)cn2c1C,"3-(6-ethyl-7-methoxy-5-methylimidazo[1,2-a]pyrimidin-2-yl)-5-methyl-1,2,4-oxadiazole",C13H15N5O2
CCc1cc(C(N)=S)ccn1,2-ethylpyridine-4-carbothioamide,C8H10N2S
CCc1c(OC)nc2nc(C(=O)c3ccccc3)cn2c1C,"(6-ethyl-7-methoxy-5-methylimidazo[1,2-a]pyrimidin-2-yl)-phenylmethanone",C17H17N3O2
CCc1cc2c(s1)-n1c(C)nnc1CN=C2c1ccccc1Cl,"7-(2-chlorophenyl)-4-ethyl-13-methyl-3-thia-1,8,11,12-tetrazatricyclo[8.3.0.02,6]trideca-2(6),4,7,10,12-pentaene",C17H15ClN4S
CCc1cc2c(s1)N(C)C(=O)CN=C2c1ccccc1Cl,"5-(2-chlorophenyl)-7-ethyl-1-methyl-3H-thieno[2,3-e][1,4]diazepin-2-one",C16H15ClN2OS
CCc1ccc2c(c1)N(CC(C)CN(C)C)c1ccccc1S2,"3-(2-ethylphenothiazin-10-yl)-N,N,2-trimethylpropan-1-amine",C20H26N2S
CCc1ccccc1,ethylbenzene,C8H10
CCc1ccccc1-n1c(C)nc2ccccc2c1=O,3-(2-ethylphenyl)-2-methylquinazolin-4-one,C17H16N2O
CCc1nc(N)nc(N)c1-c1ccc(Cl)cc1,"5-(4-chlorophenyl)-6-ethylpyrimidine-2,4-diamine",C12H13ClN4
CCc1nn(CCCN2CCN(c3cccc(Cl)c3)CC2)c(=O)n1CC,"2-[3-[4-(3-chlorophenyl)piperazin-1-yl]propyl]-4,5-diethyl-1,2,4-triazol-3-one",C19H28ClN5O
CCc1nn(CCCN2CCN(c3cccc(Cl)c3)CC2)c(=O)n1CCOc1ccccc1.[Cl-].[H+],"2-[3-[4-(3-chlorophenyl)piperazin-1-yl]propyl]-5-ethyl-4-(2-phenoxyethyl)-1,2,4-triazol-3-one;hydron;chloride",C25H33Cl2N5O2
CCn1c2c(c3ccccc31)CCSC2(C)CCN(C)C,"2-(9-ethyl-1-methyl-3,4-dihydrothiopyrano[3,4-b]indol-1-yl)-N,N-dimethylethanamine",C18H26N2S
CCn1cc(C(=O)O)c(=O)c2cc(F)c(N3CCN(C)CC3)cc21,1-ethyl-6-fluoro-7-(4-methylpiperazin-1-yl)-4-oxoquinoline-3-carboxylic acid,C17H20FN3O3
CCn1cc(C(=O)O)c(=O)c2cc(F)c(N3CCNC(C)C3)c(F)c21,"1-ethyl-6,8-difluoro-7-(3-methylpiperazin-1-yl)-4-oxoquinoline-3-carboxylic acid",C17H19F2N3O3
CCn1cc(C(=O)O)c(=O)c2cc(F)c(N3CCNCC3)cc21,1-ethyl-6-fluoro-4-oxo-7-piperazin-1-ylquinoline-3-carboxylic acid,C16H18FN3O3
CCn1cc(C(=O)O)c(=O)c2ccc(C)nc21,"1-ethyl-7-methyl-4-oxo-1,8-naphthyridine-3-carboxylic acid",C12H12N2O3
CCn1cc(C(=O)O)c(=O)c2cc(F)c(N3CCNCC3)nc21,"1-ethyl-6-fluoro-4-oxo-7-piperazin-1-yl-1,8-naphthyridine-3-carboxylic acid",C15H17FN4O3
CCn1cc(C(=O)O)c(=O)c2ccc(Cc3ccccc3)nc21,"7-benzyl-1-ethyl-4-oxo-1,8-naphthyridine-3-carboxylic acid",C18H16N2O3
CCn1ccc(=O)c(O)c1C,1-ethyl-3-hydroxy-2-methylpyridin-4-one,C8H11NO2
CCn1nnn(CCN2CC[C@H](N(C(=O)COC)c3ccccc3F)[C@H](C)C2)c1=O,"N-[(3R,4S)-1-[2-(4-ethyl-5-oxotetrazol-1-yl)ethyl]-3-methylpiperidin-4-yl]-N-(2-fluorophenyl)-2-methoxyacetamide",C20H29FN6O3
CCn1nc(C)c2c1C(c1ccccc1)=NCC(=O)N2,"1-ethyl-3-methyl-8-phenyl-4,6-dihydropyrazolo[4,5-e][1,4]diazepin-5-one",C15H16N4O
CN(C(=O)C(c1ccccc1)c1ccccc1)[C@H](CN1CC[C@H](O)C1)c1ccccc1,"N-[(1S)-2-[(3S)-3-hydroxypyrrolidin-1-yl]-1-phenylethyl]-N-methyl-2,2-diphenylacetamide",C27H30N2O2
CN(C(=O)CN(CCO)CCO)c1ccc(Cl)cc1C(=O)c1ccccc1Cl,2-[bis(2-hydroxyethyl)amino]-N-[4-chloro-2-(2-chlorobenzoyl)phenyl]-N-methylacetamide,C20H22Cl2N2O4
CN(C(=O)CNC(=O)CN)c1ccc(Cl)cc1C(=O)c1ccccc1Cl.O,2-amino-N-[2-[4-chloro-2-(2-chlorobenzoyl)-N-methylanilino]-2-oxoethyl]acetamide;hydrate,C18H19Cl2N3O4
CN(C(=O)CNC(=O)[C@@H](N)CCCCN)c1ccc(Cl)cc1C(=O)c1ccccc1,"(2S)-2,6-diamino-N-[2-(2-benzoyl-4-chloro-N-methylanilino)-2-oxoethyl]hexanamide",C22H27ClN4O3
CN(C(=O)CNC1CC1)c1ccc(Cl)cc1C(=O)c1ccccc1Cl,N-[4-chloro-2-(2-chlorobenzoyl)phenyl]-2-(cyclopropylamino)-N-methylacetamide,C19H18Cl2N2O2
CN(C(=O)Cc1ccc(Cl)c(Cl)c1)[C@@H](CN1CCCC1)c1ccccc1,"2-(3,4-dichlorophenyl)-N-methyl-N-[(1R)-1-phenyl-2-pyrrolidin-1-ylethyl]acetamide",C21H24Cl2N2O
CN(C(=O)Cc1ccc(Cl)c(Cl)c1)C1CCCC[C@H]1N1CCCC1,"2-(3,4-dichlorophenyl)-N-methyl-N-[(2R)-2-pyrrolidin-1-ylcyclohexyl]acetamide",C19H26Cl2N2O
CN(C(=O)Cc1ccccc1N)[C@@H](CN1CC[C@@H](O)C1)c1ccccc1,,C21H27N3O2
CN(C(=O)Cc1ccc(Cl)c(Cl)c1)[C@H]1CC[C@@]2(CCCO2)C[C@@H]1N1CCCC1,"2-(3,4-dichlorophenyl)-N-methyl-N-[(5R,7S,8S)-7-pyrrolidin-1-yl-1-oxaspiro[4.5]decan-8-yl]acetamide",C22H30Cl2N2O2
CN(C)C(=O)C(CCN1CCC(O)(c2ccc(Cl)cc2)CC1)(c1ccccc1)c1ccccc1,"4-[4-(4-chlorophenyl)-4-hydroxypiperidin-1-yl]-N,N-dimethyl-2,2-diphenylbutanamide",C29H33ClN2O2
CN(C)C(=O)C1(c2ccc(Cl)cc2)CCN(CCCC(=O)c2ccc(F)cc2)CC1,"4-(4-chlorophenyl)-1-[4-(4-fluorophenyl)-4-oxobutyl]-N,N-dimethylpiperidine-4-carboxamide",C24H28ClFN2O2
CN(C)C(=O)COC1c2ccccc2CCc2ccccc21,"N,N-dimethyl-2-(2-tricyclo[9.4.0.03,8]pentadeca-1(15),3,5,7,11,13-hexaenyloxy)acetamide",C19H21NO2
CN(C)C(=O)CCNc1ccc(Br)cc1,"3-(4-bromoanilino)-N,N-dimethylpropanamide",C11H15BrN2O
CN(C)C(=O)OC1N=C(c2ccccc2)c2cc(Cl)ccc2N(C)C1=O,"(7-chloro-1-methyl-2-oxo-5-phenyl-3H-1,4-benzodiazepin-3-yl) N,N-dimethylcarbamate",C19H18ClN3O3
CN(C)C(=O)Oc1ccc[n+](C)c1.[Br-],"(1-methylpyridin-1-ium-3-yl) N,N-dimethylcarbamate bromide",C9H13BrN2O2
CN(C)C(C)(CO)Cc1ccc(Cl)c(Cl)c1.[Cl-].[H+],"3-(3,4-dichlorophenyl)-2-(dimethylamino)-2-methylpropan-1-ol;hydron;chloride",C12H18Cl3NO
CN(C)C(=O)c1nc(CNC(=O)CN)n(-c2ccc(Cl)cc2C(=O)c2ccccc2Cl)n1,"5-[[(2-aminoacetyl)amino]methyl]-1-[4-chloro-2-(2-chlorobenzoyl)phenyl]-N,N-dimethyl-1,2,4-triazole-3-carboxamide",C21H20Cl2N6O3
CN(C)C/C=C(/c1ccc(Br)cc1)c1cccnc1,"(Z)-3-(4-bromophenyl)-N,N-dimethyl-3-pyridin-3-ylprop-2-en-1-amine",C16H17BrN2
CN(C)C1=NC(=O)C(c2ccccc2)O1,"2-(dimethylamino)-5-phenyl-1,3-oxazol-4-one",C11H12N2O2
CN(C)C1C(=O)/C(=C(/O)NCN2CCN(C(=N)N=C(N)N)CC2)C(=O)C2(O)C(=O)C3=C(O)c4c(O)cccc4C(C)(O)C3CC12,"N-[[4-[N-(diaminomethylidene)carbamimidoyl]piperazin-1-yl]methyl]-4-(dimethylamino)-1,6,10,11,12a-pentahydroxy-6-methyl-3,12-dioxo-4,4a,5,5a-tetrahydrotetracene-2-carboxamide",C29H38N8O8
CN(C)C1C(=O)/C(=C(/O)NCN2CCN(CCO)CC2)C(=O)C2(O)C(=O)C3=C(O)c4c(O)cccc4C(C)(O)C3CC12,"4-(dimethylamino)-1,6,10,11,12a-pentahydroxy-N-[[4-(2-hydroxyethyl)piperazin-1-yl]methyl]-6-methyl-3,12-dioxo-4,4a,5,5a-tetrahydrotetracene-2-carboxamide",C29H38N4O9
CN(C)C1CCc2[nH]c3c(F)cc(F)cc3c2C1,"6,8-difluoro-N,N-dimethyl-2,3,4,9-tetrahydro-1H-carbazol-3-amine",C14H16F2N2
CN(C)C1CCc2[nH]c3ccccc3c2C1,"N,N-dimethyl-2,3,4,9-tetrahydro-1H-carbazol-3-amine",C14H18N2
CN(C)CC#CC=C1c2ccccc2C=Cc2ccccc21,"N,N-dimethyl-4-(2-tricyclo[9.4.0.03,8]pentadeca-1(15),3,5,7,9,11,13-heptaenylidene)but-2-yn-1-amine",C21H19N
CN(C)CC(=O)C=C1c2ccccc2CCc2ccccc21,"1-(dimethylamino)-3-(2-tricyclo[9.4.0.03,8]pentadeca-1(15),3,5,7,11,13-hexaenylidene)propan-2-one",C20H21NO
CN(C)CC(=O)N1c2ccccc2Sc2ccccc21,2-(dimethylamino)-1-phenothiazin-10-ylethanone,C16H16N2OS
CN(C)CC(O)C(c1ccccc1)c1ccc(Cl)cc1,1-(4-chlorophenyl)-3-(dimethylamino)-1-phenylpropan-2-ol,C17H20ClNO
CN(C)CC(CN1c2ccccc2Sc2ccccc21)N(C)C,"1-N,1-N,2-N,2-N-tetramethyl-3-phenothiazin-10-ylpropane-1,2-diamine",C19H25N3S
CN(C)CC/C=C1/c2ccccc2COc2ccccc21.[Cl-].[H+],"(3Z)-3-(6H-benzo[c][1]benzoxepin-11-ylidene)-N,N-dimethylpropan-1-amine;hydron;chloride",C19H22ClNO
CN(C)CC(Oc1ccccc1)Oc1ccccc1,"N,N-dimethyl-2,2-diphenoxyethanamine",C16H19NO2
CN(C)CC/C=C1/c2ccccc2CSc2ccccc21.[Cl-].[H+],"(3Z)-3-(6H-benzo[c][1]benzothiepin-11-ylidene)-N,N-dimethylpropan-1-amine;hydron;chloride",C19H22ClNS
CN(C)CC/C=C1/c2ccccc2Sc2ccc(Cl)cc21,"(3Z)-3-(2-chlorothioxanthen-9-ylidene)-N,N-dimethylpropan-1-amine",C18H18ClNS
CN(C)CC1=Cc2ccccc2Sc2ccccc21,"1-benzo[b][1]benzothiepin-5-yl-N,N-dimethylmethanamine",C17H17NS
CN(C)CC1COC2(O1)c1ccccc1COc1ccccc12,"N,N-dimethyl-1-spiro[1,3-dioxolane-2,11'-6H-benzo[c][1]benzoxepine]-4-ylmethanamine",C19H21NO3
CN(C)CCC(c1ccccc1)C1CCCCC1,"3-cyclohexyl-N,N-dimethyl-3-phenylpropan-1-amine",C17H27N
CN(C)CCC(c1ccccc1)c1ccccn1,"N,N-dimethyl-3-phenyl-3-pyridin-2-ylpropan-1-amine",C16H20N2
CN(C)CCC1(C)OCCC2=C1c1ccccc1C2,"N,N-dimethyl-2-(1-methyl-4,5-dihydro-3H-indeno[1,2-c]pyran-1-yl)ethanamine",C17H23NO
CN(C)CCC1(c2ccccc2)C=Cc2ccccc21,"N,N-dimethyl-2-(1-phenylinden-1-yl)ethanamine",C19H21N
CN(C)CCC=C1c2ccccc2C(C)(C)c2ccccc21,"3-(10,10-dimethylanthracen-9-ylidene)-N,N-dimethylpropan-1-amine",C21H25N
CN(C)CCC=C1c2ccccc2C=Cc2ccccc21,"N,N-dimethyl-3-(2-tricyclo[9.4.0.03,8]pentadeca-1(15),3,5,7,9,11,13-heptaenylidene)propan-1-amine",C20H21N
CN(C)CCC=C1c2ccccc2CCc2ccccc21,"N,N-dimethyl-3-(2-tricyclo[9.4.0.03,8]pentadeca-1(15),3,5,7,11,13-hexaenylidene)propan-1-amine",C20H23N
CN(C)CCC=C1c2ccccc2COc2ccccc21,"3-(6H-benzo[c][1]benzoxepin-11-ylidene)-N,N-dimethylpropan-1-amine",C19H21NO
CN(C)CCC=C1c2ccccc2Sc2ccccc21,"N,N-dimethyl-3-thioxanthen-9-ylidenepropan-1-amine",C18H19NS
CN(C)CCCC1(c2ccc(F)cc2)OCc2cc(C#N)ccc21,1-[3-(dimethylamino)propyl]-1-(4-fluorophenyl)-3H-2-benzofuran-5-carbonitrile,C20H21FN2O
CN(C)CCCC1c2ccccc2Nc2ccc(Cl)cc21,"3-(2-chloro-9,10-dihydroacridin-9-yl)-N,N-dimethylpropan-1-amine",C18H21ClN2
CN(C)CCCN1c2ccccc2C(C)(C)c2ccccc21,"3-(9,9-dimethylacridin-10-yl)-N,N-dimethylpropan-1-amine",C20H26N2
CN(C)CCCN1c2ccccc2C(c2ccccc2)=Nc2cccnc21,"N,N-dimethyl-3-(6-phenylpyrido[2,3-b][1,4]benzodiazepin-11-yl)propan-1-amine",C23H24N4
CN(C)CCCN1c2ccccc2C=Cc2ccccc21,"3-benzo[b][1]benzazepin-11-yl-N,N-dimethylpropan-1-amine",C19H22N2
CN(C)CCCN1c2ccccc2CC(=O)c2ccccc21,11-[3-(dimethylamino)propyl]-6H-benzo[b][1]benzazepin-5-one,C19H22N2O
CN(C)CCCN1c2ccccc2C=Cc2sccc21,"N,N-dimethyl-3-thieno[3,2-b][1]benzazepin-10-ylpropan-1-amine",C17H20N2S
CN(C)CCCN1c2ccccc2CCc2ccc(C#N)cc21,"11-[3-(dimethylamino)propyl]-5,6-dihydrobenzo[b][1]benzazepine-2-carbonitrile",C20H23N3
CN(C)CCCN1c2ccccc2CCc2ccc(Cl)cc21,"3-(2-chloro-5,6-dihydrobenzo[b][1]benzazepin-11-yl)-N,N-dimethylpropan-1-amine",C19H23ClN2
CN(C)CCCN1c2ccccc2CCc2ccccc21,"3-(5,6-dihydrobenzo[b][1]benzazepin-11-yl)-N,N-dimethylpropan-1-amine",C19H24N2
CN(C)CCCN1c2ccccc2Sc2ccc(C(F)(F)F)cc21,"N,N-dimethyl-3-[2-(trifluoromethyl)phenothiazin-10-yl]propan-1-amine",C18H19F3N2S
CN(C)CCCN1c2ccccc2Sc2ccc(Cl)cc21,"3-(2-chlorophenothiazin-10-yl)-N,N-dimethylpropan-1-amine",C17H19ClN2S
CN(C)CCCN1c2ccccc2Sc2ccccc21,"N,N-dimethyl-3-phenothiazin-10-ylpropan-1-amine",C17H20N2S
CN(C)CCCn1c(=O)c2ccccc2c2ccccc21,5-[3-(dimethylamino)propyl]phenanthridin-6-one,C18H20N2O
CN(C)CCCN1c2ccccc2Sc2cccnc21,"N,N-dimethyl-3-pyrido[3,2-b][1,4]benzothiazin-10-ylpropan-1-amine",C16H19N3S
CN(C)CCCn1c(=O)n(-c2ccccc2)c2cc(Cl)ccc21,5-chloro-1-[3-(dimethylamino)propyl]-3-phenylbenzimidazol-2-one,C18H20ClN3O
CN(C)CCCn1c2c(c3ccccc31)CCCCCC2,"3-(6,7,8,9,10,11-hexahydrocycloocta[b]indol-5-yl)-N,N-dimethylpropan-1-amine",C19H28N2
CN(C)CCN(C)n1cc(-c2ccccc2)c2ccccc21,"N,N,N'-trimethyl-N'-(3-phenylindol-1-yl)ethane-1,2-diamine",C19H23N3
CN(C)CCCn1cc(-c2ccccc2)c(-c2ccccc2)n1,"3-(3,4-diphenylpyrazol-1-yl)-N,N-dimethylpropan-1-amine",C20H23N3
CN(C)CCN(Cc1cccs1)c1ccccn1,"N,N-dimethyl-N'-pyridin-2-yl-N'-(thiophen-2-ylmethyl)ethane-1,2-diamine",C14H19N3S
CN(C)CCN1C(=O)CC(c2ccccc2)Sc2ccccc21,"5-[2-(dimethylamino)ethyl]-2-phenyl-2,3-dihydro-1,5-benzothiazepin-4-one",C19H22N2OS
CN(C)CCN1C(=O)c2ccccc2N(C)c2ccccc21,"5-[2-(dimethylamino)ethyl]-11-methylbenzo[b][1,4]benzodiazepin-6-one",C18H21N3O
CN(C)CCN1CCN(c2cccc(Cl)c2)C1=O,1-(3-chlorophenyl)-3-[2-(dimethylamino)ethyl]imidazolidin-2-one,C13H18ClN3O
CN(C)CCO,2-(dimethylamino)ethanol,C4H11NO
CN(C)CCOC(=O)CCC1CCCCC1,2-(dimethylamino)ethyl 3-cyclohexylpropanoate,C13H25NO2
CN(C)CCOC(=O)COc1ccc(Cl)cc1,2-(dimethylamino)ethyl 2-(4-chlorophenoxy)acetate,C12H16ClNO3
CN(C)CCOC(C)(c1ccccc1)c1ccc(Cl)cc1,"2-[1-(4-chlorophenyl)-1-phenylethoxy]-N,N-dimethylethanamine",C18H22ClNO
CN(C)CCOC(C)(c1ccccc1)c1ccccn1,"N,N-dimethyl-2-(1-phenyl-1-pyridin-2-ylethoxy)ethanamine",C17H22N2O
CN(C)CCOC(C)(c1ccccc1)c1ccccn1.O=C(O)CCC(=O)O,"butanedioic acid;N,N-dimethyl-2-(1-phenyl-1-pyridin-2-ylethoxy)ethanamine",C21H28N2O5
CN(C)CCOC(c1ccccc1)c1ccccc1,"2-benzhydryloxy-N,N-dimethylethanamine",C17H21NO
CN(C)CCOC(c1ccccc1)c1ccc(Br)cc1,"2-[(4-bromophenyl)-phenylmethoxy]-N,N-dimethylethanamine",C17H20BrNO
CN(C)CCOC1(Cc2ccccc2)CC2CCC1(C)C2(C)C,"2-[(2-benzyl-1,7,7-trimethyl-2-bicyclo[2.2.1]heptanyl)oxy]-N,N-dimethylethanamine",C21H33NO
CN(C)CCOC(c1ccccc1)c1ccccc1C(C)(C)C,"2-[(2-tert-butylphenyl)-phenylmethoxy]-N,N-dimethylethanamine",C21H29NO
CN(C)CCOC1=Cc2ccccc2Sc2ccc(Cl)cc21,"2-(3-chlorobenzo[b][1]benzothiepin-5-yl)oxy-N,N-dimethylethanamine",C18H18ClNOS
CN(C)CCON=C1c2ccccc2CCc2ccccc21,"N,N-dimethyl-2-(2-tricyclo[9.4.0.03,8]pentadeca-1(15),3,5,7,11,13-hexaenylideneamino)oxyethanamine",C19H22N2O
CN(C)CC[C@]1(c2ccccc2)CCc2ccccc2C1=O,"(2S)-2-[2-(dimethylamino)ethyl]-2-phenyl-3,4-dihydronaphthalen-1-one",C20H23NO
CN(C)CCc1c[nH]c2ccc(O)cc12,3-[2-(dimethylamino)ethyl]-1H-indol-5-ol,C12H16N2O
CN(C)CCc1c[nH]c2cccc(OP(=O)(O)O)c12,[3-[2-(dimethylamino)ethyl]-1H-indol-4-yl] dihydrogen phosphate,C12H17N2O4P
CN(C)CCc1ccccn1,"N,N-dimethyl-2-pyridin-2-ylethanamine",C9H14N2
CN(C)CCn1cnc2c1c(=O)n(C)c(=O)n2C,"7-[2-(dimethylamino)ethyl]-1,3-dimethylpurine-2,6-dione",C11H17N5O2
CN(C)CCn1nnnc1SCC1=C(C(=O)O)N2C(=O)[C@@H](NC(=O)Cc3csc(N)n3)[C@H]2SC1,"(6R,7R)-7-[[2-(2-amino-1,3-thiazol-4-yl)acetyl]amino]-3-[[1-[2-(dimethylamino)ethyl]tetrazol-5-yl]sulfanylmethyl]-8-oxo-5-thia-1-azabicyclo[4.2.0]oct-2-ene-2-carboxylic acid",C18H23N9O4S3
CN(C)Cc1ccc(-c2cccc(NC3N=CC=C3[N+](=O)[O-])c2)o1,,C17H18N4O3
CN(C)Cc1ccc(CSCCNC2N=CC=C2[N+](=O)[O-])o1,,C14H20N4O3S
CN(C)Cc1ccc(CSCCNc2[nH]cc(Cc3ccccc3)c2[N+](=O)[O-])o1,4-benzyl-N-[2-[[5-[(dimethylamino)methyl]furan-2-yl]methylsulfanyl]ethyl]-3-nitro-1H-pyrrol-2-amine,C21H26N4O3S
CN(C)Cc1ccnc(-c2cccc(NC3N=CC=C3[N+](=O)[O-])c2)c1,,C18H19N5O2
CN(C)Cc1ccc(CSCCNc2nc(=O)c(Cc3ccc4ccccc4c3)c[nH]2)o1,2-[2-[[5-[(dimethylamino)methyl]furan-2-yl]methylsulfanyl]ethylamino]-5-(naphthalen-2-ylmethyl)-1H-pyrimidin-6-one,C25H28N4O2S
CN(C)Cc1nnc2n1-c1ccc(Cl)cc1C(c1ccccc1)=NC2,"1-(8-chloro-6-phenyl-4H-[1,2,4]triazolo[4,3-a][1,4]benzodiazepin-1-yl)-N,N-dimethylmethanamine",C19H18ClN5
CN(C)N/N=C1/N=CN=C1C(N)=O,4-(dimethylaminodiazenyl)-1H-imidazole-5-carboxamide,C6H10N6O
CN(C)S(=O)(=O)c1ccc2c(c1)N(CCCN1CCC(CCO)CC1)c1ccccc1S2,"10-[3-[4-(2-hydroxyethyl)piperidin-1-yl]propyl]-N,N-dimethylphenothiazine-2-sulfonamide",C24H33N3O3S2
CN(C)[C@@H](CCOc1cccc2ccccc12)c1ccccc1,"(1S)-N,N-dimethyl-3-naphthalen-1-yloxy-1-phenylpropan-1-amine",C21H23NO
CN(C)[C@@H]1C(=O)/C(=C(/N)O)C(=O)[C@@]2(O)C(=O)C3=C(O)c4c(O)ccc(Cl)c4[C@@](C)(O)[C@H]3C[C@@H]12.[Cl-].[H+],"(4S,4aS,5aS,6S,12aR)-7-chloro-4-(dimethylamino)-1,6,10,11,12a-pentahydroxy-6-methyl-3,12-dioxo-4,4a,5,5a-tetrahydrotetracene-2-carboxamide;hydron;chloride",C22H24Cl2N2O8
CN(C)[C@@H]1C(=O)/C(=C(/O)NCN2CCCC(C(=O)O)C2)C(=O)[C@@]2(O)C(=O)C3=C(O)c4c(O)cccc4[C@@](C)(O)[C@H]3C[C@@H]12,"1-[[[(4S,4aS,5aS,6S,12aR)-4-(dimethylamino)-1,6,10,11,12a-pentahydroxy-6-methyl-3,12-dioxo-4,4a,5,5a-tetrahydrotetracene-2-carbonyl]amino]methyl]piperidine-3-carboxylic acid",C29H35N3O10
CN(C)[C@@H]1C(=O)/C(=C(/O)NC(C(=O)O)N2CCN(CCO)CC2)C(=O)[C@@]2(O)C(=O)C3=C(O)c4c(O)cccc4[C@@](C)(O)[C@H]3C[C@@H]12,"2-[[(4S,4aS,5aS,6S,12aR)-4-(dimethylamino)-1,6,10,11,12a-pentahydroxy-6-methyl-3,12-dioxo-4,4a,5,5a-tetrahydrotetracene-2-carbonyl]amino]-2-[4-(2-hydroxyethyl)piperazin-1-yl]acetic acid",C30H38N4O11
CN(C)[C@@H]1C(=O)/C(=C(/O)NCNC(C(=O)NC2C(=O)N3C2SC(C)(C)C3C(=O)O)c2ccccc2)C(=O)[C@@]2(O)C(=O)C3=C(O)c4c(O)cccc4[C@@](C)(O)[C@H]3C[C@@H]12,"6-[[2-[[[(4S,4aS,5aS,6S,12aR)-4-(dimethylamino)-1,6,10,11,12a-pentahydroxy-6-methyl-3,12-dioxo-4,4a,5,5a-tetrahydrotetracene-2-carbonyl]amino]methylamino]-2-phenylacetyl]amino]-3,3-dimethyl-7-oxo-4-thia-1-azabicyclo[3.2.0]heptane-2-carboxylic acid",C39H43N5O12S
CN(C)[C@@H]1C(=O)/C(=C(/O)NCN2CCCC2)C(=O)[C@@]2(O)C(=O)C3=C(O)c4c(O)cccc4[C@@](C)(O)[C@H]3C[C@@H]12,"(4S,4aS,5aS,6S,12aR)-4-(dimethylamino)-1,6,10,11,12a-pentahydroxy-6-methyl-3,12-dioxo-N-(pyrrolidin-1-ylmethyl)-4,4a,5,5a-tetrahydrotetracene-2-carboxamide",C27H33N3O8
CN(C)[C@@H]1C(=O)/C(=C(\N)O)C(=O)[C@@]2(O)C(=O)C3=C(O)c4c(O)ccc(Cl)c4[C@@H](O)[C@H]3C[C@@H]12,"(4S,4aS,5aS,6S,12aR)-7-chloro-4-(dimethylamino)-1,6,10,11,12a-pentahydroxy-3,12-dioxo-4a,5,5a,6-tetrahydro-4H-tetracene-2-carboxamide",C21H21ClN2O8
CN(C)[C@@H]1C(=O)/C(=C(/O)NCO)C(=O)[C@@]2(O)C(=O)C3=C(O)c4c(O)ccc(Cl)c4[C@@](C)(O)[C@H]3C[C@@H]12,"(4S,4aS,5aS,6S,12aR)-7-chloro-4-(dimethylamino)-1,6,10,11,12a-pentahydroxy-N-(hydroxymethyl)-6-methyl-3,12-dioxo-4,4a,5,5a-tetrahydrotetracene-2-carboxamide",C23H25ClN2O9
CN(C)[C@@H]1C(=O)/C(=C(\N)O)C(=O)[C@@]2(O)C(=O)C3=C(O)c4c(O)ccc(Cl)c4[C@@](C)(O)[C@H]3C[C@@H]12,"(4S,4aS,5aS,6S,12aR)-7-chloro-4-(dimethylamino)-1,6,10,11,12a-pentahydroxy-6-methyl-3,12-dioxo-4,4a,5,5a-tetrahydrotetracene-2-carboxamide",C22H23ClN2O8
CN(C)[C@@H]1C(=O)/C(=C(\N)O)C(=O)[C@@]2(O)C(=O)C3=C(O)c4c(O)ccc(Cl)c4[C@@](C)(O)[C@H]3C[C@@H]12.[Cl-].[H+],"(4S,4aS,5aS,6S,12aR)-7-chloro-4-(dimethylamino)-1,6,10,11,12a-pentahydroxy-6-methyl-3,12-dioxo-4,4a,5,5a-tetrahydrotetracene-2-carboxamide;hydron;chloride",C22H24Cl2N2O8
CN(C)[C@@H]1C(=O)/C(=C(\N)O)C(=O)[C@@]2(O)C(=O)C3=C(O)c4c(O)cccc4[C@@H](O)[C@H]3C[C@@H]12,"(4S,4aS,5aS,6S,12aR)-4-(dimethylamino)-1,6,10,11,12a-pentahydroxy-3,12-dioxo-4a,5,5a,6-tetrahydro-4H-tetracene-2-carboxamide",C21H22N2O8
CN(C)[C@@H]1C(=O)/C(=C(\N)O)C(=O)[C@@]2(O)C(=O)C3=C(O)c4c(O)ccc([N+](=O)[O-])c4C[C@H]3C[C@@H]12,"(4S,4aS,5aR,12aR)-4-(dimethylamino)-1,10,11,12a-tetrahydroxy-7-nitro-3,12-dioxo-4a,5,5a,6-tetrahydro-4H-tetracene-2-carboxamide",C21H21N3O9
CN(C)[C@@H]1C(=O)/C(=C(\N)O)C(=O)[C@@]2(O)C(=O)C3=C(O)c4c(O)cccc4[C@@](C)(O)[C@H]3C[C@@H]12,"(4S,4aS,5aS,6S,12aR)-4-(dimethylamino)-1,6,10,11,12a-pentahydroxy-6-methyl-3,12-dioxo-4,4a,5,5a-tetrahydrotetracene-2-carboxamide",C22H24N2O8
CN(C)[C@@H]1C(=O)/C(=C(\N)O)C(=O)[C@@]2(O)C(=O)C3=C(O)c4c(O)cccc4[C@@](C)(O)[C@H]3[C@H](O)[C@@H]12.O.O,"(4S,4aR,5S,5aR,6S,12aR)-4-(dimethylamino)-1,5,6,10,11,12a-hexahydroxy-6-methyl-3,12-dioxo-4,4a,5,5a-tetrahydrotetracene-2-carboxamide;dihydrate",C22H28N2O11
CN(C)[C@@H]1C(=O)/C(=C(\N)O)C(=O)[C@@]2(O)C(=O)C3=C(O)c4c(ccc(N)c4O)C[C@H]3C[C@@H]12,"(4S,4aS,5aR,12aR)-9-amino-4-(dimethylamino)-1,10,11,12a-tetrahydroxy-3,12-dioxo-4a,5,5a,6-tetrahydro-4H-tetracene-2-carboxamide",C21H23N3O7
CN(C)c1cc(-c2n[nH]c(N)n2)ccn1,"4-(3-amino-1H-1,2,4-triazol-5-yl)-N,N-dimethylpyridin-2-amine",C9H12N6
CN(C)c1ccc(O)c2c1C[C@H]1C[C@H]3[C@H](N(C)C)C(O)=C(C(N)=O)C(=O)[C@@]3(O)C(O)=C1C2=O,"(4S,4aS,5aR,12aR)-4,7-bis(dimethylamino)-1,10,11,12a-tetrahydroxy-3,12-dioxo-4a,5,5a,6-tetrahydro-4H-tetracene-2-carboxamide",C23H27N3O7
CN(C)c1cc(-c2nc(N)n[nH]2)ccn1,"4-(3-amino-1H-1,2,4-triazol-5-yl)-N,N-dimethylpyridin-2-amine",C9H12N6
CN(C)c1cnccn1,"N,N-dimethylpyrazin-2-amine",C6H9N3
CN(C/C=C/c1ccccc1)CCOC(c1ccccc1)c1ccccc1,(E)-N-(2-benzhydryloxyethyl)-N-methyl-3-phenylprop-2-en-1-amine,C25H27NO
CN(CCN(C)CN/C(O)=C1\C(=O)[C@@H](N(C)C)[C@@H]2C[C@H]3C(=C(O)c4c(O)cccc4[C@@]3(C)O)C(=O)[C@]2(O)C1=O)CN/C(O)=C1\C(=O)[C@@H](N(C)C)[C@@H]2C[C@H]3C(=C(O)c4c(O)cccc4[C@@]3(C)O)C(=O)[C@]2(O)C1=O,"(4S,4aS,5aS,6S,12aR)-N-[[2-[[[(4S,4aS,5aS,6S,12aR)-4-(dimethylamino)-1,6,10,11,12a-pentahydroxy-6-methyl-3,12-dioxo-4,4a,5,5a-tetrahydrotetracene-2-carbonyl]amino]methyl-methylamino]ethyl-methylamino]methyl]-4-(dimethylamino)-1,6,10,11,12a-pentahydroxy-6-methyl-3,12-dioxo-4,4a,5,5a-tetrahydrotetracene-2-carboxamide",C50H60N6O16
CN(CCCN1c2ccccc2CCc2ccccc21)CC(=O)c1ccc(Cl)cc1.[Cl-].[H+],"1-(4-chlorophenyl)-2-[3-(5,6-dihydrobenzo[b][1]benzazepin-11-yl)propyl-methylamino]ethanone;hydron;chloride",C26H28Cl2N2O
CN(CCc1cc2cccc3c2n1-c1ccccc1CC3)Cc1ccccc1,"2-(1-azatetracyclo[8.6.1.02,7.014,17]heptadeca-2,4,6,10,12,14(17),15-heptaen-16-yl)-N-benzyl-N-methylethanamine",C26H26N2
CN(Cc1cnc2nc(N)nc(N)c2n1)c1ccc(C(=O)N[C@@H](CCC(=O)O)C(=O)O)cc1,"(2S)-2-[[4-[(2,4-diaminopteridin-6-yl)methyl-methylamino]benzoyl]amino]pentanedioic acid",C20H22N8O5
CN(N=O)C(=O)N[C@H]1[C@@H](O)O[C@H](CO)[C@@H](O)[C@@H]1O,"1-methyl-1-nitroso-3-[(2S,3R,4R,5S,6R)-2,4,5-trihydroxy-6-(hydroxymethyl)oxan-3-yl]urea",C8H15N3O7
CN(c1nc2ccccc2s1)C1CCN(CC(O)COc2ccc(F)cc2)CC1,"1-[4-[1,3-benzothiazol-2-yl(methyl)amino]piperidin-1-yl]-3-(4-fluorophenoxy)propan-2-ol",C22H26FN3O2S
CN/C(=C\[N+](=O)[O-])NCCSCc1ccc(CN(C)C)o1,"(E)-1-N'-[2-[[5-[(dimethylamino)methyl]furan-2-yl]methylsulfanyl]ethyl]-1-N-methyl-2-nitroethene-1,1-diamine",C13H22N4O3S
CN1/C(=C(/O)Nc2ccccn2)C(=O)c2ccccc2S1(=O)=O,"4-hydroxy-2-methyl-1,1-dioxo-N-pyridin-2-yl-1lambda6,2-benzothiazine-3-carboxamide",C15H13N3O4S
CN1/C(=C(\O)Nc2ccccn2)C(=O)c2sccc2S1(=O)=O,"4-hydroxy-2-methyl-1,1-dioxo-N-pyridin-2-ylthieno[2,3-e]thiazine-3-carboxamide",C13H11N3O4S2
CN1C(=O)C(O)N=C(c2ccccc2)c2cc(Cl)ccc21,"7-chloro-3-hydroxy-1-methyl-5-phenyl-3H-1,4-benzodiazepin-2-one",C16H13ClN2O2
CN1C(=O)C(O)N=C(c2ccccc2Cl)c2cc(Cl)ccc21,"7-chloro-5-(2-chlorophenyl)-3-hydroxy-1-methyl-3H-1,4-benzodiazepin-2-one",C16H12Cl2N2O2
CN1C(=O)CC(=O)N(c2ccccc2)c2cc(C(F)(F)F)ccc21,"1-methyl-5-phenyl-7-(trifluoromethyl)-1,5-benzodiazepine-2,4-dione",C17H13F3N2O2
CN1C(=O)C(O)N=C(c2ccccc2F)c2cc(Cl)ccc21,"7-chloro-5-(2-fluorophenyl)-3-hydroxy-1-methyl-3H-1,4-benzodiazepin-2-one",C16H12ClFN2O2
CN1C(=O)CC(=O)N(c2ccccc2)c2cc(Cl)ccc21,"7-chloro-1-methyl-5-phenyl-1,5-benzodiazepine-2,4-dione",C16H13ClN2O2
CN1C(=O)CC(C)(c2ccccc2)C1=O,"1,3-dimethyl-3-phenylpyrrolidine-2,5-dione",C12H13NO2
CN1C(=O)CC(c2ccccc2)C1=O,"1-methyl-3-phenylpyrrolidine-2,5-dione",C11H11NO2
CN1C(=O)CC2(CCN(CCCC(=O)c3ccc(F)cc3)CC2)C1=O,"8-[4-(4-fluorophenyl)-4-oxobutyl]-2-methyl-2,8-diazaspiro[4.5]decane-1,3-dione",C19H23FN2O3
CN1C(=O)CCC1c1cccnc1,1-methyl-5-pyridin-3-ylpyrrolidin-2-one,C10H12N2O
CN1C(=O)CCS(=O)(=O)C1c1ccc(Cl)c(Cl)c1,"2-(3,4-dichlorophenyl)-3-methyl-1,1-dioxo-1,3-thiazinan-4-one",C11H11Cl2NO3S
CN1C(=O)CCS(=O)(=O)C1c1ccc(Cl)cc1,"2-(4-chlorophenyl)-3-methyl-1,1-dioxo-1,3-thiazinan-4-one",C11H12ClNO3S
CN1C(=O)CN(C(N)=O)C(c2ccccc2)c2cc(Cl)ccc21,"7-chloro-1-methyl-2-oxo-5-phenyl-3,5-dihydro-1,4-benzodiazepine-4-carboxamide",C17H16ClN3O2
CN1C(=O)CN2CCc3ccccc3C2c2cc(Cl)ccc21,"2-chloro-5-methyl-7,9,10,14b-tetrahydroisoquinolino[2,1-d][1,4]benzodiazepin-6-one",C18H17ClN2O
CN1C(=O)CN=C(C2=CCCCC2)c2cc(Cl)ccc21,"7-chloro-5-(cyclohexen-1-yl)-1-methyl-3H-1,4-benzodiazepin-2-one",C16H17ClN2O
CN1C(=O)CN=C(C2=CCCCC2)c2cc([N+](=O)[O-])ccc21,"5-(cyclohexen-1-yl)-1-methyl-7-nitro-3H-1,4-benzodiazepin-2-one",C16H17N3O3
CN1C(=O)CN=C(c2ccccc2)c2cc(Cl)ccc21,"7-chloro-1-methyl-5-phenyl-3H-1,4-benzodiazepin-2-one",C16H13ClN2O
CN1C(=O)CN=C(c2ccccc2)c2cc([N+](=O)[O-])ccc21,"1-methyl-7-nitro-5-phenyl-3H-1,4-benzodiazepin-2-one",C16H13N3O3
CN1C(=O)CN=C(c2ccccc2F)c2cc(Cl)ccc21,"7-chloro-5-(2-fluorophenyl)-1-methyl-3H-1,4-benzodiazepin-2-one",C16H12ClFN2O
CN1C(=O)CN=C(c2ccccc2F)c2cc([N+](=O)[O-])ccc21,"5-(2-fluorophenyl)-1-methyl-7-nitro-3H-1,4-benzodiazepin-2-one",C16H12FN3O3
CN1C(=O)OC(C)(C)C1=O,"3,5,5-trimethyl-1,3-oxazolidine-2,4-dione",C6H9NO3
CN1C(=O)NC(=O)C(C)(C2=CCCCC2)C1=O,"5-(cyclohexen-1-yl)-1,5-dimethyl-1,3-diazinane-2,4,6-trione",C12H16N2O3
CN1C(=S)CN=C(c2ccccc2)c2cc(Cl)ccc21,"7-chloro-1-methyl-5-phenyl-3H-1,4-benzodiazepine-2-thione",C16H13ClN2S
CN1C(CC(=O)c2ccccc2)CCCC1CC(O)c1ccccc1,2-[6-(2-hydroxy-2-phenylethyl)-1-methylpiperidin-2-yl]-1-phenylethanone,C22H27NO2
CN1C(CCl)Nc2cc(Cl)c(S(N)(=O)=O)cc2S1(=O)=O,"6-chloro-3-(chloromethyl)-2-methyl-1,1-dioxo-3,4-dihydro-1lambda6,2,4-benzothiadiazine-7-sulfonamide",C9H11Cl2N3O4S2
CN1C(CSCC(F)(F)F)Nc2cc(Cl)c(S(N)(=O)=O)cc2S1(=O)=O,"6-chloro-2-methyl-1,1-dioxo-3-(2,2,2-trifluoroethylsulfanylmethyl)-3,4-dihydro-1lambda6,2,4-benzothiadiazine-7-sulfonamide",C11H13ClF3N3O4S3
CN1C2CCC1CC(OC(=O)C(C)(CO)c1ccccc1)C2,(8-methyl-8-azabicyclo[3.2.1]octan-3-yl) 3-hydroxy-2-methyl-2-phenylpropanoate,C18H25NO3
CN1C2CCC1CC(OC(=O)C(CO)c1ccccc1)C2,(8-methyl-8-azabicyclo[3.2.1]octan-3-yl) 3-hydroxy-2-phenylpropanoate,C17H23NO3
CN1C2CCC1CC(OC(=O)C(O)c1ccccc1)C2,(8-methyl-8-azabicyclo[3.2.1]octan-3-yl) 2-hydroxy-2-phenylacetate,C16H21NO3
CN1C2CCC1CC(OC(=O)[C@H](CO)c1ccccc1)C2,(8-methyl-8-azabicyclo[3.2.1]octan-3-yl) (2S)-3-hydroxy-2-phenylpropanoate,C17H23NO3
CN1C2CCC1CC(OC(c1ccccc1)c1ccccc1)C2.O=S(=O)(O)O,3-benzhydryloxy-8-methyl-8-azabicyclo[3.2.1]octane;sulfuric acid,C21H27NO5S
CN1CC(=O)N=C1NC(=O)Nc1cccc(Cl)c1,1-(3-chlorophenyl)-3-(1-methyl-4-oxoimidazolidin-2-ylidene)urea,C11H11ClN4O2
CN1CC(CSc2ccccn2)C=C2c3cccc4[nH]cc(c34)CC21,"7-methyl-9-(pyridin-2-ylsulfanylmethyl)-6,6a,8,9-tetrahydro-4H-indolo[4,3-fg]quinoline",C21H21N3S
CN1CC2c3ccccc3Oc3ccc(Cl)cc3C2C1,"9-chloro-4-methyl-13-oxa-4-azatetracyclo[12.4.0.02,6.07,12]octadeca-1(18),7(12),8,10,14,16-hexaene",C17H16ClNO
CN1CC=C(c2ccccc2)CC1,"1-methyl-4-phenyl-3,6-dihydro-2H-pyridine",C12H15N
CN1CCC(=C2c3ccccc3C(O)c3ccccc32)CC1,10-(1-methylpiperidin-4-ylidene)-9H-anthracen-9-ol,C20H21NO
CN1CCC(=C2c3ccccc3CCc3sccc32)CC1,"1-methyl-4-(6-thiatricyclo[8.4.0.03,7]tetradeca-1(14),3(7),4,10,12-pentaen-2-ylidene)piperidine",C19H21NS
CN1CCC(=C2c3ccccc3Oc3ccc(Cl)cc32)CC1,4-(2-chloroxanthen-9-ylidene)-1-methylpiperidine,C19H18ClNO
CN1CCC(=C2c3ccccc3Sc3ccccc32)CC1,1-methyl-4-thioxanthen-9-ylidenepiperidine,C19H19NS
CN1CCC(C)(CN2c3ccccc3Sc3ccccc32)C1,"10-[(1,3-dimethylpyrrolidin-3-yl)methyl]phenothiazine",C19H22N2S
CN1CCC(OC2c3ccccc3CCc3ccccc32)CC1,"1-methyl-4-(2-tricyclo[9.4.0.03,8]pentadeca-1(15),3,5,7,11,13-hexaenyloxy)piperidine",C21H25NO
CN1CCC2(C)CC(Cc3ccc(O)cc32)C1,"1,11-dimethyl-11-azatricyclo[7.4.1.02,7]tetradeca-2(7),3,5-trien-4-ol",C15H21NO
CN1CCC23c4c5ccc(O)c4OC2C(O)CCC3C1C5,"3-methyl-2,4,4a,5,6,7,7a,13-octahydro-1H-4,12-methanobenzofuro[3,2-e]isoquinoline-7,9-diol",C17H21NO3
CN1CCC23c4c5ccc(O)c4OC2CCCC3C1C5,"3-methyl-2,4,4a,5,6,7,7a,13-octahydro-1H-4,12-methanobenzofuro[3,2-e]isoquinolin-9-ol",C17H21NO2
CN1CCC2=C(C1)c1ccccc1Cc1ccccc12,"4-methyl-4-azatetracyclo[13.4.0.02,7.08,13]nonadeca-1(19),2(7),8,10,12,15,17-heptaene",C19H19N
CN1CCC2=C(CC1)c1cc(C#N)ccc1Sc1ccccc12,"18-methyl-8-thia-18-azatetracyclo[13.5.0.02,7.09,14]icosa-1(15),2(7),3,5,9,11,13-heptaene-4-carbonitrile",C20H18N2S
CN1CCC2=C(CC1)c1ccccc1N(C)c1ccccc12,"8,18-dimethyl-8,18-diazatetracyclo[13.5.0.02,7.09,14]icosa-1(15),2,4,6,9,11,13-heptaene",C20H22N2
CN1CCC2=C(CC1)c1ccccc1Oc1ccccc12,"18-methyl-8-oxa-18-azatetracyclo[13.5.0.02,7.09,14]icosa-1(15),2,4,6,9,11,13-heptaene",C19H19NO
CN1CCCC(CN2c3ccccc3Sc3ccccc32)C1,10-[(1-methylpiperidin-3-yl)methyl]phenothiazine,C19H22N2S
CN1CCCCC1CCN1c2ccccc2Sc2ccc(S(C)=O)cc21,10-[2-(1-methylpiperidin-2-yl)ethyl]-2-methylsulfinylphenothiazine,C21H26N2OS2
CN1CCCCC1CCN1c2ccccc2Sc2ccc(S(C)(=O)=O)cc21,10-[2-(1-methylpiperidin-2-yl)ethyl]-2-methylsulfonylphenothiazine,C21H26N2O2S2
CN1CCC[C@H]1c1cccnc1,3-[(2S)-1-methylpyrrolidin-2-yl]pyridine,C10H14N2
CN1CCCN(C(c2ccccc2)c2ccc(Cl)cc2)CC1,"1-[(4-chlorophenyl)-phenylmethyl]-4-methyl-1,4-diazepane",C19H23ClN2
CN1CCCc2cccc(OCC3CNCCO3)c21,"2-[(1-methyl-3,4-dihydro-2H-quinolin-8-yl)oxymethyl]morpholine",C15H22N2O2
CN1CCN(/C=C2\N=C3CN=C(c4ccccc4Cl)c4cc([N+](=O)[O-])ccc4N3C2=O)CC1,"(2Z)-6-(2-chlorophenyl)-2-[(4-methylpiperazin-1-yl)methylidene]-8-nitro-4H-imidazo[1,2-a][1,4]benzodiazepin-1-one",C23H21ClN6O3
CN1CCN(C(=O)Cc2ccc(Cl)c(Cl)c2)[C@@H](CN2CCCC2)C1,"2-(3,4-dichlorophenyl)-1-[(2R)-4-methyl-2-(pyrrolidin-1-ylmethyl)piperazin-1-yl]ethanone",C18H25Cl2N3O
CN1CCN(C(=O)OC2C3=C(SCCS3)C(=O)N2c2ccc3ccc(Cl)nc3n2)CC1,"[6-(7-chloro-1,8-naphthyridin-2-yl)-5-oxo-3,7-dihydro-2H-[1,4]dithiino[2,3-c]pyrrol-7-yl] 4-methylpiperazine-1-carboxylate",C20H20ClN5O3S2
CN1CCN(C(=O)OC2c3nccnc3C(=O)N2c2ccc(Cl)cn2)CC1,"[6-(5-chloro-2-pyridinyl)-5-oxo-7H-pyrrolo[3,4-b]pyrazin-7-yl] 4-methylpiperazine-1-carboxylate",C17H17ClN6O3
CN1CCN(C(c2ccccc2)c2ccc(Cl)cc2)CC1,1-[(4-chlorophenyl)-phenylmethyl]-4-methylpiperazine,C18H21ClN2
CN1CCN(C2=Cc3cc(Cl)ccc3/C(=C\C#N)c3ccccc32)CC1,"(2E)-2-[6-chloro-10-(4-methylpiperazin-1-yl)-2-tricyclo[9.4.0.03,8]pentadeca-1(15),3(8),4,6,9,11,13-heptaenylidene]acetonitrile",C22H20ClN3
CN1CCN(C2=Nc3ccccc3Cc3ccccc32)CC1,6-(4-methylpiperazin-1-yl)-11H-benzo[c][1]benzazepine,C19H21N3
CN1CCN(C2=Nc3cc(F)ccc3Cc3ccccc32)CC1,3-fluoro-6-(4-methylpiperazin-1-yl)-11H-benzo[c][1]benzazepine,C19H20FN3
CN1CCN(C2=Nc3ccccc3Sc3ccc(Cl)cc32)CC1,"8-chloro-6-(4-methylpiperazin-1-yl)benzo[b][1,4]benzothiazepine",C18H18ClN3S
CN1CCN(C2=Nc3ccccc3Oc3ccc(Cl)cc32)CC1,"8-chloro-6-(4-methylpiperazin-1-yl)benzo[b][1,4]benzoxazepine",C18H18ClN3O
CN1CCN(C2=Nc3ccccc3Sc3nccn32)CC1,"5-(4-methylpiperazin-1-yl)imidazo[2,1-b][1,3,5]benzothiadiazepine",C15H17N5S
CN1CCN(C2=Nc3cscc3/C(=C/C#N)c3cscc32)CC1,"(2E)-2-[9-(4-methylpiperazin-1-yl)-5,12-dithia-8-azatricyclo[8.3.0.03,7]trideca-1(13),3,6,8,10-pentaen-2-ylidene]acetonitrile",C17H16N4S2
CN1CCN(C2=c3ccccc3=Nc3ccc(Cl)cc3N2)CC1,"3-chloro-6-(4-methylpiperazin-1-yl)-11H-benzo[b][1,4]benzodiazepine",C18H19ClN4
CN1CCN(C2Cc3ccccc3Sc3ccc(Cl)cc32)CC1,"1-(3-chloro-5,6-dihydrobenzo[b][1]benzothiepin-5-yl)-4-methylpiperazine",C19H21ClN2S
CN1CCN(CC(=O)N2c3ccccc3C(=O)Nc3cccnc32)CC1,"11-[2-(4-methylpiperazin-1-yl)acetyl]-5H-pyrido[2,3-b][1,4]benzodiazepin-6-one",C19H21N5O2
CN1CCN(CC(=O)[C@@]2(O)CC[C@H]3[C@@H]4CCC5=CC(=O)C=C[C@]5(C)[C@H]4[C@@H](O)C[C@@]32C)CC1,"(8S,9S,10R,11S,13S,14S,17R)-11,17-dihydroxy-10,13-dimethyl-17-[2-(4-methylpiperazin-1-yl)acetyl]-7,8,9,11,12,14,15,16-octahydro-6H-cyclopenta[a]phenanthren-3-one",C26H38N2O4
CN1CCN(CC/C=C2\c3ccccc3Sc3ccc(S(=O)(=O)N(C)C)cc32)CC1,"(9E)-N,N-dimethyl-9-[3-(4-methylpiperazin-1-yl)propylidene]thioxanthene-2-sulfonamide",C23H29N3O2S2
CN1CCN(CCC(=O)N2c3ccccc3Sc3ccc(C(F)(F)F)cc32)CC1,3-(4-methylpiperazin-1-yl)-1-[2-(trifluoromethyl)phenothiazin-10-yl]propan-1-one,C21H22F3N3OS
CN1CCN(CCCN2c3ccccc3Sc3ccc(C(F)(F)F)cc32)CC1,10-[3-(4-methylpiperazin-1-yl)propyl]-2-(trifluoromethyl)phenothiazine,C21H24F3N3S
CN1CCN(CCCN2c3ccccc3Sc3ccc(Cl)cc32)CC1,2-chloro-10-[3-(4-methylpiperazin-1-yl)propyl]phenothiazine,C20H24ClN3S
CN1CCN(CCCN2c3ccccc3Sc3ccc(S(=O)(=O)N(C)C)cc32)CC1,"N,N-dimethyl-10-[3-(4-methylpiperazin-1-yl)propyl]phenothiazine-2-sulfonamide",C22H30N4O2S2
CN1CCN(CCN2CCN(CCCN3c4ccccc4Sc4ccc(Cl)cc43)CC2)C1=O,1-[2-[4-[3-(2-chlorophenothiazin-10-yl)propyl]piperazin-1-yl]ethyl]-3-methylimidazolidin-2-one,C25H32ClN5OS
CN1CCN(c2c(F)cc3c(=O)c(C(=O)O)cn(CCF)c3c2F)CC1,"6,8-difluoro-1-(2-fluoroethyl)-7-(4-methylpiperazin-1-yl)-4-oxoquinoline-3-carboxylic acid",C17H18F3N3O3
CN1CCN(c2c(F)cc3c(=O)c(C(=O)O)cn4c3c2SCC4)CC1,"7-fluoro-6-(4-methylpiperazin-1-yl)-10-oxo-4-thia-1-azatricyclo[7.3.1.05,13]trideca-5(13),6,8,11-tetraene-11-carboxylic acid",C17H18FN3O3S
CN1CCN(c2cc3c(nn2)Oc2ccccc2N3C)CC1,"5-methyl-3-(4-methylpiperazin-1-yl)pyridazino[3,4-b][1,4]benzoxazine",C16H19N5O
CN1CCN(c2cc3c(cc2F)c(=O)c(C(=O)O)cn3-c2ccc(F)cc2)CC1,6-fluoro-1-(4-fluorophenyl)-7-(4-methylpiperazin-1-yl)-4-oxoquinoline-3-carboxylic acid,C21H19F2N3O3
CN1CCN(c2ccccc2Cc2ccccc2)CC1,1-(2-benzylphenyl)-4-methylpiperazine,C18H22N2
CN1CCN(c2ncc(-c3cc(Cl)cc(Cl)c3Cl)c(N)n2)CC1,"2-(4-methylpiperazin-1-yl)-5-(2,3,5-trichlorophenyl)pyrimidin-4-amine",C15H16Cl3N5
CN1CCN2c3cc(F)ccc3C(c3cccs3)=NCC2C1,"10-fluoro-3-methyl-7-thiophen-2-yl-2,4,4a,5-tetrahydro-1H-pyrazino[1,2-a][1,4]benzodiazepine",C17H18FN3S
CN1CCN2c3ccccc3Cc3ccccc3C2C1,"5-methyl-2,5-diazatetracyclo[13.4.0.02,7.08,13]nonadeca-1(19),8,10,12,15,17-hexaene",C18H20N2
CN1CCN2c3ncccc3Cc3ccccc3C2C1,"5-methyl-2,5,19-triazatetracyclo[13.4.0.02,7.08,13]nonadeca-1(15),8,10,12,16,18-hexaene",C17H19N3
CN1CCN2c3ccccc3Cn3cccc3C2C1.O=C(O)/C=C\C(=O)O,"(Z)-but-2-enedioic acid;17-methyl-6,14,17-triazatetracyclo[12.4.0.02,6.08,13]octadeca-2,4,8,10,12-pentaene",C20H23N3O4
CN1CCN=C(c2ccccc2)c2cc(Cl)ccc21,"7-chloro-1-methyl-5-phenyl-2,3-dihydro-1,4-benzodiazepine",C16H15ClN2
CN1CCOC(c2ccccc2)c2ccccc2C1,"5-methyl-1-phenyl-1,3,4,6-tetrahydro-2,5-benzoxazocine",C17H19NO
CN1CC[C@@H]2c3cc(Cl)ccc3Oc3ccccc3[C@H]2C1,,C18H18ClNO
CN1CC[C@@]2(C)c3cc(OC(=O)Nc4ccccc4)ccc3N(C)[C@@H]12,"[(3aR,8bS)-3,4,8b-trimethyl-2,3a-dihydro-1H-pyrrolo[2,3-b]indol-7-yl] N-phenylcarbamate",C20H23N3O2
CN1CC[C@@]2(C)c3cc(OC(=O)N4CCc5ccccc5C4)ccc3N(C)[C@@H]12,"[(3aR,8bS)-3,4,8b-trimethyl-2,3a-dihydro-1H-pyrrolo[2,3-b]indol-7-yl] 3,4-dihydro-1H-isoquinoline-2-carboxylate",C23H27N3O2
CN1CC[C@@]23CCCC[C@@H]2[C@@H]1Cc1ccc(O)cc13,"(1S,9S,10S)-17-methyl-17-azatetracyclo[7.5.3.01,10.02,7]heptadeca-2(7),3,5-trien-4-ol",C17H23NO
CN1CC[C@]23CCCC[C@H]2[C@H]1Cc1ccc(O)cc13,"(1R,9R,10R)-17-methyl-17-azatetracyclo[7.5.3.01,10.02,7]heptadeca-2(7),3,5-trien-4-ol",C17H23NO
CN1CC[C@]23c4c5ccc(O)c4O[C@@]2(C)C(=O)CC[C@H]3[C@H]1C5,"(4R,4aR,7aR,12bS)-9-hydroxy-3,7a-dimethyl-2,4,4a,5,6,13-hexahydro-1H-4,12-methanobenzofuro[3,2-e]isoquinolin-7-one",C18H21NO3
CN1CC[C@]23NC(=O)CC(c4cc(Cl)ccc4O2)C3C1,"(1S)-6-chloro-12-methyl-2-oxa-12,15-diazatetracyclo[7.5.3.01,10.03,8]heptadeca-3(8),4,6-trien-16-one",C15H17ClN2O2
CN1CC[C@]23c4c5ccc(O)c4O[C@H]2C(=O)CC[C@@]3(O)[C@H]1C5,"(4R,4aS,7aR,12bS)-4a,9-dihydroxy-3-methyl-2,4,5,6,7a,13-hexahydro-1H-4,12-methanobenzofuro[3,2-e]isoquinolin-7-one",C17H19NO4
CN1CC[C@]23c4c5ccc(O)c4O[C@H]2C(=O)CC[C@H]3[C@H]1C5,"(4R,4aR,7aR,12bS)-9-hydroxy-3-methyl-1,2,4,4a,5,6,7a,13-octahydro-4,12-methanobenzofuro[3,2-e]isoquinolin-7-one",C17H19NO3
CN1CC[C@]23c4c5ccc(O)c4O[C@H]2C(O)C=C[C@H]3[C@H]1C5,"(4R,4aR,7aR,12bS)-3-methyl-2,4,4a,7,7a,13-hexahydro-1H-4,12-methanobenzofuro[3,2-e]isoquinoline-7,9-diol",C17H19NO3
CN1CC[C@]23c4c5ccc(O)c4O[C@H]2[C@@H](O)CC[C@@]3(O)[C@H]1C5,"(4R,4aS,7S,7aR,12bS)-3-methyl-1,2,4,5,6,7,7a,13-octahydro-4,12-methanobenzofuro[3,2-e]isoquinoline-4a,7,9-triol",C17H21NO4
CN1CC[C@]23c4c5ccc(OC(=O)c6cccnc6)c4O[C@H]2[C@@H](OC(=O)c2cccnc2)C=C[C@H]3[C@H]1C5,"[(4R,4aR,7S,7aR,12bS)-3-methyl-9-(pyridine-3-carbonyloxy)-2,4,4a,7,7a,13-hexahydro-1H-4,12-methanobenzofuro[3,2-e]isoquinolin-7-yl] pyridine-3-carboxylate",C29H25N3O5
CN1CCc2cc(Cl)c(O)cc2[C@@H](c2cc(Br)cc3c2OCC3)C1,"(5S)-5-(5-bromo-2,3-dihydro-1-benzofuran-7-yl)-8-chloro-3-methyl-1,2,4,5-tetrahydro-3-benzazepin-7-ol",C19H19BrClNO2
CN1CCc2cccc3c2[C@H]1Cc1ccc(O)c(O)c1-3,"(6aR)-6-methyl-5,6,6a,7-tetrahydro-4H-dibenzo[de,g]quinoline-10,11-diol",C17H17NO2
CN1C[C@@H](CC#N)CC2c3cccc4[nH]cc(c34)C[C@H]21,"2-[(6aR,9R)-7-methyl-6,6a,8,9,10,10a-hexahydro-4H-indolo[4,3-fg]quinolin-9-yl]acetonitrile",C17H19N3
CN1C[C@@H](NS(=O)(=O)N(C)C)C[C@@H]2c3cccc4c3c(cn4C)C[C@H]21,"(6aR,9S,10aR)-9-(dimethylsulfamoylamino)-4,7-dimethyl-6,6a,8,9,10,10a-hexahydroindolo[4,3-fg]quinoline",C18H26N4O2S
CN1C[C@@H]2[C@@H](Cc3ccc(Cl)cc3[C@H]2c2ccccc2)C1,"(3aS,4R,9aR)-6-chloro-2-methyl-4-phenyl-1,3,3a,4,9,9a-hexahydrobenzo[f]isoindole",C19H20ClN
CN1C[C@@H]2c3cc(Cl)ccc3Oc3ccccc3[C@@H]2C1,"(2R,6S)-9-chloro-4-methyl-13-oxa-4-azatetracyclo[12.4.0.02,6.07,12]octadeca-1(18),7(12),8,10,14,16-hexaene",C17H16ClNO
CN1C[C@H](C(=O)N[C@]2(C)O[C@@]3(O)[C@@H]4CCCN4C(=O)[C@H](Cc4ccccc4)N3C2=O)C[C@@H]2c3cccc4[nH]cc(c34)C[C@H]21,"(6aR,9R,10aR)-N-[(1S,2S,4R,7S)-7-benzyl-2-hydroxy-4-methyl-5,8-dioxo-3-oxa-6,9-diazatricyclo[7.3.0.02,6]dodecan-4-yl]-7-methyl-6,6a,8,9,10,10a-hexahydro-4H-indolo[4,3-fg]quinoline-9-carboxamide",C33H37N5O5
CN1C[C@H](CN2CC(=O)NC(=O)C2)C=C2c3cccc4[nH]cc(c34)C[C@H]21,"4-[[(6aR,9S)-7-methyl-6,6a,8,9-tetrahydro-4H-indolo[4,3-fg]quinolin-9-yl]methyl]piperazine-2,6-dione",C20H22N4O2
CN1Cc2c(-c3noc(C(C)(C)O)n3)ncn2-c2cccc(Cl)c2C1=O,"7-chloro-3-[5-(2-hydroxypropan-2-yl)-1,2,4-oxadiazol-3-yl]-5-methyl-4H-imidazo[1,5-a][1,4]benzodiazepin-6-one",C17H16ClN5O3
CN1Cc2c(-c3noc(C(C)(CO)CO)n3)ncn2-c2cccc(Cl)c2C1=O,,C18H18ClN5O4
CN1Cc2c(-c3noc(C(C)(O)CO)n3)ncn2-c2cccc(Cl)c2C1=O,"7-chloro-3-[5-(1,2-dihydroxypropan-2-yl)-1,2,4-oxadiazol-3-yl]-5-methyl-4H-imidazo[1,5-a][1,4]benzodiazepin-6-one",C17H16ClN5O4
CN1Cc2c(-c3noc([C@](C)(O)CO)n3)ncn2-c2cccc(Cl)c2C1=O,,C17H16ClN5O4
CN1Cc2c(C(=O)OC(C)(C)C)ncn2-c2ccsc2C1=O,"tert-butyl 8-methyl-7-oxo-5-thia-1,8,12-triazatricyclo[8.3.0.02,6]trideca-2(6),3,10,12-tetraene-11-carboxylate",C15H17N3O3S
CN1Cc2c(N)cccc2C(c2ccccc2)C1,"2-methyl-4-phenyl-3,4-dihydro-1H-isoquinolin-8-amine",C16H18N2
CN1[C@H]2CCC[C@@H]1CC(NC(=O)c1nn(C)c3ccccc13)C2,"1-methyl-N-[(1R,5S)-9-methyl-9-azabicyclo[3.3.1]nonan-3-yl]indazole-3-carboxamide",C18H24N4O
CN1[C@H]2CC(OC(=O)[C@H](CO)c3ccccc3)C[C@@H]1[C@H]1O[C@@H]21,"[(1S,2S,4R,5R)-9-methyl-3-oxa-9-azatricyclo[3.3.1.02,4]nonan-7-yl] (2S)-3-hydroxy-2-phenylpropanoate",C17H21NO4
CN1[C@H]2CC[C@@H]1CC(NC(=O)c1cn(C3CCCCC3)c3ccccc3c1=O)C2,"1-cyclohexyl-N-[(1R,5S)-8-methyl-8-azabicyclo[3.2.1]octan-3-yl]-4-oxoquinoline-3-carboxamide",C24H31N3O2
CN1[C@H]2CC[C@@H]1CC(NC(=O)N1CC(C)(C)c3ccccc31)C2,"3,3-dimethyl-N-[(1S,5R)-8-methyl-8-azabicyclo[3.2.1]octan-3-yl]-2H-indole-1-carboxamide",C19H27N3O
CN1c2cc(F)ccc2C(c2ccccc2)=NCC1CNC(=O)c1ccoc1,"N-[(8-fluoro-1-methyl-5-phenyl-2,3-dihydro-1,4-benzodiazepin-2-yl)methyl]furan-3-carboxamide",C22H20FN3O2
CN1c2ccccc2C(NCCCCCCC(=O)O)c2ccc(Cl)cc2S1(=O)=O,"7-[(3-chloro-6-methyl-5,5-dioxo-11H-benzo[c][2,1]benzothiazepin-11-yl)amino]heptanoic acid",C21H25ClN2O4S
CN1c2ccccc2C(c2ccccc2Cl)=NCC1(Cl)CO,"[2-chloro-5-(2-chlorophenyl)-1-methyl-3H-1,4-benzodiazepin-2-yl]methanol",C17H16Cl2N2O
CN1c2ccccc2C(c2ccccc2F)=NCC1CNC(=O)c1ccsc1,"N-[[5-(2-fluorophenyl)-1-methyl-2,3-dihydro-1,4-benzodiazepin-2-yl]methyl]thiophene-3-carboxamide",C22H20FN3OS
CN=C(Cc1ccc2ccccc2c1)[NH2+]C.[Cl-],methyl-[N-methyl-C-(naphthalen-2-ylmethyl)carbonimidoyl]azanium chloride,C14H17ClN2
CN=C(NC#N)NCCSCc1csc(N=C(N)N)n1,"1-cyano-3-[2-[[2-(diaminomethylideneamino)-1,3-thiazol-4-yl]methylsulfanyl]ethyl]-2-methylguanidine",C10H16N8S2
CN=C(NC#N)NCCSCc1nc[nH]c1C,1-cyano-2-methyl-3-[2-[(5-methyl-1H-imidazol-4-yl)methylsulfanyl]ethyl]guanidine,C10H16N6S
CN=C1CN(O)C(c2ccccc2)=c2cc(Cl)ccc2=N1,"7-chloro-4-hydroxy-N-methyl-5-phenyl-3H-1,4-benzodiazepin-2-imine",C16H14ClN3O
CNC(=NC#N)Nc1cccc(-c2csc(N=C(N)N)n2)c1,"1-cyano-3-[3-[2-(diaminomethylideneamino)-1,3-thiazol-4-yl]phenyl]-2-methylguanidine",C13H14N8S
CNC(=O)CCN1CCN(CCC=C2c3ccccc3Sc3ccc(Cl)cc32)CC1,3-[4-[3-(2-chlorothioxanthen-9-ylidene)propyl]piperazin-1-yl]-N-methylpropanamide,C24H28ClN3OS
CNC(=O)C[C@@H](N)C(=O)N[C@@H](C(=O)N[C@@H]1C(=O)N2[C@@H](C(=O)O)C(C)(C)S[C@H]12)c1ccc(O)cc1,"(2S,5R,6R)-6-[[(2R)-2-[[(2R)-2-amino-4-(methylamino)-4-oxobutanoyl]amino]-2-(4-hydroxyphenyl)acetyl]amino]-3,3-dimethyl-7-oxo-4-thia-1-azabicyclo[3.2.0]heptane-2-carboxylic acid",C21H27N5O7S
CNC(=O)N1CC(Oc2cccc(C(F)(F)F)c2)C1,N-methyl-3-[3-(trifluoromethyl)phenoxy]azetidine-1-carboxamide,C12H13F3N2O2
CNC(=O)NC(O)C(Cl)(Cl)Cl,"1-methyl-3-(2,2,2-trichloro-1-hydroxyethyl)urea",C4H7Cl3N2O2
CNC(=O)O[C@H]1OC(=O)[C@]2(C)[C@@H]3C=C[C@@H](C3)[C@H]12,"[(1R,2S,3R,6R,7S)-6-methyl-5-oxo-4-oxatricyclo[5.2.1.02,6]dec-8-en-3-yl] N-methylcarbamate",C12H15NO4
CNC(=O)Oc1ccc2c(c1)[C@]1(C)CCN(C)[C@@H]1N2C,"[(3aR,8bS)-3,4,8b-trimethyl-2,3a-dihydro-1H-pyrrolo[2,3-b]indol-7-yl] N-methylcarbamate",C15H21N3O2
CNC(C)C(=O)c1ccc(OC)cc1,1-(4-methoxyphenyl)-2-(methylamino)propan-1-one,C11H15NO2
CNC(C)C(O)c1ccc(O)cc1,4-[1-hydroxy-2-(methylamino)propyl]phenol,C10H15NO2
CNC(C)C1CCC(N)C(OC2C(N)CC(N)C(OC3OCC(C)(O)C(NC)C3O)C2O)O1,"2-[4,6-diamino-3-[3-amino-6-[1-(methylamino)ethyl]oxan-2-yl]oxy-2-hydroxycyclohexyl]oxy-5-methyl-4-(methylamino)oxane-3,5-diol",C21H43N5O7
CNC/C=C(/c1ccc(Br)cc1)c1cccnc1,(Z)-3-(4-bromophenyl)-N-methyl-3-pyridin-3-ylprop-2-en-1-amine,C15H15BrN2
CNC1(c2ccccc2Cl)CCCCC1=O,2-(2-chlorophenyl)-2-(methylamino)cyclohexan-1-one,C13H16ClNO
CNC1C(O)C(OC2C(NC(=O)C(O)CN)CC(N)C(OC3OC(CN)C(O)C(O)C3O)C2O)OCC1(C)O,"3-amino-N-[5-amino-4-[6-(aminomethyl)-3,4,5-trihydroxyoxan-2-yl]oxy-2-[3,5-dihydroxy-5-methyl-4-(methylamino)oxan-2-yl]oxy-3-hydroxycyclohexyl]-2-hydroxypropanamide",C22H43N5O12
CNC1CCC(c2ccccc2)c2ccccc21,"N-methyl-4-phenyl-1,2,3,4-tetrahydronaphthalen-1-amine",C17H19N
CNC1CCN2c3ccccc3CCc3cccc1c32,"N-methyl-1-azatetracyclo[8.7.1.02,7.014,18]octadeca-2,4,6,10(18),11,13-hexaen-15-amine",C18H20N2
CNC1CCc2ncsc2C1,"N-methyl-4,5,6,7-tetrahydro-1,3-benzothiazol-6-amine",C8H12N2S
CNC1Cc2ccccc2N(C)c2ccccc21,"N,11-dimethyl-5,6-dihydrobenzo[b][1]benzazepin-5-amine",C16H18N2
CNCC(O)c1ccc(O)c(O)c1,"4-[1-hydroxy-2-(methylamino)ethyl]benzene-1,2-diol",C9H13NO3
CNCC(O)c1ccc(OC(=O)C(C)(C)C)c(OC(=O)C(C)(C)C)c1,"[2-(2,2-dimethylpropanoyloxy)-4-[1-hydroxy-2-(methylamino)ethyl]phenyl] 2,2-dimethylpropanoate",C19H29NO5
CNCC(O)c1cccc(OC(=O)C(C)(C)C)c1,"[3-[1-hydroxy-2-(methylamino)ethyl]phenyl] 2,2-dimethylpropanoate",C14H21NO3
CNCC12CCC(c3ccccc31)c1ccccc12,"N-methyl-1-(1-tetracyclo[6.6.2.02,7.09,14]hexadeca-2,4,6,9,11,13-hexaenyl)methanamine",C18H19N
CNCCC(Oc1ccc(C(F)(F)F)cc1)c1ccccc1,N-methyl-3-phenyl-3-[4-(trifluoromethyl)phenoxy]propan-1-amine,C17H18F3NO
CNCCC(Oc1cccc2ccccc12)c1cccs1,N-methyl-3-naphthalen-1-yloxy-3-thiophen-2-ylpropan-1-amine,C18H19NOS
CNCCC(Oc1ccccc1OC)c1ccccc1,3-(2-methoxyphenoxy)-N-methyl-3-phenylpropan-1-amine,C17H21NO2
CNCCC=C1c2ccccc2C(C)(C)c2ccccc21,"3-(10,10-dimethylanthracen-9-ylidene)-N-methylpropan-1-amine",C20H23N
CNCCC=C1c2ccccc2CCc2ccccc21,"N-methyl-3-(2-tricyclo[9.4.0.03,8]pentadeca-1(15),3,5,7,11,13-hexaenylidene)propan-1-amine",C19H21N
CNCCC=C1c2ccccc2C2CC2c2ccccc21,"N-methyl-3-(11-tetracyclo[10.4.0.02,4.05,10]hexadeca-1(16),5,7,9,12,14-hexaenylidene)propan-1-amine",C20H21N
CNCCCC1(C)CN(c2ccccc2)c2ccccc21,N-methyl-3-(3-methyl-1-phenyl-2H-indol-3-yl)propan-1-amine,C19H24N2
CNCCCC1(C)C(=O)N(c2ccccc2)c2ccccc21,3-methyl-3-[3-(methylamino)propyl]-1-phenylindol-2-one,C19H22N2O
CNCCCC1(c2ccccc2)OC(C)(C)c2ccccc21,"3-(3,3-dimethyl-1-phenyl-2-benzofuran-1-yl)-N-methylpropan-1-amine",C20H25NO
CNCCCC1(c2ccccc2)SC(C)(C)c2ccccc21,"3-(3,3-dimethyl-1-phenyl-2-benzothiophen-1-yl)-N-methylpropan-1-amine",C20H25NS
CNCCCC12CCC(c3ccccc31)c1ccccc12,"N-methyl-3-(1-tetracyclo[6.6.2.02,7.09,14]hexadeca-2,4,6,9,11,13-hexaenyl)propan-1-amine",C20H23N
CNCCCC1c2ccccc2C=Cc2ccccc21,"N-methyl-3-(2-tricyclo[9.4.0.03,8]pentadeca-1(15),3,5,7,9,11,13-heptaenyl)propan-1-amine",C19H21N
CNCCCN1Cc2ccccc2Cc2ccccc21,"3-(6,11-dihydrobenzo[c][1]benzazepin-5-yl)-N-methylpropan-1-amine",C18H22N2
CNCCCCOc1ccccc1Cc1ccccc1.[Cl-].[H+],,C18H24ClNO
CNCCCN1c2ccccc2CCc2ccccc21,"3-(5,6-dihydrobenzo[b][1]benzazepin-11-yl)-N-methylpropan-1-amine",C18H22N2
CNCCCN1c2ccccc2C(C)(C)c2ccccc21,"3-(9,9-dimethylacridin-10-yl)-N-methylpropan-1-amine",C19H24N2
CNCCCN1c2ccccc2Sc2ccc(Cl)cc21,3-(2-chlorophenothiazin-10-yl)-N-methylpropan-1-amine,C16H17ClN2S
CNCCCN1c2ccccc2Sc2ccccc21,N-methyl-3-phenothiazin-10-ylpropan-1-amine,C16H18N2S
CNCCOC(c1ccccc1)c1ccccc1C,N-methyl-2-[(2-methylphenyl)-phenylmethoxy]ethanamine,C17H21NO
CNCCON=c1c2ccccc2ccc2ccccc12,"N-methyl-2-(2-tricyclo[9.4.0.03,8]pentadeca-1(15),3,5,7,9,11,13-heptaenylideneamino)oxyethanamine",C18H18N2O
CNCCSC1=Cc2cc(F)ccc2Oc2ccccc21,2-(3-fluorobenzo[b][1]benzoxepin-6-yl)sulfanyl-N-methylethanamine,C17H16FNOS
CNCC[C@@H](O)[C@@H]1C[C@H](SC2=C(C(=O)O)N3C(=O)[C@H]([C@@H](C)O)[C@H]3[C@H]2C)CN1,"(4R,5S,6S)-6-[(1R)-1-hydroxyethyl]-3-[(3S,5S)-5-[(1R)-1-hydroxy-3-(methylamino)propyl]pyrrolidin-3-yl]sulfanyl-4-methyl-7-oxo-1-azabicyclo[3.2.0]hept-2-ene-2-carboxylic acid",C18H29N3O5S
CNCC[C@@H](Oc1ccccc1C)c1ccccc1,(3R)-N-methyl-3-(2-methylphenoxy)-3-phenylpropan-1-amine,C17H21NO
CNCCc1ccccn1,N-methyl-2-pyridin-2-ylethanamine,C8H12N2
CNC[C@@H]1CN(c2ccc(OCc3cccc(Cl)c3)cc2)C(=O)O1,"(5R)-3-[4-[(3-chlorophenyl)methoxy]phenyl]-5-(methylaminomethyl)-1,3-oxazolidin-2-one",C18H19ClN2O3
CNC[C@H](O)CC12CCC(c3ccccc31)c1ccccc12,"(2R)-1-(methylamino)-3-(1-tetracyclo[6.6.2.02,7.09,14]hexadeca-2,4,6,9,11,13-hexaenyl)propan-2-ol",C20H23NO
CNC[C@H](O)c1ccc(O)c(O)c1,"4-[(1R)-1-hydroxy-2-(methylamino)ethyl]benzene-1,2-diol",C9H13NO3
CNNCc1ccc(C(=O)NC(C)C)cc1,4-[(2-methylhydrazinyl)methyl]-N-propan-2-ylbenzamide,C12H19N3O
CN[C@@H](C)Cc1ccccc1,(2S)-N-methyl-1-phenylpropan-2-amine,C10H15N
CN[C@@H](C)[C@H](O)c1ccccc1,"(1R,2S)-2-(methylamino)-1-phenylpropan-1-ol",C10H15NO
CN[C@@H]1C[C@@H](c2ccc(Cl)c(Cl)c2)c2ccccc21.[Cl-].[H+],,C16H16Cl3N
CN[C@@H]1[C@@H](O)[C@@H](O[C@@H]2[C@@H](O)[C@H](O[C@H]3OC(CN)=CC[C@H]3N)[C@@H](N)C[C@H]2N)OC[C@]1(C)O,"(2R,3R,4R,5R)-2-[(1S,2S,3R,4S,6R)-4,6-diamino-3-[[(2S,3R)-3-amino-6-(aminomethyl)-3,4-dihydro-2H-pyran-2-yl]oxy]-2-hydroxycyclohexyl]oxy-5-methyl-4-(methylamino)oxane-3,5-diol",C19H37N5O7
CN[C@@H]1[C@@H](O[C@H]2O[C@H](CO)[C@@H](N)[C@H](O)[C@H]2O)O[C@H]2C[C@@H](N)[C@H](O[C@@H]3[C@@H](N)C[C@@H](N)[C@H](O)[C@H]3O)O[C@@H]2[C@@H]1O,"(2R,3R,4S,5S,6S)-2-[[(2R,3S,4R,4aR,6R,7R,8aS)-7-amino-6-[(1R,2R,3S,4R,6S)-4,6-diamino-2,3-dihydroxycyclohexyl]oxy-4-hydroxy-3-(methylamino)-2,3,4,4a,6,7,8,8a-octahydropyrano[3,2-b]pyran-2-yl]oxy]-5-amino-6-(hydroxymethyl)oxane-3,4-diol",C21H41N5O11
CN[C@@H]1[C@H](O[C@H]2[C@H](O[C@@H]3[C@@H](O)[C@H](O)[C@@H](N=C(N)N)[C@H](O)[C@H]3N=C(N)N)O[C@@H](C)[C@]2(O)CO)O[C@@H](CO)[C@H](O)[C@H]1O,"2-[(1S,2S,3R,4S,5S,6R)-3-(diaminomethylideneamino)-4-[(2R,3R,4R,5S)-3-[(2S,3S,4S,5R,6S)-4,5-dihydroxy-6-(hydroxymethyl)-3-(methylamino)oxan-2-yl]oxy-4-hydroxy-4-(hydroxymethyl)-5-methyloxolan-2-yl]oxy-2,5,6-trihydroxycyclohexyl]guanidine",C21H41N7O12
CN[C@@H]1[C@H](O[C@H]2[C@H](O[C@@H]3[C@@H](N=C(N)N)[C@H](O)[C@@H](N=C(N)N)[C@H](O)[C@H]3O)O[C@@H](C)[C@]2(O)C=O)O[C@@H](CO)[C@H](O)[C@H]1O,"2-[(1R,2R,3S,4R,5R,6S)-3-(diaminomethylideneamino)-4-[(2R,3R,4R,5S)-3-[(2S,3S,4S,5R,6S)-4,5-dihydroxy-6-(hydroxymethyl)-3-(methylamino)oxan-2-yl]oxy-4-formyl-4-hydroxy-5-methyloxolan-2-yl]oxy-2,5,6-trihydroxycyclohexyl]guanidine",C21H39N7O12
CN[C@H](CC(C)C)C(=O)NC1C(=O)N[C@@H](CC(N)=O)C(=O)N[C@H]2C(=O)N[C@H]3C(=O)N[C@H](C(=O)N[C@@H](C(=O)O)c4cc(O)cc(O)c4-c4cc3ccc4O)[C@H](O)c3ccc(c(Cl)c3)Oc3cc2cc(c3O[C@@H]2O[C@H](CO)[C@@H](O)[C@H](O)[C@H]2O[C@H]2C[C@](C)(N)[C@H](O)[C@H](C)O2)Oc2ccc(cc2Cl)[C@H]1O,"(1S,2R,18R,22S,25R,28R,40R)-48-[(2S,3R,4S,5S,6R)-3-[(2S,4S,5S,6S)-4-amino-5-hydroxy-4,6-dimethyloxan-2-yl]oxy-4,5-dihydroxy-6-(hydroxymethyl)oxan-2-yl]oxy-22-(2-amino-2-oxoethyl)-5,15-dichloro-2,18,32,35,37-pentahydroxy-19-[[(2R)-4-methyl-2-(methylamino)pentanoyl]amino]-20,23,26,42,44-pentaoxo-7,13-dioxa-21,24,27,41,43-pentazaoctacyclo[26.14.2.23,6.214,17.18,12.129,33.010,25.034,39]pentaconta-3,5,8(48),9,11,14,16,29(45),30,32,34(39),35,37,46,49-pentadecaene-40-carboxylic acid",C66H75Cl2N9O24
CN[C@H]1CC[C@@H](c2ccc(Cl)c(Cl)c2)c2ccccc21.[Cl-].[H+],"(1S,4S)-4-(3,4-dichlorophenyl)-N-methyl-1,2,3,4-tetrahydronaphthalen-1-amine;hydron;chloride",C17H18Cl3N
CNc1cc(OC)c(C(=O)N[C@@H]2CCN(Cc3ccccc3)[C@@H]2C)cc1Cl,"N-[(2R,3R)-1-benzyl-2-methylpyrrolidin-3-yl]-5-chloro-2-methoxy-4-(methylamino)benzamide",C21H26ClN3O2
CNc1nc(Cl)c(SC)c(N2CCN(C)CC2)n1,4-chloro-N-methyl-6-(4-methylpiperazin-1-yl)-5-methylsulfanylpyrimidin-2-amine,C11H18ClN5S
CO/N=C(/C(=O)N[C@@H]1C(=O)N2C(C(=O)O)=C(CSc3nc(C)c(CC(=O)O)s3)CS[C@H]12)c1csc(N)n1,"(6R,7R)-7-[[(2E)-2-(2-amino-1,3-thiazol-4-yl)-2-methoxyiminoacetyl]amino]-3-[[5-(carboxymethyl)-4-methyl-1,3-thiazol-2-yl]sulfanylmethyl]-8-oxo-5-thia-1-azabicyclo[4.2.0]oct-2-ene-2-carboxylic acid",C20H20N6O7S4
CO/N=C(\C(=O)NC1C(=O)N(OCC(=O)O)[C@H]1C)c1csc(N)n1,"2-[(2S)-3-[[(2Z)-2-(2-amino-1,3-thiazol-4-yl)-2-methoxyiminoacetyl]amino]-2-methyl-4-oxoazetidin-1-yl]oxyacetic acid",C12H15N5O6S
CO/N=C(\C(=O)NC1C(=O)N2C(C(=O)O)=C(/C=C\c3scnc3C)CS[C@H]12)c1csc(N)n1,"(6R)-7-[[(2Z)-2-(2-amino-1,3-thiazol-4-yl)-2-methoxyiminoacetyl]amino]-3-[(Z)-2-(4-methyl-1,3-thiazol-5-yl)ethenyl]-8-oxo-5-thia-1-azabicyclo[4.2.0]oct-2-ene-2-carboxylic acid",C19H18N6O5S3
CO/N=C(\C(=O)N[C@@H]1C(=O)N(OCC(=O)OCC(=O)OC(C)(C)C)[C@H]1C)c1csc(N)n1,"tert-butyl 2-[2-[(2S,3S)-3-[[(2Z)-2-(2-amino-1,3-thiazol-4-yl)-2-methoxyiminoacetyl]amino]-2-methyl-4-oxoazetidin-1-yl]oxyacetyl]oxyacetate",C18H25N5O8S
CO/N=C(\C(=O)N[C@@H]1C(=O)N2C(C(=O)O)=C(/C=C/Sc3n[nH]c(=O)c(=O)n3CC=O)CS[C@H]12)c1csc(N)n1,"(6R,7R)-7-[[(2Z)-2-(2-amino-1,3-thiazol-4-yl)-2-methoxyiminoacetyl]amino]-3-[(E)-2-[[5,6-dioxo-4-(2-oxoethyl)-1H-1,2,4-triazin-3-yl]sulfanyl]ethenyl]-8-oxo-5-thia-1-azabicyclo[4.2.0]oct-2-ene-2-carboxylic acid",C20H18N8O8S3
CO/N=C(\C(=O)N[C@@H]1C(=O)N2C(C(=O)O)=C(C)CS[C@H]12)c1csc(N)n1,"(6R,7R)-7-[[(2Z)-2-(2-amino-1,3-thiazol-4-yl)-2-methoxyiminoacetyl]amino]-3-methyl-8-oxo-5-thia-1-azabicyclo[4.2.0]oct-2-ene-2-carboxylic acid",C14H15N5O5S2
CO/N=C(\C(=O)N[C@@H]1C(=O)N2C(C(=O)O)=C(COC(C)=O)CS(=O)[C@H]12)c1csc(N)n1,"(6R,7R)-3-(acetyloxymethyl)-7-[[(2Z)-2-(2-amino-1,3-thiazol-4-yl)-2-methoxyiminoacetyl]amino]-5,8-dioxo-5lambda4-thia-1-azabicyclo[4.2.0]oct-2-ene-2-carboxylic acid",C16H17N5O8S2
CO/N=C(\C(=O)N[C@@H]1C(=O)N2C(C(=O)O)=C(COC(C)=O)CS[C@H]12)c1ccco1,"(6R,7R)-3-(acetyloxymethyl)-7-[[(2Z)-2-(furan-2-yl)-2-methoxyiminoacetyl]amino]-8-oxo-5-thia-1-azabicyclo[4.2.0]oct-2-ene-2-carboxylic acid",C17H17N3O8S
CO/N=C(\C(=O)N[C@@H]1C(=O)N2C(C(=O)O)=C(COC(N)=O)CS[C@H]12)c1ccco1,"(6R,7R)-3-(carbamoyloxymethyl)-7-[[(2Z)-2-(furan-2-yl)-2-methoxyiminoacetyl]amino]-8-oxo-5-thia-1-azabicyclo[4.2.0]oct-2-ene-2-carboxylic acid",C16H16N4O8S
CO/N=C(\C(=O)N[C@@H]1C(=O)N2C(C(=O)O)=C(CSC(=O)c3ccco3)CS[C@H]12)c1csc(N)n1,"(6R,7R)-7-[[(2Z)-2-(2-amino-1,3-thiazol-4-yl)-2-methoxyiminoacetyl]amino]-3-(furan-2-carbonylsulfanylmethyl)-8-oxo-5-thia-1-azabicyclo[4.2.0]oct-2-ene-2-carboxylic acid",C19H17N5O7S3
CO/N=C(\C(=O)N[C@@H]1C(=O)N2C(C(=O)O)=C(CSc3cnns3)CS[C@H]12)c1csc(N)n1,"(6R,7R)-7-[[(2Z)-2-(2-amino-1,3-thiazol-4-yl)-2-methoxyiminoacetyl]amino]-8-oxo-3-(thiadiazol-5-ylsulfanylmethyl)-5-thia-1-azabicyclo[4.2.0]oct-2-ene-2-carboxylic acid",C16H15N7O5S4
CO/N=C(\C(=O)N[C@@H]1C(=O)N2C(C(=O)O)=C(CSc3nnnn3C)CS[C@H]12)c1csc(N)n1,"(6R,7R)-7-[[(2Z)-2-(2-amino-1,3-thiazol-4-yl)-2-methoxyiminoacetyl]amino]-3-[(1-methyltetrazol-5-yl)sulfanylmethyl]-8-oxo-5-thia-1-azabicyclo[4.2.0]oct-2-ene-2-carboxylic acid",C16H17N9O5S3
CO/N=C(\C(=O)N[C@@H]1C(=O)N2C(C(=O)O)=C(CSc3nc(=O)c(=O)[nH]n3C)CS[C@H]12)c1csc(N)n1,"(6R,7R)-7-[[(2Z)-2-(2-amino-1,3-thiazol-4-yl)-2-methoxyiminoacetyl]amino]-3-[(2-methyl-5,6-dioxo-1H-1,2,4-triazin-3-yl)sulfanylmethyl]-8-oxo-5-thia-1-azabicyclo[4.2.0]oct-2-ene-2-carboxylic acid",C18H18N8O7S3
CO/N=C(\C(=O)N[C@@H]1C(=O)N2C(C(=O)O)=C(Cn3nnc(C)n3)CS[C@H]12)c1csc(N)n1,"(6R,7R)-7-[[(2Z)-2-(2-amino-1,3-thiazol-4-yl)-2-methoxyiminoacetyl]amino]-3-[(5-methyltetrazol-2-yl)methyl]-8-oxo-5-thia-1-azabicyclo[4.2.0]oct-2-ene-2-carboxylic acid",C16H17N9O5S2
CO/N=C(\C(=O)N[C@@H]1C(=O)N2C(C(=O)O)=CCS[C@H]12)c1csc(N)n1,"(6R,7R)-7-[[(2Z)-2-(2-amino-1,3-thiazol-4-yl)-2-methoxyiminoacetyl]amino]-8-oxo-5-thia-1-azabicyclo[4.2.0]oct-2-ene-2-carboxylic acid",C13H13N5O5S2
CO/N=C(\C(=O)N[C@@H]1C(=O)N2C(C(=O)OC(C)OC(C)=O)=C(COC(N)=O)CS[C@H]12)c1ccco1,"1-acetyloxyethyl (6R,7R)-3-(carbamoyloxymethyl)-7-[[(2Z)-2-(furan-2-yl)-2-methoxyiminoacetyl]amino]-8-oxo-5-thia-1-azabicyclo[4.2.0]oct-2-ene-2-carboxylate",C20H22N4O10S
CO/N=C(\C(=O)N[C@H]1C(=O)N2C(C(=O)[O-])=C(COC(C)=O)CS[C@@H]12)c1csc(N)n1.[Na+],"sodium (6S,7S)-3-(acetyloxymethyl)-7-[[(2Z)-2-(2-amino-1,3-thiazol-4-yl)-2-methoxyiminoacetyl]amino]-8-oxo-5-thia-1-azabicyclo[4.2.0]oct-2-ene-2-carboxylate",C16H16N5NaO7S2
CO/N=C/C1=CCCN(C)C1,"(E)-N-methoxy-1-(1-methyl-3,6-dihydro-2H-pyridin-5-yl)methanimine",C8H14N2O
COC(=O)C1=C(C)NC(C)=C(C(=O)OC)C1c1ccccc1[N+](=O)[O-],"dimethyl 2,6-dimethyl-4-(2-nitrophenyl)-1,4-dihydropyridine-3,5-dicarboxylate",C17H18N2O6
COC(=O)C(c1ccccc1)C1CCCCN1,methyl 2-phenyl-2-piperidin-2-ylacetate,C14H19NO2
COC(=O)C1=C(C)NC(C)=C(C(=O)OCCN(C)Cc2ccccc2)C1c1cccc([N+](=O)[O-])c1,"5-O-[2-[benzyl(methyl)amino]ethyl] 3-O-methyl 2,6-dimethyl-4-(3-nitrophenyl)-1,4-dihydropyridine-3,5-dicarboxylate",C26H29N3O6
COC(=O)C1=CCCN(C)C1,"methyl 1-methyl-3,6-dihydro-2H-pyridine-5-carboxylate",C8H13NO2
COC(=O)C1C2CC3c4[nH]c5cc(OC)ccc5c4CCN3CC2CC(OC)C1OC,"methyl 6,17,18-trimethoxy-1,3,11,12,14,15,16,17,18,19,20,21-dodecahydroyohimban-19-carboxylate",C24H32N2O5
COC(=O)N1CCN(C(=O)Cc2ccc(Cl)c(Cl)c2)[C@@H](CN2CCCC2)C1,"methyl (3S)-4-[2-(3,4-dichlorophenyl)acetyl]-3-(pyrrolidin-1-ylmethyl)piperazine-1-carboxylate",C19H25Cl2N3O3
COC(=O)[C@@H]1C2CCC(C[C@@H]1OC(=O)c1ccccc1)N2C,"methyl (2R,3S)-3-benzoyloxy-8-methyl-8-azabicyclo[3.2.1]octane-2-carboxylate",C17H21NO4
COC(=O)[C@@]1(O)CC[C@H]2C3CCC(=O)C4C(=O)C=CC4(C)[C@H]3C(O)CC21C,"methyl (1S,11S,14R)-14,17-dihydroxy-2,15-dimethyl-5,7-dioxotetracyclo[8.7.0.02,6.011,15]heptadec-3-ene-14-carboxylate",C21H28O6
COC(=O)[C@H]1[C@@H](O)CC[C@H]2CN3CCc4c([nH]c5ccccc45)[C@@H]3C[C@@H]21,"methyl (1S,15R,18S,19R,20S)-18-hydroxy-1,3,11,12,14,15,16,17,18,19,20,21-dodecahydroyohimban-19-carboxylate",C21H26N2O3
COC(=O)[C@H]1[C@H]2C[C@@H]3c4[nH]c5cc(OC)ccc5c4CCN3C[C@H]2C[C@@H](OC(=O)c2cc(OC)c(OC)c(OC)c2)[C@@H]1OC,"methyl (1R,15S,17R,18R,19S,20S)-6,18-dimethoxy-17-(3,4,5-trimethoxybenzoyl)oxy-1,3,11,12,14,15,16,17,18,19,20,21-dodecahydroyohimban-19-carboxylate",C33H40N2O9
COC(=O)[C@H]1[C@H]2C[C@@H]3c4[nH]c5cc(OC)ccc5c4CCN3C[C@H]2C[C@@H](OC(=O)/C=C/c2cc(OC)c(OC)c(OC)c2)[C@@H]1OC,"methyl (1R,15S,17R,18R,19S,20S)-6,18-dimethoxy-17-[(E)-3-(3,4,5-trimethoxyphenyl)prop-2-enoyl]oxy-1,3,11,12,14,15,16,17,18,19,20,21-dodecahydroyohimban-19-carboxylate",C35H42N2O9
COC(=O)[C@H]1[C@H]2C[C@@H]3c4[nH]c5ccc(Cl)cc5c4CCN3C[C@H]2C[C@@H](OC(=O)c2cc(OC)c(OC)c(OC)c2)[C@@H]1OC,"methyl (1R,15S,17R,18R,19S,20S)-7-chloro-18-methoxy-17-(3,4,5-trimethoxybenzoyl)oxy-1,3,11,12,14,15,16,17,18,19,20,21-dodecahydroyohimban-19-carboxylate",C32H37ClN2O8
COC(=O)[C@H]1[C@H]2C[C@@H]3c4[nH]c5ccccc5c4CCN3C[C@H]2C[C@@H](OC(=O)c2cc(OC)c(OC)c(OC)c2)[C@@H]1OC,"methyl (1R,15S,17R,18R,19S,20S)-18-methoxy-17-(3,4,5-trimethoxybenzoyl)oxy-1,3,11,12,14,15,16,17,18,19,20,21-dodecahydroyohimban-19-carboxylate",C32H38N2O8
COC(=O)c1ccc(C(=O)OC)cc1,"dimethyl benzene-1,4-dicarboxylate",C10H10O4
COC(=O)c1cncn1C(C)c1ccccc1,methyl 3-(1-phenylethyl)imidazole-4-carboxylate,C13H14N2O2
COC(C(=O)N[C@@H]1C(=O)N2[C@@H](C(=O)O)C(C)(C)S[C@H]12)c1ccc(Cl)c(Cl)c1,"(2S,5R,6R)-6-[[2-(3,4-dichlorophenyl)-2-methoxyacetyl]amino]-3,3-dimethyl-7-oxo-4-thia-1-azabicyclo[3.2.0]heptane-2-carboxylic acid",C17H18Cl2N2O5S
COC(F)(F)C(Cl)Cl,"2,2-dichloro-1,1-difluoro-1-methoxyethane",C3H4Cl2F2O
COC(F)(F)C(F)Br,"2-bromo-1,1,2-trifluoro-1-methoxyethane",C3H4BrF3O
COC1(F)C(F)(F)C1(F)Cl,"1-chloro-1,2,2,3-tetrafluoro-3-methoxycyclopropane",C4H3ClF4O
COC(OC)C(=O)[C@@]12OC(C)(C)O[C@@H]1CC1C3C[C@H](F)C4=CC(=O)C=CC4(C)[C@@]3(F)C(O)CC12C,"(4R,8S,12R,19S)-8-(2,2-dimethoxyacetyl)-12,19-difluoro-11-hydroxy-6,6,9,13-tetramethyl-5,7-dioxapentacyclo[10.8.0.02,9.04,8.013,18]icosa-14,17-dien-16-one",C26H34F2O7
COC12C=CC3(CC1C(C)(C)O)[C@@H]1Cc4ccc(O)c5c4[C@]3(CCN1CC1CC1)[C@@H]2O5,"(2R,6S,14S)-5-(cyclopropylmethyl)-19-(2-hydroxypropan-2-yl)-15-methoxy-13-oxa-5-azahexacyclo[13.2.2.12,8.01,6.02,14.012,20]icosa-8(20),9,11,16-tetraen-11-ol",C26H33NO4
COC1=C(C(=O)O)N2C(=O)C(NC(=O)C(N)C3C=CCC=C3)C2SC1,"7-[(2-amino-2-cyclohexa-2,5-dien-1-ylacetyl)amino]-3-methoxy-8-oxo-5-thia-1-azabicyclo[4.2.0]oct-2-ene-2-carboxylic acid",C16H19N3O5S
COC1=CC(=O)OC1C(O)c1ccccc1Cl,2-[(2-chlorophenyl)-hydroxymethyl]-3-methoxy-2H-furan-5-one,C12H11ClO4
COC1=CC=C2[C@H]3Cc4ccc(OC)c5c4[C@@]2(CCN3C)[C@H]1O5,"(4R,7aR,12bS)-7,9-dimethoxy-3-methyl-2,4,7a,13-tetrahydro-1H-4,12-methanobenzofuro[3,2-e]isoquinoline",C19H21NO3
COC1C(O)CC(=O)OC(C)C/C=C/C=C/C(OC2CCC(N(C)C)C(C)O2)C(C)CC(CC=O)C1OC1OC(C)C(OC2CC(C)(O)C(O)C(C)O2)C(N(C)C)C1O,"2-[(11E,13E)-6-[5-(4,5-dihydroxy-4,6-dimethyloxan-2-yl)oxy-4-(dimethylamino)-3-hydroxy-6-methyloxan-2-yl]oxy-10-[5-(dimethylamino)-6-methyloxan-2-yl]oxy-4-hydroxy-5-methoxy-9,16-dimethyl-2-oxo-1-oxacyclohexadeca-11,13-dien-7-yl]acetaldehyde",C43H74N2O14
COC1C=COC2(C)Oc3c(C)c(O)c4c(O)c(c(C=NN5CCN(C)CC5)c(O)c4c3C2=O)NC(=O)C(C)=CC=CC(C)C(O)C(C)C(O)C(C)C(OC(C)=O)C1C,"[2,15,17,27,29-pentahydroxy-11-methoxy-3,7,12,14,16,18,22-heptamethyl-26-[(4-methylpiperazin-1-yl)iminomethyl]-6,23-dioxo-8,30-dioxa-24-azatetracyclo[23.3.1.14,7.05,28]triaconta-1(29),2,4,9,19,21,25,27-octaen-13-yl] acetate",C43H58N4O12
COC1C=COC2(C)Oc3c(C)c(O)c4c(c3C2=O)C(=O)C(=CNN2CCN(C)CC2)C(=C4O)NC(=O)C(C)=CC=CC(C)C(O)C(C)C(O)C(C)C(OC(C)=O)C1C,"[2,15,17,27,29-pentahydroxy-11-methoxy-3,7,12,14,16,18,22-heptamethyl-26-[(4-methylpiperazin-1-yl)iminomethyl]-6,23-dioxo-8,30-dioxa-24-azatetracyclo[23.3.1.14,7.05,28]triaconta-1(29),2,4,9,19,21,25,27-octaen-13-yl] acetate",C43H58N4O12
COC1CC(O[C@@H]2[C@@H](C)C(=O)O[C@H](C)[C@H](C)[C@H](O)[C@@H](C)C(=O)[C@@]3(CO3)C[C@H](C)[C@H](OC3OC(C)CC(N(C)C)C3O)[C@H]2C)OC(C)C1O,"(3S,5S,6S,7R,8S,9R,12R,13R,14S,15R)-6-[4-(dimethylamino)-3-hydroxy-6-methyloxan-2-yl]oxy-14-hydroxy-8-(5-hydroxy-4-methoxy-6-methyloxan-2-yl)oxy-5,7,9,12,13,15-hexamethyl-1,11-dioxaspiro[2.13]hexadecane-10,16-dione",C35H61NO12
COC1CCCC2C1=C(C(=O)[O-])N1C(=O)C(C(C)O)C21,"1-(1-hydroxyethyl)-5-methoxy-2-oxo-5,6,7,8,8a,8b-hexahydro-1H-azeto[1,2-b]isoindole-4-carboxylate",C14H18NO5-
COCC(=O)N(c1ccccc1F)C1CCN(CCc2ccccc2)CC1,N-(2-fluorophenyl)-2-methoxy-N-[1-(2-phenylethyl)piperidin-4-yl]acetamide,C22H27FN2O2
COCC(=O)O[C@]1(CCN(C)CCCc2nc3ccccc3[nH]2)CCc2cc(F)ccc2[C@@H]1C(C)C,"[(1S,2S)-2-[2-[3-(1H-benzimidazol-2-yl)propyl-methylamino]ethyl]-6-fluoro-1-propan-2-yl-3,4-dihydro-1H-naphthalen-2-yl] 2-methoxyacetate",C29H38FN3O3
COCC1=C(C(=O)O)N2C(=O)[C@@H](NC(=O)/C(=N\O)c3csc(N)n3)[C@H]2SC1,"(6R,7R)-7-[[(2Z)-2-(2-amino-1,3-thiazol-4-yl)-2-hydroxyiminoacetyl]amino]-3-(methoxymethyl)-8-oxo-5-thia-1-azabicyclo[4.2.0]oct-2-ene-2-carboxylic acid",C14H15N5O6S2
COCC1=C(C(=O)[O-])N2C(=O)[C@@H](NC(=O)/C(=N\OC)c3csc(N)n3)[C@H]2SC1.[Na+],"sodium (6R,7R)-7-[[(2Z)-2-(2-amino-1,3-thiazol-4-yl)-2-methoxyiminoacetyl]amino]-3-(methoxymethyl)-8-oxo-5-thia-1-azabicyclo[4.2.0]oct-2-ene-2-carboxylate",C15H16N5NaO6S2
COCC1CN(c2ccc(OCc3cccc(C#N)c3)cc2)C(=O)O1,"3-[[4-[5-(methoxymethyl)-2-oxo-1,3-oxazolidin-3-yl]phenoxy]methyl]benzonitrile",C19H18N2O4
COCC1CN=C(c2ccccc2Cl)c2cc(Br)ccc2N1C,"7-bromo-5-(2-chlorophenyl)-2-(methoxymethyl)-1-methyl-2,3-dihydro-1,4-benzodiazepine",C18H18BrClN2O
COCCCC(=O)OC(C)OC(=O)C1=C(COC(N)=O)CS[C@@H]2[C@H](NC(=O)/C(=N\OC)c3ccco3)C(=O)N12,"1-(4-methoxybutanoyloxy)ethyl (6R,7R)-3-(carbamoyloxymethyl)-7-[[(2Z)-2-(furan-2-yl)-2-methoxyiminoacetyl]amino]-8-oxo-5-thia-1-azabicyclo[4.2.0]oct-2-ene-2-carboxylate",C23H28N4O11S
COCCCC/C(=N\OCCN)c1ccc(C(F)(F)F)cc1.O=C(O)/C=C\C(=O)O,(Z)-but-2-enedioic acid;2-[(E)-[5-methoxy-1-[4-(trifluoromethyl)phenyl]pentylidene]amino]oxyethanamine,C19H25F3N2O6
COCCCC/C(=N\OCCN)c1ccc(Cl)cc1,2-[(E)-[1-(4-chlorophenyl)-5-methoxypentylidene]amino]oxyethanamine,C14H21ClN2O2
COCCN1CC[C@]23c4c5ccc(O)c4O[C@H]2C(=O)CC[C@@]3(O)[C@H]1C5,"(4R,4aS,7aR,12bS)-4a,9-dihydroxy-3-(2-methoxyethyl)-2,4,5,6,7a,13-hexahydro-1H-4,12-methanobenzofuro[3,2-e]isoquinolin-7-one",C19H23NO5
COCCc1ccc(OCC(O)CNC(C)C)cc1,1-[4-(2-methoxyethyl)phenoxy]-3-(propan-2-ylamino)propan-2-ol,C15H25NO3
COCN1C(=O)CN=C(c2ccccc2)c2cc([N+](=O)[O-])ccc21,"1-(methoxymethyl)-7-nitro-5-phenyl-3H-1,4-benzodiazepin-2-one",C17H15N3O4
COCOC(=O)C1N2C(=O)C(N3C(=O)C(c4ccc(O)cc4)NC3(C)C)C2SC1(C)C,"methoxymethyl 6-[4-(4-hydroxyphenyl)-2,2-dimethyl-5-oxoimidazolidin-1-yl]-3,3-dimethyl-7-oxo-4-thia-1-azabicyclo[3.2.0]heptane-2-carboxylate",C21H27N3O6S
COCOC(=O)[C@@H]1N2C(=O)[C@@H](N3C(=O)C(c4ccccc4)NC3(C)C)[C@H]2SC1(C)C,"methoxymethyl (2S,5R,6R)-6-(2,2-dimethyl-5-oxo-4-phenylimidazolidin-1-yl)-3,3-dimethyl-7-oxo-4-thia-1-azabicyclo[3.2.0]heptane-2-carboxylate",C21H27N3O5S
COC[C@H]1CN(c2ccc(OCC[C@@H](O)C(F)(F)F)cc2)C(=O)O1,"(5R)-5-(methoxymethyl)-3-[4-[(3R)-4,4,4-trifluoro-3-hydroxybutoxy]phenyl]-1,3-oxazolidin-2-one",C15H18F3NO5
COCc1c(C(=O)OC(C)C)ncc2[nH]c3cccc(Oc4ccc(Cl)cc4)c3c12,"propan-2-yl 5-(4-chlorophenoxy)-4-(methoxymethyl)-9H-pyrido[3,4-b]indole-3-carboxylate",C23H21ClN2O4
COCc1c(C(C)C)nc(C(C)C)c(/C=C/[C@@H](O)C[C@@H](O)CC(=O)O)c1-c1ccc(F)cc1,"(E,3R,5S)-7-[4-(4-fluorophenyl)-5-(methoxymethyl)-2,6-di(propan-2-yl)-3-pyridinyl]-3,5-dihydroxyhept-6-enoic acid",C26H34FNO5
CON=C(C#N)C1CN2CCC1CC2,N-methoxy-1-azabicyclo[2.2.2]octane-3-carboximidoyl cyanide,C10H15N3O
CO[C@@H]1[C@@H](OC(N)=O)[C@@H](O)[C@H](Oc2ccc3c(=O)c(NC(=O)c4ccc(O)c(CC=C(C)C)c4)c(O)oc3c2C)OC1(C)C,"[(3R,4S,5R,6R)-5-hydroxy-6-[4-hydroxy-3-[[4-hydroxy-3-(3-methylbut-2-enyl)benzoyl]amino]-8-methyl-2-oxochromen-7-yl]oxy-3-methoxy-2,2-dimethyloxan-4-yl] carbamate",C31H36N2O11
CO[C@@H]1O[C@H]2O[C@]3(CN4CCCCC4)[C@@H](O)C[C@@H]([C@H]13)[C@H]2C,"(1R,3R,4S,6R,7S,8R,10R)-8-methoxy-10-methyl-3-(piperidin-1-ylmethyl)-2,9-dioxatricyclo[4.3.1.03,7]decan-4-ol",C16H27NO4
CO[C@@H]1[C@@H](O[C@@H]2O[C@H](C)[C@@H](O[C@H]3C[C@@](C)(O)[C@@H](OC(=O)CC(C)C)[C@H](C)O3)[C@H](N(C)C)[C@H]2O)[C@@H](CC=O)C[C@@H](C)[C@@H](O)/C=C/C=C/C[C@@H](C)OC(=O)C[C@H]1OC(C)=O,"[(2S,3S,4R,6S)-6-[(2R,3S,4R,5R,6S)-6-[[(4R,5S,6S,7R,9R,10R,11E,13E,16R)-4-acetyloxy-10-hydroxy-5-methoxy-9,16-dimethyl-2-oxo-7-(2-oxoethyl)-1-oxacyclohexadeca-11,13-dien-6-yl]oxy]-4-(dimethylamino)-5-hydroxy-2-methyloxan-3-yl]oxy-4-hydroxy-2,4-dimethyloxan-3-yl] 3-methylbutanoate",C42H69NO15
CO[C@@]1(NC(=O)C(C(=O)O)c2ccc(O)cc2)C(=O)N2C(C(=O)O)=C(CSc3nnnn3C)CO[C@@H]21,"(6R,7R)-7-[[2-carboxy-2-(4-hydroxyphenyl)acetyl]amino]-7-methoxy-3-[(1-methyltetrazol-5-yl)sulfanylmethyl]-8-oxo-5-oxa-1-azabicyclo[4.2.0]oct-2-ene-2-carboxylic acid",C20H20N6O9S
CO[C@@]1(NC(=O)C(C(=O)O)c2ccsc2)C(=O)N2[C@@H](C(=O)O)C(C)(C)S[C@@H]21,"(2S,5R,6S)-6-[(2-carboxy-2-thiophen-3-ylacetyl)amino]-6-methoxy-3,3-dimethyl-7-oxo-4-thia-1-azabicyclo[3.2.0]heptane-2-carboxylic acid",C16H18N2O7S2
CO[C@@]1(NC(=O)C2SC(=C(C(N)=O)C(=O)O)S2)C(=O)N2C(C(=O)O)=C(CSc3nnnn3C)CS[C@@H]21,"(6R,7S)-7-[[4-(2-amino-1-carboxy-2-oxoethylidene)-1,3-dithietane-2-carbonyl]amino]-7-methoxy-3-[(1-methyltetrazol-5-yl)sulfanylmethyl]-8-oxo-5-thia-1-azabicyclo[4.2.0]oct-2-ene-2-carboxylic acid",C17H17N7O8S4
CO[C@@]1(NC(=O)CSC(F)(F)F)C(=O)N2C(C(=O)O)=C(CSc3nnnn3CCO)CO[C@@H]21.[Na],,C15H17F3N6NaO7S2
CO[C@@]1(NC(=O)CSCC#N)C(=O)N2C(C(=O)O)=C(CSc3nnnn3C)CS[C@@H]21,"(6R,7S)-7-[[2-(cyanomethylsulfanyl)acetyl]amino]-7-methoxy-3-[(1-methyltetrazol-5-yl)sulfanylmethyl]-8-oxo-5-thia-1-azabicyclo[4.2.0]oct-2-ene-2-carboxylic acid",C15H17N7O5S3
CO[C@@]1(NC(=O)CSC[C@@H](N)C(=O)O)C(=O)N2C(C(=O)O)=C(CSc3nnnn3C)CS[C@@H]21,"(6R,7S)-7-[[2-[(2S)-2-amino-2-carboxyethyl]sulfanylacetyl]amino]-7-methoxy-3-[(1-methyltetrazol-5-yl)sulfanylmethyl]-8-oxo-5-thia-1-azabicyclo[4.2.0]oct-2-ene-2-carboxylic acid",C16H21N7O7S3
CO[C@@]1(NC(=O)Cc2cccs2)C(=O)N2C(C(=O)O)=C(COC(N)=O)CS[C@@H]21,"(6R,7S)-3-(carbamoyloxymethyl)-7-methoxy-8-oxo-7-[(2-thiophen-2-ylacetyl)amino]-5-thia-1-azabicyclo[4.2.0]oct-2-ene-2-carboxylic acid",C16H17N3O7S2
CO[C@@]12[C@H](COC(N)=O)C3=C(C(=O)C(C)=C(N)C3=O)N1C[C@@H]1N[C@@H]12,"[(4S,6S,7R,8S)-11-amino-7-methoxy-12-methyl-10,13-dioxo-2,5-diazatetracyclo[7.4.0.02,7.04,6]trideca-1(9),11-dien-8-yl]methyl carbamate",C15H18N4O5
CO[C@H](C(=O)[C@@H](O)[C@@H](C)O)[C@@H]1Cc2cc3cc(O[C@H]4C[C@@H](O[C@H]5C[C@@H](O)[C@H](O)[C@@H](C)O5)[C@H](O)[C@@H](C)O4)c(C)c(O)c3c(O)c2C(=O)[C@H]1O[C@H]1C[C@@H](O[C@H]2C[C@@H](O[C@H]3C[C@](C)(O)[C@H](O)[C@@H](C)O3)[C@H](O)[C@@H](C)O2)[C@H](O)[C@@H](C)O1,"(2S,3S)-2-[(2S,4R,5R,6R)-4-[(2S,4R,5R,6R)-4-[(2S,4S,5R,6R)-4,5-dihydroxy-4,6-dimethyloxan-2-yl]oxy-5-hydroxy-6-methyloxan-2-yl]oxy-5-hydroxy-6-methyloxan-2-yl]oxy-3-[(1S,3S,4R)-3,4-dihydroxy-1-methoxy-2-oxopentyl]-6-[(2S,4R,5R,6R)-4-[(2S,4R,5S,6R)-4,5-dihydroxy-6-methyloxan-2-yl]oxy-5-hydroxy-6-methyloxan-2-yl]oxy-8,9-dihydroxy-7-methyl-3,4-dihydro-2H-anthracen-1-one",C52H76O24
CO[C@H]1/C=C/O[C@@]2(C)Oc3c(C)c(O)c4c(O)c(cc(O)c4c3C2=O)NC(=O)/C(C)=C\C=C\[C@H](C)[C@H](O)[C@@H](C)[C@@H](O)[C@@H](C)[C@H](OC(C)=O)[C@@H]1C,"[(7S,9E,11S,12R,13S,14R,15R,16R,17S,18S,19E,21Z)-2,15,17,27,29-pentahydroxy-11-methoxy-3,7,12,14,16,18,22-heptamethyl-6,23-dioxo-8,30-dioxa-24-azatetracyclo[23.3.1.14,7.05,28]triaconta-1(29),2,4,9,19,21,25,27-octaen-13-yl] acetate",C37H47NO12
CO[C@H]1/C=C/O[C@@]2(C)Oc3c(C)c(O)c4c(O)c(c5c(nc6cc(C)ccn65)c4c3C2=O)NC(=O)/C(C)=C\C=C\[C@H](C)[C@H](O)[C@@H](C)[C@@H](O)[C@@H](C)[C@H](OC(C)=O)[C@@H]1C,"[(7S,9E,11S,12R,13S,14R,15R,16R,17S,18S,19E,21Z)-2,15,17,36-tetrahydroxy-11-methoxy-3,7,12,14,16,18,22,30-octamethyl-6,23-dioxo-8,37-dioxa-24,27,33-triazahexacyclo[23.10.1.14,7.05,35.026,34.027,32]heptatriaconta-1(35),2,4,9,19,21,25(36),26(34),28,30,32-undecaen-13-yl] acetate",C43H51N3O11
CO[C@H]1/C=C/O[C@@]2(C)Oc3c(C)c(O)c4c(c3C2=O)C(=O)/C(=C/NN2CCN(C3CCCC3)CC2)C(=C4O)NC(=O)/C(C)=C\C=C\[C@H](C)[C@H](O)[C@@H](C)[C@@H](O)[C@@H](C)[C@H](OC(C)=O)[C@@H]1C,"[(7S,9E,11S,12R,13S,14R,15R,16R,17S,18S,19E,21Z)-26-[(4-cyclopentylpiperazin-1-yl)iminomethyl]-2,15,17,27,29-pentahydroxy-11-methoxy-3,7,12,14,16,18,22-heptamethyl-6,23-dioxo-8,30-dioxa-24-azatetracyclo[23.3.1.14,7.05,28]triaconta-1(29),2,4,9,19,21,25,27-octaen-13-yl] acetate",C47H64N4O12
CO[C@H]1/C=C/O[C@@]2(C)Oc3c(C)c(O)c4c(c3C2=O)C2=NC3(CCN(CC(C)C)CC3)NC2=C(NC(=O)/C(C)=C\C=C\[C@H](C)[C@H](O)[C@@H](C)[C@@H](O)[C@@H](C)[C@H](OC(C)=O)[C@@H]1C)C4=O,"[(7S,9E,11S,12R,13S,14R,15R,16R,17S,18S,19E,21Z)-2,15,17,32-tetrahydroxy-11-methoxy-3,7,12,14,16,18,22-heptamethyl-1'-(2-methylpropyl)-6,23-dioxospiro[8,33-dioxa-24,27,29-triazapentacyclo[23.6.1.14,7.05,31.026,30]tritriaconta-1(32),2,4,9,19,21,24,26,30-nonaene-28,4'-piperidine]-13-yl] acetate",C46H62N4O11
CO[C@H]1CC[C@H]2[C@H]3Cc4ccc(O)c5c4[C@@]2(CCN3C)[C@H]1O5,"(4R,4aR,7S,7aR,12bS)-7-methoxy-3-methyl-2,4,4a,5,6,7,7a,13-octahydro-1H-4,12-methanobenzofuro[3,2-e]isoquinolin-9-ol",C18H23NO3
CO[C@H]1C[C@H](O[C@@H]2[C@@H](C)C(=O)O[C@H](C)[C@H](C)[C@H](OC(C)=O)[C@@H](C)C(=O)[C@]3(CO3)C[C@H](C)[C@H](O[C@@H]3O[C@H](C)C[C@H](N(C)C)[C@H]3OC(C)=O)[C@H]2C)O[C@@H](C)[C@@H]1OC(C)=O,"[(3R,5S,6S,7R,8S,9R,12R,13S,14S,15R)-6-[(2S,3R,4S,6R)-3-acetyloxy-4-(dimethylamino)-6-methyloxan-2-yl]oxy-8-[(2R,4S,5S,6S)-5-acetyloxy-4-methoxy-6-methyloxan-2-yl]oxy-5,7,9,12,13,15-hexamethyl-10,16-dioxo-1,11-dioxaspiro[2.13]hexadecan-14-yl] acetate",C41H67NO15
CO[C@]12CC[C@@]3(C[C@@H]1C(C)(C)O)[C@H]1Cc4ccc(O)c5c4[C@@]3(CCN1CC1CC1)[C@H]2O5,"(1S,2S,6R,14R,15R,16R)-5-(cyclopropylmethyl)-16-(2-hydroxypropan-2-yl)-15-methoxy-13-oxa-5-azahexacyclo[13.2.2.12,8.01,6.02,14.012,20]icosa-8(20),9,11-trien-11-ol",C26H35NO4
CO[C@H]1[C@@H](O)[C@H](N)[C@@H](O[C@H]2O[C@H](C(C)N)CC[C@H]2N)[C@H](O)[C@@H]1N(C)C(=O)CN,"2-amino-N-[(1S,2R,3R,4S,5S,6R)-4-amino-3-[(2R,3R,6S)-3-amino-6-(1-aminoethyl)oxan-2-yl]oxy-2,5-dihydroxy-6-methoxycyclohexyl]-N-methylacetamide",C17H35N5O6
COc1cc(/C=C/C(=O)N2CCCCCCC2)cc(OC)c1OC,"(E)-1-(azocan-1-yl)-3-(3,4,5-trimethoxyphenyl)prop-2-en-1-one",C19H27NO4
CO[C@]12CC[C@@]3(C[C@@H]1[C@](C)(O)C(C)(C)C)[C@H]1Cc4ccc(O)c5c4[C@@]3(CCN1CC1CC1)[C@H]2O5,"(1S,2S,6R,14R,15R,16R)-5-(cyclopropylmethyl)-16-[(2S)-2-hydroxy-3,3-dimethylbutan-2-yl]-15-methoxy-13-oxa-5-azahexacyclo[13.2.2.12,8.01,6.02,14.012,20]icosa-8(20),9,11-trien-11-ol",C29H41NO4
COc1cc(/C=C/C(N)=O)cc(OC)c1OC,"(E)-3-(3,4,5-trimethoxyphenyl)prop-2-enamide",C12H15NO4
COc1cc(Br)c2oc(C3CCNCC3)cc2c1,4-(7-bromo-5-methoxy-1-benzofuran-2-yl)piperidine,C14H16BrNO2
COc1cc(C(=O)/C=C/N2CC=CC2)cc(OC)c1OC,"(E)-3-(2,5-dihydropyrrol-1-yl)-1-(3,4,5-trimethoxyphenyl)prop-2-en-1-one",C16H19NO4
COc1cc(C(=O)N2CCCCCCC2)cc(OC)c1OC,"azocan-1-yl-(3,4,5-trimethoxyphenyl)methanone",C17H25NO4
COc1cc(C(=O)N2CCOCC2)cc(OC)c1OC,"morpholin-4-yl-(3,4,5-trimethoxyphenyl)methanone",C14H19NO5
COc1cc(C(=O)OCCN2CCN(CCCN3c4ccccc4Sc4ccc(Cl)cc43)CC2)cc(OC)c1OC,"2-[4-[3-(2-chlorophenothiazin-10-yl)propyl]piperazin-1-yl]ethyl 3,4,5-trimethoxybenzoate",C31H36ClN3O5S
COc1cc(C(C)=O)ccc1OCCCN1CCC(c2noc3cc(F)ccc23)CC1,"1-[4-[3-[4-(6-fluoro-1,2-benzoxazol-3-yl)piperidin-1-yl]propoxy]-3-methoxyphenyl]ethanone",C24H27FN2O4
COc1cc(CCN)cc(OC)c1OC,"2-(3,4,5-trimethoxyphenyl)ethanamine",C11H17NO3
COc1cc(Cc2cnc(N)nc2N)cc(OC)c1OC,"5-[(3,4,5-trimethoxyphenyl)methyl]pyrimidine-2,4-diamine",C14H18N4O3
COc1cc(N)c(Cl)cc1C(=O)NC1CCN(CCCOc2ccc(F)cc2)CC1OC.O,4-amino-5-chloro-N-[1-[3-(4-fluorophenoxy)propyl]-3-methoxypiperidin-4-yl]-2-methoxybenzamide;hydrate,C23H31ClFN3O5
COc1cc(NCc2ccc3nc(N)nc(N)c3c2C)cc(OC)c1OC,"5-methyl-6-[(3,4,5-trimethoxyanilino)methyl]quinazoline-2,4-diamine",C19H23N5O3
COc1cc(N)c(Cl)cc1C(=O)NC1CCN(Cc2ccccc2)CC1,4-amino-N-(1-benzylpiperidin-4-yl)-5-chloro-2-methoxybenzamide,C20H24ClN3O2
COc1cc([C@@H]2c3cc4c(cc3[C@@H](OC3OC5COC(c6cccs6)OC5C(O)C3O)[C@H]3COC(=O)[C@H]23)OCO4)cc(OC)c1O,"(5S,5aR,8aR,9R)-5-[(7,8-dihydroxy-2-thiophen-2-yl-4,4a,6,7,8,8a-hexahydropyrano[3,2-d][1,3]dioxin-6-yl)oxy]-9-(4-hydroxy-3,5-dimethoxyphenyl)-5a,6,8a,9-tetrahydro-5H-[2]benzofuro[6,5-f][1,3]benzodioxol-8-one",C32H32O13S
COc1cc([C@@H]2c3cc4c(cc3[C@@H](O[C@@H]3O[C@@H]5CO[C@@H](C)O[C@H]5[C@H](O)[C@H]3O)C3COC(=O)[C@@H]32)OCO4)cc(OC)c1O,"(5S,8aR,9R)-5-[[(2R,4aR,6R,7R,8R,8aS)-7,8-dihydroxy-2-methyl-4,4a,6,7,8,8a-hexahydropyrano[3,2-d][1,3]dioxin-6-yl]oxy]-9-(4-hydroxy-3,5-dimethoxyphenyl)-5a,6,8a,9-tetrahydro-5H-[2]benzofuro[6,5-f][1,3]benzodioxol-8-one",C29H32O13
COc1cc2[nH]c(C)c(CCN3CCN(c4ccccc4)CC3)c2cc1OC,"5,6-dimethoxy-2-methyl-3-[2-(4-phenylpiperazin-1-yl)ethyl]-1H-indole",C23H29N3O2
COc1cc2[nH]c(C)c(CCN3CCN(c4ccccc4OC)CC3)c2cc1OC,"5,6-dimethoxy-3-[2-[4-(2-methoxyphenyl)piperazin-1-yl]ethyl]-2-methyl-1H-indole",C24H31N3O3
COc1cc2c(c(CN[C@@H]3CCCN[C@H]3c3ccccc3)c1)OCC2,,C21H26N2O2
COc1cc2c(c(OC)c1OC)-c1ccc(OC)c(=O)cc1C(NC(C)=O)CC2,"N-(1,2,3,10-tetramethoxy-9-oxo-6,7-dihydro-5H-benzo[a]heptalen-7-yl)acetamide",C22H25NO6
COc1cc2c(c(OC)c1OC)-c1ccc(OC)c(=O)cc1[C@@H](NC(C)=O)CC2,"N-[(7S)-1,2,3,10-tetramethoxy-9-oxo-6,7-dihydro-5H-benzo[a]heptalen-7-yl]acetamide",C22H25NO6
COc1cc2c(cc1OC)C(=O)C(CC1CCN(Cc3ccccc3)CC1)C2.[Cl-].[H+],"2-[(1-benzylpiperidin-4-yl)methyl]-5,6-dimethoxy-2,3-dihydroinden-1-one;hydron;chloride",C24H30ClNO3
COc1cc2c(cc1OC)C(c1ccc(N)cc1)=NN=C(C)C2,"4-(7,8-dimethoxy-4-methyl-5H-2,3-benzodiazepin-1-yl)aniline",C18H19N3O2
COc1cc2c(cc1OC)C(c1cccc(Cl)c1)=NN=C(C)C2,"1-(3-chlorophenyl)-7,8-dimethoxy-4-methyl-5H-2,3-benzodiazepine",C18H17ClN2O2
COc1cc2c(cc1OC)C1CC(=O)C(CC(C)C)CN1CC2,"9,10-dimethoxy-3-(2-methylpropyl)-1,3,4,6,7,11b-hexahydrobenzo[a]quinolizin-2-one",C19H27NO3
COc1cc2c(cc1OC)S(=O)(=O)OC(C(=O)NC(C)CC(C)(C)N(C)C)C2,"N-[4-(dimethylamino)-4-methylpentan-2-yl]-6,7-dimethoxy-1,1-dioxo-3,4-dihydro-2,1lambda6-benzoxathiine-3-carboxamide",C19H30N2O6S
COc1cc2c3c(c1O)C1(C=CC(=O)C=C1)CC3N(C)CC2,"11-hydroxy-10-methoxy-5-methylspiro[5-azatricyclo[6.3.1.04,12]dodeca-1(12),8,10-triene-2,4'-cyclohexa-2,5-diene]-1'-one",C18H19NO3
COc1cc2c(cc1OC)[C@@H](c1ccccc1)CN(C)CC2,"(5R)-7,8-dimethoxy-3-methyl-5-phenyl-1,2,4,5-tetrahydro-3-benzazepine",C19H23NO2
COc1ccc(-c2cc(=O)c3c(O)cc(O[C@@H]4O[C@H](CO[C@@H]5O[C@@H](C)[C@H](O)[C@@H](O)[C@H]5O)[C@@H](O)[C@H](O)[C@H]4O)cc3o2)cc1O,"5-hydroxy-2-(3-hydroxy-4-methoxyphenyl)-7-[(2S,3R,4S,5S,6R)-3,4,5-trihydroxy-6-[[(2R,3R,4R,5R,6S)-3,4,5-trihydroxy-6-methyloxan-2-yl]oxymethyl]oxan-2-yl]oxychromen-4-one",C28H32O15
COc1cc2oc(=O)c(C)c(C)c2cc1OCCCN1CCN(c2ccccc2OC)CC1,"7-methoxy-6-[3-[4-(2-methoxyphenyl)piperazin-1-yl]propoxy]-3,4-dimethylchromen-2-one",C26H32N2O5
COc1ccc(C(=O)N2CCCC2=O)cc1,1-(4-methoxybenzoyl)pyrrolidin-2-one,C12H13NO3
COc1ccc(C#N)cc1C(=O)NCCN1CCC(C(=O)c2ccc(F)cc2)CC1,5-cyano-N-[2-[4-(4-fluorobenzoyl)piperidin-1-yl]ethyl]-2-methoxybenzamide,C23H24FN3O3
COc1ccc(C(O)CN2CCN(C(c3ccccc3)c3ccccc3)CC2)cc1OC,"2-(4-benzhydrylpiperazin-1-yl)-1-(3,4-dimethoxyphenyl)ethanol",C27H32N2O3
COc1ccc(C(CN(C)C)C2(O)CCCCC2)cc1,1-[2-(dimethylamino)-1-(4-methoxyphenyl)ethyl]cyclohexan-1-ol,C17H27NO2
COc1ccc(C2CNC(=O)C2)cc1OC1CCCC1,4-(3-cyclopentyloxy-4-methoxyphenyl)pyrrolidin-2-one,C16H21NO3
COc1ccc(CC(=O)N2CCN(C(C)=O)C[C@@H]2CN2CC[C@@H](O)C2)cc1,1-[(2S)-4-acetyl-2-[[(3R)-3-hydroxypyrrolidin-1-yl]methyl]piperazin-1-yl]-2-(4-methoxyphenyl)ethanone,C20H29N3O4
COc1ccc(CCN(C)CCCC(C#N)(c2ccc(OC)c(OC)c2)C(C)C)cc1OC,"2-(3,4-dimethoxyphenyl)-5-[2-(3,4-dimethoxyphenyl)ethyl-methylamino]-2-propan-2-ylpentanenitrile",C27H38N2O4
COc1ccc(CCN2CCC(Nc3nc4ccccc4n3Cc3ccc(F)cc3)CC2)cc1,1-[(4-fluorophenyl)methyl]-N-[1-[2-(4-methoxyphenyl)ethyl]piperidin-4-yl]benzimidazol-2-amine,C28H31FN4O
COc1ccc(CCN2CCN(c3cccc(Cl)c3)CC2)cc1OC,"1-(3-chlorophenyl)-4-[2-(3,4-dimethoxyphenyl)ethyl]piperazine",C20H25ClN2O2
COc1ccc(CN(CCN(C)C)c2ccccn2)cc1,"N'-[(4-methoxyphenyl)methyl]-N,N-dimethyl-N'-pyridin-2-ylethane-1,2-diamine",C17H23N3O
COc1ccc(C[C@H](N)C(=O)NC2[C@@H](CO)O[C@@H](n3cnc4c(N(C)C)ncnc43)[C@@H]2O)cc1,"(2S)-2-amino-N-[(2S,4R,5R)-5-[6-(dimethylamino)purin-9-yl]-4-hydroxy-2-(hydroxymethyl)oxolan-3-yl]-3-(4-methoxyphenyl)propanamide",C22H29N7O5
COc1ccc(Cc2nccc3cc(OC)c(OC)cc23)cc1OC,"1-[(3,4-dimethoxyphenyl)methyl]-6,7-dimethoxyisoquinoline",C20H21NO4
COc1ccc(Cl)c2c1CCCC2N(C)C,"8-chloro-5-methoxy-N,N-dimethyl-1,2,3,4-tetrahydronaphthalen-1-amine",C13H18ClNO
COc1ccc(Cl)cc1C(=O)NCCc1ccc(S(=O)(=O)NC(=O)NC2CCCCC2)cc1,5-chloro-N-[2-[4-(cyclohexylcarbamoylsulfamoyl)phenyl]ethyl]-2-methoxybenzamide,C23H28ClN3O5S
COc1ccc(N2C[C@H](CN3CCC(O)(c4ccc5c(c4)OCO5)CC3)OC2=O)cc1,"(5S)-5-[[4-(1,3-benzodioxol-5-yl)-4-hydroxypiperidin-1-yl]methyl]-3-(4-methoxyphenyl)-1,3-oxazolidin-2-one",C23H26N2O6
COc1ccc(Cn2c(C)c(CCN)c3cc(O)ccc32)cc1,3-(2-aminoethyl)-1-[(4-methoxyphenyl)methyl]-2-methylindol-5-ol,C19H22N2O2
COc1ccc(OCC2CN(C)CCC2c2ccccc2)cc1,3-[(4-methoxyphenoxy)methyl]-1-methyl-4-phenylpiperidine,C20H25NO2
COc1ccc(S(N)(=O)=O)cc1C(=O)NCC1CCCN1C,2-methoxy-N-[(1-methylpyrrolidin-2-yl)methyl]-5-sulfamoylbenzamide,C14H21N3O4S
COc1ccc([C@@H]2Sc3ccccc3N(CCN(C)C)C(=O)[C@@H]2OC(C)=O)cc1,"[(2S,3S)-5-[2-(dimethylamino)ethyl]-2-(4-methoxyphenyl)-4-oxo-2,3-dihydro-1,5-benzothiazepin-3-yl] acetate",C22H26N2O4S
COc1ccc(S(N)(=O)=O)cc1C(=O)NCC1CCCN1Cc1ccc(F)cc1,N-[[1-[(4-fluorophenyl)methyl]pyrrolidin-2-yl]methyl]-2-methoxy-5-sulfamoylbenzamide,C20H24FN3O4S
COc1ccc([C@H](O)CN2CCN(c3cccccc3=O)CC2)cc1OC,"2-[4-[(2S)-2-(3,4-dimethoxyphenyl)-2-hydroxyethyl]piperazin-1-yl]cyclohepta-2,4,6-trien-1-one",C21H26N2O4
COc1ccc2c(C3CCN(CCCC(=O)c4ccc(F)cc4)CC3)c(C)[nH]c2c1,1-(4-fluorophenyl)-4-[4-(6-methoxy-2-methyl-1H-indol-3-yl)piperidin-1-yl]butan-1-one,C25H29FN2O2
COc1ccc2c(c1)/C(=C/CCN(C)C)c1ccccc1O2,"(3E)-3-(2-methoxyxanthen-9-ylidene)-N,N-dimethylpropan-1-amine",C19H21NO2
COc1ccc2c(c1)C(O)(CCCN(C)C)c1ccccc1S2,9-[3-(dimethylamino)propyl]-2-methoxythioxanthen-9-ol,C19H23NO2S
COc1ccc2c(c1)C(N1CCN(C)CC1)=Cc1ccccc1O2,1-(3-methoxybenzo[b][1]benzoxepin-5-yl)-4-methylpiperazine,C20H22N2O2
COc1ccc2c(c1)CN(C)CC2c1ccc(Cl)c(Cl)c1,"4-(3,4-dichlorophenyl)-7-methoxy-2-methyl-3,4-dihydro-1H-isoquinoline",C17H17Cl2NO
COc1ccc2c(c1)N(CC(C)CN1CCC(O)CC1)c1ccccc1S2,1-[3-(2-methoxyphenothiazin-10-yl)-2-methylpropyl]piperidin-4-ol,C22H28N2O2S
COc1ccc2c(c1)N(CCC1CCCCN1C)c1ccccc1S2,2-methoxy-10-[2-(1-methylpiperidin-2-yl)ethyl]phenothiazine,C21H26N2OS
COc1ccc2c(c1)N(CCCN(C)C)c1ccccc1S2,"3-(2-methoxyphenothiazin-10-yl)-N,N-dimethylpropan-1-amine",C18H22N2OS
COc1ccc2c(c1)N(C[C@H](C)CN(C)C)c1ccccc1S2,"(2R)-3-(2-methoxyphenothiazin-10-yl)-N,N,2-trimethylpropan-1-amine",C19H24N2OS
COc1ccc2c(c1)[C@]13CCCC[C@@H]1[C@H](C2)N(C)CC3,"(1S,9S,10S)-4-methoxy-17-methyl-17-azatetracyclo[7.5.3.01,10.02,7]heptadeca-2(7),3,5-triene",C18H25NO
COc1ccc2c(c1)c(CC(=O)O)c(C)n2C(=O)c1ccc(Cl)cc1,2-[1-(4-chlorobenzoyl)-5-methoxy-2-methylindol-3-yl]acetic acid,C19H16ClNO4
COc1ccc2c(c1)c1c3n2CCN(C)C3=NCC1,"12-methoxy-4-methyl-1,4,6-triazatetracyclo[7.6.1.05,16.010,15]hexadeca-5,9(16),10(15),11,13-pentaene",C15H17N3O
COc1ccc2c(c1OC)C(=O)O[C@@H]2[C@H]1c2c(cc3c(c2OC)OCO3)CCN1C,"(3S)-6,7-dimethoxy-3-[(5R)-4-methoxy-6-methyl-7,8-dihydro-5H-[1,3]dioxolo[4,5-g]isoquinolin-5-yl]-3H-2-benzofuran-1-one",C22H23NO7
COc1ccc2c(c1OC)[C@]13CCN(C)[C@H](C2)[C@]1(O)CC[C@@H](O)C3,"(1R,9R,10S,13R)-3,4-dimethoxy-17-methyl-17-azatetracyclo[7.5.3.01,10.02,7]heptadeca-2(7),3,5-triene-10,13-diol",C19H27NO4
COc1ccc2c3c1OC1C(O)C=CC4C(C2)NCCC341,"9-methoxy-1,2,3,4,4a,7,7a,13-octahydro-4,12-methanobenzofuro[3,2-e]isoquinolin-7-ol",C17H19NO3
COc1ccc2c3c1OC1C(OC(=O)c4cccnc4)CCC4C(C2)N(C)CCC341,"(9-methoxy-3-methyl-2,4,4a,5,6,7,7a,13-octahydro-1H-4,12-methanobenzofuro[3,2-e]isoquinolin-7-yl) pyridine-3-carboxylate",C24H26N2O4
COc1ccc2c3c1OC1C(OC(C)=O)=CCC4C(C2)N(C)CCC314,"(9-methoxy-3-methyl-2,4,4a,5,7a,13-hexahydro-1H-4,12-methanobenzofuro[3,2-e]isoquinolin-7-yl) acetate",C20H23NO4
COc1ccc2c3c1O[C@H]1C(=O)CC[C@@]4(O)[C@@H](C2)N(C)CC[C@]314,"(4R,4aS,7aR,12bS)-4a-hydroxy-9-methoxy-3-methyl-2,4,5,6,7a,13-hexahydro-1H-4,12-methanobenzofuro[3,2-e]isoquinolin-7-one",C18H21NO4
COc1ccc2c3c1O[C@H]1C(=O)CC[C@H]4[C@@H](C2)N(C)CC[C@]314,"(4R,4aR,7aR,12bS)-9-methoxy-3-methyl-1,2,4,4a,5,6,7a,13-octahydro-4,12-methanobenzofuro[3,2-e]isoquinolin-7-one",C18H21NO3
COc1ccc2c3c1O[C@H]1C[C@@H](O)C=C[C@@]31CCN(C)C2,"(1S,12S,14R)-9-methoxy-4-methyl-11-oxa-4-azatetracyclo[8.6.1.01,12.06,17]heptadeca-6(17),7,9,15-tetraen-14-ol",C17H21NO3
COc1ccc2c3c1O[C@H]1[C@@H](O)C=C[C@H]4[C@@H](C2)N(C)CC[C@]314,"(4R,4aR,7S,7aR,12bS)-9-methoxy-3-methyl-2,4,4a,7,7a,13-hexahydro-1H-4,12-methanobenzofuro[3,2-e]isoquinolin-7-ol",C18H21NO3
COc1ccc2c3c1O[C@H]1[C@@H](O)CC[C@H]4[C@@H](C2)N(C)CC[C@]314,"(4R,4aR,7S,7aR,12bS)-9-methoxy-3-methyl-2,4,4a,5,6,7,7a,13-octahydro-1H-4,12-methanobenzofuro[3,2-e]isoquinolin-7-ol",C18H23NO3
COc1ccc2nc(S(=O)Cc3ncc(C)c(OC)c3C)[nH]c2c1,"6-methoxy-2-[(4-methoxy-3,5-dimethyl-2-pyridinyl)methylsulfinyl]-1H-benzimidazole",C17H19N3O3S
COc1cccc(C(=O)NC2C[C@@H]3CC[C@H](C2)N3Cc2ccccc2)c1OC,"N-[(1R,5S)-8-benzyl-8-azabicyclo[3.2.1]octan-3-yl]-2,3-dimethoxybenzamide",C23H28N2O3
COc1cccc(CC(=O)N2CCN(C(C)=O)C[C@@H]2CN2CC[C@@H](O)C2)c1,1-[(2S)-4-acetyl-2-[[(3R)-3-hydroxypyrrolidin-1-yl]methyl]piperazin-1-yl]-2-(3-methoxyphenyl)ethanone,C20H29N3O4
COc1cccc(OC)c1C(=O)N[C@@H]1C(=O)N2[C@@H](C(=O)O)C(C)(C)S[C@H]12,"(2S,5R,6R)-6-[(2,6-dimethoxybenzoyl)amino]-3,3-dimethyl-7-oxo-4-thia-1-azabicyclo[3.2.0]heptane-2-carboxylic acid",C17H20N2O6S
COc1cccc([C@@]2(O)CCCC[C@@H]2CN(C)C)c1.[Cl-].[H+],"cis-(1R,2R)-2-[(dimethylamino)methyl]-1-(3-methoxyphenyl)cyclohexan-1-ol;hydron;chloride",C16H26ClNO2
COc1cccc2c1C(=O)c1c(O)c3c(c(O)c1C2=O)C[C@@](O)(/C(C)=N/NC(=O)c1ccccc1)C[C@@H]3O[C@H]1C[C@H](N)[C@H](O)[C@H](C)O1.[Cl-].[H+],,C34H36ClN3O10
COc1cccc2c1C(=O)c1c(O)c3c(c(O)c1C2=O)CC(O)(C(=O)CO)CC3O,"6,7,9,11-tetrahydroxy-9-(2-hydroxyacetyl)-4-methoxy-8,10-dihydro-7H-tetracene-5,12-dione",C21H18O9
COc1cccc2c1C(=O)c1c(O)c3c(c(O)c1C2=O)C[C@@](O)(C(=O)CO)C[C@@H]3O[C@H]1C[C@H](N)[C@H](O)[C@H](C)O1,"(7S,9S)-7-[(2R,4S,5S,6S)-4-amino-5-hydroxy-6-methyloxan-2-yl]oxy-6,9,11-trihydroxy-9-(2-hydroxyacetyl)-4-methoxy-8,10-dihydro-7H-tetracene-5,12-dione",C27H29NO11
COc1cccc2c1C(=O)c1c(O)c3c(c(O)c1C2=O)C[C@@](O)(C(=O)CO)C[C@@H]3O[C@H]1C[C@H](N)[C@H](O[C@H]2CCCCO2)[C@H](C)O1,"(7S,9S)-7-[(2R,4S,5S,6S)-4-amino-6-methyl-5-[(2S)-oxan-2-yl]oxyoxan-2-yl]oxy-6,9,11-trihydroxy-9-(2-hydroxyacetyl)-4-methoxy-8,10-dihydro-7H-tetracene-5,12-dione",C32H37NO12
COc1cccc2c1C(=O)c1c(O)c3c(c(O)c1C2=O)C[C@@](O)(C(=O)CO)C[C@@H]3O[C@H]1C[C@H](NC(=O)[C@@H](N)CC(C)C)[C@H](O)[C@H](C)O1,"(2S)-2-amino-N-[(2S,3S,4S,6R)-3-hydroxy-2-methyl-6-[[(1S,3S)-3,5,12-trihydroxy-3-(2-hydroxyacetyl)-10-methoxy-6,11-dioxo-2,4-dihydro-1H-tetracen-1-yl]oxy]oxan-4-yl]-4-methylpentanamide",C33H40N2O12
COc1cccc2c1C(=O)c1c(O)c3c(c(O)c1C2=O)C[C@@](O)(C(C)=O)C[C@@H]3O[C@H]1C[C@H](N)[C@H](O)[C@H](C)O1,"(7S,9S)-9-acetyl-7-[(2R,4S,5S,6S)-4-amino-5-hydroxy-6-methyloxan-2-yl]oxy-6,9,11-trihydroxy-4-methoxy-8,10-dihydro-7H-tetracene-5,12-dione",C27H29NO10
COc1cccc2c1C(=O)c1c(O)c3c(c(O)c1C2=O)C[C@](O)(C(=O)CO)C[C@H]3OC1CC(N)CC(C)O1,"(7R,9R)-7-(4-amino-6-methyloxan-2-yl)oxy-6,9,11-trihydroxy-9-(2-hydroxyacetyl)-4-methoxy-8,10-dihydro-7H-tetracene-5,12-dione",C27H29NO10
COc1ccccc1N1CCN(CC(O)COc2cc(OC)c(OC)c(OC)c2)CC1,"1-[4-(2-methoxyphenyl)piperazin-1-yl]-3-(3,4,5-trimethoxyphenoxy)propan-2-ol",C23H32N2O6
COc1ccccc1N1CCN(CCCC(O)c2ccc(F)cc2)CC1,1-(4-fluorophenyl)-4-[4-(2-methoxyphenyl)piperazin-1-yl]butan-1-ol,C21H27FN2O2
COc1ccccc1N1CCN(CCCC(=O)c2ccc(F)cc2)CC1,1-(4-fluorophenyl)-4-[4-(2-methoxyphenyl)piperazin-1-yl]butan-1-one,C21H25FN2O2
COc1ccccc1OCC(O)COC(N)=O,[2-hydroxy-3-(2-methoxyphenoxy)propyl] carbamate,C11H15NO5
COc1ccccc1N1CCN(CCc2oc(=O)[nH]c2-c2ccc(F)cc2)CC1,"4-(4-fluorophenyl)-5-[2-[4-(2-methoxyphenyl)piperazin-1-yl]ethyl]-3H-1,3-oxazol-2-one",C22H24FN3O3
COc1ccccc1OCC1CNC(=O)O1,"5-[(2-methoxyphenoxy)methyl]-1,3-oxazolidin-2-one",C11H13NO4
COc1cccnc1CCCCNc1ncc(Cc2ccc(C)nc2)c(=O)[nH]1.[Cl-].[Cl-].[Cl-].[H+].[H+].[H+],hydron;2-[4-(3-methoxy-2-pyridinyl)butylamino]-5-[(6-methyl-3-pyridinyl)methyl]-1H-pyrimidin-6-one;trichloride,C21H28Cl3N5O2
CP(C)(=O)CN1C(=O)CN=C(c2ccccc2)c2cc(Cl)ccc21,"7-chloro-1-(dimethylphosphorylmethyl)-5-phenyl-3H-1,4-benzodiazepin-2-one",C18H18ClN2O2P
COc1nc2nc(-c3noc(C)n3)cn2c2c1CCCC2,"3-(5-methoxy-6,7,8,9-tetrahydroimidazo[1,2-a]quinazolin-2-yl)-5-methyl-1,2,4-oxadiazole",C14H15N5O2
CS(=O)(=O)OCCCCOS(C)(=O)=O,4-methylsulfonyloxybutyl methanesulfonate,C6H14O6S2
CS(=O)(=O)O.Oc1ccc2[nH]cc(CCCCN3CC=C(c4ccccc4)CC3)c2c1,"methanesulfonic acid;3-[4-(4-phenyl-3,6-dihydro-2H-pyridin-1-yl)butyl]-1H-indol-5-ol",C24H30N2O4S
CS(=O)(=O)c1ccc([C@@H](O)[C@@H](CF)NC(=O)C(Cl)Cl)cc1,"2,2-dichloro-N-[(1R,2S)-3-fluoro-1-hydroxy-1-(4-methylsulfonylphenyl)propan-2-yl]acetamide",C12H14Cl2FNO4S
CS(=O)(=O)c1ccc([C@@H](O)[C@@H](CO)NC(=O)C(Cl)Cl)cc1,"2,2-dichloro-N-[(1R,2R)-1,3-dihydroxy-1-(4-methylsulfonylphenyl)propan-2-yl]acetamide",C12H15Cl2NO5S
CS(=O)(=O)c1ccc2c(c1)N(CCCN1CCC(C(N)=O)CC1)c1ccccc1S2,1-[3-(2-methylsulfonylphenothiazin-10-yl)propyl]piperidine-4-carboxamide,C22H27N3O3S2
CSC(=O)C1(O)C(C)CC2C3CCC4=CC(=O)C=CC4(C)C3(F)C(O)CC21C,"S-methyl 9-fluoro-11,17-dihydroxy-10,13,16-trimethyl-3-oxo-6,7,8,11,12,14,15,16-octahydrocyclopenta[a]phenanthrene-17-carbothioate",C22H29FO4S
CSC(=O)C1(OC(C)=O)[C@@H](C)C[C@H]2[C@@H]3CCC4=CC(=O)C=C[C@]4(C)C3(F)[C@@H](O)C[C@@]21C,"[(8S,10S,11S,13S,14S,16S)-9-fluoro-11-hydroxy-10,13,16-trimethyl-17-methylsulfanylcarbonyl-3-oxo-6,7,8,11,12,14,15,16-octahydrocyclopenta[a]phenanthren-17-yl] acetate",C24H31FO5S
CSCC[C@H](NC(C)=O)C(=O)Oc1ccc(NC(C)=O)cc1,(4-acetamidophenyl) (2S)-2-acetamido-4-methylsulfanylbutanoate,C15H20N2O4S
CSc1c(Cl)nc(NC(C)C)nc1N1CCN(C)CC1,4-chloro-6-(4-methylpiperazin-1-yl)-5-methylsulfanyl-N-propan-2-ylpyrimidin-2-amine,C13H22ClN5S
CSc1ccc(CC(=O)N2CCN(C(C)=O)C[C@@H]2CN2CC[C@@H](O)C2)cc1,1-[(2S)-4-acetyl-2-[[(3R)-3-hydroxypyrrolidin-1-yl]methyl]piperazin-1-yl]-2-(4-methylsulfanylphenyl)ethanone,C20H29N3O3S
CSc1ccc2c(c1)C(N1CCN(C)CC1)Cc1ccccc1S2,"1-methyl-4-(3-methylsulfanyl-5,6-dihydrobenzo[b][1]benzothiepin-5-yl)piperazine",C20H24N2S2
CSc1ccc2c(c1)N(CC(C)CN(C)C)c1ccccc1S2,"N,N,2-trimethyl-3-(2-methylsulfanylphenothiazin-10-yl)propan-1-amine",C19H24N2S2
CSc1ccc2c(c1)N(CCC1CCCCN1C)c1ccccc1S2,10-[2-(1-methylpiperidin-2-yl)ethyl]-2-methylsulfanylphenothiazine,C21H26N2S2
CSc1ccc2c(c1)N(CCC1CCCNC1)c1ccccc1S2,2-methylsulfanyl-10-(2-piperidin-3-ylethyl)phenothiazine,C20H24N2S2
C[C@@H](CN1CC(=O)NC(=O)C1)N1CC(=O)NC(=O)C1,"4-[(2S)-2-(3,5-dioxopiperazin-1-yl)propyl]piperazine-2,6-dione",C11H16N4O4
C[C@@H](O)[C@H]1C(=O)N2C(C(=O)O)=C(SC3CCS(=O)C3)S[C@H]12,"(5R,6S)-6-[(1R)-1-hydroxyethyl]-7-oxo-3-(1-oxothiolan-3-yl)sulfanyl-4-thia-1-azabicyclo[3.2.0]hept-2-ene-2-carboxylic acid",C12H15NO5S3
C[C@@H](O)[C@H]1C(=O)N2C(C(=O)O)=C([C@H]3CCCO3)S[C@H]12,"(5R,6S)-6-[(1R)-1-hydroxyethyl]-7-oxo-3-[(2R)-oxolan-2-yl]-4-thia-1-azabicyclo[3.2.0]hept-2-ene-2-carboxylic acid",C12H15NO5S
C[C@@H](O)[C@H]1C(=O)N2C(C(=O)[O-])=C(COC(N)=O)S[C@H]12.[Na+],"sodium (5R,6S)-3-(carbamoyloxymethyl)-6-[(1R)-1-hydroxyethyl]-7-oxo-4-thia-1-azabicyclo[3.2.0]hept-2-ene-2-carboxylate",C10H11N2NaO6S
C[C@@H]1CC2C3CCC4=CC(=O)C=CC4(C)[C@@]3(Cl)C(Cl)CC2(C)[C@@]1(O)C(=O)CO,"(9R,16R,17R)-9,11-dichloro-17-hydroxy-17-(2-hydroxyacetyl)-10,13,16-trimethyl-6,7,8,11,12,14,15,16-octahydrocyclopenta[a]phenanthren-3-one",C22H28Cl2O4
C[C@@H]1CC2C3C[C@H](F)C4=CC(=O)C=CC4(C)[C@@]3(Cl)C(O)CC2(C)C1C(=O)CO,"(6S,9R,16R)-9-chloro-6-fluoro-11-hydroxy-17-(2-hydroxyacetyl)-10,13,16-trimethyl-7,8,11,12,14,15,16,17-octahydro-6H-cyclopenta[a]phenanthren-3-one",C22H28ClFO4
C[C@@H]1CC2C3C[C@H](F)C4=CC(=O)C=CC4(C)[C@@]3(Cl)C(O)CC2(C)C1C(=O)COC(=O)C(C)(C)C,"[2-[(6S,9R,16R)-9-chloro-6-fluoro-11-hydroxy-10,13,16-trimethyl-3-oxo-7,8,11,12,14,15,16,17-octahydro-6H-cyclopenta[a]phenanthren-17-yl]-2-oxoethyl] 2,2-dimethylpropanoate",C27H36ClFO5
C[C@@H]1CC2C3C[C@H](F)C4=CC(=O)C=CC4(C)[C@@]3(F)C(O)CC2(C)C1C(=O)CO,"(6S,9R,16R)-6,9-difluoro-11-hydroxy-17-(2-hydroxyacetyl)-10,13,16-trimethyl-7,8,11,12,14,15,16,17-octahydro-6H-cyclopenta[a]phenanthren-3-one",C22H28F2O4
C[C@@H]1CN2CC(=O)Nc3ccc(Cl)cc3[C@]2(c2ccccc2)O1,"(2R,11bS)-10-chloro-2-methyl-11b-phenyl-2,3,5,7-tetrahydro-[1,3]oxazolo[3,2-d][1,4]benzodiazepin-6-one",C18H17ClN2O2
C[C@@H]1CC2[C@@H]3C[C@H](F)C4=CC(=O)C(Cl)=C[C@]4(C)[C@@]3(F)[C@@H](O)C[C@]2(C)[C@@]1(O)C(=O)CO,"(6S,8S,9R,10S,11S,13S,16R,17R)-2-chloro-6,9-difluoro-11,17-dihydroxy-17-(2-hydroxyacetyl)-10,13,16-trimethyl-6,7,8,11,12,14,15,16-octahydrocyclopenta[a]phenanthren-3-one",C22H27ClF2O5
C[C@@H]1C[C@H]2C3C[C@H](F)C4=CC(=O)C=CC4(C)[C@@]3(F)[C@@H](O)CC2(C)[C@@]1(O)C(=O)COC(=O)C(C)(C)C,"[2-[(6S,9R,11S,14S,16R,17R)-6,9-difluoro-11,17-dihydroxy-10,13,16-trimethyl-3-oxo-6,7,8,11,12,14,15,16-octahydrocyclopenta[a]phenanthren-17-yl]-2-oxoethyl] 2,2-dimethylpropanoate",C27H36F2O6
C[C@@H]1C[C@H]2[C@@H]3CCC4=CC(=O)C=C[C@]4(C)[C@@]3(Cl)[C@@H](O)C[C@]2(C)[C@@]1(O)C(=O)CCl,"(8S,9R,10S,11S,13S,14S,16R,17R)-9-chloro-17-(2-chloroacetyl)-11,17-dihydroxy-10,13,16-trimethyl-6,7,8,11,12,14,15,16-octahydrocyclopenta[a]phenanthren-3-one",C22H28Cl2O4
C[C@@H]1C[C@H]2[C@@H]3CCC4=CC(=O)C=C[C@]4(C)[C@@]3(F)[C@@H](O)C[C@]2(C)[C@H]1C(=O)CO,"(8S,9R,10S,11S,13S,14S,16R,17S)-9-fluoro-11-hydroxy-17-(2-hydroxyacetyl)-10,13,16-trimethyl-7,8,11,12,14,15,16,17-octahydro-6H-cyclopenta[a]phenanthren-3-one",C22H29FO4
C[C@@H]1C[C@H]2[C@@H]3CCC4=CC(=O)C=C[C@]4(C)[C@@]3(F)[C@@H](O)C[C@]2(C)[C@@]1(C)C(=O)CO,"(8S,9R,10S,11S,13S,14S,16R,17S)-9-fluoro-11-hydroxy-17-(2-hydroxyacetyl)-10,13,16,17-tetramethyl-6,7,8,11,12,14,15,16-octahydrocyclopenta[a]phenanthren-3-one",C23H31FO4
C[C@@H]1C[C@H]2[C@@H]3C[C@H](F)C4=CC(=O)C=C[C@]4(C)[C@@]3(F)[C@@H](O)C[C@]2(C)[C@@]1(O)C(=O)CO,"(6S,8S,9R,10S,11S,13S,14S,16R,17R)-6,9-difluoro-11,17-dihydroxy-17-(2-hydroxyacetyl)-10,13,16-trimethyl-6,7,8,11,12,14,15,16-octahydrocyclopenta[a]phenanthren-3-one",C22H28F2O5
C[C@@H]1C[C@H]2[C@@H]3C[C@H](F)C4=CC(=O)C=C[C@]4(C)C3(Cl)[C@@H](F)C[C@]2(C)[C@H]1C(=O)CO,"(6S,8S,10S,11S,13S,14S,16R,17S)-9-chloro-6,11-difluoro-17-(2-hydroxyacetyl)-10,13,16-trimethyl-7,8,11,12,14,15,16,17-octahydro-6H-cyclopenta[a]phenanthren-3-one",C22H27ClF2O3
C[C@@H]1C[C@H]2[C@@H]3C[C@H](F)C4=CC(=O)C=C[C@]4(C)[C@@]3(F)[C@@H](O)C[C@]2(C)[C@H]1C(=O)COC(=O)C(C)(C)C,"[2-[(6S,8S,9R,10S,11S,13S,14S,16R,17S)-6,9-difluoro-11-hydroxy-10,13,16-trimethyl-3-oxo-7,8,11,12,14,15,16,17-octahydro-6H-cyclopenta[a]phenanthren-17-yl]-2-oxoethyl] 2,2-dimethylpropanoate",C27H36F2O5
C[C@@H]1C[C@H]2[C@@H]3C[C@H](F)C4=CC(=O)C=C[C@]4(C)[C@H]3[C@@H](O)C[C@]2(C)[C@@]1(O)C(=O)CO,"(6S,8S,9S,10R,11S,13S,14S,16R,17R)-6-fluoro-11,17-dihydroxy-17-(2-hydroxyacetyl)-10,13,16-trimethyl-7,8,9,11,12,14,15,16-octahydro-6H-cyclopenta[a]phenanthren-3-one",C22H29FO5
C[C@@H]1C[C@H]2[C@@H]3C[C@H](F)C4=CC(=O)C=C[C@]4(C)[C@H]3[C@@H](O)C[C@]2(C)[C@H]1C(=O)CO,"(6S,8S,9S,10R,11S,13S,14S,16R,17S)-6-fluoro-11-hydroxy-17-(2-hydroxyacetyl)-10,13,16-trimethyl-6,7,8,9,11,12,14,15,16,17-decahydrocyclopenta[a]phenanthren-3-one",C22H29FO4
C[C@@H]1C[C@H]2[C@H]3[C@H]([C@@H](O)C[C@]2(C)[C@@]1(O)C(=O)CO)[C@@]1(C)C=CC(=O)C=C1C[C@H]3Cl,"(7R,8S,9S,10R,11S,13S,14S,16R,17R)-7-chloro-11,17-dihydroxy-17-(2-hydroxyacetyl)-10,13,16-trimethyl-7,8,9,11,12,14,15,16-octahydro-6H-cyclopenta[a]phenanthren-3-one",C22H29ClO5
C[C@@H]1N=C(c2ccccc2Cl)c2cc([N+](=O)[O-])ccc2NC1=O,"(3S)-5-(2-chlorophenyl)-3-methyl-7-nitro-1,3-dihydro-1,4-benzodiazepin-2-one",C16H12ClN3O3
C[C@@H]1OC(=O)C[C@H](O)C[C@H](O)CC[C@@H](O)[C@H](O)C[C@H](O)C[C@]2(O)C[C@H](O)[C@@H](C(=O)O)[C@H](C[C@@H](O[C@@H]3O[C@H](C)[C@@H](O)[C@H](N)[C@@H]3O)/C=C\C=C/C=C\C=C/C=C\C=C/C=C\[C@H](C)[C@@H](O)[C@H]1C)O2,"(1R,3S,5R,6R,9R,11R,15S,16R,17R,18S,19Z,21Z,23Z,25Z,27Z,29Z,31Z,33R,35S,36R,37S)-33-[(2R,3S,4S,5S,6R)-4-amino-3,5-dihydroxy-6-methyloxan-2-yl]oxy-1,3,5,6,9,11,17,37-octahydroxy-15,16,18-trimethyl-13-oxo-14,39-dioxabicyclo[33.3.1]nonatriaconta-19,21,23,25,27,29,31-heptaene-36-carboxylic acid",C47H73NO17
C[C@@H]1O[C@@H]1P(=O)(O)O,"[(2R,3S)-3-methyloxiran-2-yl]phosphonic acid",C3H7O4P
C[C@@](Cc1ccc(O)c(O)c1)(NN)C(=O)O,"(2S)-3-(3,4-dihydroxyphenyl)-2-hydrazinyl-2-methylpropanoic acid",C10H14N2O4
C[C@H](N)C(=O)c1ccccc1,(2S)-2-amino-1-phenylpropan-1-one,C9H11NO
C[C@H](CCC(=O)O)[C@H]1CC[C@H]2[C@@H]3C(=O)C[C@@H]4CC(=O)CC[C@]4(C)[C@H]3CC(=O)[C@@]21C,"(4R)-4-[(5S,8R,9S,10S,13R,14S,17R)-10,13-dimethyl-3,7,12-trioxo-1,2,4,5,6,8,9,11,14,15,16,17-dodecahydrocyclopenta[a]phenanthren-17-yl]pentanoic acid",C24H34O5
C[C@H](N)Cc1ccccc1,(2S)-1-phenylpropan-2-amine,C9H13N
C[C@H](N)[C@H](O)c1cccc(O)c1,"3-[(1R,2S)-2-amino-1-hydroxypropyl]phenol",C9H13NO2
C[C@H](O)C1C(=O)N2C(C(=O)O)=C(S[C@@H]3CN[C@H](C(=O)N(C)C)C3)[C@H](C)C12.O.O.O,"(4R)-3-[(3S,5S)-5-(dimethylcarbamoyl)pyrrolidin-3-yl]sulfanyl-6-[(1S)-1-hydroxyethyl]-4-methyl-7-oxo-1-azabicyclo[3.2.0]hept-2-ene-2-carboxylic acid;trihydrate",C17H31N3O8S
C[C@H](O)[C@H]1C(=O)N2C(C(=O)O)=C(SCCN=CN)C[C@H]12.O,"(5R,6S)-3-[2-(aminomethylideneamino)ethylsulfanyl]-6-[(1S)-1-hydroxyethyl]-7-oxo-1-azabicyclo[3.2.0]hept-2-ene-2-carboxylic acid;hydrate",C12H19N3O5S
C[C@H]1CN(c2c(F)c(N)c3c(=O)c(C(=O)O)cn(C4CC4)c3c2F)C[C@@H](C)N1,"5-amino-1-cyclopropyl-7-[(3R,5S)-3,5-dimethylpiperazin-1-yl]-6,8-difluoro-4-oxoquinoline-3-carboxylic acid",C19H22F2N4O3
C[C@H]1CCCC[C@@]1(c1cccs1)N1CCCCC1,"1-[(1R,2S)-2-methyl-1-thiophen-2-ylcyclohexyl]piperidine",C16H25NS
C[C@H]1COc2c(N3CCN(C)CC3)c(F)cc3c(=O)c(C(=O)O)cn1c23,"(2S)-7-fluoro-2-methyl-6-(4-methylpiperazin-1-yl)-10-oxo-4-oxa-1-azatricyclo[7.3.1.05,13]trideca-5(13),6,8,11-tetraene-11-carboxylic acid",C18H20FN3O4
C[C@H]1C[C@H]2[C@@H]3CCC4=CC(=O)C=C[C@]4(C)[C@@]3(Cl)[C@@H](O)C[C@]2(C)[C@@]1(O)C(=O)CO,"(8S,9R,10S,11S,13S,14S,16S,17R)-9-chloro-11,17-dihydroxy-17-(2-hydroxyacetyl)-10,13,16-trimethyl-6,7,8,11,12,14,15,16-octahydrocyclopenta[a]phenanthren-3-one",C22H29ClO5
C[C@H]1C[C@H]2[C@@H]3CCC4=CC(=O)C=C[C@]4(C)[C@@]3(F)C(=O)C[C@]2(C)[C@@]1(O)C(=O)CCl,"(8S,9R,10S,13S,14S,16S,17R)-17-(2-chloroacetyl)-9-fluoro-17-hydroxy-10,13,16-trimethyl-7,8,12,14,15,16-hexahydro-6H-cyclopenta[a]phenanthrene-3,11-dione",C22H26ClFO4
C[C@H]1C[C@H]2[C@@H]3CCC4=CC(=O)C=C[C@]4(C)[C@@]3(F)[C@@H](O)C[C@]2(C)[C@@]1(O)C(=O)CO,"(8S,9R,10S,11S,13S,14S,16S,17R)-9-fluoro-11,17-dihydroxy-17-(2-hydroxyacetyl)-10,13,16-trimethyl-6,7,8,11,12,14,15,16-octahydrocyclopenta[a]phenanthren-3-one",C22H29FO5
C[C@H]1C[C@H]2[C@@H]3CCC4=CC(=O)C=C[C@]4(C)[C@@]3(F)[C@@H](O)C[C@]2(C)[C@@]1(OC(=O)c1ccccc1)C(=O)CO,"[(8S,9R,10S,11S,13S,14S,16S,17R)-9-fluoro-11-hydroxy-17-(2-hydroxyacetyl)-10,13,16-trimethyl-3-oxo-6,7,8,11,12,14,15,16-octahydrocyclopenta[a]phenanthren-17-yl] benzoate",C29H33FO6
C[C@H]1C[C@H]2[C@@H]3CCC4=CC(=O)C=C[C@]4(C)[C@H]3C(=O)C[C@]2(C)[C@@]1(O)C(=O)CO,"(8S,9S,10R,13S,14S,16S,17R)-17-hydroxy-17-(2-hydroxyacetyl)-10,13,16-trimethyl-6,7,8,9,12,14,15,16-octahydrocyclopenta[a]phenanthrene-3,11-dione",C22H28O5
C[C@H]1C[C@H]2[C@@H]3CC[C@](O)(C(=O)CO)[C@@]3(C)C[C@H](O)[C@@H]2[C@@]2(C)C=CC(=O)C=C12,"(6S,8S,9S,10R,11S,13S,14S,17R)-11,17-dihydroxy-17-(2-hydroxyacetyl)-6,10,13-trimethyl-7,8,9,11,12,14,15,16-octahydro-6H-cyclopenta[a]phenanthren-3-one",C22H30O5
C[C@H]1C[C@H]2[C@@H]3CC[C@](O)(C(=O)COC(=O)CCC(=O)O)[C@@]3(C)C[C@H](O)[C@@H]2[C@@]2(C)C=CC(=O)C=C12,"4-[2-[(6S,8S,9S,10R,11S,13S,14S,17R)-11,17-dihydroxy-6,10,13-trimethyl-3-oxo-7,8,9,11,12,14,15,16-octahydro-6H-cyclopenta[a]phenanthren-17-yl]-2-oxoethoxy]-4-oxobutanoic acid",C26H34O8
C[C@H]1O[C@@H](O[C@H]2[C@@H](O)C[C@H](O[C@H]3[C@@H](O)C[C@H](O[C@H]4CC[C@]5(C)[C@H]6CC[C@]7(C)[C@H](C8=CC(=O)OC8)CC[C@]7(O)[C@@H]6CC[C@@H]5C4)O[C@@H]3C)O[C@@H]2C)C[C@H](O)[C@@H]1O,"3-[(3S,5R,8R,9S,10S,13R,14S,17S)-3-[(2R,4S,5S,6R)-5-[(2S,4S,5S,6R)-5-[(2S,4S,5S,6R)-4,5-dihydroxy-6-methyloxan-2-yl]oxy-4-hydroxy-6-methyloxan-2-yl]oxy-4-hydroxy-6-methyloxan-2-yl]oxy-14-hydroxy-10,13-dimethyl-1,2,3,4,5,6,7,8,9,11,12,15,16,17-tetradecahydrocyclopenta[a]phenanthren-17-yl]-2H-furan-5-one",C41H64O13
C[C@H]1O[C@@H](O[C@H]2[C@@H](O)C[C@H](O[C@H]3[C@@H](O)C[C@H](O[C@H]4CC[C@]5(C)[C@H]6C[C@@H](O)[C@]7(C)[C@@H](C8=CC(=O)OC8)CC[C@]7(O)[C@@H]6CC[C@@H]5C4)O[C@@H]3C)O[C@@H]2C)C[C@H](O)[C@@H]1O,"3-[(3S,5R,8R,9S,10S,12R,13S,14S,17R)-3-[(2R,4S,5S,6R)-5-[(2S,4S,5S,6R)-5-[(2S,4S,5S,6R)-4,5-dihydroxy-6-methyloxan-2-yl]oxy-4-hydroxy-6-methyloxan-2-yl]oxy-4-hydroxy-6-methyloxan-2-yl]oxy-12,14-dihydroxy-10,13-dimethyl-1,2,3,4,5,6,7,8,9,11,12,15,16,17-tetradecahydrocyclopenta[a]phenanthren-17-yl]-2H-furan-5-one",C41H64O14
C[C@H]1[C@H](NC(=O)/C(=N\OC(C)(C)C(=O)O)c2csc([NH3+])n2)C(=O)N1S(=O)(=O)[O-],"(2S,3S)-3-[[(2Z)-2-(2-amino-1,3-thiazol-3-ium-4-yl)-2-(2-carboxypropan-2-yloxyimino)acetyl]amino]-2-methyl-4-oxoazetidine-1-sulfonate",C13H17N5O8S2
C[C@H]1[C@H](c2ccccc2)OCCN1C,"(2S,3S)-3,4-dimethyl-2-phenylmorpholine",C12H17NO
C[C@H]1c2cccc(O)c2C(O)=C2C(=O)[C@]3(O)C(=O)/C(=C(/N)O)C(=O)[C@@H](N(C)C)[C@@H]3[C@@H](O)[C@@H]21.O,"(4S,4aR,5S,5aR,6R,12aR)-4-(dimethylamino)-1,5,10,11,12a-pentahydroxy-6-methyl-3,12-dioxo-4a,5,5a,6-tetrahydro-4H-tetracene-2-carboxamide;hydrate",C22H26N2O9
C[C@H]1c2ccccc2[C@@H](CCCN(C)C)c2cc(C(F)(F)F)ccc21,"N,N-dimethyl-3-[(9R,10S)-10-methyl-2-(trifluoromethyl)-9,10-dihydroanthracen-9-yl]propan-1-amine",C21H24F3N
C[C@]1(Cn2ccnn2)[C@H](C(=O)O)N2C(=O)C[C@H]2S1(=O)=O,"(2S,3S,5R)-3-methyl-4,4,7-trioxo-3-(triazol-1-ylmethyl)-4lambda6-thia-1-azabicyclo[3.2.0]heptane-2-carboxylic acid",C10H12N4O5S
C[C@](N)(Cc1ccc(O)c(O)c1)C(=O)O,"(2S)-2-amino-3-(3,4-dihydroxyphenyl)-2-methylpropanoic acid",C10H13NO4
C[C@]1(O)CC[C@H]2[C@@H]3CCC4=CC(=O)CC[C@]4(C)[C@H]3CC[C@@]21C,"(8R,9S,10R,13S,14S,17S)-17-hydroxy-10,13,17-trimethyl-2,6,7,8,9,11,12,14,15,16-decahydro-1H-cyclopenta[a]phenanthren-3-one",C20H30O2
C[C@]12C=C(Br)C(=O)C=C1[C@H](F)C[C@H]1[C@@H]3CCC(O)(C(=O)CO)[C@@]3(C)C[C@H](O)C12F,"(6R,8S,10S,11S,13S,14S)-2-bromo-6,9-difluoro-11,17-dihydroxy-17-(2-hydroxyacetyl)-10,13-dimethyl-6,7,8,11,12,14,15,16-octahydrocyclopenta[a]phenanthren-3-one",C21H25BrF2O5
C[C@]12CC(=O)[C@H]3[C@@H](CCC4=CC(=O)C=C[C@@]43C)[C@@H]1CC[C@]2(O)C(=O)CO,"(8S,9S,10R,13S,14S,17R)-17-hydroxy-17-(2-hydroxyacetyl)-10,13-dimethyl-6,7,8,9,12,14,15,16-octahydrocyclopenta[a]phenanthrene-3,11-dione",C21H26O5
C[C@]12CC(=O)[C@H]3[C@@H](CCC4=CC(=O)CC[C@@]43C)[C@@H]1CC[C@]2(O)C(=O)CO,"(8S,9S,10R,13S,14S,17R)-17-hydroxy-17-(2-hydroxyacetyl)-10,13-dimethyl-1,2,6,7,8,9,12,14,15,16-decahydrocyclopenta[a]phenanthrene-3,11-dione",C21H28O5
C[C@]12CCC(=O)C=C1CC[C@@H]1[C@@H]2[C@@H](O)C[C@]2(C=O)[C@@H](C(=O)CO)CC[C@@H]12,"(8S,9S,10R,11S,13R,14S,17S)-11-hydroxy-17-(2-hydroxyacetyl)-10-methyl-3-oxo-1,2,6,7,8,9,11,12,14,15,16,17-dodecahydrocyclopenta[a]phenanthrene-13-carbaldehyde",C21H28O5
C[C@]12CC[C@@H]3[C@H]4CCC(=O)C=C4CC[C@H]3[C@@H]1CC[C@@H]2O,"(8R,9S,10R,13S,14S,17S)-17-hydroxy-13-methyl-2,6,7,8,9,10,11,12,14,15,16,17-dodecahydro-1H-cyclopenta[a]phenanthren-3-one",C18H26O2
C[C@]12CC[C@@H]3c4ccc(O)cc4CC[C@H]3[C@@H]1CCC2=O,"(8R,9S,13S,14S)-3-hydroxy-13-methyl-7,8,9,11,12,14,15,16-octahydro-6H-cyclopenta[a]phenanthren-17-one",C18H22O2
C[C@]12CC[C@@H]3c4ccc(O)cc4CC[C@H]3[C@@H]1CC[C@@H]2O,"(8R,9S,13S,14S,17S)-13-methyl-6,7,8,9,11,12,14,15,16,17-decahydrocyclopenta[a]phenanthrene-3,17-diol",C18H24O2
C[C@]12CC[C@H]3[C@@H](CCC4=CC(=O)C=C[C@@]43C)[C@@H]1CCC(=O)O2,"(4aS,4bR,10aR,10bS,12aS)-10a,12a-dimethyl-4,4a,4b,5,6,10b,11,12-octahydro-3H-naphtho[2,1-f]chromene-2,8-dione",C19H24O3
C[C@]12CC[C@H]3[C@@H](CCC4=CC(=O)CC[C@@]43C)[C@@H]1CC[C@@H]2O,"(8R,9S,10R,13S,14S,17S)-17-hydroxy-10,13-dimethyl-1,2,6,7,8,9,11,12,14,15,16,17-dodecahydrocyclopenta[a]phenanthren-3-one",C19H28O2
C[C@]12COC(=O)C[C@@H]1CC[C@@H]1[C@@H]2CC[C@@]2(C)[C@H]1CC[C@]2(C)O,"(1S,3aS,3bR,5aS,9aS,9bS,11aS)-1-hydroxy-1,9a,11a-trimethyl-2,3,3a,3b,4,5,5a,6,9,9b,10,11-dodecahydroindeno[4,5-h]isochromen-7-one",C19H30O3
C[C@]12C[C@H](O)[C@@]3(F)[C@@H](CCC4=CC(=O)C=C[C@@]43C)[C@@H]1C[C@@H](O)[C@]2(O)C(=O)CO,"(8S,9R,10S,11S,13S,14S,16R,17S)-9-fluoro-11,16,17-trihydroxy-17-(2-hydroxyacetyl)-10,13-dimethyl-6,7,8,11,12,14,15,16-octahydrocyclopenta[a]phenanthren-3-one",C21H27FO6
C[C@]12C[C@H](O)[C@@]3(F)[C@@H](CCC4=CC(=O)C=C[C@@]43C)[C@@H]1C[C@H]1Cc3ccccc3C[C@]12C(=O)CO.O,"(1S,2S,10S,11R,12S,14S,15S,24S)-11-fluoro-12-hydroxy-15-(2-hydroxyacetyl)-10,14-dimethylhexacyclo[12.11.0.02,11.05,10.015,24.017,22]pentacosa-5,8,17,19,21-pentaen-7-one;hydrate",C29H35FO5
C[C@]12C[C@H](O)[C@@]3(F)[C@@H](CCC4=CC(=O)CC[C@@]43C)[C@@H]1CC[C@]2(O)C(=O)CO,"(8S,9R,10S,11S,13S,14S,17R)-9-fluoro-11,17-dihydroxy-17-(2-hydroxyacetyl)-10,13-dimethyl-1,2,6,7,8,11,12,14,15,16-decahydrocyclopenta[a]phenanthren-3-one",C21H29FO5
C[C@]12C[C@H](O)[C@@]3(F)[C@@H](C[C@H](F)C4=CC(=O)C=C[C@@]43C)[C@@H]1C[C@@H](O)[C@]2(O)C(=O)CO,"(6S,8S,9R,10S,11S,13S,14S,16R,17S)-6,9-difluoro-11,16,17-trihydroxy-17-(2-hydroxyacetyl)-10,13-dimethyl-6,7,8,11,12,14,15,16-octahydrocyclopenta[a]phenanthren-3-one",C21H26F2O6
C[C@]12C[C@H](O)[C@H]3[C@@H](CCC4=CC(=O)C=C[C@@]43C)[C@@H]1CC[C@]2(O)C(=O)CO,"(8S,9S,10R,11S,13S,14S,17R)-11,17-dihydroxy-17-(2-hydroxyacetyl)-10,13-dimethyl-7,8,9,11,12,14,15,16-octahydro-6H-cyclopenta[a]phenanthren-3-one",C21H28O5
C[C@]12C[C@H](O)[C@H]3[C@@H](C=C(Cl)C4=CC(=O)C=C[C@@]43C)[C@@H]1CC[C@]2(O)C(=O)CO,"(8S,9S,10R,11S,13S,14S,17R)-6-chloro-11,17-dihydroxy-17-(2-hydroxyacetyl)-10,13-dimethyl-9,11,12,14,15,16-hexahydro-8H-cyclopenta[a]phenanthren-3-one",C21H25ClO5
C[C@]12C[C@H](O)[C@H]3[C@@H](CCC4=CC(=O)CC[C@@]43C)[C@@H]1CC[C@@H]2C(=O)CO,"(8S,9S,10R,11S,13S,14S,17S)-11-hydroxy-17-(2-hydroxyacetyl)-10,13-dimethyl-1,2,6,7,8,9,11,12,14,15,16,17-dodecahydrocyclopenta[a]phenanthren-3-one",C21H30O4
C[C@]12C[C@H](O)[C@H]3[C@@H](CCC4=CC(=O)CC[C@@]43C)[C@@H]1CC[C@]2(O)C(=O)CO,"(8S,9S,10R,11S,13S,14S,17R)-11,17-dihydroxy-17-(2-hydroxyacetyl)-10,13-dimethyl-2,6,7,8,9,11,12,14,15,16-decahydro-1H-cyclopenta[a]phenanthren-3-one",C21H30O5
C[C@]12C[C@H](O)[C@H]3[C@@H](CCC4=CC(=O)C=C[C@@]43C)[C@@H]1CC[C@]2(O)C(=O)COC(=O)CCC(=O)[O-].[Na+],"sodium 4-[2-[(8S,9S,10R,11S,13S,14S,17R)-11,17-dihydroxy-10,13-dimethyl-3-oxo-7,8,9,11,12,14,15,16-octahydro-6H-cyclopenta[a]phenanthren-17-yl]-2-oxoethoxy]-4-oxobutanoate",C25H31NaO8
C[C@]12C[C@H](O)[C@H]3[C@@H](CCC4=CC(=O)CC[C@@]43C)[C@@H]1CC[C@]2(O)C(=O)COC(=O)CCC(=O)O.O,"4-[2-[(8S,9S,10R,11S,13S,14S,17R)-11,17-dihydroxy-10,13-dimethyl-3-oxo-2,6,7,8,9,11,12,14,15,16-decahydro-1H-cyclopenta[a]phenanthren-17-yl]-2-oxoethoxy]-4-oxobutanoic acid;hydrate",C25H36O9
C[C@]12C[C@H](O)[C@H]3[C@@H](CCC4=CC(=O)CC[C@@]43C)[C@@H]1CC[C@]2(O)C(=O)CS,"(8S,9S,10R,11S,13S,14S,17R)-11,17-dihydroxy-10,13-dimethyl-17-(2-sulfanylacetyl)-2,6,7,8,9,11,12,14,15,16-decahydro-1H-cyclopenta[a]phenanthren-3-one",C21H30O4S
C[C@]12C[C@H](O)[C@H]3[C@@H](C[C@H](F)C4=CC(=O)C=C[C@@]43C)[C@@H]1CC[C@]2(O)C(=O)CO,"(6S,8S,9S,10R,11S,13S,14S,17R)-6-fluoro-11,17-dihydroxy-17-(2-hydroxyacetyl)-10,13-dimethyl-7,8,9,11,12,14,15,16-octahydro-6H-cyclopenta[a]phenanthren-3-one",C21H27FO5
C[C@]12Cc3cn[nH]c3C[C@@H]1CC[C@@H]1[C@@H]2CC[C@@]2(C)[C@H]1CC[C@]2(C)O,"(1S,2S,10S,13R,14S,17S,18S)-2,17,18-trimethyl-6,7-diazapentacyclo[11.7.0.02,10.04,8.014,18]icosa-4(8),5-dien-17-ol",C21H32N2O
C[N+](C)(C)CCO,2-hydroxyethyl(trimethyl)azanium,C5H14NO+
C[N+](C)([O-])CC/C=C1/c2ccccc2C=Cc2c(Cl)cccc21,"(3Z)-3-(7-chloro-2-tricyclo[9.4.0.03,8]pentadeca-1(15),3(8),4,6,9,11,13-heptaenylidene)-N,N-dimethylpropan-1-amine oxide",C20H20ClNO
C[N+](C)([O-])CCCN1c2ccccc2CCc2ccccc21,"3-(5,6-dihydrobenzo[b][1]benzazepin-11-yl)-N,N-dimethylpropan-1-amine oxide",C19H24N2O
C[N+](C)([O-])CCC=C1c2ccccc2CCc2ccccc21,"N,N-dimethyl-3-(2-tricyclo[9.4.0.03,8]pentadeca-1(15),3,5,7,11,13-hexaenylidene)propan-1-amine oxide",C20H23NO
C[N+]1(C)CCCC(OC(=O)C(O)(c2ccccc2)c2ccccc2)C1.[Br-],"(1,1-dimethylpiperidin-1-ium-3-yl) 2-hydroxy-2,2-diphenylacetate bromide",C21H26BrNO3
C[N+]1(C)CCC(OC(=O)C(O)(c2ccccc2)C2CCCC2)C1.[Br-],"(1,1-dimethylpyrrolidin-1-ium-3-yl) 2-cyclopentyl-2-hydroxy-2-phenylacetate bromide",C19H28BrNO3
C[N+]12CCC(CC1)C(OC(=O)C(O)(c1ccccc1)c1ccccc1)C2.[Br-],"(1-methyl-1-azoniabicyclo[2.2.2]octan-3-yl) 2-hydroxy-2,2-diphenylacetate bromide",C22H26BrNO3
C[N+]1([O-])C2CCC1CC(OC(=O)C(CO)c1ccccc1)C2,(8-methyl-8-oxido-8-azoniabicyclo[3.2.1]octan-3-yl) 3-hydroxy-2-phenylpropanoate,C17H23NO4
C[NH+]O.Cc1oc(C(C)(C)N(C(C)(C)N)C(C)(C)N)c(C)c1C.[OH-],,C17H37N4O3
C[S+](CC[C@H](N)C(=O)[O-])C[C@H]1O[C@@H](n2cnc3c(N)ncnc32)[C@H](O)[C@@H]1O,"(2S)-2-amino-4-[[(2S,3S,4R,5R)-5-(6-aminopurin-9-yl)-3,4-dihydroxyoxolan-2-yl]methyl-methylsulfonio]butanoate",C15H22N6O5S
Cc1[nH]ccc2c1[nH]c1cc(=O)ccc12,"1-methyl-2,9-dihydropyrido[3,4-b]indol-7-one",C12H10N2O
Cc1[nH]nc2c1N(c1ccccc1)C(=O)CC(=O)N2C,"3,8-dimethyl-4-phenyl-2H-pyrazolo[3,4-b][1,4]diazepine-5,7-dione",C14H14N4O2
Cc1c(C)c2c(c(C)c1O)CC[C@@](C)(CCC[C@H](C)CCC[C@H](C)CCCC(C)C)O2,"(2R)-2,5,7,8-tetramethyl-2-[(4R,8R)-4,8,12-trimethyltridecyl]-3,4-dihydrochromen-6-ol",C29H50O2
Cc1c(C)c2ccc(OCc3nnc(C(C)C)s3)cc2oc1=O,"3,4-dimethyl-7-[(5-propan-2-yl-1,3,4-thiadiazol-2-yl)methoxy]chromen-2-one",C17H18N2O3S
Cc1c(F)c(N2CCNC(C)C2)cc2c1c(=O)c(C(=O)O)cn2C1CC1,1-cyclopropyl-6-fluoro-5-methyl-7-(3-methylpiperazin-1-yl)-4-oxoquinoline-3-carboxylic acid,C19H22FN3O3
Cc1c(N(C)C)c(=O)n(-c2ccccc2)n1C,"4-(dimethylamino)-1,5-dimethyl-2-phenylpyrazol-3-one",C13H17N3O
Cc1c(O)c(=O)ccn1C,"3-hydroxy-1,2-dimethylpyridin-4-one",C7H9NO2
Cc1c(O)c(=O)ccn1CCCO,3-hydroxy-1-(3-hydroxypropyl)-2-methylpyridin-4-one,C9H13NO3
Cc1c(O)cccc1C(=O)N[C@@H](CSc1ccccc1)[C@H](O)CN1C[C@H]2CCCC[C@H]2C[C@H]1C(=O)NC(C)(C)C,"(3S,4aS,8aS)-N-tert-butyl-2-[(2R,3R)-2-hydroxy-3-[(3-hydroxy-2-methylbenzoyl)amino]-4-phenylsulfanylbutyl]-3,4,4a,5,6,7,8,8a-octahydro-1H-isoquinoline-3-carboxamide",C32H45N3O4S
Cc1c2c(cn1C)NC(=O)CN=C2c1ccccc1,"6,7-dimethyl-5-phenyl-1,3-dihydropyrrolo[3,4-e][1,4]diazepin-2-one",C15H15N3O
Cc1c[nH+][o+]c(C([NH])CC(C)C(C)(C)N(C(C)(C)C)C(C)(N)N)c1[O-],,C18H35N5O2+
Cc1c2oc3c(C)ccc(C(=O)NC4C(=O)NC(C(C)C)C(=O)N5CCCC5C(=O)N(C)CC(=O)N(C)C(C(C)C)C(=O)OC4C)c3nc-2c(C(=O)NC2C(=O)NC(C(C)C)C(=O)N3CCCC3C(=O)N(C)CC(=O)N(C)C(C(C)C)C(=O)OC2C)c(N)c1=O,"2-amino-4,6-dimethyl-3-oxo-1-N,9-N-bis[7,11,14-trimethyl-2,5,9,12,15-pentaoxo-3,10-di(propan-2-yl)-8-oxa-1,4,11,14-tetrazabicyclo[14.3.0]nonadecan-6-yl]phenoxazine-1,9-dicarboxamide",C62H86N12O16
Cc1cc(-c2ccccc2)nnc1NCCN1CCOCC1,4-methyl-N-(2-morpholin-4-ylethyl)-6-phenylpyridazin-3-amine,C17H22N4O
Cc1cc(=O)c(C(=O)N[C@@H](C(=O)NC2C(=O)N3C(C(=O)O)=C(CSc4nnnn4C)CS[C@H]23)c2ccc(O)cc2)c[nH]1,(6R)-7-[[(2R)-2-(4-hydroxyphenyl)-2-[(6-methyl-4-oxo-1H-pyridine-3-carbonyl)amino]acetyl]amino]-3-[(1-methyltetrazol-5-yl)sulfanylmethyl]-8-oxo-5-thia-1-azabicyclo[4.2.0]oct-2-ene-2-carboxylic acid,C25H24N8O7S2
Cc1cc(=O)oc2cc(O)ccc12,7-hydroxy-4-methylchromen-2-one,C10H8O3
Cc1cc(=O)n(-c2ccccc2)n1C,"1,5-dimethyl-2-phenylpyrazol-3-one",C11H12N2O
Cc1cc(Br)cc(C(N)=O)c1O,5-bromo-2-hydroxy-3-methylbenzamide,C8H8BrNO2
Cc1cc(C(=O)NNCc2ccccc2)no1,"N'-benzyl-5-methyl-1,2-oxazole-3-carbohydrazide",C12H13N3O2
Cc1cc(C(C)(C)SC(C)(C)CNc2[nH]ccc2[N+](=O)[O-])nc(C)c1C,,C19H28N4O2S
Cc1cc(C)c(=O)[nH]n1,"3,5-dimethyl-1H-pyridazin-6-one",C6H8N2O
Cc1cc(C)cc(OCC2CNC(=O)O2)c1,"5-[(3,5-dimethylphenoxy)methyl]-1,3-oxazolidin-2-one",C12H15NO3
Cc1cc(CCN2CCN(c3cccc(Cl)c3)CC2)n[nH]1,1-(3-chlorophenyl)-4-[2-(5-methyl-1H-pyrazol-3-yl)ethyl]piperazine,C16H21ClN4
Cc1cc(N(C)C)ccc1C[C@H](C)N.O=C(O)[C@H](O)[C@@H](O)C(=O)O,"4-[(2S)-2-aminopropyl]-N,N,3-trimethylaniline;(2R,3R)-2,3-dihydroxybutanedioic acid",C16H26N2O6
Cc1cc(N/C(O)=C2\C(=O)c3ccccc3S(=O)(=O)N2C)no1,"4-hydroxy-2-methyl-N-(5-methyl-1,2-oxazol-3-yl)-1,1-dioxo-1lambda6,2-benzothiazine-3-carboxamide",C14H13N3O5S
Cc1cc(NC(=O)c2c(C)cccc2C)no1,"2,6-dimethyl-N-(5-methyl-1,2-oxazol-3-yl)benzamide",C13H14N2O2
Cc1cc(NS(=O)(=O)c2ccc(N)cc2)no1,"4-amino-N-(5-methyl-1,2-oxazol-3-yl)benzenesulfonamide",C10H11N3O3S
Cc1cc2c(s1)=Nc1ccc(F)cc1NC=2N1CCN(C)CC1,"7-fluoro-2-methyl-4-(4-methylpiperazin-1-yl)-10H-thieno[2,3-b][1,5]benzodiazepine",C17H19FN4S
Cc1cc2c(s1)=Nc1ccccc1NC=2N1CCN(C)CC1,"2-methyl-4-(4-methylpiperazin-1-yl)-10H-thieno[2,3-b][1,5]benzodiazepine",C17H20N4S
Cc1ccc(C(=O)c2cc(O)c(O)c([N+](=O)[O-])c2)cc1,"(3,4-dihydroxy-5-nitrophenyl)-(4-methylphenyl)methanone",C14H11NO5
Cc1ccc(-c2nc3ccc(C)cn3c2CC(=O)N(C)C)cc1,"N,N-dimethyl-2-[6-methyl-2-(4-methylphenyl)imidazo[1,2-a]pyridin-3-yl]acetamide",C19H21N3O
Cc1ccc(C)cc1,"1,4-xylene",C8H10
Cc1ccc(C(C)C)c(OCC2=NCCN2)c1,"2-[(5-methyl-2-propan-2-ylphenoxy)methyl]-4,5-dihydro-1H-imidazole",C14H20N2O
Cc1ccc(CC2=CNC(NCCSCc3ccc(CN(C)C)o3)=NC2)cn1,,C21H29N5OS
Cc1ccc(C2(O)CCN(CCCC(=O)c3ccc(F)cc3)CC2)cc1,1-(4-fluorophenyl)-4-[4-hydroxy-4-(4-methylphenyl)piperidin-1-yl]butan-1-one,C22H26FNO2
Cc1ccc(Cc2ccccc2)c(N2CCNCC2)c1,1-(2-benzyl-5-methylphenyl)piperazine,C18H22N2
Cc1ccc(Cc2cnc(NCCCCc3ncc(Br)cc3C)[nH]c2=O)cn1,2-[4-(5-bromo-3-methyl-2-pyridinyl)butylamino]-5-[(6-methyl-3-pyridinyl)methyl]-1H-pyrimidin-6-one,C21H24BrN5O
Cc1ccc(Cc2cnc(NCCSCc3ccc(C(C)(C)N)o3)[nH]c2=O)cn1,2-[2-[[5-(2-aminopropan-2-yl)furan-2-yl]methylsulfanyl]ethylamino]-5-[(6-methyl-3-pyridinyl)methyl]-1H-pyrimidin-6-one,C21H27N5O2S
Cc1ccc(Cl)c(Nc2ccccc2C(=O)O)c1Cl,"2-(2,6-dichloro-3-methylanilino)benzoic acid",C14H11Cl2NO2
Cc1ccc(S(=O)(=O)CCN2C(=O)CN=C(c3ccccc3Cl)c3cc(Cl)ccc32)cc1,"7-chloro-5-(2-chlorophenyl)-1-[2-(4-methylphenyl)sulfonylethyl]-3H-1,4-benzodiazepin-2-one",C24H20Cl2N2O3S
Cc1ccc(S(=O)(=O)NC(=O)NN2CCCCCC2)cc1,1-(azepan-1-yl)-3-(4-methylphenyl)sulfonylurea,C14H21N3O3S
Cc1ccc2c(c1)C(N1CCN(C)CC1)=Nc1ccccc1S2,"8-methyl-6-(4-methylpiperazin-1-yl)benzo[b][1,4]benzothiazepine",C19H21N3S
Cc1ccc2c(c1)C1CN(C)CCC1N2,"2,8-dimethyl-1,3,4,4a,5,9b-hexahydropyrido[4,3-b]indole",C13H18N2
Cc1ccc2c(c1)[C@]13CCCC[C@@H]1[C@H](C2)N(C)CC3,"(1S,9S,10S)-4,17-dimethyl-17-azatetracyclo[7.5.3.01,10.02,7]heptadeca-2(7),3,5-triene",C18H25N
Cc1ccc2c(c1)c1c3n2CCNC3CCC1.[Cl-].[H+],"hydron;12-methyl-1,4-diazatetracyclo[7.6.1.05,16.010,15]hexadeca-9(16),10(15),11,13-tetraene;chloride",C15H19ClN2
Cc1cccc(C)c1,"1,3-xylene",C8H10
Cc1cccc(/C=N/N2CCN(C(c3ccccc3)c3ccccc3)CC2)n1,(E)-N-(4-benzhydrylpiperazin-1-yl)-1-(6-methyl-2-pyridinyl)methanimine,C24H26N4
Cc1cccc(C)c1NC(=O)c1ccc(N)cc1,"4-amino-N-(2,6-dimethylphenyl)benzamide",C15H16N2O
Cc1cccc(C)c1NC(=O)CN1CCCC1=O,"N-(2,6-dimethylphenyl)-2-(2-oxopyrrolidin-1-yl)acetamide",C14H18N2O2
Cc1cccc(C)c1NC1=NCCCS1,"N-(2,6-dimethylphenyl)-5,6-dihydro-4H-1,3-thiazin-2-amine",C12H16N2S
Cc1cccc(C)c1OCC(C)N,"1-(2,6-dimethylphenoxy)propan-2-amine",C11H17NO
Cc1cccc(Cc2cnc[nH]2)c1C,"5-[(2,3-dimethylphenyl)methyl]-1H-imidazole",C12H14N2
Cc1cccc(Cl)c1NC(=O)/C=C1\SCC(=O)N1C,"(2Z)-N-(2-chloro-6-methylphenyl)-2-(3-methyl-4-oxo-1,3-thiazolidin-2-ylidene)acetamide",C13H13ClN2O2S
Cc1cccc(N2CC(CO)OC2=O)c1,"5-(hydroxymethyl)-3-(3-methylphenyl)-1,3-oxazolidin-2-one",C11H13NO3
Cc1cccc(N2CCN(CCc3cc(C)[nH]n3)CC2)c1,1-(3-methylphenyl)-4-[2-(5-methyl-1H-pyrazol-3-yl)ethyl]piperazine,C17H24N4
Cc1cccc(Nc2ccccc2C(=O)O)c1C,"2-(2,3-dimethylanilino)benzoic acid",C15H15NO2
Cc1cccc(O[C@H]2CCNC[C@H]2O)c1C,"(3R,4S)-4-(2,3-dimethylphenoxy)piperidin-3-ol",C13H19NO2
Cc1cccc2c1Oc1ccccc1C1(O)CCN(C)CC21,"4,16-dimethyl-14-oxa-4-azatetracyclo[13.4.0.02,7.08,13]nonadeca-1(19),8,10,12,15,17-hexaen-7-ol",C19H21NO2
Cc1cccc2c1Oc1ccccc1C1(O)CCNCC21,"16-methyl-14-oxa-4-azatetracyclo[13.4.0.02,7.08,13]nonadeca-1(19),8,10,12,15,17-hexaen-7-ol",C18H19NO2
Cc1cccc2c1Oc1ccccc1[C@@]1(O)CCN(C)C[C@@H]21,"(2R,7R)-4,16-dimethyl-14-oxa-4-azatetracyclo[13.4.0.02,7.08,13]nonadeca-1(19),8,10,12,15,17-hexaen-7-ol",C19H21NO2
Cc1cccc2c1Oc1ccccc1[C@@]1(O)CCN(C)C[C@H]21,,C19H21NO2
Cc1cccc2c1Oc1ccccc1[C@@]1(O)CCNC[C@H]21,,C18H19NO2
Cc1ccccc1,toluene,C7H8
Cc1ccccc1-n1c(/C=C/c2ccccn2)nc2ccccc2c1=O,3-(2-methylphenyl)-2-[(E)-2-pyridin-2-ylethenyl]quinazolin-4-one,C22H17N3O
Cc1ccccc1-n1c(C)nc2ccccc2c1=O,2-methyl-3-(2-methylphenyl)quinazolin-4-one,C16H14N2O
Cc1ccccc1C,"1,2-xylene",C8H10
Cc1ccccc1C(OCCN(C)C)c1ccccc1,"N,N-dimethyl-2-[(2-methylphenyl)-phenylmethoxy]ethanamine",C18H23NO
Cc1ccccc1N1CCN(CCCOc2ccccn2)CC1,1-(2-methylphenyl)-4-(3-pyridin-2-yloxypropyl)piperazine,C19H25N3O
Cc1ccccc1OCC(COC(O)C(Cl)(Cl)Cl)OC(O)C(Cl)(Cl)Cl,"2,2,2-trichloro-1-[3-(2-methylphenoxy)-2-(2,2,2-trichloro-1-hydroxyethoxy)propoxy]ethanol",C14H16Cl6O5
Cc1ccsc1C(=CCCN1CCC[C@@H](C(=O)O)C1)c1sccc1C,"(3R)-1-[4,4-bis(3-methylthiophen-2-yl)but-3-enyl]piperidine-3-carboxylic acid",C20H25NO2S2
Cc1ccnc2c1NC(=O)c1cccnc1N2C1CC1,"2-cyclopropyl-7-methyl-2,4,9,15-tetrazatricyclo[9.4.0.03,8]pentadeca-1(11),3,5,7,12,14-hexaen-10-one",C15H14N4O
Cc1cn([C@H]2C=C[C@@H](CO)O2)c(=O)[nH]c1=O,"1-[(2R,5S)-5-(hydroxymethyl)-2,5-dihydrofuran-2-yl]-5-methylpyrimidine-2,4-dione",C10H12N2O4
Cc1cn([C@H]2C[C@H](F)[C@@H](CO)O2)c(=O)[nH]c1=O,"1-[(2R,4S,5R)-4-fluoro-5-(hydroxymethyl)oxolan-2-yl]-5-methylpyrimidine-2,4-dione",C10H13FN2O4
Cc1cn([C@H]2C[C@H](N=[N+]=[N-])[C@@H](CO)O2)c(=O)[nH]c1=O,"1-[(2R,4S,5S)-4-azido-5-(hydroxymethyl)oxolan-2-yl]-5-methylpyrimidine-2,4-dione",C10H13N5O4
Cc1cnc(N/C(O)=C2/C(=O)c3ccccc3S(=O)(=O)N2C)s1,"4-hydroxy-2-methyl-N-(5-methyl-1,3-thiazol-2-yl)-1,1-dioxo-1lambda6,2-benzothiazine-3-carboxamide",C14H13N3O4S2
Cc1csc(N=C(N)N)n1,"2-(4-methyl-1,3-thiazol-2-yl)guanidine",C5H8N4S
Cc1cnn(-c2c(Cl)cccc2Cl)c1C(=O)N[C@@H]1C(=O)N2[C@@H](C(=O)O)C(C)(C)S[C@H]12,"(2S,5R,6R)-6-[[1-(2,6-dichlorophenyl)-4-methylpyrazole-5-carbonyl]amino]-3,3-dimethyl-7-oxo-4-thia-1-azabicyclo[3.2.0]heptane-2-carboxylic acid",C19H18Cl2N4O4S
Cc1csc2ccc3[nH]c4c(c3c12)CN(C)CC4,"3,14-dimethyl-5-thia-10,14-diazatetracyclo[7.7.0.02,6.011,16]hexadeca-1(9),2(6),3,7,11(16)-pentaene",C15H16N2S
Cc1nc(C)c2c(n1)N(Cc1ccc(-c3ccccc3-c3nn[nH]n3)cc1)C(=O)CC2,"2,4-dimethyl-8-[[4-[2-(2H-tetrazol-5-yl)phenyl]phenyl]methyl]-5,6-dihydropyrido[2,3-d]pyrimidin-7-one",C23H21N7O
Cc1nc2ccccc2c(=O)n1-c1ccccc1Cl,3-(2-chlorophenyl)-2-methylquinazolin-4-one,C15H11ClN2O
Cc1nc2c(C)cccn2c(=O)c1CCN1CCC(c2noc3cc(F)ccc23)CC1,"3-[2-[4-(6-fluoro-1,2-benzoxazol-3-yl)piperidin-1-yl]ethyl]-2,9-dimethylpyrido[1,2-a]pyrimidin-4-one",C24H25FN4O2
Cc1nc2n(c(=O)c1CCN1CCC(C(=O)c3ccc(F)cc3)CC1)CCS2,"6-[2-[4-(4-fluorobenzoyl)piperidin-1-yl]ethyl]-7-methyl-2,3-dihydro-[1,3]thiazolo[3,2-a]pyrimidin-5-one",C21H24FN3O2S
Cc1nc2n(c(=O)c1CCN1CCC(c3noc4cc(F)ccc34)CC1)CCCC2,"3-[2-[4-(6-fluoro-1,2-benzoxazol-3-yl)piperidin-1-yl]ethyl]-2-methyl-6,7,8,9-tetrahydropyrido[1,2-a]pyrimidin-4-one",C23H27FN4O2
Cc1nc2n(c(=O)c1CCN1CCC(c3noc4cc(F)ccc34)CC1)CCCC2O,"3-[2-[4-(6-fluoro-1,2-benzoxazol-3-yl)piperidin-1-yl]ethyl]-9-hydroxy-2-methyl-6,7,8,9-tetrahydropyrido[1,2-a]pyrimidin-4-one",C23H27FN4O3
Cc1nc2n(c(=O)c1CCN1CCC(c3noc4cc(F)ccc34)CC1)CCC[C@H]2O,"(9R)-3-[2-[4-(6-fluoro-1,2-benzoxazol-3-yl)piperidin-1-yl]ethyl]-9-hydroxy-2-methyl-6,7,8,9-tetrahydropyrido[1,2-a]pyrimidin-4-one",C23H27FN4O3
Cc1nc2n(n1)C(N1CCN(C)CC1)=Nc1ccccc1C2,"2-methyl-5-(4-methylpiperazin-1-yl)-11H-[1,2,4]triazolo[1,5-c][1,3]benzodiazepine",C16H20N6
Cc1ncc(CSSCc2cnc(C)c(O)c2CO)c(CO)c1O,5-[[[5-hydroxy-4-(hydroxymethyl)-6-methyl-3-pyridinyl]methyldisulfanyl]methyl]-4-(hydroxymethyl)-2-methylpyridin-3-ol,C16H20N2O4S2
Cc1ncc([N+](=O)[O-])n1CC(O)CCl,1-chloro-3-(2-methyl-5-nitroimidazol-1-yl)propan-2-ol,C7H10ClN3O3
Cc1ncc([N+](=O)[O-])n1CCO,2-(2-methyl-5-nitroimidazol-1-yl)ethanol,C6H9N3O3
Cc1ncc2n1-c1ccc(Cl)cc1C(c1ccccc1Cl)=NC2,"8-chloro-6-(2-chlorophenyl)-1-methyl-4H-imidazo[1,5-a][1,4]benzodiazepine",C18H13Cl2N3
Cc1ncc2n1-c1ccc(Cl)cc1C(c1ccccc1F)=NC2,"8-chloro-6-(2-fluorophenyl)-1-methyl-4H-imidazo[1,5-a][1,4]benzodiazepine",C18H13ClFN3
Cc1ncc2n1-c1ccc(Cl)cc1C(c1ccccc1F)=NC2.O=C(O)/C=C\C(=O)O,"(Z)-but-2-enedioic acid;8-chloro-6-(2-fluorophenyl)-1-methyl-4H-imidazo[1,5-a][1,4]benzodiazepine",C22H17ClFN3O4
Cc1nccc2c1[nH]c1ccccc12,"1-methyl-9H-pyrido[3,4-b]indole",C12H10N2
Cc1ncc2n1-c1ccc(Cl)cc1C(c1ccccc1F)=NC2O,"8-chloro-6-(2-fluorophenyl)-1-methyl-4H-imidazo[1,5-a][1,4]benzodiazepin-4-ol",C18H13ClFN3O
Cc1nccn1C(C)c1ccccc1,2-methyl-1-(1-phenylethyl)imidazole,C12H14N2
Cc1nccn1CC1CCc2c(c3ccccc3n2C)C1=O,"9-methyl-3-[(2-methylimidazol-1-yl)methyl]-2,3-dihydro-1H-carbazol-4-one",C18H19N3O
Cc1nccnc1N1CCCCC1,2-methyl-3-piperidin-1-ylpyrazine,C10H15N3
Cc1ncsc1CCCl,"5-(2-chloroethyl)-4-methyl-1,3-thiazole",C6H8ClNS
Cc1nn(C)c2c1C(c1ccccc1F)=NCC(=O)N2C,"4-(2-fluorophenyl)-1,3,8-trimethyl-6H-pyrazolo[5,4-e][1,4]diazepin-7-one",C15H15FN4O
Cc1nn(C)c2c1N(c1ccccc1)C(=O)CC(=O)N2C,"1,3,8-trimethyl-4-phenylpyrazolo[4,5-b][1,4]diazepine-5,7-dione",C15H16N4O2
Cc1nnc(SCC2=C(C(=O)O)N3C(=O)[C@@H](NC(=O)C(N)c4ccc(O)cc4)[C@H]3SC2)s1,"(6R,7R)-7-[[2-amino-2-(4-hydroxyphenyl)acetyl]amino]-3-[(5-methyl-1,3,4-thiadiazol-2-yl)sulfanylmethyl]-8-oxo-5-thia-1-azabicyclo[4.2.0]oct-2-ene-2-carboxylic acid",C19H19N5O5S3
Cc1nnc(SCC2=C(C(=O)O)N3C(=O)[C@@H](NC(=O)Cn4cc(Cl)c(=O)c(Cl)c4)[C@H]3SC2)s1,"(6R,7R)-7-[[2-(3,5-dichloro-4-oxo-1-pyridinyl)acetyl]amino]-3-[(5-methyl-1,3,4-thiadiazol-2-yl)sulfanylmethyl]-8-oxo-5-thia-1-azabicyclo[4.2.0]oct-2-ene-2-carboxylic acid",C18H15Cl2N5O5S3
Cc1nnc(SCC2=C(C(=O)O)N3C(=O)[C@@H](NC(=O)[C@H](O)c4ccccc4)[C@H]3SC2)s1,"(6R,7R)-7-[[(2R)-2-hydroxy-2-phenylacetyl]amino]-3-[(5-methyl-1,3,4-thiadiazol-2-yl)sulfanylmethyl]-8-oxo-5-thia-1-azabicyclo[4.2.0]oct-2-ene-2-carboxylic acid",C19H18N4O5S3
Cc1nnc(SCC2=C(C(=O)OCc3oc(=O)oc3C)N3C(=O)C(NC(=O)C(OC(=O)C(C)N)c4ccccc4)C3SC2)s1,"(5-methyl-2-oxo-1,3-dioxol-4-yl)methyl 7-[[2-(2-aminopropanoyloxy)-2-phenylacetyl]amino]-3-[(5-methyl-1,3,4-thiadiazol-2-yl)sulfanylmethyl]-8-oxo-5-thia-1-azabicyclo[4.2.0]oct-2-ene-2-carboxylate",C27H27N5O9S3
Cc1nnc(SCC2=C(C(=O)[O-])N3C(=O)[C@@H](NC(=O)Cn4cnnn4)[C@H]3SC2)s1.[Na+],"sodium (6R,7R)-3-[(5-methyl-1,3,4-thiadiazol-2-yl)sulfanylmethyl]-8-oxo-7-[[2-(tetrazol-1-yl)acetyl]amino]-5-thia-1-azabicyclo[4.2.0]oct-2-ene-2-carboxylate",C14H13N8NaO4S3
Cc1nnc2n1-c1ccc(Cl)cc1C(c1ccccc1)=NC2,"8-chloro-1-methyl-6-phenyl-4H-[1,2,4]triazolo[4,3-a][1,4]benzodiazepine",C17H13ClN4
Cc1nnc2n1-c1ccc(Cl)cc1C(c1ccccc1Cl)=NC2,"8-chloro-6-(2-chlorophenyl)-1-methyl-4H-[1,2,4]triazolo[4,3-a][1,4]benzodiazepine",C17H12Cl2N4
Cc1nnc2n1-c1sc(Br)cc1C(c1ccccc1Cl)=NC2,"4-bromo-7-(2-chlorophenyl)-13-methyl-3-thia-1,8,11,12-tetrazatricyclo[8.3.0.02,6]trideca-2(6),4,7,10,12-pentaene",C15H10BrClN4S
Cc1noc(NS(=O)(=O)c2ccc(N)cc2)c1C,"4-amino-N-(3,4-dimethyl-1,2-oxazol-5-yl)benzenesulfonamide",C11H13N3O3S
Cc1oc(=O)oc1COC(=O)[C@@H]1N2C(=O)[C@@H](NC(=O)[C@H](N)c3ccccc3)[C@H]2SC1(C)C,"(5-methyl-2-oxo-1,3-dioxol-4-yl)methyl (2S,5R,6R)-6-[[(2R)-2-amino-2-phenylacetyl]amino]-3,3-dimethyl-7-oxo-4-thia-1-azabicyclo[3.2.0]heptane-2-carboxylate",C21H23N3O7S
Cc1onc(-c2c(Cl)cccc2Cl)c1C(=O)N[C@@H]1C(=O)N2[C@@H](C(=O)O)C(C)(C)S[C@H]12,"(2S,5R,6R)-6-[[3-(2,6-dichlorophenyl)-5-methyl-1,2-oxazole-4-carbonyl]amino]-3,3-dimethyl-7-oxo-4-thia-1-azabicyclo[3.2.0]heptane-2-carboxylic acid",C19H17Cl2N3O5S
Cc1onc(-c2c(F)cccc2Cl)c1C(=O)N[C@@H]1C(=O)N2[C@@H](C(=O)O)C(C)(C)S[C@H]12,"(2S,5R,6R)-6-[[3-(2-chloro-6-fluorophenyl)-5-methyl-1,2-oxazole-4-carbonyl]amino]-3,3-dimethyl-7-oxo-4-thia-1-azabicyclo[3.2.0]heptane-2-carboxylic acid",C19H17ClFN3O5S
Cc1onc(-c2ccccc2)c1C(=O)N[C@@H]1C(=O)N2[C@@H](C(=O)O)C(C)(C)S[C@H]12,"(2S,5R,6R)-3,3-dimethyl-6-[(5-methyl-3-phenyl-1,2-oxazole-4-carbonyl)amino]-7-oxo-4-thia-1-azabicyclo[3.2.0]heptane-2-carboxylic acid",C19H19N3O5S
Cc1onc(-c2ccccc2Cl)c1C(=O)N[C@@H]1C(=O)N2[C@@H](C(=O)O)C(C)(C)S[C@H]12,"(2S,5R,6R)-6-[[3-(2-chlorophenyl)-5-methyl-1,2-oxazole-4-carbonyl]amino]-3,3-dimethyl-7-oxo-4-thia-1-azabicyclo[3.2.0]heptane-2-carboxylic acid",C19H18ClN3O5S
Cl/C(=C\n1cncn1)c1ccc(Cl)cc1Cl,"1-[(Z)-2-chloro-2-(2,4-dichlorophenyl)ethenyl]-1,2,4-triazole",C10H6Cl3N3
ClC(Cl)Cl,chloroform,CHCl3
ClC=C(Cl)Cl,"1,1,2-trichloroethene",C2HCl3
ClCCl,dichloromethane,CH2Cl2
Clc1ccc(C(OCCN2CCOCC2)c2ccccc2)cc1,4-[2-[(4-chlorophenyl)-phenylmethoxy]ethyl]morpholine,C19H22ClNO2
Clc1ccc(COC(Cn2ccnc2)c2ccc(Cl)cc2Cl)c(Cl)c1,"1-[2-(2,4-dichlorophenyl)-2-[(2,4-dichlorophenyl)methoxy]ethyl]imidazole",C18H14Cl4N2O
Clc1ccc(COC(Cn2ccnc2)c2ccc(Cl)cc2Cl)cc1,"1-[2-[(4-chlorophenyl)methoxy]-2-(2,4-dichlorophenyl)ethyl]imidazole",C18H15Cl3N2O
Clc1ccc(N2CCN(C/C=C/c3ccccc3)CC2)nn1,3-chloro-6-[4-[(E)-3-phenylprop-2-enyl]piperazin-1-yl]pyridazine,C17H19ClN4
Clc1ccc([C@@H]2[C@H]3CC[C@@H](C3)C23CCC(N2CCOCC2)=N3)cc1,"4-[(1'S,3'S,4'S)-3'-(4-chlorophenyl)spiro[3,4-dihydropyrrole-5,2'-bicyclo[2.2.1]heptane]-2-yl]morpholine",C20H25ClN2O
Clc1ccc(OCC2=NCCN2)cc1Cl,"2-[(3,4-dichlorophenoxy)methyl]-4,5-dihydro-1H-imidazole",C10H10Cl2N2O
Clc1ccc2c(c1)/C(=C/C1CN3CCC1CC3)c1ccccc1S2,3-[(E)-(2-chlorothioxanthen-9-ylidene)methyl]-1-azabicyclo[2.2.2]octane,C21H20ClNS
Clc1ccc2c(c1)C(N1CCNCC1)=Nc1ccccc1O2,"8-chloro-6-piperazin-1-ylbenzo[b][1,4]benzoxazepine",C17H16ClN3O
Clc1ccc2c(c1)C(c1ccccc1)=NCc1nncn1-2,"8-chloro-6-phenyl-4H-[1,2,4]triazolo[4,3-a][1,4]benzodiazepine",C16H11ClN4
Clc1ccc2c(c1)C1CNCC1c1ccccc1O2,"9-chloro-13-oxa-4-azatetracyclo[12.4.0.02,6.07,12]octadeca-1(18),7(12),8,10,14,16-hexaene",C16H14ClNO
Clc1ccc2c(c1)[C@H]1CCNC[C@@H]1c1ccccc1O2,,C17H16ClNO
Clc1ccc2c(c1)[C@H]1CNC[C@H]1c1ccccc1O2,"(2R,6S)-9-chloro-13-oxa-4-azatetracyclo[12.4.0.02,6.07,12]octadeca-1(18),7(12),8,10,14,16-hexaene",C16H14ClNO
Clc1cccc(Cl)c1NC1=NCCN1,"N-(2,6-dichlorophenyl)-4,5-dihydro-1H-imidazol-2-amine",C9H9Cl2N3
Clc1cccc(Cl)c1NC1=NCCO1,"N-(2,6-dichlorophenyl)-4,5-dihydro-1,3-oxazol-2-amine",C9H8Cl2N2O
Clc1ccccc1C(c1ccccc1)(c1ccccc1)n1ccnc1,1-[(2-chlorophenyl)-diphenylmethyl]imidazole,C22H17ClN2
Clc1cnn(CCCCN2CCN(c3ncccn3)CC2)c1,2-[4-[4-(4-chloropyrazol-1-yl)butyl]piperazin-1-yl]pyrimidine,C15H21ClN6
Clc1ccccc1C1=NCc2nnc(C3CCCCC3)n2-c2sc(Br)cc21,"4-bromo-7-(2-chlorophenyl)-13-cyclohexyl-3-thia-1,8,11,12-tetrazatricyclo[8.3.0.02,6]trideca-2(6),4,7,10,12-pentaene",C20H18BrClN4S
Cn1c(=O)[nH]c2ncn(C)c2c1=O,"1,7-dimethyl-3H-purine-2,6-dione",C7H8N4O2
Cn1c(=O)c2[nH]cnc2n(C)c1=O,"1,3-dimethyl-7H-purine-2,6-dione",C7H8N4O2
Cn1c(=O)c2[nH]cnc2n(C)c1=O.Cn1c(=O)c2[nH]cnc2n(C)c1=O.NCCN,"bis(1,3-dimethyl-7H-purine-2,6-dione);ethane-1,2-diamine",C16H24N10O4
Cn1c(=O)c2c(ncn2C)n(C)c1=O,"1,3,7-trimethylpurine-2,6-dione",C8H10N4O2
Cn1c(=O)c2c(ncn2CCNCC(O)c2ccc(O)c(O)c2)n(C)c1=O,"7-[2-[[2-(3,4-dihydroxyphenyl)-2-hydroxyethyl]amino]ethyl]-1,3-dimethylpurine-2,6-dione",C17H21N5O5
Cn1c(=O)c2c(ncn2CCN2CCC(c3c[nH]c4ccccc34)CC2)n(C)c1=O,"7-[2-[4-(1H-indol-3-yl)piperidin-1-yl]ethyl]-1,3-dimethylpurine-2,6-dione",C22H26N6O2
Cn1c(=O)c2nc[nH]c2n(C)c1=O,"1,3-dimethyl-7H-purine-2,6-dione",C7H8N4O2
Cn1cc(CCN2CCN(c3ccccc3Cl)CC2)cn1,1-(2-chlorophenyl)-4-[2-(1-methylpyrazol-4-yl)ethyl]piperazine,C16H21ClN4
Cn1cnc2c1c(=O)[nH]c(=O)n2C,"3,7-dimethylpurine-2,6-dione",C7H8N4O2
Cn1nc(-c2cccc(F)c2)n(C)c1=S,"5-(3-fluorophenyl)-2,4-dimethyl-1,2,4-triazole-3-thione",C10H10FN3S
Cn1nc(-c2cccnc2)nc1-c1ccccc1CO,"[2-(2-methyl-5-pyridin-3-yl-1,2,4-triazol-3-yl)phenyl]methanol",C15H14N4O
Cn1nnnc1SCC1=C(C(=O)O)N2C(=O)[C@@H](NC(=O)CS/C=C\C#N)[C@H]2SC1,"(6R,7R)-7-[[2-[(Z)-2-cyanoethenyl]sulfanylacetyl]amino]-3-[(1-methyltetrazol-5-yl)sulfanylmethyl]-8-oxo-5-thia-1-azabicyclo[4.2.0]oct-2-ene-2-carboxylic acid",C15H15N7O4S3
Cn1nnnc1SCC1=C(C(=O)O)N2C(=O)[C@@H](NC(=O)[C@H](O)c3ccccc3)[C@H]2SC1,"(6R,7R)-7-[[(2R)-2-hydroxy-2-phenylacetyl]amino]-3-[(1-methyltetrazol-5-yl)sulfanylmethyl]-8-oxo-5-thia-1-azabicyclo[4.2.0]oct-2-ene-2-carboxylic acid",C18H18N6O5S2
Cn1nnnc1SCC1=C(C(=O)[O-])N2C(=O)[C@@H](NC(=O)CSC(F)(F)F)[C@H]2SC1.[Na+],"sodium (6R,7R)-3-[(1-methyltetrazol-5-yl)sulfanylmethyl]-8-oxo-7-[[2-(trifluoromethylsulfanyl)acetyl]amino]-5-thia-1-azabicyclo[4.2.0]oct-2-ene-2-carboxylate",C13H12F3N6NaO4S3
FC(Br)C(F)(F)F,"2-bromo-1,1,1,2-tetrafluoroethane",C2HBrF4
FC(F)(Cl)C(F)(F)Cl,"1,2-dichloro-1,1,2,2-tetrafluoroethane",C2Cl2F4
FC(F)(F)C(Cl)Br,"2-bromo-2-chloro-1,1,1-trifluoroethane",C2HBrClF3
FC(F)(F)CCl,"2-chloro-1,1,1-trifluoroethane",C2H2ClF3
FC(F)(F)c1ccc(N2CCNCC2)nc1Cl,1-[6-chloro-5-(trifluoromethyl)-2-pyridinyl]piperazine,C10H11ClF3N3
FC(F)(F)c1ccc2c(c1)N(CCCN1CCN(C3CC3)CC1)c1ccccc1S2,10-[3-(4-cyclopropylpiperazin-1-yl)propyl]-2-(trifluoromethyl)phenothiazine,C23H26F3N3S
FC(F)(F)c1ccc2c(c1)N(CCCN1CCN(CCC3OCCCO3)CC1)c1ccccc1S2.O=C(O)CCC(=O)O,"butanedioic acid;10-[3-[4-[2-(1,3-dioxan-2-yl)ethyl]piperazin-1-yl]propyl]-2-(trifluoromethyl)phenothiazine",C30H38F3N3O6S
FC(F)(F)c1cccc(C2=CCN(CCc3ccc4ccccc4c3)CC2)c1,"1-(2-naphthalen-2-ylethyl)-4-[3-(trifluoromethyl)phenyl]-3,6-dihydro-2H-pyridine",C24H22F3N
FC(F)(F)c1cccc(N2CCN(CCc3nnc4n3C[C@H]3CCC[C@@H]43)CC2)c1,"(1R,8S)-5-[2-[4-[3-(trifluoromethyl)phenyl]piperazin-1-yl]ethyl]-3,4,6-triazatricyclo[6.3.0.02,6]undeca-2,4-diene",C21H26F3N5
FC(F)OC(Cl)C(F)(F)F,"2-chloro-2-(difluoromethoxy)-1,1,1-trifluoroethane",C3H2ClF5O
FC(F)OC(F)(F)C(F)Cl,"2-chloro-1-(difluoromethoxy)-1,1,2-trifluoroethane",C3H2ClF5O
FCC(F)(F)F,"1,1,1,2-tetrafluoroethane",C2H2F4
FC(F)OC(F)C(F)(F)F,"2-(difluoromethoxy)-1,1,1,2-tetrafluoroethane",C3H2F6O
FCOC(C(F)(F)F)C(F)(F)F,"1,1,1,3,3,3-hexafluoro-2-(fluoromethoxy)propane",C4H3F7O
Fc1ccc(-c2ccc(CN3CCN(c4cccc5ccoc45)CC3)[nH]2)cc1,1-(1-benzofuran-7-yl)-4-[[5-(4-fluorophenyl)-1H-pyrrol-2-yl]methyl]piperazine,C23H22FN3O
Fc1ccc(C(CCCN2CCN(CCNc3ccccc3)CC2)c2ccc(F)cc2)cc1,"N-[2-[4-[4,4-bis(4-fluorophenyl)butyl]piperazin-1-yl]ethyl]aniline",C28H33F2N3
Fc1ccc([C@@H]2CCNC[C@H]2COc2ccc3c(c2)OCO3)cc1,"(3S,4R)-3-(1,3-benzodioxol-5-yloxymethyl)-4-(4-fluorophenyl)piperidine",C19H20FNO3
Fc1ccc2[nH]c3c(c2c1)CN(CCCc1cccnc1)CC3,"8-fluoro-2-(3-pyridin-3-ylpropyl)-1,3,4,5-tetrahydropyrido[4,3-b]indole",C19H20FN3
Fc1ccc2[nH]c3c(c2c1)CN(CCc1ccncc1)CC3,"8-fluoro-2-(2-pyridin-4-ylethyl)-1,3,4,5-tetrahydropyrido[4,3-b]indole",C18H18FN3
Fc1cccc(Br)c1NC1=NCCN1,"N-(2-bromo-6-fluorophenyl)-4,5-dihydro-1H-imidazol-2-amine",C9H9BrFN3
Fc1ccccc1C1=NCC(=S)N(CC(F)(F)F)c2ccc(Cl)cc21,"7-chloro-5-(2-fluorophenyl)-1-(2,2,2-trifluoroethyl)-3H-1,4-benzodiazepine-2-thione",C17H11ClF4N2S
Fc1ccccc1C1=NCCN(CC(F)(F)F)c2ccc(Cl)cc21,"7-chloro-5-(2-fluorophenyl)-1-(2,2,2-trifluoroethyl)-2,3-dihydro-1,4-benzodiazepine",C17H13ClF4N2
N#CC(CCN1CCC(C(N)=O)(N2CCCCC2)CC1)(c1ccccc1)c1ccccc1,"1-(3-cyano-3,3-diphenylpropyl)-4-piperidin-1-ylpiperidine-4-carboxamide",C27H34N4O
N#Cc1cc(-c2ccccc2)nnc1NCCN1CCOCC1,3-(2-morpholin-4-ylethylamino)-6-phenylpyridazine-4-carbonitrile,C17H19N5O
N#CCCN1C(=O)C(O)N=C(c2ccccc2F)c2cc(Cl)ccc21,"3-[7-chloro-5-(2-fluorophenyl)-3-hydroxy-2-oxo-3H-1,4-benzodiazepin-1-yl]propanenitrile",C18H13ClFN3O2
N#Cc1ccc2c(c1)C1=C(CCN(CC3CCCC3)CC1)c1ccccc1O2,"18-(cyclopentylmethyl)-8-oxa-18-azatetracyclo[13.5.0.02,7.09,14]icosa-1(15),2(7),3,5,9,11,13-heptaene-4-carbonitrile",C25H26N2O
N#Cc1ccc2c(c1)N(CCCN1CCC(O)CC1)c1ccccc1S2,10-[3-(4-hydroxypiperidin-1-yl)propyl]phenothiazine-2-carbonitrile,C21H23N3OS
N/C(N=O)=C1\NNc2ccccc2N(Cc2ccccc2)C1=O,"5-benzyl-4-hydroxy-N-oxo-1,2-dihydro-1,2,5-benzotriazepine-3-carboximidamide",C16H15N5O2
N=C(N)NCCCOc1ccccc1,2-(3-phenoxypropyl)guanidine,C10H15N3O
N=C(N)c1ccc(-c2ccccc2[N+](=O)[O-])o1,5-(2-nitrophenyl)furan-2-carboximidamide,C11H9N3O3
N=C1SCCN1c1ccc(Cl)cc1N,"5-chloro-2-(2-imino-1,3-thiazolidin-3-yl)aniline",C9H10ClN3S
NC(=O)C1(N2CCCCC2)CCN(CCCC(=O)c2ccc(F)cc2)CC1,1-[4-(4-fluorophenyl)-4-oxobutyl]-4-piperidin-1-ylpiperidine-4-carboxamide,C21H30FN3O2
NC(=O)C1(N2CCCCC2)CCN(CCCN2c3ccccc3CCc3ccc(Cl)cc32)CC1,"1-[3-(2-chloro-5,6-dihydrobenzo[b][1]benzazepin-11-yl)propyl]-4-piperidin-1-ylpiperidine-4-carboxamide",C28H37ClN4O
NC(=O)C1(N2CCCCC2)CCN(CCCN2c3ccccc3CCc3ccccc32)CC1,"1-[3-(5,6-dihydrobenzo[b][1]benzazepin-11-yl)propyl]-4-piperidin-1-ylpiperidine-4-carboxamide",C28H38N4O
NC(=O)C1c2ccccc2C=Cc2ccccc21,"tricyclo[9.4.0.03,8]pentadeca-1(15),3,5,7,9,11,13-heptaene-2-carboxamide",C16H13NO
NC(=O)C1CCCCO1,oxane-2-carboxamide,C6H11NO2
NC(=O)C1c2ccccc2CCc2ccccc21,"tricyclo[9.4.0.03,8]pentadeca-1(15),3,5,7,11,13-hexaene-2-carboxamide",C16H15NO
NC(=O)CCCN/C(=C1\C=C(F)C=CC1=O)c1ccc(Cl)cc1,4-[[(4-chlorophenyl)-(5-fluoro-2-hydroxyphenyl)methylidene]amino]butanamide,C17H16ClFN2O2
NC(=O)CN1C(=O)C(c2ccccc2)c2ccccc21,2-(2-oxo-3-phenyl-3H-indol-1-yl)acetamide,C16H14N2O2
NC(=O)CN1C(=O)COc2ccccc21,"2-(3-oxo-1,4-benzoxazin-4-yl)acetamide",C10H10N2O3
NC(=O)CN1CCCC1=O,2-(2-oxopyrrolidin-1-yl)acetamide,C6H10N2O2
NC(=O)CN1CC(O)CC1=O,2-(4-hydroxy-2-oxopyrrolidin-1-yl)acetamide,C6H10N2O3
NC(=O)CN1Cc2ccccc2OC1=O,"2-(2-oxo-4H-1,3-benzoxazin-3-yl)acetamide",C10H10N2O3
NC(=O)CS(=O)C(c1ccccc1)c1ccccc1,2-benzhydrylsulfinylacetamide,C15H15NO2S
NC(=O)N1CC(Oc2cccc(C(F)(F)F)c2)C1,3-[3-(trifluoromethyl)phenoxy]azetidine-1-carboxamide,C11H11F3N2O2
NC(=O)N1c2ccccc2C2OC2c2ccccc21,"3-oxa-11-azatetracyclo[10.4.0.02,4.05,10]hexadeca-1(16),5,7,9,12,14-hexaene-11-carboxamide",C15H12N2O2
NC(=O)N1c2ccccc2C=Cc2ccccc21,benzo[b][1]benzazepine-11-carboxamide,C15H12N2O
NC(=O)N1c2ccccc2CC(=O)c2ccccc21,5-oxo-6H-benzo[b][1]benzazepine-11-carboxamide,C15H12N2O2
NC(=O)NC(=O)Cc1ccccc1,N-carbamoyl-2-phenylacetamide,C9H10N2O2
NC(=O)NCCN1CCN(c2cccc(C(F)(F)F)c2)CC1,2-[4-[3-(trifluoromethyl)phenyl]piperazin-1-yl]ethylurea,C14H19F3N4O
NC(=O)NO,hydroxyurea,CH4N2O2
NC(=O)OCC(COC(N)=O)c1ccccc1,(3-carbamoyloxy-2-phenylpropyl) carbamate,C11H14N2O4
NC(=O)OCC1[C@H](NC(=O)/C(=N\OCC(=O)O)c2csc(N)n2)C(=O)N1S(=O)(=O)O,"2-[(Z)-[1-(2-amino-1,3-thiazol-4-yl)-2-[[(3S)-2-(carbamoyloxymethyl)-4-oxo-1-sulfoazetidin-3-yl]amino]-2-oxoethylidene]amino]oxyacetic acid",C12H14N6O10S2
NC(=O)OCC(O)COc1ccc(Cl)cc1,[3-(4-chlorophenoxy)-2-hydroxypropyl] carbamate,C10H12ClNO4
NC(=O)OCCCc1ccccc1,3-phenylpropyl carbamate,C10H13NO2
NC(=O)c1ccc(F)c2c1C[C@@H](N(C1CCC1)C1CCC1)CO2,"(3R)-3-[di(cyclobutyl)amino]-8-fluoro-3,4-dihydro-2H-chromene-5-carboxamide",C18H23FN2O2
NC(=O)c1ccccc1O,2-hydroxybenzamide,C7H7NO2
NC(=O)c1cccnc1,pyridine-3-carboxamide,C6H6N2O
NC(=O)c1cn(Cc2c(F)cccc2F)nn1,"1-[(2,6-difluorophenyl)methyl]triazole-4-carboxamide",C10H8F2N4O
NC(=O)c1cnccn1,pyrazine-2-carboxamide,C5H5N3O
NC(=O)c1ncn([C@@H]2O[C@H](CO)[C@@H](O)[C@H]2O)n1,"1-[(2R,3R,4S,5R)-3,4-dihydroxy-5-(hydroxymethyl)oxolan-2-yl]-1,2,4-triazole-3-carboxamide",C8H12N4O5
NC(C(=O)N[C@@H]1C(=O)N2C(C(=O)O)=C(CSc3cn[nH]n3)CS[C@H]12)c1ccc(O)cc1,"(6R,7R)-7-[[2-amino-2-(4-hydroxyphenyl)acetyl]amino]-8-oxo-3-(2H-triazol-4-ylsulfanylmethyl)-5-thia-1-azabicyclo[4.2.0]oct-2-ene-2-carboxylic acid",C18H18N6O5S2
NC(CO)(CO)CO,"2-amino-2-(hydroxymethyl)propane-1,3-diol",C4H11NO3
NC(CO)C(=O)NNCc1ccc(O)c(O)c1O,"2-amino-3-hydroxy-N'-[(2,3,4-trihydroxyphenyl)methyl]propanehydrazide",C10H15N3O5
NC(Cc1c[nH]c2ccc(O)cc12)C(=O)O,2-amino-3-(5-hydroxy-1H-indol-3-yl)propanoic acid,C11H12N2O3
NC(Cc1ccc(N(CCCl)CCCl)cc1)C(=O)O,2-amino-3-[4-[bis(2-chloroethyl)amino]phenyl]propanoic acid,C13H18Cl2N2O2
NC(N)=N/N=C/c1c(Cl)cccc1Cl,"2-[(E)-(2,6-dichlorophenyl)methylideneamino]guanidine",C8H8Cl2N4
NC(N)=NC(=O)c1nc(Cl)c(N)nc1N,"3,5-diamino-6-chloro-N-(diaminomethylidene)pyrazine-2-carboxamide",C6H8ClN7O
NC(N)=NCC1COC2(CCCCC2)O1,"2-(1,4-dioxaspiro[4.5]decan-3-ylmethyl)guanidine",C10H19N3O2
NC(N)=Nc1nc(-c2cccc(N)c2)cs1,"2-[4-(3-aminophenyl)-1,3-thiazol-2-yl]guanidine",C10H11N5S
NC(N)=NCCN1CCCCCCC1,2-[2-(azocan-1-yl)ethyl]guanidine,C10H22N4
NC(N)=Nc1nc(-c2ccccc2)cs1,"2-(4-phenyl-1,3-thiazol-2-yl)guanidine",C10H10N4S
NC(N)=Nc1nc(CSCCC(N)=NS(N)(=O)=O)cs1,"3-[[2-(diaminomethylideneamino)-1,3-thiazol-4-yl]methylsulfanyl]-N'-sulfamoylpropanimidamide",C8H15N7O2S3
NC(N)=O,urea,CH4N2O
NC/C(=C/F)CCc1ccc(F)cc1,(2E)-2-(fluoromethylidene)-4-(4-fluorophenyl)butan-1-amine,C11H13F2N
NC12CC3CC(CC(C3)C1)C2.[Cl-].[H+],adamantan-1-amine;hydron;chloride,C10H18ClN
NC1=NC(C(F)(F)F)(C(F)(F)F)NC1(C(F)(F)F)C(F)(F)F,"2,2,5,5-tetrakis(trifluoromethyl)-1H-imidazol-4-amine",C7H3F12N3
NC1=NC(=O)C(c2ccccc2)O1,"2-amino-5-phenyl-1,3-oxazol-4-one",C9H8N2O2
NC1CONC1=O,"4-amino-1,2-oxazolidin-3-one",C3H6N2O2
NC1CCCC1c1ccccc1,2-phenylcyclopentan-1-amine,C11H15N
NCC(O)c1ccc(O)c(O)c1,"4-(2-amino-1-hydroxyethyl)benzene-1,2-diol",C8H11NO3
NC1[C@@H]2CN(c3nc4c(cc3F)c(=O)c(C(=O)O)cn4-c3ccc(F)cc3F)C[C@H]12,"7-[(1R,5S)-6-amino-3-azabicyclo[3.1.0]hexan-3-yl]-1-(2,4-difluorophenyl)-6-fluoro-4-oxo-1,8-naphthyridine-3-carboxylic acid",C20H15F3N4O3
NCC(O)c1cccc(O)c1,3-(2-amino-1-hydroxyethyl)phenol,C8H11NO2
NCC1(CC(=O)O)CCCCC1,2-[1-(aminomethyl)cyclohexyl]acetic acid,C9H17NO2
NCC1CC(=O)N(Cc2ccccc2)C1,4-(aminomethyl)-1-benzylpyrrolidin-2-one,C12H16N2O
NCC1CCC(N)C(OC2C(N)CC(N)C(OC3OC(CO)C(O)C(N)C3O)C2O)O1,"4-amino-2-[4,6-diamino-3-[3-amino-6-(aminomethyl)oxan-2-yl]oxy-2-hydroxycyclohexyl]oxy-6-(hydroxymethyl)oxane-3,5-diol",C18H37N5O8
NCC1OC(OC2C(N)CC(N)C(OC3OC(CO)C(O)C(N)C3O)C2O)C(N)C(O)C1O,"5-amino-2-(aminomethyl)-6-[4,6-diamino-3-[4-amino-3,5-dihydroxy-6-(hydroxymethyl)oxan-2-yl]oxy-2-hydroxycyclohexyl]oxyoxane-3,4-diol",C18H37N5O10
NCC1OC(OC2C(N)CC(N)C(OC3OC(CO)C(O)C(N)C3O)C2O)C(O)C(O)C1O,"2-(aminomethyl)-6-[4,6-diamino-3-[4-amino-3,5-dihydroxy-6-(hydroxymethyl)oxan-2-yl]oxy-2-hydroxycyclohexyl]oxyoxane-3,4,5-triol",C18H36N4O11
NCC1OC(OC2C(N)CC(NC(CO)CO)C(OC3OC(CO)C(O)C(N)C3O)C2O)C(N)C(O)C1O,"5-amino-6-[6-amino-3-[4-amino-3,5-dihydroxy-6-(hydroxymethyl)oxan-2-yl]oxy-4-(1,3-dihydroxypropan-2-ylamino)-2-hydroxycyclohexyl]oxy-2-(aminomethyl)oxane-3,4-diol",C21H43N5O12
NCCC(O)CNC1CC(N)C(OC2OC(CN)C(O)C(O)C2O)C(O)C1OC1OC(CO)C(O)C(N)C1O,"2-[6-amino-3-[4-amino-3,5-dihydroxy-6-(hydroxymethyl)oxan-2-yl]oxy-4-[(4-amino-2-hydroxybutyl)amino]-2-hydroxycyclohexyl]oxy-6-(aminomethyl)oxane-3,4,5-triol",C22H45N5O12
NCCC(Oc1ccc(C(F)(F)F)cc1)c1ccccc1,3-phenyl-3-[4-(trifluoromethyl)phenoxy]propan-1-amine,C16H16F3NO
NCCCN1c2ccccc2CCc2ccccc21,"3-(5,6-dihydrobenzo[b][1]benzazepin-11-yl)propan-1-amine",C17H20N2
NCCCN1c2ccccc2Sc2ccc(Cl)cc21,3-(2-chlorophenothiazin-10-yl)propan-1-amine,C15H15ClN2S
NCCCNCCSP(=O)(O)O,2-(3-aminopropylamino)ethylsulfanylphosphonic acid,C5H15N2O3PS
NCC[C@H](O)C(=O)N[C@@H]1C[C@H](N)[C@@H](O[C@H]2O[C@H](CN)CC[C@H]2N)[C@H](O)[C@H]1O[C@H]1O[C@H](CO)[C@@H](O)[C@H](N)[C@H]1O,"(2S)-4-amino-N-[(1R,2S,3S,4R,5S)-5-amino-4-[(2R,3R,6S)-3-amino-6-(aminomethyl)oxan-2-yl]oxy-2-[(2S,3R,4S,5S,6R)-4-amino-3,5-dihydroxy-6-(hydroxymethyl)oxan-2-yl]oxy-3-hydroxycyclohexyl]-2-hydroxybutanamide",C22H44N6O10
NCC[C@H](O)C(=O)N[C@@H]1C[C@H](N)[C@@H](O[C@H]2O[C@H](CN)[C@@H](O)[C@H](O)[C@H]2O)[C@H](O)[C@H]1O[C@H]1O[C@H](CO)[C@@H](O)[C@H](N)[C@H]1O,"(2S)-4-amino-N-[(1R,2S,3S,4R,5S)-5-amino-2-[(2S,3R,4S,5S,6R)-4-amino-3,5-dihydroxy-6-(hydroxymethyl)oxan-2-yl]oxy-4-[(2R,3R,4S,5S,6R)-6-(aminomethyl)-3,4,5-trihydroxyoxan-2-yl]oxy-3-hydroxycyclohexyl]-2-hydroxybutanamide",C22H43N5O13
NCCc1cn2ccccc2n1,"2-imidazo[1,2-a]pyridin-2-ylethanamine",C9H11N3
NCCc1ccc(O)c(O)c1,"4-(2-aminoethyl)benzene-1,2-diol",C8H11NO2
NCCc1nccs1,"2-(1,3-thiazol-2-yl)ethanamine",C5H8N2S
NCCc1nc(-c2ccccc2)cs1,"2-(4-phenyl-1,3-thiazol-2-yl)ethanamine",C11H12N2S
NCCn1ncc2cc(Cl)c(Cl)cc21,"2-(5,6-dichloroindazol-1-yl)ethanamine",C9H9Cl2N3
NC[C@H]1O[C@H](O[C@@H]2[C@@H](N)C[C@@H](N)[C@H](O)[C@H]2O)[C@H](N)[C@@H](O)[C@@H]1O,"(2R,3S,4R,5R,6R)-5-amino-2-(aminomethyl)-6-[(1R,2R,3S,4R,6S)-4,6-diamino-2,3-dihydroxycyclohexyl]oxyoxane-3,4-diol",C12H26N4O6
NC[C@H]1O[C@H](O[C@@H]2[C@@H](N)C[C@@H](N)[C@H](O[C@H]3O[C@H](CO)[C@@H](O)[C@H](N)[C@H]3O)[C@H]2O)[C@H](N)C[C@@H]1O,"(2S,3R,4S,5S,6R)-4-amino-2-[(1S,2S,3R,4S,6R)-4,6-diamino-3-[(2R,3R,5S,6R)-3-amino-6-(aminomethyl)-5-hydroxyoxan-2-yl]oxy-2-hydroxycyclohexyl]oxy-6-(hydroxymethyl)oxane-3,5-diol",C18H37N5O9
NCc1ccccc1CC(=O)N[C@@H]1C(=O)N2C(C(=O)O)=C(CSc3nnnn3CC(=O)O)CS[C@H]12,"(6R,7R)-7-[[2-[2-(aminomethyl)phenyl]acetyl]amino]-3-[[1-(carboxymethyl)tetrazol-5-yl]sulfanylmethyl]-8-oxo-5-thia-1-azabicyclo[4.2.0]oct-2-ene-2-carboxylic acid",C20H21N7O6S2
NNC(=O)CP(=O)(c1ccccc1)c1ccccc1,2-diphenylphosphorylacetohydrazide,C14H15N2O2P
NNC(=O)c1ccncc1,pyridine-4-carbohydrazide,C6H7N3O
NNCC1CCCCC1,cyclohexylmethylhydrazine,C7H16N2
NNCCc1ccccc1.O=S(=O)(O)O,2-phenylethylhydrazine;sulfuric acid,C8H14N2O4S
NNCCc1ccccc1.[Cl],2-phenylethylhydrazine;hydrochloride,C8H12ClN2
NNc1nncc2ccccc12,phthalazin-1-ylhydrazine,C8H8N4
NS(=O)(=O)Cc1noc2ccccc12,"1,2-benzoxazol-3-ylmethanesulfonamide",C8H8N2O3S
NS(=O)(=O)c1cc(C(=O)O)c(NCc2ccco2)cc1Cl,4-chloro-2-(furan-2-ylmethylamino)-5-sulfamoylbenzoic acid,C12H11ClN2O5S
NS(=O)(=O)c1cc(C2(O)NC(=O)c3ccccc32)ccc1Cl,2-chloro-5-(1-hydroxy-3-oxo-2H-isoindol-1-yl)benzenesulfonamide,C14H11ClN2O4S
NS(=O)(=O)c1cc2c(cc1C(F)(F)F)NCNS2(=O)=O,"1,1-dioxo-6-(trifluoromethyl)-3,4-dihydro-2H-1lambda6,2,4-benzothiadiazine-7-sulfonamide",C8H8F3N3O4S2
NS(=O)(=O)c1cc2c(cc1Cl)NC=NS2(=O)=O,"6-chloro-1,1-dioxo-4H-1lambda6,2,4-benzothiadiazine-7-sulfonamide",C7H6ClN3O4S2
NS(=O)(=O)c1cc2c(cc1Cl)NC(C(Cl)Cl)NS2(=O)=O,"6-chloro-3-(dichloromethyl)-1,1-dioxo-3,4-dihydro-2H-1lambda6,2,4-benzothiadiazine-7-sulfonamide",C8H8Cl3N3O4S2
NS(=O)(=O)c1cc2c(cc1Cl)NCNS2(=O)=O,"6-chloro-1,1-dioxo-3,4-dihydro-2H-1lambda6,2,4-benzothiadiazine-7-sulfonamide",C7H8ClN3O4S2
NS(=O)(=O)c1ccc(C(=O)O)cc1,4-sulfamoylbenzoic acid,C7H7NO4S
NS(=O)(=O)c1ccc(N2CCCCS2(=O)=O)cc1,"4-(1,1-dioxothiazinan-2-yl)benzenesulfonamide",C10H14N2O4S2
NS(=O)(=O)c1ccc(N2C(=O)CC(c3ccccc3)C2=O)c(Cl)c1,"3-chloro-4-(2,5-dioxo-3-phenylpyrrolidin-1-yl)benzenesulfonamide",C16H13ClN2O4S
N[C@@H](C(=O)N[C@@H]1C(=O)N2C(C(=O)O)=C(Cl)CS[C@H]12)c1ccccc1,"(6R,7R)-7-[[(2R)-2-amino-2-phenylacetyl]amino]-3-chloro-8-oxo-5-thia-1-azabicyclo[4.2.0]oct-2-ene-2-carboxylic acid",C15H14ClN3O4S
N[C@@H](C(=O)NC1C(=O)N2C(C(=O)O)=C(Cl)CCC12)c1ccccc1.O,7-[[(2R)-2-amino-2-phenylacetyl]amino]-3-chloro-8-oxo-1-azabicyclo[4.2.0]oct-2-ene-2-carboxylic acid;hydrate,C16H18ClN3O5
N[C@@H](Cc1c[nH]c2ccccc12)C(=O)O,(2S)-2-amino-3-(1H-indol-3-yl)propanoic acid,C11H12N2O2
N[C@@H](Cc1ccc(O)c(O)c1)C(=O)O,"(2S)-2-amino-3-(3,4-dihydroxyphenyl)propanoic acid",C9H11NO4
Nc1[nH]c(=O)ncc1F,6-amino-5-fluoro-1H-pyrimidin-2-one,C4H4FN3O
N[C@@H]1C[C@H]1c1ccccc1.[Cl-].[H+],"hydron;trans-(1R,2S)-2-phenylcyclopropan-1-amine;chloride",C9H12ClN
Nc1c2c(nc3ccccc13)CCCC2,"1,2,3,4-tetrahydroacridin-9-amine",C13H14N2
Nc1c2c(nc3ccccc13)CCCC2O,"9-amino-1,2,3,4-tetrahydroacridin-1-ol",C13H14N2O
Nc1cc(OCC2CC2)c(C(=O)NC2CN3CCC2CC3)cc1Cl,4-amino-N-(1-azabicyclo[2.2.2]octan-3-yl)-5-chloro-2-(cyclopropylmethoxy)benzamide,C18H24ClN3O2
Nc1ccc(-c2nc3ccc(O)cc3s2)cc1I,"2-(4-amino-3-iodophenyl)-1,3-benzothiazol-6-ol",C13H9IN2OS
Nc1ccc(N=Nc2ccccc2)c(N)n1,"3-phenyldiazenylpyridine-2,6-diamine",C11H11N5
Nc1ccc(C(=O)O)c(O)c1,4-amino-2-hydroxybenzoic acid,C7H7NO3
Nc1ccc(S(=O)(=O)Nc2ncccn2)cc1,4-amino-N-pyrimidin-2-ylbenzenesulfonamide,C10H10N4O2S
Nc1ccc(S(=O)(=O)N2CC3CCC(CC3)C2)cc1,4-(3-azabicyclo[3.2.2]nonan-3-ylsulfonyl)aniline,C14H20N2O2S
Nc1cccc(-n2ccccc2=O)c1,1-(3-aminophenyl)pyridin-2-one,C11H10N2O
Nc1ccc(S(=O)(=O)c2ccc(N)cc2)cc1,4-(4-aminophenyl)sulfonylaniline,C12H12N2O2S
Nc1ccn([C@@H]2O[C@H](CO)[C@@H](O)[C@@H]2O)c(=O)n1,"4-amino-1-[(2R,3S,4S,5R)-3,4-dihydroxy-5-(hydroxymethyl)oxolan-2-yl]pyrimidin-2-one",C9H13N3O5
Nc1ccn([C@H]2CC[C@@H](CO)O2)c(=O)n1,"4-amino-1-[(2R,5S)-5-(hydroxymethyl)oxolan-2-yl]pyrimidin-2-one",C9H13N3O3
Nc1nc(/C(=C/CC(=O)O)C(=O)N[C@@H]2C(=O)N3C(C(=O)O)=CCS[C@H]23)cs1.O.O,"(6R,7R)-7-[[(Z)-2-(2-amino-1,3-thiazol-4-yl)-4-carboxybut-2-enoyl]amino]-8-oxo-5-thia-1-azabicyclo[4.2.0]oct-2-ene-2-carboxylic acid;dihydrate",C15H18N4O8S2
Nc1nc(=O)c2nc(CNc3ccc(C(=O)N[C@@H](CCC(=O)O)C(=O)O)cc3)cnc2[nH]1,(2S)-2-[[4-[(2-amino-4-oxo-3H-pteridin-6-yl)methylamino]benzoyl]amino]pentanedioic acid,C19H19N7O6
Nc1nc(=O)c2c([nH]1)NCC(CNc1ccc(C(=O)N[C@@H](CCC(=O)[O-])C(=O)[O-])cc1)N2C=O.[Ca+2],"calcium (2S)-2-[[4-[(2-amino-5-formyl-4-oxo-3,6,7,8-tetrahydropteridin-6-yl)methylamino]benzoyl]amino]pentanedioate",C20H21CaN7O7
Nc1nc(=O)c2ncn(CC[C@@H](O)CO)c2[nH]1,"2-amino-9-[(3R)-3,4-dihydroxybutyl]-1H-purin-6-one",C9H13N5O3
Nc1nc(=O)c2ncn(CCC(CO)CO)c2[nH]1,2-amino-9-[4-hydroxy-3-(hydroxymethyl)butyl]-1H-purin-6-one,C10H15N5O3
Nc1nc(=O)c2ncn(COC(CO)CO)c2[nH]1,"2-amino-9-(1,3-dihydroxypropan-2-yloxymethyl)-1H-purin-6-one",C9H13N5O4
Nc1nc(=O)c2ncn(COCCO)c2[nH]1,2-amino-9-(2-hydroxyethoxymethyl)-1H-purin-6-one,C8H11N5O3
Nc1nc(Cl)nc2c1ncn2[C@H]1C[C@H](O)[C@@H](CO)O1,"(2R,3S,5R)-5-(6-amino-2-chloropurin-9-yl)-2-(hydroxymethyl)oxolan-3-ol",C10H12ClN5O3
Nc1nc(=S)c2[nH]cnc2[nH]1,"2-amino-3,7-dihydropurine-6-thione",C5H5N5S
Nc1nc(N)c2nc(-c3ccccc3)c(N)nc2n1,"6-phenylpteridine-2,4,7-triamine",C12H11N7
Nc1nc(NC2CC2)c2ncn([C@H]3C=C[C@@H](CO)C3)c2n1,"[(1S,4R)-4-[2-amino-6-(cyclopropylamino)purin-9-yl]cyclopent-2-en-1-yl]methanol",C14H18N6O
Nc1nc2ccc(OC(F)(F)F)cc2s1.[Cl-].[H+],,C8H6ClF3N2OS
Nc1ncc2ncn(COCCO)c2n1,2-[(2-aminopurin-9-yl)methoxy]ethanol,C8H11N5O2
Nc1ncnc2c1ncn2C1OC(CO)C(O)C1O,"2-(6-aminopurin-9-yl)-5-(hydroxymethyl)oxolane-3,4-diol",C10H13N5O4
Nc1nnc(-c2cccc(Cl)c2Cl)c(N)n1,"6-(2,3-dichlorophenyl)-1,2,4-triazine-3,5-diamine",C9H7Cl2N5
Nn1cnc2cc3ccccc3cc2c1=O,3-aminobenzo[g]quinazolin-4-one,C12H9N3O
O.c1cncc(CC2(Cc3ccncc3)c3cccnc3-c3ncccc32)c1,"8-(pyridin-3-ylmethyl)-8-(pyridin-4-ylmethyl)-3,13-diazatricyclo[7.4.0.02,7]trideca-1(9),2(7),3,5,10,12-hexaene;hydrate",C23H20N4O
O=C(/C=C/c1ccc2c(c1)OCO2)N1CCCCC1,"(E)-3-(1,3-benzodioxol-5-yl)-1-piperidin-1-ylprop-2-en-1-one",C15H17NO3
O=C(C1CCCCC1)N1CC(=O)N2CCc3ccccc3C2C1,"2-(cyclohexanecarbonyl)-3,6,7,11b-tetrahydro-1H-pyrazino[2,1-a]isoquinolin-4-one",C19H24N2O2
O=C(CCCN1CC2CCC(CC2)C1)c1ccc(F)cc1,4-(3-azabicyclo[3.2.2]nonan-3-yl)-1-(4-fluorophenyl)butan-1-one,C18H24FNO
O=C(CC1c2ccccc2C(=O)N1c1ccc2ccc(Cl)nc2n1)N1CCC2(CC1)OCCO2,"2-(7-chloro-1,8-naphthyridin-2-yl)-3-[2-(1,4-dioxa-8-azaspiro[4.5]decan-8-yl)-2-oxoethyl]-3H-isoindol-1-one",C25H23ClN4O4
O=C(CCCN1CC=C(n2c(=O)[nH]c3ccccc32)CC1)c1ccc(F)cc1,"3-[1-[4-(4-fluorophenyl)-4-oxobutyl]-3,6-dihydro-2H-pyridin-4-yl]-1H-benzimidazol-2-one",C22H22FN3O2
O=C(CCCN1CCC(C(=O)c2ccc(Cl)cc2)CC1)c1ccc(F)cc1,4-[4-(4-chlorobenzoyl)piperidin-1-yl]-1-(4-fluorophenyl)butan-1-one,C22H23ClFNO2
O=C(CCCN1CCC(C(=O)c2ccc(F)cc2)CC1)c1ccc(F)cc1,4-[4-(4-fluorobenzoyl)piperidin-1-yl]-1-(4-fluorophenyl)butan-1-one,C22H23F2NO2
O=C(CCCN1CCC(O)(c2ccc(Cl)c(C(F)(F)F)c2)CC1)c1ccc(F)cc1,4-[4-[4-chloro-3-(trifluoromethyl)phenyl]-4-hydroxypiperidin-1-yl]-1-(4-fluorophenyl)butan-1-one,C22H22ClF4NO2
O=C(CCCN1CCC(O)(c2ccc(Br)cc2)CC1)c1ccc(F)cc1,4-[4-(4-bromophenyl)-4-hydroxypiperidin-1-yl]-1-(4-fluorophenyl)butan-1-one,C21H23BrFNO2
O=C(CCCN1CCC(O)(c2ccc(Cl)cc2)CC1)c1ccc(F)cc1,4-[4-(4-chlorophenyl)-4-hydroxypiperidin-1-yl]-1-(4-fluorophenyl)butan-1-one,C21H23ClFNO2
O=C(CCCN1CCC(O)(c2cccc(C(F)(F)F)c2)CC1)c1ccc(F)cc1,1-(4-fluorophenyl)-4-[4-hydroxy-4-[3-(trifluoromethyl)phenyl]piperidin-1-yl]butan-1-one,C22H23F4NO2
O=C(CCCN1CCC(n2c(=O)[nH]c3ccccc32)CC1)c1ccc(F)cc1,3-[1-[4-(4-fluorophenyl)-4-oxobutyl]piperidin-4-yl]-1H-benzimidazol-2-one,C22H24FN3O2
O=C(CCCN1CCC(n2c(=S)[nH]c3ccccc32)CC1)c1ccc(F)cc1,1-(4-fluorophenyl)-4-[4-(2-sulfanylidene-3H-benzimidazol-1-yl)piperidin-1-yl]butan-1-one,C22H24FN3OS
O=C(CCCN1CCC2(CC1)C(=O)NCN2c1ccccc1)c1ccc(F)cc1,"8-[4-(4-fluorophenyl)-4-oxobutyl]-1-phenyl-1,3,8-triazaspiro[4.5]decan-4-one",C23H26FN3O2
O=C(CCCN1CCC2(CC1)C(=O)NCN2c1ccc(F)cc1)c1ccc(F)cc1,"1-(4-fluorophenyl)-8-[4-(4-fluorophenyl)-4-oxobutyl]-1,3,8-triazaspiro[4.5]decan-4-one",C23H25F2N3O2
O=C(CCCN1CCN(C(=O)OC2CCCCC2)CC1)c1ccc(F)cc1,cyclohexyl 4-[4-(4-fluorophenyl)-4-oxobutyl]piperazine-1-carboxylate,C21H29FN2O3
O=C(CCCN1CCN(c2cc3ccccc3cn2)CC1)c1ccc(F)cc1,1-(4-fluorophenyl)-4-(4-isoquinolin-3-ylpiperazin-1-yl)butan-1-one,C23H24FN3O
O=C(CCCN1CCN(c2ccccn2)CC1)c1ccc(F)cc1,1-(4-fluorophenyl)-4-(4-pyridin-2-ylpiperazin-1-yl)butan-1-one,C19H22FN3O
O=C(CCCN1CCN2CCCC2C1)c1ccc(F)cc1,"4-(3,4,6,7,8,8a-hexahydro-1H-pyrrolo[1,2-a]pyrazin-2-yl)-1-(4-fluorophenyl)butan-1-one",C17H23FN2O
O=C(CCCl)NCCc1ccccc1,3-chloro-N-(2-phenylethyl)propanamide,C11H14ClNO
O=C(CCCN1CCN2Cc3[nH]c4ccccc4c3CC2C1)c1ccc(F)cc1,"1-(4-fluorophenyl)-4-(3,6,17-triazatetracyclo[8.7.0.03,8.011,16]heptadeca-1(10),11,13,15-tetraen-6-yl)butan-1-one",C24H26FN3O
O=C(CCN1CCN(CCO)CC1)N1c2ccccc2Sc2ccc(C(F)(F)F)cc21,3-[4-(2-hydroxyethyl)piperazin-1-yl]-1-[2-(trifluoromethyl)phenothiazin-10-yl]propan-1-one,C22H24F3N3O2S
O=C(CCCl)NCc1ccccc1,N-benzyl-3-chloropropanamide,C10H12ClNO
O=C(CCNNC(=O)c1ccncc1)NCc1ccccc1,N-benzyl-3-[2-(pyridine-4-carbonyl)hydrazinyl]propanamide,C16H18N4O2
O=C(CN1CCC23CCCCC2C1Cc1ccc(O)cc13)c1ccccc1,"2-(4-hydroxy-17-azatetracyclo[7.5.3.01,10.02,7]heptadeca-2(7),3,5-trien-17-yl)-1-phenylethanone",C24H27NO2
O=C(CN1CCCC1=O)NNC(=O)CN1CCCC1=O,2-(2-oxopyrrolidin-1-yl)-N'-[2-(2-oxopyrrolidin-1-yl)acetyl]acetohydrazide,C12H18N4O4
O=C(CN1CC[C@H](c2ccc(F)cc2)[C@@H](COc2ccc3c(c2)OCO3)C1)c1ccc(F)cc1,"2-[(3R,4S)-3-(1,3-benzodioxol-5-yloxymethyl)-4-(4-fluorophenyl)piperidin-1-yl]-1-(4-fluorophenyl)ethanone",C27H25F2NO4
O=C(COc1ccc(Cl)cc1)OCCNC12CC3CC(CC(C3)C1)C2,2-(1-adamantylamino)ethyl 2-(4-chlorophenoxy)acetate,C20H26ClNO3
O=C(COc1ccc(Cl)cc1)N1CCN(Cc2ccc3c(c2)OCO3)CC1,"1-[4-(1,3-benzodioxol-5-ylmethyl)piperazin-1-yl]-2-(4-chlorophenoxy)ethanone",C20H21ClN2O4
O=C(Cc1ccc(C(F)(F)F)cc1)N1CCCC[C@H]1CN1CCCC1,1-[(2S)-2-(pyrrolidin-1-ylmethyl)piperidin-1-yl]-2-[4-(trifluoromethyl)phenyl]ethanone,C19H25F3N2O
O=C(Cc1ccc(Cl)c(Cl)c1)N1CCCC[C@H]1CN1CCCC1,"2-(3,4-dichlorophenyl)-1-[(2S)-2-(pyrrolidin-1-ylmethyl)piperidin-1-yl]ethanone",C18H24Cl2N2O
O=C(Cc1ccc(Cl)c(Cl)c1)N1CCN(CCO)C[C@@H]1CN1CC[C@@H](O)C1,"2-(3,4-dichlorophenyl)-1-[(2R)-4-(2-hydroxyethyl)-2-[[(3R)-3-hydroxypyrrolidin-1-yl]methyl]piperazin-1-yl]ethanone",C19H27Cl2N3O3
O=C(Cc1ccc(Cl)c(Cl)c1)N1CCc2[nH]cnc2[C@H]1CN1CCCC1,"2-(3,4-dichlorophenyl)-1-[(4R)-4-(pyrrolidin-1-ylmethyl)-1,4,6,7-tetrahydroimidazo[4,5-c]pyridin-5-yl]ethanone",C19H22Cl2N4O
O=C(Cc1ccc(Cl)c(Cl)c1)N1CCc2[nH]cnc2[C@H]1CN1CC[C@@H](O)C1,,C19H22Cl2N4O2
O=C(Cc1ccc(Cl)c(Cl)c1)N1CCc2ccccc2[C@H]1CN1CCCC1,"2-(3,4-dichlorophenyl)-1-[(1S)-1-(pyrrolidin-1-ylmethyl)-3,4-dihydro-1H-isoquinolin-2-yl]ethanone",C22H24Cl2N2O
O=C(Cc1ccc(Cl)c(Cl)c1)N1CCc2occc2[C@H]1CN1CCCC1,"2-(3,4-dichlorophenyl)-1-[(4S)-4-(pyrrolidin-1-ylmethyl)-6,7-dihydro-4H-furo[3,2-c]pyridin-5-yl]ethanone",C20H22Cl2N2O2
O=C(Cc1ccc(Cl)c(Cl)c1)N1CCc2occc2[C@H]1CN1CC[C@@H](O)C1,"2-(3,4-dichlorophenyl)-1-[(4S)-4-[[(3R)-3-hydroxypyrrolidin-1-yl]methyl]-6,7-dihydro-4H-furo[3,2-c]pyridin-5-yl]ethanone",C20H22Cl2N2O3
O=C(Cc1ccc(Cl)c(Cl)c1)N1CCc2sccc2[C@H]1CN1CCCC1,"2-(3,4-dichlorophenyl)-1-[(4S)-4-(pyrrolidin-1-ylmethyl)-6,7-dihydro-4H-thieno[3,2-c]pyridin-5-yl]ethanone",C20H22Cl2N2OS
O=C(Cc1ccc(Cl)c(Cl)c1)N1CCn2ccnc2[C@H]1CN1CCCC1,"2-(3,4-dichlorophenyl)-1-[(8R)-8-(pyrrolidin-1-ylmethyl)-6,8-dihydro-5H-imidazo[1,2-a]pyrazin-7-yl]ethanone",C19H22Cl2N4O
O=C(Cc1ccc(Cl)c(Cl)c1)N1CCn2ccnc2[C@H]1CN1CC[C@@H](O)C1,"2-(3,4-dichlorophenyl)-1-[(8R)-8-[[(3R)-3-hydroxypyrrolidin-1-yl]methyl]-6,8-dihydro-5H-imidazo[1,2-a]pyrazin-7-yl]ethanone",C19H22Cl2N4O2
O=C(Cc1ccc(Cl)c(Cl)c1)N1CCn2ncnc2[C@H]1CN1CCCC1,"2-(3,4-dichlorophenyl)-1-[(8R)-8-(pyrrolidin-1-ylmethyl)-6,8-dihydro-5H-[1,2,4]triazolo[1,5-a]pyrazin-7-yl]ethanone",C18H21Cl2N5O
O=C(Cc1cccs1)N[C@@H]1C(=O)N2C(C(=O)O)=C(CSc3ncn[nH]3)CS[C@H]12,"(6R,7R)-8-oxo-7-[(2-thiophen-2-ylacetyl)amino]-3-(1H-1,2,4-triazol-5-ylsulfanylmethyl)-5-thia-1-azabicyclo[4.2.0]oct-2-ene-2-carboxylic acid",C16H15N5O4S3
O=C(Cn1ccnc1)c1ccc2ccccc2c1,2-imidazol-1-yl-1-naphthalen-2-ylethanone,C15H12N2O
O=C(Cn1cnnn1)N[C@@H]1C(=O)N2C(C(=O)O)=C(CSc3nncs3)CS[C@H]12,"(6R,7R)-8-oxo-7-[[2-(tetrazol-1-yl)acetyl]amino]-3-(1,3,4-thiadiazol-2-ylsulfanylmethyl)-5-thia-1-azabicyclo[4.2.0]oct-2-ene-2-carboxylic acid",C13H12N8O4S3
O=C(NC(=O)c1ccccc1)NC1CCN(Cc2ccc3ccccc3c2)CC1,N-[[1-(naphthalen-2-ylmethyl)piperidin-4-yl]carbamoyl]benzamide,C24H25N3O2
O=C(NC(CO)C(O)c1ccc([N+](=O)[O-])cc1)C(Cl)Cl,"2,2-dichloro-N-[1,3-dihydroxy-1-(4-nitrophenyl)propan-2-yl]acetamide",C11H12Cl2N2O5
O=C(NCCCN1CCOCC1)c1ccc(Cl)cc1,4-chloro-N-(3-morpholin-4-ylpropyl)benzamide,C14H19ClN2O2
O=C(NCCCOc1cccc(CN2CCCCC2)c1)c1ccccc1,N-[3-[3-(piperidin-1-ylmethyl)phenoxy]propyl]benzamide,C22H28N2O2
O=C(NCCN1CCC(n2c(=O)[nH]c3cc(Cl)ccc32)CC1)c1ccc(F)cc1,N-[2-[4-(5-chloro-2-oxo-3H-benzimidazol-1-yl)piperidin-1-yl]ethyl]-4-fluorobenzamide,C21H22ClFN4O2
O=C(NCCN1CCN(c2ncccn2)CC1)C12CC3CC(CC(C3)C1)C2,N-[2-(4-pyrimidin-2-ylpiperazin-1-yl)ethyl]adamantane-1-carboxamide,C21H31N5O
O=C(NCCN1CCOCC1)c1ccc(Cl)cc1,4-chloro-N-(2-morpholin-4-ylethyl)benzamide,C13H17ClN2O2
O=C(NCCc1ccc(O)c(O)c1)C12CC3CC(CC(C3)C1)C2,"N-[2-(3,4-dihydroxyphenyl)ethyl]adamantane-1-carboxamide",C19H25NO3
O=C(NCc1ccccc1)OCCO,2-hydroxyethyl N-benzylcarbamate,C10H13NO3
O=C(Nc1ccc(O)cc1)C(Cl)(Cl)Cl,"2,2,2-trichloro-N-(4-hydroxyphenyl)acetamide",C8H6Cl3NO2
O=C(Nc1ccccc1)OCC1(COC(=O)Nc2ccccc2)CCCC1,[1-(phenylcarbamoyloxymethyl)cyclopentyl]methyl N-phenylcarbamate,C21H24N2O4
O=C(O)/C=C/C(=O)O.OCCOCCOCCN1CCN(C(c2ccccc2)c2ccc(Cl)cc2)CC1,(E)-but-2-enedioic acid;2-[2-[2-[4-[(4-chlorophenyl)-phenylmethyl]piperazin-1-yl]ethoxy]ethoxy]ethanol,C27H35ClN2O7
O=C(O)/C=C\C(=O)O.O=C(O)/C=C\C(=O)O.c1cc(CN2CCCCC2)cc(OCCCNc2nc3ccccc3s2)c1,"bis((Z)-but-2-enedioic acid);N-[3-[3-(piperidin-1-ylmethyl)phenoxy]propyl]-1,3-benzothiazol-2-amine",C30H35N3O9S
O=C(O)/C=C\C(=O)O.c1csc(Cc2ccccc2OCC2CNCCO2)c1,(Z)-but-2-enedioic acid;2-[[2-(thiophen-2-ylmethyl)phenoxy]methyl]morpholine,C20H23NO6S
O=C(O)C1=C(CSc2nnnn2CS(=O)(=O)O)CS[C@@H]2[C@H](NC(=O)C(O)c3ccccc3)C(=O)N12,"(6R,7R)-7-[(2-hydroxy-2-phenylacetyl)amino]-8-oxo-3-[[1-(sulfomethyl)tetrazol-5-yl]sulfanylmethyl]-5-thia-1-azabicyclo[4.2.0]oct-2-ene-2-carboxylic acid",C18H18N6O8S3
O=C(O)C1CCN1C12CC3CC(CC(C3)C1)C2,1-(1-adamantyl)azetidine-2-carboxylic acid,C14H21NO2
O=C(O)C1=C/C(=N\Nc2ccc(S(=O)(=O)Nc3ccccn3)cc2)C=CC1=O,2-hydroxy-5-[[4-(pyridin-2-ylsulfamoyl)phenyl]diazenyl]benzoic acid,C18H14N4O5S
O=C(O)CC(O)(CC(=O)O)C(=O)O.O=C1[C@H]2[C@@H]3CC[C@@H](C3)[C@H]2C(=O)N1CCCCN1CCN(c2ncccn2)CC1,"2-hydroxypropane-1,2,3-tricarboxylic acid;(1R,2S,6R,7S)-4-[4-(4-pyrimidin-2-ylpiperazin-1-yl)butyl]-4-azatricyclo[5.2.1.02,6]decane-3,5-dione",C27H37N5O9
O=C(O)CCCCC1SCC2NC(=O)NC21,"5-(2-oxo-1,3,3a,4,6,6a-hexahydrothieno[3,4-d]imidazol-4-yl)pentanoic acid",C10H16N2O3S
O=C(O)CCCCCCCC(=O)O,nonanedioic acid,C9H16O4
O=C(O)CCCCCC[NH2+]C1c2ccccc2CCc2ccccc21.[Cl-],"6-carboxyhexyl(2-tricyclo[9.4.0.03,8]pentadeca-1(15),3,5,7,11,13-hexaenyl)azanium chloride",C22H28ClNO2
O=C(O)CCCc1ccc(N(CCCl)CCCl)cc1,4-[4-[bis(2-chloroethyl)amino]phenyl]butanoic acid,C14H19Cl2NO2
O=C(O)CCc1nc(-c2ccccc2)c(-c2ccccc2)o1,"3-(4,5-diphenyl-1,3-oxazol-2-yl)propanoic acid",C18H15NO3
O=C(O)CN1C(=O)c2cccc3cccc(c23)C1=O,"2-(1,3-dioxobenzo[de]isoquinolin-2-yl)acetic acid",C14H9NO4
O=C(O)CNC(=O)c1ccccc1O,2-[(2-hydroxybenzoyl)amino]acetic acid,C9H9NO4
O=C(O)COCCN1CCN(C(c2ccccc2)c2ccc(Cl)cc2)CC1,2-[2-[4-[(4-chlorophenyl)-phenylmethyl]piperazin-1-yl]ethoxy]acetic acid,C21H25ClN2O3
O=C(O)c1cc(=O)c2cc(OCC(O)COc3cccc4oc(C(=O)O)cc(=O)c34)ccc2o1,5-[3-(2-carboxy-4-oxochromen-6-yl)oxy-2-hydroxypropoxy]-4-oxochromene-2-carboxylic acid,C23H16O11
O=C(O)c1cc(=O)c2ccccc2[nH]1,4-oxo-1H-quinoline-2-carboxylic acid,C10H7NO3
O=C(O)c1cc(=O)c2ccccc2o1,4-oxochromene-2-carboxylic acid,C10H6O4
O=C(O)c1ccccc1O,2-hydroxybenzoic acid,C7H6O3
O=C(O)c1cn(C2CC2)c2cc(N3CCNCC3)c(F)cc2c1=O,1-cyclopropyl-6-fluoro-4-oxo-7-piperazin-1-ylquinoline-3-carboxylic acid,C17H18FN3O3
O=C(OC1CN2CCC1CC2)c1ccccc1,1-azabicyclo[2.2.2]octan-3-yl benzoate,C14H17NO2
O=C(OCC(Cl)(Cl)Cl)OCC(Cl)(Cl)Cl,"bis(2,2,2-trichloroethyl) carbonate",C5H4Cl6O3
O=C(Oc1ccccc1C(=O)O)c1ccccc1O,2-(2-hydroxybenzoyl)oxybenzoic acid,C14H10O5
O=C(OCCN1CCCCC1)C(O)(c1ccccc1)c1ccccc1,"2-piperidin-1-ylethyl 2-hydroxy-2,2-diphenylacetate",C21H25NO3
O=C([O-])P(=O)([O-])[O-].[Na+].[Na+].[Na+],trisodium;phosphonatoformate,CNa3O5P
O=C([O-])c1ccccc1Oc1ccccc1,2-phenoxybenzoate,C13H9O3-
O=C(c1cc2ccccc2o1)N1CCN(Cc2ccccc2)CC1,1-benzofuran-2-yl-(4-benzylpiperazin-1-yl)methanone,C20H20N2O2
O=C(c1ccc(F)cc1)C1CCN(CCCN2c3ccccc3Sc3ccc(C(F)(F)F)cc32)CC1,(4-fluorophenyl)-[1-[3-[2-(trifluoromethyl)phenothiazin-10-yl]propyl]piperidin-4-yl]methanone,C28H26F4N2OS
O=C(c1ccc(F)cc1)C1CCN(CCCn2c(=O)[nH]c3cc(Cl)ccc32)CC1,6-chloro-3-[3-[4-(4-fluorobenzoyl)piperidin-1-yl]propyl]-1H-benzimidazol-2-one,C22H23ClFN3O2
O=C(c1ccc(F)cc1)C1CCN(CCCn2c(=O)[nH]c3ccccc32)CC1,3-[3-[4-(4-fluorobenzoyl)piperidin-1-yl]propyl]-1H-benzimidazol-2-one,C22H24FN3O2
O=C(c1ccccc1)c1ccc2n1CCC2C(=O)O,"5-benzoyl-2,3-dihydro-1H-pyrrolizine-1-carboxylic acid",C15H13NO3
O=C(c1ccccn1)N1CCN(Cc2ccccc2)CC1,(4-benzylpiperazin-1-yl)-pyridin-2-ylmethanone,C17H19N3O
O=C(c1ccccn1)c1cnn2c(-c3ccncc3)ccnc12,"pyridin-2-yl-(7-pyridin-4-ylpyrazolo[1,5-a]pyrimidin-3-yl)methanone",C17H11N5O
O=C(c1cccnc1)N1CCOCC1,morpholin-4-yl(pyridin-3-yl)methanone,C10H12N2O2
O=C(c1ccco1)N(c1cnccn1)C1CCN(CCc2ccccc2)CC1,N-[1-(2-phenylethyl)piperidin-4-yl]-N-pyrazin-2-ylfuran-2-carboxamide,C22H24N4O2
O=C1C(O)=C(O)OC1C(O)CO,"2-(1,2-dihydroxyethyl)-3,4-dihydroxy-2H-furan-5-one",C6H8O6
O=C1C(=O)c2ccccc2C(O)=C1C1CCC(c2ccc(Cl)cc2)CC1,"3-[4-(4-chlorophenyl)cyclohexyl]-4-hydroxynaphthalene-1,2-dione",C22H19ClO3
O=C1C=CC=C/C1=C1/NN=CO1,"2-(1,3,4-oxadiazol-2-yl)phenol",C8H6N2O2
O=C1C(O)N=C(c2ccccc2F)c2cc(Cl)ccc2N1CCO,"7-chloro-5-(2-fluorophenyl)-3-hydroxy-1-(2-hydroxyethyl)-3H-1,4-benzodiazepin-2-one",C17H14ClFN2O3
O=C1CC(=O)N(c2ccccc2)c2cc(Cl)ccc2N1,"7-chloro-5-phenyl-1H-1,5-benzodiazepine-2,4-dione",C15H11ClN2O2
O=C1CC(c2cccc(Br)c2)C(=O)N1,"3-(3-bromophenyl)pyrrolidine-2,5-dione",C10H8BrNO2
O=C1CC2(CCCC2)CC(=O)N1CCCCN1CCN(c2ncccn2)CC1,"8-[4-(4-pyrimidin-2-ylpiperazin-1-yl)butyl]-8-azaspiro[4.5]decane-7,9-dione",C21H31N5O2
O=C1CC2(CCCC2)CC(=O)N1CCCCN1CCN(c2nsc3ccccc23)CC1,"8-[4-[4-(1,2-benzothiazol-3-yl)piperazin-1-yl]butyl]-8-azaspiro[4.5]decane-7,9-dione",C24H32N4O2S
O=C1CC2(CCCC2)CC(=O)N1CCNCC1COc2ccccc2O1,"8-[2-(2,3-dihydro-1,4-benzodioxin-3-ylmethylamino)ethyl]-8-azaspiro[4.5]decane-7,9-dione",C20H26N2O4
O=C1CCC(C(=O)NC2CC2c2ccccc2)N1,5-oxo-N-(2-phenylcyclopropyl)pyrrolidine-2-carboxamide,C14H16N2O2
O=C1CCC(=O)N1CC1CCC2CN(c3ncccn3)CCN2C1,"1-[(2-pyrimidin-2-yl-1,3,4,6,7,8,9,9a-octahydropyrido[1,2-a]pyrazin-7-yl)methyl]pyrrolidine-2,5-dione",C17H23N5O2
O=C1CCC(N2C(=O)C3C4CCC(C4)C3C2=O)C(=O)N1,"4-(2,6-dioxopiperidin-3-yl)-4-azatricyclo[5.2.1.02,6]decane-3,5-dione",C14H16N2O4
O=C1CCC(N2C(=O)c3ccccc3C2=O)C(=O)N1,"2-(2,6-dioxopiperidin-3-yl)isoindole-1,3-dione",C13H10N2O4
O=C1CCC(c2ccccc2)(C2CCN(C/C=C/c3ccccc3)CC2)C(=O)N1,"3-phenyl-3-[1-[(E)-3-phenylprop-2-enyl]piperidin-4-yl]piperidine-2,6-dione",C25H28N2O2
O=C1CCC2(CCC(=O)c3ccccc32)C(=O)N1,"spiro[2,3-dihydronaphthalene-4,3'-piperidine]-1,2',6'-trione",C14H13NO3
O=C1CCC2CCC(=O)N12,"2,6,7,8-tetrahydro-1H-pyrrolizine-3,5-dione",C7H9NO2
O=C1CCCN1CCCCN1CCN(c2cc(C(F)(F)F)cc(Cl)n2)CC1,,C18H24ClF3N4O
O=C1CCCN1CCCCN1CCN(c2cc(C(F)(F)F)ccn2)CC1,1-[4-[4-[4-(trifluoromethyl)-2-pyridinyl]piperazin-1-yl]butyl]pyrrolidin-2-one,C18H25F3N4O
O=C1CCNc2ccc(Cl)cc2N1c1ccccc1,"7-chloro-5-phenyl-2,3-dihydro-1H-1,5-benzodiazepin-4-one",C15H13ClN2O
O=C1CCN=C2CC(c3ccccc3)CN12,"7-phenyl-3,6,7,8-tetrahydro-2H-pyrrolo[1,2-a]pyrimidin-4-one",C13H14N2O
O=C1CC[C@@]2(O)[C@H]3Cc4ccc(O)c5c4[C@@]2(CCN3CC2CC2)[C@H]1O5,"(4R,4aS,7aR,12bS)-3-(cyclopropylmethyl)-4a,9-dihydroxy-2,4,5,6,7a,13-hexahydro-1H-4,12-methanobenzofuro[3,2-e]isoquinolin-7-one",C20H23NO4
O=C1CC[C@H](C(=O)N2CCCCC2)N1,(5R)-5-(piperidine-1-carbonyl)pyrrolidin-2-one,C10H16N2O2
O=C1CC[C@H]2[C@H]3Cc4cccc(O)c4[C@@]2(CCN3CC2CC2)C1,"(1S,9R,10R)-17-(cyclopropylmethyl)-3-hydroxy-17-azatetracyclo[7.5.3.01,10.02,7]heptadeca-2(7),3,5-trien-13-one",C20H25NO2
O=C1CCc2ccc(OCCCCN3CCN(c4cccc(Cl)c4Cl)CC3)cc2N1,"7-[4-[4-(2,3-dichlorophenyl)piperazin-1-yl]butoxy]-3,4-dihydro-1H-quinolin-2-one",C23H27Cl2N3O2
O=C1CN(C(=O)CN2CC(c3ccc(Cl)cc3)CC2=O)CCN1,4-[2-[4-(4-chlorophenyl)-2-oxopyrrolidin-1-yl]acetyl]piperazin-2-one,C16H18ClN3O3
O=C1CN2C(=O)CCC2N1,"3,6,7,7a-tetrahydro-1H-pyrrolo[1,2-a]imidazole-2,5-dione",C6H8N2O2
O=C1CN(O)C(c2ccccc2)=c2cc(Cl)ccc2=N1,"7-chloro-4-hydroxy-5-phenyl-3H-1,4-benzodiazepin-2-one",C15H11ClN2O2
O=C1CN2CCOC2(c2ccccc2F)c2cc(Br)ccc2N1,"10-bromo-11b-(2-fluorophenyl)-2,3,5,7-tetrahydro-[1,3]oxazolo[3,2-d][1,4]benzodiazepin-6-one",C17H14BrFN2O2
O=C1CN2CCOC2(c2ccccc2Cl)c2cc(Cl)ccc2N1,"10-chloro-11b-(2-chlorophenyl)-2,3,5,7-tetrahydro-[1,3]oxazolo[3,2-d][1,4]benzodiazepin-6-one",C17H14Cl2N2O2
O=C1CN2CCOC2(c2ccccc2F)c2cc(Cl)ccc2N1CCO,"10-chloro-11b-(2-fluorophenyl)-7-(2-hydroxyethyl)-3,5-dihydro-2H-[1,3]oxazolo[3,2-d][1,4]benzodiazepin-6-one",C19H18ClFN2O3
O=C1CN=C(C2=CCCCC2)c2cc(Cl)ccc2N1,"7-chloro-5-(cyclohexen-1-yl)-1,3-dihydro-1,4-benzodiazepin-2-one",C15H15ClN2O
O=C1CN=C(c2ccccc2)c2cc(Cl)ccc2N1,"7-chloro-5-phenyl-1,3-dihydro-1,4-benzodiazepin-2-one",C15H11ClN2O
O=C1CN=C(c2ccccc2)c2cc(Cl)ccc2N1CC(F)(F)F,"7-chloro-5-phenyl-1-(2,2,2-trifluoroethyl)-3H-1,4-benzodiazepin-2-one",C17H12ClF3N2O
O=C1CN=C(c2ccccc2)c2cc(Cl)ccc2N1CC1CC1,"7-chloro-1-(cyclopropylmethyl)-5-phenyl-3H-1,4-benzodiazepin-2-one",C19H17ClN2O
O=C1CN=C(c2ccccc2)c2cc(Cl)ccc2N1CCOCC1CC1,"7-chloro-1-[2-(cyclopropylmethoxy)ethyl]-5-phenyl-3H-1,4-benzodiazepin-2-one",C21H21ClN2O2
O=C1CN=C(c2ccccc2Cl)c2cc(Cl)ccc2N1,"7-chloro-5-(2-chlorophenyl)-1,3-dihydro-1,4-benzodiazepin-2-one",C15H10Cl2N2O
O=C1CN=C(c2ccccc2)c2cc([N+](=O)[O-])ccc2N1,"7-nitro-5-phenyl-1,3-dihydro-1,4-benzodiazepin-2-one",C15H11N3O3
O=C1CN=C(c2ccccc2F)c2cc(Cl)ccc2N1CC(O)CO,"7-chloro-1-(2,3-dihydroxypropyl)-5-(2-fluorophenyl)-3H-1,4-benzodiazepin-2-one",C18H16ClFN2O3
O=C1CN=C(c2ccccc2Cl)c2cc([N+](=O)[O-])ccc2N1,"5-(2-chlorophenyl)-7-nitro-1,3-dihydro-1,4-benzodiazepin-2-one",C15H10ClN3O3
O=C1CN=C(c2ccccc2F)c2cc(Cl)ccc2N1CC1CC1,"7-chloro-1-(cyclopropylmethyl)-5-(2-fluorophenyl)-3H-1,4-benzodiazepin-2-one",C19H16ClFN2O
O=C1CN=C(c2ccccn2)c2cc(Br)ccc2N1,"7-bromo-5-pyridin-2-yl-1,3-dihydro-1,4-benzodiazepin-2-one",C14H10BrN3O
O=C1CNC(c2ccccc2)=c2c3c(sc2=N1)CCCC3,"5-phenyl-1,3,6,7,8,9-hexahydro-[1]benzothiolo[2,3-e][1,4]diazepin-2-one",C17H16N2OS
O=C1COC(N2CCN=C(c3ccccc3Cl)c3cc(Cl)ccc32)=N1,"2-[7-chloro-5-(2-chlorophenyl)-2,3-dihydro-1,4-benzodiazepin-1-yl]-1,3-oxazol-4-one",C18H13Cl2N3O2
O=C1CSC2(CCN(CCCN3c4ccccc4Sc4ccc(Cl)cc43)CC2)N1.[Cl-].[H+],"8-[3-(2-chlorophenothiazin-10-yl)propyl]-1-thia-4,8-diazaspiro[4.5]decan-3-one;hydron;chloride",C22H25Cl2N3OS2
O=C1C[C@H]2SC(C3(O)CN4C(=O)C[C@H]4S3)CN12,(5R)-3-hydroxy-3-[(5R)-7-oxo-4-thia-1-azabicyclo[3.2.0]heptan-3-yl]-4-thia-1-azabicyclo[3.2.0]heptan-7-one,C10H12N2O3S2
O=C1Cc2cc(CCN3CCN(c4nsc5ccccc45)CC3)c(Cl)cc2N1,"5-[2-[4-(1,2-benzothiazol-3-yl)piperazin-1-yl]ethyl]-6-chloro-1,3-dihydroindol-2-one",C21H21ClN4OS
O=C1N(C(O)C(Cl)(Cl)Cl)CNC1(c1ccccc1)c1ccccc1,"5,5-diphenyl-3-(2,2,2-trichloro-1-hydroxyethyl)imidazolidin-4-one",C17H15Cl3N2O2
O=C1N(c2ccccc2)c2ccccc2C1(Cc1ccncc1)Cc1ccncc1,"1-phenyl-3,3-bis(pyridin-4-ylmethyl)indol-2-one",C26H21N3O
O=C1N=C(NC2CC2)OC1c1ccccc1,"2-cyclopropylimino-5-phenyl-1,3-oxazolidin-4-one",C12H12N2O2
O=C1NC(=O)C(CC2CCCCN2)(c2ccccc2)C(=O)N1,"5-phenyl-5-(piperidin-2-ylmethyl)-1,3-diazinane-2,4,6-trione",C16H19N3O3
O=C1NC(=O)C(c2ccccc2)(c2ccccc2)N1,"5,5-diphenylimidazolidine-2,4-dione",C15H12N2O2
O=C1NC(=O)C2(c3ccc(Cl)cc3)CC12,"1-(4-chlorophenyl)-3-azabicyclo[3.1.0]hexane-2,4-dione",C11H8ClNO2
O=C1NC(=O)C2(CCc3ccccc3C2)N1,"spiro[2,4-dihydro-1H-naphthalene-3,5'-imidazolidine]-2',4'-dione",C12H12N2O2
O=C1NC(=O)[C@@]2(CCN(C(=O)Cc3ccc(Cl)c(Cl)c3)[C@@H](CN3CCCC3)C2)N1,,C20H24Cl2N4O3
O=C1NC(CCCl)Oc2ccccc21,"2-(2-chloroethyl)-2,3-dihydro-1,3-benzoxazin-4-one",C10H10ClNO2
O=C1NC(c2ccccc2)(c2ccccc2)C(=O)N1COP(=O)(O)O,"(2,5-dioxo-4,4-diphenylimidazolidin-1-yl)methyl dihydrogen phosphate",C16H15N2O6P
O=C1NC2CCCCN2C12CCN(CCCN1c3ccccc3CCc3ccc(Cl)cc31)CC2,"1'-[3-(2-chloro-5,6-dihydrobenzo[b][1]benzazepin-11-yl)propyl]spiro[1,5,6,7,8,8a-hexahydroimidazo[1,2-a]pyridine-3,4'-piperidine]-2-one",C28H35ClN4O
O=C1NCCN1C1CCN(CCC2COc3ccccc3O2)CC1,"1-[1-[2-(2,3-dihydro-1,4-benzodioxin-3-yl)ethyl]piperidin-4-yl]imidazolidin-2-one",C18H25N3O3
O=C1NCCCC1N1C(=O)c2ccccc2S1(=O)=O,"1,1-dioxo-2-(2-oxopiperidin-3-yl)-1,2-benzothiazol-3-one",C12H12N2O4S
O=C1NCCNC1c1cccs1,3-thiophen-2-ylpiperazin-2-one,C8H10N2OS
O=C1NCCN1CCN1CCC(c2cn(-c3ccc(F)cc3)c3ccc(Cl)cc23)CC1,1-[2-[4-[5-chloro-1-(4-fluorophenyl)indol-3-yl]piperidin-1-yl]ethyl]imidazolidin-2-one,C24H26ClFN4O
O=C1NCN(c2ccccc2)C12CCN(CC1COc3ccccc3O1)CC2,"8-(2,3-dihydro-1,4-benzodioxin-3-ylmethyl)-1-phenyl-1,3,8-triazaspiro[4.5]decan-4-one",C22H25N3O3
O=C1NCN(c2ccccc2)C12CCN(CCCC(c1ccc(F)cc1)c1ccc(F)cc1)CC2,"8-[4,4-bis(4-fluorophenyl)butyl]-1-phenyl-1,3,8-triazaspiro[4.5]decan-4-one",C29H31F2N3O
O=C1NCNC1(c1ccccc1)c1ccccc1,"5,5-diphenylimidazolidin-4-one",C15H14N2O
O=C1NCN(c2ccccc2)C12CCN(CCCOc1ccc(F)cc1)CC2,"8-[3-(4-fluorophenoxy)propyl]-1-phenyl-1,3,8-triazaspiro[4.5]decan-4-one",C22H26FN3O2
O=C1Nc2ccc(Cl)cc2C(c2ccccc2)=NC1O,"7-chloro-3-hydroxy-5-phenyl-1,3-dihydro-1,4-benzodiazepin-2-one",C15H11ClN2O2
O=C1Nc2ccc(Cl)cc2C(c2ccccc2Cl)=NC1O,"7-chloro-5-(2-chlorophenyl)-3-hydroxy-1,3-dihydro-1,4-benzodiazepin-2-one",C15H10Cl2N2O2
O=C1Nc2ccc(Cl)cc2[C@@](C#CC2CC2)(C(F)(F)F)O1,"(4S)-6-chloro-4-(2-cyclopropylethynyl)-4-(trifluoromethyl)-1H-3,1-benzoxazin-2-one",C14H9ClF3NO2
O=C1Nc2ccc(Cl)nc2C(c2ccccc2Cl)=NC1O,"7-chloro-5-(2-chlorophenyl)-3-hydroxy-1,3-dihydropyrido[3,2-e][1,4]diazepin-2-one",C14H9Cl2N3O2
O=C1OC(c2ccc(O)cc2)(c2ccc(O)cc2)c2ccccc21,"3,3-bis(4-hydroxyphenyl)-2-benzofuran-1-one",C20H14O4
O=C1OCCC1C1(O)CCN(CCCN2c3ccccc3Sc3ccc(Cl)cc32)CC1,3-[1-[3-(2-chlorophenothiazin-10-yl)propyl]-4-hydroxypiperidin-4-yl]oxolan-2-one,C24H27ClN2O3S
O=C1[C@H]2CCCC[C@H]2C(=O)N1CCCCN1CCN(c2nsc3ccccc23)CC1,"(3aR,7aS)-2-[4-[4-(1,2-benzothiazol-3-yl)piperazin-1-yl]butyl]-3a,4,5,6,7,7a-hexahydroisoindole-1,3-dione",C23H30N4O2S
O=C1[C@H]2[C@H]3C=C[C@H]([C@@H]4C=C[C@@H]43)[C@H]2C(=O)N1CCCCN1CCN(c2ncccn2)CC1,"(1R,2R,6S,7S,8S,11R)-4-[4-(4-pyrimidin-2-ylpiperazin-1-yl)butyl]-4-azatetracyclo[5.4.2.02,6.08,11]trideca-9,12-diene-3,5-dione",C24H29N5O2
O=C1c2ccccc2S(=O)(=O)N1CCCCN1CCN(c2ncccn2)CC1.[Cl-].[H+],,C19H24ClN5O3S
O=C1c2ccccc2S(=O)(=O)N1CCCN1CCN(c2ncccn2)CC1,"1,1-dioxo-2-[3-(4-pyrimidin-2-ylpiperazin-1-yl)propyl]-1,2-benzothiazol-3-one",C18H21N5O3S
O=NN(CCCl)C(=O)NC1CCCCC1,1-(2-chloroethyl)-3-cyclohexyl-1-nitrosourea,C9H16ClN3O2
O=NN(CCCl)C(=O)NCCCl,"1,3-bis(2-chloroethyl)-1-nitrosourea",C5H9Cl2N3O2
O=P(O)(O)OCC(Cl)(Cl)Cl,"2,2,2-trichloroethyl dihydrogen phosphate",C2H4Cl3O4P
O=S(=O)([O-])CCS.[Na+],sodium 2-sulfanylethanesulfonate,C2H5NaO3S2
O=S(=O)(c1ccc2cc[nH]c2c1)N1CCCC1CCN1CCC(Oc2cccc(Cl)c2)CC1,,C25H30ClN3O3S
O=[N+]([O-])C1=CC=NC1NCCSCc1ccccn1,,C12H14N4O2S
O=[N+]([O-])C1=CC=NC1NCCSCc1ncccc1Br,,C12H13BrN4O2S
O=[N+]([O-])c1cc[nH]c1NCCSCc1ccccn1,3-nitro-N-[2-(pyridin-2-ylmethylsulfanyl)ethyl]-1H-pyrrol-2-amine,C12H14N4O2S
O=c1[nH]c(=O)n([C@H]2C[C@H](O)[C@@H](CO)O2)cc1F,"5-fluoro-1-[(2R,4S,5R)-4-hydroxy-5-(hydroxymethyl)oxolan-2-yl]pyrimidine-2,4-dione",C9H11FN2O5
O=c1[nH]c2cc(Cl)c(Cl)c([N+](=O)[O-])c2[nH]c1=O,"6,7-dichloro-5-nitro-1,4-dihydroquinoxaline-2,3-dione",C8H3Cl2N3O4
O=c1[nH]c2cc(Cl)ccc2n1C1CCN(CCCC(c2ccc(F)cc2)c2ccc(F)cc2)CC1,"3-[1-[4,4-bis(4-fluorophenyl)butyl]piperidin-4-yl]-6-chloro-1H-benzimidazol-2-one",C28H28ClF2N3O
O=c1[nH]c2cc(Cl)ccc2n1C1CCN(CC2COc3ccccc3O2)CC1,"6-chloro-3-[1-(2,3-dihydro-1,4-benzodioxin-3-ylmethyl)piperidin-4-yl]-1H-benzimidazol-2-one",C21H22ClN3O3
O=c1[nH]c2cc(Cl)ccc2o1,"5-chloro-3H-1,3-benzoxazol-2-one",C7H4ClNO2
O=c1[nH]c2ccccc2c(=O)n1CCCN1CCN(c2cccc(Cl)c2)CC1,"3-[3-[4-(3-chlorophenyl)piperazin-1-yl]propyl]-1H-quinazoline-2,4-dione",C21H23ClN4O2
O=c1[nH]c2ccccc2c(=O)n1CCN1C[C@H]2C[C@H](c3ccc(F)cc3)[C@H]2C1,"3-[2-[(1S,5R,6S)-6-(4-fluorophenyl)-3-azabicyclo[3.2.0]heptan-3-yl]ethyl]-1H-quinazoline-2,4-dione",C22H22FN3O2
O=c1[nH]c2ccccc2n1C1CCN(CCCC(c2ccc(F)cc2)c2ccc(F)cc2)CC1,"3-[1-[4,4-bis(4-fluorophenyl)butyl]piperidin-4-yl]-1H-benzimidazol-2-one",C28H29F2N3O
O=c1[nH]c2ccccc2n1C1CCN(CCCc2noc3cc(F)ccc23)CC1,"3-[1-[3-(6-fluoro-1,2-benzoxazol-3-yl)propyl]piperidin-4-yl]-1H-benzimidazol-2-one",C22H23FN4O2
O=c1[nH]c2ccccc2n1C1CCN(CCOc2ccccc2)CC1,3-[1-(2-phenoxyethyl)piperidin-4-yl]-1H-benzimidazol-2-one,C20H23N3O2
O=c1[nH]c2ccccc2n1CCCN1CCC(n2c(=O)[nH]c3cc(Cl)ccc32)CC1,6-chloro-3-[1-[3-(2-oxo-3H-benzimidazol-1-yl)propyl]piperidin-4-yl]-1H-benzimidazol-2-one,C22H24ClN5O2
O=c1[nH]cc(F)c(=O)[nH]1,"5-fluoro-1H-pyrimidine-2,4-dione",C4H3FN2O2
O=c1[nH]oc2c1CCNC2,"4,5,6,7-tetrahydro-[1,2]oxazolo[5,4-c]pyridin-3-one",C6H8N2O2
O=c1c(Cc2c(O)oc3ccccc3c2=O)c(O)oc2ccccc12,4-hydroxy-3-[(4-hydroxy-2-oxochromen-3-yl)methyl]chromen-2-one,C19H12O6
O=c1c(O[C@@H]2O[C@H](CO)[C@@H](O)[C@H](O)[C@H]2O)c(-c2ccc(O)c(O)c2)oc2cc(O)cc(O)c12,"2-(3,4-dihydroxyphenyl)-5,7-dihydroxy-3-[(2S,3R,4S,5S,6R)-3,4,5-trihydroxy-6-(hydroxymethyl)oxan-2-yl]oxychromen-4-one",C21H20O12
O=c1cc[nH]nc1,1H-pyridazin-4-one,C4H4N2O
O=c1ccc2ccccc2o1,chromen-2-one,C9H6O2
O=c1ccn(C2OC(CO)C(O)C2O)c(=O)[nH]1,"1-[3,4-dihydroxy-5-(hydroxymethyl)oxolan-2-yl]pyrimidine-2,4-dione",C9H12N2O6
O=c1n(CCCN2CCN(c3cccc(Cl)c3)CC2)nc2ccccn12,"2-[3-[4-(3-chlorophenyl)piperazin-1-yl]propyl]-[1,2,4]triazolo[4,3-a]pyridin-3-one",C19H22ClN5O
O=c1nc[nH]c2c1ncn2[C@H]1CC[C@@H](CO)O1,"9-[(2R,5S)-5-(hydroxymethyl)oxolan-2-yl]-1H-purin-6-one",C10H12N4O3
O=c1ncnc2[nH][nH]cc1-2,"1,5-dihydropyrazolo[5,4-d]pyrimidin-4-one",C5H4N4O
OC(Br)(Br)CBr,"1,1,2-tribromoethanol",C2H3Br3O
OC(C1=NCCN1)(c1ccc(Cl)cc1)c1ccccn1,"(4-chlorophenyl)-(4,5-dihydro-1H-imidazol-2-yl)-pyridin-2-ylmethanol",C15H14ClN3O
OC(CCCN1CCc2c(c3cc(F)ccc3n2-c2ccc(F)cc2)C1)c1ccc(F)cc1,"4-[8-fluoro-5-(4-fluorophenyl)-3,4-dihydro-1H-pyrido[4,3-b]indol-2-yl]-1-(4-fluorophenyl)butan-1-ol",C27H25F3N2O
OC(CCN1CCCC1)(c1ccccc1)C1CCCCC1,1-cyclohexyl-1-phenyl-3-pyrrolidin-1-ylpropan-1-ol,C19H29NO
OC(CCN1CCCCC1)(c1ccccc1)C1CCCCC1,1-cyclohexyl-1-phenyl-3-piperidin-1-ylpropan-1-ol,C20H31NO
OC(CCN1CCCCC1)(c1ccccc1)C1CC2C=CC1C2,1-(2-bicyclo[2.2.1]hept-5-enyl)-1-phenyl-3-piperidin-1-ylpropan-1-ol,C21H29NO
OC(CN1CCCCC1)c1cc(-c2ccccc2)on1,"1-(5-phenyl-1,2-oxazol-3-yl)-2-piperidin-1-ylethanol",C16H20N2O2
OC(Cn1ccnc1)c1ccc(CCc2ccccc2)cc1,2-imidazol-1-yl-1-[4-(2-phenylethyl)phenyl]ethanol,C19H20N2O
OC(Cn1cncn1)(Cn1cncn1)c1ccc(F)cc1F,"2-(2,4-difluorophenyl)-1,3-bis(1,2,4-triazol-1-yl)propan-2-ol",C13H12F2N6O
OC(O)C(Cl)(Cl)Cl,"2,2,2-trichloroethane-1,1-diol",C2H3Cl3O2
OC(OCC(COC(O)C(Cl)(Cl)Cl)(COC(O)C(Cl)(Cl)Cl)COC(O)C(Cl)(Cl)Cl)C(Cl)(Cl)Cl,"2,2,2-trichloro-1-[3-(2,2,2-trichloro-1-hydroxyethoxy)-2,2-bis[(2,2,2-trichloro-1-hydroxyethoxy)methyl]propoxy]ethanol",C13H16Cl12O8
OC(c1cc(C(F)(F)F)nc2c(C(F)(F)F)cccc12)C1CCCCN1,"[2,8-bis(trifluoromethyl)quinolin-4-yl]-piperidin-2-ylmethanol",C17H16F6N2O
OC(c1ccccc1)(c1ccccc1)C1CC1c1ccncc1,diphenyl-(2-pyridin-4-ylcyclopropyl)methanol,C21H19NO
OC(c1ccccc1)(c1ccccc1)C1CCCCN1,diphenyl(piperidin-2-yl)methanol,C18H21NO
OC(c1ccccc1)(c1ccccc1)C1CCNCC1,diphenyl(piperidin-4-yl)methanol,C18H21NO
OC1(c2ccc(Cl)c(C(F)(F)F)c2)CCN(CCCC(c2ccc(F)cc2)c2ccc(F)cc2)CC1,"1-[4,4-bis(4-fluorophenyl)butyl]-4-[4-chloro-3-(trifluoromethyl)phenyl]piperidin-4-ol",C28H27ClF5NO
OC1(c2cccc(Cl)c2)C2=NCCCN2c2ccccc21,"10-(3-chlorophenyl)-3,4-dihydro-2H-pyrimido[1,2-a]indol-10-ol",C17H15ClN2O
OC1(c2ccc(Cl)cc2)c2ccccc2C2=NCCN21,"5-(4-chlorophenyl)-2,3-dihydroimidazo[1,2-b]isoindol-5-ol",C16H13ClN2O
OC1CCN(c2ccc(-c3ccccc3Cl)nn2)CC1,1-[6-(2-chlorophenyl)pyridazin-3-yl]piperidin-4-ol,C15H16ClN3O
OC1CCN(c2ccc(-c3ccc(Cl)cc3Cl)nn2)CC1,"1-[6-(2,4-dichlorophenyl)pyridazin-3-yl]piperidin-4-ol",C15H15Cl2N3O
OCC(O)C(O)C(O)C(O)CO,"hexane-1,2,3,4,5,6-hexol",C6H14O6
OC1OC(COCCOC(O)C(Cl)(Cl)Cl)C(OC2OC(COCCOCCOC(O)C(Cl)(Cl)Cl)CC(OC(O)C(Cl)(Cl)Cl)C2O)C(OCCOCCOC(O)C(Cl)(Cl)Cl)C1O,"5-[3-hydroxy-4-(2,2,2-trichloro-1-hydroxyethoxy)-6-[2-[2-(2,2,2-trichloro-1-hydroxyethoxy)ethoxy]ethoxymethyl]oxan-2-yl]oxy-4-[2-[2-(2,2,2-trichloro-1-hydroxyethoxy)ethoxy]ethoxy]-6-[2-(2,2,2-trichloro-1-hydroxyethoxy)ethoxymethyl]oxane-2,3-diol",C30H46Cl12O19
OCCC1CCN(CC/C=C2\c3ccc(F)cc3Sc3ccc(C(F)(F)F)cc32)CC1,2-[1-[(3E)-3-[6-fluoro-2-(trifluoromethyl)thioxanthen-9-ylidene]propyl]piperidin-4-yl]ethanol,C24H25F4NOS
OCC1(CO)COC(C(Cl)(Cl)Cl)OC1,"[5-(hydroxymethyl)-2-(trichloromethyl)-1,3-dioxan-5-yl]methanol",C7H11Cl3O4
OCCCN1CCN(CCCC2c3ccccc3Sc3ccc(Cl)cc32)CC1,3-[4-[3-(2-chloro-9H-thioxanthen-9-yl)propyl]piperazin-1-yl]propan-1-ol,C23H29ClN2OS
OCCCOc1cccc(CN2CCCCC2)c1,3-[3-(piperidin-1-ylmethyl)phenoxy]propan-1-ol,C15H23NO2
OCCN(CCO)c1nc(N2CCCCC2)c2nc(N(CCO)CCO)nc(N3CCCCC3)c2n1,"2-[[2-[bis(2-hydroxyethyl)amino]-4,8-di(piperidin-1-yl)pyrimido[5,4-d]pyrimidin-6-yl]-(2-hydroxyethyl)amino]ethanol",C24H40N8O4
OCCN1C=CN(CCCN2c3ccccc3C=Cc3ccccc32)C=CC1,"2-[1-(3-benzo[b][1]benzazepin-11-ylpropyl)-5H-1,4-diazepin-4-yl]ethanol",C24H27N3O
OCCN1CCCN(CCCN2c3ccccc3Sc3cc(C(F)(F)F)ccc32)CC1.[Cl-].[Cl-].[H+].[H+],"hydron;2-[4-[3-[3-(trifluoromethyl)phenothiazin-10-yl]propyl]-1,4-diazepan-1-yl]ethanol;dichloride",C23H30Cl2F3N3OS
OCCN1CCCN(CCCN2c3ccccc3Sc3ccc(C(F)(F)F)cc32)CC1,"2-[4-[3-[2-(trifluoromethyl)phenothiazin-10-yl]propyl]-1,4-diazepan-1-yl]ethanol",C23H28F3N3OS
OCCN1CCN(CC/C=C2/c3ccccc3COc3ccc(Cl)cc32)CC1,2-[4-[(3Z)-3-(2-chloro-6H-benzo[c][1]benzoxepin-11-ylidene)propyl]piperazin-1-yl]ethanol,C23H27ClN2O2
OCCN1CCN(CC/C=C2/c3ccccc3Sc3ccc(C(F)(F)F)cc32)CC1,2-[4-[(3Z)-3-[2-(trifluoromethyl)thioxanthen-9-ylidene]propyl]piperazin-1-yl]ethanol,C23H25F3N2OS
OCCN1CCN(CC/C=C2/c3ccccc3Sc3ccc(Cl)cc32)CC1,2-[4-[(3Z)-3-(2-chlorothioxanthen-9-ylidene)propyl]piperazin-1-yl]ethanol,C22H25ClN2OS
OCCN1CCN(CCCC2c3ccc(F)cc3Sc3ccc(C(F)(F)F)cc32)CC1,2-[4-[3-[6-fluoro-2-(trifluoromethyl)-9H-thioxanthen-9-yl]propyl]piperazin-1-yl]ethanol,C23H26F4N2OS
OCCN1CCN(CCCN2c3cc(C(F)(F)F)ccc3Sc3sccc32)CC1,"2-[4-[3-[6-(trifluoromethyl)thieno[2,3-b][1,4]benzothiazin-4-yl]propyl]piperazin-1-yl]ethanol",C20H24F3N3OS2
OCCN1CCN(CCCN2c3ccccc3C=Cc3ccccc32)CC1,2-[4-(3-benzo[b][1]benzazepin-11-ylpropyl)piperazin-1-yl]ethanol,C23H29N3O
OCCN1CCN(CCCN2c3ccccc3Sc3cc(Cl)cnc32)CC1,"2-[4-[3-(3-chloropyrido[3,2-b][1,4]benzothiazin-10-yl)propyl]piperazin-1-yl]ethanol",C20H25ClN4OS
OCCN1CCN(CCCN2c3ccccc3Sc3ccc(C(F)(F)F)cc32)CC1,2-[4-[3-[2-(trifluoromethyl)phenothiazin-10-yl]propyl]piperazin-1-yl]ethanol,C22H26F3N3OS
OCCN1CCN(CCCN2c3ccccc3Sc3ccc(Cl)cc32)CC1,2-[4-[3-(2-chlorophenothiazin-10-yl)propyl]piperazin-1-yl]ethanol,C21H26ClN3OS
OCCN1CCN([C@@H]2C[C@@H](c3ccc(F)cc3)c3ccc(C(F)(F)F)cc32)CC1,"2-[4-[(1R,3S)-3-(4-fluorophenyl)-6-(trifluoromethyl)-2,3-dihydro-1H-inden-1-yl]piperazin-1-yl]ethanol",C22H24F4N2O
OCCOC1CCN(CCCN2c3ccccc3Sc3ccc(C(F)(F)F)cc32)CC1,2-[1-[3-[2-(trifluoromethyl)phenothiazin-10-yl]propyl]piperidin-4-yl]oxyethanol,C23H27F3N2O2S
OCCOCCN1CCN(C(c2ccccc2)c2ccc(Cl)cc2)CC1,2-[2-[4-[(4-chlorophenyl)-phenylmethyl]piperazin-1-yl]ethoxy]ethanol,C21H27ClN2O2
OCCOCCN1CCN(C2=Nc3ccccc3Sc3ccccc32)CC1,"2-[2-(4-benzo[b][1,4]benzothiazepin-6-ylpiperazin-1-yl)ethoxy]ethanol",C21H25N3O2S
OC[C@@H](O)[C@H]1OC2O[C@H](C(Cl)(Cl)Cl)O[C@@H]2[C@H]1O,"(1R)-1-[(2R,5R,6S,6aR)-6-hydroxy-2-(trichloromethyl)-3a,5,6,6a-tetrahydrofuro[2,3-d][1,3]dioxol-5-yl]ethane-1,2-diol",C8H11Cl3O6
OC[C@H]1O[C@@H](n2cnc3c2NC=NC[C@H]3O)C[C@@H]1O,"(8R)-3-[(2R,4S,5R)-4-hydroxy-5-(hydroxymethyl)oxolan-2-yl]-7,8-dihydro-4H-imidazo[4,5-d][1,3]diazepin-8-ol",C11H16N4O4
OCc1ccccc1,phenylmethanol,C7H8O
OCc1ccccc1O[C@@H]1O[C@H](CO)[C@@H](O)[C@H](O)[C@H]1O,"(2R,3S,4S,5R,6S)-2-(hydroxymethyl)-6-[2-(hydroxymethyl)phenoxy]oxane-3,4,5-triol",C13H18O7
OCc1cccnc1,pyridin-3-ylmethanol,C6H7NO
OCc1ncc2n1-c1ccc(Cl)cc1C(c1ccccc1F)=NC2,"[8-chloro-6-(2-fluorophenyl)-4H-imidazo[1,5-a][1,4]benzodiazepin-1-yl]methanol",C18H13ClFN3O
ON1CC(=NCC2CC2)N=c2ccc(Cl)cc2=C1c1ccccc1,"7-chloro-N-(cyclopropylmethyl)-4-hydroxy-5-phenyl-3H-1,4-benzodiazepin-2-imine",C19H18ClN3O
Oc1ccc2c(c1)C13CCCCC1C(C2)NCC3,"17-azatetracyclo[7.5.3.01,10.02,7]heptadeca-2(7),3,5-trien-4-ol",C16H21NO
Oc1ccc2c(c1)C13CCCCC1C(C2)N(CCc1ccccc1)CC3,"17-(2-phenylethyl)-17-azatetracyclo[7.5.3.01,10.02,7]heptadeca-2(7),3,5-trien-4-ol",C24H29NO
Oc1ccc2c(c1)C13CCN(CC4CC4)C(C2)C1CCOC3,"17-(cyclopropylmethyl)-13-oxa-17-azatetracyclo[7.5.3.01,10.02,7]heptadeca-2(7),3,5-trien-4-ol",C19H25NO2
Oc1ccc2c(c1)[C@@]13CCCC[C@@]1(O)[C@@H](C2)N(CC1CC1)CC3,"(1S,9R,10S)-17-(cyclopropylmethyl)-17-azatetracyclo[7.5.3.01,10.02,7]heptadeca-2(7),3,5-triene-4,10-diol",C20H27NO2
Oc1ccc2c(c1)[C@@]13CCCC[C@@]1(O)[C@@H](C2)N(CC1CCC1)CC3,"(1S,9R,10S)-17-(cyclobutylmethyl)-17-azatetracyclo[7.5.3.01,10.02,7]heptadeca-2(7),3,5-triene-4,10-diol",C21H29NO2
Oc1ccc2c3c1OC1C(O)C=CC4C(C2)NCCC341,"1,2,3,4,4a,7,7a,13-octahydro-4,12-methanobenzofuro[3,2-e]isoquinoline-7,9-diol",C16H17NO3
Oc1ccc2c3c1OC1C(O)CCC4(O)C(C2)N(CC2CCC2)CCC314,"3-(cyclobutylmethyl)-1,2,4,5,6,7,7a,13-octahydro-4,12-methanobenzofuro[3,2-e]isoquinoline-4a,7,9-triol",C21H27NO4
S=C(NC1CCCCC1)N1CCC(c2c[nH]cn2)CC1,N-cyclohexyl-4-(1H-imidazol-5-yl)piperidine-1-carbothioamide,C15H24N4S
S=C(NC1CCCCC1)N1CCC(c2cnc[nH]2)CC1,N-cyclohexyl-4-(1H-imidazol-5-yl)piperidine-1-carbothioamide,C15H24N4S
S=C1NCCC(COc2ccccc2)O1,"6-(phenoxymethyl)-1,3-oxazinane-2-thione",C11H13NO2S
S=P(N1CC1)(N1CC1)N1CC1,tris(aziridin-1-yl)-sulfanylidene-lambda5-phosphane,C6H12N3PS
[CH2-][CH-]C,N/A,C3H6-2
[C-]#[N+]C(=C\c1ccc(O)cc1)/C(=C/c1ccc(O)cc1)[N+]#[C-],"4-[(1Z,3Z)-4-(4-hydroxyphenyl)-2,3-diisocyanobuta-1,3-dienyl]phenol",C18H12N2O2
[Cl].c1ccc(Cn2cc(CCc3ccncc3)c3ccccc32)cc1,1-benzyl-3-(2-pyridin-4-ylethyl)indole;hydrochloride,C22H20ClN2
[N-]=[N+]=O,nitrous oxide,N2O
[N-]=[N+]=NCC(=O)N[C@H](CO)[C@H](O)c1ccc([N+](=O)[O-])cc1,"2-azido-N-[(1R,2R)-1,3-dihydroxy-1-(4-nitrophenyl)propan-2-yl]acetamide",C11H13N5O5
c1cc(CN2CCCCC2)cc(OCCCNc2nc3ccccc3o2)c1,"N-[3-[3-(piperidin-1-ylmethyl)phenoxy]propyl]-1,3-benzoxazol-2-amine",C22H27N3O2
c1cc(CN2CCCCC2)cc(OCCCNc2nccs2)c1,"N-[3-[3-(piperidin-1-ylmethyl)phenoxy]propyl]-1,3-thiazol-2-amine",C18H25N3OS
c1cc2c(c(N3CCNCC3)c1)OCCO2,"1-(2,3-dihydro-1,4-benzodioxin-5-yl)piperazine",C12H16N2O2
c1ccc(-c2cc(CCC3CCNCC3)c3ccccc3n2)cc1,2-phenyl-4-(2-piperidin-4-ylethyl)quinoline,C22H24N2
c1ccc(-c2nc(N3CCNCC3)cc3ccccc23)cc1,1-phenyl-3-piperazin-1-ylisoquinoline,C19H19N3
c1ccc(C2(c3ccccc3)OC[C@H]([C@@H]3CCCCN3)O2)cc1,"(2S)-2-[(4S)-2,2-diphenyl-1,3-dioxolan-4-yl]piperidine",C20H23NO2
c1ccc(C2(N3CCCCC3)CCCCC2)cc1,1-(1-phenylcyclohexyl)piperidine,C17H25N
c1ccc(C2CCN(CC3CCCc4c3ccc3c4OCO3)C2)cc1,"3-phenyl-1-(6,7,8,9-tetrahydrobenzo[g][1,3]benzodioxol-6-ylmethyl)pyrrolidine",C22H25NO2
c1ccc(C2CN=C3NCCN32)cc1,"5-phenyl-2,3,5,6-tetrahydro-1H-imidazo[1,2-a]imidazole",C11H13N3
c1ccc(CC2NCCc3c2[nH]c2ccccc32)cc1,"1-benzyl-2,3,4,9-tetrahydro-1H-pyrido[3,4-b]indole",C18H18N2
c1ccc(NCCCOc2cccc(CN3CCCCC3)c2)nc1,N-[3-[3-(piperidin-1-ylmethyl)phenoxy]propyl]pyridin-2-amine,C20H27N3O
c1ccc([C@@H]2CN3CCSC3=N2)cc1,"(6R)-6-phenyl-2,3,5,6-tetrahydroimidazo[2,1-b][1,3]thiazole",C11H12N2S
c1ccc2c(CCC3CCNCC3)c[nH]c2c1,3-(2-piperidin-4-ylethyl)-1H-indole,C15H20N2
c1ccc2c(c1)CCN1CCNCC21,"2,3,4,6,7,11b-hexahydro-1H-pyrazino[2,1-a]isoquinoline",C12H16N2
c1ccc2c(c1)CCc1cccc3c1C2CN1CCCCC31,"3-azapentacyclo[11.8.1.03,8.09,22.016,21]docosa-9,11,13(22),16,18,20-hexaene",C21H23N
c1ccc2c(c1)CCc1ccccc1N2C1CN2CCC1CC2,"11-(1-azabicyclo[2.2.2]octan-3-yl)-5,6-dihydrobenzo[b][1]benzazepine",C21H24N2
c1ccc2c(c1)Sc1ccccc1N2CC1CN2CCC1CC2,10-(1-azabicyclo[2.2.2]octan-3-ylmethyl)phenothiazine,C20H22N2S
c1ccc2c(c1)cc1n2CCCNC1,"2,3,4,5-tetrahydro-1H-[1,4]diazepino[1,2-a]indole",C12H14N2
c1ccc2cc(COC3CCNCC3)ccc2c1,4-(naphthalen-2-ylmethoxy)piperidine,C16H19NO
c1ccc2oc(-c3ccncc3)cc2c1,4-(1-benzofuran-2-yl)pyridine,C13H9NO
c1cnc(N2CCN(Cc3ccc4c(c3)OCO4)CC2)nc1,"2-[4-(1,3-benzodioxol-5-ylmethyl)piperazin-1-yl]pyrimidine",C16H18N4O2
c1ccccc1,benzene,C6H6
