Drug,MolWt,ExactMolWt,MolLogP,TPSA,MolMR,FractionCSP3,qed,HeavyAtomCount,NumHDonors,NumHAcceptors,NumRotatableBonds,RingCount,NumAromaticRings,FormalCharge,NumHeteroatoms,LabuteASA,MaxAbsPartialCharge,MinAbsPartialCharge,MaxEStateIndex,MinEStateIndex,NumAromaticAtoms,FractionAromaticAtoms,NumPositiveCharges,NumNegativeCharges,NumAliphaticRings,NumSaturatedRings,NumHeterocycles,NumAromaticHeterocycles,NumAliphaticHeterocycles,NumSaturatedHeterocycles,NumAmideBonds,BertzCT,BalabanJ,Ipc,HallKierAlpha,Kappa1,Kappa2,Kappa3,NumAtomStereoCenters,NumUnspecifiedAtomStereoCenters
BrC(Br)Br,252.73,249.76,2.45,0.0,30.57,1.0,0.5813,4,0,0,0,0,0,0,3,50.34,0.124,0.064,3.104,0.271,0,0.0,0,0,0,0,0,0,0,0,0,8.0,2.324,3.245,1.44,5.44,2.665,9.877,0,0
C#CC(C)(O)CC,98.14,98.07,0.78,20.23,29.75,0.6667,0.4804,7,1,1,1,0,0,0,1,44.36,0.378,0.122,8.896,-0.889,0,0.0,0,0,0,0,0,0,0,0,0,86.843,3.656,26.839,-0.48,6.52,1.994,2.245,1,1
C#CC(O)(/C=C/Cl)CC,144.6,144.03,1.51,20.23,39.07,0.4286,0.583,9,1,1,2,0,0,0,2,60.34,0.374,0.144,9.221,-1.151,0,0.0,0,0,0,0,0,0,0,0,0,145.485,4.141,83.098,-0.45,8.55,3.552,2.55,1,1
C#CC(OC(N)=O)c1ccccc1,175.19,175.06,1.46,52.32,48.68,0.1,0.6915,13,1,2,2,1,1,0,3,76.51,0.428,0.406,10.446,-0.869,6,0.4615,0,0,0,0,0,0,0,0,1,326.528,2.804,912.232,-1.95,9.14,4.17,2.528,1,1
C#CC1(OC(N)=O)CCCCC1,167.21,167.09,1.42,52.32,45.32,0.6667,0.6003,12,1,2,1,1,0,0,3,72.27,0.43,0.406,10.536,-0.769,0,0.0,0,0,1,1,0,0,0,0,1,211.059,2.615,491.628,-1.17,8.922,3.485,1.911,0,0
C#CC1(OCC(O)CN2CCN(c3ccc(F)cc3)CC2)CCCCC1,360.47,360.22,2.66,35.94,101.66,0.619,0.7915,26,1,4,6,3,1,0,5,155.49,0.389,0.128,13.04,-0.528,6,0.2308,0,0,2,2,1,0,1,1,0,599.432,1.409,914596.38,-1.61,19.16,8.855,4.972,1,1
C#CCC1(OC(N)=O)CCCCC1,181.23,181.11,1.81,52.32,49.93,0.7,0.6603,13,1,2,2,1,0,0,3,78.63,0.442,0.405,10.679,-0.711,0,0.0,0,0,1,1,0,0,0,0,1,223.569,2.616,767.466,-1.17,9.915,4.176,2.656,0,0
C#CCN(C)CCCOc1ccc(Cl)cc1Cl,272.18,271.05,3.33,12.47,72.9,0.3846,0.5815,17,0,2,6,1,1,0,4,112.47,0.492,0.137,5.974,0.537,6,0.3529,0,0,0,0,0,0,0,0,0,400.896,2.292,5628.207,-0.88,14.182,7.447,5.319,0,0
C#CCN(C)Cc1ccccc1,159.23,159.1,1.75,3.24,51.61,0.2727,0.6073,12,0,1,3,1,1,0,1,74.02,0.291,0.06,5.191,0.703,6,0.5,0,0,0,0,0,0,0,0,0,258.083,2.481,585.385,-1.26,8.833,4.584,2.773,0,0
C#CCN(C)[C@H](C)Cc1ccccc1,187.29,187.14,2.18,3.24,61.07,0.3846,0.653,14,0,1,4,1,1,0,1,86.75,0.292,0.06,5.269,0.494,6,0.4286,0,0,0,0,0,0,0,0,0,296.762,2.492,1518.172,-1.26,10.818,5.466,3.238,1,0
C#CCN1C(=O)CN=C(c2ccccc2)c2cc(Cl)ccc21,308.77,308.07,3.16,32.67,89.59,0.1111,0.7844,22,0,2,2,3,2,0,4,133.79,0.299,0.249,12.319,-0.118,12,0.5455,0,0,1,0,1,0,1,0,1,790.48,2.208,137029.652,-2.57,14.371,6.047,2.614,0,0
C#CCN[C@@H]1CCc2ccccc21,171.24,171.1,1.9,12.03,54.34,0.3333,0.67,13,1,1,2,2,1,0,1,79.16,0.299,0.058,5.214,0.479,6,0.4615,0,0,1,0,0,0,0,0,0,335.223,2.148,1777.996,-1.26,8.343,3.636,1.587,1,0
C#C[C@]1(O)CC[C@H]2C3CCC4=Cc5c(cnn5-c5ccc(F)cc5)CC4(C)[C@H]3CCC21C,430.57,430.24,5.56,38.05,123.37,0.5357,0.6019,32,1,3,1,6,2,0,4,189.28,0.377,0.13,13.419,-0.949,11,0.3438,0,0,4,3,1,1,0,0,0,1157.085,1.356,30165436.997,-2.38,20.243,6.576,2.492,6,3
C#C[C@]1(O)CC[C@H]2[C@@H]3CCC4=CC(=O)CC[C@@H]4[C@H]3CC[C@@]21C,298.43,298.19,3.49,37.3,85.88,0.75,0.6951,22,1,2,0,4,0,0,2,132.92,0.377,0.155,11.704,-0.902,0,0.0,0,0,4,3,0,0,0,0,0,583.005,1.652,148000.491,-1.07,14.518,4.712,1.752,6,0
C#C[C@]1(O)CC[C@H]2[C@@H]3CCc4cc(O)ccc4[C@H]3CC[C@@]21C,296.41,296.18,3.61,40.46,86.51,0.6,0.718,22,2,2,0,4,1,0,2,132.11,0.508,0.13,10.907,-0.919,6,0.2727,0,0,3,2,0,0,0,0,0,658.161,1.722,148000.491,-1.46,14.153,4.522,1.664,5,0
C#C[C@]1(O)CC[C@H]2[C@@H]3CCc4cc(OC)ccc4[C@H]3CC[C@@]21C,310.44,310.19,3.92,29.46,91.39,0.619,0.7968,23,1,2,1,4,1,0,2,138.8,0.497,0.13,10.956,-0.9,6,0.2609,0,0,3,2,0,0,0,0,0,672.909,1.696,259558.325,-1.46,15.09,5.016,1.926,5,0
C#C[C@]1(O)CC[C@H]2[C@H]3[C@H](CC[C@@]21C)C1=C(CC(=O)CC1)C[C@H]3C,312.45,312.21,3.88,37.3,90.49,0.7619,0.5442,23,1,2,0,4,0,0,2,139.28,0.377,0.137,11.853,-0.917,0,0.0,0,0,4,2,0,0,0,0,0,624.243,1.718,212710.304,-1.07,15.457,4.962,1.956,6,0
C/C(=C(/CCO)SSCC1CCCO1)N(C=O)Cc1cnc(C)nc1N,398.55,398.14,2.5,101.57,106.21,0.5882,0.4578,26,2,8,10,2,1,0,9,161.73,0.396,0.214,11.632,0.03,6,0.2308,0,0,1,1,2,1,1,1,1,636.434,2.048,772223,-1.29,21.015,10.761,6.153,1,1
C/C(=C(/CCOC(=O)c1ccccc1)SS/C(CCOC(=O)c1ccccc1)=C(\C)N(C=O)Cc1cnc(C)nc1N)N(C=O)Cc1cnc(C)nc1N,770.94,770.27,6.0,196.82,208.84,0.2632,0.0639,54,2,14,19,4,4,0,16,321.39,0.462,0.338,12.774,-0.486,24,0.4444,0,0,0,0,2,2,0,0,2,1853.576,1.635,552467251183.835,-5.74,41.022,20.487,11.894,0,0
C/C(=C(\CCOC(=O)c1ccccc1)SC(=O)c1ccccc1)N(C=O)Cc1cnc(C)nc1N,490.59,490.17,4.38,115.48,135.19,0.1923,0.3289,35,1,8,10,3,3,0,9,207.77,0.462,0.338,12.913,-0.459,18,0.5143,0,0,0,0,1,1,0,0,1,1216.536,1.811,61244359.577,-3.98,25.639,12.474,7.249,0,0
C/C(=C(\CCOP(=O)(O)O)SC(=O)c1ccccc1)N(C=O)Cc1cnc(C)nc1N,466.46,466.11,2.63,155.94,116.47,0.2632,0.3512,31,3,8,10,2,2,0,12,183.32,0.469,0.383,12.668,-4.674,12,0.3871,0,0,0,0,1,1,0,0,1,1011.713,2.302,4414775.362,-2.56,24.707,11.17,7.891,0,0
C/C(=C/CCN1CCC2(CC1)C(=O)NCN2c1ccccc1)c1ccc(F)cc1,393.51,393.22,4.05,35.58,115.0,0.375,0.8326,29,1,3,5,4,2,0,5,171.56,0.339,0.247,13.076,-0.419,12,0.4138,0,0,2,2,2,0,2,2,1,870.759,1.344,5795498.348,-2.66,19.648,8.374,4.056,0,0
C/C(=C1/CCOC(=O)S1)N(C=O)Cc1cnc(C)nc1N,308.36,308.09,1.83,98.41,79.04,0.3846,0.6689,21,1,7,4,2,1,0,8,126.12,0.457,0.371,11.338,-0.348,6,0.2857,0,0,1,1,2,1,1,1,1,603.079,2.207,49466.36,-2.09,15.302,6.575,3.72,0,0
C/C=C(\CC)C(=O)NC(N)=O,156.18,156.09,0.54,72.19,41.77,0.4286,0.5725,11,2,2,2,0,0,0,4,65.45,0.351,0.319,10.936,-0.817,0,0.0,0,0,0,0,0,0,0,0,3,196.617,4.123,195.625,-1.32,9.68,4.488,3.396,0,0
C/C=C/C(=O)N(CC)C(CC)C(=O)N(C)C,226.32,226.17,1.28,40.62,64.97,0.6667,0.6625,16,0,2,5,0,0,0,4,97.91,0.347,0.246,11.891,-0.358,0,0.0,0,0,0,0,0,0,0,0,2,272.192,4.888,2318.481,-1.32,14.68,7.037,3.68,1,1
C/C=C/C(=O)N(CCC)C(CC)C(=O)N(C)C,240.35,240.18,1.67,40.62,69.59,0.6923,0.6626,17,0,2,6,0,0,0,4,104.27,0.347,0.246,12.007,-0.353,0,0.0,0,0,0,0,0,0,0,0,2,285.144,4.982,3787.144,-1.32,15.68,7.873,4.589,1,1
C/C=C/C1=C(C(=O)O)N2C(=O)[C@@H](NC(=O)[C@H](N)c3ccc(O)cc3)[C@H]2SC1.O,407.45,407.12,-0.12,164.46,103.15,0.2778,0.4941,28,4,6,5,3,1,0,10,164.75,0.508,0.352,12.502,-1.174,6,0.2143,0,0,2,1,2,0,2,1,2,851.382,0.0,907674.224,-2.82,21.48,8.464,3.745,3,0
C/C=C/C=C/C1OC(O)(C(CC)C(=O)NC/C=C/C=C(\C)C(OC)C(C)C2OC(/C=C/C=C/C=C(\C)C(=O)c3c(O)n(C)ccc3=O)C(O)C2O)C(O)C(OC2OC(C)C(OC3OC(C)C(OC)C(O)C3OC)C(OC)C2O)C1(C)C,1145.35,1144.59,2.75,302.08,296.42,0.6441,0.0419,81,8,21,24,5,1,0,22,474.45,0.494,0.228,14.109,-2.531,6,0.0741,0,0,4,4,5,1,4,4,1,2521.396,1.237,94764169900146736,-4.57,67.223,29.793,15.043,21,21
C/C=C\C1O[C@]2(C(=O)COC(=O)c3ccncc3)CC[C@@]3(O1)[C@@H]1CCC4=CC(=O)CC[C@]4(C)[C@H]1[C@@H](O)C[C@]23C,535.64,535.26,4.12,112.02,140.37,0.6129,0.4427,39,1,8,5,6,1,0,8,228.35,0.454,0.338,14.092,-1.264,6,0.1538,0,0,5,4,2,1,1,1,0,1258.647,1.366,587528782.984,-2.68,26.538,9.18,3.603,8,1
C1=C(CC2=NCNC2)CCc2ccccc21,212.3,212.13,2.41,24.39,67.66,0.3571,0.7995,16,1,2,2,3,1,0,2,96.09,0.293,0.089,4.45,0.805,6,0.375,0,0,2,0,1,0,1,0,0,457.558,1.805,11146.613,-1.41,9.79,4.221,1.932,0,0
C1=Cc2cccc(OCC3CNCCO3)c2C1,231.29,231.13,1.62,30.49,67.28,0.4286,0.8572,17,1,3,3,3,1,0,3,101.43,0.491,0.123,5.883,0.175,6,0.3529,0,0,2,1,1,0,1,1,0,422.23,1.635,18893.365,-1.32,10.81,4.899,2.352,1,1
C1CC1,42.08,42.05,1.17,0.0,13.85,1.0,0.3814,3,0,0,0,1,0,0,0,20.46,0.053,0.053,1.5,1.5,0,0.0,0,0,1,1,0,0,0,0,0,4.755,2.25,8.755,0.0,1.333,0.222,0.0,0,0
C1CCCCC1,84.16,84.09,2.34,0.0,27.7,1.0,0.4223,6,0,0,0,1,0,0,0,39.56,0.053,0.053,1.5,1.5,0,0.0,0,0,1,1,0,0,0,0,0,15.51,2.0,34.399,0.0,4.167,2.222,1.0,0,0
C1CCc2nnnn2CC1,138.17,138.09,0.4,43.6,35.37,0.8333,0.5209,10,0,4,0,2,1,0,4,59.23,0.23,0.151,3.919,1.002,5,0.5,0,0,1,0,2,1,1,0,0,196.777,2.281,362.17,-0.93,5.825,2.361,0.894,0,0
C=C,28.05,28.03,0.8,0.0,11.25,0.0,0.3445,2,0,0,0,0,0,0,0,14.41,0.106,0.106,3.0,3.0,0,0.0,0,0,0,0,0,0,0,0,0,0.0,2.0,2,-0.26,1.74,0.74,-6.106,0,0
C=C(C)CNCC(=O)N(C)c1ccc(Cl)cc1C(=O)c1ccccc1,356.85,356.13,3.7,49.41,102.42,0.2,0.6076,25,1,3,7,2,2,0,5,152.65,0.314,0.24,12.826,-0.173,12,0.48,0,0,0,0,0,0,0,0,1,787.538,2.272,335087.751,-2.43,18.902,8.604,5.019,0,0
C=C(C)[C@@H]1CCC(C)=CC1c1c(O)cc(CCCCC)cc1O,314.47,314.22,5.85,40.46,97.04,0.5238,0.5108,23,2,2,6,2,1,0,2,140.11,0.507,0.123,10.548,0.019,6,0.2609,0,0,1,0,0,0,0,0,0,574.854,2.338,112504.245,-1.7,17.651,7.718,4.186,2,1
C=C(CC)C(=O)c1ccc(OCC(=O)O)c(Cl)c1Cl,303.14,302.01,3.61,63.6,73.35,0.2308,0.6439,19,1,3,6,1,1,0,6,120.13,0.48,0.341,11.949,-1.133,6,0.3158,0,0,0,0,0,0,0,0,0,537.69,3.069,12437.321,-1.52,15.537,6.59,3.719,0,0
C=C1CC2C3C=CC4=CC(=O)CCC4(C)C3C(O)CC2(C)[C@@]1(O)C(=O)CO,372.46,372.19,1.72,94.83,99.57,0.6364,0.6418,27,3,5,2,4,0,0,5,159.02,0.393,0.194,12.493,-1.814,0,0.0,0,0,4,2,0,0,0,0,0,794.525,1.825,1038833.503,-1.56,18.787,5.723,2.162,7,6
C=C1CC2C3CCC4=CC(=O)C=CC4(C)C3C(O)CC2(C)C1(O)C(=O)CO,372.46,372.19,1.72,94.83,99.57,0.6364,0.6418,27,3,5,2,4,0,0,5,159.02,0.393,0.194,12.5,-1.798,0,0.0,0,0,4,3,0,0,0,0,0,794.525,1.789,1038833.503,-1.56,18.787,5.723,2.162,7,7
C=C1CC[C@@]2(O)[C@H]3Cc4ccc(O)c5c4[C@@]2(CCN3CC2CC2)[C@H]1O5,339.44,339.18,2.51,52.93,93.93,0.619,0.8132,25,2,4,2,6,1,0,4,147.65,0.504,0.166,12.08,-0.78,6,0.24,0,0,5,3,2,0,2,1,0,800.576,1.579,1400624.064,-1.52,14.629,4.413,1.571,4,0
C=C1C[C@H](C)[C@H]2[C@H]3Cc4ccc(O)cc4[C@@]2(CCN3CC2CCC2)C1,337.51,337.24,4.66,23.47,101.84,0.6522,0.7933,25,1,2,2,5,1,0,2,151.48,0.508,0.115,10.182,0.224,6,0.24,0,0,4,3,1,0,1,1,0,706.044,1.586,541333.402,-1.28,15.935,5.607,2.329,4,0
C=C1C[C@H]2[C@@H]3CCC4=CC(=O)C=C[C@]4(C)[C@@]3(F)C(O)C[C@]2(C)[C@@]1(O)C(=O)CO,390.45,390.18,1.82,94.83,99.92,0.6364,0.6254,28,3,5,2,4,0,0,6,163.18,0.39,0.194,16.829,-2.022,0,0.0,0,0,4,3,0,0,0,0,0,845.865,1.849,1500075.637,-1.63,19.676,5.71,1.962,7,1
C=C1Cc2c(CCN(CCC)CCC)ccc(O)c2N1,274.41,274.2,3.54,35.5,85.3,0.5294,0.7466,20,2,3,7,2,1,0,3,121.85,0.506,0.139,9.905,0.335,6,0.3,0,0,1,0,1,0,1,0,0,476.124,2.069,39995.628,-1.48,14.919,6.798,3.339,0,0
C=C1c2c(Cl)ccc(O)c2C(O)=C2C(=O)C3(O)C(=O)/C(=C(/N)O)C(=O)C(N(C)C)C3C(O)C12,476.87,476.1,0.06,181.62,115.97,0.3182,0.1402,33,6,10,1,4,1,0,11,192.04,0.507,0.211,13.646,-3.045,6,0.1818,0,0,3,2,0,0,0,0,0,1228.995,2.074,12340718.311,-3.18,22.994,7.159,2.688,5,5
C=C1c2cccc(O)c2C(O)=C2C(=O)[C@]3(O)C(=O)/C(=C(/N)O)C(=O)[C@@H](N(C)C)[C@@H]3[C@@H](O)[C@H]12,442.42,442.14,-0.59,181.62,110.96,0.3182,0.1422,32,6,10,1,4,1,0,10,181.74,0.507,0.211,13.594,-3.007,6,0.1875,0,0,3,2,0,0,0,0,0,1176.371,2.056,8427682.936,-3.47,21.75,6.762,2.42,5,0
C=C1c2ccccc2CN(CCCN(C)C)c2ccccc21,292.43,292.19,4.02,6.48,95.24,0.3,0.8395,22,0,2,4,3,2,0,2,133.23,0.367,0.045,4.365,0.958,12,0.5455,0,0,1,0,1,0,1,0,0,672.912,1.965,130906.081,-2.06,14.86,6.368,2.927,0,0
C=CC(N)CCC(=O)O,129.16,129.08,0.36,63.32,35.04,0.5,0.5387,9,2,2,4,0,0,0,3,54.17,0.481,0.303,9.93,-0.813,0,0.0,0,0,0,0,0,0,0,0,0,111.625,3.265,78.513,-0.83,8.17,4.089,5.034,1,1
C=CC1(C(C)CCC)C(=O)NC(=O)NC1=O,224.26,224.12,0.96,75.27,58.38,0.5455,0.5514,16,2,3,4,1,0,0,5,94.28,0.328,0.277,11.82,-1.329,0,0.0,0,0,1,1,1,0,1,1,4,329.139,3.095,2793.402,-1.65,12.42,4.467,1.727,1,1
C=CC1=C(C(=O)O)N2C(=O)[C@@H](NC(=O)/C(=N\O)c3csc(N)n3)[C@H]2SC1,395.42,395.04,-0.17,158.21,94.73,0.2143,0.2314,26,4,9,5,3,1,0,12,154.61,0.477,0.352,12.39,-1.237,5,0.1923,0,0,2,1,3,1,2,1,2,876.833,1.781,680003.203,-2.86,17.947,6.802,2.82,2,0
C=CC1=C(C(=O)O)N2C(=O)[C@@H](NC(=O)/C(=N\OCC(=O)O)c3csc(N)n3)[C@H]2SC1,453.46,453.04,-0.54,184.51,106.53,0.25,0.2262,30,4,10,8,3,1,0,14,176.61,0.479,0.352,12.718,-1.3,5,0.1667,0,0,2,1,3,1,2,1,2,1001.862,1.794,4078187.343,-3.39,21.322,8.543,3.994,2,0
C=CC1CNCCC1CCCc1ccnc2ccc(OC)cc12,310.44,310.2,3.98,34.15,95.9,0.45,0.8196,23,1,3,6,3,2,0,3,138.32,0.497,0.119,5.36,0.623,10,0.4348,0,0,1,1,2,1,1,1,0,667.739,1.677,255292.458,-1.87,16.004,7.602,3.728,2,2
C=CC1O[C@@H]2CC3C4CCC5=CC(=O)C=CC5(C)C4(F)C(O)CC3(C)[C@]2(C(=O)CO)O1,432.49,432.19,2.19,93.06,108.5,0.6667,0.6645,31,2,6,3,5,0,0,7,180.34,0.39,0.193,17.108,-1.988,0,0.0,0,0,5,4,1,0,1,1,0,927.03,1.627,10436966.164,-1.67,21.19,6.438,2.255,9,7
C=CCC(CC)(CC)C(N)=O,155.24,155.13,1.85,43.09,47.02,0.6667,0.6048,11,1,1,5,0,0,0,2,68.47,0.369,0.223,11.048,-0.345,0,0.0,0,0,0,0,0,0,0,0,1,147.642,4.445,215.593,-0.79,10.21,4.164,2.07,0,0
C=CCC(N)Cc1ccccc1,161.25,161.12,2.13,26.02,52.94,0.2727,0.6725,12,1,1,4,1,1,0,1,73.91,0.327,0.011,5.845,0.213,6,0.5,0,0,0,0,0,0,0,0,0,228.019,2.463,585.385,-1.08,9.012,4.728,2.888,1,1
C=CCC(N)c1ccccc1-c1noc2ccccc12,264.33,264.13,4.07,52.05,81.19,0.1176,0.7225,20,1,3,4,3,3,0,3,117.25,0.356,0.167,6.227,-0.084,15,0.75,0,0,0,0,1,1,0,0,0,745.34,2.168,69435.554,-2.39,12.634,5.309,2.124,1,1
C=CCC1(C(C)C#CCC)C(=O)NC(=O)N(C)C1=O,262.31,262.13,1.31,66.48,70.79,0.5,0.4735,19,1,3,3,1,0,0,5,112.58,0.33,0.277,12.391,-1.368,0,0.0,0,0,1,1,1,0,1,1,4,486.655,3.298,12293.487,-2.09,14.969,5.7,2.387,2,2
C=CCC1(C(C)C)C(=O)NC(=O)NC1=O,210.23,210.1,0.57,75.27,53.77,0.5,0.5279,15,2,3,3,1,0,0,5,87.91,0.328,0.277,11.728,-1.213,0,0.0,0,0,1,1,1,0,1,1,4,313.559,3.142,1588.115,-1.65,11.425,3.842,1.646,0,0
C=CCC1(C(C)CC)C(=O)NC(=O)NC1=O,224.26,224.12,0.96,75.27,58.38,0.5455,0.5514,16,2,3,4,1,0,0,5,94.28,0.328,0.277,11.887,-1.204,0,0.0,0,0,1,1,1,0,1,1,4,329.139,3.158,2863.582,-1.65,12.42,4.467,1.727,1,1
C=CCC1(C(C)CCC)C(=O)NC(=O)NC1=O,238.29,238.13,1.35,75.27,63.0,0.5833,0.5605,17,2,3,5,1,0,0,5,100.64,0.328,0.277,12.003,-1.203,0,0.0,0,0,1,1,1,0,1,1,4,342.762,3.114,4566.538,-1.65,13.415,5.12,2.227,1,1
C=CCC1(C(C)CCC)C(=O)NC(=S)NC1=O,254.35,254.11,1.52,58.2,70.2,0.5833,0.4441,17,2,3,5,1,0,0,5,106.84,0.302,0.242,12.136,-1.069,0,0.0,0,0,1,1,1,0,1,1,2,345.517,3.114,4566.538,-1.23,13.833,5.402,2.386,1,1
C=CCC1(C2C=CCCC2)C(=O)NC(=S)NC1=O,264.35,264.09,1.44,58.2,72.61,0.4615,0.4605,18,2,3,3,2,0,0,5,111.51,0.302,0.242,12.285,-1.096,0,0.0,0,0,2,1,1,0,1,1,2,422.272,2.406,12109.905,-1.49,12.954,5.018,1.987,1,1
C=CCC1(CC(=C)Br)C(=O)NC(=O)NC1=O,287.11,286.0,1.21,75.27,61.61,0.3,0.6026,16,2,3,4,1,0,0,6,101.09,0.328,0.277,11.76,-1.337,0,0.0,0,0,1,1,1,0,1,1,4,369.525,3.102,2466.43,-1.43,12.639,4.608,2.214,0,0
C=CCC1(CC(C)(C)C)C(=O)NC(=O)NC1=O,238.29,238.13,1.35,75.27,63.0,0.5833,0.5754,17,2,3,3,1,0,0,5,100.64,0.328,0.277,11.964,-1.228,0,0.0,0,0,1,1,1,0,1,1,4,359.702,3.123,3109.935,-1.65,13.415,4.313,2.723,0,0
C=CCC1(CC(C)C)C(=O)NC(=O)NC1=O,224.26,224.12,0.96,75.27,58.38,0.5455,0.5514,16,2,3,4,1,0,0,5,94.28,0.328,0.277,11.822,-1.191,0,0.0,0,0,1,1,1,0,1,1,4,327.139,3.055,2466.43,-1.65,12.42,4.467,2.127,0,0
C=CCC1(CC(C)O)C(=O)NC(=O)NC1=O,226.23,226.1,-0.31,95.5,55.23,0.5,0.4522,16,3,4,4,1,0,0,6,92.71,0.393,0.328,11.711,-1.441,0,0.0,0,0,1,1,1,0,1,1,4,328.728,3.055,2466.43,-1.69,12.38,4.441,2.111,1,1
C=CCC1(CC=C)C(=O)NC(=O)NC1=O,208.22,208.08,0.49,75.27,53.74,0.3,0.5212,15,2,3,4,1,0,0,5,87.22,0.328,0.277,11.629,-1.28,0,0.0,0,0,1,1,1,0,1,1,4,314.577,3.071,1812.315,-1.91,11.166,4.08,1.808,0,0
C=CCN1C(=O)C(CC(C)C)NC1=S,212.32,212.1,1.3,32.34,60.89,0.6,0.563,14,1,2,4,1,0,0,4,90.16,0.35,0.251,11.769,-0.137,0,0.0,0,0,1,1,1,0,1,1,1,262.848,2.636,1252.018,-0.9,11.176,4.551,2.318,1,1
C=CCN1C(=O)OC(C)C1=O,155.15,155.06,0.54,46.61,37.85,0.4286,0.5466,11,0,3,2,1,0,0,4,64.43,0.436,0.417,11.038,-0.637,0,0.0,0,0,1,1,1,0,1,1,2,211.731,2.709,316.948,-1.32,7.783,2.736,1.239,1,1
C=CCN1CCC23c4c5ccc(O)c4OC2C2(OC)C=CC3(CC2[C@](C)(O)CCC)C1C5,437.58,437.26,3.72,62.16,123.03,0.6296,0.6645,32,2,5,6,7,1,0,5,190.26,0.504,0.165,11.756,-0.873,6,0.1875,0,0,6,2,2,0,2,1,0,1017.154,1.641,25552379.001,-1.82,20.763,6.398,2.074,7,6
C=CCN1CCC23c4c5ccc(OC(C)=O)c4OC2C(OC(C)=O)C=CC3C1C5,395.46,395.17,2.54,65.07,105.91,0.4783,0.4435,29,0,6,4,5,1,0,6,169.66,0.481,0.308,11.756,-0.459,6,0.2069,0,0,4,1,2,0,2,1,0,937.441,1.686,5115940.099,-2.6,18.43,6.455,2.513,5,5
C=CCN1CCCC1CNC(=O)c1cc(S(=O)(=O)NC)c(N)cc1OC,382.49,382.17,0.57,113.76,100.78,0.4706,0.4473,26,3,6,8,2,1,0,9,153.99,0.496,0.255,12.639,-3.786,6,0.2308,0,0,1,1,1,0,1,1,1,779.213,2.218,591203.911,-2.1,20.215,8.522,4.349,1,1
C=CCN1CCCC1CNC(=O)c1cc(S(N)(=O)=O)cc(OC)c1OC,383.47,383.15,0.73,110.96,98.04,0.4706,0.6405,26,2,6,8,2,1,0,9,153.55,0.493,0.255,12.672,-3.998,6,0.2308,0,0,1,1,1,0,1,1,1,778.848,2.251,564919.191,-2.1,20.215,8.522,4.541,1,1
C=CCN1CC[C@]23CCCC[C@H]2[C@H]1Cc1ccc(O)cc13,283.42,283.19,3.64,23.47,85.62,0.5789,0.8377,21,1,2,2,4,1,0,2,127.02,0.508,0.115,9.985,0.34,6,0.2857,0,0,3,2,1,0,1,1,0,566.685,1.831,102536.123,-1.28,13.388,4.876,1.883,3,0
C=CCN1CC[C@]23c4c5ccc(O)c4O[C@H]2C(=O)CC[C@@]3(O)[C@H]1C5,327.38,327.15,1.3,70.0,87.27,0.5263,0.8015,24,2,5,2,5,1,0,5,140.09,0.504,0.174,12.633,-1.001,6,0.25,0,0,4,2,2,0,2,1,0,774.875,1.797,500717.306,-1.85,14.489,4.406,1.381,4,0
C=CCN1CC[C@]23c4c5ccc(O)c4O[C@H]2[C@@H](O)C=C[C@H]3[C@H]1C5,311.38,311.15,1.75,52.93,86.72,0.4737,0.8173,23,2,4,2,5,1,0,4,135.23,0.504,0.165,10.528,-0.615,6,0.2609,0,0,4,1,2,0,2,1,0,727.57,1.758,362766.747,-1.78,13.64,4.396,1.486,5,0
C=CCN1C[C@H](C(=O)N(CCCN(C)C)C(=O)NCC)C[C@@H]2c3cccc4[nH]cc(c34)C[C@H]21,451.62,451.29,3.19,71.68,132.37,0.5385,0.6049,33,2,4,8,4,2,0,7,196.34,0.361,0.324,13.745,-0.28,9,0.2727,0,0,2,1,2,1,1,1,3,1013.276,1.615,32157664.399,-2.64,23.516,10.097,4.703,3,0
C=CCONC1=Nc2ccc(Cl)cc2C(c2ccccc2Cl)=NC1,360.24,359.06,4.58,45.98,99.79,0.1111,0.4928,24,1,4,4,3,2,0,6,150.0,0.276,0.148,6.353,0.337,12,0.5,0,0,1,0,1,0,1,0,0,830.764,2.052,356165.115,-2.14,16.709,7.62,3.672,0,0
C=CCSCC(=O)NC1C(=O)N2C1SC(C)(C)C2C(=O)[O-].[Na+],352.41,352.05,-3.79,89.54,80.55,0.6154,0.2283,22,1,6,6,2,0,0,9,159.67,1.0,0.548,12.095,-1.255,0,0.0,1,1,2,2,2,0,2,2,2,500.432,0.0,34675.621,-0.15,19.896,7.613,3.668,3,3
C=CC[C@@H]1/C=C(\C)C[C@H](C)C[C@H](OC)[C@H]2O[C@@](O)(C(=O)C(=O)N3CCCC[C@H]3C(=O)O[C@H](/C(C)=C/[C@@H]3CC[C@@H](O)[C@H](OC)C3)[C@H](C)[C@@H](O)CC1=O)[C@H](C)C[C@@H]2OC,804.03,803.48,4.64,178.36,212.59,0.7727,0.185,57,3,12,7,4,0,0,13,338.7,0.456,0.329,14.305,-2.51,0,0.0,0,0,4,3,3,0,3,2,1,1478.296,1.778,1192347300534.843,-2.78,46.904,20.955,11.287,14,0
C=CC[C@H](N)c1ccccc1-c1noc2ccccc12,264.33,264.13,4.07,52.05,81.19,0.1176,0.7225,20,1,3,4,3,3,0,3,117.25,0.356,0.167,6.227,-0.084,15,0.75,0,0,0,0,1,1,0,0,0,745.34,2.168,69435.554,-2.39,12.634,5.309,2.124,1,0
C=COC=C,70.09,70.04,1.29,9.23,21.48,0.0,0.4447,5,0,1,2,0,0,0,1,31.57,0.474,0.083,4.361,1.312,0,0.0,0,0,0,0,0,0,0,0,0,32.913,2.653,11.245,-0.72,4.28,3.28,3.28,0,0
C=COCC(F)(F)F,126.08,126.03,1.71,9.23,22.2,0.5,0.5115,8,0,1,2,0,0,0,4,44.75,0.492,0.422,11.07,-4.242,0,0.0,0,0,0,0,0,0,0,0,0,75.843,3.239,36.616,-0.67,7.33,2.592,5.33,0,0
C=C[C@@H]1CNCC[C@H]1CCCc1ccnc2ccc(OC)cc12,310.44,310.2,3.98,34.15,95.9,0.45,0.8196,23,1,3,6,3,2,0,3,138.32,0.497,0.119,5.36,0.623,10,0.4348,0,0,1,1,2,1,1,1,0,667.739,1.677,255292.458,-1.87,16.004,7.602,3.728,2,0
C=C[C@H]1CN2CC[C@@H]1C[C@H]2[C@H](O)c1ccnc2ccc(OC)cc12,324.42,324.18,3.17,45.59,95.03,0.45,0.8776,24,1,4,4,5,2,0,4,142.31,0.497,0.119,11.152,-0.504,10,0.4167,0,0,3,3,4,1,3,3,0,760.387,1.687,512499.659,-1.91,15.608,6.188,2.502,5,1
C=C[C@H]1CN2CC[C@H]1C[C@@H]2[C@@H](O)c1ccnc2ccc(OC)cc12,324.42,324.18,3.17,45.59,95.03,0.45,0.8776,24,1,4,4,5,2,0,4,142.31,0.497,0.119,11.152,-0.504,10,0.4167,0,0,3,3,4,1,3,3,0,760.387,1.687,512499.659,-1.91,15.608,6.188,2.502,5,1
C=NC(C(=O)NC1C(=O)N2C1SC(C)(C)C2C(=O)O)c1ccccc1,361.42,361.11,1.06,99.07,94.39,0.4118,0.6035,25,2,5,5,3,1,0,8,149.04,0.48,0.327,12.548,-1.034,6,0.24,0,0,2,2,2,0,2,2,2,736.668,1.747,340585.056,-2.35,17.472,6.18,2.799,4,4
CC#C[C@]1(O)CC[C@H]2[C@@H]3CCC4=CC(=O)CCC4=C3[C@@H](c3ccc(N(C)C)cc3)C[C@@]21C,429.6,429.27,5.41,40.54,129.43,0.5517,0.6395,32,1,3,2,5,1,0,3,192.14,0.378,0.156,12.17,-0.914,6,0.1875,0,0,4,2,0,0,0,0,0,1066.614,1.669,20203271.62,-2.31,21.531,7.631,3.106,5,0
CC(=O)C1(O)CCC2C3CCC4=CC(=O)C=CC4(C)C3C(O)CC21C,344.45,344.2,2.59,74.6,93.64,0.7143,0.7666,25,2,4,1,4,0,0,4,148.55,0.393,0.178,12.232,-1.32,0,0.0,0,0,4,3,0,0,0,0,0,706.685,1.765,412182.776,-1.26,17.169,5.137,2.011,7,7
CC(=O)C12OC(C)(C)OC1CC1C3CCC4=CC(=O)CCC4(C)C3CCC12C,386.53,386.25,4.61,52.6,105.54,0.8333,0.6604,28,0,4,1,5,0,0,4,167.96,0.344,0.164,13.033,-0.8,0,0.0,0,0,5,4,1,0,1,1,0,781.475,1.54,2096216.778,-1.0,18.993,5.573,2.142,7,7
CC(=O)C1=C(O)[C@@]2(O)C(=O)c3c(c(C)c4ccc(C)c(O)c4c3O)C[C@H]2[C@@H](N)C1=O,411.41,411.13,1.27,158.15,106.54,0.3182,0.4389,30,5,8,1,4,2,0,8,170.79,0.508,0.206,13.453,-2.641,10,0.3333,0,0,2,0,0,0,0,0,0,1226.197,2.109,3583524.722,-3.23,20.059,6.134,2.199,3,0
CC(=O)C1CCC2C3CC(C)C4=CC(=O)C=CC4(C)C3C(O)CC12C,342.48,342.22,3.72,54.37,96.72,0.7273,0.7901,25,1,3,1,4,0,0,3,150.12,0.393,0.178,12.225,-0.412,0,0.0,0,0,4,3,0,0,0,0,0,689.386,1.773,429612.591,-1.22,17.207,5.389,2.206,8,8
CC(=O)C1CCC2C3CC=C4CC(OC(=O)CCC(=O)O)CCC4(C)C3CCC12C,416.56,416.26,4.93,80.67,112.62,0.8,0.5075,30,1,4,5,4,0,0,5,179.18,0.481,0.306,12.279,-0.965,0,0.0,0,0,4,3,0,0,0,0,0,769.501,1.463,5109681.995,-1.65,21.577,7.797,3.521,7,7
CC(=O)CC(c1ccccc1)c1c(O)oc2ccccc2c1=O,308.33,308.1,3.61,67.51,87.73,0.1579,0.7992,23,1,4,4,3,3,0,4,132.55,0.48,0.29,12.814,-0.533,16,0.6957,0,0,0,0,1,1,0,0,0,909.551,2.259,187785.023,-2.88,15.033,6.085,2.879,1,1
CC(=O)N1CCN(C(=O)Cc2cc(F)cc(F)c2)[C@@H](CN2CC[C@@H](O)C2)C1,381.42,381.19,0.63,64.09,94.88,0.5789,0.8313,27,1,4,4,3,1,0,8,156.89,0.392,0.227,13.405,-0.707,6,0.2222,0,0,2,2,2,0,2,2,2,695.19,1.71,1120140.344,-2.06,19.695,8.308,5.014,2,0
CC(=O)N1CCN(C(=O)Cc2ccc(C(F)(F)F)cc2)[C@@H](CN2CC[C@@H](O)C2)C1,413.44,413.19,1.37,64.09,99.97,0.6,0.8102,29,1,4,4,3,1,0,9,167.42,0.416,0.392,12.907,-4.406,6,0.2069,0,0,2,2,2,0,2,2,2,738.727,1.677,2626043.477,-2.13,21.576,8.706,5.479,2,0
CC(=O)N1CCN(C(=O)Cc2ccc(Cl)c(Cl)c2)[C@@H](CN2CCCC2)C1,398.33,397.13,2.69,43.86,103.6,0.5789,0.7836,26,0,3,4,3,1,0,7,164.37,0.339,0.227,12.952,0.043,6,0.2308,0,0,2,2,2,0,2,2,2,676.748,1.698,898965.35,-1.3,19.461,8.592,4.698,1,0
CC(=O)N1CCN(C(=O)Cc2ccc(Cl)c(Cl)c2)[C@@H](CN2CC[C@@H](O)C2)C1,414.33,413.13,1.66,64.09,104.98,0.5789,0.8144,27,1,4,4,3,1,0,8,169.17,0.392,0.227,12.967,-0.308,6,0.2222,0,0,2,2,2,0,2,2,2,715.44,1.699,1214601.264,-1.34,20.396,8.776,5.135,2,0
CC(=O)N1CCN(C(=O)Cc2ccc(S(C)(=O)=O)cc2)[C@@H](CN2CC[C@H](O)C2)C1,423.54,423.18,-0.24,98.23,108.07,0.6,0.7019,29,1,6,5,3,1,0,9,171.55,0.392,0.227,13.011,-3.268,6,0.2069,0,0,2,2,2,0,2,2,2,855.373,1.692,2626043.477,-1.97,21.732,8.808,5.552,2,0
CC(=O)N1CCN(C(=O)Cc2ccc([N+](=O)[O-])cc2)[C@@H](CN2CC[C@H](O)C2)C1,390.44,390.19,0.26,107.23,101.62,0.5789,0.571,28,1,6,5,3,1,0,9,163.21,0.392,0.269,12.932,-0.465,6,0.2143,1,1,2,2,2,0,2,2,2,738.344,1.677,2036742.297,-2.52,20.22,8.659,4.847,2,0
CC(=O)N1CCN(C(=O)Cc2ccc([S@@](C)=O)cc2)[C@@H](CN2CC[C@H](O)C2)C1,407.54,407.19,0.09,81.16,107.3,0.6,0.7484,28,1,5,5,3,1,0,8,168.3,0.392,0.227,13.006,-1.033,6,0.2143,0,0,2,2,2,0,2,2,2,739.471,1.677,2036742.297,-1.77,20.951,9.152,5.182,3,0
CC(=O)N1CCN(C(=O)Cc2cccc([N+](=O)[O-])c2)[C@@H](CN2CC[C@H](O)C2)C1,390.44,390.19,0.26,107.23,101.62,0.5789,0.571,28,1,6,5,3,1,0,9,163.21,0.392,0.269,12.958,-0.471,6,0.2143,1,1,2,2,2,0,2,2,2,755.594,1.707,2018589.803,-2.52,20.22,8.659,4.847,2,0
CC(=O)N1CCN(C(=O)Cc2ccccc2)[C@@H](CN2CC[C@@H](O)C2)C1,345.44,345.21,0.35,64.09,94.96,0.5789,0.8556,25,1,4,4,3,1,0,6,148.56,0.392,0.227,12.847,-0.277,6,0.24,0,0,2,2,2,0,2,2,2,607.192,1.678,583203.931,-1.92,17.889,7.973,4.582,2,0
CC(=O)N1CCN(c2ccc(OC[C@H]3CO[C@](Cn4ccnc4)(c4ccc(Cl)cc4Cl)O3)cc2)CC1,531.44,530.15,4.21,69.06,137.6,0.3846,0.4554,36,0,7,7,5,3,0,10,219.82,0.491,0.219,11.553,-1.081,17,0.4722,0,0,2,2,3,1,2,2,1,1183.165,1.218,217868883.417,-2.78,24.894,10.682,5.466,2,0
CC(=O)NC(CCC(N)=O)C(=O)O,188.18,188.08,-1.16,109.49,43.67,0.5714,0.5051,13,3,3,5,0,0,0,6,75.1,0.48,0.326,10.513,-1.17,0,0.0,0,0,0,0,0,0,0,0,2,226.532,4.023,436.665,-1.59,11.41,5.126,5.656,1,1
CC(=O)NCC1(c2ccccc2)CCN(CCCC(=O)c2ccc(F)cc2)CC1,396.51,396.22,3.96,49.41,112.44,0.4167,0.6874,29,1,3,8,3,2,0,5,171.66,0.355,0.216,12.988,-0.323,12,0.4138,0,0,1,1,1,0,1,1,1,812.534,1.515,3519185.407,-2.53,21.185,9.79,5.733,0,0
CC(=O)NCCCN1CCN(c2cc(Cl)ccc2Cl)CC1,330.26,329.11,2.64,35.58,88.42,0.5333,0.8434,21,1,3,5,2,1,0,6,135.55,0.368,0.216,10.799,0.037,6,0.2857,0,0,1,1,1,0,1,1,1,487.807,1.776,52543.364,-0.97,16.401,7.874,5.059,0,0
CC(=O)NCCCOc1cccc(CN2CCCCC2)c1,290.41,290.2,2.58,41.57,84.37,0.5882,0.7848,21,1,3,7,2,1,0,4,127.02,0.494,0.216,10.754,0.013,6,0.2857,0,0,1,1,1,0,1,1,1,442.171,1.731,64442.441,-1.55,15.832,8.674,6.168,0,0
CC(=O)NCCC[C@H](NC(C)=O)C(=O)O,216.24,216.11,-0.51,95.5,53.16,0.6667,0.5211,15,3,3,6,0,0,0,6,88.04,0.48,0.326,10.661,-1.062,0,0.0,0,0,0,0,0,0,0,0,2,252.497,3.812,1213.263,-1.59,13.41,6.804,7.479,1,0
CC(=O)NCCn1c(C)cc(C=O)c1C,208.26,208.12,1.05,51.1,57.98,0.4545,0.7519,15,1,3,4,1,1,0,4,89.28,0.355,0.216,10.692,-0.034,5,0.3333,0,0,0,0,1,1,0,0,1,380.185,2.718,2181.603,-1.58,11.495,4.774,2.683,0,0
CC(=O)NNC(=O)CC(O)(c1ccccc1)c1ccccc1,298.34,298.13,1.48,78.43,82.46,0.1765,0.7482,22,3,3,4,2,2,0,5,128.5,0.38,0.242,12.024,-1.467,12,0.5455,0,0,0,0,0,0,0,0,2,601.968,2.307,89508.185,-2.66,15.724,6.866,3.707,0,0
CC(=O)Nc1c(I)c(NC(C)=O)c(I)c(C(=O)[O-])c1I.[Na+],635.9,635.75,-1.22,98.33,97.53,0.1818,0.3219,21,2,4,3,1,1,0,10,183.83,1.0,0.545,11.281,-1.367,6,0.2857,1,1,0,0,0,0,0,0,2,578.971,0.0,14015.535,0.82,21.82,9.198,5.439,0,0
CC(=O)Nc1ccc(O)cc1,151.16,151.06,1.35,49.33,42.41,0.125,0.595,11,2,2,1,1,1,0,3,64.67,0.508,0.221,10.524,-0.115,6,0.5455,0,0,0,0,0,0,0,0,1,253.299,2.736,285.511,-1.51,7.595,3.053,2.292,0,0
CC(=O)Nc1ccc(OC(=O)[C@@H]2CCC(=O)N2)cc1,262.26,262.1,0.83,84.5,67.55,0.3077,0.6239,19,2,4,3,2,1,0,6,109.68,0.425,0.334,11.716,-0.567,6,0.3158,0,0,1,1,1,0,1,1,2,509.879,1.935,22875.502,-2.37,13.071,5.515,3.542,1,0
CC(=O)Nc1ccc(OC(=O)c2ccccc2O)cc1,271.27,271.08,2.57,75.63,73.81,0.0667,0.6642,20,2,4,3,2,2,0,5,115.36,0.507,0.347,11.846,-0.643,12,0.6,0,0,0,0,0,0,0,0,1,634.577,2.085,31575.077,-2.82,13.608,5.88,3.351,0,0
CC(=O)Nc1ccc(OC(=O)c2ccccc2OC(C)=O)cc1,313.31,313.1,2.79,81.7,83.46,0.1176,0.6931,23,1,5,4,2,2,0,6,132.57,0.426,0.347,12.196,-0.644,12,0.5217,0,0,0,0,0,0,0,0,1,736.904,2.128,120591.255,-3.15,16.224,7.216,4.671,0,0
CC(=O)Nc1ccc(OC(C)(C)C)cc1,207.27,207.13,2.82,38.33,61.13,0.4167,0.8094,15,1,2,2,1,1,0,3,90.45,0.488,0.221,10.785,-0.199,6,0.4,0,0,0,0,0,0,0,0,1,335.635,2.682,1423.993,-1.51,11.564,4.341,4.493,0,0
CC(=O)Nc1cccc(-c2csc(N=C(N)N)n2)c1,275.34,275.08,1.67,106.39,77.32,0.0833,0.5848,19,3,4,3,2,2,0,7,113.73,0.37,0.221,11.016,-0.114,11,0.5789,0,0,0,0,1,1,0,0,1,630.555,2.285,22155.362,-2.41,13.032,5.488,3.523,0,0
CC(=O)Nc1cccc(O)c1,151.16,151.06,1.35,49.33,42.41,0.125,0.6361,11,2,2,1,1,1,0,3,64.67,0.508,0.221,10.532,-0.143,6,0.5455,0,0,0,0,0,0,0,0,1,270.549,2.791,268.018,-1.51,7.595,3.053,2.292,0,0
CC(=O)Nc1nnc(S(N)(=O)=O)s1,222.25,221.99,-0.86,115.04,45.59,0.25,0.6319,13,2,6,2,1,1,0,9,78.02,0.301,0.267,10.705,-3.824,5,0.3846,0,0,0,0,1,1,0,0,1,422.352,2.939,682.127,-1.06,10.024,3.358,2.717,0,0
CC(=O)O.CN1CCc2cc(Cl)c(O)cc2[C@@H](c2cccc3c2OCC3)C1,389.88,389.14,3.69,70.0,105.11,0.381,0.7779,27,2,4,1,4,2,0,6,163.69,0.506,0.3,10.114,-0.833,12,0.4444,0,0,2,0,2,0,2,0,0,848.316,0.0,1204762.176,-2.24,19.52,8.193,4.366,1,0
CC(=O)OC(c1ccccc1)C1CCCCN1,233.31,233.14,2.43,38.33,66.59,0.5,0.8148,17,1,3,3,2,1,0,3,102.17,0.456,0.303,11.22,-0.216,6,0.3529,0,0,1,1,1,0,1,1,0,357.745,2.147,9700.376,-1.35,12.116,5.824,3.301,2,2
CC(=O)OC1/C=C/C(C)=C/CC(O)/C=C/C(C)=C/C(NC(=O)C(C)=O)C2(C)C(=O)OC(C1)C(C)C2=O,501.58,501.24,2.29,136.07,131.36,0.5185,0.3415,36,2,8,3,3,0,0,9,210.84,0.461,0.322,13.629,-1.812,0,0.0,0,0,3,1,2,0,2,1,1,1036.374,2.605,32257441.47,-3.33,28.904,12.075,7.099,6,6
CC(=O)OC1CC[C@@]2(C)C([C@@H]1Br)[C@H](Br)C[C@@H]1[C@@H]2CC[C@@]2(C)[C@H]1CC[C@@H]2[C@H](C)CCCC(C)C,588.51,586.2,8.79,26.3,144.82,0.9655,0.2291,33,0,2,6,4,0,0,4,219.94,0.461,0.302,11.697,-0.138,0,0.0,0,0,4,4,0,0,0,0,0,709.735,1.502,17588363.543,0.43,26.492,10.06,4.76,11,2
CC(=O)OCC(=O)C1(O)C(C)CC2C3CC(F)(F)C4=CC(=O)C=CC4(C)C3(F)C(O)CC21C,470.48,470.19,2.71,100.9,109.82,0.7083,0.6155,33,2,6,3,4,0,0,9,189.41,0.458,0.303,17.021,-3.515,0,0.0,0,0,4,3,0,0,0,0,0,990.684,1.825,10593653.687,-2.0,24.135,7.008,2.84,8,8
CC(=O)OCC(=O)C12N=C(C)OC1CC1C3CCC4=CC(=O)C=CC4(C)[C@@]3(F)C(O)CC12C,459.51,459.21,2.66,102.26,116.09,0.68,0.6513,33,1,7,3,5,0,0,8,191.66,0.475,0.303,17.215,-1.99,0,0.0,0,0,5,3,1,0,1,0,0,1049.497,1.597,21545312.446,-2.35,22.443,6.84,2.585,8,7
CC(=O)OCC(=O)OCC/C(SC(=O)c1ccco1)=C(/C)N(C=O)Cc1cnc(C)nc1N,476.51,476.14,2.22,154.92,118.33,0.3333,0.3747,33,1,11,11,2,2,0,12,193.87,0.463,0.344,12.579,-0.735,11,0.3333,0,0,0,0,2,2,0,0,1,1037.239,2.196,16843079.318,-3.67,25.589,12.388,8.071,0,0
CC(=O)OCC(=O)[C@@]1(O)CCC2C3CCC4=CC(=O)C=CC4(C)[C@@]3(Cl)C(Cl)CC21C,455.38,454.13,3.74,80.67,113.32,0.6957,0.5183,30,1,5,3,4,0,0,7,186.36,0.458,0.303,12.944,-1.603,0,0.0,0,0,4,3,0,0,0,0,0,880.819,1.719,3774972.946,-1.17,22.039,6.914,2.673,7,5
CC(=O)OCC(=O)[C@@]1(O)CC[C@H]2[C@@H]3CCC4=CC(=O)C=C[C@]4(C)[C@@]3(F)[C@@H](O)C[C@@]21C,420.48,420.19,2.22,100.9,104.94,0.6957,0.6793,30,2,6,3,4,0,0,7,174.72,0.458,0.303,16.884,-1.997,0,0.0,0,0,4,3,0,0,0,0,0,878.919,1.719,3774972.946,-1.86,21.375,6.567,2.509,7,0
CC(=O)OCC(=O)[C@@]1(O)CC[C@H]2[C@@H]3CCC4=CC(=O)C=C[C@]4(C)[C@H]3[C@@H](O)C[C@@]21C,402.49,402.2,2.13,100.9,104.6,0.6957,0.7016,29,2,6,3,4,0,0,6,170.55,0.458,0.303,12.859,-1.603,0,0.0,0,0,4,3,0,0,0,0,0,827.225,1.664,2615370.761,-1.79,20.481,6.607,2.79,7,0
CC(=O)OCC(=O)[C@@]1(O)CC[C@H]2[C@@H]3CCC4=CC(=O)CC[C@]4(C)[C@@]3(F)[C@@H](O)C[C@@]21C,422.49,422.21,2.44,100.9,105.04,0.7826,0.6778,30,2,6,3,4,0,0,7,175.41,0.458,0.303,16.935,-1.911,0,0.0,0,0,4,3,0,0,0,0,0,837.55,1.71,3774972.946,-1.6,21.625,6.697,2.571,7,0
CC(=O)OCC(=O)[C@@]1(O)CC[C@H]2[C@@H]3CCC4=CC(=O)CC[C@]4(C)[C@H]3C(=O)C[C@@]21C,402.49,402.2,2.56,97.74,103.69,0.7391,0.7288,29,1,6,3,4,0,0,6,170.61,0.458,0.303,13.475,-1.646,0,0.0,0,0,4,3,0,0,0,0,0,827.225,1.665,2615370.761,-1.82,20.453,6.592,2.782,6,0
CC(=O)OCC(=O)[C@@]1(O)CC[C@H]2[C@@H]3CCC4=CC(=O)CC[C@]4(C)[C@H]3[C@@H](O)C[C@@]21C,404.5,404.22,2.35,100.9,104.69,0.7826,0.7005,29,2,6,3,4,0,0,6,171.24,0.458,0.303,12.87,-1.585,0,0.0,0,0,4,3,0,0,0,0,0,786.238,1.655,2615370.761,-1.53,20.731,6.741,2.858,7,0
CC(=O)OCC(=O)[C@@]1(O)CC[C@H]2[C@@H]3C[C@H](C)C4=CC(=O)C=C[C@]4(C)[C@H]3[C@@H](O)C[C@@]21C,416.51,416.22,2.37,100.9,109.14,0.7083,0.6853,30,2,6,3,4,0,0,6,176.92,0.458,0.303,12.923,-1.613,0,0.0,0,0,4,3,0,0,0,0,0,857.757,1.697,3799628.617,-1.79,21.442,6.857,2.794,8,0
CC(=O)OCC(=O)[C@@]1(O)CC[C@H]2[C@@H]3C[C@H](Cl)C4=CC(=O)C=C[C@]4(C)[C@H]3C(=O)C[C@@]21C,434.92,434.15,2.55,97.74,108.62,0.6522,0.5412,30,1,6,3,4,0,0,7,180.22,0.458,0.303,13.504,-1.717,0,0.0,0,0,4,3,0,0,0,0,0,905.369,1.707,3799628.617,-1.79,21.442,6.857,2.794,7,0
CC(=O)OCC(=O)[C@@]1(O)[C@@H](C)C[C@H]2[C@@H]3CCC4=CC(=O)C=C[C@]4(C)[C@@]3(F)[C@@H](O)C[C@@]21C,434.5,434.21,2.47,100.9,109.49,0.7083,0.6621,31,2,6,3,4,0,0,7,181.08,0.458,0.303,17.011,-2.012,0,0.0,0,0,4,3,0,0,0,0,0,909.746,1.758,5473275.635,-1.86,22.338,6.817,2.653,8,0
CC(=O)OCC(=O)[C@@]1(O)[C@H](C)C[C@H]2[C@@H]3C=C(C)C4=Cc5c(cnn5-c5ccccc5)C[C@]4(C)[C@H]3[C@@H](O)C[C@@]21C,530.67,530.28,4.3,101.65,146.68,0.5312,0.5719,39,2,7,4,6,2,0,7,229.11,0.458,0.303,13.378,-1.672,11,0.2821,0,0,4,2,1,1,0,0,0,1408.761,1.41,575850456.497,-3.03,26.206,8.735,3.517,8,0
CC(=O)OCC(=O)[C@@]1(O)[C@H](C)C[C@H]2[C@@H]3C[C@H](F)C4=CC(=O)C=C[C@]4(C)[C@H]3[C@@H](O)C[C@@]21C,434.5,434.21,2.32,100.9,109.42,0.7083,0.6615,31,2,6,3,4,0,0,7,181.08,0.458,0.303,15.353,-1.778,0,0.0,0,0,4,3,0,0,0,0,0,894.5,1.736,5514022.189,-1.86,22.338,7.071,2.921,9,0
CC(=O)OCC(=O)[C@@]1(O)[C@H](OC(C)=O)C[C@H]2[C@@H]3CCC4=CC(=O)C=C[C@]4(C)[C@@]3(F)[C@@H](O)C[C@@]21C,478.51,478.2,1.76,127.2,115.88,0.68,0.5855,34,2,8,4,4,0,0,9,196.72,0.459,0.303,17.166,-2.281,0,0.0,0,0,4,3,0,0,0,0,0,1018.386,1.8,20567686.762,-2.39,24.726,7.813,3.087,8,0
CC(=O)OCC(=O)[C@@]1(OC(=O)C(C)C)[C@@H](C)C[C@H]2[C@@H]3CCC4=CC(=O)C=C[C@]4(C)[C@@]3(F)[C@@H](O)C[C@@]21C,504.6,504.25,3.67,106.97,128.2,0.7143,0.5694,36,1,7,5,4,0,0,8,211.02,0.458,0.309,17.376,-2.06,0,0.0,0,0,4,3,0,0,0,0,0,1062.116,1.828,51498273.462,-2.35,26.706,8.605,3.39,8,0
CC(=O)OCC(=O)[C@@]1(OC(=O)c2ccco2)[C@H](C)C[C@H]2[C@@H]3CCC4=CC(=O)C=C[C@]4(C)[C@@]3(F)[C@@H](O)C[C@@]21C,528.57,528.22,3.92,120.11,131.4,0.5862,0.5713,38,1,8,5,5,1,0,9,219.78,0.458,0.375,17.456,-2.099,5,0.1316,0,0,4,3,1,1,0,0,0,1249.096,1.607,258968636.515,-3.07,26.534,8.727,3.362,8,0
CC(=O)OCC(=O)[C@@]1(OC(C)=O)[C@@H](C)C[C@H]2[C@@H]3C[C@H](F)C4=CC(=O)C=C[C@]4(C)[C@@]3(F)[C@@H](O)C[C@@]21C,494.53,494.21,2.99,106.97,119.32,0.6923,0.599,35,1,7,4,4,0,0,9,202.46,0.458,0.303,17.254,-2.312,0,0.0,0,0,4,3,0,0,0,0,0,1052.301,1.849,30246520.674,-2.42,25.666,8.047,3.224,9,0
CC(=O)OCC(=O)[C@@]12N=C(C)O[C@@H]1C[C@H]1[C@@H]3CCC4=CC(=O)C=C[C@]4(C)[C@H]3[C@@H](O)C[C@@]12C,441.52,441.22,2.56,102.26,115.74,0.68,0.6756,32,1,7,3,5,0,0,7,187.49,0.475,0.303,13.549,-1.154,0,0.0,0,0,5,3,1,0,1,0,0,996.391,1.556,14931244.858,-2.28,21.56,6.86,2.632,8,0
CC(=O)OCC(=O)[C@@]12OC(C)(C)O[C@@H]1CC1C3CC(C=O)=C4C=C(OCCCl)CCC4(C)[C@@]3(F)C(O)CC12C,569.07,568.22,3.96,108.36,138.38,0.7586,0.2792,39,1,8,7,5,0,0,10,232.75,0.497,0.303,17.809,-2.068,0,0.0,0,0,5,3,1,0,1,1,0,1150.109,1.607,306925429.261,-1.81,28.709,9.361,3.823,8,5
CC(=O)OCC(=O)[C@@]12OC(C)(C)O[C@@H]1CC1C3C[C@H](F)C4=CC(=O)C=CC4(C)[C@H]3C(O)CC12C,476.54,476.22,2.85,99.13,118.08,0.7308,0.6256,34,1,7,3,5,0,0,8,198.24,0.458,0.303,15.572,-1.413,0,0.0,0,0,5,4,1,0,1,1,0,1016.619,1.579,27358018.348,-1.9,23.824,7.307,3.005,9,5
CC(=O)OCC(=O)[C@@]12OC(C)(C)O[C@@H]1C[C@H]1C3CC(C#N)=C4C=C(OCCCl)CCC4(C)[C@@]3(F)C(O)CC12C,566.07,565.22,4.29,115.08,137.93,0.7586,0.3746,39,1,8,6,5,0,0,10,232.98,0.497,0.303,17.815,-2.06,0,0.0,0,0,5,3,1,0,1,1,0,1194.507,1.609,306925429.261,-1.99,28.536,9.268,3.777,8,4
CC(=O)OCC(=O)[C@@]12OC(C)(C)O[C@@H]1C[C@H]1[C@@H]3C[C@H](F)C4=CC(=O)C=C[C@]4(C)[C@@]3(F)[C@@H](O)C[C@@]12C,494.53,494.21,2.94,99.13,118.42,0.7308,0.6026,35,1,7,3,5,0,0,9,202.4,0.458,0.303,17.292,-2.267,0,0.0,0,0,5,4,1,0,1,1,0,1067.919,1.619,39919423.912,-1.97,24.712,7.293,2.945,9,0
CC(=O)OCC(=O)[C@@]12OC3(CCCC3)O[C@@H]1C[C@H]1[C@@H]3CCC4=CC(=O)C=C[C@]4(C)[C@@]3(F)[C@@H](O)C[C@@]12C,502.58,502.24,3.52,99.13,125.27,0.75,0.5897,36,1,7,3,6,0,0,8,209.96,0.458,0.303,17.427,-1.998,0,0.0,0,0,6,5,1,0,1,1,0,1091.456,1.436,136065412.587,-1.9,24.438,7.575,2.811,8,0
CC(=O)OCC(=O)[C@H]1[C@H](C)C[C@H]2[C@@H]3C[C@H](F)C4=CC(=O)C=C[C@]4(C)C3(Cl)[C@@H](O)C[C@@]21C,452.95,452.18,3.57,80.67,113.06,0.7083,0.5227,31,1,5,3,4,0,0,7,186.59,0.458,0.303,15.431,-1.337,0,0.0,0,0,4,3,0,0,0,0,0,898.401,1.744,5564716.007,-1.53,22.656,7.241,3.005,9,1
CC(=O)OCC(CCn1cnc2cnc(N)nc21)COC(C)=O,321.34,321.14,0.54,122.22,81.11,0.5,0.7331,23,1,9,7,2,2,0,9,132.37,0.465,0.302,10.956,-0.369,9,0.3913,0,0,0,0,2,2,0,0,0,681.532,2.01,144286.08,-2.71,16.657,7.522,4.904,0,0
CC(=O)OCC/C(SC(C)=O)=C(/C)N(C=O)Cc1cnc(C)nc1N,366.44,366.14,1.79,115.48,95.01,0.4375,0.5467,25,1,8,8,1,1,0,9,150.38,0.466,0.302,11.532,-0.401,6,0.24,0,0,0,0,1,1,0,0,1,690.712,3.025,191761.848,-2.42,20.624,9.774,6.919,0,0
CC(=O)OCC1=C(C(=O)O)N2C(=O)[C@@H](NC(=O)CCC[C@@H](N)C(=O)O)[C@H]2SC1,415.42,415.1,-1.13,176.33,95.78,0.5625,0.2661,28,4,8,9,2,0,0,12,163.79,0.48,0.352,12.396,-1.312,0,0.0,0,0,2,1,2,0,2,1,2,737.401,1.956,863378.18,-2.6,21.697,9.061,4.811,3,0
CC(=O)OCC1=C(C(=O)O)N2C(=O)[C@@H](NC(=O)CSc3ccncc3)[C@H]2SC1,423.47,423.06,0.48,125.9,101.28,0.3529,0.3656,28,2,8,7,3,1,0,11,168.44,0.477,0.352,12.482,-1.265,6,0.2143,0,0,2,1,3,1,2,1,2,844.554,1.62,1545832.828,-2.53,20.211,8.652,4.304,2,0
CC(=O)OCC1=C(C(=O)O)N2C(=O)[C@@H](NC(=O)Cc3ccccc3)[C@H]2SC1,390.42,390.09,0.53,113.01,96.46,0.3333,0.5381,27,2,6,6,3,1,0,9,159.1,0.477,0.352,12.475,-1.259,6,0.2222,0,0,2,1,2,0,2,1,2,822.401,1.684,923101.594,-2.81,18.966,7.829,3.974,2,0
CC(=O)OCC1=C(C(=O)O)N2C(=O)[C@@H](NC(=O)Cc3cccs3)[C@H]2SC1,396.45,396.04,0.59,113.01,94.34,0.375,0.5345,26,2,7,6,3,1,0,10,156.74,0.477,0.352,12.428,-1.255,5,0.1923,0,0,2,1,3,1,2,1,2,788.67,1.692,697024.439,-2.33,18.461,7.502,3.606,2,0
CC(=O)OCC1=C(C(=O)O)N2C(=O)[C@@H](NC(=O)[C@H](N)c3ccccc3)[C@H]2SC1.O.O,441.46,441.12,-1.66,202.03,106.92,0.3333,0.3433,30,3,7,6,3,1,0,12,175.4,0.477,0.352,12.541,-1.286,6,0.2,0,0,2,1,2,0,2,1,2,860.247,0.0,1468285.865,-2.93,25.107,10.205,4.789,3,0
CC(=O)OCC1=C(C(=O)O)N2C(=O)[C@@H](NC(=O)c3c(-c4ccccc4Cl)noc3C)[C@H]2SC1,491.91,491.06,2.22,139.04,117.33,0.2857,0.4594,33,2,8,6,4,2,0,12,196.42,0.477,0.352,13.093,-1.309,11,0.3333,0,0,2,1,3,1,2,1,2,1208.215,1.563,21886051.45,-3.31,22.869,8.909,4.09,2,0
CC(=O)OCC1=C(C(=O)[O-])N2C(=O)[C@H](NC(=O)CC#N)[C@@H]2SC1.[Na+],361.31,361.03,-5.13,139.63,73.92,0.4615,0.2913,24,1,8,5,2,0,0,11,163.21,1.0,0.543,12.116,-1.549,0,0.0,1,1,2,1,2,0,2,1,2,658.583,0.0,92067.487,-1.54,20.505,8.526,4.102,2,0
CC(=O)OCC1=CO[C@@H](OC(=O)CC(C)C)[C@H]2C1=C[C@H](OC(=O)CC(C)(C)OC(C)=O)[C@]21CO1,480.51,480.2,2.35,126.96,115.73,0.6667,0.2756,34,0,10,9,3,0,0,10,198.06,0.461,0.31,12.696,-1.044,0,0.0,0,0,3,1,2,0,2,1,0,908.714,1.808,21316780.552,-2.88,25.738,9.774,5.967,4,0
CC(=O)OCC1=CO[C@@H](OC(=O)CC(C)C)[C@H]2C1=C[C@H](OC(=O)CC(C)C)[C@]21CO1,422.47,422.19,2.66,100.66,104.73,0.6818,0.3343,30,0,8,8,3,0,0,8,176.06,0.461,0.309,12.3,-0.903,0,0.0,0,0,3,1,2,0,2,1,0,759.099,1.832,4363537.805,-2.35,22.338,8.795,4.856,4,0
CC(=O)OCCN1CCN(CCCN2c3ccccc3Sc3ccc(Cl)cc32)CC1,446.02,445.16,4.51,36.02,123.15,0.4348,0.5832,30,0,6,7,4,2,0,7,187.47,0.465,0.302,10.897,-0.2,12,0.4,0,0,2,1,2,0,2,1,0,886.502,1.307,7770407.711,-1.73,21.5,10.052,5.298,0,0
CC(=O)OCOC(=O)C1N2C(=O)C(NC(=O)Cc3ccccc3)C2SC1(C)C,406.46,406.12,0.84,102.01,100.89,0.4737,0.4243,28,1,7,6,3,1,0,9,166.47,0.428,0.333,12.621,-0.812,6,0.2143,0,0,2,2,2,0,2,2,2,796.873,1.613,1337165.91,-2.55,20.191,7.826,3.986,3,3
CC(=O)O[C@@H](C)C(=O)[C@@]1(O)CC[C@H]2[C@@H]3CCC4=CC(=O)C=C[C@]4(C)[C@@]3(F)[C@@H](O)C[C@@]21C,434.5,434.21,2.61,100.9,109.54,0.7083,0.6625,31,2,6,3,4,0,0,7,181.08,0.455,0.303,16.961,-2.006,0,0.0,0,0,4,3,0,0,0,0,0,909.746,1.734,5519379.424,-1.86,22.338,6.817,2.716,8,0
CC(=O)O[C@@]12CO[C@@H]1C[C@H](O)[C@@]1(C)C(=O)[C@H](O)C3=C(C)[C@@H](OC(=O)[C@H](O)[C@@H](NC(=O)OC(C)(C)C)c4ccccc4)C[C@@](O)([C@@H](OC(=O)c4ccccc4)[C@@H]12)C3(C)C,807.89,807.35,3.26,224.45,203.6,0.5581,0.1468,58,5,14,8,6,2,0,15,336.19,0.456,0.408,14.945,-2.353,12,0.2069,0,0,4,3,1,0,1,1,1,1976.329,1.486,1464011835189.8,-4.67,42.923,15.172,7.1,11,0
CC(=O)O[C@H]1C(=O)[C@@]2(C)C([C@H](OC(=O)c3ccccc3)[C@]3(O)C[C@H](OC(=O)[C@H](O)[C@@H](NC(=O)c4ccccc4)c4ccccc4)C(C)=C1C3(C)C)[C@]1(OC(C)=O)CO[C@@H]1C[C@@H]2O,853.92,853.33,3.74,221.29,217.69,0.4468,0.1298,62,4,14,10,7,3,0,15,357.89,0.456,0.338,15.484,-2.391,18,0.2903,0,0,4,3,1,0,1,1,1,2280.346,1.387,19536342594936.66,-5.74,44.32,16.513,7.294,11,1
CC(=O)O[C@H]1C[C@@H]2C(COC(=O)CC(C)C)=CO[C@@H](OC(=O)CC(C)C)[C@@H]2[C@@]12CO2,424.49,424.21,2.74,100.66,104.75,0.7727,0.3331,30,0,8,8,3,0,0,8,176.75,0.462,0.309,12.282,-0.834,0,0.0,0,0,3,2,2,0,2,1,0,705.926,1.767,4358669.599,-2.09,22.592,8.957,4.964,5,0
CC(=O)O[C@H]1C[C@@]2(C)[C@@H](C[C@@H](O)[C@H]3[C@@]4(C)CC[C@@H](O)[C@@H](C)[C@@H]4CC[C@@]32C)/C1=C(\CCC=C(C)C)C(=O)O,516.72,516.35,5.67,104.06,142.55,0.8065,0.2472,37,3,5,5,4,0,0,6,222.1,0.478,0.331,12.617,-0.953,0,0.0,0,0,4,4,0,0,0,0,0,993.657,1.82,81703040.925,-1.66,28.351,9.822,4.401,10,0
CC(=O)O[C@]1(C(C)=O)CC[C@H]2[C@@H]3C[C@H](C)C4=CC(=O)C=C[C@]4(C)[C@@]3(F)[C@@H](O)C[C@@]21C,418.51,418.22,3.49,80.67,108.08,0.7083,0.6946,30,1,5,2,4,0,0,6,176.29,0.451,0.303,17.109,-1.962,0,0.0,0,0,4,3,0,0,0,0,0,892.027,1.856,3332941.968,-1.82,21.414,6.346,2.342,8,0
CC(=O)Oc1ccc2c3c1O[C@H]1[C@@H](OC(C)=O)C=C[C@H]4[C@@H](C2)N(C)CC[C@]314,369.42,369.16,1.99,65.07,96.77,0.5238,0.4513,27,0,6,2,5,1,0,6,157.62,0.481,0.308,11.682,-0.439,6,0.2222,0,0,4,1,2,0,2,1,0,877.568,1.713,1877109.159,-2.34,16.806,5.58,2.162,5,0
CC(=O)Oc1ccccc1C(=O)O,180.16,180.04,1.31,63.6,44.71,0.1111,0.5501,13,1,3,2,1,1,0,4,74.76,0.478,0.339,10.612,-1.114,6,0.4615,0,0,0,0,0,0,0,0,0,343.223,3.044,729.681,-1.84,9.25,3.709,2.297,0,0
CC(=O)SCC(Cc1ccccc1)C(=O)NCC(=O)OCc1ccccc1,385.49,385.13,2.98,72.47,106.02,0.2857,0.6721,27,1,5,9,2,2,0,6,163.04,0.46,0.325,12.495,-0.495,12,0.4444,0,0,0,0,0,0,0,0,1,749.292,1.838,1075847.024,-2.6,20.709,11.185,8.088,1,1
CC(=O)S[C@@H]1CC2=CC(=O)CC[C@]2(C)[C@H]2CC[C@@]3(C)[C@@H](CC[C@@]34CCC(=O)O4)[C@@H]21,416.58,416.2,4.85,60.44,112.21,0.7917,0.5718,29,0,5,1,5,0,0,5,177.14,0.458,0.306,12.185,-0.287,0,0.0,0,0,5,4,1,0,1,1,0,817.698,1.557,4382705.738,-1.1,19.839,6.448,2.679,7,0
CC(=O)[C@@]1(O)CC[C@H]2[C@@H]3C[C@H](C)C4=CC(=O)C=C[C@]4(C)[C@@]3(F)[C@@H](O)C[C@@]21C,376.47,376.2,2.92,74.6,98.53,0.7273,0.7379,27,2,4,1,4,0,0,5,159.08,0.39,0.178,16.873,-1.922,0,0.0,0,0,4,3,0,0,0,0,0,787.182,1.864,877520.581,-1.33,19.007,5.383,1.997,8,0
CC(=O)[C@@]1(O)[C@@H](C)C[C@H]2[C@@H]3CCC4=CC(=O)C=C[C@]4(C)[C@@]3(F)[C@@H](O)C[C@@]21C,376.47,376.2,2.92,74.6,98.53,0.7273,0.7379,27,2,4,1,4,0,0,5,159.08,0.39,0.178,16.827,-1.916,0,0.0,0,0,4,3,0,0,0,0,0,787.182,1.852,863673.449,-1.33,19.007,5.383,1.948,8,0
CC(=O)[C@@]1(O)[C@H](O)C[C@H]2[C@@H]3CCC4=CC(=O)C=C[C@]4(C)[C@@]3(F)[C@@H](O)C[C@@]21C,378.44,378.18,1.65,94.83,95.38,0.7143,0.6449,27,3,5,1,4,0,0,6,157.51,0.39,0.178,16.745,-2.028,0,0.0,0,0,4,3,0,0,0,0,0,789.441,1.852,863673.449,-1.37,18.969,5.365,1.94,8,0
CC(=O)[C@@]1(O)[C@H](O)C[C@H]2[C@@H]3CCC4=CC(=O)CC[C@]4(C)[C@H]3CC[C@@]21C,346.47,346.21,2.81,74.6,93.73,0.8095,0.7655,25,2,4,1,4,0,0,4,149.24,0.39,0.164,12.269,-1.609,0,0.0,0,0,4,3,0,0,0,0,0,666.807,1.723,420875.311,-1.0,17.416,5.261,2.012,7,0
CC(=O)[C@H]1CC[C@H]2[C@@H]3CCC4=CC(=O)CC[C@]4(C)[C@H]3CC[C@]12C,314.47,314.22,4.72,34.14,90.88,0.8095,0.7013,23,0,2,1,4,0,0,2,139.65,0.3,0.155,12.147,0.245,0,0.0,0,0,4,3,0,0,0,0,0,588.649,1.67,209150.769,-0.92,15.599,5.037,2.057,6,0
CC(=O)[C@H]1CC[C@H]2[C@@H]3CC[C@@H]4C[C@H](O)CC[C@]4(C)[C@H]3CC[C@]12C,318.5,318.26,4.6,37.3,91.9,0.9524,0.7672,23,1,2,1,4,0,0,2,140.97,0.393,0.133,12.166,-0.049,0,0.0,0,0,4,4,0,0,0,0,0,500.07,1.615,209150.769,-0.37,16.118,5.312,2.194,8,0
CC(=O)[C@H]1CC[C@H]2[C@@H]3CC[C@H]4C[C@H](O)CC[C@]4(C)[C@H]3C(=O)C[C@]12C,332.48,332.24,3.77,54.37,92.29,0.9048,0.795,24,1,3,1,4,0,0,3,145.13,0.393,0.137,13.312,-0.169,0,0.0,0,0,4,4,0,0,0,0,0,569.431,1.683,295301.054,-0.7,16.752,5.396,2.123,8,0
CC(=O)[C@H]1CC[C@H]2[C@@H]3CC[C@H]4C[C@](C)(O)CC[C@]4(C)[C@H]3CC[C@]12C,332.53,332.27,4.99,37.3,96.52,0.9545,0.7346,24,1,2,1,4,0,0,2,147.34,0.39,0.133,12.201,-0.437,0,0.0,0,0,4,4,0,0,0,0,0,538.088,1.61,271131.332,-0.37,17.064,5.315,2.274,8,0
CC(=O)[C@H]1CC[C@H]2[C@@H]3C[C@@H](O)C45CC4CC[C@]5(C)[C@H]3CC[C@]12C,316.49,316.24,4.21,37.3,89.72,0.9524,0.7868,23,1,2,1,5,0,0,2,139.96,0.393,0.133,12.184,-0.069,0,0.0,0,0,5,5,0,0,0,0,0,570.189,1.522,277199.827,-0.37,14.93,4.234,1.496,9,2
CC(=O)[C@H]1CC[C@H]2[C@@H]3C[C@H](C)C4=CC(=O)CC[C@]4(C)[C@H]3[C@@H](O)C[C@]12C,344.5,344.24,3.94,54.37,96.82,0.8182,0.7837,25,1,3,1,4,0,0,3,150.81,0.393,0.155,12.236,-0.361,0,0.0,0,0,4,3,0,0,0,0,0,649.658,1.76,429612.591,-0.96,17.454,5.517,2.269,8,0
CC(=O)[C@]1(N)Cc2c(O)c3c(c(O)c2[C@@H](O[C@H]2C[C@H](O)[C@H](O)CO2)C1)C(=O)c1ccccc1C3=O.[Cl-].[H+],519.93,519.13,-2.25,176.61,120.31,0.4,0.2374,36,5,10,3,5,2,0,11,213.08,1.0,1.0,13.295,-1.498,12,0.3243,1,1,3,1,1,0,1,1,0,1285.294,0.0,60710465.066,-2.86,26.21,9.22,3.902,5,0
CC(=O)[C@]1(O)Cc2c(O)c3c(c(O)c2C(OC2CC(N)C(O)C(C)O2)C1)C(=O)c1c(O)cccc1C3=O,513.5,513.16,0.73,196.84,125.46,0.4231,0.27,37,6,11,3,5,2,0,11,210.6,0.507,0.202,13.391,-2.018,12,0.3243,0,0,3,1,1,0,1,1,0,1341.598,1.68,126469623.758,-3.35,25.306,8.605,3.733,6,5
CC(=O)[C@]1(O)Cc2c(O)c3c(c(O)c2[C@@H](O[C@H]2C[C@H](N)[C@H](O)[C@H](C)O2)C1)C(=O)c1ccccc1C3=O,497.5,497.17,1.02,176.61,123.79,0.4231,0.3283,36,5,10,3,5,2,0,10,205.81,0.507,0.198,13.33,-1.975,12,0.3333,0,0,3,1,1,0,1,1,0,1292.805,1.665,88433172.986,-3.15,24.54,8.462,3.562,6,0
CC(=O)c1ccc(C(O)C(CO)NC(=O)C(Cl)Cl)cc1,320.17,319.04,1.2,86.63,75.92,0.3846,0.543,20,3,4,6,1,1,0,7,126.05,0.394,0.253,11.349,-1.281,6,0.3,0,0,0,0,0,0,0,0,1,475.764,2.821,20854.004,-1.14,16.913,7.592,4.453,2,2
CC(=O)c1ccc2c(c1)N(CC(C)N(C)C)c1ccccc1S2,326.46,326.15,4.44,23.55,97.17,0.3158,0.775,23,0,4,4,3,2,0,4,141.84,0.338,0.159,11.78,0.109,12,0.5217,0,0,1,0,1,0,1,0,0,741.9,2.085,168069.831,-1.78,16.091,6.379,3.142,1,1
CC(=O)c1ccc2c(c1)N(CCCN(C)C)c1ccccc1S2,326.46,326.15,4.44,23.55,97.19,0.3158,0.7578,23,0,4,5,3,2,0,4,141.84,0.34,0.159,11.755,0.116,12,0.5217,0,0,1,0,1,0,1,0,0,727.06,1.981,180215.368,-1.78,16.091,6.768,3.433,0,0
CC(=O)c1ccc2c(c1)N(CCCN1CCC(CCO)CC1)c1ccccc1S2,410.58,410.2,4.98,43.78,119.5,0.4583,0.6526,29,1,5,7,4,2,0,5,177.45,0.396,0.159,11.929,0.113,12,0.4138,0,0,2,1,2,0,2,1,0,861.709,1.454,5168560.995,-1.82,20.453,9.33,4.682,0,0
CC(=O)c1ccc2c(c1)N(CCCN1CCN(CCO)CC1)c1ccccc1S2,411.57,411.2,3.49,47.02,118.6,0.4348,0.7041,29,1,6,7,4,2,0,6,176.85,0.395,0.159,11.925,0.109,12,0.4138,0,0,2,1,2,0,2,1,0,864.951,1.454,5168560.995,-1.86,20.414,9.304,4.666,0,0
CC(C(=O)O)c1cccc(C(=O)c2ccccc2)c1,254.28,254.09,3.11,54.37,72.37,0.125,0.8528,19,1,2,4,2,2,0,3,111.07,0.481,0.31,12.244,-0.899,12,0.6316,0,0,0,0,0,0,0,0,0,602.401,2.34,22591.317,-2.42,13.022,5.482,2.881,1,1
CC(C(=O)c1ccccc1)N(C)C,177.25,177.12,1.82,20.31,53.92,0.3636,0.6563,13,0,2,3,1,1,0,2,79.18,0.3,0.179,11.744,-0.053,6,0.4615,0,0,0,0,0,0,0,0,0,279.402,2.802,857.684,-1.15,9.934,4.19,2.392,1,1
CC(C)(C(=O)O)c1ccc(C(=O)CCCN2CCC(OC(c3ccccc3)c3ccccc3)CC2)cc1,499.65,499.27,6.28,66.84,145.94,0.375,0.3145,37,1,4,11,4,3,0,5,219.64,0.481,0.313,12.669,-0.973,18,0.4865,0,0,1,1,1,0,1,1,0,1110.912,1.237,215959283.832,-3.28,26.774,12.307,6.937,0,0
CC(C)(C(=O)O)c1ccc(C(O)CCCN2CCC(C(O)(c3ccccc3)c3ccccc3)CC2)cc1,501.67,501.29,5.51,81.0,146.34,0.4062,0.3413,37,3,4,10,4,3,0,5,219.95,0.481,0.313,12.056,-1.008,18,0.4865,0,0,1,1,1,0,1,1,0,1096.925,1.311,195844207.087,-2.99,27.056,11.595,5.955,1,1
CC(C)(C)C(=O)NCCCC(=O)O,187.24,187.12,1.01,66.4,49.33,0.7778,0.6454,13,2,2,4,0,0,0,4,78.33,0.481,0.303,11.251,-0.829,0,0.0,0,0,0,0,0,0,0,0,1,193.527,3.55,401.476,-1.06,11.94,4.843,6.133,0,0
CC(C)(C)C(=O)OC1N=C(c2ccccc2)c2cc(Cl)ccc2NC1=O,370.84,370.11,4.04,67.76,101.5,0.25,0.8108,26,1,4,2,3,2,0,6,156.59,0.43,0.313,12.573,-1.275,12,0.4615,0,0,1,0,1,0,1,0,1,885.674,2.108,598164.326,-2.66,18.141,6.921,3.778,1,1
CC(C)(C)C(=O)OCOC(=O)C1N2C(=O)[C@@H](N=CN3CCCCCC3)[C@H]2SC1(C)C,439.58,439.21,2.41,88.51,114.92,0.8095,0.2137,30,0,7,5,3,0,0,9,182.27,0.427,0.333,12.787,-0.724,0,0.0,0,0,3,3,3,0,3,3,1,709.921,1.583,2602480.888,-1.77,22.905,8.766,4.759,3,1
CC(C)(C)C(=O)OCOC(=O)[C@@H]1N2C(=O)[C@@H](NC(=O)[C@H](N)c3ccccc3)[C@H]2SC1(C)C,463.56,463.18,1.32,128.03,117.9,0.5455,0.3673,32,2,8,6,3,1,0,10,190.9,0.427,0.333,12.818,-0.907,6,0.1875,0,0,2,2,2,0,2,2,2,913.991,1.611,6863067.265,-2.59,24.06,8.743,4.608,4,0
CC(C)(C)C(=O)SCC(=O)[C@@]1(O)CC[C@H]2[C@@H]3CCC4=CC(=O)CC[C@]4(C)[C@H]3[C@@H](O)C[C@@]21C,462.65,462.24,4.1,91.67,124.98,0.8077,0.6562,32,2,6,3,4,0,0,6,195.35,0.393,0.194,13.301,-1.506,0,0.0,0,0,4,3,0,0,0,0,0,871.933,1.589,8419497.672,-0.98,24.154,7.776,3.471,7,0
CC(C)(C)C(O)/C=C/c1ccc2c(c1)OCO2,234.29,234.13,2.84,38.69,67.06,0.4286,0.8548,17,1,3,2,2,1,0,3,101.68,0.454,0.231,9.898,-0.465,6,0.3529,0,0,1,0,1,0,1,0,0,429.584,2.116,8046.909,-1.48,11.99,4.414,2.798,1,1
CC(C)(C)CC(=O)OCC(=O)[C@@]1(O)CC[C@H]2[C@@H]3CCC4=CC(=O)C=C[C@]4(C)[C@H]3[C@@H](O)C[C@@]21C,458.6,458.27,3.54,100.9,122.99,0.7407,0.6251,33,2,6,4,4,0,0,6,196.01,0.458,0.306,13.224,-1.624,0,0.0,0,0,4,3,0,0,0,0,0,925.386,1.552,12557392.826,-1.79,24.338,7.875,3.832,7,0
CC(C)(C)CC(=O)OCC(=O)[C@@]12OC(C)(C)O[C@@H]1C[C@H]1[C@@H]3CCC4=CC(=O)C=C[C@]4(C)[C@@]3(F)[C@@H](O)C[C@@]12C,532.65,532.28,4.41,99.13,136.54,0.7667,0.5358,38,1,7,4,5,0,0,8,223.7,0.458,0.306,17.443,-2.018,0,0.0,0,0,5,4,1,0,1,1,0,1133.913,1.511,130067494.208,-1.9,27.659,8.306,3.655,8,0
CC(C)(C)N1CCC(c2ccccc2)(c2ccccc2)CC1,293.45,293.21,4.87,3.24,94.22,0.4286,0.7635,22,0,1,2,3,2,0,1,134.53,0.298,0.023,2.622,0.171,12,0.5455,0,0,1,1,1,0,1,1,0,545.309,1.972,119410.269,-1.6,15.302,5.888,2.826,0,0
CC(C)(C)NC(=O)C1CC2CCCCC2CN1CC(O)C(Cc1ccccc1)NC(=O)C(CC(N)=O)NC(=O)c1ccc2ccccc2n1,670.86,670.38,3.09,166.75,188.21,0.5,0.1975,49,5,7,12,5,3,0,11,287.96,0.39,0.27,13.829,-1.299,16,0.3265,0,0,2,2,2,1,1,1,4,1625.602,1.353,48770043313.12,-4.35,35.944,15.907,9.856,6,6
CC(C)(C)NC(=O)[C@@H]1CN(Cc2cccnc2)CCN1C[C@@H](O)C[C@@H](Cc1ccccc1)C(=O)N[C@H]1c2ccccc2C[C@H]1O,613.8,613.36,2.87,118.03,174.07,0.4722,0.2628,45,4,7,11,5,3,0,9,266.22,0.392,0.239,13.81,-0.833,18,0.4,0,0,2,1,2,1,1,1,2,1413.702,1.285,9690025118.396,-3.63,32.754,14.643,8.977,5,0
CC(C)(C)NC(=O)[C@@H]1C[C@@H]2CCCC[C@@H]2CN1C[C@@H](O)[C@H](Cc1ccccc1)NC(=O)[C@H](CC(N)=O)NC(=O)c1ccc2ccccc2n1,670.86,670.38,3.09,166.75,188.21,0.5,0.1975,49,5,7,12,5,3,0,11,287.96,0.39,0.27,13.829,-1.299,16,0.3265,0,0,2,2,2,1,1,1,4,1625.602,1.353,48770043313.12,-4.35,35.944,15.907,9.856,6,0
CC(C)(C)NCC(O)COc1cccc2c1CCC(=O)N2,292.38,292.18,1.7,70.59,82.65,0.5625,0.7723,21,3,4,5,2,1,0,5,125.24,0.49,0.224,11.382,-0.571,6,0.2857,0,0,1,0,1,0,1,0,1,508.734,1.918,39888.816,-1.59,15.792,6.452,4.72,1,1
CC(C)(C)NCC(O)COc1cccc2c1C[C@H](O)[C@H](O)C2,309.41,309.19,0.63,81.95,85.12,0.6471,0.6415,22,4,5,5,2,1,0,5,131.49,0.491,0.123,9.995,-0.76,6,0.2727,0,0,1,0,0,0,0,0,0,497.923,1.952,58912.858,-1.14,17.218,6.959,4.678,3,1
CC(C)(C)NCC(O)c1ccc(O)c(CO)c1,239.31,239.15,1.31,72.72,66.75,0.5385,0.639,17,4,4,4,1,1,0,4,101.92,0.508,0.121,9.969,-0.653,6,0.3529,0,0,0,0,0,0,0,0,0,371.418,2.72,4163.247,-1.1,13.963,5.49,4.341,1,1
CC(C)(C)NCC(O)c1ccc(O)c(CO)n1,240.3,240.15,0.7,85.61,64.54,0.5833,0.6223,17,4,5,4,1,1,0,5,101.14,0.506,0.139,9.906,-0.764,6,0.3529,0,0,0,0,1,1,0,0,0,374.504,2.72,4163.247,-1.17,13.893,5.442,4.299,1,1
CC(C)(C)NCC(O)c1ccc(O)c(NC(N)=O)c1,267.33,267.16,1.3,107.61,74.03,0.4615,0.5299,19,5,4,4,1,1,0,6,112.18,0.506,0.316,10.784,-0.769,6,0.3158,0,0,0,0,0,0,0,0,2,454.937,2.801,9173.188,-1.79,15.268,5.901,5.15,1,1
CC(C)(C)NCC(O)c1ccccc1F,211.28,211.14,2.25,32.26,59.12,0.5,0.8033,15,2,2,3,1,1,0,3,90.13,0.387,0.129,13.272,-0.801,6,0.4,0,0,0,0,0,0,0,0,0,319.643,2.618,1626.324,-0.93,12.141,4.727,3.976,1,1
CC(C)(C)OC(=O)CCCc1ccc(N(CCCl)CCCl)cc1,360.33,359.14,4.64,29.54,98.88,0.6111,0.4748,23,0,3,9,1,1,0,5,149.45,0.46,0.306,11.682,-0.41,6,0.2609,0,0,0,0,0,0,0,0,0,462.905,2.459,79428.745,-0.93,20.115,10.043,8.474,0,0
CC(C)(C)OC(=O)c1ncn2c1[C@@H]1CCCN1C(=O)c1c(Br)cccc1-2,418.29,417.07,3.88,64.43,99.44,0.4211,0.6598,26,0,5,1,4,2,0,7,159.83,0.455,0.359,13.161,-0.607,11,0.4231,0,0,2,1,3,1,2,1,1,913.239,1.927,911576.082,-2.15,17.273,5.941,2.652,1,0
CC(C)(C)[C@]1(O)CCN2C[C@H]3c4ccccc4CCc4cccc(c43)[C@@H]2C1.[Cl-].[H+],397.99,397.22,1.96,23.47,111.2,0.52,0.7342,28,1,2,0,5,2,0,3,176.41,1.0,1.0,11.465,-0.591,12,0.4138,1,1,3,1,2,0,2,1,0,892.632,0.0,1866671.534,-1.35,19.944,6.864,2.925,3,0
CC(C)(C)c1ccc(C(=O)CCCN2CCC(OC(c3ccccc3)c3ccccc3)CC2)cc1,469.67,469.3,7.22,29.54,143.98,0.4062,0.3099,35,0,3,9,4,3,0,3,210.68,0.365,0.162,12.652,-0.031,18,0.5143,0,0,1,1,1,0,1,1,0,1006.727,1.237,83447955.249,-2.75,25.346,11.789,7.127,0,0
CC(C)(C)c1ccc(C(O)CCCN2CCC(C(O)(c3ccccc3)c3ccccc3)CC2)cc1,471.69,471.31,6.45,43.7,144.38,0.4375,0.3969,35,2,3,8,4,3,0,3,211.0,0.388,0.117,12.058,-0.968,18,0.5143,0,0,1,1,1,0,1,1,0,992.931,1.317,75685458.593,-2.46,25.627,11.074,6.033,1,1
CC(C)(C)c1ccc(CN2CCN(C(c3ccccc3)c3ccc(Cl)cc3)CC2)cc1,433.04,432.23,6.54,6.48,131.73,0.3571,0.4509,31,0,2,5,4,3,0,3,192.01,0.297,0.06,6.159,0.207,18,0.5806,0,0,1,1,1,0,1,1,0,950.649,1.435,11114658.657,-2.13,22.078,9.563,5.57,1,1
CC(C)(CO)[C@@H](O)C(=O)NCCCC(=O)O,233.26,233.13,-0.65,106.86,56.75,0.8,0.4369,16,4,4,7,0,0,0,6,94.28,0.481,0.303,11.374,-1.303,0,0.0,0,0,0,0,0,0,0,0,1,251.594,3.932,1950.737,-1.14,14.86,6.444,5.085,1,0
CC(C)(O)C(C)(O)c1ccc(Cl)cc1,214.69,214.08,2.32,40.46,57.32,0.4545,0.7935,14,2,2,2,1,1,0,3,89.15,0.387,0.115,10.12,-1.28,6,0.4286,0,0,0,0,0,0,0,0,0,309.055,3.105,834.667,-0.57,11.504,3.536,2.083,1,1
CC(C)(O)C(C)(O)c1cccc(Cl)c1,214.69,214.08,2.32,40.46,57.32,0.4545,0.7935,14,2,2,2,1,1,0,3,89.15,0.387,0.115,10.138,-1.308,6,0.4286,0,0,0,0,0,0,0,0,0,326.305,3.164,823.359,-0.57,11.504,3.536,2.083,1,1
CC(C)(O)CC(C)(O)c1ccc(Cl)cc1,228.72,228.09,2.71,40.46,61.94,0.5,0.8354,15,2,2,3,1,1,0,3,95.51,0.39,0.09,10.209,-1.039,6,0.4,0,0,0,0,0,0,0,0,0,322.471,2.904,1182.282,-0.57,12.499,4.124,3.821,1,1
CC(C)(O/N=C(\C(=O)N[C@@H]1C(=O)N2C(C(=O)[O-])=C(C[n+]3ccccc3)CS[C@H]12)c1csc(N)n1)C(=O)O,546.59,546.1,-1.3,191.22,129.56,0.3182,0.1474,37,3,11,9,4,2,0,15,218.16,0.543,0.35,13.114,-1.753,11,0.2973,1,1,2,1,4,2,2,1,2,1323.781,1.551,130887863.906,-3.98,26.093,10.178,5.267,2,0
CC(C)(Oc1ccc(Cl)cc1)C(=O)N[C@@H](C(=O)N[C@@H]1C(=O)N2[C@@H](C(=O)O)C(C)(C)S[C@H]12)c1ccccc1,546.05,545.14,2.99,125.04,139.14,0.3846,0.4354,37,3,6,8,4,2,0,11,223.43,0.48,0.327,13.438,-1.343,12,0.3243,0,0,2,2,2,0,2,2,3,1220.578,1.508,98154332.093,-3.24,26.813,9.905,5.261,4,0
CC(C)(Oc1ccc(Cl)cc1)C(=O)O,214.65,214.04,2.58,46.53,53.79,0.3,0.8414,14,1,2,3,1,1,0,4,87.26,0.478,0.347,10.741,-1.228,6,0.4286,0,0,0,0,0,0,0,0,0,329.725,2.786,1007.833,-1.22,10.858,3.881,2.635,0,0
CC(C)(Oc1ccccc1)C(=O)N[C@@H]1C(=O)N2[C@@H](C(=O)O)C(C)(C)S[C@H]12,378.45,378.12,1.48,95.94,96.81,0.5,0.7537,26,2,5,5,3,1,0,8,155.62,0.48,0.327,12.651,-1.174,6,0.2308,0,0,2,2,2,0,2,2,2,749.208,1.693,425405.052,-2.22,18.568,6.191,3.023,3,0
CC(C)=CCN1CC[C@@]2(C)c3cc(O)ccc3C[C@@H]1[C@H]2C,285.43,285.21,3.88,23.47,87.74,0.5789,0.8335,21,1,2,2,3,1,0,2,128.03,0.508,0.115,9.865,0.207,6,0.2857,0,0,2,1,1,0,1,1,0,572.929,1.957,53884.3,-1.28,14.649,5.17,2.398,3,0
CC(C)=CCN1CC[C@]23c4c5ccc(O)c4O[C@H]2C(=O)CC[C@@]3(O)[C@H]1C5,355.43,355.18,2.08,70.0,96.5,0.5714,0.7952,26,2,5,2,5,1,0,5,152.82,0.504,0.174,12.729,-0.995,6,0.2308,0,0,4,2,2,0,2,1,0,842.658,1.708,1141212.207,-1.85,16.333,5.109,1.754,4,0
CC(C)=O,58.08,58.04,0.6,17.07,16.36,0.6667,0.3982,4,0,1,0,0,0,0,1,25.63,0.3,0.126,9.444,0.167,0,0.0,0,0,0,0,0,0,0,0,0,26.265,2.803,3.245,-0.33,3.67,1.045,6.884,0,0
CC(C)C(=O)OCC(=O)[C@@]12O[C@H](C3CCCCC3)O[C@@H]1C[C@H]1[C@@H]3CCC4=CC(=O)C=C[C@]4(C)[C@H]3[C@@H](O)C[C@@]12C,540.7,540.31,4.7,99.13,143.24,0.7812,0.5047,39,1,7,5,6,0,0,7,231.26,0.457,0.308,14.236,-1.252,0,0.0,0,0,6,5,1,0,1,1,0,1101.797,1.351,652445465.239,-1.83,27.345,9.627,3.968,9,0
CC(C)C(=O)OCc1cccc(OC(=O)[C@@H]2N3C(=O)[C@@H](NC(=O)Cc4ccccc4)[C@H]3SC2(C)C)c1,510.61,510.18,3.08,102.01,134.88,0.4074,0.3308,36,1,7,8,4,2,0,9,214.26,0.461,0.335,13.2,-0.801,12,0.3333,0,0,2,2,2,0,2,2,2,1165.864,1.386,78431507.48,-3.33,25.754,10.342,5.406,3,0
CC(C)C(Br)C(=O)NC(N)=O,223.07,222.0,0.6,72.19,45.28,0.6667,0.6725,11,2,2,2,0,0,0,5,73.64,0.351,0.318,10.936,-0.819,0,0.0,0,0,0,0,0,0,0,0,3,169.965,3.932,163.784,-0.58,10.42,4.329,3.977,1,1
CC(C)C(CCCCCC(=O)O)NCc1ccc(F)cc1,295.4,295.19,3.98,49.33,82.59,0.5882,0.642,21,2,2,10,1,1,0,4,126.12,0.481,0.303,12.847,-0.718,6,0.2857,0,0,0,0,0,0,0,0,0,417.303,2.291,36480.383,-1.42,17.631,9.504,7.806,1,1
CC(C)C(O)C1CCCCC1,156.27,156.15,2.58,20.23,47.42,1.0,0.6512,11,1,1,2,1,0,0,1,69.81,0.393,0.059,9.751,-0.046,0,0.0,0,0,1,1,0,0,0,0,0,103.44,2.321,335.479,-0.04,9.051,4.103,2.478,1,1
CC(C)C1(C(C)C)OCC(CO)O1,188.27,188.14,1.4,38.69,50.32,1.0,0.7273,13,1,3,3,1,0,0,3,80.04,0.394,0.173,8.957,-0.493,0,0.0,0,0,1,1,1,0,1,1,0,157.553,2.715,871.046,-0.12,10.958,3.945,1.873,1,1
CC(C)C1NC(=O)[C@@H](C(C)C)OC(=O)[C@H](C(C)C)NC(=O)[C@H](C)OC(=O)[C@@H](C(C)C)NC(=O)[C@@H](C(C)C)OC(=O)[C@H](C(C)C)NC(=O)[C@H](C)OC(=O)[C@@H](C(C)C)NC(=O)[C@@H](C(C)C)OC(=O)[C@H](C(C)C)NC(=O)[C@H](C)OC1=O,1111.34,1110.63,2.34,332.4,281.43,0.7778,0.1425,78,6,18,9,1,0,0,24,458.99,0.451,0.329,13.856,-1.555,0,0.0,0,0,1,1,1,0,1,1,6,1888.643,3.866,2371452230956071.5,-6.36,69.654,31.288,20.785,12,1
CC(C)CC(N(C)C)C1(c2ccc(Cl)cc2)CCC1,279.86,279.18,4.74,3.24,83.91,0.6471,0.7526,19,0,1,5,2,1,0,2,122.5,0.306,0.041,6.039,0.346,6,0.3158,0,0,1,1,0,0,0,0,0,403.775,2.315,12318.183,-0.53,14.87,5.847,2.978,1,1
CC(C)CC(OC(=O)c1ccco1)C(=O)N[C@@H]1C(=O)N2[C@@H](C(=O)O)C(C)(C)S[C@H]12,424.48,424.13,1.48,126.15,103.03,0.5789,0.4979,29,2,7,7,3,1,0,10,171.67,0.48,0.374,12.783,-1.093,5,0.1724,0,0,2,2,3,1,2,2,2,820.534,1.693,2102275.13,-2.49,21.224,7.735,3.981,4,1
CC(C)CC1NC(=O)C(CCCN)NC(=O)C(C(C)C)NC(=O)C2CCCN2C(=O)C(Cc2ccccc2)NC(=O)C(CC(C)C)NC(=O)C(CCCN)NC(=O)C(C(C)C)NC(=O)C2CCCN2C(=O)C(Cc2ccccc2)NC1=O,1141.47,1140.71,1.23,325.46,310.37,0.6333,0.1136,82,10,12,16,5,2,0,22,483.2,0.343,0.246,14.904,-1.216,12,0.1463,0,0,3,3,3,0,3,3,10,2326.28,1.584,232278139809126240,-6.94,65.866,32.05,19.066,10,10
CC(C)CCC(=O)CC1c2ccccc2C(=O)N1c1ccc2ccc(Cl)nc2n1,407.9,407.14,5.38,63.16,114.24,0.3043,0.5144,29,0,4,6,4,3,0,6,174.27,0.3,0.26,13.186,-0.359,16,0.5517,0,0,1,0,3,2,1,0,1,1096.428,1.718,4410089.479,-2.79,19.523,7.914,3.874,1,1
CC(C)CCNCC1COc2ccccc2O1,235.33,235.16,2.46,30.49,68.68,0.5714,0.7952,17,1,3,5,2,1,0,3,103.12,0.486,0.161,5.851,0.122,6,0.3529,0,0,1,0,1,0,1,0,0,351.83,1.746,8940.786,-1.22,12.243,5.916,3.632,1,1
CC(C)CCOC(CN1CCCC1)c1ccccc1,261.41,261.21,3.89,12.47,80.26,0.6471,0.7382,19,0,2,7,2,1,0,2,117.31,0.372,0.095,6.159,0.234,6,0.3158,0,0,1,1,1,0,1,1,0,343.54,1.916,31795.653,-0.86,14.547,7.662,4.962,1,1
CC(C)CO,74.12,74.07,0.63,20.23,21.92,1.0,0.4835,5,1,1,1,0,0,0,1,32.63,0.396,0.045,8.144,0.306,0,0.0,0,0,0,0,0,0,0,0,0,17.61,2.54,9.651,-0.04,4.96,2.213,3.96,0,0
CC(C)COCC(CN(Cc1ccccc1)c1ccccc1)N1CCCC1,366.55,366.27,4.83,15.71,114.19,0.5,0.5989,27,0,3,10,3,2,0,3,164.5,0.379,0.064,6.088,0.44,12,0.4444,0,0,1,1,1,0,1,1,0,637.945,1.735,2169904.456,-1.84,19.909,10.483,6.369,1,1
CC(C)C[C@H](CN)CC(=O)O,159.23,159.13,1.08,63.32,44.25,0.875,0.6306,11,2,2,5,0,0,0,3,67.59,0.481,0.303,10.295,-0.749,0,0.0,0,0,0,0,0,0,0,0,0,123.26,3.665,176.575,-0.57,10.43,5.129,5.854,1,0
CC(C)C[C@H]1C(=O)N2CCC[C@H]2[C@]2(O)O[C@](NC(=O)[C@@H]3C=C4c5cccc6[nH]c(Br)c(c56)C[C@H]4N(C)C3)(C(C)C)C(=O)N12,654.61,653.22,3.19,118.21,164.16,0.5938,0.4563,43,3,6,5,7,2,0,11,259.45,0.349,0.281,14.433,-2.011,9,0.2093,0,0,5,3,5,1,4,3,3,1568.394,1.248,5183276335.822,-2.73,29.007,9.887,4.035,6,0
CC(C)Cc1ccc(C(C)C(=O)O)cc1,206.28,206.13,3.07,37.3,61.03,0.4615,0.8216,15,1,1,4,1,1,0,2,90.94,0.481,0.31,10.762,-0.772,6,0.4,0,0,0,0,0,0,0,0,0,324.894,2.759,1862.336,-1.31,11.763,4.964,3.388,1,1
CC(C)N(CCNC(=O)CN1CCCC1=O)C(C)C,269.39,269.21,0.84,52.65,75.8,0.8571,0.7451,19,1,3,7,1,0,0,5,115.87,0.353,0.239,11.742,-0.053,0,0.0,0,0,1,1,1,0,1,1,2,307.813,2.242,14599.036,-1.1,15.956,7.48,5.185,0,0
CC(C)N1CCC(N(C(=O)Cc2ccccc2)c2ccc(Cl)cc2)CC1,370.92,370.18,4.79,23.55,108.82,0.4091,0.7551,26,0,2,5,3,2,0,4,161.12,0.309,0.231,13.192,0.154,12,0.4615,0,0,1,1,1,0,1,1,1,706.682,1.8,845813.238,-1.84,18.936,8.698,4.657,0,0
CC(C)N1CCN(c2ccc(OC[C@H]3CO[C@](Cn4cncn4)(c4ccc(Cl)cc4Cl)O3)cc2)CC1,532.47,531.18,4.46,64.88,139.85,0.4615,0.4246,36,0,8,8,5,3,0,10,221.21,0.491,0.217,6.534,-1.12,17,0.4722,0,0,2,2,3,1,2,2,0,1136.991,1.214,217868883.417,-2.36,25.296,10.945,5.629,2,0
CC(C)N1CCOC(c2ccc(C(F)(F)F)cc2)C1,273.3,273.13,3.49,12.47,66.85,0.5714,0.8176,19,0,2,2,2,1,0,5,110.72,0.416,0.371,12.49,-4.282,6,0.3158,0,0,1,1,1,0,1,1,0,413.694,2.095,16546.198,-1.07,14.341,5.507,3.48,1,1
CC(C)N=c1cc2n(-c3ccc(Cl)cc3)c3ccccc3nc-2cc1Nc1ccc(Cl)cc1,473.41,472.12,7.49,42.21,138.14,0.1111,0.2749,33,1,4,4,5,3,0,6,202.06,0.354,0.09,6.173,0.13,26,0.7879,0,0,2,0,1,0,1,0,0,1469.64,1.803,37709572.449,-3.34,21.503,8.891,4.45,0,0
CC(C)NC(=O)OC1CCN(CCCC(=O)c2ccc(F)cc2)CC1,350.43,350.2,3.39,58.64,94.18,0.5789,0.766,25,1,4,7,2,1,0,6,148.08,0.446,0.407,12.865,-0.349,6,0.24,0,0,1,1,1,0,1,1,1,566.537,1.627,327007.036,-1.95,19.376,9.512,6.821,0,0
CC(C)NCC(O)COc1ccc(CC(N)=O)cc1,266.34,266.16,0.45,84.58,73.98,0.5,0.6377,19,3,4,8,1,1,0,5,113.31,0.491,0.221,10.747,-0.548,6,0.3158,0,0,0,0,0,0,0,0,1,390.182,2.346,13068.205,-1.59,15.467,7.759,6.785,1,1
CC(C)NCC(O)COc1cccc2[nH]ccc12,248.33,248.15,1.91,57.28,72.94,0.4286,0.7316,18,3,3,6,2,2,0,4,106.97,0.49,0.128,9.787,-0.499,9,0.5,0,0,0,0,1,1,0,0,0,493.255,1.914,16668.722,-1.52,12.925,5.887,3.244,1,1
CC(C)NCC(O)COc1cccc2ccccc12,259.35,259.16,2.58,41.49,78.59,0.375,0.8375,19,2,3,6,2,2,0,3,113.76,0.49,0.127,9.844,-0.499,10,0.5263,0,0,0,0,0,0,0,0,0,519.643,1.978,22327.727,-1.58,13.843,6.547,3.945,1,1
CC(C)NCC(O)COc1cccc2ccccc12.[Cl],294.8,294.13,3.27,41.49,84.44,0.375,0.8591,20,2,3,6,2,2,0,4,125.91,0.49,0.127,9.844,-0.499,10,0.5,0,0,0,0,0,0,0,0,0,525.371,0.0,22327.727,-1.29,16.763,8.099,4.672,1,1
CC(C)NCC(O)c1ccc(NS(C)(=O)=O)cc1,272.37,272.12,1.09,78.43,73.01,0.5,0.7241,18,3,4,6,1,1,0,6,108.28,0.387,0.229,11.026,-3.257,6,0.3333,0,0,0,0,0,0,0,0,0,468.601,2.646,6210.359,-1.11,14.949,6.173,5.483,1,1
CC(C)NCC(O)c1ccc(O)c(O)c1,211.26,211.12,1.13,72.72,57.87,0.4545,0.5633,15,4,4,4,1,1,0,4,89.19,0.504,0.157,9.729,-0.682,6,0.4,0,0,0,0,0,0,0,0,0,325.609,2.653,1870.116,-1.26,11.813,5.0,3.416,1,1
CC(C)NNC(=O)COc1ccc(Cl)cc1,242.71,242.08,1.75,50.36,63.36,0.3636,0.7738,16,2,3,5,1,1,0,5,99.9,0.484,0.271,11.263,-0.219,6,0.375,0,0,0,0,0,0,0,0,1,338.343,2.286,3389.084,-1.26,12.808,6.35,5.0,0,0
CC(C)NNC(=O)c1ccncc1,179.22,179.11,0.72,54.02,49.97,0.3333,0.6723,13,2,3,3,1,1,0,4,77.34,0.287,0.265,11.348,-0.142,6,0.4615,0,0,0,0,1,1,0,0,1,271.448,2.498,895.903,-1.42,9.666,4.568,3.209,0,0
CC(C)NS(=O)(=O)CCN1C(=O)c2ccccc2C1=O,296.35,296.08,0.61,83.55,73.87,0.3846,0.807,20,1,4,5,2,1,0,7,117.37,0.273,0.261,12.036,-3.499,6,0.3,0,0,1,0,1,0,1,0,2,617.09,2.101,25582.321,-1.73,14.674,5.336,2.884,0,0
CC(C)N[C@H]1C2CCC(CC2)[C@]1(O)c1ccc(Cl)c(Cl)c1,328.28,327.12,4.37,32.26,87.87,0.6471,0.8636,21,2,2,3,4,1,0,4,136.38,0.383,0.108,11.593,-0.834,6,0.2857,0,0,3,3,0,0,0,0,0,525.521,2.029,60375.191,-0.28,15.609,5.733,2.609,2,0
CC(C)Nc1cccnc1N1CCN(C(=O)c2cc3cc(NS(C)(=O)=O)ccc3[nH]2)CC1,456.57,456.19,2.72,110.43,127.88,0.3636,0.5261,32,3,6,6,4,3,0,10,187.42,0.38,0.27,13.075,-3.36,15,0.4688,0,0,1,1,3,2,1,1,1,1229.447,1.451,15606298.707,-3.27,21.943,8.697,4.96,0,0
CC(C)O,60.1,60.06,0.39,20.23,17.35,1.0,0.4284,4,1,1,0,0,0,0,1,26.26,0.394,0.048,8.056,-0.167,0,0.0,0,0,0,0,0,0,0,0,0,8.0,2.324,3.245,-0.04,3.96,1.298,1128.96,0,0
CC(C)OCC(COC(C)C)OCn1cnc2cnc(N)nc21,323.4,323.2,1.6,97.31,86.78,0.6667,0.7482,23,1,8,9,2,2,0,8,135.52,0.376,0.222,5.907,-0.17,9,0.3913,0,0,0,0,2,2,0,0,0,602.178,1.984,144286.08,-1.77,17.582,8.186,5.417,0,0
CC(C)Oc1ccccc1N1CCN(Cc2cccc(C(=O)N3CCCCC3)c2)CC1.O=C(O)CCC(=O)O,539.67,539.3,4.36,110.62,150.4,0.5,0.4838,39,2,6,9,4,2,0,9,230.52,0.489,0.303,12.846,-1.076,12,0.3077,0,0,2,2,2,0,2,2,1,1077.61,0.0,364950260.119,-3.59,29.958,15.115,9.904,0,0
CC(C)[C@@H](CN1CCCC1)N(C)C(=O)Cc1ccc(Cl)c(Cl)c1,357.33,356.14,4.11,23.55,97.24,0.6111,0.7649,23,0,2,6,2,1,0,5,149.09,0.341,0.227,12.66,0.126,6,0.2609,0,0,1,1,1,0,1,1,1,541.823,2.007,149492.35,-0.77,18.567,8.364,5.101,1,0
CC(C)[C@@]1(O)CCN2C[C@@H]3c4ccccc4CCc4cccc(c43)[C@H]2C1,347.5,347.22,4.45,23.47,105.47,0.5,0.8234,26,1,2,1,5,2,0,2,156.4,0.39,0.07,11.206,-0.528,12,0.4615,0,0,3,1,2,0,2,1,0,841.854,1.647,1435470.045,-1.64,16.528,5.935,2.388,3,0
CC(C)[C@H](N)C(=O)OCC(CO)OCn1cnc2c(=O)nc(N)[nH]c21,354.37,354.17,-1.44,171.37,88.29,0.5714,0.4143,25,4,10,8,2,2,0,11,142.5,0.462,0.323,11.727,-0.758,9,0.36,0,0,0,0,2,2,0,0,0,785.601,1.971,349571.265,-2.5,18.833,8.051,4.526,2,1
CC(C)[C@H](N)C(=O)OCCOCn1cnc2c(=O)nc(N)[nH]c21,324.34,324.15,-0.8,151.14,82.29,0.5385,0.4421,23,3,9,7,2,2,0,10,131.34,0.462,0.323,11.586,-0.645,9,0.3913,0,0,0,0,2,2,0,0,0,737.63,1.836,138290.119,-2.46,16.903,7.201,4.047,1,0
CC(C)[C@H](NC(=O)[C@H](Cc1ccccc1)NC(=O)CNC(=O)[C@@H](C)NC(=O)[C@@H](N)Cc1ccc(O)cc1)C(N)=O,554.65,554.29,-0.76,205.74,148.44,0.3929,0.1587,40,7,7,14,2,2,0,12,232.81,0.508,0.243,12.989,-1.039,12,0.3,0,0,0,0,0,0,0,0,5,1171.572,1.93,292566998.362,-4.45,31.766,15.219,10.369,4,0
CC(C)[N+](C)(CCOC(=O)C1c2ccccc2Oc2ccccc21)C(C)C.[Br-],448.4,447.14,1.73,35.53,107.08,0.4348,0.4991,28,0,3,6,3,2,0,5,178.37,1.0,0.318,13.064,-0.442,12,0.4286,1,1,1,0,1,0,1,0,0,765.5,0.0,1075465.949,-1.85,22.439,9.099,4.255,0,0
CC(C)[N+]1(C)C2CCC1CC(OC(=O)C(CO)c1ccccc1)C2.[Br-],412.37,411.14,-0.14,46.53,93.51,0.65,0.5412,25,1,3,5,3,1,0,5,161.08,1.0,0.316,12.585,-0.572,6,0.24,1,1,2,2,2,0,2,2,0,563.564,0.0,286965.627,-0.91,20.402,8.19,3.785,3,3
CC(C)c1cccc(C(C)C)c1O,178.27,178.14,3.64,20.23,56.28,0.5,0.7327,13,1,1,2,1,1,0,1,80.42,0.507,0.122,9.93,0.388,6,0.4615,0,0,0,0,0,0,0,0,0,260.926,3.185,682.222,-0.98,10.103,3.819,2.029,0,0
CC(C)c1ccccc1OCC1=NCCN1,218.3,218.14,2.19,33.62,66.33,0.4615,0.8401,16,1,3,4,2,1,0,3,96.54,0.485,0.145,5.789,0.481,6,0.375,0,0,1,0,1,0,1,0,0,385.274,2.026,7342.947,-1.51,10.99,5.012,2.538,0,0
CC(C)c1nc(-c2ncn3c2CN(C)C(=O)c2c(Cl)cccc2-3)no1,357.8,357.1,3.28,77.05,91.75,0.2941,0.703,25,0,6,2,4,3,0,8,148.78,0.339,0.257,12.723,-0.133,16,0.64,0,0,1,0,3,2,1,0,1,975.331,1.915,730662.259,-2.67,15.834,5.699,2.425,0,0
CC(C)c1nc(CN(C)C(=O)N[C@H](C(=O)N[C@@H](Cc2ccccc2)C[C@H](O)[C@H](Cc2ccccc2)NC(=O)OCc2cncs2)C(C)C)cs1,720.96,720.31,5.91,145.78,196.9,0.4324,0.1062,50,4,9,17,4,4,0,13,302.06,0.444,0.407,13.867,-1.049,22,0.44,0,0,0,0,2,2,0,0,4,1617.497,1.464,99661659139.943,-4.33,38.472,19.166,12.218,4,0
CC(C)n1c(/C=C/[C@@H](O)C[C@H](O)CC(=O)O)c(-c2ccc(F)cc2)c2ccccc21,411.47,411.18,4.63,82.69,115.63,0.2917,0.5048,30,3,4,8,3,3,0,6,174.26,0.481,0.305,13.498,-1.13,15,0.5,0,0,0,0,1,1,0,0,0,1053.003,2.076,4553841.084,-2.96,21.742,9.238,4.777,2,0
CC(C)n1c(=O)c2c(-c3noc(C4CC4)n3)ncn2c2ccccc21,335.37,335.14,3.16,78.22,92.61,0.3333,0.5745,25,0,7,3,5,4,0,7,142.47,0.339,0.278,13.208,-0.098,18,0.72,0,0,1,1,3,3,0,0,0,1163.354,1.851,1128168.353,-2.96,14.389,5.017,2.047,0,0
CC(C)n1cc2c3c(cccc31)C1C[C@@H](C(=O)NC3CCCCC3)CN(C)C1C2,393.58,393.28,4.63,37.27,118.31,0.64,0.8254,29,1,3,3,5,2,0,4,174.19,0.353,0.224,13.126,0.104,9,0.3103,0,0,3,2,2,1,1,1,1,908.174,1.432,6720785.059,-1.81,19.171,7.463,3.296,3,2
CC(CC#N)N(C)CC(=O)N(C)c1ccc(Cl)cc1C(=O)c1ccccc1F,401.87,401.13,3.91,64.41,107.02,0.2857,0.6597,28,0,4,7,2,2,0,7,168.48,0.314,0.24,14.084,-0.641,12,0.4286,0,0,0,0,0,0,0,0,1,926.107,2.333,1233778.139,-2.75,21.549,9.447,4.944,1,1
CC(CC(C)(C)O)OC(O)C(Cl)(Cl)Cl,265.56,264.01,2.24,49.69,57.76,1.0,0.6054,14,2,3,4,0,0,0,6,98.91,0.39,0.24,9.443,-1.867,0,0.0,0,0,0,0,0,0,0,0,0,173.651,4.014,405.515,0.75,14.75,5.191,7.096,2,2
CC(CC1c2ccccc2CCc2ccccc21)CN(C)C,293.45,293.21,4.5,3.24,94.47,0.4286,0.8017,22,0,1,4,3,2,0,1,134.53,0.309,0.01,2.385,0.546,12,0.5455,0,0,1,0,0,0,0,0,0,581.809,1.985,126062.961,-1.6,15.302,6.662,3.25,1,1
CC(CCN1CCN(c2ccc(F)cc2)CC1)NC(=O)c1cccnc1,356.45,356.2,2.55,48.47,100.84,0.4,0.8642,26,1,4,6,3,2,0,6,153.38,0.369,0.253,13.031,-0.199,12,0.4615,0,0,1,1,2,1,1,1,1,699.511,1.391,950108.368,-2.47,18.325,8.759,5.017,1,1
CC(CCc1ccccc1)NC(C)C(O)c1ccc(O)cc1,299.41,299.19,3.43,52.49,89.89,0.3684,0.734,22,3,3,7,2,2,0,3,132.18,0.508,0.115,10.37,-0.584,12,0.5455,0,0,0,0,0,0,0,0,0,553.408,1.822,92951.027,-1.84,16.529,7.968,4.863,3,3
CC(CCc1ccccc1)NCC(O)c1ccc(O)c(C(N)=O)c1,328.41,328.18,2.14,95.58,93.81,0.3158,0.5968,24,4,4,8,2,2,0,5,141.68,0.507,0.252,11.248,-0.775,12,0.5,0,0,0,0,0,0,0,0,1,673.567,1.847,222954.572,-2.37,17.976,8.473,5.078,2,2
CC(CN(C)C)CN1c2ccccc2CCc2ccccc21,294.44,294.21,4.12,6.48,95.02,0.4,0.8366,22,0,2,4,3,2,0,2,133.92,0.341,0.044,2.534,0.62,12,0.5455,0,0,1,0,1,0,1,0,0,585.609,1.985,126062.961,-1.8,15.109,6.533,3.172,1,1
CC(CN(C)C)CN1c2ccccc2S(=O)(=O)c2ccccc21,330.45,330.14,3.17,40.62,93.06,0.3333,0.8633,23,0,4,4,3,2,0,5,137.82,0.339,0.21,12.87,-3.445,12,0.5217,0,0,1,0,1,0,1,0,0,761.776,2.107,150391.032,-1.85,16.024,5.981,2.863,1,1
CC(CN(C)C)CN1c2ccccc2Sc2ccc(C#N)cc21,323.47,323.15,4.36,30.27,96.45,0.3158,0.8362,23,0,4,4,3,2,0,4,142.07,0.339,0.099,9.24,0.528,12,0.5217,0,0,1,0,1,0,1,0,0,748.52,2.008,180293.18,-1.96,15.918,6.655,3.363,1,1
CC(CN(C)C)CN1c2ccccc2Sc2ccc(C(F)(F)F)cc21,366.45,366.14,5.51,6.48,96.73,0.3684,0.7048,25,0,3,4,3,2,0,6,150.18,0.416,0.339,13.183,-4.336,12,0.48,0,0,1,0,1,0,1,0,0,758.575,2.028,328520.417,-1.66,18.141,6.921,3.955,1,1
CC(CN(C)C)CN1c2ccccc2Sc2ccccc21,298.46,298.15,4.49,6.48,91.73,0.3333,0.8211,21,0,3,4,3,2,0,3,131.32,0.339,0.055,2.481,0.615,12,0.5714,0,0,1,0,1,0,1,0,0,578.62,1.947,72592.672,-1.45,14.486,6.122,3.09,1,1
CC(CN(C)C)OC(C)(c1ccccc1)c1ccc(Cl)cc1,317.86,317.15,4.57,12.47,93.45,0.3684,0.7735,22,0,2,6,2,2,0,3,138.22,0.362,0.116,6.476,-0.499,12,0.5455,0,0,0,0,0,0,0,0,0,582.144,2.38,74010.674,-1.35,17.011,7.275,4.099,2,2
CC(CN1C(=O)c2cccnc2Nc2ccccc21)N(C)C,296.37,296.16,2.74,48.47,88.79,0.2941,0.9459,22,1,4,3,3,2,0,5,130.12,0.338,0.262,12.985,-0.019,12,0.5455,0,0,1,0,2,1,1,0,1,698.563,2.087,120640.602,-2.4,14.534,5.77,2.551,1,1
CC(CN1CCN(CCOCCO)CC1)CN1c2ccccc2Sc2ccccc21,427.61,427.23,3.55,39.18,123.96,0.5,0.6173,30,1,6,9,4,2,0,6,184.17,0.394,0.07,8.798,0.107,12,0.4,0,0,2,1,2,0,2,1,0,765.043,1.315,9294363.374,-1.57,21.654,10.643,5.367,1,1
CC(CN1CCOCC1)C(C(=O)N1CCCC1)(c1ccccc1)c1ccccc1,392.54,392.25,3.56,32.78,115.9,0.48,0.7535,29,0,3,6,4,2,0,4,174.02,0.379,0.238,14.234,-0.675,12,0.4138,0,0,2,2,2,0,2,2,1,741.485,1.813,8081079.838,-2.17,20.117,9.101,3.964,1,1
CC(CN1c2ccccc2Sc2ccccc21)N(C)C,284.43,284.13,4.24,6.48,87.16,0.2941,0.8322,20,0,3,3,3,2,0,3,124.95,0.338,0.055,2.45,0.499,12,0.6,0,0,1,0,1,0,1,0,0,563.944,2.032,47893.826,-1.45,13.529,5.505,2.434,1,1
CC(CNC(=O)c1ccccc1)C(=O)OCC(=O)[C@@]12OC(C)(C)O[C@@H]1C[C@H]1[C@@H]3CCC4=CC(=O)C=C[C@]4(C)[C@@]3(F)[C@@H](O)C[C@@]12C,623.72,623.29,4.04,128.23,160.41,0.6,0.4361,45,2,8,7,6,1,0,10,262.1,0.457,0.31,17.582,-2.067,6,0.1333,0,0,5,4,1,0,1,1,1,1489.236,1.22,7331029894.693,-3.21,31.76,10.672,4.578,9,1
CC(COc1ccccc1)N(CCCl)Cc1ccccc1,303.83,303.14,4.19,12.47,88.97,0.3333,0.6779,21,0,2,8,2,2,0,3,131.85,0.492,0.119,5.941,0.309,12,0.5714,0,0,0,0,0,0,0,0,0,503.141,1.904,73239.979,-1.51,15.871,8.705,5.408,1,1
CC(COc1ccccc1)NN,166.22,166.11,0.92,47.28,48.72,0.3333,0.5162,12,2,3,4,1,1,0,3,72.5,0.492,0.119,5.416,0.171,6,0.5,0,0,0,0,0,0,0,0,0,213.028,2.333,638.342,-1.06,9.031,4.745,2.9,1,1
CC(C[N+](C)(C)C)OC(N)=O.[Cl-],196.68,196.1,-2.82,52.32,43.03,0.8571,0.4956,12,1,2,3,0,0,0,5,79.67,1.0,0.404,10.289,-0.703,0,0.0,1,1,0,0,0,0,0,0,1,144.832,0.0,108.951,-0.48,14.067,5.216,9.52,1,1
CC(Cc1ccc(O)cc1)NCC(O)c1cc(O)cc(O)c1,303.36,303.15,2.06,92.95,84.01,0.2941,0.5631,22,5,5,6,2,2,0,5,129.04,0.508,0.119,10.103,-0.819,12,0.5455,0,0,0,0,0,0,0,0,0,592.306,1.868,72751.203,-2.24,16.136,7.154,4.648,2,2
CC(Cc1ccccc1)(NC(=O)CN)c1ccccc1,268.36,268.16,2.22,55.12,81.14,0.2353,0.8733,20,2,2,5,2,2,0,3,119.36,0.345,0.234,11.755,-0.459,12,0.6,0,0,0,0,0,0,0,0,1,553.717,2.311,37321.02,-2.13,14.283,6.349,3.455,1,1
CC(Cc1ccccc1)N(C)C,163.26,163.14,2.18,3.24,53.3,0.4545,0.6599,12,0,1,3,1,1,0,1,75.02,0.306,0.01,2.243,0.618,6,0.5,0,0,0,0,0,0,0,0,0,215.706,2.527,526.605,-0.82,9.269,4.267,2.666,1,1
CC(Cc1ccccc1)N(C)Cc1ccccc1,239.36,239.17,3.75,3.24,77.52,0.2941,0.7678,18,0,1,5,2,2,0,1,110.07,0.299,0.023,2.405,0.549,12,0.6667,0,0,0,0,0,0,0,0,0,404.051,1.91,15790.097,-1.6,12.847,6.364,3.71,1,1
CC(Cc1ccccc1)N(C)Cc1ccco1,229.32,229.15,3.34,16.38,69.78,0.3333,0.7815,17,0,2,5,2,2,0,2,102.87,0.468,0.117,5.363,0.502,11,0.6471,0,0,0,0,1,1,0,0,0,421.447,1.891,11957.323,-1.54,11.931,5.689,3.463,1,1
CC(Cc1ccccc1)NC(C#N)c1ccccc1,250.34,250.15,3.47,35.82,77.54,0.2353,0.8816,19,1,2,5,2,2,0,2,114.26,0.295,0.121,9.282,-0.25,12,0.6316,0,0,0,0,0,0,0,0,0,528.193,1.978,26979.863,-2.11,13.325,6.724,3.941,2,2
CC(Cc1ccccc1)NCCC1c2ccccc2Sc2ccccc21,359.54,359.17,5.89,12.03,111.08,0.25,0.5884,26,1,2,6,4,3,0,2,160.4,0.314,0.016,3.733,0.486,18,0.6923,0,0,1,0,1,0,1,0,0,813.349,1.432,1443196.129,-2.03,17.387,8.112,3.869,1,1
CC(Cc1ccccc1)NCCn1cnc2c1c(=O)n(C)c(=O)n2C.[Cl-].[H+],377.88,377.16,-2.23,73.85,98.94,0.3889,0.5275,26,1,7,6,3,3,0,8,158.73,1.0,1.0,12.39,-0.364,15,0.5556,1,1,0,0,2,2,0,0,0,996.64,0.0,566613.33,-2.38,19.938,8.333,3.889,1,1
CC(Cc1ccccc1)NN,150.22,150.12,1.08,38.05,46.93,0.3333,0.4996,11,2,2,3,1,1,0,2,67.39,0.271,0.022,5.27,0.345,6,0.5455,0,0,0,0,0,0,0,0,0,195.978,2.508,370.936,-0.86,8.239,4.109,2.699,1,1
CC(Cc1ccccc1)NO,151.21,151.1,1.6,32.26,44.53,0.3333,0.6429,11,2,2,3,1,1,0,2,66.82,0.317,0.033,8.546,0.123,6,0.5455,0,0,0,0,0,0,0,0,0,197.978,2.508,370.936,-0.86,8.239,4.109,2.699,1,1
CC(Cc1ccccc1)[N+](C)([O-])Cc1ccccc1,255.36,255.16,3.76,23.06,79.31,0.2941,0.589,19,0,1,5,2,2,0,2,115.03,0.633,0.104,12.714,-0.237,12,0.6316,1,1,0,0,0,0,0,0,0,493.185,2.025,20870.894,-1.64,13.784,6.002,3.914,2,2
CC(Cc1ccccc1)n1cc([N-]C(=O)Nc2ccccc2)[o+]n1,322.37,322.14,4.8,72.32,92.24,0.1667,0.6858,24,1,3,5,3,3,0,6,139.63,0.427,0.424,11.877,-0.5,17,0.7083,1,1,0,0,1,1,0,0,2,787.048,1.576,458766.807,-3.15,15.735,7.411,4.192,1,1
CC(Cl)(Cl)Cl,133.41,131.93,2.38,0.0,25.96,1.0,0.4452,5,0,0,0,0,0,0,3,46.01,0.187,0.084,5.061,-1.083,0,0.0,0,0,0,0,0,0,0,0,0,20.365,3.024,3.61,0.87,5.87,1.545,52.997,0,0
CC(N)C(=O)OC(C)(C)Cc1ccc(Cl)cc1,255.74,255.1,2.55,52.32,68.98,0.4615,0.8416,17,1,3,4,1,1,0,4,106.9,0.458,0.323,11.434,-0.598,6,0.3529,0,0,0,0,0,0,0,0,0,384.911,2.656,3871.565,-1.06,14.003,5.517,4.754,1,1
CC(N)Cc1ccccc1,135.21,135.1,1.58,26.02,43.8,0.3333,0.6542,10,1,1,2,1,1,0,1,61.87,0.328,0.005,5.624,0.266,6,0.6,0,0,0,0,0,0,0,0,0,179.18,2.587,195.625,-0.82,7.289,3.374,2.194,1,1
CC(NC(C)(C)C)C(=O)c1cccc(Cl)c1,239.75,239.11,3.3,29.1,68.13,0.4615,0.8205,16,1,2,3,1,1,0,3,102.0,0.303,0.179,12.053,-0.21,6,0.375,0,0,0,0,0,0,0,0,0,381.764,2.785,2302.595,-0.86,13.206,4.981,3.951,1,1
CC(NCCn1cnc2c1c(=O)n(C)c(=O)n2C)C(O)c1ccccc1,357.41,357.18,0.15,94.08,99.08,0.3889,0.6547,26,2,8,6,3,3,0,8,149.89,0.387,0.332,12.402,-0.621,15,0.5769,0,0,0,0,2,2,0,0,0,1018.968,1.729,901027.1,-2.71,18.092,7.266,3.206,2,2
CC(NN)c1ccccc1,136.2,136.1,1.21,38.05,42.18,0.25,0.4735,10,2,2,2,1,1,0,2,61.02,0.271,0.043,5.254,0.237,6,0.6,0,0,0,0,0,0,0,0,0,183.709,2.747,237.587,-0.86,7.249,3.344,1.559,1,1
CC(NNC(=O)c1ccccc1)c1ccccc1,240.31,240.13,2.68,41.13,71.9,0.1333,0.8067,18,2,2,4,2,2,0,3,106.81,0.287,0.265,11.807,-0.126,12,0.6667,0,0,0,0,0,0,0,0,1,496.417,1.907,17039.733,-2.13,12.33,5.981,3.182,1,1
CC(O)Cn1cnc2c1c(=O)n(C)c(=O)n2C,238.25,238.11,-1.19,82.05,61.9,0.5,0.7132,17,1,7,2,2,2,0,7,96.55,0.392,0.332,11.972,-0.589,9,0.5294,0,0,0,0,2,2,0,0,0,677.141,2.859,7284.819,-1.89,11.591,3.846,1.679,1,1
CC(OC(N)=O)C(C)C(C)OC(N)=O,204.23,204.11,0.59,104.64,49.42,0.75,0.6986,14,2,4,4,0,0,0,6,82.52,0.446,0.404,10.427,-0.851,0,0.0,0,0,0,0,0,0,0,0,2,197.387,4.086,659.19,-1.46,12.54,5.309,4.537,2,2
CC(Oc1cccc2ccccc12)/C(N)=N/O,230.27,230.11,2.35,67.84,67.45,0.1538,0.3679,17,2,3,3,2,2,0,4,99.3,0.482,0.18,8.579,-0.467,10,0.5882,0,0,0,0,0,0,0,0,0,546.616,2.361,9043.191,-2.23,11.261,4.738,2.305,1,1
CC(Oc1ccccc1)C(=O)NC1C(=O)N2C1SC(C)(C)C2C(=O)O,364.42,364.11,1.09,95.94,92.19,0.4706,0.7595,25,2,5,5,3,1,0,8,149.26,0.481,0.327,12.356,-1.029,6,0.24,0,0,2,2,2,0,2,2,2,708.25,1.637,322040.357,-2.22,17.598,6.254,3.059,4,4
CC(c1noc2ccc(Cl)cc12)n1ccnc1,247.69,247.05,3.29,43.85,65.06,0.1667,0.698,17,0,4,2,3,3,0,5,102.81,0.356,0.167,5.989,0.067,14,0.8235,0,0,0,0,2,2,0,0,0,644.877,2.141,16341.216,-1.81,10.351,3.891,1.703,1,1
CC/C(=C(/CC)c1ccc(O)cc1)c1ccc(O)cc1,268.36,268.15,4.83,40.46,83.61,0.2222,0.7797,20,2,2,4,2,2,0,2,119.58,0.508,0.115,9.411,0.284,12,0.6,0,0,0,0,0,0,0,0,0,536.82,2.522,36558.819,-2.22,14.195,6.287,3.021,0,0
CC/C(=C(\c1ccccc1)c1ccc(OCCN(C)C)cc1)c1ccccc1,371.52,371.22,6.0,12.47,119.58,0.2308,0.4506,28,0,2,8,3,3,0,2,168.65,0.492,0.119,5.871,0.692,18,0.6429,0,0,0,0,0,0,0,0,0,880.736,1.996,2692338.49,-2.84,19.909,9.911,5.114,0,0
CC/C=C(\C(=O)N[C@@H]1C(=O)N2C(C(=O)O)=C(COC(N)=O)CS[C@H]12)c1csc(N)n1,453.5,453.08,0.35,177.94,110.01,0.3529,0.3348,30,4,9,7,3,1,0,13,178.68,0.477,0.404,12.788,-1.328,5,0.1667,0,0,2,1,3,1,2,1,3,971.595,1.772,4041551.635,-3.06,21.644,8.751,4.115,2,0
CC/C=C(\C)C1(CC)C(=O)NC(=O)NC1=O,224.26,224.12,1.11,75.27,58.45,0.5455,0.5566,16,2,3,3,1,0,0,5,94.28,0.328,0.277,11.851,-1.232,0,0.0,0,0,1,1,1,0,1,1,4,351.426,3.204,2793.402,-1.65,12.42,4.467,1.727,0,0
CC1(C)CC(=O)N(CCCCN2CCN(c3ncccn3)CC2)C(=O)C1.[Cl-].[H+],395.94,395.21,-1.33,69.64,100.77,0.6842,0.4389,27,0,6,6,3,1,0,8,168.57,1.0,1.0,12.164,-0.188,6,0.2143,1,1,2,2,3,1,2,2,2,618.471,0.0,701271.279,-1.73,21.569,9.461,5.873,0,0
CC1(C)CCN(C(=O)Cc2ccc(Cl)c(Cl)c2)[C@@H](CN2CCCC2)C1,383.36,382.16,4.65,23.55,104.36,0.65,0.7558,25,0,2,4,3,1,0,5,160.82,0.338,0.227,12.99,0.207,6,0.24,0,0,2,2,2,0,2,2,1,626.122,1.695,465860.28,-0.77,19.004,7.855,4.899,1,0
CC1(C)CN(CCN2CCN(c3cccc(Cl)c3)C2=O)C1,307.83,307.15,2.92,26.79,85.99,0.5625,0.8549,21,0,2,4,3,1,0,5,130.81,0.324,0.321,12.454,0.094,6,0.2857,0,0,2,2,2,0,2,2,2,538.079,1.544,55746.858,-1.26,14.668,5.502,3.164,0,0
CC1(C)NC(=O)C(/C=C/c2ccccc2)O1,217.27,217.11,1.95,38.33,62.57,0.3077,0.8219,16,1,2,2,2,1,0,3,95.12,0.339,0.255,11.524,-0.567,6,0.375,0,0,1,1,1,0,1,1,1,409.201,2.062,4826.128,-1.61,10.893,4.1,2.493,1,1
CC1(C)OC(=O)NC1=O,129.12,129.04,0.03,55.4,28.7,0.6,0.5017,9,1,3,0,1,0,0,4,52.18,0.433,0.415,10.649,-0.975,0,0.0,0,0,1,1,1,0,1,1,2,173.042,2.814,84.323,-1.06,6.066,1.462,0.872,0,0
CC1(C)OC(=O)Nc2ccc(Br)cc21,256.1,254.99,3.25,38.33,57.27,0.3,0.7733,14,1,2,0,2,1,0,4,90.58,0.438,0.412,11.181,-0.568,6,0.4286,0,0,1,0,1,0,1,0,1,401.109,2.58,1297.411,-1.03,9.522,2.984,1.499,0,0
CC1(C)O[C@@H]2CC3C4C[C@H](F)C5=CC(=O)C=CC5(C)[C@@]4(Cl)C(Cl)CC3(C)[C@]2(C(=O)CO)O1,487.4,486.14,3.88,72.83,117.26,0.75,0.599,32,1,5,2,5,0,0,8,196.84,0.388,0.193,15.596,-1.373,0,0.0,0,0,5,4,1,0,1,1,0,964.036,1.66,10966924.341,-0.79,22.975,6.66,2.46,9,5
CC1(C)O[C@@H]2CC3C4C[C@H](F)C5=CC(=O)C=CC5(C)[C@@]4(Cl)[C@@H](Cl)CC3(C)[C@]2(C(=O)CF)O1,489.39,488.13,4.86,52.6,116.15,0.75,0.5204,32,0,4,2,5,0,0,8,196.21,0.344,0.198,15.576,-1.498,0,0.0,0,0,5,4,1,0,1,1,0,965.646,1.66,10966924.341,-0.82,22.947,6.646,2.454,9,4
CC1(C)O[C@@H]2CC3[C@@H]4C[C@H](F)C5=CC(=O)C=CC5(C)[C@H]4[C@@H](O)C[C@]3(C)[C@]2(C(=O)CO)O1.CC1(C)O[C@@H]2CC3[C@@H]4C[C@H](F)C5=CC(=O)C=CC5(C)[C@H]4[C@@H](O)C[C@]3(C)[C@]2(C(=O)CO)O1.O,887.02,886.43,3.72,217.62,220.67,0.75,0.3179,63,4,12,4,10,0,0,15,366.17,0.412,0.193,15.446,-1.372,0,0.0,0,0,10,8,2,0,2,2,0,1967.813,0.0,22172410252560.58,-2.86,46.662,14.569,6.017,18,4
CC1(C)O[C@@H]2CO[C@@]3(COS(N)(=O)=O)OC(C)(C)O[C@H]3[C@@H]2O1,339.37,339.1,-0.4,115.54,71.6,1.0,0.7386,22,1,8,3,3,0,0,10,128.73,0.343,0.333,11.099,-4.137,0,0.0,0,0,3,3,3,0,3,3,0,561.474,1.873,55495.759,-0.33,16.525,4.835,3.017,4,0
CC1(C)O[C@@H]2C[C@H]3C4CCC5=CC(=O)C=CC5(C)[C@H]4C(O)CC3(C)[C@]2(C(=O)CO)O1,416.51,416.22,2.33,93.06,108.25,0.75,0.7177,30,2,6,2,5,0,0,6,176.86,0.393,0.193,13.165,-1.239,0,0.0,0,0,5,4,1,0,1,1,0,872.922,1.593,5166939.275,-1.34,20.556,6.124,2.337,8,4
CC1(C)O[C@@H]2C[C@H]3C4CCC5CC(=O)CCC5(C)[C@@]4(F)[C@@H](O)CC3(C)[C@]2(C(=O)CO)O1,438.54,438.24,2.72,93.06,108.72,0.9167,0.6887,31,2,6,2,5,0,0,7,182.41,0.39,0.193,17.225,-1.821,0,0.0,0,0,5,5,1,0,1,1,0,828.887,1.601,7459632.671,-0.89,21.93,6.366,2.416,9,4
CC1(C)O[C@@H]2C[C@H]3C4C[C@H](F)C5=CC(=O)C=CC5(C)[C@@]4(Cl)[C@@H](Cl)CC3(C)[C@]2(C(=O)CCl)O1,505.84,504.1,5.13,52.6,120.89,0.75,0.4884,32,0,4,2,5,0,0,8,202.35,0.344,0.182,15.615,-1.324,0,0.0,0,0,5,4,1,0,1,1,0,964.891,1.66,10966924.341,-0.46,23.29,6.814,2.529,9,3
CC1(C)O[C@@H]2C[C@H]3C4C[C@H](F)C5=CC(=O)C=C[C@]5(C)[C@@]4(F)[C@@H](O)C[C@]3(C)[C@]2(C(=O)COC(=O)C2CC2)O1,520.57,520.23,3.33,99.13,125.47,0.75,0.568,37,1,7,4,6,0,0,9,214.13,0.457,0.309,17.388,-2.264,0,0.0,0,0,6,5,1,0,1,1,0,1143.352,1.409,193991308.12,-1.97,25.316,7.57,3.105,9,1
CC1(C)O[C@@H]2C[C@H]3[C@@H]4CCC5=CC(=O)C=C[C@]5(C)[C@@]4(F)[C@@H](O)C[C@]3(C)[C@]2(C(=O)CO)O1,434.5,434.21,2.42,93.06,108.6,0.75,0.6935,31,2,6,2,5,0,0,7,181.03,0.39,0.193,17.133,-1.976,0,0.0,0,0,5,4,1,0,1,1,0,925.03,1.637,7459632.671,-1.41,21.436,6.129,2.308,8,0
CC1(C)O[C@@H]2C[C@H]3[C@@H]4CCC5=CC(=O)C=C[C@]5(C)[C@@]4(F)[C@@H](O)C[C@]3(C)[C@]2(C(=O)COC(=O)c2cc3ccccc3o2)O1,578.63,578.23,5.03,112.27,148.01,0.5455,0.5032,42,1,8,4,7,2,0,9,242.41,0.452,0.374,17.55,-2.051,9,0.2143,0,0,5,4,2,1,1,1,0,1554.009,1.217,2723902465.43,-3.14,27.679,8.707,3.412,8,0
CC1(C)O[C@@H]2C[C@H]3[C@@H]4CCC5=CC(=O)CC[C@]5(C)[C@@]4(F)[C@@H](O)C[C@]3(C)[C@]2(C(=O)CCl)O1,454.97,454.19,3.89,72.83,112.33,0.8333,0.6407,31,1,5,2,5,0,0,7,187.23,0.39,0.182,17.208,-1.86,0,0.0,0,0,5,4,1,0,1,1,0,887.195,1.628,7459632.671,-0.82,21.996,6.398,2.43,8,0
CC1(C)O[C@@H]2C[C@H]3[C@@H]4C[C@H](F)C5=CC(=O)C=C[C@]5(C)[C@@]4(F)[C@@H](O)C[C@]3(C)[C@]2(C(=O)CO)O1,452.49,452.2,2.37,93.06,108.88,0.75,0.6684,32,2,6,2,5,0,0,8,185.19,0.39,0.193,17.14,-2.236,0,0.0,0,0,5,4,1,0,1,1,0,960.136,1.66,10966924.341,-1.48,22.319,6.344,2.319,9,0
CC1(C)O[C@@H]2C[C@H]3[C@@H]4C[C@H](F)C5=CC(=O)CC[C@]5(C)[C@H]4[C@@H](O)C[C@]3(C)[C@]2(C(=O)CO)O1,436.52,436.23,2.5,93.06,108.62,0.8333,0.691,31,2,6,2,5,0,0,7,181.72,0.393,0.193,15.48,-1.354,0,0.0,0,0,5,4,1,0,1,1,0,868.131,1.607,7509644.746,-1.15,21.683,6.461,2.576,9,0
CC1(C)SC2C(N(C(=N)c3ccncc3)[C@H](C(=O)NC(=O)CN)c3ccccc3)C(=O)N2C1C(=O)O,510.58,510.17,0.57,169.78,131.81,0.3333,0.2361,36,4,8,7,4,2,0,12,211.1,0.48,0.327,13.54,-1.244,12,0.3333,0,0,2,2,3,1,2,2,3,1207.993,1.832,81347226.2,-3.77,25.327,9.704,4.33,4,3
CC1(C)SC2C(NC(=O)CSc3ccccc3)C(=O)N2C1C(=O)O,366.46,366.07,1.41,86.71,92.82,0.4375,0.6053,24,2,5,5,3,1,0,8,147.9,0.48,0.327,12.283,-1.007,6,0.25,0,0,2,2,2,0,2,2,2,679.915,1.586,216942.392,-1.67,17.163,6.326,2.999,3,3
CC1(C)SC2C(NC(=O)Cc3ccccc3)C(=O)N2C1C(=O)O.[Na],357.39,357.09,0.48,86.71,91.56,0.4375,0.6047,24,2,4,4,3,1,0,8,166.19,0.48,0.327,12.268,-1.007,6,0.25,0,0,2,2,2,0,2,2,2,667.301,0.0,129114.723,-1.02,19.307,7.075,3.353,3,3
CC1(C)S[C@@H]2C(NC(=O)[C@H](NC(=O)c3c[nH]c4cccnc4c3=O)c3ccccc3)C(=O)N2[C@H]1C(=O)O,521.56,521.14,1.03,161.56,134.67,0.28,0.3498,37,4,7,6,5,3,0,12,214.2,0.48,0.327,13.401,-1.218,16,0.4324,0,0,2,2,4,2,2,2,3,1489.675,1.395,176871935.56,-4.19,24.502,9.035,4.122,4,1
CC1(C)S[C@@H]2[C@H](N3C(=O)[C@@H](c4ccccc4)NC3(C)C)C(=O)N2[C@H]1C(=O)O,389.48,389.14,1.41,89.95,100.76,0.5263,0.7601,27,2,5,3,4,1,0,8,161.63,0.48,0.327,13.234,-1.005,6,0.2222,0,0,3,3,3,0,3,3,2,825.503,1.654,939067.753,-2.06,18.31,5.718,2.497,4,0
CC1(C)S[C@@H]2[C@H](N=CN3CCCCCC3)C(=O)N2[C@H]1C(=O)O,325.43,325.15,1.41,73.21,86.05,0.8,0.4824,22,1,4,3,3,0,0,7,134.49,0.48,0.327,12.303,-0.928,0,0.0,0,0,3,3,3,0,3,3,1,500.261,1.68,77377.303,-1.24,15.648,5.756,2.594,3,0
CC1(C)S[C@@H]2[C@H](NC(=O)C(C(=O)O)c3ccccc3)C(=O)N2[C@H]1C(=O)O,378.41,378.09,0.49,124.01,92.48,0.4118,0.503,26,3,5,5,3,1,0,9,153.1,0.48,0.327,12.511,-1.437,6,0.2308,0,0,2,2,2,0,2,2,2,780.718,1.778,472094.837,-2.55,18.247,6.313,2.815,4,1
CC1(C)S[C@@H]2[C@H](NC(=O)C(C(=O)Oc3ccc4c(c3)CCC4)c3ccccc3)C(=O)N2[C@H]1C(=O)O,494.57,494.15,2.5,113.01,128.94,0.3846,0.2746,35,2,6,6,5,2,0,9,206.57,0.48,0.328,13.368,-1.277,12,0.3429,0,0,3,2,2,0,2,2,2,1213.578,1.355,78834138.119,-3.33,23.414,8.712,4.073,4,1
CC1(C)S[C@@H]2[C@H](NC(=O)C(C(=O)Oc3ccccc3)c3ccccc3)C(=O)N2[C@H]1C(=O)O,454.5,454.12,2.01,113.01,116.92,0.3043,0.2971,32,2,6,6,4,2,0,9,188.48,0.48,0.328,13.181,-1.284,12,0.375,0,0,2,2,2,0,2,2,2,1058.671,1.544,13017022.631,-3.33,21.885,8.309,3.838,4,1
CC1(C)S[C@@H]2[C@H](NC(=O)C(Oc3ccccc3)c3ccccc3)C(=O)N2[C@H]1C(=O)O,426.49,426.12,2.44,95.94,111.91,0.3182,0.6892,30,2,5,6,4,2,0,8,177.95,0.48,0.327,13.13,-1.039,12,0.4,0,0,2,2,2,0,2,2,2,966.008,1.537,5525486.212,-3.0,20.28,7.68,3.516,4,1
CC1(C)S[C@@H]2[C@H](NC(=O)C(c3ccccc3)S(=O)(=O)O)C(=O)N2[C@H]1C(=O)O,414.46,414.06,0.25,141.08,96.39,0.4375,0.4598,27,3,6,5,3,1,0,11,159.41,0.48,0.327,12.558,-4.771,6,0.2222,0,0,2,2,2,0,2,2,2,900.604,1.827,602596.652,-2.11,19.646,6.498,3.301,4,1
CC1(C)S[C@@H]2[C@H](NC(=O)C3(N)CCCCC3)C(=O)N2[C@H]1C(=O)O,341.43,341.14,0.28,112.73,85.66,0.8,0.6357,23,3,5,3,3,0,0,8,138.88,0.48,0.327,12.501,-1.009,0,0.0,0,0,3,3,2,0,2,2,2,558.925,1.71,112152.28,-1.28,16.573,5.374,2.516,3,0
CC1(C)S[C@@H]2[C@H](NC(=O)C34C[C@@H]5C[C@@H](CC(N)(C5)C3)C4)C(=O)N2[C@H]1C(=O)O,393.51,393.17,0.92,112.73,99.69,0.8421,0.6147,27,3,5,3,6,0,0,8,162.33,0.48,0.327,13.29,-0.987,0,0.0,0,0,6,6,2,0,2,2,2,739.237,1.345,988968.444,-1.28,17.794,5.199,2.348,7,2
CC1(C)S[C@@H]2[C@H](NC(=O)CCC[C@@H](N)C(=O)O)C(=O)N2[C@H]1C(=O)O,359.4,359.12,-0.8,150.03,85.12,0.7143,0.4315,24,4,6,7,2,0,0,10,142.48,0.48,0.327,12.19,-1.121,0,0.0,0,0,2,2,2,0,2,2,2,580.857,1.873,120642.181,-1.81,18.528,6.595,3.339,4,0
CC1(C)S[C@@H]2[C@H](NC(=O)COc3ccccc3)C(=O)N2[C@H]1C(=O)[O-],349.39,349.09,-0.64,98.77,84.97,0.4375,0.7104,24,1,6,5,3,1,-1,8,142.89,0.548,0.258,12.222,-1.277,6,0.25,0,1,2,2,2,0,2,2,2,678.305,1.586,216942.392,-2.22,16.631,6.01,2.815,3,0
CC1(C)S[C@@H]2[C@H](NC(=O)Cc3ccccc3)C(=O)N2[C@H]1C(=O)O,334.4,334.1,0.86,86.71,85.8,0.4375,0.7978,23,2,4,4,3,1,0,7,137.78,0.48,0.327,12.268,-1.007,6,0.2609,0,0,2,2,2,0,2,2,2,661.304,1.665,129114.723,-2.02,15.86,5.56,2.692,3,0
CC1(C)S[C@@H]2[C@H](NC(=O)[C@@H](N=Cc3ccco3)c3ccc(O)cc3)C(=O)N2[C@H]1C(=O)O,443.48,443.12,1.78,132.44,112.81,0.3333,0.4578,31,3,7,6,4,2,0,10,181.69,0.508,0.327,13.088,-1.067,11,0.3548,0,0,2,2,3,1,2,2,2,1033.894,1.548,8981068.04,-3.27,20.981,7.768,3.784,4,0
CC1(C)S[C@@H]2[C@H](NC(=O)[C@H](C(=O)[O-])c3ccsc3)C(=O)N2[C@H]1C(=O)[O-].[Na+].[Na+],428.4,428.01,-8.11,129.67,85.1,0.4667,0.2801,27,1,8,5,3,1,0,12,207.57,1.0,0.549,12.361,-1.563,5,0.1852,2,2,2,2,3,1,2,2,2,757.498,0.0,330222.758,-0.07,24.967,9.166,4.425,4,0
CC1(C)S[C@@H]2[C@H](NC(=O)[C@H](N)C3=CCC=CC3)C(=O)N2[C@H]1C(=O)O,351.43,351.13,0.22,112.73,90.09,0.5625,0.4933,24,3,5,4,3,0,0,8,143.87,0.48,0.327,12.359,-1.024,0,0.0,0,0,3,2,2,0,2,2,2,657.708,1.675,206112.986,-1.8,17.037,5.928,2.631,4,0
CC1(C)S[C@@H]2[C@H](NC(=O)[C@H](N)c3ccc(O)cc3)C(=O)N2[C@H]1C(=O)O.O.O.O,419.46,419.14,-2.45,227.46,101.54,0.4375,0.3844,28,4,6,4,3,1,0,12,164.36,0.508,0.327,12.348,-1.057,6,0.2143,0,0,2,2,2,0,2,2,2,741.91,0.0,291485.63,-2.38,25.62,8.75,4.051,4,0
CC1(C)S[C@@H]2[C@H](NC(=O)[C@H](N)c3ccccc3)C(=O)N2[C@H]1C(=O)O,349.41,349.11,0.32,112.73,89.03,0.4375,0.6749,24,3,5,4,3,1,0,8,143.12,0.48,0.327,12.334,-1.033,6,0.25,0,0,2,2,2,0,2,2,2,693.823,1.711,206112.986,-2.06,16.786,5.784,2.552,4,0
CC1(C)S[C@@H]2[C@H](NC(=O)[C@H](N)c3ccccc3)C(=O)N2[C@H]1C(=O)O.CC1(C)[C@H](C(=O)O)N2C(=O)C[C@H]2S1(=O)=O,582.66,582.15,-0.48,204.48,138.7,0.5417,0.3265,39,4,9,5,5,1,0,15,228.54,0.48,0.328,12.334,-3.568,6,0.1538,0,0,4,4,4,0,4,4,3,1348.303,0.0,149412800.699,-3.17,28.828,9.484,4.356,6,0
CC1(C)S[C@@H]2[C@H](NC(=O)[C@H](N)c3ccccc3)C(=O)N2[C@H]1C(=O)OC1OC(=O)c2ccccc21,481.53,481.13,1.65,128.03,122.08,0.3333,0.4874,34,2,8,5,5,2,0,10,199.5,0.419,0.342,13.163,-1.16,12,0.3529,0,0,3,2,3,0,3,2,2,1186.241,1.284,49278166.668,-3.37,22.424,8.138,3.535,5,1
CC1(C)S[C@@H]2[C@H](NC(=O)[C@H](NC(=O)Cc3ccc(C4=NCCCN4)cc3)c3ccccc3)C(=O)N2[C@H]1C(=O)O,549.65,549.2,1.46,140.2,147.15,0.3929,0.3656,39,4,7,8,5,2,0,11,230.18,0.48,0.327,13.423,-1.071,12,0.3077,0,0,3,2,3,0,3,2,3,1313.384,1.265,515144228.953,-3.86,26.735,10.72,5.357,4,0
CC1(C)S[C@@H]2[C@H](NC(=O)[C@H](NC(=O)N3CCN(S(C)(=O)=O)C3=O)c3ccccc3)C(=O)N2[C@H]1C(=O)O,539.59,539.11,-0.23,173.5,127.03,0.4762,0.4126,36,3,8,6,4,1,0,15,210.75,0.48,0.341,13.281,-3.865,6,0.1667,0,0,3,3,3,0,3,3,6,1237.954,1.515,59644056.116,-3.33,25.754,8.957,4.362,4,0
CC1(C)S[C@@H]2[C@H](NC(=O)[C@H](NC(=O)Nc3cnc(Nc4ccc(S(N)(=O)=O)cc4)[nH]c3=O)c3ccc(O)cc3)C(=O)N2[C@H]1C(=O)O,672.7,672.14,0.36,266.01,164.62,0.2593,0.1433,46,8,11,9,5,3,0,19,264.57,0.508,0.327,13.45,-3.891,18,0.3913,0,0,2,2,3,1,2,2,4,1881.935,1.276,7351003436.958,-5.14,32.259,11.988,6.46,4,0
CC1(C)S[C@@H]2[C@H](NC(=O)[C@H](NC(=O)c3ccc(-c4ccc(S(=O)(=O)N(CCO)CCO)cc4)[nH]c3=O)c3ccc(O)cc3)C(=O)N2[C@H]1C(=O)[O-].[Na+],751.77,751.16,-4.51,249.57,176.77,0.3438,0.0715,51,6,12,13,5,3,0,19,318.13,1.0,0.548,13.593,-4.025,18,0.3529,1,1,2,2,3,1,2,2,3,1968.086,0.0,56545818131.129,-3.75,40.027,15.869,8.022,4,0
CC1(C)S[C@@H]2[C@H](NC(=O)[C@H](NS(=O)(=O)[O-])c3ccccc3)C(=O)N2[C@H]1C(=O)[O-].[Na+].[Na+],473.44,473.03,-7.92,158.77,95.05,0.4375,0.2342,30,2,8,6,3,1,0,14,221.92,1.0,0.735,12.65,-4.958,6,0.2,2,2,2,2,2,0,2,2,2,930.026,0.0,973228.484,-0.15,27.884,10.195,5.605,4,0
CC1(C)S[C@@H]2[C@H](NC(=O)c3nc4ccccc4nc3C(=O)O)C(=O)N2[C@H]1C(=O)O,416.42,416.08,0.57,149.79,101.48,0.3333,0.608,29,3,7,4,4,2,0,11,167.86,0.48,0.357,12.754,-1.419,10,0.3448,0,0,2,2,3,1,2,2,2,1087.206,1.628,2602445.425,-3.21,19.121,6.409,2.886,3,0
CC1(C)S[C@@H]2[C@H]([NH+]3C(=O)C(c4ccc(O)cc4)NC3(C)C)C(=O)N2[C@H]1C(=O)O,406.48,406.14,-0.3,111.38,101.55,0.5263,0.5102,28,4,6,3,4,1,1,9,166.42,0.508,0.336,13.293,-1.02,6,0.2143,1,0,3,3,3,0,3,3,2,868.825,1.645,1328728.096,-2.1,19.227,5.948,2.565,5,2
CC1(C)[C@H](NC(=O)/C(=N\OCC(=O)O)c2csc(N)n2)C(=O)N1OS(=O)(=O)O,437.41,437.03,-1.63,210.81,92.14,0.4167,0.1568,28,4,11,8,2,1,0,16,161.37,0.479,0.418,12.532,-4.946,5,0.1786,0,0,1,1,2,1,1,1,2,939.037,2.193,754342.279,-2.82,21.48,7.661,4.715,1,0
CC1(c2ccccc2)CC(=O)N(CN2CCOCC2)C1=O,288.35,288.15,0.99,49.85,77.52,0.5,0.7785,21,0,4,3,3,1,0,5,124.03,0.379,0.241,12.759,-0.732,6,0.2857,0,0,2,2,2,0,2,2,2,539.713,1.783,85367.168,-1.72,14.227,5.579,2.586,1,1
CC12C=CC(=O)C=C1CCC1C3CCC(O)(C(=O)CO)C3(C)CC(O)C12F,378.44,378.18,1.65,94.83,95.4,0.7143,0.6792,27,3,5,2,4,0,0,6,157.51,0.39,0.19,16.732,-1.966,0,0.0,0,0,4,3,0,0,0,0,0,774.534,1.81,1033877.204,-1.37,18.969,5.583,2.04,7,7
CC12CC(=O)[C@H]3C(CC[C@H]4C[C@H](O)CCC43C)[C@@H]1CCC2C(=O)CO,348.48,348.23,2.75,74.6,93.71,0.9048,0.8046,25,2,4,2,4,0,0,4,149.93,0.393,0.161,13.338,-0.396,0,0.0,0,0,4,4,0,0,0,0,0,586.445,1.664,517709.883,-0.74,17.663,5.884,2.395,8,4
CC12CC(Cl)[C@@]3(Cl)C(CCC4=CC(=O)C=CC43C)C1CC[C@]2(O)C(=O)CO,413.34,412.12,3.17,74.6,103.78,0.7143,0.6825,27,2,4,2,4,0,0,6,169.15,0.388,0.19,12.436,-1.562,0,0.0,0,0,4,3,0,0,0,0,0,776.143,1.81,1033877.204,-0.68,19.628,5.914,2.189,7,5
CC12CC3CC(C)(C1)CC(N)(C3)C2,179.31,179.17,2.69,26.02,54.32,1.0,0.6076,13,1,1,0,4,0,0,1,81.08,0.325,0.017,6.491,0.225,0,0.0,0,0,4,4,0,0,0,0,0,207.056,2.031,684.855,-0.04,8.283,1.977,1.092,2,2
CC12CCC(=O)C=C1CCC1C2C(O)CC2(C)C1CCC2(O)C(=O)COC(=O)CCC1CCCC1,486.65,486.3,4.3,100.9,130.21,0.8276,0.543,35,2,6,6,5,0,0,6,208.43,0.458,0.306,13.331,-1.588,0,0.0,0,0,5,4,0,0,0,0,0,918.133,1.276,83143286.236,-1.53,25.133,9.092,4.032,7,7
CC12CCC(=O)C=C1CCC1C2CCC2(C)C1CCC2(O)C(=O)CO,346.47,346.21,2.81,74.6,93.75,0.8095,0.8062,25,2,4,2,4,0,0,4,149.24,0.388,0.19,12.337,-1.364,0,0.0,0,0,4,3,0,0,0,0,0,652.281,1.681,505763.753,-1.0,17.416,5.497,2.13,6,6
CC12CCC(CC1=O)C2(C)C,152.24,152.12,2.4,17.07,44.24,0.9,0.5206,11,0,1,0,2,0,0,1,68.17,0.299,0.139,11.573,0.025,0,0.0,0,0,2,2,0,0,0,0,0,216.913,2.474,358.405,-0.33,7.326,1.701,0.605,2,2
CC12CCCCCC(Cc3ccc(O)cc31)C2N,245.37,245.18,3.11,46.25,73.71,0.625,0.7374,18,2,2,0,3,1,0,2,109.2,0.508,0.115,9.771,0.053,6,0.3333,0,0,2,1,0,0,0,0,0,456.41,2.114,14935.711,-1.02,12.036,4.27,1.743,3,3
CC12C[C@H](O)[C@@]3(F)C(CCC4=CC(=O)C=CC43C)[C@@H]1C[C@H]1O[C@@](C)(c3ccccc3)O[C@]12C(=O)CO,496.58,496.23,3.56,93.06,128.31,0.5862,0.665,36,2,6,3,6,1,0,7,209.72,0.39,0.193,17.398,-2.011,6,0.1667,0,0,5,4,1,0,1,1,0,1195.405,1.459,137845426.258,-2.19,24.164,7.438,2.647,9,3
CC12NC(Cc3ccccc31)c1ccccc12,221.3,221.12,3.15,12.03,68.92,0.25,0.7203,17,1,1,0,4,2,0,1,101.49,0.297,0.067,3.788,0.01,12,0.7059,0,0,2,0,2,0,2,0,0,588.979,2.05,17488.551,-1.6,9.432,2.991,1.074,2,2
CC1=C(C(=O)O)N2C(=O)[C@@H](NC(=O)Cc3ccc(C4=NCCCN4)cc3)[C@H]2SC1,414.49,414.14,0.73,111.1,109.53,0.4,0.6128,29,3,6,5,4,1,0,9,171.99,0.477,0.352,12.447,-1.108,6,0.2069,0,0,3,1,3,0,3,1,2,924.914,1.366,3668994.625,-2.81,19.504,7.902,3.739,2,0
CC1=C(C(=O)O)N2C(=O)[C@@H](NC(=O)[C@H](N)C3=CCC=CC3)[C@H]2SC1,349.41,349.11,0.35,112.73,89.79,0.4375,0.4985,24,3,5,4,3,0,0,8,143.18,0.477,0.352,12.336,-1.119,0,0.0,0,0,3,1,2,0,2,1,2,697.436,1.678,232419.899,-2.06,16.786,6.446,2.757,3,0
CC1=C(C(=O)O)N2C(=O)[C@@H](NC(=O)[C@H](N)c3ccc(O)c(Cl)c3)[C@H]2SC1,397.84,397.05,0.8,132.96,95.4,0.3125,0.5521,26,4,6,4,3,1,0,10,157.53,0.506,0.352,12.393,-1.165,6,0.2308,0,0,2,1,2,0,2,1,2,843.174,1.722,481909.049,-2.23,18.558,6.823,3.019,3,0
CC1=C(C(=O)O)N2C(=O)[C@@H](NC(=O)[C@H](N)c3ccc(O)cc3)[C@H]2SC1,363.4,363.09,0.15,132.96,90.39,0.3125,0.5597,25,4,6,4,3,1,0,9,147.23,0.508,0.352,12.324,-1.151,6,0.24,0,0,2,1,2,0,2,1,2,776.48,1.707,328694.87,-2.52,17.308,6.413,2.96,3,0
CC1=C(C(=O)O)N2C(=O)[C@@H](NC(=O)[C@H](N)c3cccc(NS(C)(=O)=O)c3)[C@H]2SC1,440.5,440.08,-0.18,158.9,107.2,0.3529,0.4433,29,4,7,6,3,1,0,12,171.11,0.477,0.352,12.56,-3.488,6,0.2069,0,0,2,1,2,0,2,1,2,1022.504,1.711,1558142.011,-2.57,21.146,7.688,4.233,3,0
CC1=C(C(=O)O)N2C(=O)[C@@H](NC(=O)[C@H](N)c3ccccc3)[C@H]2SC1,347.4,347.09,0.44,112.73,88.73,0.3125,0.6816,24,3,5,4,3,1,0,8,142.43,0.477,0.352,12.311,-1.128,6,0.25,0,0,2,1,2,0,2,1,2,734.098,1.714,232419.899,-2.32,16.535,6.291,2.674,3,0
CC1=C/C(O)CC(=O)Cc2nc(co2)C(=O)N2CCC=C2C(=O)OC(C(C)C)C(C)/C=C\C(=O)NC/C=C\1,525.6,525.25,2.66,139.04,138.5,0.4643,0.5338,38,2,8,1,3,1,0,10,221.66,0.457,0.355,13.123,-1.013,5,0.1316,0,0,2,0,3,1,2,0,2,1174.797,1.863,206195879.325,-3.79,28.776,13.138,7.852,3,3
CC1=C2C(c3cccc(Cl)c3)=NCCN=C2N(C)N1,274.75,274.1,2.27,39.99,78.76,0.2857,0.8533,19,1,4,1,3,1,0,5,117.02,0.301,0.153,6.085,0.704,6,0.3158,0,0,2,0,2,0,2,0,0,615.627,2.13,28172.224,-1.81,12.235,4.701,2.123,0,0
CC1=CC(=C2C=CC(=O)C=C2)NN=C1NCCN1CCOCC1,314.39,314.17,0.72,65.96,89.9,0.4118,0.8035,23,2,6,3,3,0,0,6,135.8,0.379,0.178,11.175,0.014,0,0.0,0,0,3,1,2,0,2,1,0,604.505,1.538,233489.471,-2.18,15.706,7.391,4.176,0,0
CC1=CC(=O)N2CC(=O)N(C)c3ccc(Cl)cc3C2(c2ccccc2)O1,368.82,368.09,3.28,49.85,98.64,0.2,0.7758,26,0,3,1,4,2,0,6,155.97,0.464,0.254,12.883,-1.252,12,0.4615,0,0,2,0,2,0,2,0,2,941.327,2.114,906393.557,-2.79,16.666,5.883,2.312,1,1
CC1=CCC2C3Cc4ccc(O)c5c4C2(CCN3C)C1O5,283.37,283.16,2.62,32.7,80.8,0.5556,0.743,21,1,3,0,5,1,0,3,124.77,0.504,0.166,10.29,0.109,6,0.2857,0,0,4,1,2,0,2,1,0,680.041,1.847,132503.362,-1.48,12.103,3.64,1.214,4,4
CC1=C[C@H]2[C@@H]3C[C@@H](C)[C@](O)(C(=O)COC(=O)c4cccc(S(=O)(=O)O)c4)[C@@]3(C)C[C@H](O)[C@@H]2[C@@]2(C)Cc3cnn(-c4ccccc4)c3C=C12,672.8,672.25,4.84,156.02,176.59,0.4324,0.2464,48,3,9,6,7,3,0,11,279.43,0.454,0.338,13.9,-4.549,17,0.3542,0,0,4,2,1,1,0,0,0,2001.301,1.176,44151640860.656,-3.9,32.638,11.062,4.693,8,0
CC1=NN(c2ccccc2)C(=O)C1,174.2,174.08,1.8,32.67,51.65,0.2,0.6385,13,0,2,1,2,1,0,3,76.67,0.272,0.253,11.396,0.045,6,0.4615,0,0,1,0,1,0,1,0,1,356.447,2.326,1451.645,-1.64,7.981,3.012,1.448,0,0
CC1=Nc2ccccc2CC(c2ccccc2)N1C,250.34,250.15,3.97,15.6,79.86,0.2353,0.7475,19,0,2,1,3,2,0,2,113.96,0.356,0.102,4.739,0.355,12,0.6316,0,0,1,0,1,0,1,0,0,601.669,2.063,34407.362,-2.09,11.97,4.884,2.26,1,1
CC1C2Cc3ccc(O)cc3C1(C)CCN2C,231.34,231.16,2.55,23.47,69.36,0.6,0.7415,17,1,2,0,3,1,0,2,103.26,0.508,0.115,9.728,0.24,6,0.3529,0,0,2,1,1,0,1,1,0,456.235,2.16,8479.177,-1.02,11.092,3.486,1.432,3,3
CC1C2Cc3ccc(O)cc3C1(C)CCN2CC1CC1,271.4,271.19,3.33,23.47,81.03,0.6667,0.8916,20,1,2,2,4,1,0,2,121.35,0.508,0.115,9.855,0.247,6,0.3,0,0,3,2,1,0,1,1,0,536.22,1.714,87343.311,-1.02,12.7,4.237,1.807,3,3
CC1C2Cc3ccc(O)cc3C1(C)CCN2CCc1ccccc1,321.46,321.21,4.16,23.47,98.45,0.4545,0.9174,24,1,2,3,4,2,0,2,144.68,0.508,0.115,9.938,0.195,12,0.5,0,0,2,1,1,0,1,1,0,726.005,1.571,396329.488,-1.8,15.712,5.928,2.535,3,3
CC1CC(OC(=O)C2CCC(=O)N2)CC(C)(C)C1,253.34,253.17,2.02,55.4,67.84,0.8571,0.766,18,1,3,2,2,0,0,4,108.46,0.461,0.328,11.94,-0.419,0,0.0,0,0,2,2,1,0,1,1,1,350.948,1.886,10089.311,-1.06,13.374,4.902,3.239,3,3
CC1CC2C3CC(F)(F)C4=CC(=O)C=C[C@]4(C)C3(F)C(O)CC2(C)C1(O)C(=O)CO,428.45,428.18,2.14,94.83,100.27,0.7273,0.6266,30,3,5,2,4,0,0,8,172.2,0.39,0.271,16.869,-3.488,0,0.0,0,0,4,3,0,0,0,0,0,883.999,1.907,2905236.357,-1.51,21.712,6.045,2.198,8,7
CC1CC2C3CC(F)C4=CC(=O)C=CC4(C)C3(F)C(O)CC2(C)C1(O)C(=O)CCl,428.9,428.16,3.09,74.6,103.86,0.7273,0.6627,29,2,4,2,4,0,0,7,173.55,0.39,0.179,16.889,-2.211,0,0.0,0,0,4,3,0,0,0,0,0,842.669,1.87,2207587.168,-1.11,21.135,6.206,2.258,9,9
CC1CC2C3CC(F)C4=CC(=O)C=CC4(C)C3(F)C(O)CC2(C)C1(O)C(=O)SCF,444.52,444.16,3.47,74.6,106.7,0.7273,0.6824,30,2,5,2,4,0,0,8,177.53,0.39,0.223,16.916,-2.26,0,0.0,0,0,4,3,0,0,0,0,0,861.321,1.843,3517345.317,-1.12,22.087,6.688,2.385,9,9
CC1CC2C3CCC4=CC(=O)C=CC4(C)[C@@]3(F)C(O)CC2(C)[C@@]1(O)C(=O)CCl,410.91,410.17,3.14,74.6,103.58,0.7273,0.6856,28,2,4,2,4,0,0,6,169.38,0.39,0.179,16.882,-1.951,0,0.0,0,0,4,3,0,0,0,0,0,808.358,1.838,1500075.637,-1.04,20.242,5.99,2.082,8,6
CC1CCCC1,84.16,84.09,2.2,0.0,27.63,1.0,0.4218,6,0,0,0,1,0,0,0,39.56,0.063,0.044,2.34,1.046,0,0.0,0,0,1,1,0,0,0,0,0,33.303,2.184,33.549,0.0,4.167,1.633,0.735,0,0
CC1CCN(CCCC(=O)c2ccc(F)cc2)CC1,263.36,263.17,3.52,20.31,74.8,0.5625,0.7575,19,0,2,5,2,1,0,3,114.16,0.303,0.162,12.759,-0.293,6,0.3158,0,0,1,1,1,0,1,1,0,407.262,1.704,22333.767,-1.22,14.195,6.805,4.425,0,0
CC1CN(C)CC2Cc3c(ccc4ccccc34)OC12O,283.37,283.16,2.66,32.7,83.38,0.4444,0.8066,21,1,3,0,4,2,0,3,124.69,0.462,0.216,11.047,-1.026,10,0.4762,0,0,2,1,2,0,2,1,0,698.678,1.848,86607.103,-1.58,13.109,4.455,1.878,3,3
CC1CN(CCCn2c3ccccc3c3ccccc32)CC(C)N1,321.47,321.22,3.87,20.2,102.56,0.4286,0.7871,24,1,3,4,4,3,0,3,143.8,0.34,0.049,3.615,0.599,13,0.5417,0,0,1,1,2,1,1,1,0,772.088,1.536,522016.192,-1.84,15.674,6.577,2.941,2,2
CC1COC2(c3ccccc3Cl)c3cc(Cl)ccc3NC(=O)CN12,363.24,362.06,3.87,41.57,94.43,0.2778,0.8365,24,1,3,1,4,2,0,6,149.86,0.35,0.238,12.403,-0.933,12,0.5,0,0,2,1,2,0,2,1,1,826.416,2.056,384079.214,-1.59,15.91,5.742,2.254,2,2
CC1COc2c(N3CCN(C)CC3)c(F)cc3c(=O)c(C(=O)O)cn1c23,361.37,361.14,1.54,75.01,95.04,0.4444,0.8747,26,1,6,2,4,2,0,8,148.73,0.487,0.341,14.984,-1.315,10,0.3846,0,0,2,1,3,1,2,1,0,963.288,2.004,825393.74,-2.61,16.837,5.98,2.438,1,1
CC1NC(=O)C(NC(=O)c2ncccc2O)C(C)OC(=O)C(c2ccccc2)NC(=O)C2CC(=O)CCN2C(=O)C(Cc2ccc(N(C)C)cc2)N(C)C(=O)C2CCCN2C1=O,852.95,852.38,0.88,227.96,223.15,0.4318,0.2537,62,4,12,6,6,3,0,18,358.49,0.505,0.333,14.916,-1.684,18,0.2903,0,0,3,3,4,1,3,3,6,2202.147,1.421,33541193168329.36,-6.85,44.696,19.247,9.848,7,7
CC1NC(=O)COC1c1ccccc1,191.23,191.09,1.26,38.33,52.74,0.3636,0.7254,14,1,2,1,2,1,0,3,83.08,0.362,0.246,11.014,-0.037,6,0.4286,0,0,1,1,1,0,1,1,1,323.319,2.155,2039.484,-1.35,9.215,3.799,1.773,2,2
CC1NCCOC1c1ccccc1,177.25,177.12,1.74,21.26,52.6,0.4545,0.7051,13,1,2,1,2,1,0,2,78.91,0.371,0.098,5.714,0.218,6,0.4615,0,0,1,1,1,0,1,1,0,260.053,2.151,1459.757,-0.86,8.726,3.899,1.899,2,2
CC1OC(C)OC(C)O1,132.16,132.08,1.09,27.69,31.64,1.0,0.4934,9,0,3,0,1,0,0,3,54.9,0.324,0.161,5.112,-0.135,0,0.0,0,0,1,1,1,0,1,1,0,69.284,2.341,85.757,-0.12,6.993,2.643,1.93,0,0
CC1OC(OC2CC(O)(C(=O)CO)Cc3c(O)c4c(c(O)c32)C(=O)c2ccccc2C4=O)CC(N)C1O,513.5,513.16,-0.01,196.84,125.2,0.4231,0.2567,37,6,11,4,5,2,0,11,210.6,0.507,0.198,13.343,-2.216,12,0.3243,0,0,3,1,1,0,1,1,0,1310.921,1.668,152156625.294,-3.19,25.459,8.978,3.861,6,6
CC1OC(O[C@@H]2C=C3CC[C@@H]4[C@H](CC[C@]5(C)[C@@H](c6ccc(=O)oc6)CC[C@]45O)[C@@]3(C)CC2)C(O)C(O)C1O,530.66,530.29,3.01,129.59,138.11,0.7667,0.4391,38,4,8,3,6,1,0,8,223.21,0.431,0.335,12.4,-1.305,6,0.1579,0,0,5,4,2,1,1,1,0,1126.812,1.211,366442453.656,-1.55,26.661,9.248,3.82,12,5
CC1OC2(CCCCC2Oc2cccc(Cl)c2)NC1=O,295.77,295.1,2.89,47.56,75.76,0.5333,0.9124,20,1,3,2,3,1,0,5,122.95,0.485,0.251,11.787,-0.683,6,0.3,0,0,2,2,1,0,1,1,1,521.595,1.811,46373.755,-1.26,13.711,5.261,2.499,3,3
CC1Oc2ccccc2CC1N(C)C,191.27,191.13,1.94,12.47,57.71,0.5,0.6723,14,0,2,1,2,1,0,2,85.49,0.489,0.123,5.864,0.278,6,0.4286,0,0,1,0,1,0,1,0,0,321.853,2.266,1786.465,-1.02,9.532,3.618,1.62,2,2
CC1[C@H]2C(=O)c3ccc(O)cc3[C@]1(C)CCN2CC1CC1,285.39,285.17,2.97,40.54,81.66,0.6111,0.9079,21,1,3,2,4,1,0,3,125.51,0.508,0.18,12.98,0.007,6,0.2857,0,0,3,2,1,0,1,1,0,607.236,1.792,132365.136,-1.35,13.322,4.325,1.865,3,1
CC=CCC(C)C(O)C1C(=O)NC(CC)C(=O)N(C)CC(=O)N(C)C(CC(C)C)C(=O)NC(C(C)C)C(=O)N(C)C(CC(C)C)C(=O)NC(C)C(=O)NC(C)C(=O)N(C)C(CC(C)C)C(=O)N(C)C(CC(C)C)C(=O)N(C)C(C(C)C)C(=O)N1C,1202.63,1201.84,3.27,278.8,328.44,0.7903,0.1479,85,5,12,15,1,0,0,23,508.39,0.39,0.246,15.13,-1.61,0,0.0,0,0,1,1,1,0,1,1,11,2325.076,4.32,77044971053155344,-6.13,76.883,34.872,21.656,12,12
CCC(=O)C(CC(C)N(C)C)(c1ccccc1)c1ccccc1,309.45,309.21,4.29,20.31,96.73,0.381,0.7601,23,0,2,7,2,2,0,2,139.69,0.307,0.147,13.174,-0.582,12,0.5217,0,0,0,0,0,0,0,0,0,579.305,2.661,150691.853,-1.93,17.424,7.561,3.533,1,1
CCC(=O)C(CCN(C)C)(c1ccccc1)c1ccccc1,295.43,295.19,3.9,20.31,92.13,0.35,0.7718,22,0,2,7,2,2,0,2,133.33,0.309,0.147,13.029,-0.554,12,0.5455,0,0,0,0,0,0,0,0,0,550.119,2.607,99549.97,-1.93,16.441,7.368,3.279,0,0
CCC(=O)C(c1ccccc1)(c1ccccc1)C(C)CN(C)C,309.45,309.21,4.15,20.31,96.68,0.381,0.7656,23,0,2,7,2,2,0,2,139.69,0.309,0.147,13.239,-0.596,12,0.5217,0,0,0,0,0,0,0,0,0,579.305,2.712,144585.631,-1.93,17.424,7.561,3.374,1,1
CCC(=O)C1(N2CCCCC2)CCN(CCCC(=O)c2ccc(F)cc2)CC1,388.53,388.25,4.09,40.62,109.09,0.6522,0.6292,28,0,4,8,3,1,0,5,167.63,0.303,0.162,12.979,-0.316,6,0.2143,0,0,2,2,2,0,2,2,0,659.685,1.485,2388176.975,-1.59,21.127,9.748,4.87,0,0
CCC(=O)C1(O)CCC2C3CCC4=CC(=O)CCC4(C)C3C(O)CC21C,360.49,360.23,3.2,74.6,98.35,0.8182,0.7929,26,2,4,2,4,0,0,4,155.6,0.393,0.164,12.612,-1.294,0,0.0,0,0,4,3,0,0,0,0,0,681.63,1.735,715692.138,-1.0,18.367,5.747,2.147,7,7
CCC(=O)C1(c2cccc(O)c2)CCN(C)CC1,247.34,247.16,2.33,40.54,71.81,0.5333,0.8909,18,1,3,3,2,1,0,3,108.43,0.508,0.143,12.407,-0.389,6,0.3333,0,0,1,1,1,0,1,1,0,433.875,2.393,12544.648,-1.35,13.09,5.105,2.274,0,0
CCC(=O)N(c1ccc(Cl)c(Cl)c1)[C@@H]1CCC[C@H]1N(C)C,329.27,328.11,4.22,23.55,89.35,0.5625,0.8257,21,0,2,4,2,1,0,5,136.36,0.308,0.227,12.495,0.132,6,0.2857,0,0,1,1,0,0,0,0,1,518.998,2.382,58516.669,-0.77,16.598,6.993,3.527,2,0
CCC(=O)N(c1ccccc1)C1(C(=O)OC)CCN(CCC(=O)OC)CC1,376.45,376.2,2.0,76.15,101.27,0.55,0.6777,27,0,6,7,2,1,0,7,159.77,0.469,0.332,12.834,-1.037,6,0.2222,0,0,1,1,1,0,1,1,1,653.596,2.269,1016271.501,-2.41,20.897,9.504,4.657,0,0
CCC(=O)N(c1ccccc1)C1(C(=O)OC)CCN(CCc2ccccc2)CC1,394.52,394.23,3.68,49.85,114.79,0.4167,0.6725,29,0,4,7,3,2,0,5,172.82,0.467,0.332,12.975,-0.952,12,0.4138,0,0,1,1,1,0,1,1,1,799.39,1.787,4162808.407,-2.66,21.059,9.7,4.675,0,0
CCC(=O)N(c1ccccc1)C1(COC)CCN(CCc2cccs2)CC1,386.56,386.2,4.21,32.78,112.52,0.5,0.6811,27,0,4,8,3,2,0,5,166.3,0.382,0.227,12.913,-0.261,11,0.4074,0,0,1,1,2,1,1,1,1,694.368,1.735,2009597.126,-1.69,20.055,9.489,4.781,0,0
CCC(=O)N(c1ccccc1)C1(COC)CCN(CCn2nnn(CC)c2=O)CC1,416.53,416.25,1.38,85.49,114.46,0.619,0.614,30,0,8,9,3,2,0,9,176.74,0.382,0.363,12.953,-0.373,11,0.3667,0,0,1,1,2,1,1,1,1,870.367,1.715,6839941.261,-2.52,22.172,9.992,4.622,0,0
CCC(=O)N(c1ccccc1)C1CCN(CCc2ccccc2)CC1,336.48,336.22,4.14,23.55,103.83,0.4091,0.7915,25,0,2,6,3,2,0,3,150.81,0.309,0.226,12.516,0.23,12,0.48,0,0,1,1,1,0,1,1,1,648.242,1.568,706283.015,-2.13,17.685,8.816,4.698,0,0
CCC(=O)N(c1ccccc1)[C@]1(C(=O)OC)CCN(CCc2ccccc2)C[C@@H]1C,408.54,408.24,3.93,49.85,119.33,0.44,0.6517,30,0,4,7,3,2,0,5,179.18,0.467,0.332,13.186,-0.994,12,0.4,0,0,1,1,1,0,1,1,1,839.987,1.859,6058263.549,-2.66,22.035,9.897,4.411,2,0
CCC(=O)N(c1ccccc1F)C1(c2ccccc2)CCN(CCn2nnn(CC)c2=O)CC1.[Cl-].[H+],503.02,502.23,0.15,76.26,129.04,0.44,0.4381,35,0,7,8,4,3,0,10,211.76,1.0,1.0,14.98,-0.658,17,0.4722,1,1,1,1,2,1,1,1,1,1180.547,0.0,62922457.296,-3.04,26.563,11.593,5.305,0,0
CCC(=O)N1CCN(C(=O)OC2C3=C(SCCS3)C(=O)N2c2ccc3ccc(Cl)nc3n2)CC1,520.04,519.08,3.34,95.94,132.69,0.4091,0.5697,34,0,8,3,5,2,0,12,209.38,0.42,0.412,13.361,-0.896,10,0.2941,0,0,3,1,5,2,3,1,3,1201.031,1.403,73380416.147,-2.5,23.252,9.63,4.317,1,1
CCC(=O)Nc1ccc(O)cc1,165.19,165.08,1.74,49.33,47.03,0.2222,0.6556,12,2,2,2,1,1,0,3,71.03,0.508,0.224,10.893,-0.027,6,0.5,0,0,0,0,0,0,0,0,1,266.362,2.645,534.287,-1.51,8.585,3.759,2.268,0,0
CCC(=O)OC1(c2ccccc2)CCN(C)CC1C,261.36,261.17,2.81,29.54,75.78,0.5625,0.7836,19,0,3,3,2,1,0,3,115.11,0.454,0.306,11.85,-0.457,6,0.3158,0,0,1,1,1,0,1,1,0,431.635,2.354,20447.217,-1.35,14.067,5.742,2.812,2,2
CCC(=O)OC1CC(=O)OC(C)C/C=C/C=C\C(O)C(C)CC(CC=O)C(O[C@@H]2O[C@H](C)[C@@H](O[C@H]3C[C@@](C)(O)[C@H](OC(=O)CC)[C@@H](C)O3)[C@H](N(C)C)[C@H]2O)C1OC,813.98,813.45,2.77,206.05,205.3,0.8049,0.1472,57,3,16,12,3,0,0,16,336.64,0.462,0.309,13.31,-1.49,0,0.0,0,0,3,2,3,0,3,2,0,1354.983,2.015,684943705839.999,-2.8,48.568,22.537,13.617,16,7
CCC(=O)OCC(=O)[C@@]1(OC(=O)CC)[C@@H](C)C[C@H]2[C@@H]3CCC4=CC(=O)C=C[C@]4(C)[C@@]3(Cl)[C@@H](O)C[C@@]21C,521.05,520.22,4.09,106.97,133.02,0.7143,0.4149,36,1,7,6,4,0,0,8,217.16,0.457,0.306,13.856,-1.548,0,0.0,0,0,4,3,0,0,0,0,0,1048.498,1.802,63315769.573,-1.99,27.056,9.087,3.483,8,0
CCC(=O)OCC(=O)[C@@]1(OC(=O)CC)[C@@H](C)C[C@H]2[C@@H]3CCC4=CC(=O)C=C[C@]4(C)[C@@]3(F)[C@@H](O)C[C@@]21C,504.6,504.25,3.82,106.97,128.27,0.7143,0.5482,36,1,7,6,4,0,0,8,211.02,0.457,0.306,17.359,-2.055,0,0.0,0,0,4,3,0,0,0,0,0,1048.498,1.802,63315769.573,-2.35,26.706,8.891,3.39,8,0
CCC(=O)OCC(=O)[C@@]1(OC(=O)CC)[C@H](C)C[C@H]2[C@H]3[C@H]([C@@H](O)C[C@@]21C)[C@@]1(C)C=CC(=O)C=C1C[C@H]3Cl,521.05,520.22,3.94,106.97,132.95,0.7143,0.4172,36,1,7,6,4,0,0,8,217.16,0.457,0.306,13.858,-1.545,0,0.0,0,0,4,3,0,0,0,0,0,1032.916,1.794,63791005.838,-1.99,27.056,9.392,3.799,9,0
CCC(=O)OCC(=O)[C@@]12OC(C)(C)O[C@@H]1CC1C3C[C@H](F)C4=CC(=O)C=CC4(C)[C@@]3(F)C(O)CC12C,508.56,508.23,3.33,99.13,123.04,0.7407,0.5819,36,1,7,4,5,0,0,9,208.77,0.458,0.305,17.338,-2.268,0,0.0,0,0,5,4,1,0,1,1,0,1083.993,1.597,69800386.821,-1.97,25.67,7.772,3.021,9,5
CCC(=O)O[C@H]1[C@H](C)O[C@@H](O[C@@H]2C(C)C(=O)O[C@H](C)[C@H](C)[C@H](OC(=O)CC)[C@@H](C)C(=O)[C@]3(CO3)CC(C)[C@H](O[C@@H]3O[C@H](C)C[C@H](N(C)C)[C@H]3O)[C@H]2C)C[C@@H]1OC,800.0,799.47,3.83,178.12,201.95,0.9024,0.1915,56,1,15,10,4,0,0,15,332.54,0.462,0.311,14.395,-1.16,0,0.0,0,0,4,4,4,0,4,4,0,1340.862,1.771,894806380661.145,-2.24,46.45,19.675,10.677,18,2
CCC(=O)O[C@](Cc1ccccc1)(c1ccccc1)[C@H](C)CN(C)C,339.48,339.22,4.28,29.54,102.37,0.4091,0.6726,25,0,3,8,2,2,0,3,151.17,0.453,0.306,12.345,-0.681,12,0.48,0,0,0,0,0,0,0,0,0,654.242,2.526,360052.704,-2.13,19.198,8.816,4.925,2,0
CCC(=O)O[C@](Cc1ccccc1)(c1ccccc1)[C@H](C)CN(C)C.[Cl-].[H+],375.94,375.2,1.39,29.54,103.48,0.4091,0.653,26,0,3,8,2,2,0,4,164.81,1.0,1.0,12.345,-0.681,12,0.4444,1,1,0,0,0,0,0,0,0,666.528,0.0,360052.704,-1.84,22.201,10.343,5.582,2,0
CCC(=O)O[C@]1(C(=O)CCl)[C@@H](C)C[C@H]2[C@@H]3CCC4=CC(=O)C=C[C@]4(C)[C@@]3(F)[C@@H](O)C[C@@]21C,466.98,466.19,4.1,80.67,117.74,0.72,0.498,32,1,5,4,4,0,0,7,192.96,0.45,0.306,17.185,-1.993,0,0.0,0,0,4,3,0,0,0,0,0,929.293,1.85,9958957.039,-1.53,23.622,7.491,2.684,8,0
CCC(=O)O[C@]1(C(=O)COC(C)=O)CC[C@H]2[C@@H]3CCC4=CC(=O)CC[C@]4(C)[C@H]3[C@@H](O)C[C@@]21C,460.57,460.25,3.31,106.97,118.85,0.7692,0.6273,33,1,7,5,4,0,0,7,194.82,0.458,0.306,13.494,-1.411,0,0.0,0,0,4,3,0,0,0,0,0,906.316,1.72,17526330.022,-2.02,24.116,8.329,3.579,7,0
CCC(=O)O[C@]1(C(=O)COC(C)=O)CC[C@H]2[C@@H]3C[C@H](C)C4=CC(=O)C=C[C@]4(C)[C@H]3[C@@H](O)C[C@@]21C,472.58,472.25,3.34,106.97,123.31,0.7037,0.6117,34,1,7,5,4,0,0,7,200.49,0.458,0.306,13.548,-1.44,0,0.0,0,0,4,3,0,0,0,0,0,979.463,1.757,25449072.861,-2.28,24.832,8.434,3.498,8,0
CCC(=O)O[C@]1(C(=O)COC)[C@@H](C)C[C@H]2[C@@H]3CCC4=CC(=O)C=C[C@]4(C)[C@@]3(F)[C@@H](O)C[C@@]21C,462.56,462.24,3.51,89.9,118.9,0.7308,0.6292,33,1,6,5,4,0,0,7,194.13,0.45,0.306,17.252,-1.993,0,0.0,0,0,4,3,0,0,0,0,0,941.067,1.843,15844498.147,-1.86,24.27,7.839,2.937,8,0
CCC(=O)O[C@]1(C(=O)SC)[C@H](C)CC2C3C[C@H](F)C4=CC(=O)C=CC4(C)[C@@]3(F)[C@@H](O)C[C@@]21C,482.59,482.19,4.13,80.67,120.82,0.72,0.6095,33,1,6,3,4,0,0,8,196.94,0.449,0.306,17.212,-2.226,0,0.0,0,0,4,3,0,0,0,0,0,964.444,1.88,14638507.19,-1.54,24.58,7.735,2.886,9,3
CCC(=O)O[C@]1(C(=O)SCCl)[C@H](C)C[C@H]2C3C[C@H](F)C4=CC(=O)C=C[C@]4(C)[C@@]3(F)[C@@H](O)C[C@@]21C,517.03,516.15,4.7,80.67,125.61,0.72,0.4307,34,1,6,4,4,0,0,9,207.25,0.449,0.306,17.258,-2.254,0,0.0,0,0,4,3,0,0,0,0,0,986.353,1.873,23288338.556,-1.25,25.831,8.409,3.097,9,1
CCC(=O)O[C@]1(C(=O)SCF)[C@H](C)C[C@H]2[C@@H]3C[C@H](F)C4=CC(=O)C=C[C@]4(C)[C@@]3(F)[C@@H](O)C[C@@]21C,500.58,500.18,4.43,80.67,120.87,0.72,0.5756,34,1,6,4,4,0,0,9,201.11,0.449,0.306,17.219,-2.302,0,0.0,0,0,4,3,0,0,0,0,0,983.598,1.873,23288338.556,-1.61,25.482,8.219,3.01,9,0
CCC(=O)O[C@]1(c2ccccc2)CCN(C)C[C@@H]1CC,275.39,275.19,3.2,29.54,80.4,0.5882,0.7903,20,0,3,4,2,1,0,3,121.47,0.454,0.306,11.966,-0.449,6,0.3,0,0,1,1,1,0,1,1,0,445.563,2.397,35454.004,-1.35,15.047,6.4,2.877,2,0
CCC(=O)[C@@]1(C)[C@H](C)C[C@H]2[C@@H]3CCC4=CC(=O)C=C[C@]4(C)[C@H]3[C@@H](O)C[C@@]21C,370.53,370.25,4.5,54.37,105.96,0.75,0.7787,27,1,3,2,4,0,0,3,162.85,0.393,0.178,13.061,-0.433,0,0.0,0,0,4,3,0,0,0,0,0,748.725,1.777,1038833.503,-1.22,19.112,5.889,2.239,8,0
CCC(=O)c1ccc2c(c1)N(CC(C)N(C)C)c1ccccc1S2,340.49,340.16,4.83,23.55,101.78,0.35,0.7273,24,0,4,5,3,2,0,4,148.21,0.338,0.162,12.148,0.197,12,0.5,0,0,1,0,1,0,1,0,0,757.054,2.069,294106.276,-1.78,17.056,6.994,3.212,1,1
CCC(=O)c1ccc2c(c1)N(CCCN1CCN(CCO)CC1)c1ccccc1S2,425.6,425.21,3.88,47.02,123.22,0.4583,0.6479,30,1,6,8,4,2,0,6,183.21,0.395,0.162,12.293,0.197,12,0.4,0,0,2,1,2,0,2,1,0,880.505,1.463,8977264.105,-1.86,21.375,9.965,4.724,0,0
CCC(Br)(C(N)=O)C(C)C,208.1,207.03,1.67,43.09,45.98,0.8571,0.704,10,1,1,3,0,0,0,3,70.3,0.368,0.234,10.869,-0.507,0,0.0,0,0,0,0,0,0,0,0,1,135.568,4.385,105.465,-0.05,9.95,3.373,1.718,1,1
CCC(Br)(CC)C(=O)NC(=O)NC(C)=O,279.13,278.03,1.31,75.27,59.6,0.6667,0.7648,15,2,3,3,0,0,0,6,97.11,0.328,0.278,11.589,-0.793,0,0.0,0,0,0,0,0,0,0,0,4,274.531,4.355,1184.225,-0.91,14.09,5.847,4.418,0,0
CCC(Br)(CC)C(=O)NC(N)=O,237.1,236.02,1.13,72.19,49.97,0.7143,0.722,12,2,2,3,0,0,0,5,80.01,0.351,0.318,11.279,-0.814,0,0.0,0,0,0,0,0,0,0,0,3,189.845,4.318,298.231,-0.58,11.42,4.447,2.809,0,0
CCC(C(=O)NC(N)=O)c1ccccc1,206.25,206.11,1.38,72.19,57.2,0.2727,0.7836,15,2,2,3,1,1,0,4,88.47,0.351,0.318,11.573,-0.811,6,0.4,0,0,0,0,0,0,0,0,3,348.865,2.803,2180.454,-1.84,11.236,5.143,3.088,1,1
CCC(C(=O)OCCN1CCOC(c2ccccc2)C1C)c1ccccc1,367.49,367.21,4.19,38.77,106.6,0.4348,0.6882,27,0,4,7,3,2,0,4,161.65,0.464,0.313,12.518,-0.189,12,0.4444,0,0,1,1,1,0,1,1,0,704.078,1.525,1695208.156,-2.17,19.588,9.675,4.964,3,3
CCC(C(N)=O)N1CCCC1=O,170.21,170.11,-0.13,63.4,44.22,0.75,0.641,12,1,2,3,1,0,0,4,71.71,0.368,0.24,11.197,-0.396,0,0.0,0,0,1,1,1,0,1,1,2,203.235,2.647,584.564,-1.06,9.031,3.559,1.571,1,1
CCC(C)(C)C,86.18,86.11,2.44,0.0,29.75,1.0,0.4245,6,0,0,0,0,0,0,0,40.56,0.065,0.039,2.243,0.542,0,0.0,0,0,0,0,0,0,0,0,0,29.793,3.168,12.165,0.0,6.0,1.633,4.0,0,0
CCC(C)(C)C(=O)O[C@H]1C[C@@H](C)C=C2C=C[C@H](C)[C@H](CC[C@@H]3C[C@@H](O)CC(=O)O3)[C@H]21,418.57,418.27,4.59,72.83,115.45,0.76,0.6391,30,1,5,6,3,0,0,5,180.45,0.462,0.311,12.866,-0.601,0,0.0,0,0,3,1,1,0,1,1,0,706.328,1.761,3230269.854,-1.62,23.052,9.252,5.161,7,0
CCC(C)(C)O,88.15,88.09,1.17,20.23,26.59,1.0,0.5098,6,1,1,1,0,0,0,1,38.99,0.39,0.059,8.826,-0.458,0,0.0,0,0,0,0,0,0,0,0,0,33.693,3.168,12.165,-0.04,5.96,1.606,3.96,0,0
CCC(C)(CC)OC(N)=O,145.2,145.11,1.66,52.32,39.66,0.8571,0.6562,10,1,2,3,0,0,0,3,61.54,0.443,0.405,10.333,-0.689,0,0.0,0,0,0,0,0,0,0,0,1,118.775,3.925,111.997,-0.73,9.27,3.441,2.71,0,0
CCC(C)(O)C1CC23C=CC1(OC)C1Oc4c(OC)ccc5c4C12CCN(CC1CC1)C3C5,451.61,451.27,3.86,51.16,125.83,0.7143,0.666,33,1,5,6,8,1,0,5,196.63,0.493,0.166,11.704,-0.826,6,0.1818,0,0,7,3,2,0,2,1,0,1046.578,1.497,76518629.651,-1.56,20.783,6.353,2.215,7,7
CCC(C)(S(=O)(=O)CC)S(=O)(=O)CC,242.36,242.06,0.98,68.28,57.62,1.0,0.7205,14,0,4,5,0,0,0,6,86.54,0.227,0.17,11.679,-3.568,0,0.0,0,0,0,0,0,0,0,0,0,343.564,5.677,648.15,-0.1,13.9,4.182,1.954,0,0
CCC(C)=O,72.11,72.06,0.99,17.07,20.97,0.75,0.4511,5,0,1,1,0,0,0,1,32.0,0.3,0.129,9.812,0.255,0,0.0,0,0,0,0,0,0,0,0,0,38.913,2.847,9.651,-0.33,4.67,1.942,3.67,0,0
CCC(C)C(C)(COC(N)=O)COC(=O)NC(C)C,274.36,274.19,2.27,90.65,72.72,0.8462,0.7447,19,2,4,7,0,0,0,6,114.56,0.449,0.407,11.483,-0.818,0,0.0,0,0,0,0,0,0,0,0,2,307.018,4.498,7479.931,-1.46,17.54,7.862,6.883,2,2
CCC(C)C(C)(COC(N)=O)COC(N)=O,232.28,232.14,1.23,104.64,58.63,0.8,0.718,16,2,4,6,0,0,0,6,95.25,0.449,0.404,10.563,-0.839,0,0.0,0,0,0,0,0,0,0,0,2,237.204,4.466,1926.035,-1.46,14.54,6.194,4.858,1,1
CCC(C)C(CC)C(=O)NC(N)=O,186.25,186.14,1.25,72.19,50.96,0.7778,0.6932,13,2,2,4,0,0,0,4,78.87,0.351,0.318,11.373,-0.772,0,0.0,0,0,0,0,0,0,0,0,3,192.054,4.224,506.68,-1.06,11.94,5.562,3.917,2,2
CCC(C)C(CC)C(N)=O,143.23,143.13,1.54,43.09,42.43,0.875,0.637,10,1,1,4,0,0,0,2,62.8,0.369,0.22,10.753,-0.156,0,0.0,0,0,0,0,0,0,0,0,1,111.825,3.924,126.054,-0.53,9.47,4.312,2.377,2,2
CCC(C)C(N)C1=NC(C(=O)N[C@@H](CC(C)C)C(=O)N[C@H](CCC(=O)O)C(=O)N[C@H](C(=O)NCCCC[C@@H]2NC(=O)[C@H](CC(N)=O)NC(=O)[C@@H](CC(=O)O)NC(=O)[C@H](Cc3cnc[nH]3)NC(=O)[C@@H](Cc3ccccc3)NC(=O)[C@H]([C@@H](C)CC)NC(=O)[C@@H](CCCN)NC2=O)[C@@H](C)CC)CS1,1422.72,1421.75,-1.68,530.87,369.3,0.6364,0.0343,100,17,19,35,4,2,0,34,585.64,0.481,0.305,14.696,-1.999,11,0.11,0,0,2,1,3,1,2,1,12,3159.897,1.662,217043742732873342386176,-9.05,83.37,42.144,27.579,15,3
CCC(C)C1(CC)C(=O)NC(=O)NC1=O,212.25,212.12,0.79,75.27,53.86,0.7,0.6791,15,2,3,3,1,0,0,5,88.6,0.328,0.277,11.776,-1.095,0,0.0,0,0,1,1,1,0,1,1,4,291.789,3.105,1757.286,-1.39,11.683,4.002,1.619,1,1
CCC(C)CC,86.18,86.11,2.44,0.0,29.75,1.0,0.4839,6,0,0,2,0,0,0,0,40.56,0.065,0.045,2.278,0.935,0,0.0,0,0,0,0,0,0,0,0,0,19.219,2.754,19.8,0.0,6.0,3.2,2.25,0,0
CCC(C)[C@H]1O[C@]2(CC[C@@H]1C)CC1C[C@@H](C/C=C(\C)[C@@H](O[C@H]3C[C@H](OC)[C@@H](OC4C[C@H](OC)[C@@H](O)[C@H](C)O4)[C@H](C)O3)[C@@H](C)/C=C/C=C3\CO[C@@H]4[C@H](O)C(C)=C[C@@H](C(=O)O1)[C@]34O)O2.CO[C@H]1CC(O[C@H]2[C@H](C)O[C@@H](O[C@@H]3/C(C)=C/C[C@@H]4CC(C[C@]5(CC[C@H](C)[C@@H](C(C)C)O5)O4)OC(=O)[C@@H]4C=C(C)[C@@H](O)[C@H]5OC/C(=C\C=C\[C@@H]3C)[C@@]45O)C[C@@H]2OC)O[C@@H](C)[C@@H]1O,1736.18,1735.0,10.81,340.12,450.18,0.8105,0.0655,123,6,28,15,14,0,0,28,727.81,0.462,0.316,14.366,-1.822,0,0.0,0,0,14,10,12,0,12,10,0,3813.801,0.0,259092496194567999924167413069221199872,-4.1,96.456,40.726,20.805,39,5
CCC(C)n1ncn(-c2ccc(N3CCN(c4ccc(OC[C@H]5CO[C@](Cn6cncn6)(c6ccc(Cl)cc6Cl)O5)cc4)CC3)cc2)c1=O,705.65,704.24,5.58,104.7,188.18,0.3714,0.1744,49,0,12,11,7,5,0,14,293.88,0.491,0.35,12.802,-1.159,28,0.5714,0,0,2,2,4,2,2,2,0,1907.32,0.925,199522788933.967,-4.36,33.152,14.242,7.045,3,1
CCC(CC)(CNC(=O)CCCO)c1cccc(OC)c1,293.41,293.2,2.64,58.56,84.58,0.5882,0.7356,21,2,3,9,1,1,0,4,127.06,0.497,0.22,11.788,-0.08,6,0.2857,0,0,0,0,0,0,0,0,1,441.416,2.839,45028.418,-1.55,17.501,8.674,4.741,0,0
CCC(N)Cc1c[nH]c2ccccc12,188.27,188.13,2.45,41.81,60.27,0.3333,0.7629,14,2,1,3,2,2,0,2,84.12,0.361,0.046,5.941,0.272,9,0.6429,0,0,0,0,1,1,0,0,0,416.934,2.335,2626.356,-1.28,9.282,3.843,1.657,1,1
CCC(NC(=O)c1c(C)c(-c2ccccc2)nc2ccccc12)c1ccccc1,380.49,380.19,6.09,41.99,118.86,0.1538,0.455,29,1,2,5,4,4,0,3,170.98,0.345,0.252,13.467,-0.061,22,0.7586,0,0,0,0,1,1,0,0,1,1137.439,1.815,5785059.735,-3.46,18.883,8.274,3.766,1,1
CCC(O)(COC(N)=O)c1ccccc1,209.25,209.11,1.38,72.55,56.17,0.3636,0.7864,15,2,3,4,1,1,0,4,88.67,0.446,0.404,10.482,-1.156,6,0.4,0,0,0,0,0,0,0,0,1,325.865,2.804,2205.757,-1.55,11.524,4.795,2.955,1,1
CCC(O)C(CC(C)N(C)C)(c1ccccc1)c1ccccc1,311.47,311.22,4.08,23.47,97.73,0.4286,0.8325,23,1,2,7,2,2,0,2,140.33,0.392,0.067,11.087,-0.422,12,0.5217,0,0,0,0,0,0,0,0,0,539.805,2.635,150691.853,-1.64,17.71,7.76,3.65,2,2
CCC(OC(C)=O)C(CC(C)N(C)C)(c1ccccc1)c1ccccc1,353.51,353.24,4.65,29.54,107.28,0.4348,0.6468,26,0,3,8,2,2,0,3,157.54,0.461,0.302,11.909,-0.396,12,0.4615,0,0,0,0,0,0,0,0,0,642.369,2.712,561815.49,-2.13,20.185,8.996,4.336,2,2
CCC(OC(N)=O)C1CCCCC1,185.27,185.14,2.44,52.32,51.32,0.9,0.7338,13,1,2,3,1,0,0,3,79.63,0.446,0.404,10.611,-0.627,0,0.0,0,0,1,1,0,0,0,0,1,164.308,2.387,912.232,-0.73,10.351,5.098,3.247,1,1
CCC(Oc1ccccc1)C(=O)NC1C(=O)N2C1SC(C)(C)C2C(=O)O,378.45,378.12,1.48,95.94,96.81,0.5,0.7281,26,2,5,6,3,1,0,8,155.62,0.481,0.327,12.56,-1.026,6,0.2308,0,0,2,2,2,0,2,2,2,723.551,1.668,549470.909,-2.22,18.568,6.829,3.134,4,4
CCC1(C)CC(=O)NC(=O)C1,155.2,155.09,0.84,46.17,40.78,0.75,0.5702,11,1,2,1,1,0,0,3,66.16,0.296,0.227,10.916,-0.134,0,0.0,0,0,1,1,1,0,1,1,2,182.269,2.7,226.883,-0.86,8.239,2.642,1.789,0,0
CCC1(C)CC(=O)NC1=O,141.17,141.08,0.45,46.17,36.16,0.7143,0.5387,10,1,2,1,1,0,0,3,59.8,0.296,0.232,11.006,-0.433,0,0.0,0,0,1,1,1,0,1,1,2,188.045,2.8,173.496,-0.86,7.249,2.075,0.916,1,1
CCC1(C)OC(=O)N(C)C1=O,157.17,157.07,0.76,46.61,37.95,0.7143,0.5642,11,0,3,1,1,0,0,4,65.12,0.433,0.417,11.249,-0.925,0,0.0,0,0,1,1,1,0,1,1,2,213.731,2.908,275.147,-1.06,8.041,2.218,0.982,1,1
CCC1(C2=CCCCC2)C(=O)NC(=O)NC1=O,236.27,236.12,1.25,75.27,60.96,0.5833,0.5594,17,2,3,2,2,0,0,5,99.64,0.328,0.277,12.034,-1.172,0,0.0,0,0,2,1,1,0,1,1,4,391.974,2.409,7460.405,-1.65,11.824,4.313,1.751,0,0
CCC1(C2=CCCCCC2)C(=O)NC(=O)NC1=O,250.3,250.13,1.64,75.27,65.57,0.6154,0.5776,18,2,3,2,2,0,0,5,106.0,0.328,0.277,12.146,-1.182,0,0.0,0,0,2,1,1,0,1,1,4,405.952,2.39,13058.806,-1.65,12.798,4.919,1.936,0,0
CCC1(CC)C(=O)C=CNC1=O,167.21,167.09,1.01,46.17,45.3,0.5556,0.6236,12,1,2,2,1,0,0,3,71.84,0.332,0.237,11.441,-0.797,0,0.0,0,0,1,0,1,0,1,0,1,238.913,3.048,495.595,-1.12,8.972,3.089,1.053,0,0
CCC1(CC)C(=O)NC(=O)N(C)C1=O,198.22,198.1,0.5,66.48,49.32,0.6667,0.6569,14,1,3,2,1,0,0,5,82.45,0.33,0.277,11.774,-1.053,0,0.0,0,0,1,1,1,0,1,1,4,294.432,3.115,1127.846,-1.39,10.689,3.399,1.197,0,0
CCC1(CC)C(=O)NC(=O)N(c2ccccc2)C1=O,260.29,260.12,2.08,66.48,70.48,0.3571,0.846,19,1,3,3,2,1,0,5,111.14,0.335,0.276,12.575,-1.149,6,0.3158,0,0,1,1,1,0,1,1,4,520.752,2.479,19738.311,-2.17,13.266,4.836,1.909,0,0
CCC1(CC)C(=O)NC(=O)NC1=O,184.19,184.08,0.16,75.27,44.7,0.625,0.6,13,2,3,2,1,0,0,5,75.87,0.328,0.277,11.406,-1.062,0,0.0,0,0,1,1,1,0,1,1,4,246.563,3.007,688.509,-1.39,9.696,3.16,1.299,0,0
CCC1(CC)C(=O)NC=C(C)C1=O,181.23,181.11,1.4,46.17,49.92,0.6,0.6543,13,1,2,2,1,0,0,3,78.2,0.331,0.237,11.791,-0.807,0,0.0,0,0,1,0,1,0,1,0,1,274.649,3.138,763.929,-1.12,9.964,3.322,1.281,0,0
CCC1(CC)C(=O)NCC(C)C1=O,183.25,183.13,1.13,46.17,50.2,0.8,0.6522,13,1,2,2,1,0,0,3,78.89,0.355,0.233,11.859,-0.738,0,0.0,0,0,1,1,1,0,1,1,1,231.079,3.001,763.929,-0.86,10.222,3.481,1.362,1,1
CCC1(CC)O[C@@H]2C[C@H]3C4CCC5=CC(=O)C=CC5(C)[C@@]4(F)[C@@H](O)CC3(C)[C@]2(C(=O)CO)O1,462.56,462.24,3.2,93.06,117.83,0.7692,0.6666,33,2,6,4,5,0,0,7,193.76,0.39,0.193,17.265,-1.979,0,0.0,0,0,5,4,1,0,1,1,0,954.429,1.626,24465507.178,-1.41,23.337,7.061,2.521,8,3
CCC1(CCC(C)C)C(=O)NC(=O)NC1=O,226.28,226.13,1.18,75.27,58.48,0.7273,0.7068,16,2,3,4,1,0,0,5,94.97,0.328,0.277,11.788,-1.071,0,0.0,0,0,1,1,1,0,1,1,4,303.191,2.872,2611.755,-1.39,12.678,4.634,2.23,0,0
CCC1(O)CCN2CCc3ccc(C)cc3C2C1,245.37,245.18,2.83,23.47,73.67,0.625,0.8221,18,1,2,1,3,1,0,2,109.62,0.39,0.068,10.587,-0.445,6,0.3333,0,0,2,1,2,0,2,1,0,456.41,1.964,16159.074,-0.86,12.188,4.357,1.976,2,2
CCC1(c2ccc(N)cc2)CCC(=O)NC1=O,232.28,232.12,1.35,72.19,65.21,0.3846,0.5969,17,2,3,2,2,1,0,4,100.19,0.399,0.237,12.08,-0.582,6,0.3529,0,0,1,1,1,0,1,1,2,452.992,2.401,7340.147,-1.84,11.64,4.201,1.904,1,1
CCC1(c2ccccc2)C(=O)N(COC)C(=O)N(COC)C1=O,320.35,320.14,1.33,76.15,81.25,0.4375,0.7392,23,0,5,6,2,1,0,7,134.31,0.364,0.337,12.976,-1.452,6,0.2609,0,0,1,1,1,0,1,1,4,573.748,2.6,139475.296,-2.25,17.109,6.888,2.618,0,0
CCC1(c2ccccc2)C(=O)NC(=O)N(C(=O)c2ccccc2)C1=O,336.35,336.11,2.25,83.55,89.57,0.1579,0.6882,25,1,4,3,3,2,0,6,143.99,0.338,0.276,13.138,-1.611,12,0.48,0,0,1,1,1,0,1,1,5,848.243,2.099,503425.769,-3.28,16.573,6.315,2.516,1,1
CCC1(c2ccccc2)C(=O)NC(=O)N(C)C1=O,246.27,246.1,1.04,66.48,64.72,0.3077,0.7928,18,1,3,2,2,1,0,5,104.77,0.33,0.276,12.344,-1.302,6,0.3333,0,0,1,1,1,0,1,1,4,512.227,2.583,11968.508,-2.17,12.291,4.251,1.51,1,1
CCC1(c2ccccc2)C(=O)NC(=O)N1C,218.26,218.11,1.47,49.41,59.71,0.3333,0.7641,16,1,2,2,2,1,0,4,94.25,0.325,0.309,11.975,-0.849,6,0.375,0,0,1,1,1,0,1,1,3,429.905,2.556,5359.399,-1.84,10.67,3.628,1.225,1,1
CCC1(c2ccccc2)C(=O)NC(=O)NC1=O,232.24,232.08,0.7,75.27,60.09,0.25,0.7369,17,2,3,2,2,1,0,5,98.2,0.328,0.277,11.976,-1.31,6,0.3529,0,0,1,1,1,0,1,1,4,461.784,2.536,7460.405,-2.17,11.319,4.009,1.595,0,0
CCC1(c2ccccc2)C(=O)NCNC1=O,218.26,218.11,0.54,58.2,59.56,0.3333,0.7116,16,2,2,2,2,1,0,4,94.04,0.337,0.241,11.986,-1.07,6,0.375,0,0,1,1,1,0,1,1,2,398.287,2.524,5356.941,-1.84,10.67,3.963,1.377,0,0
CCC1(c2ccccc2)CCC(=O)NC1=O,217.27,217.11,1.77,46.17,60.79,0.3846,0.7673,16,1,2,2,2,1,0,3,94.85,0.296,0.237,12.026,-0.519,6,0.375,0,0,1,1,1,0,1,1,2,413.201,2.4,5184.742,-1.64,10.864,4.082,1.622,1,1
CCC1(c2ccccc2)NC(=O)N(C)C1=O,218.26,218.11,1.47,49.41,59.71,0.3333,0.7641,16,1,2,2,2,1,0,4,94.25,0.325,0.319,12.112,-0.882,6,0.375,0,0,1,1,1,0,1,1,3,429.905,2.499,5447.203,-1.84,10.67,3.628,1.298,1,1
CCC1(c2ccccc2)NCC(=O)NC1=O,218.26,218.11,0.54,58.2,59.56,0.3333,0.7122,16,2,3,2,2,1,0,4,94.04,0.293,0.251,11.964,-0.769,6,0.375,0,0,1,1,1,0,1,1,2,416.287,2.4,5184.742,-1.68,10.825,4.058,1.609,1,1
CCC1(c2ccccc2)OCC(C2CCCCN2)O1,261.36,261.17,2.81,30.49,74.88,0.625,0.9073,19,1,3,3,3,1,0,3,114.85,0.343,0.195,6.339,-0.537,6,0.3158,0,0,2,2,2,0,2,2,0,402.47,1.745,47704.209,-0.9,13.1,5.614,2.55,3,3
CCC12CCN(CC3CC3)C(Cc3ccc(O)cc31)C2(C)C,299.46,299.22,4.11,23.47,90.26,0.7,0.9078,22,1,2,3,4,1,0,2,134.08,0.508,0.115,10.034,0.226,6,0.2727,0,0,3,2,1,0,1,1,0,589.37,1.802,202373.082,-1.02,14.565,4.737,1.89,2,2
CCC12CCN(CC3CCC3)C(Cc3ccc(O)cc31)C2(C)C,313.49,313.24,4.5,23.47,94.88,0.7143,0.8881,23,1,2,3,4,1,0,2,140.44,0.508,0.115,10.066,0.222,6,0.2609,0,0,3,2,1,0,1,1,0,603.859,1.753,145343.654,-1.02,15.504,5.24,2.101,2,2
CCC1C(=O)NC(=O)C1(C)c1ccccc1,217.27,217.11,1.63,46.17,60.72,0.3846,0.7652,16,1,2,2,2,1,0,3,94.85,0.295,0.237,11.944,-0.715,6,0.375,0,0,1,1,1,0,1,1,2,426.819,2.508,5182.546,-1.64,10.864,3.74,1.351,2,2
CCC1C(C)=NN=C(c2ccc(OC)c(OC)c2)c2cc(OC)c(OC)cc21,382.46,382.19,4.44,61.64,110.87,0.3636,0.7409,28,0,6,6,3,2,0,6,165.35,0.493,0.161,5.542,0.149,12,0.4286,0,0,1,0,1,0,1,0,0,934.374,2.257,2255014.747,-3.02,19.734,8.334,3.419,1,1
CCC1NC(=O)C(NC(=O)c2ncccc2O)C(C)OC(=O)C(c2ccccc2)NC(=O)C2CC(=O)CCN2C(=O)C(Cc2ccc(N(C)C)cc2)N(C)C(=O)C2CCCN2C1=O,866.97,866.4,1.27,227.96,227.77,0.4444,0.2465,63,4,12,7,6,3,0,18,364.86,0.505,0.333,14.962,-1.683,18,0.2857,0,0,3,3,4,1,3,3,6,2220.07,1.435,56657898690822.19,-6.85,45.672,19.898,10.273,7,7
CCCC(=O)N(C)Cc1c(-c2ccc(Cl)cc2)nc2ccccn12,341.84,341.13,4.41,37.61,97.02,0.2632,0.6888,24,0,3,5,3,3,0,5,146.24,0.34,0.222,12.177,0.144,15,0.625,0,0,0,0,2,2,0,0,1,854.679,2.051,375535.092,-2.33,16.525,7.054,3.287,0,0
CCCC(=O)Nc1ccc(OCC(O)CNC(C)C)c(C(C)=O)c1,336.43,336.2,2.37,87.66,94.62,0.5556,0.571,24,3,5,10,1,1,0,6,143.14,0.49,0.224,11.822,-0.67,6,0.25,0,0,0,0,0,0,0,0,1,557.95,2.73,131163.984,-1.92,20.125,10.051,7.103,1,1
CCCC(=O)O[C@]1(C(=O)CCl)[C@@H](C)C[C@H]2[C@@H]3CCC4=CC(=O)C=C[C@]4(C)[C@@]3(F)C(=O)C[C@@]21C,478.99,478.19,4.7,77.51,121.36,0.6923,0.4224,33,0,5,5,4,0,0,7,198.69,0.45,0.306,17.14,-2.189,0,0.0,0,0,4,3,0,0,0,0,0,987.167,1.838,15743444.898,-1.82,24.309,7.86,2.947,7,0
CCCC(=O)O[C@]1(C(=O)CO)CC[C@H]2[C@@H]3CCC4=CC(=O)CC[C@]4(C)[C@H]3[C@@H](O)C[C@@]21C,432.56,432.25,3.13,100.9,113.92,0.8,0.6475,31,2,6,5,4,0,0,6,183.97,0.45,0.306,13.074,-1.371,0,0.0,0,0,4,3,0,0,0,0,0,816.83,1.725,7603813.773,-1.53,22.656,7.803,3.159,7,0
CCCC(=O)O[C@]1(C(=O)COC(=O)CC)CC[C@H]2[C@@H]3CCC4=CC(=O)CC[C@]4(C)[C@H]3[C@@H](O)C[C@@]21C,488.62,488.28,4.09,106.97,128.09,0.7857,0.5379,35,1,7,7,4,0,0,7,207.55,0.457,0.306,13.699,-1.413,0,0.0,0,0,4,3,0,0,0,0,0,937.59,1.697,48429373.065,-2.02,26.055,9.454,4.076,7,0
CCCC(=O)O[C@]1(C(=O)COC(C)=O)CC[C@H]2[C@@H]3C[C@H](C)C4=CC(=O)CC[C@]4(C)[C@H]3[C@@H](O)C[C@@]21C,488.62,488.28,3.95,106.97,128.02,0.7857,0.5642,35,1,7,6,4,0,0,7,207.55,0.458,0.306,13.647,-1.423,0,0.0,0,0,4,3,0,0,0,0,0,952.952,1.741,40200224.797,-2.02,26.055,9.13,3.98,8,0
CCCC(=O)O[C@]1(C(=O)COC(C)=O)CC[C@H]2[C@@H]3C[C@H](F)C4=CC(=O)C=C[C@]4(C)[C@@]3(F)[C@@H](O)C[C@@]21C,508.56,508.23,3.52,106.97,124.0,0.7037,0.5473,36,1,7,6,4,0,0,9,208.82,0.458,0.306,17.248,-2.3,0,0.0,0,0,4,3,0,0,0,0,0,1052.722,1.796,58572261.213,-2.42,26.638,8.854,3.521,8,0
CCCC(=O)O[C@]1(C(=O)COC(C)=O)[C@H](C)C[C@H]2[C@@H]3CCC4=CC(=O)C=C[C@]4(C)[C@@]3(Cl)[C@@H](O)C[C@@]21C,521.05,520.22,4.09,106.97,133.02,0.7143,0.4149,36,1,7,6,4,0,0,8,217.16,0.458,0.306,13.829,-1.548,0,0.0,0,0,4,3,0,0,0,0,0,1048.498,1.812,57258371.529,-1.99,27.056,9.087,3.558,8,0
CCCC(=O)O[C@]1(C(C)=O)CCC[C@H]2[C@@H]3CCC4=CC(=O)C=C[C@]4(C)[C@H]3[C@@H](O)C[C@@]21C,428.57,428.26,4.33,80.67,117.03,0.7308,0.6744,31,1,5,4,4,0,0,5,184.85,0.45,0.306,13.098,-1.163,0,0.0,0,0,4,3,0,0,0,0,0,855.859,1.75,6332569.674,-1.75,22.444,7.684,3.179,7,0
CCCC(=O)c1ccc2c(c1)N(CCCN1CCN(C)CC1)c1ccccc1S2,409.6,409.22,4.91,26.79,121.81,0.4583,0.6057,29,0,5,7,4,2,0,5,178.42,0.34,0.162,12.494,0.247,12,0.4138,0,0,2,1,2,0,2,1,0,860.954,1.533,5177651.528,-1.82,20.453,9.33,4.682,0,0
CCCC(C(=O)c1ccc(C)cc1)N1CCCC1,245.37,245.18,3.44,20.31,75.01,0.5625,0.7406,18,0,2,5,2,1,0,2,110.0,0.293,0.179,12.591,0.097,6,0.3333,0,0,1,1,1,0,1,1,0,390.063,2.137,18910.523,-1.15,13.286,6.145,2.993,1,1
CCCC(C)(COC(N)=O)COC(N)=O,218.25,218.13,0.98,104.64,54.09,0.7778,0.6928,15,2,4,6,0,0,0,6,88.89,0.449,0.404,10.456,-0.837,0,0.0,0,0,0,0,0,0,0,0,2,212.152,4.166,1190.446,-1.46,13.54,6.104,6.589,0,0
CCCC(C)(O)C1CC23C=CC1(OC)C1Oc4c(O)ccc5c4C12CCN(C)C3C5,411.54,411.24,3.16,62.16,113.89,0.68,0.7456,30,2,5,4,7,1,0,5,178.22,0.504,0.165,11.669,-0.85,6,0.2,0,0,6,2,2,0,2,1,0,956.712,1.66,9401029.272,-1.56,19.15,5.617,1.802,7,7
CCCC(C)C,86.18,86.11,2.44,0.0,29.75,1.0,0.4839,6,0,0,2,0,0,0,0,40.56,0.065,0.047,2.253,0.898,0,0.0,0,0,0,0,0,0,0,0,0,21.219,2.627,14.834,0.0,6.0,3.2,4.0,0,0
CCCC(C)C1(CC)C(=O)NC(=O)NC1=O,226.28,226.13,1.18,75.27,58.48,0.7273,0.7068,16,2,3,4,1,0,0,5,94.97,0.328,0.277,11.892,-1.093,0,0.0,0,0,1,1,1,0,1,1,4,305.191,3.046,2793.402,-1.39,12.678,4.634,1.814,1,1
CCCC(C)C1(CC)C(=O)NC(=S)NC1=O,242.34,242.11,1.35,58.2,65.68,0.7273,0.5777,16,2,3,4,1,0,0,5,101.16,0.302,0.242,12.025,-0.96,0,0.0,0,0,1,1,1,0,1,1,2,307.946,3.046,2793.402,-0.97,13.097,4.908,1.958,1,1
CCCC(C)C1(CCSC)C(=O)NC(=S)NC1=O,288.44,288.1,1.69,58.2,78.39,0.75,0.5767,18,2,4,6,1,0,0,6,117.65,0.302,0.242,12.291,-0.971,0,0.0,0,0,1,1,1,0,1,1,2,337.987,3.043,7601.311,-0.62,15.438,6.519,2.854,1,1
CCCC(C)CC,100.2,100.13,2.83,0.0,34.36,1.0,0.5113,7,0,0,3,0,0,0,0,46.93,0.065,0.045,2.309,0.949,0,0.0,0,0,0,0,0,0,0,0,0,31.02,2.832,31.917,0.0,7.0,4.167,3.84,1,1
CCCC(CC)C1(CC)C(=O)NC(=O)NC1=O,240.3,240.15,1.58,75.27,63.09,0.75,0.7162,17,2,3,5,1,0,0,5,101.33,0.328,0.277,12.051,-1.085,0,0.0,0,0,1,1,1,0,1,1,4,318.642,3.106,4892.338,-1.39,13.674,5.294,2.185,1,1
CCCC(CC)C1(CC)C(=O)NC(=S)NC1=O,256.37,256.12,1.74,58.2,70.3,0.75,0.5817,17,2,3,5,1,0,0,5,107.53,0.302,0.242,12.184,-0.951,0,0.0,0,0,1,1,1,0,1,1,2,321.397,3.106,4892.338,-0.97,14.092,5.578,2.339,1,1
CCCC(CCC)(CCC)C(N)=O,185.31,185.18,2.86,43.09,56.35,0.9091,0.6508,13,1,1,7,0,0,0,2,81.89,0.369,0.223,11.413,-0.21,0,0.0,0,0,0,0,0,0,0,0,1,137.15,4.477,553.192,-0.53,12.47,6.005,3.37,0,0
CCCC(CCC)C(=O)O,144.21,144.12,2.29,37.3,40.94,0.875,0.6424,10,1,1,5,0,0,0,2,62.25,0.481,0.306,10.479,-0.635,0,0.0,0,0,0,0,0,0,0,0,0,93.431,3.61,134.888,-0.53,9.47,5.27,3.487,0,0
CCCC(CCC)C(=O)OCOC(=O)C(C)(C)C,258.36,258.18,3.29,52.6,69.81,0.8571,0.5191,18,0,4,7,0,0,0,4,110.03,0.428,0.314,11.741,-0.571,0,0.0,0,0,0,0,0,0,0,0,0,259.458,4.043,5095.19,-1.06,16.94,8.114,6.621,0,0
CCCC(CCC)C(N)=O,143.23,143.13,1.69,43.09,42.5,0.875,0.6249,10,1,1,5,0,0,0,2,62.8,0.369,0.22,10.702,-0.135,0,0.0,0,0,0,0,0,0,0,0,1,95.431,3.61,134.888,-0.53,9.47,5.27,3.487,0,0
CCCC(Cc1ccccc1)N1CCCC1,217.36,217.18,3.49,3.24,69.65,0.6,0.7295,16,0,1,5,2,1,0,1,99.47,0.3,0.014,2.691,0.773,6,0.375,0,0,1,1,1,0,1,1,0,287.563,1.963,8552.874,-0.82,11.659,6.049,3.084,1,1
CCCC(O)Cl,108.57,108.03,1.34,20.23,26.77,1.0,0.5297,6,1,1,2,0,0,0,2,42.93,0.378,0.128,8.318,-0.63,0,0.0,0,0,0,0,0,0,0,0,0,28.729,2.627,14.834,0.25,6.25,3.44,4.25,1,1
CCCC1(C)COB(c2ccc(C)cc2)OC1,232.13,232.16,2.54,18.46,71.49,0.5714,0.7454,17,0,2,3,2,1,0,3,104.46,0.493,0.407,5.85,-0.18,6,0.3529,0,0,1,1,1,0,1,1,0,352.99,1.968,7703.448,-0.795,12.656,5.237,3.108,0,0
CCCC1CC(C(=O)NC(C(C)O)C2OC(SC)C(O)C(O)C2O)N(C)C1,406.55,406.21,-0.86,122.49,103.24,0.9444,0.3703,27,5,8,7,2,0,0,9,164.82,0.391,0.237,12.848,-1.419,0,0.0,0,0,2,2,2,0,2,2,1,494.472,2.094,784871.983,-0.42,22.865,9.865,5.145,9,9
CCCC1O[C@@H]2C[C@H]3[C@@H]4CCC5=CC(=O)C=C[C@]5(C)[C@H]4[C@@H](O)C[C@]3(C)[C@]2(C(=O)CO)O1,430.54,430.24,2.72,93.06,112.87,0.76,0.7125,31,2,6,4,5,0,0,6,183.23,0.393,0.193,13.227,-1.201,0,0.0,0,0,5,4,1,0,1,1,0,862.074,1.554,11435336.151,-1.34,21.503,7.078,2.651,9,1
CCCCC,72.15,72.09,2.2,0.0,25.2,1.0,0.4688,5,0,0,2,0,0,0,0,34.2,0.065,0.054,2.212,1.344,0,0.0,0,0,0,0,0,0,0,0,0,7.51,2.191,11.245,0.0,5.0,4.0,4.0,0,0
CCCCC(=O)OC1(C(=O)CO)CCC2C3CCC4=CC(=O)C=CC4(C)C3C(O)CC21C,444.57,444.25,3.3,100.9,118.45,0.7308,0.6099,32,2,6,6,4,0,0,6,189.65,0.45,0.306,13.133,-1.39,0,0.0,0,0,4,3,0,0,0,0,0,873.543,1.705,12584735.829,-1.79,23.371,8.21,3.246,7,7
CCCCC(=O)O[C@]1(C(=O)CO)CCC2C3CC(F)C4=CC(=O)C=CC4(C)C3C(O)CC21C,462.56,462.24,3.25,100.9,118.73,0.7308,0.588,33,2,6,6,4,0,0,7,193.81,0.45,0.306,15.456,-1.523,0,0.0,0,0,4,3,0,0,0,0,0,910.458,1.735,18273665.556,-1.86,24.27,8.418,3.453,8,7
CCCCC(=O)O[C@]1(C(=O)CO)CCC2C3CCC4=CC(=O)CCC4(C)C3C(O)CC21C,446.58,446.27,3.52,100.9,118.54,0.8077,0.6056,32,2,6,6,4,0,0,6,190.34,0.45,0.306,13.144,-1.372,0,0.0,0,0,4,3,0,0,0,0,0,832.174,1.697,12584735.829,-1.53,23.622,8.355,3.318,7,6
CCCCC(=O)O[C@]1(C(=O)CO)[C@@H](C)C[C@H]2[C@@H]3CCC4=CC(=O)C=C[C@]4(C)[C@@]3(F)[C@@H](O)C[C@@]21C,476.59,476.26,3.64,100.9,123.34,0.7407,0.568,34,2,6,6,4,0,0,7,200.18,0.45,0.306,17.262,-2.025,0,0.0,0,0,4,3,0,0,0,0,0,956.767,1.799,26030664.98,-1.86,25.239,8.369,3.081,8,0
CCCCC(CC)CNC(=O)CC(C)O,215.34,215.19,2.09,49.33,62.61,0.9167,0.6511,15,2,2,8,0,0,0,3,93.26,0.393,0.222,11.277,-0.541,0,0.0,0,0,0,0,0,0,0,0,1,169.005,3.646,1509.298,-0.57,14.43,8.715,8.426,2,2
CCCCC/C(=N/OCCN)c1ccc(C)c(N)c1,263.38,263.2,2.84,73.63,81.28,0.5333,0.3277,19,2,4,8,1,1,0,4,115.36,0.398,0.129,5.952,0.443,6,0.3158,0,0,0,0,0,0,0,0,0,415.852,2.807,16817.979,-1.55,15.507,8.534,5.303,0,0
CCCCC1(CCOC(N)=O)C(=O)NC(=O)NC1=O,271.27,271.12,0.01,127.59,63.79,0.6364,0.5863,19,3,5,6,1,0,0,8,109.58,0.45,0.404,11.954,-1.39,0,0.0,0,0,1,1,1,0,1,1,5,387.135,2.837,11559.222,-2.12,14.939,6.166,3.427,0,0
CCCCC1C(=O)N(c2ccccc2)N(c2ccccc2)C1=O,308.38,308.15,3.79,40.62,90.87,0.2632,0.7886,23,0,2,5,3,2,0,4,135.85,0.272,0.258,12.869,-0.588,12,0.5217,0,0,1,1,1,0,1,1,2,627.531,2.022,262958.317,-2.62,15.282,6.649,2.843,0,0
CCCCCC,86.18,86.11,2.59,0.0,29.82,1.0,0.463,6,0,0,3,0,0,0,0,40.56,0.065,0.054,2.232,1.355,0,0.0,0,0,0,0,0,0,0,0,0,12.0,2.339,20.986,0.0,6.0,5.0,4.0,0,0
CCCCCC(=O)CC[C@]1(C)[C@@H]2Cc3ccc(O)cc3[C@@]1(C)CCN2C,357.54,357.27,4.85,40.54,106.69,0.6957,0.7095,26,1,3,7,3,1,0,3,158.34,0.508,0.132,12.454,0.014,6,0.2308,0,0,2,1,1,0,1,1,0,670.172,1.859,575209.121,-1.35,19.413,7.343,3.194,3,0
CCCCCC(=O)OCC(=O)C1C(C)CC2C3CC(F)C4=CC(=O)C=CC4(C)C3C(O)CC21C,474.61,474.28,4.77,80.67,126.43,0.75,0.4247,34,1,5,7,4,0,0,6,201.75,0.458,0.306,15.447,-1.233,0,0.0,0,0,4,3,0,0,0,0,0,908.473,1.54,28421716.269,-1.82,25.278,9.327,4.099,9,9
CCCCCC(C)C(C)c1cc(OC(=O)CCCN2CCCCCC2)c2c(c1)OC(C)(C)C1=C2CC(C)CC1,537.83,537.42,9.31,38.77,162.58,0.7429,0.1601,39,0,4,11,4,1,0,4,238.46,0.483,0.311,13.251,-0.328,6,0.1538,0,0,3,1,2,0,2,1,0,1001.387,1.582,412743787.965,-1.81,30.156,13.702,7.686,3,3
CCCCCC(N)C(O)(c1ccccc1)c1ccccc1,283.42,283.19,3.83,46.25,88.0,0.3684,0.7586,21,2,2,7,2,2,0,2,127.18,0.379,0.13,11.397,-1.129,12,0.5714,0,0,0,0,0,0,0,0,0,484.277,2.35,68277.462,-1.64,15.743,7.392,3.521,1,1
CCCCCC1CNC(C(=O)NC(C(C)Cl)C2OC(SC)C(O)C(O)C2O)C1,439.02,438.2,0.83,111.05,111.48,0.9474,0.2676,28,5,7,9,2,0,0,9,176.48,0.388,0.237,12.795,-1.362,0,0.0,0,0,2,2,2,0,2,2,1,498.944,1.975,1537060.61,-0.09,24.182,11.342,5.966,9,9
CCCCCCC,100.2,100.13,2.98,0.0,34.43,1.0,0.4763,7,0,0,4,0,0,0,0,46.93,0.065,0.053,2.246,1.361,0,0.0,0,0,0,0,0,0,0,0,0,19.219,2.447,35.51,0.0,7.0,6.0,6.0,0,0
CCCCCCC(=O)OCCN1CCN(CCCN2c3ccccc3Sc3ccc(C(F)(F)F)cc32)CC1,549.7,549.26,6.83,36.02,146.23,0.5517,0.2134,38,0,6,12,4,2,0,9,227.86,0.464,0.416,13.439,-4.366,12,0.3158,0,0,2,1,2,0,2,1,0,1057.604,1.231,299076166.302,-2.23,28.77,13.715,7.896,0,0
CCCCCCC(C)(C)c1cc(O)c2c(c1)OC(C)(C)[C@@H]1CCC(=O)C[C@@H]21,372.55,372.27,6.26,46.53,109.69,0.7083,0.5991,27,1,3,6,3,1,0,3,164.06,0.508,0.133,12.125,-0.311,6,0.2222,0,0,2,1,1,0,1,0,0,701.823,1.924,757271.154,-1.51,20.23,7.485,4.023,2,0
CCCCCCC(C)NN,144.26,144.16,1.81,38.05,45.54,1.0,0.3388,10,2,2,6,0,0,0,2,64.15,0.271,0.018,5.237,0.483,0,0.0,0,0,0,0,0,0,0,0,0,64.278,2.886,160.017,-0.08,9.92,7.032,6.046,1,1
CCCCCCCCCC(=O)N[C@H]1[C@H](Oc2c3cc4cc2Oc2ccc(cc2Cl)[C@@H](O[C@@H]2O[C@H](CO)[C@@H](O)[C@H](O)[C@H]2NC(C)=O)[C@@H]2NC(=O)[C@H](NC(=O)[C@@H]4NC(=O)[C@H]4NC(=O)[C@@H](Cc5ccc(c(Cl)c5)O3)NC(=O)[C@H](N)c3ccc(O)c(c3)Oc3cc(O)cc4c3)c3ccc(O)c(c3)-c3c(O[C@H]4O[C@H](CO)[C@@H](O)[C@H](O)[C@@H]4O)cc(O)cc3[C@H](C(=O)O)NC2=O)O[C@H](CO)[C@@H](O)[C@@H]1O,1879.68,1877.56,1.16,662.41,453.17,0.4205,0.0476,132,24,33,20,16,7,0,44,759.25,0.508,0.33,17.017,-2.59,42,0.3182,0,0,9,3,9,0,9,3,8,5544.104,1.035,69453183100119106318854235988977581555712,-12.05,96.018,40.981,20.732,23,0
CCCCCCCCCC(=O)OC1(c2ccc(Br)cc2)CCN(CCCC(=O)c2ccc(F)cc2)CC1,574.58,573.23,8.23,46.61,150.16,0.5484,0.1222,37,0,4,15,3,2,0,6,229.65,0.454,0.306,13.107,-0.598,12,0.3243,0,0,1,1,1,0,1,1,0,968.953,1.488,155999496.363,-2.05,29.505,15.383,9.643,0,0
CCCCCCCCCC(=O)OC1(c2ccc(Cl)cc2)CCN(CCCC(=O)c2ccc(F)cc2)CC1,530.12,529.28,8.12,46.61,147.47,0.5484,0.1327,37,0,4,15,3,2,0,6,226.08,0.454,0.306,13.103,-0.636,12,0.3243,0,0,1,1,1,0,1,1,0,968.953,1.488,155999496.363,-2.24,29.318,15.239,9.535,0,0
CCCCCCCCCC1(C)OCC(COC(N)=O)O1,287.4,287.21,3.35,70.78,77.38,0.9333,0.6254,20,1,4,10,1,0,0,5,121.68,0.447,0.404,10.54,-0.769,0,0.0,0,0,1,1,1,0,1,1,1,285.047,2.063,27562.898,-0.81,17.242,9.186,7.101,2,2
CCCCCCCCCCCCCC(=O)O[C@H]1C=C[C@H]2[C@H]3Cc4ccc(OCc5ccccc5)c5c4[C@@]2(CCN3C)[C@H]1O5,585.83,585.38,8.32,48.0,171.64,0.6053,0.1126,43,0,5,16,6,2,0,5,258.53,0.485,0.306,13.1,-0.374,12,0.2791,0,0,4,1,2,0,2,1,0,1258.093,1.079,8205277091.467,-2.79,30.245,13.885,6.249,5,0
CCCCCCCCCCCCCCCC(=O)OCCC1CCN(CCCN2c3ccccc3Sc3ccc(S(=O)(=O)N(C)C)cc32)CC1,714.1,713.43,10.06,70.16,204.55,0.675,0.0839,49,0,7,23,4,2,0,9,302.13,0.466,0.305,12.915,-3.518,12,0.2449,0,0,2,1,2,0,2,1,0,1375.332,1.074,61738830671.936,-2.07,39.712,21.331,12.888,0,0
CCCCCCCCCCCCCCCCCC(=O)OCC(=O)OCC(=O)[C@@]1(O)CC[C@H]2[C@@H]3CCC4=CC(=O)C=C[C@]4(C)[C@H]3[C@@H](O)C[C@@]21C,684.96,684.46,7.91,127.2,189.43,0.8049,0.0923,49,2,8,21,4,0,0,8,294.4,0.455,0.344,13.457,-1.733,0,0.0,0,0,4,3,0,0,0,0,0,1205.797,1.091,42697490589.078,-2.32,39.466,18.254,9.52,7,0
CCCCCCCCCCOc1c(OC)cc(C(N)=O)cc1OC,337.46,337.23,4.32,70.78,96.17,0.6316,0.5441,24,1,4,13,1,1,0,5,145.02,0.493,0.248,11.345,-0.527,6,0.25,0,0,0,0,0,0,0,0,1,477.135,2.451,189361.375,-1.91,20.135,11.599,6.686,0,0
CCCCCCCCCNc1ncnc2[nH]ccc12,260.39,260.2,4.12,53.6,80.37,0.6,0.6667,19,2,3,9,2,2,0,4,114.6,0.369,0.142,4.295,0.9,9,0.4737,0,0,0,0,2,2,0,0,0,477.705,1.644,36030.485,-1.58,13.843,7.767,4.227,0,0
CCCCCCCNC(=O)Oc1ccc2c(c1)[C@]1(C)CCN(C)[C@@H]1N2C,359.51,359.26,4.11,44.81,106.02,0.6667,0.7442,26,1,4,7,3,1,0,5,157.24,0.412,0.41,12.073,-0.35,6,0.2308,0,0,2,1,2,0,2,1,1,648.143,1.584,819518.312,-1.75,19.024,7.867,3.543,2,0
CCCCCCN1CCC(C(=O)N(C)CC)(c2ccccc2)CC1,330.52,330.27,4.08,23.55,101.25,0.6667,0.6706,24,0,2,8,2,1,0,3,147.58,0.345,0.233,13.165,-0.327,6,0.25,0,0,1,1,1,0,1,1,1,491.82,2.063,276699.25,-1.35,18.981,9.216,4.383,0,0
CCCCCCOc1nsnc1C1=CCCN(C)C1,281.43,281.16,3.22,38.25,79.64,0.7143,0.7193,19,0,5,7,2,1,0,5,119.35,0.475,0.253,5.79,0.725,5,0.2632,0,0,1,0,2,1,1,0,0,416.579,1.885,31682.537,-0.94,14.469,7.601,4.282,0,0
CCCCCCSc1nsnc1C1=CCCN(C)C1,297.49,297.13,3.93,29.02,84.87,0.7143,0.5631,19,0,5,7,2,1,0,5,124.36,0.302,0.138,4.504,1.009,5,0.2632,0,0,1,0,2,1,1,0,0,414.579,1.885,31682.537,-0.39,15.008,8.022,4.58,0,0
CCCCCNCC(N)=O,144.22,144.13,0.25,55.12,41.59,0.8571,0.525,10,2,2,6,0,0,0,3,61.98,0.369,0.231,10.192,-0.281,0,0.0,0,0,0,0,0,0,0,0,1,93.607,2.839,142.195,-0.57,9.43,6.549,7.43,0,0
CCCCCN[C@@]12C=CC(=O)[C@@H]3Oc4c(O)ccc5c4[C@@]31CCN(C)[C@@H]2C5,368.48,368.21,2.31,61.8,103.35,0.5909,0.7813,27,2,5,5,5,1,0,5,159.94,0.504,0.196,12.897,-0.542,6,0.2222,0,0,4,1,2,0,2,1,0,835.092,1.715,2260763.108,-1.85,17.262,5.822,1.991,4,0
CCCCC[C@H](O)/C=C/[C@H]1[C@H](O)CC(=O)[C@@H]1CCCCCCC(=O)O,354.49,354.24,3.48,94.83,97.24,0.8,0.3476,25,3,4,13,1,0,0,5,150.68,0.481,0.303,12.126,-0.767,0,0.0,0,0,1,1,0,0,0,0,0,431.802,2.389,271685.711,-1.2,21.842,12.202,8.634,4,0
CCCCCc1cc(O)c2c(c1)OC(C)(C)[C@@H]1CCC(C)=C[C@@H]21,314.47,314.22,5.74,29.46,95.26,0.619,0.5673,23,1,2,4,3,1,0,2,140.11,0.507,0.127,10.68,-0.177,6,0.2609,0,0,2,0,1,0,1,0,0,612.513,1.989,138339.558,-1.44,16.419,6.221,3.131,2,0
CCCCCn1ccc(=O)c(O)c1C,195.26,195.13,2.05,42.23,56.63,0.5455,0.747,14,1,3,4,1,1,0,3,84.01,0.503,0.223,11.059,-0.297,6,0.4286,0,0,0,0,1,1,0,0,0,354.795,2.783,1364.93,-1.25,10.828,4.84,2.373,0,0
CCCCN/C(=C1/C=C(Cl)C=CC1=O)c1ccccc1Cl,322.24,321.07,4.7,29.1,89.37,0.2353,0.6286,21,1,2,5,2,1,0,4,134.69,0.384,0.188,12.168,-0.071,6,0.2857,0,0,1,0,0,0,0,0,0,629.432,2.482,56356.996,-1.51,15.871,7.485,3.992,0,0
CCCCN1C(=O)C2C(=O)N(CCCCN3CCN(c4ccccc4OC)CC3)C(=O)C(C1=O)C2(C)C,512.65,512.3,2.39,90.47,139.99,0.6429,0.2701,37,0,7,10,4,1,0,9,219.24,0.495,0.242,13.338,-0.997,6,0.1622,0,0,3,3,3,0,3,3,4,995.154,1.3,150733723.567,-2.94,27.104,11.209,5.103,2,2
CCCCNC(=O)NS(=O)(=O)c1ccc(C)cc1,270.35,270.1,1.78,75.27,69.81,0.4167,0.8008,18,2,3,5,1,1,0,6,107.64,0.337,0.328,11.815,-3.775,6,0.3333,0,0,0,0,0,0,0,0,2,494.559,2.644,7718.451,-1.56,14.501,6.393,4.367,0,0
CCCCNC(=O)OCC(C)(CCC)COC(N)=O,274.36,274.19,2.41,90.65,72.81,0.8462,0.6316,19,2,4,9,0,0,0,6,114.56,0.449,0.407,11.441,-0.81,0,0.0,0,0,0,0,0,0,0,0,2,283.817,4.104,9420.633,-1.46,17.54,9.468,9.158,1,1
CCCCNCC1COc2cccc(OCC)c2O1.[Cl-].[H+],301.81,301.14,-0.27,39.72,76.41,0.6,0.7041,20,1,4,7,2,1,0,5,128.24,1.0,1.0,5.983,0.0,6,0.2857,1,1,1,0,1,0,1,0,0,406.505,0.0,26327.206,-1.13,16.923,8.926,4.459,1,1
CCCCNCC1COc2ccccc2O1,221.3,221.14,2.22,30.49,64.13,0.5385,0.7733,16,1,3,5,2,1,0,3,96.76,0.486,0.161,5.825,0.131,6,0.375,0,0,1,0,1,0,1,0,0,327.464,1.79,6475.216,-1.22,11.271,5.753,2.888,1,1
CCCCNc1c(C(=O)OCC)c(C)nc2c1cnn2CC,304.39,304.19,3.15,69.04,87.29,0.5625,0.6284,22,1,6,7,2,2,0,6,130.41,0.462,0.342,12.31,-0.336,9,0.4091,0,0,0,0,2,2,0,0,0,663.7,2.571,105252.066,-2.11,16.264,7.244,3.052,0,0
CCCCNc1c(C(=O)OCC)cnc2c1cnn2CC,290.37,290.17,2.84,69.04,82.56,0.5333,0.627,21,1,6,7,2,2,0,6,124.05,0.462,0.341,12.089,-0.352,9,0.4286,0,0,0,0,2,2,0,0,0,621.406,2.459,74071.45,-2.11,15.282,7.058,3.146,0,0
CCCCOC(=O)C(=O)C1C(C)CC2C3CC(F)C4=CC(=O)C=CC4(C)C3C(O)CC21C,446.56,446.25,3.99,80.67,117.2,0.7308,0.3924,32,1,5,5,4,0,0,6,189.02,0.46,0.374,15.395,-1.256,0,0.0,0,0,4,3,0,0,0,0,0,877.443,1.648,11007211.666,-1.82,23.342,8.194,3.406,9,9
CCCCOC(=O)C(=O)[C@H]1[C@H](C)C[C@H]2[C@@H]3C[C@H](F)C4=CC(=O)C=C[C@]4(C)[C@H]3[C@@H](O)C[C@@]21C,446.56,446.25,3.99,80.67,117.2,0.7308,0.3924,32,1,5,5,4,0,0,6,189.02,0.46,0.374,15.395,-1.256,0,0.0,0,0,4,3,0,0,0,0,0,877.443,1.648,11007211.666,-1.82,23.342,8.194,3.406,9,0
CCCCOCC(CN1C(=O)N(CC(COCCCC)OC(N)=O)C(=O)C(CC)(c2ccccc2)C1=O)OC(N)=O,578.66,578.3,2.69,180.79,147.6,0.6071,0.1954,41,2,9,18,2,1,0,13,239.92,0.442,0.404,14.065,-1.782,6,0.1463,0,0,1,1,1,0,1,1,6,980.649,2.492,557275093.757,-3.71,33.496,16.529,8.888,2,2
CCCCOCC(CN1C(=O)NC(=O)C(CC)(c2ccccc2)C1=O)OC(N)=O,405.45,405.19,1.69,128.03,103.85,0.5,0.4503,29,2,6,10,2,1,0,9,169.06,0.442,0.404,13.329,-1.546,6,0.2069,0,0,1,1,1,0,1,1,5,753.843,2.271,2112975.285,-2.94,22.35,10.015,4.917,2,2
CCCCOc1ccc(C(=O)CCN2CCCCC2)cc1.[Cl],324.87,324.17,4.61,29.54,91.94,0.6111,0.5162,22,0,3,8,2,1,0,4,139.99,0.494,0.164,12.192,0.0,6,0.2727,0,0,1,1,1,0,1,1,0,427.218,0.0,73339.832,-1.06,18.988,10.63,6.368,0,0
CCCCSc1ccc(C(SCCN(C)C)c2ccccc2)cc1,359.6,359.17,5.96,3.24,111.37,0.4286,0.3803,24,0,3,10,2,2,0,3,155.78,0.309,0.055,2.314,0.417,12,0.5,0,0,0,0,0,0,0,0,0,566.152,2.078,281343.494,-0.9,19.425,10.86,6.541,1,1
CCCC[C@@H]1CC(=O)[C@]2(O)O[C@@H]3[C@@H](NC)[C@@H](O)[C@@H](NC)[C@H](O)[C@H]3O[C@@H]2O1,374.43,374.21,-1.76,129.51,90.21,0.9412,0.3801,26,5,9,5,3,0,0,9,152.55,0.39,0.28,12.584,-2.231,0,0.0,0,0,3,3,2,0,2,2,0,521.34,1.84,601807.95,-0.65,20.094,7.765,3.202,9,0
CCCCc1nc(Cl)c(CO)n1Cc1ccc(-c2ccccc2-c2nn[nH]n2)cc1,422.92,422.16,4.27,92.51,115.92,0.2727,0.4421,30,2,6,8,4,4,0,8,179.3,0.39,0.205,9.765,-0.131,22,0.7333,0,0,0,0,2,2,0,0,0,1105.376,1.621,12079668.426,-3.03,20.251,9.192,4.126,0,0
CCCCc1oc2ccccc2c1C(=O)c1cc(I)c(OCCN(CC)CC)c(I)c1,645.32,645.02,6.94,42.68,143.42,0.4,0.1676,31,0,4,11,3,3,0,6,211.54,0.49,0.197,13.588,0.015,15,0.4839,0,0,0,0,1,1,0,0,0,1017.418,1.889,10080001.274,-1.13,24.511,11.652,5.815,0,0
CCCCn1c(=O)c2c(ncn2CC(C)=O)n(CCCC)c1=O,320.39,320.18,1.55,78.89,88.75,0.625,0.739,23,0,7,8,2,2,0,7,134.11,0.332,0.317,12.722,-0.357,9,0.3913,0,0,0,0,2,2,0,0,0,813.065,2.709,146942.64,-2.18,17.178,7.391,3.433,0,0
CCCCn1ccc(=O)c(O)c1C,181.23,181.11,1.66,42.23,52.01,0.5,0.7702,13,1,3,3,1,1,0,3,77.64,0.503,0.223,11.003,-0.301,6,0.4615,0,0,0,0,1,1,0,0,0,341.268,2.968,825.743,-1.25,9.835,4.12,2.11,0,0
CCCN(CCC)C(=O)Cc1c(-c2ccc(Cl)cc2)nc2ccc(Cl)cn12,404.34,403.12,5.5,37.61,111.51,0.3333,0.5216,27,0,3,7,3,3,0,6,169.27,0.342,0.228,12.987,0.107,15,0.5556,0,0,0,0,2,2,0,0,1,928.5,2.056,1438613.166,-2.04,19.714,8.766,4.449,0,0
CCCN(CCC)C1Cc2cccc3cc(O)cc(c23)C1,283.42,283.19,4.13,23.47,88.96,0.4737,0.8914,21,1,2,5,3,2,0,2,126.95,0.508,0.116,9.975,0.396,10,0.4762,0,0,1,0,0,0,0,0,0,628.744,1.98,75411.242,-1.54,14.399,6.065,2.774,1,1
CCCN(CCC)CCc1ccc(O)c2c1CC(=O)N2,276.38,276.18,2.55,52.57,81.17,0.5625,0.7525,20,2,3,7,2,1,0,4,120.34,0.506,0.228,11.515,-0.026,6,0.3,0,0,1,0,1,0,1,0,1,479.61,2.069,39995.628,-1.55,14.851,6.75,3.309,0,0
CCCN(CCC)CCc1cccc2c1CC(=O)N2,260.38,260.19,2.85,32.34,79.5,0.5625,0.8173,19,1,2,7,2,1,0,3,115.55,0.326,0.228,11.474,0.126,6,0.3158,0,0,1,0,1,0,1,0,1,436.375,1.998,26833.668,-1.35,14.067,6.711,3.567,0,0
CCCN(CCC)S(=O)(=O)c1ccc(C(=O)O)cc1,285.36,285.1,2.2,74.68,72.74,0.4615,0.833,19,1,3,7,1,1,0,6,113.46,0.478,0.335,12.372,-3.527,6,0.3158,0,0,0,0,0,0,0,0,0,516.079,3.065,13065.187,-1.4,15.657,6.676,3.779,0,0
CCCN(CCCCN1C(=O)CC2(CCCC2)CC1=O)C1COc2cccc(OC)c2C1.[Cl-].[H+],479.06,478.26,1.32,59.08,125.05,0.6923,0.3955,33,0,5,9,4,1,0,7,205.42,1.0,1.0,12.687,-0.013,6,0.1765,1,1,3,2,2,0,2,1,2,796.769,0.0,22866936.893,-1.79,25.826,11.565,5.831,1,1
CCCN(c1ccncc1)n1ccc2ccccc21.[Cl-].[H+],287.79,287.12,0.83,21.06,80.32,0.1875,0.7088,20,0,3,4,3,3,0,4,126.27,1.0,1.0,4.096,0.0,15,0.7143,1,1,0,0,2,2,0,0,0,669.354,0.0,47457.128,-2.0,14.41,6.438,2.63,0,0
CCCN1CC(NS(=O)(=O)N(CC)CC)CC2Cc3c(O)cccc3CC21,395.57,395.22,2.14,72.88,108.04,0.7,0.7419,27,2,4,7,3,1,0,7,163.29,0.508,0.279,12.694,-3.46,6,0.2222,0,0,2,1,1,0,1,1,0,748.839,1.811,1004979.363,-1.15,20.581,8.471,4.313,3,3
CCCN1CC=C(c2c[nH]c3ccc(Cl)cc23)CC1,274.8,274.12,4.32,19.03,82.63,0.375,0.8831,19,1,1,3,3,2,0,3,118.61,0.361,0.046,6.109,0.803,9,0.4737,0,0,1,0,2,1,1,0,0,612.237,1.907,39046.619,-1.25,12.767,5.396,2.557,0,0
CCCN1CCCC1CNC(=O)c1cc(S(N)(=O)=O)ccc1OC,355.46,355.16,0.95,101.73,91.59,0.5625,0.758,24,2,5,7,2,1,0,8,142.76,0.496,0.255,12.48,-3.874,6,0.25,0,0,1,1,1,0,1,1,1,690.563,2.11,227529.939,-1.64,18.695,7.956,4.461,1,1
CCCN1C[C@H](CSC)C[C@@H]2c3cccc4[nH]cc(c34)C[C@H]21,314.5,314.18,4.27,19.03,96.88,0.5789,0.9085,22,1,2,4,4,2,0,3,137.21,0.361,0.046,3.49,0.715,9,0.4091,0,0,2,1,2,1,1,1,0,662.499,1.751,218278.559,-0.93,14.649,5.934,2.297,3,0
CCCNC(=O)N1CC(c2ccccc2)OC1=O,248.28,248.12,2.3,58.64,66.06,0.3846,0.8925,18,1,3,3,2,1,0,5,105.73,0.439,0.418,11.705,-0.586,6,0.3333,0,0,1,1,1,0,1,1,3,433.122,2.008,17659.434,-2.04,12.418,5.53,2.612,1,1
CCCNC(=O)NS(=O)(=O)c1ccc(Cl)cc1,276.75,276.03,1.74,75.27,65.46,0.3,0.8795,17,2,3,4,1,1,0,7,105.22,0.337,0.328,11.702,-3.827,6,0.3529,0,0,0,0,0,0,0,0,2,484.777,2.75,4729.002,-1.27,13.794,5.881,4.239,0,0
CCCNC(=O)c1ccc2c(c1)N([C@@H](C)CN1CCCC1)c1ccccc1S2,395.57,395.2,4.91,35.58,116.91,0.4348,0.7535,28,1,4,6,4,2,0,5,171.85,0.352,0.251,12.545,0.014,12,0.4286,0,0,2,1,2,0,2,1,1,847.491,1.682,4050227.985,-1.98,19.341,8.579,3.915,1,0
CCCNC(=O)c1ccc2c(c1)N([C@H](C)CN1CCCC1)c1ccccc1S2,395.57,395.2,4.91,35.58,116.91,0.4348,0.7535,28,1,4,6,4,2,0,5,171.85,0.352,0.251,12.545,0.014,12,0.4286,0,0,2,1,2,0,2,1,1,847.491,1.682,4050227.985,-1.98,19.341,8.579,3.915,1,0
CCCNCC(O)COc1ccccc1C(=O)CCc1ccccc1,341.45,341.2,3.24,58.56,100.2,0.381,0.4865,25,2,4,11,2,2,0,4,149.39,0.49,0.166,12.54,-0.598,12,0.48,0,0,0,0,0,0,0,0,0,642.599,1.89,475089.978,-2.17,19.159,10.645,6.687,1,1
CCCO,60.1,60.06,0.39,20.23,17.38,1.0,0.4638,4,1,1,1,0,0,0,1,26.26,0.396,0.043,7.875,0.319,0,0.0,0,0,0,0,0,0,0,0,0,5.245,1.975,6.855,-0.04,3.96,2.96,1.96,0,0
CCCOC(=O)N1CCN(C(=O)Cc2ccc(Cl)c(Cl)c2)[C@@H](CN2CCCC2)C1,442.39,441.16,3.69,53.09,114.55,0.619,0.6746,29,0,4,6,3,1,0,8,182.22,0.449,0.409,13.093,-0.283,6,0.2069,0,0,2,2,2,0,2,2,2,725.123,1.675,4105037.604,-1.5,22.191,10.505,5.997,1,0
CCCOC(=O)c1cncn1C(C)c1ccccc1,258.32,258.14,3.06,44.12,73.06,0.3333,0.7741,19,0,4,5,2,2,0,4,112.59,0.461,0.356,11.938,-0.317,11,0.5789,0,0,0,0,1,1,0,0,0,534.088,2.218,32079.14,-2.1,13.334,6.18,3.019,1,1
CCCSc1ccc2[nH]c(NC(=O)OC)nc2c1,265.34,265.09,3.24,67.01,73.14,0.3333,0.8327,18,2,4,4,2,2,0,6,109.31,0.453,0.413,11.069,-0.533,9,0.5,0,0,0,0,1,1,0,0,1,553.246,2.194,16664.716,-1.69,12.759,5.77,2.951,0,0
CCCSc1ccc2nc(NC(=O)OC)[nH]c2c1,265.34,265.09,3.24,67.01,73.14,0.3333,0.8327,18,2,4,4,2,2,0,6,109.31,0.453,0.413,11.069,-0.533,9,0.5,0,0,0,0,1,1,0,0,1,553.246,2.194,16664.716,-1.69,12.759,5.77,2.951,0,0
CCCSc1ccccc1N1CCN(CCCCn2c(=O)[nH]c3ccccc3c2=O)CC1,452.62,452.22,3.79,61.34,134.17,0.44,0.3953,32,1,6,9,4,3,0,7,192.79,0.368,0.328,12.635,-0.318,16,0.5,0,0,1,1,2,1,1,1,0,1148.377,1.265,23553263.31,-2.51,22.676,10.877,5.272,0,0
CCC[C@@H]1C[C@@H](C(=O)NC(C(C)Cl)[C@H]2O[C@H](SC)[C@H](O)[C@@H](O)[C@H]2O)N(C)C1,424.99,424.18,0.39,102.26,106.88,0.9444,0.4383,27,4,7,7,2,0,0,9,170.33,0.388,0.237,12.901,-1.362,0,0.0,0,0,2,2,2,0,2,2,1,498.372,2.094,784871.983,-0.09,23.192,10.094,5.291,9,2
CCC[C@@H]1C[C@@H](C(=O)NC(C(C)Cl)[C@H]2O[C@H](SC)[C@H](OP(=O)(O)O)[C@@H](O)[C@H]2O)N(C)C1,504.97,504.15,0.51,148.79,117.79,0.9444,0.2219,31,5,8,9,2,0,0,13,191.78,0.47,0.388,13.01,-4.933,0,0.0,0,0,2,2,2,0,2,2,1,654.049,2.15,3716042.977,0.06,27.306,11.462,7.021,9,2
CCC[C@@H]1O[C@@H]2C[C@H]3[C@@H]4C[C@H](F)C5=CC(=O)C=C[C@]5(C)C4(F)[C@@H](O)C[C@]3(C)[C@]2(C(=O)O[C@H](C)OC(=O)OCC)O1,568.61,568.25,4.26,117.59,135.06,0.7586,0.3705,40,1,9,6,5,0,0,11,231.73,0.511,0.435,17.476,-2.31,0,0.0,0,0,5,4,1,0,1,1,0,1140.539,1.533,555182178.32,-2.37,29.134,9.873,3.83,11,1
CCC[C@@H]1O[C@@H]2C[C@H]3[C@@H]4C[C@H](F)C5=CC(=O)CC[C@]5(C)[C@@]4(F)[C@@H](O)C[C@]3(C)[C@]2(C(=O)CO)O1,468.54,468.23,2.98,93.06,113.59,0.84,0.6591,33,2,6,4,5,0,0,8,192.25,0.39,0.193,17.236,-2.142,0,0.0,0,0,5,4,1,0,1,1,0,907.328,1.612,24238349.701,-1.22,23.519,7.389,2.667,10,0
CCC[C@@](C)(O)[C@H]1CC23C=CC1(OC)[C@H]1Oc4c(OC(C)=O)ccc5c4C12CCN(C)C3C5,453.58,453.25,3.38,68.23,123.54,0.6667,0.4189,33,1,6,5,7,1,0,6,195.43,0.482,0.308,11.906,-0.881,6,0.1818,0,0,6,2,2,0,2,1,0,1064.837,1.634,35135655.794,-1.89,21.63,6.614,2.327,7,4
CCC[C@]1(c2cccc(O)c2)CCN(C)C[C@@H]1C,247.38,247.19,3.4,23.47,75.97,0.625,0.8846,18,1,2,3,2,1,0,2,110.63,0.508,0.115,9.754,0.25,6,0.3333,0,0,1,1,1,0,1,1,0,403.838,2.371,11573.962,-1.02,13.413,5.313,2.393,2,0
CCCl,64.52,64.01,1.25,0.0,16.39,1.0,0.372,3,0,0,0,0,0,0,1,25.41,0.127,0.019,4.998,0.722,0,0.0,0,0,0,0,0,0,0,0,0,2.755,1.633,2.755,0.29,3.29,2.29,2.29,0,0
CCN(C(C)=O)c1cccc(-c2ccnc3c(C#N)cnn23)c1,305.34,305.13,2.64,74.29,86.84,0.1765,0.7453,23,0,5,3,3,3,0,6,133.15,0.313,0.223,11.74,-0.004,15,0.6522,0,0,0,0,2,2,0,0,1,922.124,2.149,250265.054,-3.2,14.725,5.89,2.53,0,0
CCN(C)C(=O)Oc1cccc([C@H](C)N(C)C)c1,250.34,250.17,2.76,32.78,72.87,0.5,0.8234,18,0,3,4,1,1,0,4,109.15,0.414,0.41,11.652,-0.327,6,0.3333,0,0,0,0,0,0,0,0,1,404.535,2.796,8435.943,-1.55,14.511,6.401,3.736,1,0
CCN(CC)C(=O)C1CN2CCc3cc(OC)c(OC)cc3C2CC1OC(C)=O,404.51,404.23,2.42,68.31,109.15,0.6364,0.6786,29,0,6,6,3,1,0,7,172.44,0.493,0.302,13.128,-0.43,6,0.2069,0,0,2,1,2,0,2,1,1,761.815,1.931,2932679.286,-2.28,21.429,9.03,4.197,3,3
CCN(CC)C(=O)CNC(=O)c1cc(OC)c(OC)c(OC)c1,324.38,324.17,1.31,77.1,86.36,0.5,0.78,23,1,5,8,1,1,0,7,136.05,0.493,0.251,12.251,-0.384,6,0.2609,0,0,0,0,0,0,0,0,2,530.397,2.898,105643.549,-2.44,18.609,8.871,4.512,0,0
CCN(CC)C(=O)COc1cc2c(O)c3c(O)c(C)c4c(c13)C(=O)[C@@](C)(O/C=C/[C@H](OC)[C@@H](C)[C@@H](OC(C)=O)[C@H](C)[C@H](O)[C@H](C)[C@@H](O)[C@@H](C)/C=C/C=C(/C)C(=O)N2)O4,810.94,810.39,5.3,210.62,215.57,0.5349,0.178,58,5,13,7,5,2,0,15,338.78,0.507,0.312,14.444,-2.021,10,0.1724,0,0,3,0,3,0,3,0,2,1985.946,1.941,1617869184822.131,-5.12,45.58,18.642,9.11,9,0
CCN(CC)C(=O)N1CCN(CCCc2nc3c(c(=O)n(C)c(=O)n3C)n2C)CC1,419.53,419.26,-0.02,88.61,115.85,0.7,0.6568,30,0,8,6,3,2,0,10,175.84,0.332,0.325,12.479,-0.366,9,0.3,0,0,1,1,3,2,1,1,2,1023.665,1.587,5183363.573,-2.62,22.074,9.03,4.004,0,0
CCN(CC)C(=O)N[C@H]1C=C2c3cccc4[nH]cc(c34)C[C@H]2N(C)C1,338.46,338.21,2.84,51.37,101.64,0.45,0.9041,25,2,2,3,4,2,0,5,148.23,0.361,0.317,12.45,0.023,9,0.36,0,0,2,0,2,1,1,0,2,833.334,1.689,788088.392,-2.27,16.212,6.225,2.628,2,0
CCN(CC)C(=O)N[C@H]1C[C@@H]2c3cccc4[nH]cc(c34)C[C@H]2N(C)C1,340.47,340.23,2.93,51.37,101.02,0.55,0.9025,25,2,2,3,4,2,0,5,148.92,0.361,0.317,12.479,0.068,9,0.36,0,0,2,1,2,1,1,1,2,779.094,1.598,788088.392,-2.01,16.458,6.373,2.706,3,0
CCN(CC)C(=O)Nc1ccc(OCC(O)CNC(C)(C)C)c(C(C)=O)c1,379.5,379.25,2.89,90.9,107.64,0.6,0.5741,27,3,5,9,1,1,0,7,161.63,0.49,0.321,12.167,-0.703,6,0.2222,0,0,0,0,0,0,0,0,2,636.604,2.787,438030.539,-2.12,22.92,10.275,7.967,1,1
CCN(CC)C(=O)[C@@H]1[C@@H]2C=C[C@@H](C2)[C@H]1C(=O)N(CC)CC,292.42,292.22,2.16,40.62,83.57,0.7647,0.7039,21,0,2,6,2,0,0,4,127.72,0.343,0.227,12.833,-0.145,0,0.0,0,0,2,1,0,0,0,0,2,386.506,2.24,74885.253,-1.32,16.057,6.628,2.724,4,0
CCN(CC)C(=O)[C@]1(c2ccccc2)C[C@@H]1CN.[Cl-].[H+],282.81,282.15,-1.11,46.33,74.32,0.5333,0.7444,19,1,2,5,2,1,0,4,122.61,1.0,1.0,12.73,-0.345,6,0.3,1,1,1,1,0,0,0,0,1,425.142,0.0,22791.686,-1.06,15.996,6.397,2.627,2,0
CCN(CC)C(=O)c1cccnc1,178.24,178.11,1.56,33.2,51.49,0.4,0.7034,13,0,2,3,1,1,0,3,78.4,0.339,0.255,11.693,0.054,6,0.4615,0,0,0,0,1,1,0,0,1,267.513,2.785,1023.953,-1.38,9.706,4.598,2.276,0,0
CCN(CC)C(=S)SSC(=S)N(CC)CC,296.55,296.05,3.62,6.48,86.22,0.8,0.5731,16,0,4,4,0,0,0,6,117.91,0.357,0.147,5.341,0.921,0,0.0,0,0,0,0,0,0,0,0,0,200.859,4.042,2714.305,0.48,16.48,9.504,5.703,0,0
CCN(CC)C(C)=NN=Cc1c2c(O)c3c(O)c(C)c4c(c3c1O)C(=O)C(C)(OC=CC(OC)C(C)C(OC(C)=O)C(C)C(O)C(C)C(O)C(C)C=CC=C(C)C(=O)N2)O4,836.98,836.42,5.85,229.27,227.44,0.5227,0.0502,60,6,14,6,5,2,0,16,350.42,0.507,0.312,14.42,-2.065,10,0.1667,0,0,3,0,3,0,3,0,1,2122.941,1.998,3925652707815.631,-5.45,47.231,19.293,9.298,9,9
CCN(CC)C(C)CN1c2ccccc2Sc2ccccc21,312.48,312.17,5.02,6.48,96.4,0.3684,0.7652,22,0,3,5,3,2,0,3,137.68,0.338,0.055,2.521,0.527,12,0.5455,0,0,1,0,1,0,1,0,0,591.337,1.959,139802.901,-1.45,15.446,6.758,2.879,1,1
CCN(CC)C/C=C1/c2ccccc2Nc2cc(Cl)ccc21,312.84,312.14,5.17,15.27,96.04,0.2632,0.7146,22,1,2,4,3,2,0,3,136.96,0.354,0.048,6.156,0.758,12,0.5455,0,0,1,0,1,0,1,0,0,702.331,2.062,133715.801,-1.77,15.138,6.553,2.896,0,0
CCN(CC)CC(=O)Nc1c(C)cccc1C,234.34,234.17,2.58,32.34,72.33,0.5,0.849,17,1,2,5,1,1,0,3,103.82,0.324,0.238,11.892,0.061,6,0.3529,0,0,0,0,0,0,0,0,1,363.559,2.68,5511.135,-1.35,13.714,6.401,3.858,0,0
CCN(CC)CC(=O)OCC(=O)C1(O)CCC2C3CCC4=CC(=O)C=CC4(C)C3C(O)CC21C,473.61,473.28,2.45,104.14,126.71,0.7407,0.5475,34,2,7,7,4,0,0,7,201.77,0.457,0.32,13.27,-1.63,0,0.0,0,0,4,3,0,0,0,0,0,922.081,1.518,29964052.286,-1.83,25.269,8.992,3.802,7,7
CCN(CC)CC(=O)OCC(=O)[C@@]1(O)CC[C@H]2[C@@H]3CCC4=CC(=O)CC[C@]4(C)[C@H]3[C@@H](O)C[C@@]21C,475.63,475.29,2.67,104.14,126.8,0.8148,0.5457,34,2,7,7,4,0,0,7,202.46,0.457,0.32,13.281,-1.612,0,0.0,0,0,4,3,0,0,0,0,0,880.346,1.512,29964052.286,-1.57,25.521,9.14,3.879,7,0
CCN(CC)CC(=O)Oc1ccc(NC(C)=O)cc1,264.32,264.15,1.89,58.64,74.17,0.4286,0.6294,19,1,4,6,1,1,0,5,113.1,0.426,0.325,11.67,-0.282,6,0.3158,0,0,0,0,0,0,0,0,1,424.822,2.526,14205.669,-1.88,15.178,7.532,5.524,0,0
CCN(CC)CCC(=O)N1c2ccccc2Sc2ccc(C(F)(F)F)cc21,394.46,394.13,5.57,23.55,101.56,0.35,0.6627,27,0,3,5,3,2,0,7,160.7,0.416,0.303,13.211,-4.452,12,0.4444,0,0,1,0,1,0,1,0,1,834.217,1.999,1043685.651,-1.99,19.763,7.941,4.139,0,0
CCN(CC)CCCC(C)Nc1ccnc2cc(Cl)ccc12,319.88,319.18,4.81,28.16,96.86,0.5,0.7564,22,1,3,8,2,2,0,4,138.23,0.382,0.074,6.037,0.442,10,0.4545,0,0,0,0,1,1,0,0,0,595.902,1.954,92030.063,-1.32,17.04,8.349,4.587,1,1
CCN(CC)CCN1C(=O)CN=C(c2ccccc2F)c2cc(Cl)ccc21,387.89,387.15,4.0,35.91,108.5,0.3333,0.7505,27,0,3,6,3,2,0,6,163.81,0.309,0.248,14.422,-0.369,12,0.4444,0,0,1,0,1,0,1,0,1,864.255,2.043,1342424.557,-2.24,19.52,8.632,4.199,0,0
CCN(CC)CCN1c2ccccc2Sc2ccccc21,298.46,298.15,4.63,6.48,91.8,0.3333,0.7943,21,0,3,5,3,2,0,3,131.32,0.338,0.055,2.479,1.038,12,0.5714,0,0,1,0,1,0,1,0,0,562.172,1.91,95264.623,-1.45,14.486,6.543,2.943,0,0
CCN(CC)CCNC(=O)COc1ccc(Cl)cc1,284.79,284.13,2.18,41.57,77.74,0.5,0.7955,19,1,3,8,1,1,0,5,119.24,0.484,0.257,11.561,-0.109,6,0.3158,0,0,0,0,0,0,0,0,1,377.537,2.19,16979.381,-1.26,15.796,8.775,6.453,0,0
CCN(CC)CCNC(=O)COc1ccc(OC)cc1.[Cl-].[H+],316.83,316.16,-1.35,50.8,80.4,0.5333,0.6119,21,1,4,9,1,1,0,6,134.05,1.0,1.0,11.618,-0.104,6,0.2727,1,1,0,0,0,0,0,0,1,400.279,0.0,29771.452,-1.46,19.54,11.227,7.776,0,0
CCN(CC)CCNC(=O)c1cc(Br)c(N)cc1OC,344.25,343.09,2.11,67.59,85.23,0.5,0.7438,20,2,4,7,1,1,0,6,128.14,0.496,0.255,12.175,-0.158,6,0.3,0,0,0,0,0,0,0,0,1,461.977,2.699,23853.651,-1.27,16.783,8.114,4.384,0,0
CCN(CC)CCNC(=O)c1cc(Cl)cc(Cl)c1OC,319.23,318.09,3.07,41.57,83.14,0.5,0.8397,20,1,3,7,1,1,0,6,129.54,0.494,0.255,12.16,-0.238,6,0.3,0,0,0,0,0,0,0,0,1,462.732,2.725,22918.38,-0.97,17.083,8.346,4.545,0,0
CCN(CC)CCNC(=O)c1cc(S(C)(=O)=O)ccc1OC,328.43,328.15,1.17,75.71,86.23,0.5333,0.7751,22,1,5,8,1,1,0,7,131.93,0.496,0.255,12.257,-3.369,6,0.2727,0,0,0,0,0,0,0,0,1,609.969,2.871,51752.408,-1.6,18.449,8.143,4.994,0,0
CCN(CC)CCOC(=O)C(O)(c1ccccc1)c1ccccc1.[Cl-].[H+],363.89,363.16,-0.08,49.77,95.74,0.35,0.6667,25,1,4,8,2,2,0,5,156.88,1.0,1.0,12.733,-1.8,12,0.4615,1,1,0,0,0,0,0,0,0,596.519,0.0,283738.436,-1.88,21.163,10.188,5.047,0,0
CCN(CC)CCOC(=O)C1(C2CCCCC2)CCCCC1,309.49,309.27,4.4,29.54,90.84,0.9474,0.6527,22,0,3,7,2,0,0,3,136.33,0.464,0.312,12.937,-0.137,0,0.0,0,0,2,2,0,0,0,0,0,326.327,1.937,114495.271,-0.57,17.779,8.905,4.245,0,0
CCN(CC)CCOC(=O)c1ccc(N)cc1,236.31,236.15,1.77,55.56,68.92,0.4615,0.6038,17,1,4,6,1,1,0,4,102.36,0.461,0.338,11.633,-0.294,6,0.3529,0,0,0,0,0,0,0,0,0,344.942,2.369,6430.777,-1.55,13.515,6.91,4.444,0,0
CCN(CC)CCOC1(c2ccc(Cl)cc2)CCCCC1,309.88,309.19,4.86,12.47,89.96,0.6667,0.7131,21,0,2,7,2,1,0,3,133.98,0.369,0.093,6.446,-0.087,6,0.2857,0,0,1,1,0,0,0,0,0,407.731,2.045,64441.394,-0.57,16.795,8.165,4.448,0,0
CCN(CC)CCn1cnc2c1c(=O)n(C)c(=O)n2C,279.34,279.17,-0.22,65.06,78.0,0.6154,0.7585,20,0,7,5,2,2,0,7,116.61,0.332,0.323,12.242,-0.35,9,0.45,0,0,0,0,2,2,0,0,0,720.662,2.47,37487.328,-1.89,14.518,5.62,2.286,0,0
CCN(CC)S(=O)(=O)N[C@H]1C[C@@H]2c3cccc4[nH]cc(c34)C[C@H]2N(C)C1,376.53,376.19,2.06,68.44,104.54,0.5789,0.8393,26,2,3,5,4,2,0,7,155.29,0.361,0.279,12.667,-3.434,9,0.3462,0,0,2,1,2,1,1,1,0,903.4,1.633,1030842.256,-1.41,17.977,6.637,2.868,3,0
CCN(CC)c1ccc(NC(=O)c2ccccc2N)c(C)c1,297.4,297.18,3.68,58.36,93.55,0.2778,0.8278,22,2,3,5,2,2,0,4,131.49,0.398,0.257,12.317,-0.184,12,0.5455,0,0,0,0,0,0,0,0,1,663.132,2.203,87459.999,-2.49,15.891,6.982,3.392,0,0
CCN(CC)c1nc2c(s1)c1c(O)c3c(O)c(C)c4c(c32)C(=O)[C@@](C)(O/C=C/[C@H](OC)[C@@H](C)[C@@H](OC(C)=O)[C@H](C)[C@H](O)[C@H](C)[C@@H](O)[C@@H](C)/C=C/C=C(/C)C(=O)N1)O4,809.98,809.36,6.5,197.21,218.89,0.5238,0.1384,57,5,14,5,5,3,0,15,336.31,0.507,0.312,14.546,-1.942,13,0.2281,0,0,2,0,3,1,2,0,1,2140.063,1.746,1564009970534.602,-4.7,43.423,17.03,7.942,9,0
CCN(CCO)CCn1c(Cc2ccccc2)nc2c1c(=O)n(C)c(=O)n2C,385.47,385.21,0.34,85.29,108.66,0.45,0.6044,28,1,8,8,3,3,0,8,162.83,0.395,0.332,12.863,-0.385,15,0.5357,0,0,0,0,2,2,0,0,0,1065.365,2.119,2329300.286,-2.71,20.035,8.535,3.785,0,0
CCN1C(=O)NC(c2ccccc2)C1=O,204.23,204.09,1.3,49.41,55.1,0.2727,0.738,15,1,2,2,2,1,0,4,87.88,0.325,0.322,11.79,-0.515,6,0.4,0,0,1,1,1,0,1,1,3,388.834,2.271,3785.972,-1.84,9.705,3.726,1.583,1,1
CCN1CC(CCN2CCOCC2)C(c2ccccc2)(c2ccccc2)C1=O,378.52,378.23,3.17,32.78,111.28,0.4583,0.774,28,0,3,6,4,2,0,4,167.65,0.379,0.238,13.813,-0.592,12,0.4286,0,0,2,2,2,0,2,2,1,732.207,1.738,4438893.019,-2.17,19.16,8.458,3.357,1,1
CCN1CCC(=C(c2ccccc2)c2ccccc2)C1.[Cl-].[H+],299.85,299.14,1.33,3.24,86.75,0.2632,0.8265,21,0,1,3,3,2,0,2,134.75,1.0,1.0,2.515,0.0,12,0.5455,1,1,1,1,1,0,1,1,0,553.847,0.0,80916.006,-1.57,15.812,7.442,3.551,0,0
CCN1CCCC1CNC(=O)c1cc(C(C)=O)ccc1OC,304.39,304.18,2.11,58.64,85.6,0.5294,0.8179,22,1,4,6,2,1,0,5,131.19,0.496,0.255,12.43,-0.192,6,0.2727,0,0,1,1,1,0,1,1,1,556.835,2.078,110986.41,-1.88,16.49,7.403,3.655,1,1
CCN1CCCC1CNC(=O)c1cc(S(=O)(=O)CC)c(N)cc1OC,369.49,369.17,1.29,101.73,97.74,0.5882,0.7023,25,2,6,7,2,1,0,8,148.99,0.496,0.255,12.61,-3.522,6,0.24,0,0,1,1,1,0,1,1,1,733.654,2.241,372275.742,-1.8,19.524,8.053,4.244,1,1
CCN1CCCC1CNC(=O)c1cc(S(=O)(=O)CC)ccc1OC,354.47,354.16,1.7,75.71,93.32,0.5882,0.8066,24,1,5,7,2,1,0,7,143.65,0.496,0.255,12.539,-3.366,6,0.25,0,0,1,1,1,0,1,1,1,687.831,2.165,260661.13,-1.6,18.735,7.983,4.076,1,1
CCN1CCCC1CNC(=O)c1cc(S(N)(=O)=O)ccc1OC,341.43,341.14,0.56,101.73,86.97,0.5333,0.7869,23,2,5,6,2,1,0,8,136.4,0.496,0.255,12.41,-3.871,6,0.2609,0,0,1,1,1,0,1,1,1,675.3,2.143,143168.999,-1.64,17.71,7.287,4.213,1,1
CCN1CCC[C@H]1CNC(=O)c1c(OC)ccc(Br)c1OC,371.28,370.09,2.68,50.8,89.85,0.5625,0.8356,22,1,4,6,2,1,0,6,139.64,0.496,0.258,12.598,-0.169,6,0.2727,0,0,1,1,1,0,1,1,1,536.367,2.134,114673.47,-1.27,17.09,7.831,3.549,1,0
CCN1CCN(C(=O)N[C@@H](C(=O)N[C@@H]2C(=O)N3C(C(=O)O)=C(CSc4nnnn4C)CS[C@H]23)c2ccc(O)cc2)C(=O)C1=O,645.68,645.14,-1.11,220.26,152.55,0.4,0.1445,44,4,13,9,5,2,0,19,257.52,0.508,0.352,13.56,-1.424,11,0.25,0,0,3,2,4,1,3,2,6,1562.592,1.315,5274769017.989,-4.65,30.796,12.527,5.787,3,0
CCN1CCN(C(=O)N[C@@H](C(=O)N[C@@H]2C(=O)N3[C@@H](C(=O)O)C(C)(C)S[C@H]23)c2ccccc2)C(=O)C1=O.O,535.58,535.17,-1.06,187.93,130.95,0.4783,0.3033,37,3,7,6,4,1,0,14,216.36,0.48,0.327,13.319,-1.262,6,0.1622,0,0,3,3,3,0,3,3,6,1129.393,0.0,71779220.355,-3.65,27.93,10.378,4.854,4,0
CCN1CCN(c2cc(-c3ccc(F)cc3)c3c(n2)CCCCCC3)CC1,367.51,367.24,4.69,19.37,109.83,0.5217,0.7846,27,0,3,3,4,2,0,4,161.76,0.354,0.129,13.475,-0.174,12,0.4444,0,0,2,1,2,1,1,1,0,763.938,1.73,2013574.197,-1.94,18.425,8.386,4.159,0,0
CCN1CCc2[nH]c3cc(F)c4scc(C)c4c3c2C1,288.39,288.11,4.21,19.03,83.03,0.375,0.7105,20,1,2,1,4,3,0,4,120.75,0.358,0.143,14.217,-0.1,12,0.6,0,0,1,0,3,2,1,0,0,814.955,2.1,76515.14,-1.39,12.358,4.301,1.58,0,0
CCNC(=NC#N)NCCSCc1ncccc1Br,342.27,341.03,2.11,73.1,82.83,0.4167,0.3585,19,2,4,6,1,1,0,7,125.58,0.356,0.209,8.509,0.532,6,0.3158,0,0,0,0,1,1,0,0,0,457.678,2.228,18476.883,-1.26,15.796,9.642,6.453,0,0
CCNC(=O)/C=C/c1cccc(Br)c1,254.13,253.01,2.6,29.1,61.86,0.1818,0.8251,14,1,1,3,1,1,0,3,92.15,0.353,0.243,11.092,-0.063,6,0.4286,0,0,0,0,0,0,0,0,1,346.896,2.638,1406.813,-1.09,10.987,5.6,3.747,0,0
CCNC(=O)N1CCN(CCCC(c2ccc(F)cc2)c2ccc(F)cc2)CC1,401.5,401.23,4.22,35.58,110.96,0.4348,0.7539,29,1,2,7,3,2,0,6,171.06,0.338,0.317,13.348,-0.253,12,0.4138,0,0,1,1,1,0,1,1,2,726.215,1.56,3755651.381,-2.47,21.244,10.348,6.002,0,0
CCNC1(c2ccccc2)CCCCC1,203.33,203.17,3.46,12.03,64.88,0.5714,0.793,15,1,1,3,2,1,0,1,92.89,0.308,0.043,3.714,0.272,6,0.4,0,0,1,1,0,0,0,0,0,279.957,2.249,3969.106,-0.82,10.69,4.801,2.23,0,0
CCNC1(c2cccs2)CCCCC1=O,223.34,223.1,2.7,29.1,63.15,0.5833,0.8533,15,1,3,3,2,1,0,3,94.7,0.301,0.158,12.149,-0.36,5,0.3333,0,0,1,1,1,1,0,0,0,329.401,2.34,4472.48,-0.67,10.835,4.454,1.86,1,1
CCNC1=NC(=O)C(c2ccccc2)O1,204.23,204.09,1.25,50.69,56.39,0.2727,0.7883,15,1,3,2,2,1,0,4,87.97,0.446,0.296,11.507,-0.583,6,0.4,0,0,1,0,1,0,1,0,1,386.834,2.129,4183.585,-1.84,9.705,4.125,1.983,1,1
CCNC1=Nc2ccc(Cl)cc2C(C)(c2ccccc2)O1.[Cl-].[H+],337.25,336.08,1.35,33.62,87.32,0.2353,0.8976,22,1,3,2,3,2,0,5,142.81,1.0,1.0,6.169,-0.61,12,0.5217,1,1,1,0,1,0,1,0,0,694.248,0.0,73747.115,-1.71,16.657,6.591,2.918,1,1
CCNC1=Nc2ccc(Cl)cc2C(c2ccccc2)S1,302.83,302.06,4.77,24.39,88.1,0.1875,0.8636,20,1,3,2,3,2,0,4,127.81,0.365,0.162,6.154,0.233,12,0.6,0,0,1,0,1,0,1,0,0,640.18,2.076,53293.689,-1.45,13.529,5.897,2.693,1,1
CCNC1C2CCC(C2)C1c1ccccc1,215.34,215.17,3.18,12.03,67.48,0.6,0.8163,16,1,1,3,3,1,0,1,98.25,0.313,0.017,3.724,0.742,6,0.375,0,0,2,2,0,0,0,0,0,345.712,1.875,11643.911,-0.82,10.341,4.213,1.58,4,4
CCNCC(O)c1cccc(O)c1,181.23,181.11,1.04,52.49,51.61,0.4,0.6501,13,3,3,4,1,1,0,3,78.03,0.508,0.115,9.602,-0.549,6,0.4615,0,0,0,0,0,0,0,0,0,262.857,2.597,896.503,-1.06,10.024,4.843,3.047,1,1
CCNCc1c(CSC)cnc(C)c1O,226.34,226.11,2.07,45.15,65.24,0.5455,0.8065,15,2,4,5,1,1,0,4,95.31,0.506,0.141,9.92,0.336,6,0.4,0,0,0,0,1,1,0,0,0,328.609,2.986,2295.151,-0.74,12.33,5.978,3.107,0,0
CCN[C@@H]1C[C@H](N)[C@@H](O[C@H]2OC(CN)=CC[C@H]2N)[C@H](O)[C@H]1O[C@H]1OC[C@](C)(O)[C@H](NC)[C@H]1O,475.59,475.3,-3.2,199.73,119.63,0.9048,0.175,33,8,12,8,3,0,0,12,194.29,0.467,0.215,11.271,-1.281,0,0.0,0,0,3,2,2,0,2,1,0,668.915,1.75,14505668.199,-0.9,26.7,11.226,5.849,11,0
CCN[C@H](Cc1ccccc1)[C@H]1CCCO1,219.33,219.16,2.39,21.26,66.58,0.5714,0.8207,16,1,2,5,2,1,0,2,98.01,0.377,0.073,5.777,0.403,6,0.375,0,0,1,1,1,0,1,1,0,292.863,1.963,8552.874,-0.86,11.62,6.019,3.064,2,0
CCO,46.07,46.04,0.0,20.23,12.76,1.0,0.4068,3,1,1,0,0,0,0,1,19.9,0.397,0.04,7.569,0.25,0,0.0,0,0,0,0,0,0,0,0,0,2.755,1.633,2.755,-0.04,2.96,1.96,1.96,0,0
CCOC(=O)C(C)(C)Oc1ccc(Cl)cc1,242.7,242.07,3.06,35.53,62.79,0.4167,0.7616,16,0,3,4,1,1,0,4,100.31,0.476,0.349,11.563,-0.996,6,0.375,0,0,0,0,0,0,0,0,0,357.032,2.715,2887.458,-1.22,12.848,5.212,3.418,0,0
CCOC(=O)C(c1c(O)oc2ccccc2c1=O)c1c(O)oc2ccccc2c1=O,408.36,408.08,3.01,127.18,106.77,0.1364,0.4935,30,2,8,4,4,4,0,8,168.11,0.48,0.318,13.117,-1.758,20,0.6667,0,0,0,0,2,2,0,0,0,1296.934,2.09,6305106.828,-4.07,19.255,7.398,2.984,0,0
CCOC(=O)C1(c2cccc(O)c2)CCN(C)CC1,263.34,263.15,1.92,49.77,73.15,0.5333,0.8465,19,1,4,3,2,1,0,4,113.54,0.508,0.316,12.416,-0.61,6,0.3158,0,0,1,1,1,0,1,1,0,450.459,2.364,19998.498,-1.55,13.872,5.613,2.733,0,0
CCOC(=O)C1(c2ccccc2)CCC=CC1N(C)C.[Cl-].[H+],309.84,309.15,-0.12,29.54,81.71,0.4706,0.5738,21,0,3,4,2,1,0,4,134.42,1.0,1.0,12.753,-0.602,6,0.2727,1,1,1,0,0,0,0,0,0,492.692,0.0,35862.281,-1.32,17.731,7.621,3.301,2,2
CCOC(=O)C1(c2ccccc2)CCN(C)CC1,247.34,247.16,2.21,29.54,71.48,0.5333,0.767,18,0,3,3,2,1,0,3,108.74,0.465,0.316,12.386,-0.441,6,0.3333,0,0,1,1,1,0,1,1,0,394.214,2.313,14384.074,-1.35,13.09,5.528,2.411,0,0
CCOC(=O)C1(c2ccccc2)CCN(C)CC1.[Cl-].[H+],283.8,283.13,-0.67,29.54,72.6,0.5333,0.6894,19,0,3,3,2,1,0,4,122.38,1.0,1.0,12.386,-0.441,6,0.3,1,1,1,1,1,0,1,1,0,405.594,0.0,14384.074,-1.06,15.996,6.92,3.282,0,0
CCOC(=O)C1(c2ccccc2)CCN(CCCNc2ccccc2)CC1,366.51,366.23,4.09,41.57,109.98,0.4348,0.5644,27,1,4,8,3,2,0,4,162.08,0.465,0.316,12.794,-0.49,12,0.4444,0,0,1,1,1,0,1,1,0,694.833,1.523,1788552.383,-2.33,19.432,9.561,4.891,0,0
CCOC(=O)C1(c2ccccc2)CCN(CCc2ccc(N)cc2)CC1,352.48,352.22,3.41,55.56,104.99,0.4091,0.6393,26,1,4,6,3,2,0,4,155.51,0.465,0.316,12.786,-0.505,12,0.4615,0,0,1,1,1,0,1,1,0,704.682,1.646,956812.369,-2.33,18.461,8.367,4.074,0,0
CCOC(=O)C1=C(C)NC(C)=C(C(=O)OC)C1c1cccc(Cl)c1Cl,384.26,383.07,3.96,64.63,96.39,0.3333,0.7964,25,1,5,4,2,1,0,7,156.13,0.466,0.336,12.581,-0.737,6,0.24,0,0,1,0,1,0,1,0,0,783.281,2.739,278594.419,-1.98,19.346,7.933,3.673,1,1
CCOC(=O)C1=C(C)NC(C)=C(C(=O)OC)C1c1cccc([N+](=O)[O-])c1,360.37,360.13,2.57,107.77,93.02,0.3333,0.4882,26,1,7,5,2,1,0,8,150.18,0.466,0.336,12.546,-0.831,6,0.2308,1,1,1,0,1,0,1,0,0,824.725,2.699,458211.614,-3.16,19.169,7.814,3.584,1,1
CCOC(=O)C1N=C(c2ccccc2F)c2cc(Cl)ccc2NC1=O,360.77,360.07,3.2,67.76,92.54,0.1667,0.6748,25,1,4,3,3,2,0,7,148.02,0.464,0.34,14.339,-1.43,12,0.48,0,0,1,0,1,0,1,0,1,882.375,2.224,467815.348,-2.73,17.105,7.025,3.39,1,1
CCOC(=O)C[C@@H](O)C[C@@H](O)/C=C/C1=C(c2ccc(F)cc2)c2ccccc2OC12CCCC2,466.55,466.22,4.95,75.99,127.71,0.3929,0.5384,34,2,5,8,4,2,0,6,199.08,0.482,0.308,13.711,-1.006,12,0.3529,0,0,2,1,1,0,1,0,0,1066.459,1.704,52414539.209,-2.96,24.174,10.534,5.235,2,0
CCOC(=O)N(CCN(C)C)c1cccc(C(F)(F)F)c1,304.31,304.14,3.23,32.78,74.37,0.5,0.837,21,0,3,5,1,1,0,7,121.64,0.449,0.416,12.752,-4.447,6,0.2857,0,0,0,0,0,0,0,0,1,475.532,3.042,27497.961,-1.76,17.292,7.306,5.261,0,0
CCOC(=O)N(Cc1ccccc1)C1CC1,219.28,219.13,2.81,29.54,62.03,0.4615,0.7789,16,0,2,4,2,1,0,3,96.02,0.45,0.41,11.733,-0.186,6,0.375,0,0,1,1,0,0,0,0,1,346.21,2.002,10137.708,-1.51,10.99,5.012,2.749,0,0
CCOC(=O)N1CCC(=C2c3ccc(Cl)cc3CCc3cccnc32)CC1,382.89,382.14,4.89,42.43,106.95,0.3636,0.7049,27,0,3,1,4,2,0,5,164.36,0.45,0.409,12.031,-0.215,12,0.4444,0,0,2,1,2,1,1,1,1,896.936,1.755,2060941.742,-2.33,18.053,7.73,3.587,0,0
CCOC(=O)N1CCC(=O)N(c2ccccc2)c2cc(Cl)ccc21,344.8,344.09,4.37,49.85,94.03,0.2222,0.8123,24,0,3,2,3,2,0,6,144.93,0.449,0.414,12.719,-0.469,12,0.5,0,0,1,0,1,0,1,0,2,764.114,2.139,329902.493,-2.53,16.332,6.927,3.076,0,0
CCOC(=O)N1CCN(C(=O)Cc2ccc(Cl)c(Cl)c2)[C@@H](CN2CCCC2)C1,428.36,427.14,3.3,53.09,109.94,0.6,0.7225,28,0,4,5,3,1,0,8,175.85,0.45,0.409,13.047,-0.3,6,0.2143,0,0,2,2,2,0,2,2,2,709.936,1.692,2487080.49,-1.5,21.215,9.81,5.305,1,0
CCOC(=O)NC(O)C(Cl)(Cl)Cl,236.48,234.96,1.42,58.56,46.45,0.8,0.5631,12,2,3,2,0,0,0,7,84.73,0.45,0.409,10.631,-1.952,0,0.0,0,0,0,0,0,0,0,0,1,158.508,3.843,242.434,0.1,12.1,4.966,4.874,1,1
CCOC(=O)NNC(C)c1ccccc1,208.26,208.12,2.0,50.36,58.15,0.3636,0.7439,15,2,3,4,1,1,0,4,89.6,0.449,0.421,10.983,-0.458,6,0.4,0,0,0,0,0,0,0,0,1,300.716,2.366,2573.996,-1.55,11.524,6.032,3.994,1,1
CCOC(=O)Nc1ccc(NCc2ccc(F)cc2)cc1N,303.34,303.14,3.59,76.38,85.23,0.1875,0.7378,22,3,4,5,2,2,0,6,127.83,0.45,0.411,12.825,-0.541,12,0.5455,0,0,0,0,0,0,0,0,1,644.339,1.965,86712.511,-2.76,15.625,7.306,4.374,0,0
CCOC(=O)OC(C)OC(=O)[C@@H]1N2C(=O)[C@@H](N=CN3CCCCCC3)[C@H]2SC1(C)C,441.55,441.19,2.38,97.74,112.07,0.8,0.2037,30,0,8,6,3,0,0,10,181.02,0.511,0.435,12.802,-1.107,0,0.0,0,0,3,3,3,0,3,3,1,692.029,1.608,3148293.264,-1.97,22.709,9.447,4.843,4,1
CCOC(=O)OC1(C(=O)OCCl)CCC2C3CCC4=CC(=O)C=CC4(C)C3C(O)CC21C,466.96,466.18,3.92,99.13,115.66,0.7083,0.4948,32,1,7,4,4,0,0,8,192.65,0.509,0.446,13.182,-1.569,0,0.0,0,0,4,3,0,0,0,0,0,881.574,1.732,12111363.285,-1.86,23.303,8.171,3.227,7,7
CCOC(=O)OCC/C(SC(=O)OCC)=C(\C)N(C=O)Cc1cnc(C)nc1N,426.5,426.16,3.01,133.94,107.69,0.5,0.4392,29,1,10,10,1,1,0,11,173.34,0.508,0.458,11.946,-0.803,6,0.2069,0,0,0,0,1,1,0,0,1,755.867,3.015,1507847.459,-2.82,24.218,12.602,8.38,0,0
CCOC(=O)O[C@]1(C(=O)COC(=O)CC)CC[C@H]2[C@@H]3CCC4=CC(=O)C=C[C@]4(C)[C@H]3[C@@H](O)C[C@@]21C,488.58,488.24,3.7,116.2,125.1,0.7037,0.5628,35,1,8,6,4,0,0,8,205.61,0.509,0.457,13.632,-1.556,0,0.0,0,0,4,3,0,0,0,0,0,981.666,1.704,48429373.065,-2.48,25.608,9.191,3.938,7,0
CCOC(=O)[C@H](CCc1ccccc1)N[C@@H](C)C(=O)N1CCC[C@H]1C(=O)O,376.45,376.2,1.6,95.94,100.15,0.55,0.6358,27,2,5,9,2,1,0,7,159.24,0.48,0.326,12.698,-0.987,6,0.2222,0,0,1,1,1,0,1,1,1,649.032,2.007,1167133.725,-2.41,20.897,10.061,5.787,3,0
CCOC(=O)c1[nH]c2cc(OC)c(OC)cc2c1CCN1CCN(c2ccccc2)CC1,437.54,437.23,3.73,67.03,126.16,0.4,0.542,32,1,6,8,4,3,0,7,188.41,0.493,0.355,12.659,-0.328,15,0.4688,0,0,1,1,2,1,1,1,0,1055.984,1.521,26662856.979,-3.19,22.02,9.955,4.527,0,0
CCOC(=O)c1ccc(N)cc1,165.19,165.08,1.45,52.32,46.81,0.2222,0.5326,12,1,3,2,1,1,0,3,71.14,0.462,0.338,11.093,-0.308,6,0.5,0,0,0,0,0,0,0,0,0,266.362,2.754,535.063,-1.51,8.585,3.759,1.985,0,0
CCOC(=O)c1cnc2c(cnn2CC)c1NN=C(C)C,289.34,289.15,2.44,81.4,81.56,0.4286,0.5192,21,1,7,5,2,2,0,7,122.55,0.462,0.341,12.052,-0.428,9,0.4286,0,0,0,0,2,2,0,0,0,685.974,2.591,62805.977,-2.44,14.959,6.34,3.014,0,0
CCOC(=O)c1cncn1C(C)c1ccc(F)cc1,262.28,262.11,2.81,44.12,68.4,0.2857,0.7957,19,0,4,4,2,2,0,5,110.39,0.461,0.356,12.907,-0.408,11,0.5789,0,0,0,0,1,1,0,0,0,563.08,2.289,27261.216,-2.17,13.266,5.647,2.809,1,1
CCOC(=O)c1cncn1C(C)c1ccccc1,244.29,244.12,2.67,44.12,68.44,0.2857,0.7766,18,0,4,4,2,2,0,4,106.23,0.461,0.356,11.779,-0.335,11,0.6111,0,0,0,0,1,1,0,0,0,519.6,2.291,19286.846,-2.1,12.359,5.49,2.423,1,1
CCOC(=O)c1ncn2c1CN(C)C(=O)c1cc(F)ccc1-2,303.29,303.1,1.77,64.43,75.28,0.2667,0.7932,22,0,5,2,3,2,0,7,125.67,0.461,0.358,13.468,-0.539,11,0.5,0,0,1,0,2,1,1,0,1,769.388,2.197,119729.997,-2.7,14.246,5.25,2.144,0,0
CCOC(N)=O,89.09,89.05,0.1,52.32,21.21,0.6667,0.495,6,1,2,1,0,0,0,3,36.08,0.45,0.404,9.599,-0.711,0,0.0,0,0,0,0,0,0,0,0,1,52.755,2.831,14.834,-0.73,5.27,2.504,3.27,0,0
CCOC(OCC)C(=O)OCC(=O)C1(O)Cc2c(O)c3c(c(O)c2C(OC2CC(N)C(O)C(C)O2)C1)C(=O)c1c(OC)cccc1C3=O,673.67,673.24,0.95,230.6,162.67,0.5152,0.1084,48,5,15,11,5,2,0,15,274.98,0.507,0.363,13.858,-2.381,12,0.25,0,0,3,1,1,0,1,1,0,1605.928,1.571,24959101165.556,-3.96,35.35,13.876,6.18,6,6
CCOC1c2ccccc2C(=O)N(C)c2ccccc21,267.33,267.13,3.4,29.54,79.09,0.2353,0.8342,20,0,2,2,3,2,0,3,118.34,0.369,0.258,12.619,-0.193,12,0.6,0,0,1,0,1,0,1,0,1,650.943,2.275,53609.416,-2.13,12.881,5.098,1.909,1,1
CCOCC,74.12,74.07,1.04,9.23,22.17,1.0,0.4753,5,0,1,2,0,0,0,1,32.95,0.382,0.044,4.833,0.844,0,0.0,0,0,0,0,0,0,0,0,0,11.119,2.191,11.245,-0.04,4.96,3.96,3.96,0,0
CCO[C@H]1CCN(C(=O)c2cc(-c3ccccc3)c(=O)n3c2-c2cc(Cl)ccc2CC3)C1,448.95,448.16,4.64,51.54,126.22,0.3077,0.5837,32,0,4,4,5,3,0,6,191.75,0.377,0.258,13.78,-0.081,18,0.5625,0,0,2,1,3,1,2,1,1,1235.81,1.695,32870821.511,-2.89,20.982,8.566,3.655,1,0
CCO[C@H]1C[C@@]2(C)[C@@H](CC[C@H]3[C@@H]4CC[C@H](C(C)=O)[C@@]4(C)C[C@@H](N(C)C)[C@@H]32)C[C@@H]1O,405.62,405.32,4.15,49.77,115.56,0.96,0.7633,29,1,4,4,4,0,0,4,177.3,0.39,0.133,12.527,-0.315,0,0.0,0,0,4,4,0,0,0,0,0,635.558,1.714,2928389.349,-0.45,21.77,7.6,3.236,10,0
CCOc1cc(N)c([N+](=O)[O-])cc1C(=O)NC1CCN(CC2CC=CCC2)CC1,402.5,402.23,3.13,110.73,112.09,0.5714,0.3137,29,2,6,7,3,1,0,8,170.78,0.493,0.293,12.817,-0.583,6,0.2069,1,1,2,1,1,0,1,1,1,772.19,1.593,3231443.352,-2.61,21.107,9.735,5.471,1,1
CCOc1ccc(NC(C)=O)cc1,179.22,179.09,2.04,38.33,51.91,0.3,0.7707,13,1,2,3,1,1,0,3,77.72,0.494,0.221,10.681,-0.066,6,0.4615,0,0,0,0,0,0,0,0,1,279.481,2.636,831.114,-1.51,9.577,4.5,3.151,0,0
CCOc1ccc2ccccc2c1C(=O)N[C@@H]1C(=O)N2[C@@H](C(=O)[O-])C(C)(C)S[C@H]12.[Na+],436.47,436.11,-1.85,98.77,107.47,0.381,0.4368,30,1,6,5,4,2,0,9,200.35,1.0,0.548,13.169,-1.282,10,0.3333,1,1,2,2,2,0,2,2,2,1027.624,0.0,2994610.523,-1.74,22.934,8.416,3.596,3,0
CCOc1ccccc1OCC1CNCCO1,237.3,237.14,1.45,39.72,65.72,0.5385,0.8412,17,1,4,5,2,1,0,4,101.87,0.49,0.161,5.739,0.124,6,0.3529,0,0,1,1,1,0,1,1,0,337.191,1.883,11008.152,-1.26,12.204,6.469,3.611,1,1
CCOc1ccccc1O[C@@H](c1ccccc1)[C@@H]1CNCCO1,313.4,313.17,3.19,39.72,90.03,0.3684,0.8889,23,1,4,6,3,2,0,4,136.93,0.49,0.162,6.334,-0.175,12,0.5217,0,0,1,1,1,0,1,1,0,596.574,1.865,287746.953,-2.04,15.84,7.994,4.032,2,0
CCS(=O)(=O)C(C)(C)S(=O)(=O)CC,228.33,228.05,0.59,68.28,53.0,1.0,0.706,13,0,4,4,0,0,0,6,80.18,0.227,0.169,11.447,-3.555,0,0.0,0,0,0,0,0,0,0,0,0,325.297,5.489,356.034,-0.1,12.9,3.57,2.042,0,0
CCS(=O)(=O)CCN1C(=O)CN=C(c2ccccc2F)c2cc(Cl)ccc21,408.88,408.07,3.1,66.81,105.04,0.2632,0.763,27,0,4,5,3,2,0,8,161.95,0.309,0.248,14.354,-3.255,12,0.4444,0,0,1,0,1,0,1,0,1,1021.365,2.097,1046985.949,-2.25,19.51,7.78,4.195,0,0
CCS(=O)(=O)CCn1c([N+](=O)[O-])cnc1C,247.28,247.06,0.53,95.1,57.95,0.625,0.5585,16,0,6,5,1,1,0,8,93.17,0.358,0.342,11.283,-3.126,5,0.3125,1,1,0,0,1,1,0,0,0,491.382,2.892,3179.291,-1.44,12.629,4.602,2.783,0,0
CCS(=O)(=O)c1ccc(F)cc1,188.22,188.03,1.62,34.14,44.13,0.25,0.6607,12,0,2,2,1,1,0,4,70.95,0.224,0.178,12.384,-3.182,6,0.5,0,0,0,0,0,0,0,0,0,353.149,3.142,451.614,-0.9,9.19,3.227,1.822,0,0
CCS[C@]1(SC)CC[C@H]2[C@@H]3CCC4=CC(=O)C=C[C@]4(C)[C@@]3(F)[C@@H](O)C[C@@]21C,410.62,410.17,5.17,37.3,112.73,0.7727,0.6515,27,1,4,3,4,0,0,5,170.37,0.39,0.178,16.941,-1.691,0,0.0,0,0,4,3,0,0,0,0,0,721.101,1.796,1163793.008,-0.26,20.031,6.368,2.34,7,0
CCSc1ccc2c(c1)N(CCCN1CCN(C)CC1)c1ccccc1S2,399.63,399.18,5.04,9.72,118.97,0.4545,0.6278,27,0,5,6,4,2,0,5,171.65,0.34,0.056,2.62,1.081,12,0.4444,0,0,2,1,2,0,2,1,0,771.903,1.507,2104861.051,-1.14,19.188,8.908,4.478,0,0
CC[C@@H](CO)NCCN[C@@H](CC)CO,204.31,204.18,-0.29,64.52,58.34,1.0,0.3897,14,4,4,9,0,0,0,4,86.71,0.395,0.058,8.904,0.188,0,0.0,0,0,0,0,0,0,0,0,0,100.69,3.348,1217.454,-0.16,13.84,9.397,6.317,2,0
CC[C@@H](O)C(C[C@@H](C)N(C)C)(c1ccccc1)c1ccccc1,311.47,311.22,4.08,23.47,97.73,0.4286,0.8325,23,1,2,7,2,2,0,2,140.33,0.392,0.067,11.087,-0.422,12,0.5217,0,0,0,0,0,0,0,0,0,539.805,2.635,150691.853,-1.64,17.71,7.76,3.65,2,0
CC[C@@]1(O)C(=O)OCc2c1cc1n(c2=O)Cc2cc3c(CN(C)C)c(O)ccc3nc2-1,421.45,421.16,1.85,104.89,113.58,0.3478,0.4865,31,2,8,3,5,3,0,8,177.88,0.508,0.343,13.23,-1.841,16,0.5161,0,0,2,0,4,2,2,0,0,1327.262,1.749,12269942.158,-3.23,19.717,6.633,2.716,1,0
CC[C@@]1(O)C[C@H](OC2CC(N(C)C)C(OC3CC(O)C(OC4CCC(=O)C(C)O4)C(C)O3)C(C)O2)c2c(cc3c(c2O)C(=O)c2c(O)cccc2C3=O)[C@H]1C(=O)OC,811.88,811.34,3.16,217.05,201.23,0.619,0.2284,58,4,16,9,7,2,0,16,335.79,0.507,0.316,13.916,-1.758,12,0.2069,0,0,5,3,3,0,3,3,0,1938.827,1.135,3751627947474.496,-3.84,42.29,16.313,7.473,13,10
CC[C@@]1(O)C[C@H](O[C@H]2C[C@H](N(C)C)[C@H](O[C@H]3C[C@@H]4O[C@H]5CC(=O)[C@H](C)O[C@H]5O[C@@H]4[C@H](C)O3)[C@H](C)O2)c2c(O)c3c(c(O)c2[C@H]1O[C@H]1C[C@H](N(C)C)[C@H](O)[C@H](C)O1)C(=O)c1cccc(O)c1C3=O,941.04,940.42,3.11,241.91,232.43,0.6875,0.1937,67,5,19,9,9,2,0,19,388.58,0.507,0.202,14.283,-1.829,12,0.1791,0,0,7,5,5,0,5,5,0,2256.731,1.022,361423979400107.56,-3.67,48.357,18.254,8.401,18,0
CC[C@H](C)C(=O)O[C@H]1CCC=C2C=C[C@H](C)[C@H](CC[C@@H]3C[C@@H](O)CC(=O)O3)[C@H]21,390.52,390.24,3.95,72.83,106.29,0.7391,0.6954,28,1,5,6,3,0,0,5,167.72,0.462,0.308,12.437,-0.593,0,0.0,0,0,3,1,1,0,1,1,0,636.904,1.699,1710815.283,-1.62,21.098,9.252,4.857,7,0
CC[C@H](C)C(=O)O[C@H]1C[C@H](O)C=C2C=C[C@H](C)[C@H](CC[C@@H](O)C[C@@H](O)CC(=O)O)[C@H]21,424.53,424.25,2.44,124.29,111.44,0.7391,0.3971,30,4,6,10,2,0,0,7,177.99,0.481,0.308,12.43,-1.095,0,0.0,0,0,2,0,0,0,0,0,0,655.937,2.09,2487572.54,-1.7,24.568,11.071,6.654,8,0
CC[C@H](NC(=O)c1c(C)c(-c2ccccc2)nc2ccccc12)c1ccccc1,380.49,380.19,6.09,41.99,118.86,0.1538,0.455,29,1,2,5,4,4,0,3,170.98,0.345,0.252,13.467,-0.061,22,0.7586,0,0,0,0,1,1,0,0,1,1137.439,1.815,5785059.735,-3.46,18.883,8.274,3.766,1,0
CC[C@H](NC(=O)c1c(Cn2ccnc2)c(-c2ccccc2)nc2ccccc12)c1ccccc1,446.55,446.21,6.03,59.81,135.45,0.1379,0.3321,34,1,4,7,5,5,0,5,198.68,0.345,0.252,13.97,-0.096,27,0.7941,0,0,0,0,2,2,0,0,1,1396.831,1.691,116433615.13,-4.25,21.588,9.71,4.326,1,0
CC[C@H](NC(=O)c1c(O)c(-c2ccccc2)nc2ccccc12)c1ccccc1,382.46,382.17,5.49,62.22,115.78,0.12,0.4798,29,2,3,5,4,4,0,4,169.41,0.505,0.256,13.307,-0.311,22,0.7586,0,0,0,0,1,1,0,0,1,1141.554,1.815,5785059.735,-3.66,18.692,8.148,3.695,1,0
CC[C@H](NC(=O)c1c(OCC(=O)O)c(-c2ccccc2)nc2ccccc12)c1ccccc1,440.5,440.17,5.25,88.52,127.25,0.1481,0.3908,33,2,4,8,4,4,0,6,191.42,0.479,0.341,13.684,-1.135,22,0.6667,0,0,0,0,1,1,0,0,1,1273.557,1.88,35955013.597,-4.19,22.02,9.955,4.849,1,0
CC[C@H](NC(=O)c1c(OCCCC(=O)O)c(-c2ccccc2)nc2ccccc12)c1ccccc1,468.55,468.2,6.03,88.52,136.48,0.2069,0.2776,35,2,4,10,4,4,0,6,204.15,0.49,0.303,13.834,-0.889,22,0.6286,0,0,0,0,1,1,0,0,1,1306.585,1.817,95065596.642,-4.19,23.951,11.292,5.662,1,0
CC[C@H](NC(=O)c1c(OCCCN(C)C)c(-c2ccccc2)nc2ccccc12)c1ccccc1,467.61,467.26,6.11,54.46,142.79,0.2667,0.2858,35,1,4,10,4,4,0,5,207.32,0.49,0.256,13.919,-0.154,22,0.6286,0,0,0,0,1,1,0,0,1,1256.846,1.81,95065596.642,-3.7,24.425,11.627,5.869,1,0
CC[C@H](NC(=O)c1c(OCCNC(=O)Cc2ccccc2C(=O)O)c(-c2ccccc2)nc2ccccc12)c1ccccc1,587.68,587.24,6.22,117.62,169.73,0.1667,0.1493,44,3,5,12,5,5,0,8,255.28,0.489,0.335,14.1,-1.086,28,0.6364,0,0,0,0,1,1,0,0,2,1773.701,1.435,8928962801.872,-5.5,29.974,14.112,6.925,1,0
CC[C@H](NC(=O)c1c(OCCNC(=O)Cc2ccccn2)c(-c2ccccc2)nc2ccccc12)c1ccccc1,544.66,544.25,5.92,93.21,160.56,0.1765,0.2016,41,2,5,11,5,5,0,7,239.18,0.489,0.256,14.054,-0.245,28,0.6829,0,0,0,0,2,2,0,0,2,1609.568,1.459,2560119829.741,-5.04,27.524,13.348,6.759,1,0
CC[C@H](NC(=O)c1c(OCCNC(=O)[C@@H]2CCCN2)c(-c2ccccc2)nc2ccccc12)c1ccccc1,522.65,522.26,5.03,92.35,153.65,0.2812,0.2542,39,3,5,10,5,4,0,7,228.54,0.489,0.256,14.024,-0.226,22,0.5641,0,0,1,1,2,1,1,1,2,1419.821,1.497,1252406425.407,-4.23,26.38,12.543,6.097,2,0
CC[C@H]1CC(=O)[C@@H]2Oc3c(OC)ccc4c3[C@@]23CCN(CC2CC2)C(C4)[C@H]13,367.49,367.21,3.35,38.77,102.39,0.6957,0.8181,27,0,4,4,6,1,0,4,160.75,0.493,0.174,13.179,-0.291,6,0.2222,0,0,5,3,2,0,2,1,0,816.087,1.548,4346748.613,-1.55,16.409,5.498,2.002,5,1
CC[C@H]1CN2CCc3cc(OC)c(OC)cc3[C@@H]2C[C@@H]1C[C@H]1NCCc2cc(OC)c(OC)cc21.[Cl],516.1,515.27,5.63,52.19,143.92,0.5862,0.5153,36,1,6,7,5,2,0,7,221.59,0.493,0.161,5.677,0.0,12,0.3333,0,0,3,1,3,0,3,1,0,1060.055,0.0,115094405.725,-2.15,26.9,11.492,4.875,4,0
CC[C@H]1OC(=O)[C@H](C)[C@@H](OC2CC(C)(OC)C(O)C(C)O2)C(C)[C@@H](OC2OC(C)CC(N(C)C)C2O)[C@](C)(O)C[C@@H](C)/C(=N\OC)[C@H](C)[C@@H](O)[C@]1(C)O,762.98,762.49,2.22,198.43,195.69,0.9474,0.1783,53,5,15,8,3,0,0,15,315.76,0.459,0.311,14.199,-1.912,0,0.0,0,0,3,3,3,0,3,3,0,1218.471,2.23,71643568338.933,-1.5,45.886,18.18,10.091,18,9
CC[C@H]1OC(=O)[C@H](C)[C@@H](OC2CC(C)(OC)C(O)C(C)O2)C(C)[C@@H](OC2OC(C)CC(N(C)C)C2O)[C@](C)(O)C[C@@H](C)C(=O)[C@H](C)[C@@H](O)[C@H]1C,717.94,717.47,2.67,173.68,184.8,0.9459,0.2836,50,4,13,7,3,0,0,13,298.8,0.462,0.311,14.042,-1.721,0,0.0,0,0,3,3,3,0,3,3,0,1122.02,2.156,19937298226.767,-1.26,43.147,17.257,9.447,18,9
CC[C@H]1OC(=O)[C@H](C)[C@@H](O[C@H]2C[C@@](C)(OC)[C@@H](O)[C@H](C)O2)C(C)[C@@H](O[C@@H]2O[C@H](C)C[C@H](N(C)C)[C@H]2O)[C@](C)(O)C[C@@H](C)CN(C)[C@H](C)[C@@H](O)[C@]1(C)O,749.0,748.51,1.9,180.08,194.18,0.9737,0.2385,52,5,14,7,3,0,0,14,311.56,0.459,0.311,14.198,-1.799,0,0.0,0,0,3,3,3,0,3,3,0,1143.3,2.175,41580665866.423,-1.01,45.38,17.847,10.043,18,1
CC[C@H]1OC(=O)[C@H](C)[C@@H](O[C@H]2C[C@@](C)(OC)[C@@H](O)[C@H](C)O2)[C@H](C)[C@@H](O[C@@H]2O[C@H](C)C[C@H](N(C)C)[C@H]2O)[C@](C)(O)C[C@@H](C)/C(=N/OCOCCOC)[C@H](C)[C@@H](O)[C@]1(C)O,837.06,836.52,2.21,216.89,212.47,0.9512,0.0778,58,5,17,13,3,0,0,17,345.08,0.459,0.311,14.323,-1.967,0,0.0,0,0,3,3,3,0,3,3,0,1303.813,2.22,814413428747.856,-1.58,50.774,21.476,12.072,18,0
CC[C@H]1OC(=O)[C@H](C)[C@@H](O[C@H]2C[C@@](C)(OC)[C@@H](O)[C@H](C)O2)[C@H](C)[C@@H](O[C@@H]2O[C@H](C)C[C@H](N(C)C)[C@H]2O)[C@](C)(O)C[C@@H](C)C(=O)[C@H](C)[C@@H](O)[C@]1(C)O,733.94,733.46,1.79,193.91,186.26,0.9459,0.2379,51,5,14,7,3,0,0,14,303.59,0.459,0.311,14.073,-1.994,0,0.0,0,0,3,3,3,0,3,3,0,1167.298,2.183,26903252120.267,-1.3,44.099,17.014,9.506,18,0
CC[C@H]1OC(=O)[C@H](C)[C@@H](O[C@H]2C[C@@](C)(OC)[C@@H](O)[C@H](C)O2)[C@H](C)[C@@H](O[C@@H]2O[C@H](C)C[C@H](N(C)C)[C@H]2O)[C@](C)(O)C[C@@H](C)[C@@H]2N[C@@H](COCCOC)O[C@H]([C@H]2C)[C@]1(C)O,835.09,834.55,2.2,196.33,213.52,0.9762,0.1417,58,5,16,12,4,0,0,16,346.35,0.459,0.311,14.506,-1.638,0,0.0,0,0,4,4,4,0,4,4,0,1292.255,1.833,1088369865313.99,-1.09,49.564,20.397,11.099,20,0
CC[C@H]1OC(=O)[C@H](C)[C@@H](O[C@H]2C[C@@](C)(OC)[C@@H](O)[C@H](C)O2)[C@H](C)[C@@H](O[C@@H]2O[C@H](C)C[C@H](N(C)C)[C@H]2O)[C@](C)(O)C[C@](C)(F)C(=O)[C@H](C)[C@@H](O)[C@]1(C)O,751.93,751.45,1.88,193.91,186.61,0.9459,0.2369,52,5,14,7,3,0,0,15,307.76,0.459,0.311,16.764,-2.768,0,0.0,0,0,3,3,3,0,3,3,0,1217.986,2.223,35306407719.702,-1.37,45.023,16.781,9.349,18,0
CC[C@H]1OC(=O)[C@H](C)[C@@H](O[C@H]2C[C@@](C)(OC)[C@@H](O)[C@H](C)O2)[C@H](C)[C@@H](O[C@@H]2O[C@H](C)C[C@H](N(C)C)[C@H]2O)[C@](C)(OC)C[C@@H](C)C(=O)[C@H](C)[C@@H](O)[C@]1(C)O,747.96,747.48,2.44,182.91,191.05,0.9474,0.2658,52,4,14,8,3,0,0,14,310.28,0.459,0.311,14.174,-1.965,0,0.0,0,0,3,3,3,0,3,3,0,1187.576,2.222,47935039872.769,-1.3,45.092,17.659,9.378,18,0
CC[C@]1(O)C[C@H]2CN(CCc3c([nH]c4ccccc34)[C@@](C(=O)OC)(c3cc4c(cc3OC)N(C)[C@H]3[C@@](O)(C(=O)OC)[C@H](OC(C)=O)[C@]5(CC)C=CCN6CC[C@]43[C@@H]65)C2)C1,810.99,810.42,3.99,154.1,220.43,0.587,0.1798,59,3,12,7,9,3,0,13,345.14,0.496,0.344,15.322,-2.301,15,0.2542,0,0,6,3,6,1,5,2,0,2257.091,1.364,16547476727054.902,-4.43,40.0,13.802,5.197,10,1
CC[C@]1(O)C[C@H]2CN(CCc3c([nH]c4ccccc34)[C@@](C(=O)OC)(c3cc4c(cc3OC)N(C)[C@H]3[C@@](O)(C(N)=O)[C@H](O)[C@]5(CC)C=CCN6CC[C@]43[C@@H]65)C2)C1,753.94,753.41,2.73,164.82,208.06,0.5814,0.1869,55,5,10,6,9,3,0,12,321.79,0.496,0.322,15.196,-2.302,15,0.2727,0,0,6,3,6,1,5,2,1,2119.004,1.364,2643675543460.937,-3.94,36.684,12.279,4.513,10,1
CC[C@]1(O)C[C@H]2CN(CCc3c([nH]c4ccccc34)[C@@](C(=O)OC)(c3cc4c(cc3OC)N(C=O)[C@H]3[C@@](O)(C(=O)OC)[C@H](OC(C)=O)[C@]5(CC)C=CCN6CC[C@]43[C@@H]65)C2)C1,824.97,824.4,3.52,171.17,220.57,0.5652,0.131,60,3,12,8,9,3,0,14,349.3,0.496,0.344,15.322,-2.531,15,0.25,0,0,6,3,6,1,5,2,1,2310.176,1.379,27977548254752.824,-4.76,40.636,14.149,5.195,10,1
CC[C@]12CCN(CC3(O)CC3)[C@H](Cc3ccc(O)cc31)C2(C)C,315.46,315.22,3.22,43.7,91.72,0.7,0.8999,23,2,3,3,4,1,0,3,138.87,0.508,0.115,10.427,-0.419,6,0.2609,0,0,3,2,1,0,1,1,0,634.529,1.787,252370.789,-1.06,15.467,4.733,2.091,2,0
CC[N+](C)(C)Cc1ccccc1Br.Cc1ccc(S(=O)(=O)[O-])cc1,414.37,413.07,3.94,57.2,99.64,0.3333,0.5626,24,0,3,4,2,2,0,6,153.15,0.744,0.124,10.389,-4.27,12,0.5,1,1,0,0,0,0,0,0,0,756.088,0.0,106156.594,-1.21,20.834,8.76,7.131,0,0
CC[N+](C)(CC)CCOC(=O)C1c2ccccc2Oc2ccccc21,340.44,340.19,3.95,35.53,97.89,0.381,0.5898,25,0,3,6,3,2,1,4,149.13,0.459,0.318,12.901,-0.428,12,0.48,1,0,1,0,1,0,1,0,0,706.811,1.805,527084.216,-2.33,17.492,7.277,3.54,0,0
CCc1c(C)[n+]([NH-])c(-c2ccc(OC)c(OC)c2)c2cc(OC)c(OC)cc12,382.46,382.19,4.51,64.6,109.62,0.3182,0.5883,28,0,4,6,3,3,0,6,164.92,0.493,0.216,8.784,0.617,16,0.5714,1,1,0,0,1,1,0,0,0,1031.201,2.437,2004750.599,-3.15,19.607,7.842,3.046,0,0
CCc1c(C)[nH]c2c1C(=O)C(CN1CCOCC1)CC2,276.38,276.18,1.96,45.33,78.31,0.6875,0.9177,20,1,3,3,3,1,0,4,120.04,0.379,0.169,12.806,0.168,5,0.25,0,0,2,1,2,1,1,1,0,500.82,1.773,56838.85,-1.13,13.835,5.7,2.424,1,1
CCc1c(C)[nH]c2c1C(=O)[C@@H]1CN(C)CC[C@H]1C2,246.35,246.17,2.19,36.1,72.04,0.6667,0.8243,18,1,2,1,3,1,0,3,108.56,0.362,0.169,12.743,0.233,5,0.2778,0,0,2,1,2,1,1,1,0,488.928,2.028,17901.227,-1.09,11.97,4.232,1.642,2,0
CCc1c(O)c(=O)ccn1CC,167.21,167.09,1.14,42.23,47.42,0.4444,0.7172,12,1,3,2,1,1,0,3,71.28,0.503,0.223,11.004,-0.295,6,0.5,0,0,0,0,1,1,0,0,0,327.791,3.353,518.746,-1.25,8.843,3.431,1.347,0,0
CCc1c(O)c(=O)ccn1CCCCO,211.26,211.12,0.89,62.46,58.06,0.5455,0.7109,15,2,4,5,1,1,0,4,88.8,0.503,0.223,11.178,-0.328,6,0.4,0,0,0,0,1,1,0,0,0,370.586,2.875,2323.576,-1.29,11.783,5.557,2.827,0,0
CCc1c(O)c(=O)ccn1CCO,183.21,183.09,0.11,62.46,48.83,0.4444,0.6987,13,2,4,3,1,1,0,4,76.07,0.503,0.223,11.029,-0.369,6,0.4615,0,0,0,0,1,1,0,0,0,343.203,3.212,839.328,-1.29,9.795,4.091,1.894,0,0
CCc1c(OC)nc2nc(-c3noc(C)n3)cn2c1C,273.3,273.12,1.97,78.34,71.68,0.3846,0.7256,20,0,7,3,3,3,0,7,115.17,0.481,0.237,5.33,0.462,14,0.7,0,0,0,0,3,3,0,0,0,774.504,2.226,58460.756,-2.44,12.587,4.588,1.821,0,0
CCc1c(OC)nc2nc(C(=O)c3ccccc3)cn2c1C,295.34,295.13,2.84,56.49,83.53,0.2353,0.6945,22,0,5,4,3,3,0,5,128.15,0.481,0.237,12.501,-0.109,15,0.6818,0,0,0,0,2,2,0,0,0,837.981,2.142,157941.395,-2.69,14.256,5.596,2.243,0,0
CCc1cc(C(N)=S)ccn1,166.25,166.06,1.28,38.91,49.5,0.25,0.6725,11,1,2,2,1,1,0,3,71.44,0.389,0.104,5.441,0.433,6,0.5455,0,0,0,0,1,1,0,0,0,270.549,3.006,333.43,-0.96,8.14,3.437,1.981,0,0
CCc1cc2c(s1)-n1c(C)nnc1CN=C2c1ccccc1Cl,342.86,342.07,4.2,43.07,94.15,0.2353,0.7,23,0,5,2,4,3,0,6,143.03,0.276,0.16,6.422,0.504,16,0.6957,0,0,1,0,3,2,1,0,0,922.574,1.991,330544.414,-1.98,14.602,5.582,2.313,0,0
CCc1cc2c(s1)N(C)C(=O)CN=C2c1ccccc1Cl,318.83,318.06,3.78,32.67,89.07,0.25,0.8291,21,0,3,2,3,2,0,5,132.43,0.305,0.249,12.129,0.003,11,0.5238,0,0,1,0,2,1,1,0,1,735.628,2.215,84946.696,-1.65,14.294,5.62,2.494,0,0
CCc1ccc2c(c1)N(CC(C)CN(C)C)c1ccccc1S2,326.51,326.18,5.05,6.48,101.11,0.4,0.759,23,0,3,5,3,2,0,3,144.04,0.339,0.056,2.522,0.61,12,0.5217,0,0,1,0,1,0,1,0,0,681.092,1.987,180293.18,-1.45,16.409,6.978,3.563,1,1
CCc1ccccc1,106.17,106.08,2.25,0.0,35.82,0.25,0.5148,8,0,0,1,1,1,0,0,50.16,0.062,0.031,2.162,1.14,6,0.75,0,0,0,0,0,0,0,0,0,141.384,2.832,91.368,-0.78,5.359,2.508,1.094,0,0
CCc1ccccc1-n1c(C)nc2ccccc2c1=O,264.33,264.13,3.26,34.89,81.46,0.1765,0.7118,20,0,3,2,3,3,0,3,117.08,0.268,0.265,12.741,-0.006,16,0.8,0,0,0,0,1,1,0,0,0,833.758,2.396,50430.831,-2.42,12.606,4.927,1.916,0,0
CCc1nc(N)nc(N)c1-c1ccc(Cl)cc1,248.72,248.08,2.52,77.82,70.68,0.1667,0.8561,17,2,4,2,2,2,0,5,104.64,0.383,0.222,5.904,0.206,12,0.7059,0,0,0,0,1,1,0,0,0,536.947,2.614,7328.294,-1.81,11.669,4.591,2.313,0,0
CCc1nn(CCCN2CCN(c3cccc(Cl)c3)CC2)c(=O)n1CC,377.92,377.2,2.49,46.3,106.26,0.5789,0.7433,26,0,6,7,3,2,0,7,159.52,0.369,0.345,12.322,0.023,11,0.4231,0,0,1,1,2,1,1,1,0,776.477,1.472,1011278.465,-1.79,18.985,8.732,4.299,0,0
CCc1nn(CCCN2CCN(c3cccc(Cl)c3)CC2)c(=O)n1CCOc1ccccc1.[Cl-].[H+],506.48,505.2,0.67,55.53,133.64,0.44,0.4049,34,0,7,10,4,3,0,9,213.33,1.0,1.0,12.877,-0.047,17,0.4857,1,1,1,1,2,1,1,1,0,1084.961,0.0,42835786.717,-2.48,26.13,12.835,6.778,0,0
CCn1c2c(c3ccccc31)CCSC2(C)CCN(C)C,302.49,302.18,4.12,8.17,94.3,0.5556,0.8393,21,0,3,4,3,2,0,3,132.06,0.343,0.055,2.562,0.243,9,0.4286,0,0,1,0,2,1,1,0,0,610.951,2.156,77811.941,-0.93,14.985,5.694,2.508,1,1
CCn1cc(C(=O)O)c(=O)c2cc(F)c(N3CCN(C)CC3)cc21,333.36,333.15,1.61,65.78,90.51,0.4118,0.9244,24,1,5,3,3,2,0,7,138.26,0.477,0.341,14.599,-1.298,10,0.4167,0,0,1,1,2,1,1,1,0,854.26,2.183,254288.588,-2.41,16.448,6.238,2.753,0,0
CCn1cc(C(=O)O)c(=O)c2cc(F)c(N3CCNC(C)C3)c(F)c21,351.35,351.14,1.8,74.57,90.44,0.4118,0.882,25,2,5,3,3,2,0,8,142.21,0.477,0.341,15.193,-1.421,10,0.4,0,0,1,1,2,1,1,1,0,910.372,2.309,366305.801,-2.48,17.347,6.437,2.863,1,1
CCn1cc(C(=O)O)c(=O)c2cc(F)c(N3CCNCC3)cc21,319.34,319.13,1.27,74.57,85.88,0.375,0.891,23,2,5,3,3,2,0,7,131.68,0.477,0.341,14.495,-1.3,10,0.4348,0,0,1,1,2,1,1,1,0,825.411,2.244,179503.578,-2.41,15.484,6.0,2.676,0,0
CCn1cc(C(=O)O)c(=O)c2cc(F)c(N3CCNCC3)nc21,320.32,320.13,0.66,87.46,83.68,0.4,0.8639,23,2,6,3,3,2,0,8,130.9,0.477,0.341,14.432,-1.328,10,0.4348,0,0,1,1,3,2,1,1,0,827.562,2.244,179503.578,-2.48,15.417,5.959,2.653,0,0
CCn1cc(C(=O)O)c(=O)c2ccc(C)nc21,232.24,232.08,1.42,72.19,63.37,0.25,0.8495,17,1,4,2,2,2,0,5,97.34,0.477,0.341,11.915,-1.209,10,0.5882,0,0,0,0,2,2,0,0,0,658.584,2.947,6765.607,-2.17,11.319,4.009,1.796,0,0
CCn1cc(C(=O)O)c(=O)c2ccc(Cc3ccccc3)nc21,308.34,308.12,2.71,72.19,87.88,0.1667,0.8041,23,1,4,4,3,3,0,5,132.4,0.477,0.341,12.274,-1.215,16,0.6957,0,0,0,0,2,2,0,0,0,930.145,2.142,194419.511,-2.95,14.965,6.042,2.854,0,0
CCn1ccc(=O)c(O)c1C,153.18,153.08,0.88,42.23,42.78,0.375,0.6504,11,1,3,1,1,1,0,3,64.91,0.503,0.223,10.845,-0.313,6,0.5455,0,0,0,0,1,1,0,0,0,314.358,3.366,299.575,-1.25,7.853,2.78,1.265,0,0
CCn1nc(C)c2c1C(c1ccccc1)=NCC(=O)N2,268.32,268.13,2.0,59.28,78.22,0.2667,0.9053,20,1,4,2,3,2,0,5,116.89,0.321,0.246,11.817,-0.101,11,0.55,0,0,1,0,2,1,1,0,1,685.399,2.237,50958.691,-2.43,12.596,4.921,2.008,0,0
CCn1nnn(CCN2CC[C@H](N(C(=O)COC)c3ccccc3F)[C@H](C)C2)c1=O,420.49,420.23,0.99,85.49,109.73,0.6,0.6332,30,0,8,8,3,2,0,10,174.54,0.375,0.363,14.484,-0.421,11,0.3667,0,0,1,1,2,1,1,1,1,913.942,1.684,5981054.776,-2.59,22.103,9.944,4.758,2,0
CN(C(=O)C(c1ccccc1)c1ccccc1)[C@H](CN1CC[C@H](O)C1)c1ccccc1,414.55,414.23,4.08,43.78,123.74,0.2963,0.6335,31,1,3,7,4,3,0,4,184.3,0.392,0.234,13.955,-0.359,18,0.5806,0,0,1,1,1,0,1,1,1,922.801,1.665,18072366.85,-2.95,21.288,9.905,5.037,2,0
CN(C(=O)CN(CCO)CCO)c1ccc(Cl)cc1C(=O)c1ccccc1Cl,425.31,424.1,2.47,81.08,110.36,0.3,0.6038,28,2,5,9,2,2,0,8,173.45,0.395,0.24,13.037,-0.342,12,0.4286,0,0,0,0,0,0,0,0,1,838.705,2.337,1371285.361,-1.96,22.33,10.548,5.53,0,0
CN(C(=O)CNC(=O)CN)c1ccc(Cl)cc1C(=O)c1ccccc1Cl.O,412.27,411.08,1.44,124.0,105.42,0.1667,0.6969,27,2,4,6,2,2,0,9,165.9,0.412,0.246,12.912,-0.449,12,0.4444,0,0,0,0,0,0,0,0,2,858.25,0.0,522406.064,-2.45,22.591,10.032,5.51,0,0
CN(C(=O)CNC(=O)[C@@H](N)CCCCN)c1ccc(Cl)cc1C(=O)c1ccccc1,430.94,430.18,2.11,118.52,118.63,0.3182,0.3937,30,3,5,10,2,2,0,8,180.92,0.346,0.246,12.935,-0.694,12,0.4,0,0,0,0,0,0,0,0,2,889.206,2.089,3847678.958,-2.74,23.538,11.446,6.383,1,0
CN(C(=O)CNC1CC1)c1ccc(Cl)cc1C(=O)c1ccccc1Cl,377.27,376.07,3.94,49.41,100.77,0.2632,0.7763,25,1,3,6,3,2,0,6,156.28,0.314,0.24,12.947,-0.266,12,0.48,0,0,1,1,0,0,0,0,1,818.821,1.904,787167.454,-1.88,17.927,7.563,4.21,0,0
CN(C(=O)Cc1ccc(Cl)c(Cl)c1)C1CCCC[C@H]1N1CCCC1,369.34,368.14,4.4,23.55,99.79,0.6316,0.7854,24,0,2,4,3,1,0,5,154.45,0.341,0.227,12.8,0.171,6,0.25,0,0,2,2,1,0,1,1,1,586.73,1.669,410975.343,-0.77,18.034,8.073,4.065,2,1
CN(C(=O)Cc1ccc(Cl)c(Cl)c1)[C@@H](CN1CCCC1)c1ccccc1,391.34,390.13,4.83,23.55,107.79,0.381,0.7042,26,0,2,6,3,2,0,5,165.05,0.337,0.227,12.929,0.046,12,0.4615,0,0,1,1,1,0,1,1,1,744.931,1.753,1076636.682,-1.55,19.218,8.896,4.787,1,0
CN(C(=O)Cc1ccc(Cl)c(Cl)c1)[C@H]1CC[C@@]2(CCCO2)C[C@@H]1N1CCCC1,425.4,424.17,4.56,32.78,113.09,0.6818,0.7092,28,0,3,4,4,1,0,6,177.65,0.375,0.227,13.081,0.053,6,0.2143,0,0,3,3,2,0,2,2,1,714.488,1.478,3576341.063,-0.81,20.462,8.51,4.207,3,0
CN(C(=O)Cc1ccccc1N)[C@@H](CN1CC[C@@H](O)C1)c1ccccc1,353.47,353.21,2.08,69.8,103.58,0.381,0.7803,26,2,4,6,3,2,0,5,154.58,0.398,0.227,12.92,-0.267,12,0.4615,0,0,1,1,1,0,1,1,1,735.046,1.763,1016516.287,-2.37,18.422,8.34,4.421,2,0
CN(C)C(=O)C(CCN1CCC(O)(c2ccc(Cl)cc2)CC1)(c1ccccc1)c1ccccc1,477.05,476.22,5.09,43.78,138.0,0.3448,0.5163,34,1,3,7,4,3,0,5,207.33,0.385,0.237,13.811,-0.837,18,0.5294,0,0,1,1,1,0,1,1,1,1036.633,1.573,48514276.687,-2.66,24.464,10.306,4.901,0,0
CN(C)C(=O)C1(c2ccc(Cl)cc2)CCN(CCCC(=O)c2ccc(F)cc2)CC1,430.95,430.18,4.56,40.62,117.46,0.4167,0.6042,30,0,3,7,3,2,0,6,182.17,0.348,0.232,13.099,-0.533,12,0.4,0,0,1,1,1,0,1,1,1,873.084,1.58,4764168.65,-2.24,22.445,9.712,5.079,0,0
CN(C)C(=O)CCNc1ccc(Br)cc1,271.16,270.04,2.34,32.34,65.94,0.3636,0.9112,15,1,2,4,1,1,0,4,98.59,0.385,0.223,11.266,0.139,6,0.4,0,0,0,0,0,0,0,0,1,321.865,2.318,2115.539,-1.03,12.042,5.755,4.337,0,0
CN(C)C(=O)COC1c2ccccc2CCc2ccccc21,295.38,295.16,2.98,29.54,86.78,0.3158,0.871,22,0,2,3,3,2,0,3,131.07,0.359,0.248,11.896,-0.168,12,0.5455,0,0,1,0,0,0,0,0,1,631.14,1.969,137399.874,-2.13,14.793,6.323,2.901,0,0
CN(C)C(=O)OC1N=C(c2ccccc2)c2cc(Cl)ccc2N(C)C1=O,371.82,371.1,3.18,62.21,100.9,0.2105,0.8141,26,0,4,2,3,2,0,7,156.19,0.414,0.411,12.818,-1.281,12,0.4615,0,0,1,0,1,0,1,0,2,880.853,2.174,704848.778,-2.86,17.947,7.173,3.411,1,1
CN(C)C(=O)Oc1ccc[n+](C)c1.[Br-],261.12,260.02,-2.42,33.42,47.33,0.3333,0.527,14,0,2,1,1,1,0,5,93.87,1.0,0.414,11.118,-0.369,6,0.4286,1,1,0,0,1,1,0,0,1,315.435,0.0,726.584,-1.1,12.9,5.592,3.74,0,0
CN(C)C(=O)c1nc(CNC(=O)CN)n(-c2ccc(Cl)cc2C(=O)c2ccccc2Cl)n1,475.34,474.1,2.08,123.21,120.17,0.1905,0.5048,32,2,7,7,3,3,0,11,193.67,0.348,0.293,13.32,-0.442,17,0.5312,0,0,0,0,1,1,0,0,2,1192.028,2.157,13339451.896,-3.27,23.394,9.903,4.96,0,0
CN(C)C(C)(CO)Cc1ccc(Cl)c(Cl)c1.[Cl-].[H+],298.64,297.05,-0.04,23.47,70.46,0.5,0.8435,17,1,2,4,1,1,0,5,120.42,1.0,1.0,9.44,-0.281,6,0.3333,1,1,0,0,0,0,0,0,0,376.34,0.0,2745.512,0.01,17.01,6.813,4.307,1,1
CN(C)C/C=C(/c1ccc(Br)cc1)c1cccnc1,317.23,316.06,3.84,16.13,84.01,0.1875,0.8517,19,0,2,4,2,2,0,3,122.47,0.306,0.035,4.212,0.903,12,0.6316,0,0,0,0,1,1,0,0,0,544.721,2.399,22742.87,-1.45,13.97,6.64,4.012,0,0
CN(C)C1=NC(=O)C(c2ccccc2)O1,204.23,204.09,1.2,41.9,56.4,0.2727,0.6899,15,0,3,1,2,1,0,4,88.18,0.446,0.296,11.55,-0.58,6,0.4,0,0,1,0,1,0,1,0,1,398.309,2.202,3759.4,-1.84,9.705,3.726,1.834,1,1
CN(C)C1C(=O)/C(=C(/O)NCN2CCN(C(=N)N=C(N)N)CC2)C(=O)C2(O)C(=O)C3=C(O)c4c(O)cccc4C(C)(O)C3CC12,626.67,626.28,-1.96,262.36,160.61,0.4828,0.0439,45,9,12,4,5,1,0,16,257.97,0.507,0.221,14.155,-2.872,6,0.1333,0,0,4,3,1,0,1,1,0,1571.279,1.473,4473225033.551,-4.51,31.9,11.133,4.894,5,5
CN(C)C1C(=O)/C(=C(/O)NCN2CCN(CCO)CC2)C(=O)C2(O)C(=O)C3=C(O)c4c(O)cccc4C(C)(O)C3CC12,586.64,586.26,-1.17,194.34,149.03,0.5517,0.0913,42,7,13,6,5,1,0,13,242.5,0.507,0.211,14.111,-2.832,6,0.1429,0,0,4,3,1,0,1,1,0,1378.813,1.53,1340352577.407,-3.33,30.138,10.742,4.426,5,5
CN(C)C1CCc2[nH]c3c(F)cc(F)cc3c2C1,250.29,250.13,2.87,19.03,67.71,0.4286,0.8242,18,1,1,1,3,2,0,4,104.6,0.356,0.15,13.708,-0.506,9,0.5,0,0,1,0,1,1,0,0,0,601.35,2.153,17291.055,-1.42,11.658,4.055,1.716,1,1
CN(C)C1CCc2[nH]c3ccccc3c2C1,214.31,214.15,2.59,19.03,67.8,0.4286,0.7728,16,1,1,1,3,2,0,2,96.27,0.358,0.046,3.557,0.701,9,0.5625,0,0,1,0,1,1,0,0,0,510.43,2.081,8486.685,-1.28,9.912,3.633,1.449,1,1
CN(C)CC#CC=C1c2ccccc2C=Cc2ccccc21,285.39,285.15,4.17,3.24,95.22,0.1429,0.6066,22,0,1,1,3,2,0,1,132.15,0.299,0.06,3.215,0.769,12,0.5455,0,0,1,0,0,0,0,0,0,746.397,2.124,146459.869,-2.56,14.38,6.471,3.03,0,0
CN(C)CC(=O)C=C1c2ccccc2CCc2ccccc21,291.39,291.16,3.35,20.31,90.93,0.25,0.8084,22,0,2,3,3,2,0,2,131.63,0.302,0.17,12.335,0.145,12,0.5455,0,0,1,0,0,0,0,0,0,678.492,2.139,126062.961,-2.19,14.735,6.285,3.022,0,0
CN(C)CC(=O)N1c2ccccc2Sc2ccccc21,284.38,284.1,3.38,23.55,82.71,0.1875,0.8444,20,0,3,2,3,2,0,4,122.75,0.301,0.245,12.609,0.093,12,0.6,0,0,1,0,1,0,1,0,1,608.93,2.099,45548.643,-1.78,13.215,5.306,2.323,0,0
CN(C)CC(CN1c2ccccc2Sc2ccccc21)N(C)C,327.5,327.18,3.78,9.72,100.04,0.3684,0.8262,23,0,4,5,3,2,0,4,143.44,0.338,0.055,2.481,0.467,12,0.5217,0,0,1,0,1,0,1,0,0,623.669,1.971,180225.179,-1.49,16.371,6.952,3.547,1,1
CN(C)CC(O)C(c1ccccc1)c1ccc(Cl)cc1,289.81,289.12,3.39,23.47,84.3,0.2941,0.9119,20,1,2,5,2,2,0,3,125.17,0.391,0.078,10.581,-0.464,12,0.6,0,0,0,0,0,0,0,0,0,524.446,2.358,32617.714,-1.35,15.047,6.889,3.825,2,2
CN(C)CC(Oc1ccccc1)Oc1ccccc1,257.33,257.14,3.03,21.7,76.48,0.25,0.7424,19,0,3,6,2,2,0,3,113.94,0.454,0.253,5.865,-0.334,12,0.6316,0,0,0,0,0,0,0,0,0,429.122,2.035,23920.765,-2.0,13.432,6.805,4.639,0,0
CN(C)CC/C=C1/c2ccccc2COc2ccccc21.[Cl-].[H+],315.84,315.14,1.08,12.47,88.58,0.2632,0.8403,22,0,2,3,3,2,0,3,139.86,1.0,1.0,5.981,0.0,12,0.5217,1,1,1,0,1,0,1,0,0,620.424,0.0,89136.523,-1.77,16.598,7.48,3.517,0,0
CN(C)CC/C=C1/c2ccccc2CSc2ccccc21.[Cl-].[H+],331.91,331.12,1.79,3.24,93.81,0.2632,0.8434,22,0,2,3,3,2,0,3,144.87,1.0,1.0,2.406,0.0,12,0.5217,1,1,1,0,1,0,1,0,0,620.424,0.0,89136.523,-1.22,17.139,7.866,3.752,0,0
CN(C)CC/C=C1/c2ccccc2Sc2ccc(Cl)cc21,315.87,315.08,5.19,3.24,92.27,0.2222,0.6542,21,0,2,3,3,2,0,3,135.17,0.309,0.041,6.209,0.798,12,0.5714,0,0,1,0,1,0,1,0,0,691.368,2.063,72649.16,-1.22,14.706,6.266,3.18,0,0
CN(C)CC1=Cc2ccccc2Sc2ccccc21,267.4,267.11,4.25,3.24,83.43,0.1765,0.7998,19,0,2,2,3,2,0,2,118.5,0.305,0.023,2.328,0.964,12,0.6316,0,0,1,0,1,0,1,0,0,628.664,2.166,31435.177,-1.51,12.52,5.236,2.6,0,0
CN(C)CC1COC2(O1)c1ccccc1COc1ccccc12,311.38,311.15,2.76,30.93,87.38,0.3684,0.8532,23,0,4,2,4,2,0,4,136.13,0.488,0.226,6.49,-0.871,12,0.5217,0,0,2,1,2,0,2,1,0,665.766,1.845,304802.549,-1.88,14.696,5.638,2.432,2,2
CN(C)CCC(c1ccccc1)C1CCCCC1,245.41,245.21,4.3,3.24,78.93,0.6471,0.7472,18,0,1,5,2,1,0,1,112.2,0.309,0.002,2.328,0.772,6,0.3333,0,0,1,1,0,0,0,0,0,324.723,2.062,16001.465,-0.82,13.608,6.939,3.844,1,1
CN(C)CCC(c1ccccc1)c1ccccn1,240.35,240.16,3.17,16.13,75.69,0.3125,0.7977,18,0,2,5,2,2,0,2,109.29,0.309,0.048,4.515,0.384,12,0.6667,0,0,0,0,1,1,0,0,0,411.538,2.236,16001.465,-1.67,12.778,6.313,3.409,1,1
CN(C)CCC1(C)OCCC2=C1c1ccccc1C2,257.38,257.18,3.13,12.47,79.21,0.5294,0.8246,19,0,2,3,3,1,0,2,115.62,0.37,0.092,6.202,-0.107,6,0.3158,0,0,2,0,1,0,1,0,0,517.748,1.963,30536.417,-1.12,12.891,4.768,2.236,1,1
CN(C)CCC1(c2ccccc2)C=Cc2ccccc21,263.38,263.17,3.95,3.24,85.87,0.2632,0.807,20,0,1,4,3,2,0,1,121.11,0.309,0.04,2.385,0.03,12,0.6,0,0,1,0,0,0,0,0,0,612.673,2.089,62374.792,-1.86,13.138,5.258,2.186,1,1
CN(C)CCC=C1c2ccccc2C(C)(C)c2ccccc21,291.44,291.2,4.71,3.24,95.26,0.3333,0.7914,22,0,1,3,3,2,0,1,133.84,0.309,0.016,2.41,0.062,12,0.5455,0,0,1,0,0,0,0,0,0,655.852,2.157,106040.403,-1.86,15.052,5.735,2.503,0,0
CN(C)CCC=C1c2ccccc2C=Cc2ccccc21,275.4,275.17,4.55,3.24,92.06,0.2,0.6774,21,0,1,3,3,2,0,1,126.78,0.309,0.001,2.38,1.061,12,0.5714,0,0,1,0,0,0,0,0,0,640.99,2.101,89136.523,-2.12,13.844,6.108,2.983,0,0
CN(C)CCC=C1c2ccccc2CCc2ccccc21,277.41,277.18,4.17,3.24,90.54,0.3,0.8137,21,0,1,3,3,2,0,1,127.47,0.309,0.001,2.42,1.088,12,0.5714,0,0,1,0,0,0,0,0,0,602.893,2.066,89136.523,-1.86,14.093,6.276,3.085,0,0
CN(C)CCC=C1c2ccccc2COc2ccccc21,279.38,279.16,3.96,12.47,87.47,0.2632,0.8429,21,0,2,3,3,2,0,2,126.22,0.488,0.127,5.981,0.637,12,0.5714,0,0,1,0,1,0,1,0,0,608.621,2.066,89136.523,-2.06,13.902,6.147,3.006,0,0
CN(C)CCC=C1c2ccccc2Sc2ccccc21,281.42,281.12,4.53,3.24,87.26,0.2222,0.6934,20,0,2,3,3,2,0,2,124.87,0.309,0.02,2.386,1.079,12,0.6,0,0,1,0,1,0,1,0,0,595.871,2.032,51348.904,-1.51,13.472,5.859,2.671,0,0
CN(C)CCCC1(c2ccc(F)cc2)OCc2cc(C#N)ccc21,324.4,324.16,3.81,36.26,90.91,0.35,0.8389,24,0,3,5,3,2,0,4,141.83,0.361,0.123,13.367,-0.562,12,0.5,0,0,1,0,1,0,1,0,0,764.199,2.018,348132.585,-2.22,16.631,6.721,3.056,1,1
CN(C)CCCC1c2ccccc2Nc2ccc(Cl)cc21,300.83,300.14,4.87,15.27,90.81,0.3333,0.8663,21,1,2,4,3,2,0,3,131.29,0.355,0.042,6.218,0.427,12,0.5714,0,0,1,0,1,0,1,0,0,636.865,1.944,72649.16,-1.51,14.428,6.084,3.067,1,1
CN(C)CCCN1c2ccccc2C(C)(C)c2ccccc21,294.44,294.21,4.42,6.48,95.19,0.4,0.8236,22,0,2,4,3,2,0,2,133.92,0.341,0.045,2.499,0.061,12,0.5455,0,0,1,0,1,0,1,0,0,608.762,2.037,106040.403,-1.8,15.109,5.77,2.523,0,0
CN(C)CCCN1c2ccccc2C(c2ccccc2)=Nc2cccnc21,356.47,356.2,4.65,31.73,112.6,0.2174,0.6666,27,0,4,5,4,3,0,4,160.36,0.324,0.159,5.046,0.9,18,0.6667,0,0,1,0,2,1,1,0,0,947.357,1.856,2258307.726,-2.98,17.435,7.722,3.618,0,0
CN(C)CCCN1c2ccccc2C=Cc2ccccc21,278.4,278.18,4.26,6.48,91.99,0.2632,0.8242,21,0,2,4,3,2,0,2,126.87,0.34,0.048,2.453,1.036,12,0.5714,0,0,1,0,1,0,1,0,0,594.02,1.978,89136.523,-2.06,13.902,6.147,3.006,0,0
CN(C)CCCN1c2ccccc2C=Cc2sccc21,284.43,284.13,4.32,6.48,89.87,0.2941,0.8246,20,0,3,4,3,2,0,3,124.51,0.34,0.059,2.463,1.056,11,0.55,0,0,1,0,2,1,1,0,0,612.957,1.935,59089.977,-1.58,13.405,5.815,2.645,0,0
CN(C)CCCN1c2ccccc2CC(=O)c2ccccc21,294.4,294.17,3.52,23.55,91.1,0.3158,0.8618,22,0,3,4,3,2,0,3,131.72,0.341,0.169,12.561,0.207,12,0.5455,0,0,1,0,1,0,1,0,0,678.64,2.017,128924.47,-2.13,14.793,6.323,2.901,0,0
CN(C)CCCN1c2ccccc2CCc2ccc(C#N)cc21,305.43,305.19,3.75,30.27,95.18,0.35,0.8616,23,0,3,4,3,2,0,3,138.31,0.341,0.099,9.265,0.737,12,0.5217,0,0,1,0,1,0,1,0,0,727.907,2.012,220116.27,-2.31,15.581,6.849,3.381,0,0
CN(C)CCCN1c2ccccc2CCc2ccc(Cl)cc21,314.86,314.15,4.53,6.48,95.48,0.3684,0.8179,22,0,2,4,3,2,0,3,137.86,0.341,0.046,6.272,0.816,12,0.5455,0,0,1,0,1,0,1,0,0,651.633,1.984,125552.116,-1.51,15.388,6.72,3.286,0,0
CN(C)CCCN1c2ccccc2CCc2ccccc21,280.42,280.19,3.88,6.48,90.47,0.3684,0.8385,21,0,2,4,3,2,0,2,127.56,0.341,0.044,2.515,1.076,12,0.5714,0,0,1,0,1,0,1,0,0,556.52,1.946,89136.523,-1.8,14.151,6.315,3.108,0,0
CN(C)CCCN1c2ccccc2Sc2ccc(C(F)(F)F)cc21,352.43,352.12,5.26,6.48,92.19,0.3333,0.741,24,0,3,4,3,2,0,6,143.81,0.416,0.34,13.107,-4.327,12,0.5,0,0,1,0,1,0,1,0,0,728.444,1.991,232337.994,-1.66,17.172,6.685,3.543,0,0
CN(C)CCCN1c2ccccc2Sc2ccc(Cl)cc21,318.87,318.1,4.89,6.48,92.19,0.2941,0.7918,21,0,3,4,3,2,0,4,135.25,0.34,0.057,6.209,0.798,12,0.5714,0,0,1,0,1,0,1,0,0,642.437,1.944,72649.16,-1.16,14.764,6.304,3.203,0,0
CN(C)CCCN1c2ccccc2Sc2ccccc21,284.43,284.13,4.24,6.48,87.18,0.2941,0.8289,20,0,3,4,3,2,0,3,124.95,0.34,0.055,2.463,1.062,12,0.6,0,0,1,0,1,0,1,0,0,549.549,1.908,51348.904,-1.45,13.529,5.897,2.693,0,0
CN(C)CCCN1c2ccccc2Sc2cccnc21,285.42,285.13,3.64,19.37,84.98,0.3125,0.8536,20,0,4,4,3,2,0,4,124.17,0.324,0.147,4.589,1.0,12,0.6,0,0,1,0,2,1,1,0,0,552.281,1.908,51348.904,-1.52,13.462,5.853,2.667,0,0
CN(C)CCCn1c(=O)c2ccccc2c2ccccc21,280.37,280.16,3.11,25.24,88.89,0.2778,0.6861,21,0,3,4,3,3,0,3,123.97,0.309,0.258,12.768,0.114,14,0.6667,0,0,0,0,1,1,0,0,0,833.356,2.207,79020.342,-2.13,13.835,5.7,2.567,0,0
CN(C)CCCn1c(=O)n(-c2ccccc2)c2cc(Cl)ccc21,329.83,329.13,3.4,30.17,95.72,0.2778,0.7179,23,0,4,5,3,3,0,5,140.07,0.333,0.309,12.945,-0.021,15,0.6522,0,0,0,0,1,1,0,0,0,865.099,2.141,206363.955,-2.04,15.84,6.605,3.185,0,0
CN(C)CCCn1c2c(c3ccccc31)CCCCCC2,284.45,284.23,4.25,8.17,90.99,0.5789,0.8145,21,0,2,4,3,2,0,2,128.3,0.344,0.048,2.624,1.161,9,0.4286,0,0,1,0,1,1,0,0,0,594.877,1.976,85997.887,-1.28,14.649,6.655,3.156,0,0
CN(C)CCCn1cc(-c2ccccc2)c(-c2ccccc2)n1,305.43,305.19,4.17,21.06,96.27,0.25,0.6813,23,0,3,6,3,3,0,3,137.74,0.309,0.1,4.852,0.935,17,0.7391,0,0,0,0,1,1,0,0,0,673.093,1.942,287780.338,-2.39,15.504,7.248,3.876,0,0
CN(C)CCN(C)n1cc(-c2ccccc2)c2ccccc21,293.41,293.19,3.44,11.41,94.94,0.2632,0.7137,22,0,3,5,3,3,0,3,131.9,0.315,0.07,2.273,0.986,15,0.6818,0,0,0,0,1,1,0,0,0,743.721,2.046,158207.856,-2.26,14.668,6.241,2.853,0,0
CN(C)CCN(Cc1cccs1)c1ccccn1,261.39,261.13,2.71,19.37,78.16,0.3571,0.7968,18,0,4,6,2,2,0,4,112.69,0.35,0.128,4.45,0.933,11,0.6111,0,0,0,0,2,2,0,0,0,439.327,2.073,19544.867,-1.39,13.051,6.518,3.822,0,0
CN(C)CCN1C(=O)CC(c2ccccc2)Sc2ccccc21,326.47,326.15,3.82,23.55,97.01,0.3158,0.8532,23,0,3,4,3,2,0,4,141.84,0.31,0.228,12.867,0.175,12,0.5217,0,0,1,0,1,0,1,0,1,672.08,1.927,215468.842,-1.78,16.091,7.195,3.766,1,1
CN(C)CCN1C(=O)c2ccccc2N(C)c2ccccc21,295.39,295.17,2.98,26.79,91.18,0.2778,0.8708,22,0,3,3,3,2,0,4,131.11,0.342,0.26,13.038,0.064,12,0.5455,0,0,1,0,1,0,1,0,1,696.237,2.137,121796.658,-2.33,14.601,5.812,2.461,0,0
CN(C)CCN1CCN(c2cccc(Cl)c2)C1=O,267.76,267.11,2.14,26.79,74.32,0.4615,0.8358,18,0,2,4,2,1,0,5,112.72,0.324,0.321,12.22,0.069,6,0.3333,0,0,1,1,1,0,1,1,2,435.999,2.027,13969.603,-1.26,13.178,5.587,2.945,0,0
CN(C)CCO,89.14,89.08,-0.46,23.47,25.64,1.0,0.4946,6,1,2,2,0,0,0,2,38.39,0.395,0.056,8.195,0.257,0,0.0,0,0,0,0,0,0,0,0,0,28.729,2.627,14.834,-0.08,5.92,3.123,3.92,0,0
CN(C)CCOC(=O)CCC1CCCCC1,227.35,227.19,2.45,29.54,65.32,0.9231,0.6528,16,0,3,6,1,0,0,3,99.15,0.464,0.305,11.426,-0.021,0,0.0,0,0,1,1,0,0,0,0,0,198.109,2.004,3862.106,-0.57,13.495,7.662,6.109,0,0
CN(C)CCOC(=O)COc1ccc(Cl)cc1,257.72,257.08,1.82,38.77,66.46,0.4167,0.7291,17,0,4,6,1,1,0,5,106.07,0.482,0.344,11.273,-0.373,6,0.3529,0,0,0,0,0,0,0,0,0,351.273,2.213,5491.058,-1.26,13.804,7.141,6.14,0,0
CN(C)CCOC(C)(c1ccccc1)c1ccc(Cl)cc1,303.83,303.14,4.18,12.47,88.85,0.3333,0.7935,21,0,2,6,2,2,0,3,131.85,0.365,0.115,6.268,-0.47,12,0.5714,0,0,0,0,0,0,0,0,0,553.191,2.314,52930.85,-1.35,16.028,7.078,4.068,1,1
CN(C)CCOC(C)(c1ccccc1)c1ccccn1,270.38,270.17,2.92,25.36,81.64,0.3529,0.8067,20,0,3,6,2,2,0,3,120.77,0.363,0.132,6.208,-0.515,12,0.6,0,0,0,0,1,1,0,0,0,471.528,2.287,37542.512,-1.71,14.694,6.638,3.436,1,1
CN(C)CCOC(C)(c1ccccc1)c1ccccn1.O=C(O)CCC(=O)O,388.46,388.2,2.86,99.96,106.14,0.381,0.6812,28,2,5,9,2,2,0,7,165.15,0.481,0.303,9.64,-1.076,12,0.4286,0,0,0,0,1,1,0,0,0,666.591,0.0,1011621.152,-2.77,23.27,11.841,8.282,1,1
CN(C)CCOC(c1ccccc1)c1ccc(Br)cc1,334.26,333.07,4.12,12.47,86.93,0.2941,0.788,20,0,2,6,2,2,0,3,129.05,0.367,0.108,6.108,-0.01,12,0.6,0,0,0,0,0,0,0,0,0,510.273,2.176,37277.403,-1.16,15.233,7.577,4.442,1,1
CN(C)CCOC(c1ccccc1)c1ccccc1,255.36,255.16,3.35,12.47,79.23,0.2941,0.7846,19,0,2,6,2,2,0,2,115.19,0.367,0.108,6.083,0.016,12,0.6316,0,0,0,0,0,0,0,0,0,427.635,2.145,26276.551,-1.64,13.784,7.073,4.194,0,0
CN(C)CCOC(c1ccccc1)c1ccccc1C(C)(C)C,311.47,311.22,4.65,12.47,97.93,0.4286,0.7696,23,0,2,6,2,2,0,2,140.65,0.367,0.108,6.319,-0.022,12,0.5217,0,0,0,0,0,0,0,0,0,598.739,2.38,119514.814,-1.64,17.71,7.76,4.917,1,1
CN(C)CCOC1(Cc2ccccc2)CC2CCC1(C)C2(C)C,315.5,315.26,4.39,12.47,96.61,0.7143,0.7716,23,0,2,6,3,1,0,2,141.77,0.373,0.078,6.736,-0.003,6,0.2609,0,0,2,2,0,0,0,0,0,538.032,1.889,155981.916,-0.86,16.979,5.895,2.642,3,3
CN(C)CCOC1=Cc2ccccc2Sc2ccc(Cl)cc21,331.87,331.08,4.88,12.47,94.39,0.2222,0.7918,22,0,3,4,3,2,0,4,140.28,0.492,0.128,6.191,0.65,12,0.5455,0,0,1,0,1,0,1,0,0,711.983,2.0,121613.568,-1.42,15.475,6.778,3.487,0,0
CN(C)CCON=C1c2ccccc2CCc2ccccc21,294.4,294.17,3.12,24.83,90.44,0.3158,0.6392,22,0,3,4,3,2,0,3,131.76,0.394,0.129,5.6,0.598,12,0.5455,0,0,1,0,0,0,0,0,0,627.14,1.969,146459.869,-2.13,14.793,6.754,3.199,0,0
CN(C)CC[C@]1(c2ccccc2)CCc2ccccc2C1=O,293.41,293.18,3.71,20.31,90.38,0.35,0.8563,22,0,2,4,3,2,0,2,132.32,0.309,0.173,13.333,-0.375,12,0.5455,0,0,1,0,0,0,0,0,0,662.417,2.057,128651.76,-1.93,14.985,6.054,2.592,1,0
CN(C)CCc1c[nH]c2ccc(O)cc12,204.27,204.13,1.98,39.26,62.22,0.3333,0.8021,15,2,2,3,2,2,0,3,89.34,0.508,0.116,9.426,0.327,9,0.6,0,0,0,0,1,1,0,0,0,459.59,2.308,3450.227,-1.48,10.052,3.946,2.128,0,0
CN(C)CCc1c[nH]c2cccc(OP(=O)(O)O)c12,284.25,284.09,1.74,85.79,73.23,0.3333,0.7281,19,3,3,5,2,2,0,7,110.79,0.524,0.404,10.997,-4.55,9,0.4737,0,0,0,0,1,1,0,0,0,617.217,2.402,17308.002,-1.33,14.087,5.346,3.577,0,0
CN(C)CCc1ccccn1,150.22,150.12,1.19,16.13,46.5,0.4444,0.643,11,0,2,3,1,1,0,2,67.87,0.309,0.042,4.224,1.036,6,0.5455,0,0,0,0,1,1,0,0,0,193.978,2.392,349.029,-0.89,8.209,4.086,3.14,0,0
CN(C)CCn1cnc2c1c(=O)n(C)c(=O)n2C,251.29,251.14,-1.0,65.06,68.77,0.5455,0.7013,18,0,7,3,2,2,0,7,103.88,0.332,0.323,12.103,-0.356,9,0.5,0,0,0,0,2,2,0,0,0,691.747,2.661,12405.963,-1.89,12.564,4.413,1.86,0,0
CN(C)CCn1nnnc1SCC1=C(C(=O)O)N2C(=O)[C@@H](NC(=O)Cc3csc(N)n3)[C@H]2SC1,525.64,525.1,-0.65,172.46,127.01,0.5,0.2646,34,3,13,10,4,2,0,16,206.67,0.477,0.352,12.803,-1.177,10,0.2941,0,0,2,1,4,2,2,1,2,1131.61,1.406,40570993.733,-2.69,24.435,10.287,5.185,2,0
CN(C)Cc1ccc(-c2cccc(NC3N=CC=C3[N+](=O)[O-])c2)o1,326.36,326.14,2.99,83.91,92.52,0.2353,0.6515,24,1,6,6,3,2,0,7,139.0,0.46,0.291,10.98,-0.67,11,0.4583,1,1,1,0,2,1,1,0,0,807.672,1.771,380320.21,-2.93,15.946,6.674,3.518,1,1
CN(C)Cc1ccc(CSCCNC2N=CC=C2[N+](=O)[O-])o1,324.41,324.13,1.74,83.91,87.62,0.5,0.423,22,1,7,9,2,1,0,8,133.16,0.464,0.286,10.761,-0.522,5,0.2273,1,1,1,0,2,1,1,0,0,568.189,1.634,110322.216,-1.64,16.726,8.114,4.972,1,1
CN(C)Cc1ccc(CSCCNc2[nH]cc(Cc3ccccc3)c2[N+](=O)[O-])o1,414.53,414.17,4.51,87.34,117.45,0.3333,0.2726,29,2,6,11,3,3,0,8,174.19,0.464,0.314,11.571,-0.32,16,0.5517,1,1,0,0,2,2,0,0,0,921.166,1.488,4312893.292,-2.71,21.01,10.177,6.134,0,0
CN(C)Cc1ccc(CSCCNc2nc(=O)c(Cc3ccc4ccccc4c3)c[nH]2)o1,448.59,448.19,4.51,74.16,132.36,0.28,0.3478,32,2,6,10,4,4,0,7,191.61,0.464,0.277,12.468,-0.198,21,0.6562,0,0,0,0,2,2,0,0,0,1231.829,1.248,23898655.578,-3.03,22.174,10.523,6.02,0,0
CN(C)Cc1ccnc(-c2cccc(NC3N=CC=C3[N+](=O)[O-])c2)c1,337.38,337.15,2.79,83.66,98.04,0.2222,0.6471,25,1,6,6,3,2,0,7,145.43,0.355,0.291,11.019,-0.668,12,0.48,1,1,1,0,2,1,1,0,0,844.865,1.814,579719.655,-3.06,16.786,7.228,4.074,1,1
CN(C)Cc1nnc2n1-c1ccc(Cl)cc1C(c1ccccc1)=NC2,351.84,351.13,3.33,46.31,99.55,0.2105,0.7268,25,0,5,3,4,3,0,6,151.15,0.302,0.159,6.304,0.483,17,0.68,0,0,1,0,2,1,1,0,0,943.703,1.935,742446.373,-2.5,15.995,6.425,2.966,0,0
CN(C)N/N=C1/N=CN=C1C(N)=O,182.19,182.09,-1.67,95.44,49.38,0.3333,0.5109,13,2,5,3,1,0,0,7,75.0,0.364,0.271,10.746,-0.642,0,0.0,0,0,1,0,1,0,1,0,1,302.246,2.709,939.731,-1.76,9.329,3.764,2.339,0,0
CN(C)S(=O)(=O)c1ccc2c(c1)N(CCCN1CCC(CCO)CC1)c1ccccc1S2,475.68,475.2,4.02,64.09,130.37,0.5,0.6221,32,1,6,8,4,2,0,8,195.81,0.396,0.242,12.742,-3.487,12,0.375,0,0,2,1,2,0,2,1,0,1034.535,1.514,17342667.084,-1.58,23.574,10.135,4.993,0,0
CN(C)[C@@H](CCOc1cccc2ccccc12)c1ccccc1,305.42,305.18,4.91,12.47,96.93,0.2381,0.6412,23,0,2,6,3,3,0,2,137.87,0.493,0.127,6.095,0.367,16,0.6957,0,0,0,0,0,0,0,0,0,746.646,1.698,243009.338,-2.32,15.571,7.296,3.717,1,0
CN(C)[C@@H]1C(=O)/C(=C(/N)O)C(=O)[C@@]2(O)C(=O)C3=C(O)c4c(O)ccc(Cl)c4[C@@](C)(O)[C@H]3C[C@@H]12.[Cl-].[H+],515.35,514.09,-2.6,181.62,116.23,0.4091,0.1005,34,6,10,1,4,1,0,12,206.37,1.0,1.0,13.684,-2.854,6,0.1714,1,1,3,2,0,0,0,0,0,1208.081,0.0,10976432.092,-2.63,25.983,7.959,3.027,5,0
CN(C)[C@@H]1C(=O)/C(=C(/O)NC(C(=O)O)N2CCN(CCO)CC2)C(=O)[C@@]2(O)C(=O)C3=C(O)c4c(O)cccc4[C@@](C)(O)[C@H]3C[C@@H]12,630.65,630.25,-1.72,231.64,155.58,0.5333,0.0725,45,8,14,7,5,1,0,15,257.82,0.507,0.341,14.19,-3.0,6,0.1333,0,0,4,3,1,0,1,1,0,1510.721,1.583,4704794286.589,-3.86,32.531,11.495,4.902,6,1
CN(C)[C@@H]1C(=O)/C(=C(/O)NCN2CCCC(C(=O)O)C2)C(=O)[C@@]2(O)C(=O)C3=C(O)c4c(O)cccc4[C@@](C)(O)[C@H]3C[C@@H]12,585.61,585.23,0.01,208.17,145.86,0.5172,0.1053,42,7,12,5,5,1,0,13,240.9,0.507,0.307,14.094,-2.884,6,0.1429,0,0,4,3,1,0,1,1,0,1446.705,1.568,1182324567.82,-3.78,29.703,10.191,4.217,6,1
CN(C)[C@@H]1C(=O)/C(=C(/O)NCN2CCCC2)C(=O)[C@@]2(O)C(=O)C3=C(O)c4c(O)cccc4[C@@](C)(O)[C@H]3C[C@@H]12,527.57,527.23,0.31,170.87,134.73,0.5185,0.1378,38,6,11,4,5,1,0,11,219.22,0.507,0.211,14.011,-2.792,6,0.1579,0,0,4,3,1,0,1,1,0,1292.987,1.648,259083035.894,-3.25,26.361,8.907,3.527,5,0
CN(C)[C@@H]1C(=O)/C(=C(/O)NCNC(C(=O)NC2C(=O)N3C2SC(C)(C)C3C(=O)O)c2ccccc2)C(=O)[C@@]2(O)C(=O)C3=C(O)c4c(O)cccc4[C@@](C)(O)[C@H]3C[C@@H]12,805.86,805.26,0.18,266.37,201.9,0.4359,0.0409,57,9,15,9,7,2,0,18,329.96,0.507,0.327,14.37,-2.999,12,0.2105,0,0,5,4,2,0,2,2,2,2187.288,1.158,1659292440732.392,-5.27,39.946,13.69,5.831,9,4
CN(C)[C@@H]1C(=O)/C(=C(/O)NCO)C(=O)[C@@]2(O)C(=O)C3=C(O)c4c(O)ccc(Cl)c4[C@@](C)(O)[C@H]3C[C@@H]12,508.91,508.12,-0.14,187.86,121.16,0.4348,0.0946,35,7,11,3,4,1,0,12,204.1,0.507,0.211,13.813,-2.898,6,0.1714,0,0,3,2,0,0,0,0,0,1235.591,2.025,30504753.442,-2.96,25.142,8.036,3.158,5,0
CN(C)[C@@H]1C(=O)/C(=C(\N)O)C(=O)[C@@]2(O)C(=O)C3=C(O)c4c(O)ccc(Cl)c4[C@@H](O)[C@H]3C[C@@H]12,464.86,464.1,0.11,181.62,110.51,0.381,0.1443,32,6,10,1,4,1,0,11,186.37,0.507,0.211,13.542,-2.837,6,0.1875,0,0,3,2,0,0,0,0,0,1152.699,2.008,8230700.669,-2.92,22.28,7.041,2.605,5,0
CN(C)[C@@H]1C(=O)/C(=C(\N)O)C(=O)[C@@]2(O)C(=O)C3=C(O)c4c(O)ccc(Cl)c4[C@@](C)(O)[C@H]3C[C@@H]12,478.89,478.11,0.28,181.62,115.12,0.4091,0.1418,33,6,10,1,4,1,0,11,192.73,0.507,0.211,13.684,-2.854,6,0.1818,0,0,3,2,0,0,0,0,0,1197.021,2.05,10976432.092,-2.92,23.245,7.038,2.749,5,0
CN(C)[C@@H]1C(=O)/C(=C(\N)O)C(=O)[C@@]2(O)C(=O)C3=C(O)c4c(O)ccc(Cl)c4[C@@](C)(O)[C@H]3C[C@@H]12.[Cl-].[H+],515.35,514.09,-2.6,181.62,116.23,0.4091,0.1005,34,6,10,1,4,1,0,12,206.37,1.0,1.0,13.684,-2.854,6,0.1714,1,1,3,2,0,0,0,0,0,1208.081,0.0,10976432.092,-2.63,25.983,7.959,3.027,5,0
CN(C)[C@@H]1C(=O)/C(=C(\N)O)C(=O)[C@@]2(O)C(=O)C3=C(O)c4c(O)ccc([N+](=O)[O-])c4C[C@H]3C[C@@H]12,459.41,459.13,-0.13,204.53,110.9,0.381,0.0983,33,5,11,2,4,1,0,12,185.92,0.507,0.273,13.54,-2.82,6,0.1818,1,1,3,2,0,0,0,0,0,1211.577,1.981,12957846.498,-3.77,22.425,7.117,2.804,4,0
CN(C)[C@@H]1C(=O)/C(=C(\N)O)C(=O)[C@@]2(O)C(=O)C3=C(O)c4c(O)cccc4[C@@H](O)[C@H]3C[C@@H]12,430.41,430.14,-0.55,181.62,105.5,0.381,0.1464,31,6,10,1,4,1,0,10,176.06,0.507,0.211,13.49,-2.799,6,0.1935,0,0,3,2,0,0,0,0,0,1100.597,1.99,5616927.446,-3.21,21.038,6.643,2.522,5,0
CN(C)[C@@H]1C(=O)/C(=C(\N)O)C(=O)[C@@]2(O)C(=O)C3=C(O)c4c(O)cccc4[C@@](C)(O)[C@H]3C[C@@H]12,444.44,444.15,-0.37,181.62,110.11,0.4091,0.1446,32,6,10,1,4,1,0,10,182.43,0.507,0.211,13.632,-2.816,6,0.1875,0,0,3,2,0,0,0,0,0,1144.585,2.028,7541988.527,-3.21,22.001,6.644,2.478,5,0
CN(C)[C@@H]1C(=O)/C(=C(\N)O)C(=O)[C@@]2(O)C(=O)C3=C(O)c4c(O)cccc4[C@@](C)(O)[C@H]3[C@H](O)[C@@H]12.O.O,496.47,496.17,-3.05,264.85,118.73,0.4091,0.0888,35,7,11,1,4,1,0,13,198.18,0.507,0.211,13.667,-3.095,6,0.1714,0,0,3,2,0,0,0,0,0,1181.842,0.0,11236188.576,-3.33,27.911,8.407,3.206,6,0
CN(C)[C@@H]1C(=O)/C(=C(\N)O)C(=O)[C@@]2(O)C(=O)C3=C(O)c4c(ccc(N)c4O)C[C@H]3C[C@@H]12,429.43,429.15,-0.45,187.41,108.66,0.381,0.0852,31,6,10,1,4,1,0,10,176.61,0.507,0.211,13.509,-2.71,6,0.1935,0,0,3,2,0,0,0,0,0,1116.215,1.961,5458718.698,-3.37,20.885,6.562,2.548,4,0
CN(C)c1cc(-c2n[nH]c(N)n2)ccn1,204.24,204.11,0.51,83.72,58.35,0.2222,0.7444,15,2,5,2,2,2,0,6,87.15,0.368,0.216,5.459,0.313,11,0.7333,0,0,0,0,2,2,0,0,0,461.131,2.406,3744.532,-2.11,9.445,3.564,1.877,0,0
CN(C)c1cc(-c2nc(N)n[nH]2)ccn1,204.24,204.11,0.51,83.72,58.35,0.2222,0.7444,15,2,5,2,2,2,0,6,87.15,0.366,0.239,5.434,0.244,11,0.7333,0,0,0,0,2,2,0,0,0,461.131,2.406,3744.532,-2.11,9.445,3.564,1.877,0,0
CN(C)c1ccc(O)c2c1C[C@H]1C[C@H]3[C@H](N(C)C)C(O)=C(C(N)=O)C(=O)[C@@]3(O)C(O)=C1C2=O,457.48,457.18,0.19,164.63,118.0,0.4348,0.3984,33,5,9,3,4,1,0,10,189.76,0.51,0.255,13.493,-2.626,6,0.1818,0,0,3,0,0,0,0,0,1,1166.831,1.977,12957846.498,-3.37,22.811,7.324,2.903,4,0
CN(C)c1cnccn1,123.16,123.08,0.54,29.02,36.36,0.3333,0.5455,9,0,3,1,1,1,0,3,54.36,0.361,0.146,4.042,0.887,6,0.6667,0,0,0,0,1,1,0,0,0,170.918,2.848,129.225,-1.12,6.007,2.437,1.384,0,0
CN(C/C=C/c1ccccc1)CCOC(c1ccccc1)c1ccccc1,357.5,357.21,5.44,12.47,113.65,0.2,0.5056,27,0,2,9,3,3,0,2,162.28,0.367,0.108,6.284,-0.027,18,0.6667,0,0,0,0,0,0,0,0,0,760.002,1.523,1999344.971,-2.68,19.092,10.464,6.208,0,0
CN(CCCN1c2ccccc2CCc2ccccc21)CC(=O)c1ccc(Cl)cc1.[Cl-].[H+],455.43,454.16,2.9,23.55,126.31,0.2692,0.5123,31,0,3,7,4,3,0,5,197.08,1.0,1.0,12.509,0.0,18,0.5625,1,1,1,0,1,0,1,0,0,978.845,0.0,8653416.734,-2.33,23.336,10.81,5.677,0,0
CN(CCN(C)CN/C(O)=C1\C(=O)[C@@H](N(C)C)[C@@H]2C[C@H]3C(=C(O)c4c(O)cccc4[C@@]3(C)O)C(=O)[C@]2(O)C1=O)CN/C(O)=C1\C(=O)[C@@H](N(C)C)[C@@H]2C[C@H]3C(=C(O)c4c(O)cccc4[C@@]3(C)O)C(=O)[C@]2(O)C1=O,1001.06,1000.41,-0.69,341.74,253.11,0.48,0.0436,72,12,22,11,8,2,0,22,412.61,0.507,0.211,14.409,-2.988,12,0.1667,0,0,6,4,0,0,0,0,0,2690.882,0.965,1501770227696556.8,-6.5,51.842,17.618,7.287,10,0
CN(CCc1cc2cccc3c2n1-c1ccccc1CC3)Cc1ccccc1,366.51,366.21,5.4,8.17,117.16,0.2308,0.4588,28,0,2,5,5,4,0,2,166.59,0.313,0.056,2.531,0.989,21,0.75,0,0,1,0,2,1,1,0,0,1107.953,1.484,5150142.629,-2.84,17.271,7.291,3.142,0,0
CN(Cc1cnc2nc(N)nc(N)c2n1)c1ccc(C(=O)N[C@@H](CCC(=O)O)C(=O)O)cc1,454.45,454.17,0.27,210.54,118.26,0.25,0.2947,33,5,10,9,3,3,0,13,187.03,0.481,0.326,12.37,-1.3,16,0.4848,0,0,0,0,2,2,0,0,1,1201.029,1.675,15580631.754,-4.55,23.12,9.72,5.782,1,0
CN(N=O)C(=O)N[C@H]1[C@@H](O)O[C@H](CO)[C@@H](O)[C@@H]1O,265.22,265.09,-2.89,151.92,55.86,0.875,0.271,18,5,8,3,1,0,0,10,101.71,0.394,0.34,11.303,-1.635,0,0.0,0,0,1,1,1,0,1,1,2,315.066,2.707,7908.625,-1.33,14.73,6.019,2.914,5,0
CN(c1nc2ccccc2s1)C1CCN(CC(O)COc2ccc(F)cc2)CC1,415.53,415.17,3.78,48.83,115.39,0.4091,0.6365,29,1,6,7,4,3,0,7,173.9,0.491,0.186,12.927,-0.571,15,0.5172,0,0,1,1,2,1,1,1,0,892.212,1.235,6091723.075,-2.22,20.069,9.069,5.04,1,1
CN/C(=C\[N+](=O)[O-])NCCSCc1ccc(CN(C)C)o1,314.41,314.14,1.46,83.58,84.4,0.5385,0.3841,21,2,7,10,1,1,0,8,128.46,0.464,0.274,10.349,-0.485,5,0.2381,1,1,0,0,1,1,0,0,0,473.736,2.218,43242.95,-1.67,17.382,9.3,7.618,0,0
CN1/C(=C(/O)Nc2ccccn2)C(=O)c2ccccc2S1(=O)=O,331.35,331.06,1.74,99.6,83.24,0.0667,0.6422,23,2,6,2,3,2,0,8,132.5,0.493,0.265,12.562,-3.906,12,0.5217,0,0,1,0,2,1,1,0,0,907.329,2.135,164390.103,-2.87,15.042,5.398,2.423,0,0
CN1/C(=C(\O)Nc2ccccn2)C(=O)c2sccc2S1(=O)=O,337.38,337.02,1.8,99.6,81.11,0.0769,0.6402,22,2,7,2,3,2,0,9,130.14,0.493,0.265,12.434,-3.852,11,0.5,0,0,1,0,3,2,1,0,0,871.7,2.109,123740.033,-2.39,14.543,5.109,2.143,0,0
CN1C(=O)C(O)N=C(c2ccccc2)c2cc(Cl)ccc21,300.75,300.07,2.47,52.9,82.95,0.125,0.8794,21,1,3,1,3,2,0,5,126.86,0.364,0.278,12.105,-1.42,12,0.5714,0,0,1,0,1,0,1,0,1,728.312,2.272,74196.397,-2.17,13.797,5.313,2.436,1,1
CN1C(=O)C(O)N=C(c2ccccc2Cl)c2cc(Cl)ccc21,335.19,334.03,3.13,52.9,87.96,0.125,0.8705,22,1,3,1,3,2,0,6,137.16,0.364,0.278,12.157,-1.484,12,0.5455,0,0,1,0,1,0,1,0,1,789.465,2.306,106439.894,-1.88,15.033,5.723,2.497,1,1
CN1C(=O)C(O)N=C(c2ccccc2F)c2cc(Cl)ccc21,318.74,318.06,2.61,52.9,82.91,0.125,0.8785,22,1,3,1,3,2,0,6,131.02,0.364,0.278,14.129,-1.592,12,0.5455,0,0,1,0,1,0,1,0,1,791.465,2.306,106439.894,-2.24,14.687,5.514,2.382,1,1
CN1C(=O)CC(=O)N(c2ccccc2)c2cc(C(F)(F)F)ccc21,334.3,334.09,3.74,40.62,83.06,0.1765,0.7457,24,0,2,1,3,2,0,7,135.65,0.416,0.313,13.076,-4.546,12,0.5,0,0,1,0,1,0,1,0,2,803.228,2.252,228842.511,-2.83,16.043,5.666,2.728,0,0
CN1C(=O)CC(=O)N(c2ccccc2)c2cc(Cl)ccc21,300.75,300.07,3.37,40.62,83.07,0.125,0.7577,21,0,2,1,3,2,0,5,127.09,0.313,0.241,12.48,-0.265,12,0.5714,0,0,1,0,1,0,1,0,2,715.472,2.237,71190.111,-2.33,13.644,5.22,2.383,0,0
CN1C(=O)CC(C)(c2ccccc2)C1=O,203.24,203.09,1.33,37.38,56.19,0.3333,0.6457,15,0,2,1,2,1,0,3,88.7,0.285,0.239,11.943,-0.674,6,0.4,0,0,1,1,1,0,1,1,2,412.89,2.451,3033.5,-1.64,9.898,3.19,1.349,1,1
CN1C(=O)CC(c2ccccc2)C1=O,189.21,189.08,1.16,37.38,51.58,0.2727,0.6215,14,0,2,1,2,1,0,3,82.33,0.285,0.236,11.621,-0.27,6,0.4286,0,0,1,1,1,0,1,1,2,372.134,2.303,2217.402,-1.64,8.936,3.253,1.306,1,1
CN1C(=O)CC2(CCN(CCCC(=O)c3ccc(F)cc3)CC2)C1=O,346.4,346.17,2.26,57.69,90.47,0.5263,0.6061,25,0,4,5,3,1,0,6,146.33,0.303,0.235,12.881,-0.494,6,0.24,0,0,2,2,2,0,2,2,2,678.415,1.44,472873.035,-2.08,17.734,7.038,3.635,0,0
CN1C(=O)CCC1c1cccnc1,176.22,176.09,1.37,33.2,48.98,0.4,0.6472,13,0,2,1,2,1,0,3,77.39,0.339,0.222,11.263,0.23,6,0.4615,0,0,1,1,2,1,1,1,1,309.961,2.236,1536.369,-1.38,8.229,3.166,1.414,1,1
CN1C(=O)CCS(=O)(=O)C1c1ccc(Cl)c(Cl)c1,308.19,306.98,2.27,54.45,70.38,0.3636,0.7995,18,0,3,1,2,1,0,7,115.4,0.325,0.224,12.064,-3.385,6,0.3333,0,0,1,1,1,0,1,1,1,600.306,2.513,8709.358,-0.78,13.647,4.718,2.346,1,1
CN1C(=O)CCS(=O)(=O)C1c1ccc(Cl)cc1,273.74,273.02,1.62,54.45,65.37,0.3636,0.7812,17,0,3,1,2,1,0,6,105.1,0.325,0.224,11.996,-3.31,6,0.3529,0,0,1,1,1,0,1,1,1,538.34,2.46,5932.865,-1.07,12.389,4.309,2.302,1,1
CN1C(=O)CN(C(N)=O)C(c2ccccc2)c2cc(Cl)ccc21,329.79,329.09,2.79,66.64,89.44,0.1765,0.8738,23,1,2,1,3,2,0,6,138.79,0.351,0.316,12.397,-0.645,12,0.5217,0,0,1,0,1,0,1,0,3,763.689,2.266,175846.229,-2.53,15.369,5.929,2.752,1,1
CN1C(=O)CN2CCc3ccccc3C2c2cc(Cl)ccc21,312.8,312.1,3.26,23.55,88.42,0.2778,0.7452,22,0,2,0,4,2,0,4,134.65,0.314,0.24,12.48,0.104,12,0.5455,0,0,2,0,2,0,2,0,1,758.502,1.969,164034.704,-1.84,13.798,5.111,2.043,1,1
CN1C(=O)CN=C(C2=CCCCC2)c2cc(Cl)ccc21,288.78,288.1,3.61,32.67,82.82,0.375,0.7769,20,0,2,1,3,1,0,4,123.5,0.313,0.248,12.056,0.014,6,0.3,0,0,2,0,1,0,1,0,1,618.903,2.144,50100.214,-1.61,13.377,5.408,2.38,0,0
CN1C(=O)CN=C(C2=CCCCC2)c2cc([N+](=O)[O-])ccc21,299.33,299.13,2.86,75.81,84.46,0.375,0.6221,22,0,4,2,3,1,0,6,127.85,0.313,0.27,12.089,-0.417,6,0.2727,1,1,2,0,1,0,1,0,1,706.588,2.166,124799.422,-2.5,14.438,5.71,2.518,0,0
CN1C(=O)CN=C(c2ccccc2)c2cc(Cl)ccc21,284.75,284.07,3.15,32.67,81.81,0.125,0.7916,20,0,2,1,3,2,0,4,122.06,0.313,0.248,12.024,-0.028,12,0.6,0,0,1,0,1,0,1,0,1,694.878,2.23,50100.214,-2.13,12.881,5.098,2.208,0,0
CN1C(=O)CN=C(c2ccccc2)c2cc([N+](=O)[O-])ccc21,295.3,295.1,2.41,75.81,83.45,0.125,0.6303,22,0,4,2,3,2,0,6,126.41,0.313,0.27,12.057,-0.449,12,0.5455,1,1,1,0,1,0,1,0,1,784.478,2.24,124799.422,-3.02,13.94,5.401,2.347,0,0
CN1C(=O)CN=C(c2ccccc2F)c2cc(Cl)ccc21,302.74,302.06,3.29,32.67,81.77,0.125,0.7954,21,0,2,1,3,2,0,5,126.23,0.313,0.248,14.083,-0.376,12,0.5714,0,0,1,0,1,0,1,0,1,757.692,2.263,72040.14,-2.2,13.768,5.296,2.426,0,0
CN1C(=O)CN=C(c2ccccc2F)c2cc([N+](=O)[O-])ccc21,313.29,313.09,2.55,75.81,83.41,0.125,0.6313,23,0,4,2,3,2,0,7,130.58,0.313,0.27,14.141,-0.536,12,0.5217,1,1,1,0,1,0,1,0,1,848.214,2.274,179383.083,-3.09,14.831,5.601,2.565,0,0
CN1C(=O)NC(=O)C(C)(C2=CCCCC2)C1=O,236.27,236.12,1.2,66.48,60.97,0.5833,0.5492,17,1,3,1,2,0,0,5,99.85,0.33,0.276,12.171,-1.205,0,0.0,0,0,2,1,1,0,1,1,4,427.467,2.4,6970.579,-1.65,11.824,3.98,1.656,1,1
CN1C(=O)OC(C)(C)C1=O,143.14,143.06,0.37,46.61,33.33,0.6667,0.4919,10,0,3,0,1,0,0,4,58.75,0.433,0.417,11.017,-0.966,0,0.0,0,0,1,1,1,0,1,1,2,197.17,2.921,140.428,-1.06,7.052,1.713,0.761,0,0
CN1C(=S)CN=C(c2ccccc2)c2cc(Cl)ccc21,300.81,300.05,3.95,15.6,89.4,0.125,0.741,20,0,2,1,3,2,0,4,128.26,0.337,0.104,6.16,0.516,12,0.6,0,0,1,0,1,0,1,0,0,694.878,2.23,50100.214,-1.71,13.281,5.348,2.346,0,0
CN1C(CC(=O)c2ccccc2)CCCC1CC(O)c1ccccc1,337.46,337.2,4.24,40.54,100.6,0.4091,0.8018,25,1,3,6,3,2,0,3,149.85,0.388,0.164,12.533,-0.447,12,0.48,0,0,1,1,1,0,1,1,0,670.941,1.607,606913.627,-1.97,17.84,8.413,4.559,3,3
CN1C(CCl)Nc2cc(Cl)c(S(N)(=O)=O)cc2S1(=O)=O,360.24,358.96,0.6,109.57,75.9,0.3333,0.7508,20,2,5,2,2,1,0,11,126.3,0.367,0.246,12.312,-4.122,6,0.3,0,0,1,0,1,0,1,0,0,763.642,2.751,17354.878,-0.58,15.802,5.005,2.491,1,1
CN1C(CSCC(F)(F)F)Nc2cc(Cl)c(S(N)(=O)=O)cc2S1(=O)=O,439.89,438.97,1.66,109.57,88.56,0.4545,0.7379,25,2,6,4,2,1,0,14,151.34,0.397,0.367,12.541,-4.373,6,0.24,0,0,1,0,1,0,1,0,0,889.813,2.386,133132.966,-0.73,20.58,6.776,4.518,1,1
CN1C2CCC1CC(OC(=O)C(C)(CO)c1ccccc1)C2,303.4,303.18,2.1,49.77,84.57,0.6111,0.8656,22,1,4,4,3,1,0,4,131.63,0.462,0.318,12.684,-0.982,6,0.2727,0,0,2,2,2,0,2,2,0,518.394,1.707,125925.96,-1.39,15.504,6.012,2.656,3,3
CN1C2CCC1CC(OC(=O)C(CO)c1ccccc1)C2,289.38,289.17,1.93,49.77,79.96,0.5882,0.8606,21,1,4,4,3,1,0,4,125.26,0.462,0.316,12.362,-0.566,6,0.2857,0,0,2,2,2,0,2,2,0,476.068,1.633,86059.573,-1.39,14.543,6.159,2.965,3,3
CN1C2CCC1CC(OC(=O)C(O)c1ccccc1)C2,275.35,275.15,1.89,49.77,75.09,0.5625,0.8559,20,1,4,3,3,1,0,4,118.9,0.46,0.339,12.041,-1.173,6,0.3,0,0,2,2,2,0,2,2,0,461.87,1.598,51912.205,-1.39,13.587,5.541,2.58,3,3
CN1C2CCC1CC(OC(=O)[C@H](CO)c1ccccc1)C2,289.38,289.17,1.93,49.77,79.96,0.5882,0.8606,21,1,4,4,3,1,0,4,125.26,0.462,0.316,12.362,-0.566,6,0.2857,0,0,2,2,2,0,2,2,0,476.068,1.633,86059.573,-1.39,14.543,6.159,2.965,3,2
CN1C2CCC1CC(OC(c1ccccc1)c1ccccc1)C2.O=S(=O)(O)O,405.52,405.16,3.77,87.07,107.58,0.4286,0.7533,28,2,4,4,4,2,0,7,166.27,0.394,0.365,8.743,-4.667,12,0.4286,0,0,2,2,2,0,2,2,0,782.114,0.0,1853482.073,-1.77,20.951,9.152,5.862,2,2
CN1CC(=O)N=C1NC(=O)Nc1cccc(Cl)c1,266.69,266.06,1.29,73.8,68.68,0.1818,0.8044,18,2,3,1,2,1,0,7,108.63,0.336,0.326,11.648,-0.474,6,0.3333,0,0,1,0,1,0,1,0,3,529.529,1.973,12296.004,-2.08,12.379,5.053,2.981,0,0
CN1CC(CSc2ccccn2)C=C2c3cccc4[nH]cc(c34)CC21,347.49,347.15,4.22,31.92,104.85,0.2857,0.7199,25,1,3,3,5,3,0,4,151.7,0.361,0.096,4.442,0.505,15,0.6,0,0,2,0,3,2,1,0,0,944.189,1.484,1316365.135,-2.04,15.233,6.042,2.604,2,2
CN1CC2c3ccccc3Oc3ccc(Cl)cc3C2C1,285.77,285.09,4.26,12.47,80.95,0.2941,0.7171,20,0,2,0,4,2,0,3,123.48,0.457,0.131,6.199,0.456,12,0.6,0,0,2,1,2,0,2,1,0,669.79,1.934,70252.693,-1.51,12.247,4.505,1.831,2,2
CN1CC=C(c2ccccc2)CC1,173.26,173.12,2.41,3.24,56.53,0.3333,0.6301,13,0,1,1,2,1,0,1,79.69,0.302,0.017,2.34,1.088,6,0.4615,0,0,1,0,1,0,1,0,0,300.16,2.188,1444.824,-1.08,8.515,3.754,1.985,0,0
CN1CCC(=C2c3ccccc3C(O)c3ccccc32)CC1,291.39,291.16,3.61,23.47,89.7,0.3,0.8013,22,1,2,0,4,2,0,2,131.26,0.384,0.105,10.741,-0.511,12,0.5455,0,0,2,1,1,0,1,1,0,687.377,1.951,189851.328,-1.9,13.742,5.381,2.109,0,0
CN1CCC(=C2c3ccccc3CCc3sccc32)CC1,295.45,295.14,4.37,3.24,90.92,0.3684,0.6972,21,0,2,0,4,2,0,2,130.47,0.306,0.013,2.446,1.181,11,0.5238,0,0,2,1,2,1,1,1,0,685.097,1.913,140861.314,-1.38,13.295,5.433,2.366,0,0
CN1CCC(=C2c3ccccc3Oc3ccc(Cl)cc32)CC1,311.81,311.11,4.97,12.47,90.72,0.2632,0.5807,22,0,2,0,4,2,0,3,135.52,0.456,0.135,6.245,0.757,12,0.5455,0,0,2,1,2,0,2,1,0,755.781,1.93,175293.372,-1.77,13.863,5.454,2.327,0,0
CN1CCC(=C2c3ccccc3Sc3ccccc32)CC1,293.44,293.12,4.68,3.24,89.76,0.2632,0.5919,21,0,2,0,4,2,0,2,130.22,0.306,0.02,2.43,1.177,12,0.5714,0,0,2,1,2,0,2,1,0,659.511,1.915,124100.384,-1.51,13.174,5.358,2.326,0,0
CN1CCC(C)(CN2c3ccccc3Sc3ccccc32)C1,310.47,310.15,4.63,6.48,94.23,0.3684,0.7982,22,0,3,2,4,2,0,3,136.67,0.339,0.055,2.542,0.358,12,0.5455,0,0,2,1,2,0,2,1,0,653.839,1.748,183377.514,-1.45,14.162,5.323,2.424,1,1
CN1CCC(OC2c3ccccc3CCc3ccccc32)CC1,307.44,307.19,3.99,12.47,93.74,0.4286,0.8317,23,0,2,2,4,2,0,2,138.63,0.365,0.108,6.687,0.096,12,0.5217,0,0,2,1,1,0,1,1,0,625.547,1.686,344479.487,-1.64,14.921,6.464,3.06,0,0
CN1CCC2(C)CC(Cc3ccc(O)cc32)C1,231.34,231.16,2.55,23.47,69.38,0.6,0.7415,17,1,2,0,3,1,0,2,103.26,0.508,0.115,9.712,0.266,6,0.3529,0,0,2,1,1,0,1,1,0,442.548,2.074,8916.719,-1.02,11.092,3.74,1.846,2,2
CN1CCC23c4c5ccc(O)c4OC2C(O)CCC3C1C5,287.36,287.15,1.42,52.93,77.67,0.6471,0.7576,21,2,4,0,5,1,0,4,123.88,0.504,0.165,10.527,-0.414,6,0.2857,0,0,4,2,2,0,2,1,0,630.706,1.813,132503.362,-1.26,12.301,3.734,1.253,5,5
CN1CCC23c4c5ccc(O)c4OC2CCCC3C1C5,271.36,271.16,2.45,32.7,76.28,0.6471,0.7865,20,1,3,0,5,1,0,3,119.09,0.504,0.165,10.224,0.205,6,0.3,0,0,4,2,2,0,2,1,0,598.898,1.817,89624.716,-1.22,11.441,3.507,1.095,4,4
CN1CCC2=C(C1)c1ccccc1Cc1ccccc12,261.37,261.15,3.84,3.24,84.62,0.2632,0.6963,20,0,1,0,4,2,0,1,120.1,0.302,0.024,2.434,1.059,12,0.6,0,0,2,0,1,0,1,0,0,696.417,2.014,76322.131,-1.86,11.925,4.604,1.816,0,0
CN1CCC2=C(CC1)c1cc(C#N)ccc1Sc1ccccc12,318.45,318.12,4.66,27.03,95.27,0.25,0.7067,23,0,3,0,4,2,0,3,140.98,0.306,0.099,9.296,0.75,12,0.5217,0,0,2,0,2,0,2,0,0,844.96,1.983,319233.721,-2.02,14.565,5.882,2.586,0,0
CN1CCC2=C(CC1)c1ccccc1N(C)c1ccccc12,290.41,290.18,4.4,6.48,94.49,0.3,0.7091,22,0,2,0,4,2,0,2,132.23,0.344,0.048,2.448,1.13,12,0.5455,0,0,2,0,2,0,2,0,0,683.377,2.012,198946.653,-2.06,13.592,5.292,2.064,0,0
CN1CCC2=C(CC1)c1ccccc1Oc1ccccc12,277.37,277.15,4.43,12.47,86.5,0.2632,0.7061,21,0,2,0,4,2,0,2,125.22,0.456,0.134,6.207,0.986,12,0.5714,0,0,2,0,2,0,2,0,0,657.511,1.973,129072.521,-2.06,12.663,5.046,2.16,0,0
CN1CCCC(CN2c3ccccc3Sc3ccccc32)C1,310.47,310.15,4.63,6.48,94.23,0.3684,0.7982,22,0,3,2,4,2,0,3,136.67,0.339,0.055,2.547,0.753,12,0.5455,0,0,2,1,2,0,2,1,0,624.49,1.682,194296.072,-1.45,14.162,5.977,2.637,1,1
CN1CCCCC1CCN1c2ccccc2Sc2ccc(S(C)(=O)=O)cc21,402.59,402.14,4.57,40.62,112.01,0.4286,0.7493,27,0,5,4,4,2,0,6,166.03,0.34,0.175,12.087,-3.225,12,0.4444,0,0,2,1,2,0,2,1,0,942.948,1.685,1506045.903,-1.5,18.844,7.491,3.885,1,1
CN1CCCCC1CCN1c2ccccc2Sc2ccc(S(C)=O)cc21,386.59,386.15,4.9,23.55,111.23,0.4286,0.7455,26,0,4,4,4,2,0,5,162.78,0.34,0.056,12.011,-0.958,12,0.4615,0,0,2,1,2,0,2,1,0,823.408,1.655,1167403,-1.3,18.081,7.749,3.572,2,2
CN1CCCN(C(c2ccccc2)c2ccc(Cl)cc2)CC1,314.86,314.15,4.07,6.48,93.42,0.3684,0.8425,22,0,2,3,3,2,0,3,137.86,0.305,0.06,6.073,0.31,12,0.5455,0,0,1,1,1,0,1,1,0,582.144,1.936,153509.136,-1.35,15.542,7.275,3.696,1,1
CN1CCC[C@H]1c1cccnc1,162.24,162.12,1.85,16.13,48.84,0.5,0.6262,12,0,2,1,2,1,0,2,73.23,0.299,0.036,4.137,0.61,6,0.5,0,0,1,1,2,1,1,1,0,245.275,2.195,1072.901,-0.89,7.743,3.233,1.345,1,0
CN1CCCc2cccc(OCC3CNCCO3)c21,262.35,262.17,1.44,33.73,76.14,0.6,0.8934,19,1,4,3,3,1,0,4,114.24,0.489,0.143,6.008,0.165,6,0.3158,0,0,2,1,2,0,2,1,0,430.154,1.699,36382.59,-1.26,12.758,5.8,2.847,1,1
CN1CCN(/C=C2\N=C3CN=C(c4ccccc4Cl)c4cc([N+](=O)[O-])ccc4N3C2=O)CC1,464.91,464.14,2.93,94.65,127.13,0.2609,0.3952,33,0,7,3,5,2,0,10,194.98,0.373,0.284,13.417,-0.463,12,0.3636,1,1,3,1,3,0,3,1,1,1246.508,1.604,37913570.021,-3.56,21.294,8.417,3.896,0,0
CN1CCN(C(=O)Cc2ccc(Cl)c(Cl)c2)[C@@H](CN2CCCC2)C1,370.32,369.14,2.77,26.79,98.84,0.6111,0.8157,24,0,3,4,3,1,0,6,153.85,0.336,0.227,12.867,0.186,6,0.25,0,0,2,2,2,0,2,2,1,589.627,1.662,362680.983,-0.81,17.995,8.046,4.423,1,0
CN1CCN(C(=O)OC2C3=C(SCCS3)C(=O)N2c2ccc3ccc(Cl)nc3n2)CC1,478.0,477.07,3.03,78.87,123.32,0.4,0.6106,31,0,8,2,5,2,0,11,192.49,0.42,0.412,13.29,-0.823,10,0.3226,0,0,3,1,5,2,3,1,2,1089.67,1.475,17290294.295,-2.01,20.868,8.496,3.972,1,1
CN1CCN(C(=O)OC2c3nccnc3C(=O)N2c2ccc(Cl)cn2)CC1,388.82,388.11,1.57,91.76,96.38,0.3529,0.7705,27,0,7,2,4,2,0,10,160.07,0.419,0.412,12.832,-1.026,12,0.4444,0,0,2,1,4,2,2,1,2,869.227,1.631,1978765.974,-2.78,17.625,7.087,3.308,1,1
CN1CCN(C(c2ccccc2)c2ccc(Cl)cc2)CC1,300.83,300.14,3.68,6.48,88.81,0.3333,0.8531,21,0,2,3,3,2,0,3,131.5,0.304,0.06,6.047,0.317,12,0.5714,0,0,1,1,1,0,1,1,0,559.532,1.929,89330.485,-1.35,14.582,6.609,3.461,1,1
CN1CCN(C2=Cc3cc(Cl)ccc3/C(=C\C#N)c3ccccc32)CC1,361.88,361.13,4.35,30.27,107.53,0.2273,0.7071,26,0,3,1,4,2,0,4,158.96,0.368,0.092,9.374,0.708,12,0.4615,0,0,2,1,1,0,1,1,0,944.1,1.944,1215707.903,-2.54,16.903,6.993,3.029,0,0
CN1CCN(C2=Nc3cc(F)ccc3Cc3ccccc32)CC1,309.39,309.16,3.06,18.84,90.92,0.3158,0.7447,23,0,3,0,4,2,0,4,135.61,0.354,0.136,13.687,-0.226,12,0.5217,0,0,2,1,2,0,2,1,0,760.96,1.83,295595.179,-2.2,14.396,5.779,2.746,0,0
CN1CCN(C2=Nc3ccccc3Cc3ccccc32)CC1,291.4,291.17,2.92,18.84,90.96,0.3158,0.743,22,0,3,0,4,2,0,3,131.45,0.354,0.136,5.053,0.965,12,0.5455,0,0,2,1,2,0,2,1,0,712.125,1.816,209564.855,-2.13,13.527,5.577,2.417,0,0
CN1CCN(C2=Nc3ccccc3Oc3ccc(Cl)cc32)CC1,327.82,327.11,3.77,28.07,93.24,0.2778,0.737,23,0,4,0,4,2,0,5,140.5,0.454,0.153,6.231,0.695,12,0.5217,0,0,2,1,2,0,2,1,0,766.612,1.838,296082.67,-2.04,14.546,5.871,2.799,0,0
CN1CCN(C2=Nc3ccccc3Sc3ccc(Cl)cc32)CC1,343.88,343.09,4.13,18.84,97.28,0.2778,0.7164,23,0,4,0,4,2,0,5,145.51,0.354,0.137,6.278,0.761,12,0.5217,0,0,2,1,2,0,2,1,0,766.612,1.838,296082.67,-1.49,15.062,6.191,2.986,0,0
CN1CCN(C2=Nc3ccccc3Sc3nccn32)CC1,299.4,299.12,2.13,36.66,84.36,0.3333,0.7466,21,0,6,0,4,2,0,6,127.84,0.339,0.212,4.928,0.984,11,0.5238,0,0,2,1,3,1,2,1,0,684.877,1.787,136959.513,-1.79,12.914,5.199,2.341,0,0
CN1CCN(C2=Nc3cscc3/C(=C/C#N)c3cscc32)CC1,340.48,340.08,3.4,42.63,96.6,0.2941,0.6904,23,0,6,0,4,2,0,6,143.16,0.353,0.138,9.207,0.978,10,0.4348,0,0,2,1,4,2,2,1,0,828.896,1.859,389514.036,-1.94,14.64,5.929,2.51,0,0
CN1CCN(C2=c3ccccc3=Nc3ccc(Cl)cc3N2)CC1,326.83,326.13,2.03,30.87,94.44,0.2778,0.8697,23,1,4,1,4,2,0,5,140.25,0.355,0.116,6.183,0.718,12,0.5217,0,0,2,1,2,0,2,1,0,853.566,1.879,295595.179,-2.04,14.546,5.871,2.799,0,0
CN1CCN(C2Cc3ccccc3Sc3ccc(Cl)cc32)CC1,344.91,344.11,4.34,6.48,97.53,0.3684,0.7596,23,0,3,1,4,2,0,4,146.98,0.304,0.041,6.333,0.425,12,0.5217,0,0,2,1,2,0,2,1,0,710.266,1.758,296082.67,-1.0,15.523,6.481,3.157,1,1
CN1CCN(CC(=O)N2c3ccccc3C(=O)Nc3cccnc32)CC1,351.41,351.17,1.56,68.78,99.72,0.3158,0.8893,26,1,5,2,4,2,0,7,151.77,0.319,0.257,13.224,-0.232,12,0.4615,0,0,2,1,3,1,2,1,2,845.328,1.707,1196975.299,-2.77,16.685,6.855,3.066,0,0
CN1CCN(CC(=O)[C@@]2(O)CC[C@H]3[C@@H]4CCC5=CC(=O)C=C[C@]5(C)[C@H]4[C@@H](O)C[C@@]32C)CC1,442.6,442.28,1.81,81.08,121.9,0.7692,0.694,32,2,6,3,5,0,0,6,190.89,0.393,0.178,13.526,-1.373,0,0.0,0,0,5,4,1,0,1,1,0,875.053,1.401,16133376.03,-1.34,22.452,7.589,3.133,7,0
CN1CCN(CC/C=C2\c3ccccc3Sc3ccc(S(=O)(=O)N(C)C)cc32)CC1,443.64,443.17,3.47,43.86,123.51,0.3913,0.6042,30,0,5,5,4,2,0,7,183.96,0.304,0.242,12.706,-3.47,12,0.4,0,0,2,1,2,0,2,1,0,1055.868,1.668,6289279.077,-1.64,21.587,8.845,4.359,0,0
CN1CCN(CCC(=O)N2c3ccccc3Sc3ccc(C(F)(F)F)cc32)CC1,421.49,421.14,4.47,26.79,107.71,0.381,0.7307,29,0,4,3,4,2,0,8,171.82,0.416,0.304,13.284,-4.453,12,0.4138,0,0,2,1,2,0,2,1,1,910.285,1.617,3599796.581,-2.03,20.251,8.007,4.291,0,0
CN1CCN(CCCN2c3ccccc3Sc3ccc(C(F)(F)F)cc32)CC1,407.51,407.16,4.95,9.72,107.57,0.4286,0.7095,28,0,4,4,4,2,0,7,167.66,0.416,0.34,13.271,-4.331,12,0.4286,0,0,2,1,2,0,2,1,0,831.886,1.55,2413649.144,-1.7,19.609,7.968,4.162,0,0
CN1CCN(CCCN2c3ccccc3Sc3ccc(Cl)cc32)CC1,373.95,373.14,4.58,9.72,107.58,0.4,0.7751,25,0,4,4,4,2,0,5,159.1,0.34,0.057,6.29,0.808,12,0.48,0,0,2,1,2,0,2,1,0,743.471,1.493,758919.74,-1.2,17.226,7.583,3.822,0,0
CN1CCN(CCCN2c3ccccc3Sc3ccc(S(=O)(=O)N(C)C)cc32)CC1,446.64,446.18,3.18,47.1,123.44,0.4545,0.6793,30,0,6,6,4,2,0,8,184.05,0.34,0.242,12.707,-3.47,12,0.4,0,0,2,1,2,0,2,1,0,1001.947,1.589,6289279.077,-1.58,21.644,8.882,4.382,0,0
CN1CCN(CCN2CCN(CCCN3c4ccccc4Sc4ccc(Cl)cc43)CC2)C1=O,486.09,485.2,4.32,33.27,136.12,0.48,0.5831,33,0,5,7,5,2,0,8,205.6,0.34,0.319,12.064,0.175,12,0.3636,0,0,3,2,3,0,3,2,2,996.513,1.111,51263303.222,-1.93,22.842,10.136,5.113,0,0
CN1CCN(c2c(F)cc3c(=O)c(C(=O)O)cn(CCF)c3c2F)CC1,369.34,369.13,1.7,65.78,90.77,0.4118,0.8888,26,1,5,4,3,2,0,9,146.59,0.477,0.341,15.183,-1.534,10,0.3846,0,0,1,1,2,1,1,1,0,921.08,2.274,599532.733,-2.55,18.247,6.987,3.026,0,0
CN1CCN(c2c(F)cc3c(=O)c(C(=O)O)cn4c3c2SCC4)CC1,363.41,363.11,1.7,65.78,95.56,0.4118,0.8761,25,1,6,2,4,2,0,8,147.38,0.477,0.341,14.953,-1.279,10,0.4,0,0,2,1,3,1,2,1,0,935.106,1.974,561646.169,-2.06,16.411,6.031,2.599,0,0
CN1CCN(c2cc3c(cc2F)c(=O)c(C(=O)O)cn3-c2ccc(F)cc2)CC1,399.4,399.14,2.72,65.78,106.13,0.2381,0.7338,29,1,5,3,4,3,0,8,164.75,0.477,0.341,14.901,-1.406,16,0.5517,0,0,1,1,2,1,1,1,0,1150.53,1.971,3652617.372,-3.26,19.074,7.288,3.468,0,0
CN1CCN(c2cc3c(nn2)Oc2ccccc2N3C)CC1,297.36,297.16,2.1,44.73,86.32,0.375,0.803,22,0,6,1,4,2,0,6,129.47,0.434,0.263,5.865,0.569,12,0.5455,0,0,2,1,3,1,2,1,0,696.686,1.666,181999.681,-2.34,13.332,5.136,2.158,0,0
CN1CCN(c2ccccc2Cc2ccccc2)CC1,266.39,266.18,3.03,6.48,85.4,0.3333,0.8423,20,0,2,3,3,2,0,2,121.19,0.369,0.04,2.526,1.017,12,0.6,0,0,1,1,1,0,1,1,0,542.354,1.812,60093.747,-1.8,13.195,6.101,3.021,0,0
CN1CCN(c2ncc(-c3cc(Cl)cc(Cl)c3Cl)c(N)n2)CC1,372.69,371.05,3.44,58.28,96.62,0.3333,0.8184,23,1,5,2,3,2,0,8,149.52,0.383,0.227,6.259,0.356,12,0.5217,0,0,1,1,2,1,1,1,0,729.293,1.941,162191.087,-1.27,16.583,6.69,3.478,0,0
CN1CCN2c3cc(F)ccc3C(c3cccs3)=NCC2C1,315.42,315.12,2.86,18.84,89.86,0.3529,0.8057,22,0,4,1,4,2,0,5,133.25,0.363,0.125,13.858,-0.177,11,0.5,0,0,2,1,3,1,2,1,0,710.699,1.855,205483.817,-1.72,13.91,5.482,2.342,1,1
CN1CCN2c3ccccc3Cc3ccccc3C2C1,264.37,264.16,3.08,6.48,83.27,0.3333,0.7213,20,0,2,0,4,2,0,2,120.19,0.362,0.067,2.612,0.494,12,0.6,0,0,2,1,2,0,2,1,0,634.82,1.902,76322.131,-1.8,11.98,4.637,1.832,1,1
CN1CCN2c3ccccc3Cn3cccc3C2C1.O=C(O)/C=C\C(=O)O,369.42,369.17,2.05,86.01,101.97,0.3,0.7884,27,2,5,2,4,2,0,7,157.29,0.478,0.328,9.554,-1.257,11,0.4074,0,0,2,1,3,1,2,1,0,842.417,0.0,1380116.523,-3.06,18.723,8.092,4.377,1,1
CN1CCN2c3ncccc3Cc3ccccc3C2C1,265.36,265.16,2.48,19.37,81.07,0.3529,0.7293,20,0,3,0,4,2,0,3,119.41,0.347,0.132,4.679,0.432,12,0.6,0,0,2,1,3,1,2,1,0,637.637,1.902,76322.131,-1.87,11.916,4.599,1.813,1,1
CN1CCN=C(c2ccccc2)c2cc(Cl)ccc21,270.76,270.09,3.63,15.6,81.67,0.1875,0.7727,19,0,2,1,3,2,0,3,117.9,0.372,0.074,6.157,0.748,12,0.6316,0,0,1,0,1,0,1,0,0,619.901,2.184,33817.265,-1.8,12.245,5.059,2.361,0,0
CN1CCOC(c2ccccc2)c2ccccc2C1,253.34,253.15,3.24,12.47,77.01,0.2941,0.7733,19,0,2,1,3,2,0,2,114.18,0.367,0.108,6.124,0.061,12,0.6316,0,0,1,0,1,0,1,0,0,537.968,2.031,33761.051,-1.64,12.397,5.555,2.698,1,1
CN1CC[C@@H]2c3cc(Cl)ccc3Oc3ccccc3[C@H]2C1,299.8,299.11,4.65,12.47,85.56,0.3333,0.702,21,0,2,0,4,2,0,3,129.84,0.457,0.131,6.235,0.472,12,0.5714,0,0,2,1,2,0,2,1,0,684.669,1.906,108012.587,-1.51,13.174,5.043,2.229,2,0
CN1CC[C@@]2(C)c3cc(OC(=O)N4CCc5ccccc5C4)ccc3N(C)[C@@H]12,377.49,377.21,3.61,36.02,109.81,0.4348,0.7606,28,0,4,1,5,2,0,5,166.04,0.415,0.41,12.787,-0.258,12,0.4286,0,0,3,1,3,0,3,1,1,943.195,1.367,3954518.272,-2.53,17.56,6.242,2.528,2,0
CN1CC[C@@]2(C)c3cc(OC(=O)Nc4ccccc4)ccc3N(C)[C@@H]12,337.42,337.18,3.67,44.81,99.32,0.35,0.9081,25,1,4,2,4,2,0,5,147.74,0.417,0.41,12.154,-0.47,12,0.48,0,0,2,1,2,0,2,1,1,807.843,1.563,689412.923,-2.53,15.966,5.775,2.552,2,0
CN1CC[C@@]23CCCC[C@@H]2[C@@H]1Cc1ccc(O)cc13,257.38,257.18,3.08,23.47,76.48,0.6471,0.7718,19,1,2,0,4,1,0,2,114.98,0.508,0.115,9.914,0.377,6,0.3158,0,0,3,2,1,0,1,1,0,511.984,1.905,37198.407,-1.02,11.778,3.986,1.525,3,0
CN1CC[C@]23CCCC[C@H]2[C@H]1Cc1ccc(O)cc13,257.38,257.18,3.08,23.47,76.48,0.6471,0.7718,19,1,2,0,4,1,0,2,114.98,0.508,0.115,9.914,0.377,6,0.3158,0,0,3,2,1,0,1,1,0,511.984,1.905,37198.407,-1.02,11.778,3.986,1.525,3,0
CN1CC[C@]23NC(=O)CC(c4cc(Cl)ccc4O2)C3C1,292.77,292.1,1.98,41.57,75.92,0.5333,0.795,20,1,3,0,4,1,0,5,122.59,0.467,0.223,12.065,-0.52,6,0.3,0,0,3,2,3,0,3,2,1,591.236,1.856,48244.739,-1.26,12.478,4.119,1.676,3,2
CN1CC[C@]23c4c5ccc(O)c4O[C@@]2(C)C(=O)CC[C@H]3[C@H]1C5,299.37,299.15,2.02,49.77,81.29,0.6111,0.7961,22,1,4,0,5,1,0,4,129.62,0.504,0.177,12.814,-0.8,6,0.2727,0,0,4,2,2,0,2,1,0,714.529,1.875,178372.696,-1.55,12.941,3.674,1.132,4,0
CN1CC[C@]23c4c5ccc(O)c4O[C@H]2C(=O)CC[C@@]3(O)[C@H]1C5,301.34,301.13,0.75,70.0,78.13,0.5882,0.7397,22,2,5,0,5,1,0,5,128.05,0.504,0.174,12.524,-0.954,6,0.2727,0,0,4,2,2,0,2,1,0,716.856,1.877,182851.992,-1.59,12.905,3.658,1.126,4,0
CN1CC[C@]23c4c5ccc(O)c4O[C@H]2C(=O)CC[C@H]3[C@H]1C5,285.34,285.14,1.63,49.77,76.67,0.5882,0.7869,21,1,4,0,5,1,0,4,123.25,0.504,0.174,12.493,-0.366,6,0.2857,0,0,4,2,2,0,2,1,0,670.244,1.833,132503.362,-1.55,12.04,3.61,1.202,4,0
CN1CC[C@]23c4c5ccc(O)c4O[C@H]2C(O)C=C[C@H]3[C@H]1C5,285.34,285.14,1.2,52.93,77.58,0.5294,0.7033,21,2,4,0,5,1,0,4,123.19,0.504,0.165,10.441,-0.594,6,0.2857,0,0,4,1,2,0,2,1,0,670.244,1.845,132503.362,-1.52,12.067,3.623,1.207,5,1
CN1CC[C@]23c4c5ccc(O)c4O[C@H]2[C@@H](O)CC[C@@]3(O)[C@H]1C5,303.36,303.15,0.54,73.16,79.13,0.6471,0.6522,22,3,5,0,5,1,0,5,128.68,0.504,0.165,11.676,-0.893,6,0.2727,0,0,4,2,2,0,2,1,0,676.868,1.858,182851.992,-1.3,13.168,3.778,1.172,5,0
CN1CC[C@]23c4c5ccc(OC(=O)c6cccnc6)c4O[C@H]2[C@@H](OC(=O)c2cccnc2)C=C[C@H]3[C@H]1C5,495.54,495.18,3.37,90.85,132.54,0.3103,0.3092,37,0,8,4,7,3,0,8,213.44,0.481,0.345,12.994,-0.59,18,0.4865,0,0,4,1,4,2,2,1,0,1426.214,1.295,586101153.585,-4.04,22.18,8.244,3.249,5,0
CN1CCc2cc(Cl)c(O)cc2[C@@H](c2cc(Br)cc3c2OCC3)C1,408.72,407.03,4.36,32.7,99.5,0.3684,0.7607,24,1,3,1,4,2,0,5,154.87,0.506,0.134,10.16,0.15,12,0.5,0,0,2,0,2,0,2,0,0,808.439,1.905,409258.759,-1.23,16.25,6.248,2.808,1,0
CN1CCc2cccc3c2[C@H]1Cc1ccc(O)c(O)c1-3,267.33,267.13,2.85,43.7,77.99,0.2941,0.7213,20,2,3,0,4,2,0,3,117.65,0.504,0.165,10.26,-0.038,12,0.6,0,0,2,0,1,0,1,0,0,708.376,2.054,59831.806,-2.0,11.796,3.996,1.44,1,0
CN1C[C@@H](CC#N)CC2c3cccc4[nH]cc(c34)C[C@H]21,265.36,265.16,3.04,42.82,79.5,0.4706,0.8609,20,1,2,1,4,2,0,3,118.75,0.361,0.062,9.005,0.516,9,0.45,0,0,2,1,2,1,1,1,0,693.813,1.811,78766.453,-1.79,11.989,4.359,1.613,3,1
CN1C[C@@H](NS(=O)(=O)N(C)C)C[C@@H]2c3cccc4c3c(cn4C)C[C@H]21,362.5,362.18,1.29,57.58,99.93,0.5556,0.8951,25,1,4,3,4,2,0,7,149.14,0.35,0.279,12.251,-3.415,9,0.36,0,0,2,1,2,1,1,1,0,918.544,1.712,504348.385,-1.41,17.026,5.805,2.697,3,0
CN1C[C@@H]2[C@@H](Cc3ccc(Cl)cc3[C@H]2c2ccccc2)C1,297.83,297.13,4.21,3.24,87.92,0.3684,0.7621,21,0,1,1,4,2,0,2,131.09,0.306,0.041,6.291,0.489,12,0.5714,0,0,2,1,1,0,1,1,0,651.871,1.86,122919.793,-1.31,13.36,5.153,2.289,3,0
CN1C[C@@H]2c3cc(Cl)ccc3Oc3ccccc3[C@@H]2C1,285.77,285.09,4.26,12.47,80.95,0.2941,0.7171,20,0,2,0,4,2,0,3,123.48,0.457,0.131,6.199,0.456,12,0.6,0,0,2,1,2,0,2,1,0,669.79,1.934,70252.693,-1.51,12.247,4.505,1.831,2,0
CN1C[C@H](C(=O)N[C@]2(C)O[C@@]3(O)[C@@H]4CCCN4C(=O)[C@H](Cc4ccccc4)N3C2=O)C[C@@H]2c3cccc4[nH]cc(c34)C[C@H]21,583.69,583.28,2.08,118.21,157.37,0.4848,0.4331,43,3,6,4,8,3,0,10,249.51,0.361,0.28,14.188,-2.027,15,0.3488,0,0,5,4,5,1,4,4,3,1640.791,1.077,10186305265.479,-3.73,26.865,9.383,3.856,7,0
CN1C[C@H](CN2CC(=O)NC(=O)C2)C=C2c3cccc4[nH]cc(c34)C[C@H]21,350.42,350.17,1.0,68.44,99.48,0.4,0.7931,26,2,4,2,5,2,0,6,151.39,0.361,0.24,11.649,-0.199,9,0.3462,0,0,3,1,3,1,2,1,2,928.434,1.485,1513759.38,-2.44,15.787,5.789,2.485,2,0
CN1Cc2c(-c3noc(C(C)(C)O)n3)ncn2-c2cccc(Cl)c2C1=O,373.8,373.09,2.39,97.28,92.91,0.2941,0.7403,26,1,7,2,4,3,0,9,153.57,0.381,0.258,12.732,-1.255,16,0.6154,0,0,1,0,3,2,1,0,1,1017.823,1.902,944631.691,-2.71,16.742,5.649,2.493,0,0
CN1Cc2c(-c3noc(C(C)(CO)CO)n3)ncn2-c2cccc(Cl)c2C1=O,403.83,403.1,1.4,117.51,99.19,0.3333,0.6756,28,2,8,4,4,3,0,10,164.73,0.395,0.257,12.787,-1.061,16,0.5714,0,0,1,0,3,2,1,0,1,1056.181,1.857,3044949.725,-2.75,18.606,6.695,2.703,0,0
CN1Cc2c(-c3noc(C(C)(O)CO)n3)ncn2-c2cccc(Cl)c2C1=O,389.8,389.09,1.36,117.51,94.32,0.2941,0.6939,27,2,8,3,4,3,0,10,158.37,0.393,0.261,12.743,-1.658,16,0.5926,0,0,1,0,3,2,1,0,1,1041.876,1.874,1716251.232,-2.75,17.653,6.153,2.709,1,1
CN1Cc2c(-c3noc([C@](C)(O)CO)n3)ncn2-c2cccc(Cl)c2C1=O,389.8,389.09,1.36,117.51,94.32,0.2941,0.6939,27,2,8,3,4,3,0,10,158.37,0.393,0.261,12.743,-1.658,16,0.5926,0,0,1,0,3,2,1,0,1,1041.876,1.874,1716251.232,-2.75,17.653,6.153,2.709,1,0
CN1Cc2c(C(=O)OC(C)(C)C)ncn2-c2ccsc2C1=O,319.39,319.1,2.47,64.43,82.41,0.4,0.7575,22,0,6,1,3,2,0,7,131.88,0.455,0.359,12.361,-0.59,10,0.4545,0,0,1,0,3,2,1,0,1,754.416,2.082,97369.069,-2.15,14.773,4.945,2.411,0,0
CN1Cc2c(N)cccc2C(c2ccccc2)C1,238.33,238.15,2.85,29.26,75.47,0.25,0.774,18,1,2,1,3,2,0,2,108.04,0.398,0.036,6.117,0.434,12,0.6667,0,0,1,0,1,0,1,0,0,548.278,2.107,19557.741,-1.8,11.3,4.465,1.888,1,1
CN1[C@H]2CC(OC(=O)[C@H](CO)c3ccccc3)C[C@@H]1[C@H]1O[C@@H]21,303.36,303.15,0.92,62.3,79.38,0.5882,0.6618,22,1,5,4,4,1,0,5,129.37,0.462,0.316,12.424,-0.593,6,0.2727,0,0,3,3,3,0,3,3,0,545.037,1.42,257123.462,-1.43,14.181,5.334,2.242,6,1
CN1[C@H]2CCC[C@@H]1CC(NC(=O)c1nn(C)c3ccccc13)C2,312.42,312.2,2.32,50.16,90.39,0.5556,0.9257,23,1,4,2,4,2,0,5,136.19,0.348,0.272,12.741,-0.033,9,0.3913,0,0,2,2,3,1,2,2,1,723.697,1.535,287645.26,-1.88,14.696,5.638,2.528,3,1
CN1[C@H]2CC[C@@H]1CC(NC(=O)N1CC(C)(C)c3ccccc31)C2,313.45,313.22,3.12,35.58,92.94,0.6316,0.8645,23,1,2,1,4,1,0,4,138.39,0.335,0.322,12.881,0.028,6,0.2609,0,0,3,2,3,0,3,2,2,612.796,1.486,237550.56,-1.55,15.006,5.233,2.437,3,1
CN1[C@H]2CC[C@@H]1CC(NC(=O)c1cn(C3CCCCC3)c3ccccc3c1=O)C2,393.53,393.24,3.86,54.34,115.39,0.5833,0.8615,29,1,4,3,5,2,0,5,171.63,0.349,0.256,13.19,-0.195,10,0.3448,0,0,3,3,3,1,2,2,1,961.74,1.467,7035400.186,-2.14,18.861,7.599,3.394,3,1
CN1c2cc(F)ccc2C(c2ccccc2)=NCC1CNC(=O)c1ccoc1,377.42,377.15,3.5,57.84,106.58,0.1818,0.7571,28,1,4,4,4,3,0,6,162.06,0.472,0.254,14.01,-0.305,17,0.6071,0,0,1,0,2,1,1,0,1,999.886,1.641,3923277.904,-3.41,17.977,7.68,3.533,1,1
CN1c2ccccc2C(NCCCCCCC(=O)O)c2ccc(Cl)cc2S1(=O)=O,436.96,436.12,4.19,86.71,114.05,0.381,0.6056,29,2,4,8,3,2,0,8,176.1,0.481,0.303,13.179,-3.724,12,0.4138,0,0,1,0,1,0,1,0,0,993.926,1.847,2697785.656,-2.09,21.615,9.153,4.739,1,1
CN1c2ccccc2C(c2ccccc2Cl)=NCC1(Cl)CO,335.23,334.06,3.55,35.83,92.47,0.2353,0.6729,22,1,3,2,3,2,0,5,139.36,0.393,0.157,9.714,-0.959,12,0.5455,0,0,1,0,1,0,1,0,0,732.104,2.231,122295.867,-1.55,15.35,5.917,2.495,1,1
CN1c2ccccc2C(c2ccccc2F)=NCC1CNC(=O)c1ccsc1,393.49,393.13,3.97,44.7,112.19,0.1818,0.7289,28,1,4,4,4,3,0,6,166.9,0.367,0.252,14.456,-0.289,17,0.6071,0,0,1,0,2,1,1,0,1,1016.136,1.639,3991057.479,-2.99,18.377,7.941,3.553,1,1
CN=C(Cc1ccc2ccccc2c1)[NH2+]C.[Cl-],248.76,248.11,-1.39,28.97,68.86,0.2143,0.501,17,1,1,2,2,2,0,3,108.17,1.0,0.198,4.243,0.0,10,0.5882,1,1,0,0,0,0,0,0,0,520.366,0.0,6103.039,-1.38,13.684,6.379,3.286,0,0
CN=C(NC#N)NCCSCc1csc(N=C(N)N)n1,312.43,312.09,-0.07,137.5,83.86,0.4,0.1895,20,4,6,6,1,1,0,10,124.93,0.37,0.212,8.461,0.013,5,0.25,0,0,0,0,1,1,0,0,0,511.572,2.232,31561.777,-1.99,16.066,9.0,6.257,0,0
CN=C(NC#N)NCCSCc1nc[nH]c1C,252.35,252.12,0.6,88.89,69.6,0.5,0.2347,17,3,4,5,1,1,0,7,104.93,0.355,0.204,8.427,0.504,5,0.2941,0,0,0,0,1,1,0,0,0,405.174,2.131,8399.71,-1.68,13.385,7.57,4.782,0,0
CN=C1CN(O)C(c2ccccc2)=c2cc(Cl)ccc2=N1,299.76,299.08,1.85,48.19,83.04,0.125,0.8735,21,1,3,1,3,2,0,5,126.85,0.288,0.145,10.454,0.229,12,0.5714,0,0,1,0,1,0,1,0,0,815.161,2.418,81645.162,-2.17,13.797,5.676,2.68,0,0
CNC(=NC#N)Nc1cccc(-c2csc(N=C(N)N)n2)c1,314.38,314.11,1.18,137.5,88.75,0.0769,0.3812,22,4,5,3,2,2,0,9,130.77,0.37,0.212,8.594,-0.025,11,0.5,0,0,0,0,1,1,0,0,0,751.396,2.25,110147.245,-3.12,15.272,7.051,3.937,0,0
CNC(=O)CCN1CCN(CCC=C2c3ccccc3Sc3ccc(Cl)cc32)CC1,442.03,441.16,4.38,35.58,125.28,0.375,0.6153,30,1,4,6,4,2,0,6,187.82,0.359,0.221,11.442,0.121,12,0.4,0,0,2,1,2,0,2,1,1,937.798,1.382,8434806.538,-1.79,21.442,10.011,5.089,0,0
CNC(=O)C[C@@H](N)C(=O)N[C@@H](C(=O)N[C@@H]1C(=O)N2[C@@H](C(=O)O)C(C)(C)S[C@H]12)c1ccc(O)cc1,493.54,493.16,-1.36,191.16,121.31,0.4762,0.2375,34,6,8,8,3,1,0,13,199.16,0.508,0.327,13.174,-1.277,6,0.1765,0,0,2,2,2,0,2,2,4,1015.27,1.779,18056074.157,-3.32,25.306,9.505,4.797,5,0
CNC(=O)N1CC(Oc2cccc(C(F)(F)F)c2)C1,274.24,274.09,2.11,41.57,61.89,0.4167,0.897,19,1,2,2,2,1,0,7,107.7,0.487,0.416,12.498,-4.382,6,0.3158,0,0,1,1,1,0,1,1,2,470.287,1.932,12289.934,-1.92,13.51,4.986,3.098,0,0
CNC(=O)NC(O)C(Cl)(Cl)Cl,221.47,219.96,0.6,61.36,43.89,0.75,0.4486,11,3,2,1,0,0,0,7,78.8,0.369,0.316,10.511,-1.91,0,0.0,0,0,0,0,0,0,0,0,2,146.763,3.875,153.8,0.1,11.1,4.207,4.526,1,1
CNC(=O)O[C@H]1OC(=O)[C@]2(C)[C@@H]3C=C[C@@H](C3)[C@H]12,237.25,237.1,1.05,64.63,57.75,0.6667,0.5467,17,1,4,1,3,0,0,5,99.15,0.424,0.409,11.98,-0.743,0,0.0,0,0,3,2,1,0,1,1,1,418.729,1.885,12550.744,-1.52,10.622,3.244,1.193,5,0
CNC(=O)Oc1ccc2c(c1)[C@]1(C)CCN(C)[C@@H]1N2C,275.35,275.16,1.77,44.81,78.32,0.5333,0.8482,20,1,4,1,3,1,0,5,119.05,0.412,0.41,11.353,-0.429,6,0.3,0,0,2,1,2,0,2,1,1,560.05,2.004,43602.737,-1.75,13.243,4.38,1.693,2,0
CNC(C)C(=O)c1ccc(OC)cc1,193.25,193.11,1.49,38.33,55.85,0.3636,0.7361,14,1,3,4,1,1,0,3,84.08,0.497,0.179,11.672,-0.15,6,0.4286,0,0,0,0,0,0,0,0,0,305.568,2.812,1533.477,-1.35,10.729,4.766,2.326,1,1
CNC(C)C(O)c1ccc(O)cc1,181.23,181.11,1.03,52.49,51.59,0.4,0.6526,13,3,3,3,1,1,0,3,78.03,0.508,0.115,9.736,-0.536,6,0.4615,0,0,0,0,0,0,0,0,0,258.132,2.767,857.684,-1.06,10.024,4.254,2.437,2,2
CNC(C)C1CCC(N)C(OC2C(N)CC(N)C(OC3OCC(C)(O)C(NC)C3O)C2O)O1,477.6,477.32,-3.33,199.73,119.93,1.0,0.1816,33,8,12,7,3,0,0,12,194.98,0.388,0.185,11.129,-1.287,0,0.0,0,0,3,3,2,0,2,2,0,631.811,1.685,12965995.531,-0.48,27.113,11.061,5.85,13,13
CNC/C=C(/c1ccc(Br)cc1)c1cccnc1,303.2,302.04,3.5,24.92,79.38,0.1333,0.9349,18,1,2,4,2,2,0,3,115.9,0.316,0.035,4.186,0.834,12,0.6667,0,0,0,0,1,1,0,0,0,517.95,2.403,16473.197,-1.45,12.993,6.474,3.277,0,0
CNC1(c2ccccc2Cl)CCCCC1=O,237.73,237.09,2.9,29.1,65.66,0.4615,0.8572,16,1,2,2,2,1,0,3,100.99,0.304,0.157,12.179,-0.559,6,0.375,0,0,1,1,0,0,0,0,0,404.674,2.483,5246.763,-0.86,11.62,4.559,1.763,1,1
CNC1C(O)C(OC2C(NC(=O)C(O)CN)CC(N)C(OC3OC(CN)C(O)C(O)C3O)C2O)OCC1(C)O,569.61,569.29,-7.52,297.72,130.29,0.9545,0.1226,39,12,16,9,3,0,0,17,224.68,0.388,0.25,12.428,-1.721,0,0.0,0,0,3,3,2,0,2,2,1,811.394,1.839,192017100.411,-1.13,32.385,13.235,6.855,15,15
CNC1CCC(c2ccccc2)c2ccccc21,237.35,237.15,3.87,12.03,75.76,0.2941,0.8357,18,1,1,2,3,2,0,1,108.86,0.313,0.032,3.432,0.515,12,0.6667,0,0,1,0,0,0,0,0,0,518.143,2.044,24323.838,-1.6,11.488,4.95,1.952,2,2
CNC1CCN2c3ccccc3CCc3cccc1c32,264.37,264.16,3.59,15.27,83.72,0.3333,0.8465,20,1,2,1,4,2,0,2,119.98,0.341,0.049,3.474,0.492,12,0.6,0,0,2,0,2,0,2,0,0,647.617,1.944,82729.63,-1.8,11.98,4.637,1.68,1,1
CNC1CCc2ncsc2C1,168.26,168.07,1.22,24.92,46.99,0.625,0.6817,11,1,3,1,2,1,0,3,70.66,0.317,0.08,4.316,0.683,5,0.4545,0,0,1,0,1,1,0,0,0,243.995,2.179,654.035,-0.41,7.25,2.911,1.303,1,1
CNC1Cc2ccccc2N(C)c2ccccc21,238.33,238.15,3.27,15.27,76.45,0.25,0.82,18,1,2,1,3,2,0,2,108.25,0.344,0.046,3.435,0.382,12,0.6667,0,0,1,0,1,0,1,0,0,562.528,2.207,21908.986,-1.8,11.3,4.465,1.696,1,1
CNCC(O)c1ccc(O)c(O)c1,183.21,183.09,0.35,72.72,48.66,0.3333,0.5102,13,4,4,3,1,1,0,4,76.46,0.504,0.157,9.481,-0.67,6,0.4615,0,0,0,0,0,0,0,0,0,288.188,2.835,795.662,-1.26,9.825,4.113,2.336,1,1
CNCC(O)c1ccc(OC(=O)C(C)(C)C)c(OC(=O)C(C)(C)C)c1,351.44,351.2,2.84,84.86,95.51,0.5789,0.6267,25,2,6,5,1,1,0,6,149.07,0.422,0.316,12.238,-0.774,6,0.24,0,0,0,0,0,0,0,0,0,625.682,3.216,128845.03,-1.92,21.123,7.973,6.139,1,1
CNCC(O)c1cccc(OC(=O)C(C)(C)C)c1,251.33,251.15,1.89,58.56,70.42,0.5,0.6335,18,2,4,4,1,1,0,4,107.97,0.426,0.316,11.744,-0.608,6,0.3333,0,0,0,0,0,0,0,0,0,409.745,2.797,6956.426,-1.39,14.67,5.977,4.126,1,1
CNCC12CCC(c3ccccc31)c1ccccc12,249.36,249.15,3.43,12.03,78.67,0.3333,0.8595,19,1,1,2,5,2,0,1,114.22,0.319,0.033,3.436,0.191,12,0.6316,0,0,3,0,0,0,0,0,0,581.592,2.043,47923.377,-1.6,11.245,3.945,1.339,0,0
CNCCC(Oc1ccc(C(F)(F)F)cc1)c1ccccc1,309.33,309.13,4.44,21.26,79.8,0.2941,0.8518,22,1,2,6,2,2,0,5,127.47,0.486,0.416,12.565,-4.33,12,0.5455,0,0,0,0,0,0,0,0,0,566.708,2.13,84553.518,-2.01,16.362,7.313,4.495,1,1
CNCCC(Oc1cccc2ccccc12)c1cccs1,297.42,297.12,4.63,21.26,90.18,0.2222,0.7159,21,1,3,6,3,3,0,3,128.93,0.484,0.134,6.345,0.1,15,0.7143,0,0,0,0,1,1,0,0,0,688.02,1.903,130768.599,-1.84,14.112,6.743,3.257,1,1
CNCCC(Oc1ccccc1OC)c1ccccc1,271.36,271.16,3.42,30.49,81.35,0.2941,0.8366,20,1,3,7,2,2,0,3,120.09,0.493,0.162,6.16,0.014,12,0.6,0,0,0,0,0,0,0,0,0,513.408,2.191,46929.866,-2.0,14.41,7.556,3.746,1,1
CNCCC=C1c2ccccc2C(C)(C)c2ccccc21,277.41,277.18,4.37,12.03,90.63,0.3,0.8216,21,1,1,3,3,2,0,1,127.26,0.319,0.016,3.227,0.063,12,0.5714,0,0,1,0,0,0,0,0,0,628.243,2.213,76901.766,-1.86,14.093,5.496,2.319,0,0
CNCCC=C1c2ccccc2C2CC2c2ccccc21,275.39,275.17,4.31,12.03,88.61,0.3,0.8229,21,1,1,3,4,2,0,1,126.26,0.319,0.002,3.244,0.734,12,0.5714,0,0,2,1,0,0,0,0,0,644.99,1.891,204573.622,-1.86,12.849,5.159,2.126,2,2
CNCCC=C1c2ccccc2CCc2ccccc21,263.38,263.17,3.83,12.03,85.91,0.2632,0.83,20,1,1,3,3,2,0,1,120.9,0.319,0.002,3.226,1.022,12,0.6,0,0,1,0,0,0,0,0,0,575.668,2.113,64665.059,-1.86,13.138,6.062,2.543,0,0
CNCCCC1(C)C(=O)N(c2ccccc2)c2ccccc21,294.4,294.17,3.62,32.34,90.54,0.3158,0.8542,22,1,2,5,3,2,0,3,131.51,0.32,0.241,13.184,-0.441,12,0.5455,0,0,1,0,1,0,1,0,1,668.145,2.031,146458.896,-2.13,14.793,5.933,2.315,1,1
CNCCCC1(C)CN(c2ccccc2)c2ccccc21,280.42,280.19,4.1,15.27,90.4,0.3684,0.8297,21,1,2,5,3,2,0,2,127.35,0.34,0.045,3.262,0.239,12,0.5714,0,0,1,0,1,0,1,0,0,593.525,1.93,99176.9,-1.8,14.151,5.904,2.682,1,1
CNCCCC1(c2ccccc2)OC(C)(C)c2ccccc21,295.43,295.19,4.2,21.26,90.94,0.4,0.8349,22,1,2,5,3,2,0,2,133.07,0.355,0.12,6.712,-0.335,12,0.5455,0,0,1,0,1,0,1,0,0,635.165,2.116,131199.209,-1.64,15.263,5.864,2.467,1,1
CNCCCC1(c2ccccc2)SC(C)(C)c2ccccc21,311.49,311.17,4.91,12.03,97.44,0.4,0.7873,22,1,2,5,3,2,0,2,138.08,0.32,0.067,3.296,0.082,12,0.5455,0,0,1,0,1,0,1,0,0,635.165,2.116,131199.209,-1.25,15.638,6.096,2.591,1,1
CNCCCC12CCC(c3ccccc31)c1ccccc12,277.41,277.18,4.21,12.03,87.9,0.4,0.8254,21,1,1,4,5,2,0,1,126.95,0.32,0.021,3.309,0.263,12,0.5714,0,0,3,0,0,0,0,0,0,610.893,1.881,130037.016,-1.6,13.09,4.994,1.802,0,0
CNCCCC1c2ccccc2C=Cc2ccccc21,263.38,263.17,4.3,12.03,86.82,0.2632,0.8109,20,1,1,4,3,2,0,1,120.9,0.32,0.01,3.255,0.505,12,0.6,0,0,1,0,0,0,0,0,0,563.168,2.034,64665.059,-1.86,13.138,6.062,2.543,0,0
CNCCCCOc1ccccc1Cc1ccccc1.[Cl-].[H+],305.85,305.15,0.77,21.26,85.46,0.3333,0.7277,21,1,2,8,2,2,0,3,134.98,1.0,1.0,5.928,0.0,12,0.5455,1,1,0,0,0,0,0,0,0,507.45,0.0,48257.562,-1.51,17.541,10.251,6.194,0,0
CNCCCN1Cc2ccccc2Cc2ccccc21,266.39,266.18,3.21,15.27,85.28,0.3333,0.8549,20,1,2,4,3,2,0,2,120.98,0.367,0.043,3.239,1.025,12,0.6,0,0,1,0,1,0,1,0,0,577.136,1.928,62437.782,-1.8,13.195,6.101,2.705,0,0
CNCCCN1c2ccccc2C(C)(C)c2ccccc21,280.42,280.19,4.07,15.27,90.56,0.3684,0.8492,21,1,2,4,3,2,0,2,127.35,0.341,0.045,3.245,0.062,12,0.5714,0,0,1,0,1,0,1,0,0,581.468,2.097,76901.766,-1.8,14.151,5.531,2.338,0,0
CNCCCN1c2ccccc2CCc2ccccc21,266.39,266.18,3.53,15.27,85.84,0.3333,0.8516,20,1,2,4,3,2,0,2,120.98,0.341,0.044,3.244,1.056,12,0.6,0,0,1,0,1,0,1,0,0,529.636,1.996,64665.059,-1.8,13.195,6.101,2.565,0,0
CNCCCN1c2ccccc2Sc2ccc(Cl)cc21,304.85,304.08,4.55,15.27,87.57,0.25,0.8341,20,1,3,4,3,2,0,4,128.68,0.34,0.057,6.182,0.794,12,0.6,0,0,1,0,1,0,1,0,0,615.176,1.995,52718.242,-1.16,13.806,6.083,2.662,0,0
CNCCCN1c2ccccc2Sc2ccccc21,270.4,270.12,3.9,15.27,82.56,0.25,0.8483,19,1,3,4,3,2,0,3,118.38,0.34,0.055,3.223,1.05,12,0.6316,0,0,1,0,1,0,1,0,0,522.68,1.963,37267.803,-1.45,12.577,5.677,2.485,0,0
CNCCOC(c1ccccc1)c1ccccc1C,255.36,255.16,3.32,21.26,79.34,0.2941,0.7995,19,1,2,6,2,2,0,2,114.98,0.367,0.108,6.073,0.01,12,0.6316,0,0,0,0,0,0,0,0,0,495.625,2.267,27412.992,-1.64,13.784,7.073,3.66,1,1
CNCCON=c1c2ccccc2ccc2ccccc12,278.36,278.14,3.04,33.62,86.9,0.1667,0.5876,21,1,3,4,3,3,0,3,123.41,0.394,0.129,5.48,0.553,15,0.7143,0,0,0,0,0,0,0,0,0,765.81,2.294,106090.54,-2.39,13.587,6.373,2.878,0,0
CNCCSC1=Cc2cc(F)ccc2Oc2ccccc21,301.39,301.09,4.38,21.26,87.17,0.1765,0.8467,21,1,3,4,3,2,0,4,127.57,0.456,0.135,13.488,-0.251,12,0.5714,0,0,1,0,1,0,1,0,0,684.24,2.045,88090.032,-1.78,14.17,6.328,3.116,0,0
CNCC[C@@H](O)[C@@H]1C[C@H](SC2=C(C(=O)O)N3C(=O)[C@H]([C@@H](C)O)[C@H]3[C@H]2C)CN1,399.51,399.18,-0.43,122.13,101.97,0.7778,0.3488,27,5,7,8,3,0,0,9,162.92,0.477,0.353,12.377,-1.096,0,0.0,0,0,3,2,3,0,3,2,1,640.487,1.709,983617.921,-1.13,20.6,8.083,3.629,7,0
CNCC[C@@H](Oc1ccccc1C)c1ccccc1,255.36,255.16,3.72,21.26,79.53,0.2941,0.849,19,1,2,6,2,2,0,2,114.98,0.485,0.125,6.193,0.092,12,0.6316,0,0,0,0,0,0,0,0,0,495.625,2.168,27068.962,-1.8,13.627,6.954,3.831,1,0
CNCCc1ccccn1,136.2,136.1,0.84,24.92,41.87,0.375,0.6658,10,1,2,3,1,1,0,2,61.3,0.319,0.042,4.176,0.997,6,0.6,0,0,0,0,1,1,0,0,0,171.872,2.427,251.667,-0.89,7.22,4.011,2.15,0,0
CNC[C@@H]1CN(c2ccc(OCc3cccc(Cl)c3)cc2)C(=O)O1,346.81,346.11,3.46,50.8,93.77,0.2778,0.8699,24,1,4,6,3,2,0,6,145.67,0.489,0.414,11.92,-0.317,12,0.5,0,0,1,1,1,0,1,1,1,705.665,1.601,391766.681,-2.24,16.612,7.553,3.988,1,0
CNC[C@H](O)CC12CCC(c3ccccc31)c1ccccc12,293.41,293.18,3.18,32.26,89.29,0.4,0.9072,22,2,2,4,5,2,0,2,131.74,0.392,0.068,10.504,-0.319,12,0.5455,0,0,3,0,0,0,0,0,0,646.112,1.893,184002.834,-1.64,13.984,5.219,1.872,1,0
CNC[C@H](O)c1ccc(O)c(O)c1,183.21,183.09,0.35,72.72,48.66,0.3333,0.5102,13,4,4,3,1,1,0,4,76.46,0.504,0.157,9.481,-0.67,6,0.4615,0,0,0,0,0,0,0,0,0,288.188,2.835,795.662,-1.26,9.825,4.113,2.336,1,0
CNNCc1ccc(C(=O)NC(C)C)cc1,221.3,221.15,1.05,53.16,64.94,0.4167,0.6514,16,3,3,5,1,1,0,4,96.4,0.35,0.251,11.641,-0.025,6,0.375,0,0,0,0,0,0,0,0,1,332.622,2.597,3549.938,-1.39,12.678,6.249,4.002,0,0
CN[C@@H](C)Cc1ccccc1,149.24,149.12,1.84,12.03,48.67,0.4,0.6911,11,1,1,3,1,1,0,1,68.44,0.317,0.008,3.213,0.567,6,0.5455,0,0,0,0,0,0,0,0,0,193.288,2.508,370.936,-0.82,8.278,4.141,2.724,1,0
CN[C@@H](C)[C@H](O)c1ccccc1,165.24,165.12,1.33,32.26,49.92,0.4,0.7078,12,2,2,3,1,1,0,2,73.24,0.387,0.094,9.727,-0.42,6,0.5,0,0,0,0,0,0,0,0,0,222.54,2.711,606.775,-0.86,9.23,4.237,2.061,2,0
CN[C@@H]1C[C@@H](c2ccc(Cl)c(Cl)c2)c2ccccc21.[Cl-].[H+],328.67,327.03,1.91,12.03,82.28,0.25,0.8878,20,1,1,2,3,2,0,4,136.74,1.0,1.0,6.142,0.0,12,0.5714,1,1,1,0,0,0,0,0,0,618.221,0.0,36150.664,-0.73,15.655,6.36,2.684,2,0
CN[C@@H]1[C@@H](O)[C@@H](O[C@@H]2[C@@H](O)[C@H](O[C@H]3OC(CN)=CC[C@H]3N)[C@@H](N)C[C@H]2N)OC[C@]1(C)O,447.53,447.27,-3.85,213.72,110.14,0.8947,0.1964,31,8,12,6,3,0,0,12,181.35,0.467,0.215,11.004,-1.294,0,0.0,0,0,3,2,2,0,2,1,0,638.768,1.693,5276902.99,-0.9,24.737,9.932,5.201,11,0
CN[C@@H]1[C@@H](O[C@H]2O[C@H](CO)[C@@H](N)[C@H](O)[C@H]2O)O[C@H]2C[C@@H](N)[C@H](O[C@@H]3[C@@H](N)C[C@@H](N)[C@H](O)[C@H]3O)O[C@@H]2[C@@H]1O,539.58,539.28,-6.95,283.64,123.04,1.0,0.1494,37,11,16,6,4,0,0,16,213.26,0.394,0.189,11.126,-1.536,0,0.0,0,0,4,4,3,0,3,3,0,755.675,1.433,117334159.93,-0.64,29.345,11.848,5.663,17,0
CN[C@@H]1[C@H](O[C@H]2[C@H](O[C@@H]3[C@@H](N=C(N)N)[C@H](O)[C@@H](N=C(N)N)[C@H](O)[C@H]3O)O[C@@H](C)[C@]2(O)C=O)O[C@@H](CO)[C@H](O)[C@H]1O,581.58,581.27,-8.16,336.43,132.92,0.8571,0.0682,40,12,15,9,3,0,0,19,227.9,0.394,0.188,12.067,-2.384,0,0.0,0,0,3,3,2,0,2,2,0,939.682,1.964,309841678.955,-2.27,32.247,12.714,6.003,15,0
CN[C@@H]1[C@H](O[C@H]2[C@H](O[C@@H]3[C@@H](O)[C@H](O)[C@@H](N=C(N)N)[C@H](O)[C@H]3N=C(N)N)O[C@@H](C)[C@]2(O)CO)O[C@@H](CO)[C@H](O)[C@H]1O,583.6,583.28,-8.37,339.59,133.94,0.9048,0.0884,40,13,15,9,3,0,0,19,228.53,0.394,0.187,11.29,-2.147,0,0.0,0,0,3,3,2,0,2,2,0,911.232,1.958,309841678.955,-1.98,32.533,12.9,6.111,15,0
CN[C@H](CC(C)C)C(=O)NC1C(=O)N[C@@H](CC(N)=O)C(=O)N[C@H]2C(=O)N[C@H]3C(=O)N[C@H](C(=O)N[C@@H](C(=O)O)c4cc(O)cc(O)c4-c4cc3ccc4O)[C@H](O)c3ccc(c(Cl)c3)Oc3cc2cc(c3O[C@@H]2O[C@H](CO)[C@@H](O)[C@H](O)[C@H]2O[C@H]2C[C@](C)(N)[C@H](O)[C@H](C)O2)Oc2ccc(cc2Cl)[C@H]1O,1449.27,1447.43,0.11,530.49,349.29,0.4242,0.0743,101,19,25,13,12,5,0,35,583.82,0.508,0.33,16.017,-2.345,30,0.297,0,0,7,2,7,0,7,2,7,4074.499,1.239,15560863012446509356548096,-9.2,74.489,30.165,15.811,18,1
CN[C@H]1CC[C@@H](c2ccc(Cl)c(Cl)c2)c2ccccc21.[Cl-].[H+],342.7,341.05,2.3,12.03,86.89,0.2941,0.8829,21,1,1,2,3,2,0,4,143.1,1.0,1.0,6.172,0.0,12,0.5455,1,1,1,0,0,0,0,0,0,633.051,0.0,50560.69,-0.73,16.637,7.02,3.217,2,0
CNc1cc(OC)c(C(=O)N[C@@H]2CCN(Cc3ccccc3)[C@@H]2C)cc1Cl,387.91,387.17,3.78,53.6,109.74,0.381,0.7915,27,2,4,6,3,2,0,6,165.21,0.496,0.255,12.854,-0.158,12,0.4444,0,0,1,1,1,0,1,1,1,797.514,1.687,1522774.694,-2.24,19.52,8.632,4.366,2,0
CNc1nc(Cl)c(SC)c(N2CCN(C)CC2)n1,287.82,287.1,1.65,44.29,78.08,0.6364,0.6736,18,1,6,3,2,1,0,7,116.92,0.357,0.225,6.212,0.524,6,0.3333,0,0,1,1,2,1,1,1,0,420.14,2.322,13107.371,-0.72,13.706,5.948,2.813,0,0
CO/N=C(/C(=O)N[C@@H]1C(=O)N2C(C(=O)O)=C(CSc3nc(C)c(CC(=O)O)s3)CS[C@H]12)c1csc(N)n1,584.68,584.03,1.0,197.4,138.67,0.35,0.1339,37,4,13,10,4,2,0,17,225.71,0.481,0.352,12.961,-1.25,10,0.2703,0,0,2,1,4,2,2,1,2,1336.174,1.47,143454248.081,-3.15,26.9,11.076,5.58,2,0
CO/N=C(\C(=O)NC1C(=O)N(OCC(=O)O)[C@H]1C)c1csc(N)n1,357.35,357.07,-1.19,156.44,81.9,0.4167,0.3122,24,3,9,7,2,1,0,12,139.53,0.479,0.332,12.306,-1.21,5,0.2083,0,0,1,1,2,1,1,1,2,689.233,2.021,191392.328,-2.73,17.621,7.228,3.6,2,1
CO/N=C(\C(=O)NC1C(=O)N2C(C(=O)O)=C(/C=C\c3scnc3C)CS[C@H]12)c1csc(N)n1,506.59,506.05,1.29,160.1,125.64,0.2632,0.2855,33,3,11,7,4,2,0,14,199.58,0.477,0.352,12.864,-1.21,10,0.303,0,0,2,1,4,2,2,1,2,1216.119,1.537,27389785.339,-3.23,22.946,9.328,4.36,2,1
CO/N=C(\C(=O)N[C@@H]1C(=O)N(OCC(=O)OCC(=O)OC(C)(C)C)[C@H]1C)c1csc(N)n1,471.49,471.14,-0.39,171.74,111.07,0.5556,0.209,32,2,12,9,2,1,0,14,187.31,0.457,0.344,12.53,-0.918,5,0.1562,0,0,1,1,2,1,1,1,2,909.427,1.824,5899655.721,-3.26,25.004,10.367,6.618,2,0
CO/N=C(\C(=O)N[C@@H]1C(=O)N2C(C(=O)O)=C(/C=C/Sc3n[nH]c(=O)c(=O)n3CC=O)CS[C@H]12)c1csc(N)n1,594.61,594.04,-1.44,232.03,139.94,0.25,0.0617,39,4,15,10,4,2,0,19,229.53,0.477,0.352,12.946,-1.359,11,0.2821,0,0,2,1,4,2,2,1,2,1558.17,1.52,398361300.799,-4.23,27.795,11.66,5.493,2,0
CO/N=C(\C(=O)N[C@@H]1C(=O)N2C(C(=O)O)=C(C)CS[C@H]12)c1csc(N)n1,397.44,397.05,-0.17,147.21,95.43,0.3571,0.3525,26,3,9,5,3,1,0,12,155.62,0.477,0.352,12.539,-1.162,5,0.1923,0,0,2,1,3,1,2,1,2,848.535,1.778,642956.579,-2.6,18.199,6.957,3.009,2,0
CO/N=C(\C(=O)N[C@@H]1C(=O)N2C(C(=O)O)=C(COC(C)=O)CS(=O)[C@H]12)c1csc(N)n1,471.47,471.05,-1.61,190.58,106.94,0.375,0.1804,31,3,11,7,3,1,0,15,180.88,0.477,0.352,12.702,-1.762,5,0.1613,0,0,2,1,3,1,2,1,2,1048.541,1.836,5768714.629,-3.33,22.357,8.807,4.268,3,1
CO/N=C(\C(=O)N[C@@H]1C(=O)N2C(C(=O)O)=C(COC(C)=O)CS[C@H]12)c1ccco1,423.4,423.07,-0.07,147.74,98.57,0.3529,0.2661,29,2,9,7,3,1,0,12,168.22,0.477,0.352,12.595,-1.312,5,0.1724,0,0,2,1,3,1,2,1,2,907.789,1.766,2993394.943,-3.28,20.454,8.388,3.966,2,0
CO/N=C(\C(=O)N[C@@H]1C(=O)N2C(C(=O)O)=C(COC(N)=O)CS[C@H]12)c1ccco1,424.39,424.07,-0.54,173.76,97.47,0.3125,0.295,29,3,9,7,3,1,0,13,167.19,0.477,0.404,12.57,-1.353,5,0.1724,0,0,2,1,3,1,2,1,3,910.031,1.766,2993394.943,-3.48,20.259,8.261,3.893,2,0
CO/N=C(\C(=O)N[C@@H]1C(=O)N2C(C(=O)O)=C(CSC(=O)c3ccco3)CS[C@H]12)c1csc(N)n1,523.57,523.03,0.98,177.42,125.25,0.2632,0.2552,34,3,12,8,4,2,0,15,204.12,0.477,0.352,12.845,-1.288,10,0.2941,0,0,2,1,4,2,2,1,2,1206.741,1.473,47544458.881,-3.3,23.845,9.904,4.533,2,0
CO/N=C(\C(=O)N[C@@H]1C(=O)N2C(C(=O)O)=C(CSc3cnns3)CS[C@H]12)c1csc(N)n1,513.61,513.0,0.46,172.99,120.39,0.3125,0.1936,32,3,13,8,4,2,0,16,196.99,0.477,0.352,12.817,-1.189,10,0.3125,0,0,2,1,4,2,2,1,2,1115.973,1.49,19325749.434,-2.69,22.502,9.434,4.299,2,0
CO/N=C(\C(=O)N[C@@H]1C(=O)N2C(C(=O)O)=C(CSc3nc(=O)c(=O)[nH]n3C)CS[C@H]12)c1csc(N)n1,554.59,554.05,-1.61,214.96,130.58,0.3333,0.0953,36,4,14,8,4,2,0,18,213.32,0.477,0.352,12.915,-1.308,11,0.3056,0,0,2,1,4,2,2,1,2,1428.123,1.512,86964842.008,-3.64,25.453,10.152,4.733,2,0
CO/N=C(\C(=O)N[C@@H]1C(=O)N2C(C(=O)O)=C(CSc3nnnn3C)CS[C@H]12)c1csc(N)n1,511.57,511.05,-0.87,190.81,119.28,0.375,0.172,33,3,14,8,4,2,0,17,198.15,0.477,0.352,12.852,-1.218,10,0.303,0,0,2,1,4,2,2,1,2,1176.037,1.493,27389785.339,-3.18,22.994,9.359,4.377,2,0
CO/N=C(\C(=O)N[C@@H]1C(=O)N2C(C(=O)O)=C(Cn3nnc(C)n3)CS[C@H]12)c1csc(N)n1,479.5,479.08,-1.19,190.81,112.31,0.375,0.2457,32,3,13,7,4,2,0,16,188.02,0.477,0.352,12.815,-1.25,10,0.3125,0,0,2,1,4,2,2,1,2,1156.465,1.528,16095172.606,-3.53,21.693,8.541,3.887,2,0
CO/N=C(\C(=O)N[C@@H]1C(=O)N2C(C(=O)O)=CCS[C@H]12)c1csc(N)n1,383.41,383.04,-0.56,147.21,90.81,0.3077,0.3483,25,3,9,5,3,1,0,12,149.25,0.477,0.352,12.473,-1.178,5,0.2,0,0,2,1,3,1,2,1,2,804.485,1.753,444536.89,-2.6,17.23,6.722,3.049,2,0
CO/N=C(\C(=O)N[C@@H]1C(=O)N2C(C(=O)OC(C)OC(C)=O)=C(COC(N)=O)CS[C@H]12)c1ccco1,510.48,510.11,-0.17,189.06,117.16,0.4,0.1475,35,2,12,9,3,1,0,15,202.25,0.462,0.404,13.004,-1.244,5,0.1429,0,0,2,1,3,1,2,1,3,1083.663,1.804,42836209.004,-4.01,25.61,10.944,5.738,3,1
CO/N=C(\C(=O)N[C@H]1C(=O)N2C(C(=O)[O-])=C(COC(C)=O)CS[C@@H]12)c1csc(N)n1.[Na+],477.46,477.04,-4.95,176.34,103.76,0.375,0.1271,31,2,12,7,3,1,0,15,206.04,1.0,0.543,12.647,-1.569,5,0.1613,1,1,2,1,3,1,2,1,2,979.314,0.0,4041551.635,-2.13,25.133,10.455,5.204,2,0
CO/N=C/C1=CCCN(C)C1,154.21,154.11,0.88,24.83,45.7,0.625,0.4355,11,0,3,2,1,0,0,3,67.32,0.399,0.106,4.59,0.979,0,0.0,0,0,1,0,1,0,1,0,0,174.931,2.443,347.846,-0.83,8.268,4.133,2.718,0,0
COC(=O)C(c1ccccc1)C1CCCCN1,233.31,233.14,2.09,38.33,66.84,0.5,0.8123,17,1,3,3,2,1,0,3,102.17,0.469,0.314,11.949,-0.179,6,0.3529,0,0,1,1,1,0,1,1,0,357.745,2.212,10608.13,-1.35,12.116,5.824,2.856,2,2
COC(=O)C1=C(C)NC(C)=C(C(=O)OC)C1c1ccccc1[N+](=O)[O-],346.34,346.12,2.18,107.77,88.41,0.2941,0.5055,25,1,7,4,2,1,0,8,143.81,0.466,0.336,12.341,-0.97,6,0.24,1,1,1,0,1,0,1,0,0,771.111,2.803,291739.896,-3.16,18.183,7.163,3.232,0,0
COC(=O)C1=C(C)NC(C)=C(C(=O)OCCN(C)Cc2ccccc2)C1c1cccc([N+](=O)[O-])c1,479.53,479.21,3.68,111.01,130.12,0.3077,0.3294,35,1,8,9,3,2,0,9,203.73,0.466,0.336,13.267,-0.877,12,0.3429,1,1,1,0,1,0,1,0,0,1172.619,1.839,46735509.329,-3.98,25.639,11.435,6.128,1,1
COC(=O)C1=CCCN(C)C1,155.2,155.09,0.42,29.54,42.21,0.625,0.5139,11,0,3,1,1,0,0,3,66.63,0.466,0.334,10.995,-0.198,0,0.0,0,0,1,0,1,0,1,0,0,186.531,2.573,328.992,-0.83,8.268,3.529,2.049,0,0
COC(=O)C1C2CC3c4[nH]c5cc(OC)ccc5c4CCN3CC2CC(OC)C1OC,428.53,428.23,2.93,73.02,116.18,0.625,0.7553,31,1,6,4,5,2,0,7,182.52,0.497,0.311,12.876,-0.31,9,0.2903,0,0,3,2,3,1,2,1,0,972.276,1.517,18705121.746,-2.09,20.793,8.114,3.252,6,6
COC(=O)N1CCN(C(=O)Cc2ccc(Cl)c(Cl)c2)[C@@H](CN2CCCC2)C1,414.33,413.13,2.91,53.09,105.32,0.5789,0.7606,27,0,4,4,3,1,0,8,169.49,0.453,0.409,12.991,-0.335,6,0.2222,0,0,2,2,2,0,2,2,2,694.777,1.7,1563337.007,-1.5,20.24,9.128,5.062,1,0
COC(=O)[C@@H]1C2CCC(C[C@@H]1OC(=O)c1ccccc1)N2C,303.36,303.15,1.87,55.84,80.34,0.5294,0.7979,22,0,5,3,3,1,0,5,129.74,0.469,0.338,12.297,-0.408,6,0.2727,0,0,2,2,2,0,2,2,0,559.037,1.79,134560.524,-1.88,15.033,6.085,2.609,4,2
COC(=O)[C@@]1(O)CC[C@H]2C3CCC(=O)C4C(=O)C=CC4(C)[C@H]3C(O)CC21C,376.45,376.19,1.43,100.9,95.39,0.7619,0.5303,27,2,6,1,4,0,0,6,158.51,0.467,0.338,12.749,-1.629,0,0.0,0,0,4,3,0,0,0,0,0,742.954,1.792,1086226.083,-1.53,18.816,5.737,2.169,8,5
COC(=O)[C@H]1[C@@H](O)CC[C@H]2CN3CCc4c([nH]c5ccccc45)[C@@H]3C[C@@H]21,354.45,354.19,2.65,65.56,98.66,0.5714,0.773,26,2,4,1,5,2,0,5,152.88,0.469,0.311,12.375,-0.568,9,0.3462,0,0,3,2,3,1,2,1,0,844.894,1.522,1806939.757,-1.85,16.333,6.1,2.334,5,0
COC(=O)[C@H]1[C@H]2C[C@@H]3c4[nH]c5cc(OC)ccc5c4CCN3C[C@H]2C[C@@H](OC(=O)/C=C/c2cc(OC)c(OC)c(OC)c2)[C@@H]1OC,634.73,634.29,4.57,117.78,170.4,0.4857,0.265,46,1,10,9,6,3,0,11,268.21,0.497,0.331,13.397,-0.645,15,0.3261,0,0,3,2,3,1,2,1,0,1606.451,1.235,26926206213.704,-4.22,31.75,13.253,5.663,6,0
COC(=O)[C@H]1[C@H]2C[C@@H]3c4[nH]c5cc(OC)ccc5c4CCN3C[C@H]2C[C@@H](OC(=O)c2cc(OC)c(OC)c(OC)c2)[C@@H]1OC,608.69,608.27,4.17,117.78,160.69,0.5152,0.3736,44,1,10,8,6,3,0,11,256.17,0.497,0.338,13.543,-0.67,15,0.3409,0,0,3,2,3,1,2,1,0,1526.482,1.294,10500349728.856,-3.96,30.083,12.203,5.012,6,0
COC(=O)[C@H]1[C@H]2C[C@@H]3c4[nH]c5ccc(Cl)cc5c4CCN3C[C@H]2C[C@@H](OC(=O)c2cc(OC)c(OC)c(OC)c2)[C@@H]1OC,613.11,612.22,4.82,108.55,159.15,0.5,0.3759,43,1,9,7,6,3,0,11,255.0,0.493,0.338,13.521,-0.671,15,0.3488,0,0,3,2,3,1,2,1,0,1514.033,1.296,6090025194.905,-3.47,29.595,11.9,5.088,6,0
COC(=O)[C@H]1[C@H]2C[C@@H]3c4[nH]c5ccccc5c4CCN3C[C@H]2C[C@@H](OC(=O)c2cc(OC)c(OC)c(OC)c2)[C@@H]1OC,578.66,578.26,4.16,108.55,154.14,0.5,0.4136,42,1,9,7,6,3,0,10,244.69,0.493,0.338,13.507,-0.651,15,0.3571,0,0,3,2,3,1,2,1,0,1459.417,1.294,4338762562.219,-3.76,28.364,11.491,4.663,6,0
COC(=O)c1ccc(C(=O)OC)cc1,194.19,194.06,1.26,52.6,49.12,0.2,0.6649,14,0,4,2,1,1,0,4,81.44,0.465,0.337,11.026,-0.429,6,0.4286,0,0,0,0,0,0,0,0,0,304.645,2.886,1533.477,-1.84,10.242,4.411,2.098,0,0
COC(=O)c1cncn1C(C)c1ccccc1,230.27,230.11,2.28,44.12,63.82,0.2308,0.7597,17,0,4,3,2,2,0,4,99.86,0.464,0.356,11.548,-0.37,11,0.6471,0,0,0,0,1,1,0,0,0,505.148,2.35,12104.416,-2.1,11.387,4.823,2.202,1,1
COC(C(=O)N[C@@H]1C(=O)N2[C@@H](C(=O)O)C(C)(C)S[C@H]12)c1ccc(Cl)c(Cl)c1,433.31,432.03,2.31,95.94,101.87,0.4706,0.6925,27,2,5,5,3,1,0,10,169.87,0.48,0.327,12.677,-1.057,6,0.2222,0,0,2,2,2,0,2,2,2,818.514,1.755,707798.531,-1.48,20.259,7.162,3.395,4,1
COC(F)(F)C(Cl)Cl,164.97,163.96,2.03,9.23,27.45,1.0,0.5684,8,0,1,2,0,0,0,5,55.52,0.385,0.322,11.789,-3.427,0,0.0,0,0,0,0,0,0,0,0,0,75.684,3.708,38.337,0.4,8.4,2.802,2.112,0,0
COC(F)(F)C(F)Br,192.96,191.94,1.92,9.23,25.78,1.0,0.6083,8,0,1,2,0,0,0,5,52.95,0.396,0.321,11.631,-3.708,0,0.0,0,0,0,0,0,0,0,0,0,74.929,3.708,38.337,0.23,8.23,2.681,2.0,1,1
COC(OC)C(=O)[C@@]12OC(C)(C)O[C@@H]1CC1C3C[C@H](F)C4=CC(=O)C=CC4(C)[C@@]3(F)C(O)CC12C,496.55,496.23,2.99,91.29,119.6,0.7692,0.5986,35,1,7,4,5,0,0,9,203.36,0.39,0.223,17.349,-2.247,0,0.0,0,0,5,4,1,0,1,1,0,1021.17,1.656,44858586.152,-1.52,25.143,7.507,2.873,9,5
COC1(F)C(F)(F)C1(F)Cl,178.51,177.98,1.85,9.23,25.49,1.0,0.4399,10,0,1,1,1,0,0,6,58.91,0.363,0.341,12.306,-4.24,0,0.0,0,0,1,1,0,0,0,0,0,154.641,2.895,139.261,-0.03,8.07,1.583,0.495,2,2
COC12C=CC3(CC1C(C)(C)O)[C@@H]1Cc4ccc(O)c5c4[C@]3(CCN1CC1CC1)[C@@H]2O5,423.55,423.24,3.16,62.16,116.32,0.6923,0.7288,31,2,5,4,8,1,0,5,183.58,0.504,0.165,11.328,-0.897,6,0.1935,0,0,7,3,2,0,2,1,0,1009.395,1.509,24889565.497,-1.56,18.959,5.493,1.971,6,3
COC1=C(C(=O)O)N2C(=O)C(NC(=O)C(N)C3C=CCC=C3)C2SC1,365.41,365.1,-0.21,121.96,91.06,0.4375,0.455,25,3,6,5,3,0,0,9,148.29,0.498,0.356,12.383,-1.227,0,0.0,0,0,3,1,2,0,2,1,2,689.884,1.693,401480.207,-2.26,17.559,6.928,3.046,3,3
COC1=CC(=O)OC1C(O)c1ccccc1Cl,254.67,254.03,1.83,55.76,61.38,0.25,0.8364,17,1,4,3,2,1,0,5,103.41,0.497,0.335,11.121,-1.04,6,0.3529,0,0,1,0,1,0,1,0,0,469.328,2.272,9374.449,-1.52,11.951,4.773,2.276,2,2
COC1=CC=C2[C@H]3Cc4ccc(OC)c5c4[C@@]2(CCN3C)[C@H]1O5,311.38,311.15,2.42,30.93,87.0,0.4737,0.8392,23,0,4,2,5,1,0,4,135.87,0.497,0.169,6.462,-0.075,6,0.2609,0,0,4,1,2,0,2,1,0,766.123,1.839,387941.714,-1.94,13.495,4.323,1.412,3,0
COC1C(O)CC(=O)OC(C)C/C=C/C=C/C(OC2CCC(N(C)C)C(C)O2)C(C)CC(CC=O)C1OC1OC(C)C(OC2CC(C)(O)C(O)C(C)O2)C(N(C)C)C1O,843.07,842.51,2.33,195.38,216.89,0.8605,0.1747,59,4,16,11,4,0,0,16,350.59,0.462,0.308,13.09,-1.47,0,0.0,0,0,4,3,4,0,4,3,0,1365.215,1.662,2113151912898.064,-1.9,49.752,22.451,13.302,19,19
COC1C=COC2(C)Oc3c(C)c(O)c4c(O)c(c(C=NN5CCN(C)CC5)c(O)c4c3C2=O)NC(=O)C(C)=CC=CC(C)C(O)C(C)C(O)C(C)C(OC(C)=O)C1C,822.95,822.41,4.34,220.15,220.48,0.5349,0.1095,59,6,15,4,6,2,0,16,343.91,0.507,0.312,14.426,-2.043,10,0.1695,0,0,4,1,4,0,4,1,1,2072.628,1.704,3443399886748.291,-5.16,44.934,17.992,8.905,9,9
COC1C=COC2(C)Oc3c(C)c(O)c4c(c3C2=O)C(=O)C(=CNN2CCN(C)CC2)C(=C4O)NC(=O)C(C)=CC=CC(C)C(O)C(C)C(O)C(C)C(OC(C)=O)C1C,822.95,822.41,3.43,216.66,216.66,0.5349,0.1896,59,6,15,4,6,1,0,16,344.33,0.507,0.312,14.682,-2.063,6,0.1017,0,0,5,1,4,0,4,1,1,1996.651,1.662,3443399886748.291,-5.0,45.091,18.093,8.965,9,9
COC1CC(O[C@@H]2[C@@H](C)C(=O)O[C@H](C)[C@H](C)[C@H](O)[C@@H](C)C(=O)[C@@]3(CO3)C[C@H](C)[C@H](OC3OC(C)CC(N(C)C)C3O)[C@H]2C)OC(C)C1O,687.87,687.42,1.91,165.98,173.62,0.9429,0.2742,48,3,13,6,4,0,0,13,285.38,0.462,0.311,13.881,-1.095,0,0.0,0,0,4,4,4,0,4,4,0,1087.79,1.746,21821784869.658,-1.26,39.525,15.96,8.434,18,8
COC1CCCC2C1=C(C(=O)[O-])N1C(=O)C(C(C)O)C21,280.3,280.12,-0.97,89.9,65.98,0.7143,0.6716,20,1,5,3,3,0,-1,6,116.56,0.543,0.235,12.138,-1.325,0,0.0,0,1,3,2,2,0,2,1,1,497.793,2.043,34700.419,-1.4,13.577,4.563,1.578,5,5
COCC(=O)N(c1ccccc1F)C1CCN(CCc2ccccc2)CC1,370.47,370.21,3.51,32.78,105.37,0.4091,0.7477,27,0,3,7,3,2,0,5,160.09,0.375,0.253,14.335,-0.367,12,0.4444,0,0,1,1,1,0,1,1,1,730.102,1.62,1616859.973,-2.24,19.52,9.625,5.145,0,0
COCC(=O)O[C@]1(CCN(C)CCCc2nc3ccccc3[nH]2)CCc2cc(F)ccc2[C@@H]1C(C)C,495.64,495.29,5.27,67.45,139.53,0.5172,0.3672,36,1,5,11,4,3,0,7,212.75,0.457,0.332,13.966,-0.651,15,0.4167,0,0,1,0,1,1,0,0,0,1144.536,1.442,118770259.119,-2.77,26.297,11.523,5.955,2,0
COCC1=C(C(=O)O)N2C(=O)[C@@H](NC(=O)/C(=N\O)c3csc(N)n3)[C@H]2SC1,413.44,413.05,-0.71,167.44,96.41,0.3571,0.2037,27,4,10,6,3,1,0,13,160.41,0.477,0.352,12.471,-1.235,5,0.1852,0,0,2,1,3,1,2,1,2,865.934,1.767,1086541.095,-2.64,19.131,7.539,3.355,2,0
COCC1=C(C(=O)[O-])N2C(=O)[C@@H](NC(=O)/C(=N\OC)c3csc(N)n3)[C@H]2SC1.[Na+],449.45,449.04,-4.87,159.27,99.0,0.4,0.1801,29,2,11,7,3,1,0,14,195.51,1.0,0.543,12.61,-1.463,5,0.1724,1,1,2,1,3,1,2,1,2,888.303,0.0,1769662.046,-1.64,23.637,9.91,4.593,2,0
COCC1CN(c2ccc(OCc3cccc(C#N)c3)cc2)C(=O)O1,338.36,338.13,3.11,71.79,91.42,0.2632,0.8091,25,0,5,6,3,2,0,6,145.69,0.489,0.414,11.907,-0.371,12,0.48,0,0,1,1,1,0,1,1,1,782.756,1.605,687915.557,-3.04,16.805,7.687,4.083,1,1
COCC1CN=C(c2ccccc2Cl)c2cc(Br)ccc2N1C,393.71,392.03,4.4,24.83,100.17,0.2778,0.7717,23,0,3,3,3,2,0,5,149.61,0.382,0.076,6.42,0.194,12,0.5217,0,0,1,0,1,0,1,0,0,747.551,2.177,198492.774,-1.36,16.496,7.035,3.297,1,1
COCCCC(=O)OC(C)OC(=O)C1=C(COC(N)=O)CS[C@@H]2[C@H](NC(=O)/C(=N\OC)c3ccco3)C(=O)N12,568.56,568.15,0.24,198.29,132.59,0.4783,0.0822,39,2,13,13,3,1,0,16,226.46,0.462,0.404,13.139,-1.278,5,0.1282,0,0,2,1,3,1,2,1,3,1150.932,1.737,317970764.294,-4.05,29.505,13.658,7.29,3,1
COCCCC/C(=N\OCCN)c1ccc(C(F)(F)F)cc1.O=C(O)/C=C\C(=O)O,434.41,434.17,2.91,131.44,103.13,0.4211,0.2112,30,3,6,11,1,1,0,11,171.32,0.478,0.416,12.574,-4.343,6,0.2,0,0,0,0,0,0,0,0,0,687.216,0.0,1625280.468,-2.92,27.08,14.991,13.29,0,0
COCCCC/C(=N\OCCN)c1ccc(Cl)cc1,284.79,284.13,2.84,56.84,78.72,0.5,0.4309,19,1,4,9,1,1,0,5,119.07,0.394,0.129,5.885,0.426,6,0.3158,0,0,0,0,0,0,0,0,0,379.537,2.625,18859.219,-1.1,15.956,9.781,6.568,0,0
COCCN1CC[C@]23c4c5ccc(O)c4O[C@H]2C(=O)CC[C@@]3(O)[C@H]1C5,345.4,345.16,0.76,79.23,88.95,0.6316,0.8421,25,2,6,3,5,1,0,6,145.89,0.504,0.174,12.676,-1.01,6,0.24,0,0,4,2,2,0,2,1,0,764.427,1.718,824704.168,-1.63,15.611,4.963,1.678,4,0
COCCc1ccc(OCC(O)CNC(C)C)cc1,267.37,267.18,1.61,50.72,76.66,0.6,0.7136,19,2,4,9,1,1,0,4,115.29,0.491,0.119,9.726,-0.49,6,0.3158,0,0,0,0,0,0,0,0,0,337.749,2.286,16005.551,-1.1,15.956,8.908,7.155,1,1
COCN1C(=O)CN=C(c2ccccc2)c2cc([N+](=O)[O-])ccc21,325.32,325.11,2.38,85.04,89.41,0.1765,0.6379,24,0,5,4,3,2,0,7,137.89,0.364,0.27,12.368,-0.462,12,0.5,1,1,1,0,1,0,1,0,1,817.84,2.215,339888.541,-3.06,15.821,6.592,2.888,0,0
COCOC(=O)C1N2C(=O)C(N3C(=O)C(c4ccc(O)cc4)NC3(C)C)C2SC1(C)C,449.53,449.16,1.18,108.41,112.76,0.5714,0.392,31,2,8,5,4,1,0,10,184.59,0.508,0.332,13.406,-0.772,6,0.1935,0,0,3,3,3,0,3,3,2,918.195,1.592,6097322.443,-2.3,21.914,7.388,3.368,4,4
COCOC(=O)[C@@H]1N2C(=O)[C@@H](N3C(=O)C(c4ccccc4)NC3(C)C)[C@H]2SC1(C)C,433.53,433.17,1.47,88.18,111.09,0.5714,0.4274,30,1,7,5,4,1,0,9,179.79,0.437,0.332,13.383,-0.718,6,0.2,0,0,3,3,3,0,3,3,2,874.653,1.596,4309363.348,-2.1,21.144,7.247,3.106,4,1
COC[C@H]1CN(c2ccc(OCC[C@@H](O)C(F)(F)F)cc2)C(=O)O1,349.31,349.11,2.35,68.23,78.11,0.5333,0.8184,24,1,5,7,2,1,0,9,136.26,0.493,0.414,12.16,-4.651,6,0.25,0,0,1,1,1,0,1,1,1,549.036,1.86,203211.225,-2.0,18.34,7.713,4.747,2,0
COCc1c(C(=O)OC(C)C)ncc2[nH]c3cccc(Oc4ccc(Cl)cc4)c3c12,424.88,424.12,5.87,73.44,116.39,0.2174,0.3914,30,1,5,6,4,4,0,7,178.28,0.458,0.357,12.666,-0.482,19,0.6333,0,0,0,0,2,2,0,0,0,1215.564,1.927,7534380.097,-3.09,20.194,8.339,3.838,0,0
COCc1c(C(C)C)nc(C(C)C)c(/C=C/[C@@H](O)C[C@@H](O)CC(=O)O)c1-c1ccc(F)cc1,459.56,459.24,4.88,99.88,126.44,0.4615,0.4428,33,3,5,11,2,2,0,7,194.32,0.481,0.305,13.683,-1.159,12,0.3636,0,0,0,0,1,1,0,0,0,969.638,2.687,9958652.472,-2.61,26.641,12.022,7.187,2,0
CON=C(C#N)C1CN2CCC1CC2,193.25,193.12,0.85,48.62,52.71,0.8,0.4824,14,0,4,2,3,0,0,4,84.13,0.398,0.161,8.958,0.308,0,0.0,0,0,3,3,3,0,3,3,0,273.582,2.112,2389.6,-1.08,9.474,3.971,1.599,1,1
CO[C@@H]1O[C@H]2O[C@]3(CN4CCCCC4)[C@@H](O)C[C@@H]([C@H]13)[C@H]2C,297.39,297.19,1.2,51.16,76.54,1.0,0.8482,21,1,5,3,5,0,0,5,126.08,0.39,0.166,10.771,-0.488,0,0.0,0,0,5,5,4,0,4,4,0,399.738,1.624,108493.949,-0.2,14.396,5.168,2.015,7,0
CO[C@@H]1[C@@H](OC(N)=O)[C@@H](O)[C@H](Oc2ccc3c(=O)c(NC(=O)c4ccc(O)c(CC=C(C)C)c4)c(O)oc3c2C)OC1(C)C,612.63,612.23,3.63,200.01,158.92,0.3871,0.2327,44,5,11,8,4,3,0,13,252.33,0.508,0.404,13.358,-1.518,16,0.3636,0,0,1,1,2,1,1,1,2,1673.311,1.629,2331624222.214,-4.59,32.326,12.564,6.491,4,0
CO[C@@H]1[C@@H](O[C@@H]2O[C@H](C)[C@@H](O[C@H]3C[C@@](C)(O)[C@@H](OC(=O)CC(C)C)[C@H](C)O3)[C@H](N(C)C)[C@H]2O)[C@@H](CC=O)C[C@@H](C)[C@@H](O)/C=C/C=C/C[C@@H](C)OC(=O)C[C@H]1OC(C)=O,828.01,827.47,3.01,206.05,209.85,0.8095,0.1469,58,3,16,12,3,0,0,16,343.0,0.462,0.309,13.246,-1.501,0,0.0,0,0,3,2,3,0,3,2,0,1385.857,1.975,846276968733.452,-2.8,49.562,22.703,14.154,16,0
CO[C@@]1(NC(=O)C(C(=O)O)c2ccc(O)cc2)C(=O)N2C(C(=O)O)=C(CSc3nnnn3C)CO[C@@H]21,520.48,520.1,-1.13,206.3,117.14,0.35,0.1338,36,4,12,9,4,2,0,16,206.2,0.508,0.352,13.191,-2.144,11,0.3056,0,0,2,1,3,1,2,1,2,1262.624,1.582,88447430.274,-4.02,25.084,9.556,4.141,3,1
CO[C@@]1(NC(=O)C(C(=O)O)c2ccsc2)C(=O)N2[C@@H](C(=O)O)C(C)(C)S[C@@H]21,414.46,414.06,0.52,133.24,96.31,0.5,0.3486,27,3,7,6,3,1,0,11,162.22,0.48,0.327,12.777,-1.799,5,0.1852,0,0,2,2,3,1,2,2,2,809.701,1.895,822082.36,-2.11,19.646,6.498,2.804,4,1
CO[C@@]1(NC(=O)C2SC(=C(C(N)=O)C(=O)O)S2)C(=O)N2C(C(=O)O)=C(CSc3nnnn3C)CS[C@@H]21,575.63,575.0,-1.4,219.93,127.98,0.4118,0.0664,36,4,14,9,4,1,0,19,218.51,0.477,0.352,13.182,-1.811,5,0.1389,0,0,3,2,4,1,3,2,3,1225.223,1.492,59281655.422,-2.74,26.327,9.96,4.335,2,0
CO[C@@]1(NC(=O)CSC(F)(F)F)C(=O)N2C(C(=O)O)=C(CSc3nnnn3CCO)CO[C@@H]21.[Na],537.45,537.04,-1.37,169.0,109.02,0.6,0.1387,34,3,12,10,3,1,0,19,219.59,0.477,0.442,12.827,-4.655,5,0.1471,0,0,2,1,3,1,2,1,2,980.534,0.0,14234959.331,-1.41,28.825,11.55,5.863,2,0
CO[C@@]1(NC(=O)CSCC#N)C(=O)N2C(C(=O)O)=C(CSc3nnnn3C)CS[C@@H]21,471.55,471.05,-0.73,163.33,108.1,0.5333,0.2011,30,2,12,9,3,1,0,15,183.29,0.477,0.352,12.935,-1.637,5,0.1667,0,0,2,1,3,1,2,1,2,945.3,1.777,4691364.547,-2.28,22.406,9.247,3.995,2,0
CO[C@@]1(NC(=O)CSC[C@@H](N)C(=O)O)C(=O)N2C(C(=O)O)=C(CSc3nnnn3C)CS[C@@H]21,519.59,519.07,-1.84,202.86,118.09,0.5625,0.1441,33,4,13,11,3,1,0,17,199.55,0.48,0.352,13.031,-1.718,5,0.1515,0,0,2,1,3,1,2,1,2,1002.844,1.701,16109958.337,-2.34,25.286,10.289,4.957,3,0
CO[C@@]1(NC(=O)Cc2cccs2)C(=O)N2C(C(=O)O)=C(COC(N)=O)CS[C@@H]21,427.46,427.05,0.1,148.26,99.19,0.375,0.4098,28,3,8,7,3,1,0,12,167.19,0.477,0.404,12.831,-1.657,5,0.1786,0,0,2,1,3,1,2,1,3,854.429,1.81,1725921.009,-2.57,20.172,7.813,3.453,2,0
CO[C@@]12[C@H](COC(N)=O)C3=C(C(=O)C(C)=C(N)C3=O)N1C[C@@H]1N[C@@H]12,334.33,334.13,-1.65,146.89,80.11,0.5333,0.4107,24,3,8,3,4,0,0,9,137.15,0.449,0.404,12.771,-0.957,0,0.0,0,0,4,2,3,0,3,2,1,756.963,1.847,387390.722,-2.39,15.156,4.578,1.578,4,0
CO[C@H](C(=O)[C@@H](O)[C@@H](C)O)[C@@H]1Cc2cc3cc(O[C@H]4C[C@@H](O[C@H]5C[C@@H](O)[C@H](O)[C@@H](C)O5)[C@H](O)[C@@H](C)O4)c(C)c(O)c3c(O)c2C(=O)[C@H]1O[C@H]1C[C@@H](O[C@H]2C[C@@H](O[C@H]3C[C@](C)(O)[C@H](O)[C@@H](C)O3)[C@H](O)[C@@H](C)O2)[C@H](O)[C@@H](C)O1,1085.16,1084.47,-0.25,358.2,258.58,0.7692,0.1095,76,11,24,15,8,2,0,24,438.71,0.507,0.202,15.022,-1.947,10,0.1316,0,0,6,5,5,0,5,5,0,2354.812,1.043,13130059084248596,-3.32,58.818,23.409,11.919,25,0
CO[C@H]1/C=C/O[C@@]2(C)Oc3c(C)c(O)c4c(O)c(c5c(nc6cc(C)ccn65)c4c3C2=O)NC(=O)/C(C)=C\C=C\[C@H](C)[C@H](O)[C@@H](C)[C@@H](O)[C@@H](C)[C@H](OC(C)=O)[C@@H]1C,785.89,785.35,6.16,198.38,213.14,0.4419,0.1149,57,5,13,2,6,4,0,14,329.94,0.507,0.312,14.562,-1.958,17,0.2982,0,0,2,0,4,2,2,0,1,2378.81,1.578,1942134955002.366,-5.44,41.201,15.483,7.103,9,0
CO[C@H]1/C=C/O[C@@]2(C)Oc3c(C)c(O)c4c(O)c(cc(O)c4c3C2=O)NC(=O)/C(C)=C\C=C\[C@H](C)[C@H](O)[C@@H](C)[C@@H](O)[C@@H](C)[C@H](OC(C)=O)[C@@H]1C,697.78,697.31,4.75,201.31,183.82,0.4865,0.1431,50,6,12,2,5,2,0,13,290.35,0.507,0.312,13.925,-1.981,10,0.2,0,0,3,0,3,0,3,0,1,1762.793,1.869,37319159889.042,-4.59,38.216,14.716,7.027,9,0
CO[C@H]1/C=C/O[C@@]2(C)Oc3c(C)c(O)c4c(c3C2=O)C(=O)/C(=C/NN2CCN(C3CCCC3)CC2)C(=C4O)NC(=O)/C(C)=C\C=C\[C@H](C)[C@H](O)[C@@H](C)[C@@H](O)[C@@H](C)[C@H](OC(C)=O)[C@@H]1C,877.05,876.45,4.74,216.66,232.99,0.5745,0.1741,63,6,15,5,7,1,0,16,368.78,0.507,0.312,14.856,-2.063,6,0.0952,0,0,6,2,4,0,4,1,1,2113.017,1.433,40679198916371.44,-5.0,47.478,19.396,9.461,9,0
CO[C@H]1/C=C/O[C@@]2(C)Oc3c(C)c(O)c4c(c3C2=O)C2=NC3(CCN(CC(C)C)CC3)NC2=C(NC(=O)/C(C)=C\C=C\[C@H](C)[C@H](O)[C@@H](C)[C@@H](O)[C@@H](C)[C@H](OC(C)=O)[C@@H]1C)C4=O,847.02,846.44,4.62,205.55,226.76,0.587,0.2631,61,5,14,4,6,1,0,15,357.48,0.507,0.312,14.709,-1.967,6,0.0984,0,0,5,1,4,0,4,1,1,2112.171,1.491,10968644285980.875,-4.83,45.691,17.504,8.536,9,0
CO[C@H]1CC[C@H]2[C@H]3Cc4ccc(O)c5c4[C@@]2(CCN3C)[C@H]1O5,301.39,301.17,2.08,41.93,82.46,0.6667,0.8622,22,1,4,1,5,1,0,4,130.57,0.504,0.165,10.342,0.053,6,0.2727,0,0,4,2,2,0,2,1,0,645.465,1.781,227155.634,-1.26,13.204,4.177,1.324,5,0
CO[C@H]1C[C@H](O[C@@H]2[C@@H](C)C(=O)O[C@H](C)[C@H](C)[C@H](OC(C)=O)[C@@H](C)C(=O)[C@]3(CO3)C[C@H](C)[C@H](O[C@@H]3O[C@H](C)C[C@H](N(C)C)[C@H]3OC(C)=O)[C@H]2C)O[C@@H](C)[C@@H]1OC(C)=O,813.98,813.45,3.62,184.19,202.26,0.878,0.1867,57,0,16,9,4,0,0,16,337.02,0.462,0.311,14.391,-1.189,0,0.0,0,0,4,4,4,0,4,4,0,1419.903,1.815,1091762429768.951,-2.73,46.954,19.555,11.31,18,0
CO[C@H]1[C@@H](O)[C@H](N)[C@@H](O[C@H]2O[C@H](C(C)N)CC[C@H]2N)[C@H](O)[C@@H]1N(C)C(=O)CN,405.5,405.26,-3.59,192.54,100.79,0.9412,0.2572,28,6,10,6,2,0,0,11,164.78,0.389,0.236,12.095,-1.254,0,0.0,0,0,2,2,1,0,1,1,1,526.266,2.231,1059256.241,-0.89,23.39,9.741,4.636,10,1
CO[C@]12CC[C@@]3(C[C@@H]1C(C)(C)O)[C@H]1Cc4ccc(O)c5c4[C@@]3(CCN1CC1CC1)[C@H]2O5,425.57,425.26,3.39,62.16,116.42,0.7692,0.7744,31,2,5,4,8,1,0,5,184.27,0.504,0.165,11.361,-0.846,6,0.1935,0,0,7,5,2,0,2,1,0,966.889,1.488,24889565.497,-1.3,19.195,5.602,2.018,6,0
CO[C@]12CC[C@@]3(C[C@@H]1[C@](C)(O)C(C)(C)C)[C@H]1Cc4ccc(O)c5c4[C@@]3(CCN1CC1CC1)[C@H]2O5,467.65,467.3,4.41,62.16,130.2,0.7931,0.6867,34,2,5,4,8,1,0,5,203.37,0.504,0.165,12.195,-0.909,6,0.1765,0,0,7,5,2,0,2,1,0,1056.946,1.474,83988563.284,-1.3,21.94,6.33,2.25,7,0
COc1cc(/C=C/C(=O)N2CCCCCCC2)cc(OC)c1OC,333.43,333.19,3.52,48.0,94.8,0.5263,0.7737,24,0,4,5,2,1,0,5,143.74,0.493,0.246,12.42,0.061,6,0.25,0,0,1,1,1,0,1,1,1,549.725,2.132,242429.237,-2.17,18.173,9.205,4.663,0,0
COc1cc(/C=C/C(N)=O)cc(OC)c1OC,237.25,237.1,1.21,70.78,64.33,0.25,0.7813,17,1,4,5,1,1,0,5,99.77,0.493,0.241,10.653,-0.515,6,0.3529,0,0,0,0,0,0,0,0,1,415.127,3.218,5748.628,-2.17,12.897,5.789,3.139,0,0
COc1cc(Br)c2oc(C3CCNCC3)cc2c1,310.19,309.04,3.67,34.4,75.31,0.4286,0.9188,18,1,3,2,3,2,0,4,114.62,0.497,0.148,6.008,0.538,9,0.5,0,0,1,1,2,1,1,1,0,558.164,2.014,24733.93,-1.0,12.055,4.938,2.148,0,0
COc1cc(C(=O)/C=C/N2CC=CC2)cc(OC)c1OC,289.33,289.13,2.28,48.0,80.28,0.3125,0.4566,21,0,5,6,2,1,0,5,123.96,0.493,0.203,12.252,-0.11,6,0.2857,0,0,1,0,1,0,1,0,0,544.635,2.236,80106.429,-2.43,14.968,6.833,3.367,0,0
COc1cc(C(=O)N2CCCCCCC2)cc(OC)c1OC,307.39,307.18,3.12,48.0,85.09,0.5882,0.8573,22,0,4,4,2,1,0,5,131.7,0.493,0.254,12.775,0.029,6,0.2727,0,0,1,1,1,0,1,1,1,482.376,2.275,92778.364,-1.91,16.46,7.917,3.642,0,0
COc1cc(C(=O)N2CCOCC2)cc(OC)c1OC,281.31,281.13,1.18,57.23,72.82,0.5,0.8293,20,0,5,4,2,1,0,6,117.72,0.493,0.254,12.454,-0.062,6,0.3,0,0,1,1,1,0,1,1,1,457.448,2.33,40413.988,-1.95,14.459,6.472,2.797,0,0
COc1cc(C(=O)OCCN2CCN(CCCN3c4ccccc4Sc4ccc(Cl)cc43)CC2)cc(OC)c1OC,598.17,597.21,5.83,63.71,162.9,0.3871,0.2539,41,0,9,11,5,3,0,10,250.6,0.493,0.338,12.682,-0.413,18,0.439,0,0,2,1,2,0,2,1,0,1340.325,1.069,2026909707.027,-3.11,29.385,13.702,6.863,0,0
COc1cc(C(C)=O)ccc1OCCCN1CCC(c2noc3cc(F)ccc23)CC1,426.49,426.2,4.83,64.8,115.49,0.4167,0.3799,31,0,6,8,4,3,0,7,180.46,0.493,0.17,13.362,-0.306,15,0.4839,0,0,1,1,2,1,1,1,0,1056.914,1.24,14913639.748,-2.93,21.308,9.473,4.876,0,0
COc1cc(CCN)cc(OC)c1OC,211.26,211.12,1.21,53.71,58.86,0.4545,0.7951,15,1,4,5,1,1,0,4,89.94,0.493,0.203,5.501,0.596,6,0.4,0,0,0,0,0,0,0,0,0,300.604,3.162,2470.038,-1.42,11.654,5.458,2.533,0,0
COc1cc(Cc2cnc(N)nc2N)cc(OC)c1OC,290.32,290.14,1.26,105.51,79.76,0.2857,0.8534,21,2,7,5,2,2,0,7,122.41,0.493,0.221,5.848,0.154,12,0.5714,0,0,0,0,1,1,0,0,0,621.107,2.398,52230.227,-2.7,14.704,6.167,3.073,0,0
COc1cc(N)c(Cl)cc1C(=O)NC1CCN(CCCOc2ccc(F)cc2)CC1OC.O,483.97,483.19,2.53,117.55,125.65,0.4348,0.4178,33,2,6,9,3,2,0,10,197.6,0.496,0.255,12.949,-0.282,12,0.3636,0,0,1,1,1,0,1,1,1,915.715,0.0,13242824.738,-2.59,26.661,12.597,7.197,2,2
COc1cc(N)c(Cl)cc1C(=O)NC1CCN(Cc2ccccc2)CC1,373.88,373.16,3.33,67.59,104.62,0.35,0.7887,26,2,4,5,3,2,0,6,158.63,0.496,0.255,12.625,-0.176,12,0.4615,0,0,1,1,1,0,1,1,1,759.152,1.56,847625.112,-2.24,18.548,8.427,4.479,0,0
COc1cc(NCc2ccc3nc(N)nc(N)c3c2C)cc(OC)c1OC,369.43,369.18,2.74,117.54,106.52,0.2632,0.607,27,3,8,6,3,3,0,8,157.0,0.493,0.222,6.043,0.169,16,0.5926,0,0,0,0,1,1,0,0,0,965.726,1.92,1140338.698,-3.42,18.373,7.446,3.459,0,0
COc1cc([C@@H]2c3cc4c(cc3[C@@H](OC3OC5COC(c6cccs6)OC5C(O)C3O)[C@H]3COC(=O)[C@H]23)OCO4)cc(OC)c1O,656.66,656.16,2.75,160.83,155.94,0.4688,0.3328,46,3,14,6,8,3,0,14,266.56,0.502,0.31,13.483,-1.472,17,0.3696,0,0,5,3,5,1,4,3,0,1601.099,1.158,57390008052.186,-3.63,29.751,11.56,4.701,10,6
COc1cc([C@@H]2c3cc4c(cc3[C@@H](O[C@@H]3O[C@@H]5CO[C@@H](C)O[C@H]5[C@H](O)[C@H]3O)C3COC(=O)[C@@H]32)OCO4)cc(OC)c1O,588.56,588.18,1.34,160.83,138.35,0.5517,0.4298,42,3,13,5,7,2,0,13,240.23,0.502,0.31,13.385,-1.436,12,0.2857,0,0,5,3,4,0,4,3,0,1352.533,1.318,5287664732.044,-3.33,27.5,10.436,4.259,10,1
COc1cc2[nH]c(C)c(CCN3CCN(c4ccccc4)CC3)c2cc1OC,379.5,379.23,3.86,40.73,114.94,0.3913,0.7061,28,1,4,6,4,3,0,5,166.4,0.493,0.162,5.502,0.764,15,0.5357,0,0,1,1,2,1,1,1,0,927.92,1.426,3908376.606,-2.66,18.692,8.148,3.67,0,0
COc1cc2[nH]c(C)c(CCN3CCN(c4ccccc4OC)CC3)c2cc1OC,409.53,409.24,3.87,49.96,121.49,0.4167,0.6421,30,1,5,7,4,3,0,6,177.88,0.495,0.162,5.533,0.755,15,0.5,0,0,1,1,2,1,1,1,0,1006.344,1.422,9649847.435,-2.86,20.414,8.877,3.919,0,0
COc1cc2c(c(CN[C@@H]3CCCN[C@H]3c3ccccc3)c1)OCC2,338.45,338.2,3.21,42.52,99.24,0.4286,0.8785,25,2,4,5,4,2,0,4,149.09,0.497,0.127,5.869,0.356,12,0.48,0,0,2,1,2,0,2,1,0,717.336,1.511,1174995.314,-2.04,16.43,7.461,3.505,2,0
COc1cc2c(c(OC)c1OC)-c1ccc(OC)c(=O)cc1C(NC(C)=O)CC2,399.44,399.17,2.87,83.09,109.23,0.3636,0.8325,29,1,6,5,3,2,0,7,169.1,0.493,0.22,12.642,-0.332,13,0.4483,0,0,1,0,0,0,0,0,1,1001.395,2.414,3026041.549,-3.22,20.513,8.426,3.722,1,1
COc1cc2c(c(OC)c1OC)-c1ccc(OC)c(=O)cc1[C@@H](NC(C)=O)CC2,399.44,399.17,2.87,83.09,109.23,0.3636,0.8325,29,1,6,5,3,2,0,7,169.1,0.493,0.22,12.642,-0.332,13,0.4483,0,0,1,0,0,0,0,0,1,1001.395,2.414,3026041.549,-3.22,20.513,8.426,3.722,1,0
COc1cc2c(cc1OC)C(=O)C(CC1CCN(Cc3ccccc3)CC1)C2.[Cl-].[H+],415.96,415.19,1.48,38.77,111.24,0.4583,0.716,29,0,4,6,4,2,0,5,180.64,1.0,1.0,12.937,0.0,12,0.4,1,1,2,1,1,0,1,1,0,837.845,0.0,3746809.96,-2.04,21.664,9.64,4.759,1,1
COc1cc2c(cc1OC)C(c1ccc(N)cc1)=NN=C(C)C2,309.37,309.15,3.06,69.2,92.85,0.2222,0.8859,23,1,5,3,3,2,0,5,135.0,0.493,0.161,5.783,0.675,12,0.5217,0,0,1,0,1,0,1,0,0,792.659,2.199,203433.108,-2.82,15.09,6.122,2.9,0,0
COc1cc2c(cc1OC)C(c1cccc(Cl)c1)=NN=C(C)C2,328.8,328.1,4.13,43.18,93.45,0.2222,0.85,23,0,4,3,3,2,0,5,139.96,0.493,0.161,6.131,0.664,12,0.5217,0,0,1,0,1,0,1,0,0,812.664,2.224,199751.217,-2.33,15.561,6.424,3.078,0,0
COc1cc2c(cc1OC)C1CC(=O)C(CC(C)C)CN1CC2,317.43,317.2,3.24,38.77,90.13,0.6316,0.8544,23,0,4,4,3,1,0,4,138.31,0.493,0.161,12.589,0.202,6,0.2609,0,0,2,1,2,0,2,1,0,596.523,1.885,167995.313,-1.55,16.313,6.519,3.092,2,2
COc1cc2c(cc1OC)S(=O)(=O)OC(C(=O)NC(C)CC(C)(C)N(C)C)C2,414.52,414.18,1.57,94.17,105.3,0.6316,0.6769,28,1,7,7,2,1,0,9,166.82,0.493,0.298,12.669,-4.083,6,0.2143,0,0,1,0,1,0,1,0,1,835.071,2.205,748829.651,-1.84,22.449,8.262,4.763,2,2
COc1cc2c(cc1OC)[C@@H](c1ccccc1)CN(C)CC2,297.4,297.17,3.32,21.7,89.03,0.3684,0.8672,22,0,3,3,3,2,0,3,132.02,0.493,0.161,5.516,0.364,12,0.5455,0,0,1,0,1,0,1,0,0,639.383,2.122,145369.372,-2.0,14.917,6.406,2.813,1,0
COc1cc2c3c(c1O)C1(C=CC(=O)C=C1)CC3N(C)CC2,297.35,297.14,2.27,49.77,83.32,0.3889,0.8637,22,1,4,1,4,1,0,4,129.24,0.504,0.178,11.547,-0.403,6,0.2727,0,0,3,0,1,0,1,0,0,716.338,2.006,161322.152,-2.07,13.583,4.462,1.643,1,1
COc1cc2oc(=O)c(C)c(C)c2cc1OCCCN1CCN(c2ccccc2OC)CC1,452.55,452.23,4.02,64.38,130.27,0.4231,0.3778,33,0,7,8,4,3,0,7,194.01,0.495,0.339,11.98,-0.318,16,0.4848,0,0,1,1,2,1,1,1,0,1165.291,1.317,32545942.915,-3.19,22.985,10.169,4.93,0,0
COc1ccc(-c2cc(=O)c3c(O)cc(O[C@@H]4O[C@H](CO[C@@H]5O[C@@H](C)[C@H](O)[C@@H](O)[C@H]5O)[C@@H](O)[C@H](O)[C@H]4O)cc3o2)cc1O,608.55,608.17,-1.09,238.2,143.42,0.4643,0.159,43,8,15,7,5,3,0,15,242.79,0.507,0.229,12.816,-1.78,16,0.3721,0,0,2,2,3,1,2,2,0,1507.492,1.362,2630332649.491,-3.51,30.932,12.237,5.991,10,0
COc1ccc(C#N)cc1C(=O)NCCN1CCC(C(=O)c2ccc(F)cc2)CC1,409.46,409.18,3.03,82.43,109.94,0.3478,0.7111,30,1,5,7,3,2,0,7,174.8,0.496,0.255,13.038,-0.347,12,0.4,0,0,1,1,1,0,1,1,1,945.156,1.46,6001440.765,-3.24,21.468,9.99,5.217,0,0
COc1ccc(C(=O)N2CCCC2=O)cc1,219.24,219.09,1.46,46.61,58.27,0.3333,0.7073,16,0,3,2,2,1,0,4,93.81,0.497,0.26,11.921,-0.217,6,0.375,0,0,1,1,1,0,1,1,2,410.777,2.167,6787.584,-1.84,10.67,4.346,1.91,0,0
COc1ccc(C(CN(C)C)C2(O)CCCCC2)cc1,277.41,277.2,3.04,32.7,82.32,0.6471,0.8977,20,1,3,5,2,1,0,3,122.11,0.497,0.118,11.102,-0.558,6,0.3,0,0,1,1,0,0,0,0,0,407.503,2.251,32347.209,-1.06,15.331,6.595,3.526,1,1
COc1ccc(C(O)CN2CCN(C(c3ccccc3)c3ccccc3)CC2)cc1OC,432.56,432.24,4.14,45.17,127.25,0.3333,0.5796,32,1,5,8,4,3,0,5,190.37,0.493,0.161,10.836,-0.569,18,0.5625,0,0,1,1,1,0,1,1,0,933.206,1.415,26003490.943,-2.86,22.338,10.638,5.127,1,1
COc1ccc(C2CNC(=O)C2)cc1OC1CCCC1,275.35,275.15,2.62,47.56,76.25,0.5625,0.9185,20,1,3,4,3,1,0,4,119.01,0.493,0.22,11.346,0.129,6,0.3,0,0,2,2,1,0,1,1,1,494.495,1.8,71847.771,-1.71,13.281,5.733,2.739,1,1
COc1ccc(CC(=O)N2CCN(C(C)=O)C[C@@H]2CN2CC[C@@H](O)C2)cc1,375.47,375.22,0.36,73.32,101.52,0.6,0.8047,27,1,5,5,3,1,0,7,160.04,0.497,0.227,12.97,-0.291,6,0.2222,0,0,2,2,2,0,2,2,2,663.696,1.669,1442619.891,-2.12,19.636,8.712,4.987,2,0
COc1ccc(CCN(C)CCCC(C#N)(c2ccc(OC)c(OC)c2)C(C)C)cc1OC,454.61,454.28,5.09,63.95,131.66,0.5185,0.4199,33,0,6,13,2,2,0,6,198.57,0.493,0.161,10.242,-0.58,12,0.3636,0,0,0,0,0,0,0,0,0,938.204,2.023,15777873.299,-2.91,26.343,12.362,6.326,1,1
COc1ccc(CCN2CCC(Nc3nc4ccccc4n3Cc3ccc(F)cc3)CC2)cc1,458.58,458.25,5.35,42.32,135.02,0.3214,0.3865,34,1,5,8,5,4,0,6,199.73,0.497,0.204,13.38,-0.212,21,0.6176,0,0,1,1,2,1,1,1,0,1211.634,1.21,96907037.245,-3.38,22.414,10.263,5.229,0,0
COc1ccc(CCN2CCN(c3cccc(Cl)c3)CC2)cc1OC,360.89,360.16,3.72,24.94,103.36,0.4,0.7834,25,0,4,6,3,2,0,5,154.45,0.493,0.16,6.1,0.779,12,0.48,0,0,1,1,1,0,1,1,0,699.846,1.509,604115.099,-1.91,17.898,8.455,4.586,0,0
COc1ccc(CN(CCN(C)C)c2ccccn2)cc1,285.39,285.18,2.66,28.6,86.84,0.3529,0.7818,21,0,4,7,2,2,0,4,126.53,0.497,0.128,5.205,0.842,12,0.5714,0,0,0,0,1,1,0,0,0,525.491,2.105,64335.223,-2.07,15.321,7.643,4.756,0,0
COc1ccc(C[C@H](N)C(=O)NC2[C@@H](CO)O[C@@H](n3cnc4c(N(C)C)ncnc43)[C@@H]2O)cc1,471.52,471.22,-0.79,160.88,123.26,0.4545,0.3275,34,4,11,8,4,3,0,12,195.88,0.497,0.237,12.804,-1.176,15,0.4412,0,0,1,1,3,2,1,1,1,1136.379,1.491,54088699.301,-3.32,23.825,9.891,4.526,5,1
COc1ccc(Cc2nccc3cc(OC)c(OC)cc23)cc1OC,339.39,339.15,3.86,49.81,97.2,0.25,0.6824,25,0,5,6,3,3,0,5,146.67,0.493,0.161,5.427,0.674,16,0.64,0,0,0,0,1,1,0,0,0,892.244,2.04,577772.086,-2.95,16.892,7.299,3.309,0,0
COc1ccc(Cl)c2c1CCCC2N(C)C,239.75,239.11,3.29,12.47,67.37,0.5385,0.7855,16,0,2,2,2,1,0,3,102.16,0.496,0.122,6.328,0.423,6,0.375,0,0,1,0,0,0,0,0,0,389.764,2.539,4770.058,-0.73,11.747,4.641,1.919,1,1
COc1ccc(Cl)cc1C(=O)NCCc1ccc(S(=O)(=O)NC(=O)NC2CCCCC2)cc1,494.01,493.14,3.64,113.6,126.21,0.3913,0.5192,33,3,5,8,3,2,0,10,198.65,0.496,0.328,12.492,-3.967,12,0.3636,0,0,1,1,0,0,0,0,3,1083.776,1.513,19051838.764,-2.78,24.854,11.38,7.1,0,0
COc1ccc(Cn2c(C)c(CCN)c3cc(O)ccc32)cc1,310.4,310.17,3.21,60.41,93.19,0.2632,0.7605,23,2,4,5,3,3,0,4,135.66,0.508,0.118,9.816,0.289,15,0.6522,0,0,0,0,1,1,0,0,0,819.497,2.066,220199.389,-2.46,15.436,6.343,2.899,0,0
COc1ccc(N2C[C@H](CN3CCC(O)(c4ccc5c(c4)OCO5)CC3)OC2=O)cc1,426.47,426.18,2.73,80.7,112.74,0.4348,0.7874,31,1,7,5,5,2,0,8,180.41,0.497,0.414,12.354,-0.89,12,0.3871,0,0,3,2,3,0,3,2,1,955.039,1.174,21316619.093,-2.97,19.962,7.939,3.884,1,0
COc1ccc(OCC2CN(C)CCC2c2ccccc2)cc1,311.42,311.19,3.81,21.7,93.28,0.4,0.8379,23,0,3,5,3,2,0,3,138.39,0.497,0.119,6.063,0.512,12,0.5217,0,0,1,1,1,0,1,1,0,596.799,1.667,247632.979,-2.0,15.879,7.513,4.05,2,2
COc1ccc(S(N)(=O)=O)cc1C(=O)NCC1CCCN1C,327.41,327.13,0.17,101.73,82.35,0.5,0.8024,22,2,5,5,2,1,0,8,130.03,0.496,0.255,12.322,-3.867,6,0.2727,0,0,1,1,1,0,1,1,1,660.052,2.165,81278.255,-1.64,16.726,6.636,3.76,1,1
COc1ccc(S(N)(=O)=O)cc1C(=O)NCC1CCCN1Cc1ccc(F)cc1,421.49,421.15,1.88,101.73,106.53,0.35,0.7108,29,2,5,7,3,2,0,9,169.25,0.496,0.255,13.095,-3.931,12,0.4138,0,0,1,1,1,0,1,1,1,979.721,1.669,3219399.685,-2.49,21.224,8.894,5.314,1,1
COc1ccc([C@@H]2Sc3ccccc3N(CCN(C)C)C(=O)[C@@H]2OC(C)=O)cc1,414.53,414.16,3.37,59.08,114.5,0.3636,0.6758,29,0,6,6,3,2,0,7,175.32,0.497,0.303,13.555,-0.916,12,0.4138,0,0,1,0,1,0,1,0,1,869.371,2.056,3020643.092,-2.51,21.205,9.325,4.916,2,0
COc1ccc([C@H](O)CN2CCN(c3cccccc3=O)CC2)cc1OC,370.45,370.19,1.92,62.24,105.87,0.381,0.8383,27,1,6,6,3,2,0,6,159.12,0.493,0.201,12.158,-0.61,13,0.4815,0,0,1,1,1,0,1,1,0,819.156,1.605,1579863.261,-2.57,19.199,8.882,4.588,1,0
COc1ccc2c(C3CCN(CCCC(=O)c4ccc(F)cc4)CC3)c(C)[nH]c2c1,408.52,408.22,5.47,45.33,117.97,0.4,0.5277,30,1,3,7,4,3,0,5,176.59,0.497,0.162,12.998,-0.306,15,0.5,0,0,1,1,2,1,1,1,0,1017.555,1.299,8803806.851,-2.66,20.606,9.004,4.411,0,0
COc1ccc2c(c1)/C(=C/CCN(C)C)c1ccccc1O2,295.38,295.16,4.18,21.7,89.76,0.2632,0.7203,22,0,3,4,3,2,0,3,131.33,0.497,0.135,6.028,0.847,12,0.5455,0,0,1,0,1,0,1,0,0,704.331,2.06,127479.191,-2.26,14.668,6.241,2.853,0,0
COc1ccc2c(c1)C(N1CCN(C)CC1)=Cc1ccccc1O2,322.41,322.17,3.55,24.94,96.45,0.3,0.8441,24,0,4,2,4,2,0,4,142.45,0.497,0.137,6.199,0.85,12,0.5,0,0,2,1,2,0,2,1,0,776.958,1.833,516994.418,-2.46,15.09,6.209,2.737,0,0
COc1ccc2c(c1)C(O)(CCCN(C)C)c1ccccc1S2,329.46,329.14,3.74,32.7,94.35,0.3684,0.9057,23,1,4,5,3,2,0,4,141.83,0.497,0.119,11.621,-0.957,12,0.5217,0,0,1,0,1,0,1,0,0,701.519,2.049,176979.487,-1.49,16.371,6.555,3.113,1,1
COc1ccc2c(c1)CN(C)CC2c1ccc(Cl)c(Cl)c1,322.24,321.07,4.58,12.47,87.63,0.2941,0.8024,21,0,2,2,3,2,0,4,134.79,0.497,0.119,6.179,0.305,12,0.5714,0,0,1,0,1,0,1,0,0,671.835,2.056,68996.958,-1.22,14.706,5.878,2.889,1,1
COc1ccc2c(c1)N(CC(C)CN1CCC(O)CC1)c1ccccc1S2,384.55,384.19,4.39,35.94,111.41,0.4545,0.8272,27,1,5,5,4,2,0,5,165.68,0.497,0.121,9.741,-0.109,12,0.4444,0,0,2,1,2,0,2,1,0,789.632,1.556,1887429.819,-1.69,18.663,8.129,4.102,1,1
COc1ccc2c(c1)N(CCC1CCCCN1C)c1ccccc1S2,354.52,354.18,5.17,15.71,105.45,0.4286,0.7519,25,0,4,4,4,2,0,4,154.52,0.497,0.121,5.484,0.699,12,0.48,0,0,2,1,2,0,2,1,0,748.426,1.63,825571.478,-1.65,16.799,7.303,3.377,1,1
COc1ccc2c(c1)N(CCCN(C)C)c1ccccc1S2,314.45,314.15,4.25,15.71,93.74,0.3333,0.8192,22,0,4,5,3,2,0,4,136.43,0.497,0.121,5.415,0.913,12,0.5455,0,0,1,0,1,0,1,0,0,657.285,1.949,127479.191,-1.65,15.254,6.629,3.08,0,0
COc1ccc2c(c1)N(C[C@H](C)CN(C)C)c1ccccc1S2,328.48,328.16,4.5,15.71,98.28,0.3684,0.8027,23,0,4,5,3,2,0,4,142.79,0.497,0.121,5.442,0.57,12,0.5217,0,0,1,0,1,0,1,0,0,686.82,1.987,180293.18,-1.65,16.216,6.851,3.484,1,0
COc1ccc2c(c1)[C@]13CCCC[C@@H]1[C@H](C2)N(C)CC3,271.4,271.19,3.38,12.47,81.37,0.6667,0.7761,20,0,2,1,4,1,0,2,121.67,0.497,0.119,5.505,0.456,6,0.3,0,0,3,2,1,0,1,1,0,526.15,1.878,65310.912,-1.02,12.7,4.49,1.605,3,0
COc1ccc2c(c1)c(CC(=O)O)c(C)n2C(=O)c1ccc(Cl)cc1,357.79,357.08,3.93,68.53,95.75,0.1579,0.7678,25,1,4,4,3,3,0,6,148.95,0.497,0.307,12.987,-0.955,15,0.6,0,0,0,0,1,1,0,0,0,973.248,2.232,468921.443,-2.79,17.047,6.607,3.105,0,0
COc1ccc2c(c1)c1c3n2CCN(C)C3=NCC1,255.32,255.14,1.9,29.76,76.23,0.4,0.7787,19,0,4,1,4,2,0,4,111.84,0.497,0.148,5.37,0.892,9,0.4737,0,0,2,0,3,1,2,0,0,698.969,2.071,49528.78,-1.97,10.907,3.761,1.368,0,0
COc1ccc2c(c1OC)C(=O)O[C@@H]2[C@H]1c2c(cc3c(c2OC)OCO3)CCN1C,413.43,413.15,2.88,75.69,105.89,0.4091,0.7087,30,0,8,4,5,2,0,8,173.72,0.493,0.343,12.875,-0.523,12,0.4,0,0,3,0,3,0,3,0,0,1034.877,1.685,12269811.448,-3.13,18.871,6.983,2.528,2,0
COc1ccc2c(c1OC)[C@]13CCN(C)[C@H](C2)[C@]1(O)CC[C@@H](O)C3,333.43,333.19,1.48,62.16,90.77,0.6842,0.8583,24,2,5,2,4,1,0,5,142.73,0.493,0.164,11.831,-0.828,6,0.25,0,0,3,2,1,0,1,1,0,663.012,2.002,317517.247,-1.3,16.184,5.347,1.861,4,0
COc1ccc2c3c1OC1C(O)C=CC4C(C2)NCCC341,285.34,285.14,1.16,50.72,77.84,0.5294,0.7603,21,2,4,1,5,1,0,4,123.3,0.493,0.165,10.482,-0.539,6,0.2857,0,0,4,1,2,0,2,1,0,655.68,1.835,150327.478,-1.52,12.067,3.813,1.245,5,5
COc1ccc2c3c1OC1C(OC(=O)c4cccnc4)CCC4C(C2)N(C)CCC341,406.48,406.19,2.98,60.89,109.99,0.5,0.7307,30,0,6,3,6,2,0,6,175.69,0.493,0.34,12.832,-0.324,12,0.4,0,0,4,2,3,1,2,1,0,1009.766,1.43,15208696.164,-2.6,18.191,6.447,2.282,5,5
COc1ccc2c3c1OC1C(OC(C)=O)=CCC4C(C2)N(C)CCC314,341.41,341.16,2.42,48.0,91.78,0.55,0.7734,25,0,5,2,5,1,0,5,147.09,0.493,0.307,11.631,-0.284,6,0.24,0,0,4,1,2,0,2,1,0,801.131,1.744,852972.199,-2.01,15.261,5.007,1.794,4,4
COc1ccc2c3c1O[C@H]1C(=O)CC[C@@]4(O)[C@@H](C2)N(C)CC[C@]314,315.37,315.15,1.05,59.0,83.02,0.6111,0.8393,23,1,5,1,5,1,0,5,134.73,0.493,0.174,12.653,-0.9,6,0.2609,0,0,4,2,2,0,2,1,0,731.977,1.857,312827.56,-1.59,13.813,4.081,1.319,4,0
COc1ccc2c3c1O[C@H]1C(=O)CC[C@H]4[C@@H](C2)N(C)CC[C@]314,299.37,299.15,1.93,38.77,81.56,0.6111,0.7942,22,0,4,1,5,1,0,4,129.94,0.493,0.174,12.622,-0.284,6,0.2727,0,0,4,2,2,0,2,1,0,685.155,1.813,226722,-1.55,12.941,4.046,1.272,4,0
COc1ccc2c3c1O[C@H]1C[C@@H](O)C=C[C@@]31CCN(C)C2,287.36,287.15,1.85,41.93,79.8,0.5294,0.8005,21,1,4,1,4,1,0,4,124.52,0.493,0.166,9.973,-0.412,6,0.2857,0,0,3,0,2,0,2,0,0,612.298,1.954,95968.988,-1.52,13.164,4.486,1.755,3,0
COc1ccc2c3c1O[C@H]1[C@@H](O)C=C[C@H]4[C@@H](C2)N(C)CC[C@]314,299.37,299.15,1.5,41.93,82.46,0.5556,0.7981,22,1,4,1,5,1,0,4,129.88,0.493,0.165,10.554,-0.539,6,0.2727,0,0,4,1,2,0,2,1,0,685.155,1.822,226722,-1.52,12.968,4.06,1.278,5,0
COc1ccc2c3c1O[C@H]1[C@@H](O)CC[C@H]4[C@@H](C2)N(C)CC[C@]314,301.39,301.17,1.73,41.93,82.56,0.6667,0.8576,22,1,4,1,5,1,0,4,130.57,0.493,0.165,10.641,-0.358,6,0.2727,0,0,4,2,2,0,2,1,0,645.465,1.795,226722,-1.26,13.204,4.177,1.324,5,0
COc1ccc2nc(S(=O)Cc3ncc(C)c(OC)c3C)[nH]c2c1,345.42,345.11,2.9,77.1,93.02,0.2941,0.7692,24,1,5,5,3,3,0,7,142.24,0.497,0.197,12.68,-1.328,15,0.625,0,0,0,0,2,2,0,0,0,920.83,1.901,353332.365,-2.41,16.448,6.604,2.989,1,1
COc1cccc(C(=O)NC2C[C@@H]3CC[C@H](C2)N3Cc2ccccc2)c1OC,380.49,380.21,3.63,50.8,108.83,0.4348,0.8315,28,1,4,6,4,2,0,5,166.19,0.493,0.255,12.907,-0.086,12,0.4286,0,0,2,2,2,0,2,2,1,809.852,1.422,3553043.192,-2.53,18.816,8.23,3.716,3,1
COc1cccc(CC(=O)N2CCN(C(C)=O)C[C@@H]2CN2CC[C@@H](O)C2)c1,375.47,375.22,0.36,73.32,101.52,0.6,0.8047,27,1,5,5,3,1,0,7,160.04,0.497,0.227,13.006,-0.293,6,0.2222,0,0,2,2,2,0,2,2,2,680.946,1.691,1423718.945,-2.12,19.636,8.712,4.987,2,0
COc1cccc(OC)c1C(=O)N[C@@H]1C(=O)N2[C@@H](C(=O)O)C(C)(C)S[C@H]12,380.42,380.1,0.95,105.17,94.53,0.4706,0.7329,26,2,6,5,3,1,0,9,154.37,0.496,0.327,12.751,-1.047,6,0.2308,0,0,2,2,2,0,2,2,2,758.267,1.831,514325.092,-2.42,18.373,6.386,2.663,3,0
COc1cccc([C@@]2(O)CCCC[C@@H]2CN(C)C)c1.[Cl-].[H+],299.84,299.17,-0.25,32.7,78.51,0.625,0.8323,20,1,3,4,2,1,0,4,129.38,1.0,1.0,11.189,-0.711,6,0.2857,1,1,1,1,0,0,0,0,0,430.493,0.0,19617.523,-0.77,17.282,7.299,3.657,2,0
COc1cccc2c1C(=O)c1c(O)c3c(c(O)c1C2=O)CC(O)(C(=O)CO)CC3O,414.37,414.1,0.15,161.59,99.95,0.2857,0.3757,30,5,9,3,4,2,0,9,169.33,0.507,0.202,13.159,-2.206,12,0.4,0,0,2,0,0,0,0,0,0,1134.027,2.006,4566332.832,-3.27,20.021,6.627,2.494,2,2
COc1cccc2c1C(=O)c1c(O)c3c(c(O)c1C2=O)C[C@@](O)(/C(C)=N/NC(=O)c1ccccc1)C[C@@H]3O[C@H]1C[C@H](N)[C@H](O)[C@H](C)O1.[Cl-].[H+],682.13,681.21,-0.64,210.23,167.79,0.3529,0.0857,48,6,12,6,6,3,0,14,282.76,1.0,1.0,13.891,-1.884,18,0.3673,1,1,3,1,1,0,1,1,1,1811.539,0.0,23585225218.071,-4.37,34.951,13.265,5.824,6,0
COc1cccc2c1C(=O)c1c(O)c3c(c(O)c1C2=O)C[C@@](O)(C(=O)CO)C[C@@H]3O[C@H]1C[C@H](N)[C@H](O)[C@H](C)O1,543.53,543.17,0.0,206.07,131.75,0.4444,0.2353,39,6,12,5,5,2,0,12,222.08,0.507,0.202,13.643,-2.241,12,0.3077,0,0,3,1,1,0,1,1,0,1376.519,1.686,374870204.071,-3.39,27.187,9.662,4.112,6,0
COc1cccc2c1C(=O)c1c(O)c3c(c(O)c1C2=O)C[C@@](O)(C(=O)CO)C[C@@H]3O[C@H]1C[C@H](N)[C@H](O[C@H]2CCCCO2)[C@H](C)O1,627.64,627.23,1.55,204.3,154.21,0.5312,0.2363,45,5,13,7,6,2,0,13,258.33,0.507,0.202,13.81,-2.236,12,0.2667,0,0,4,2,2,0,2,2,0,1522.726,1.378,9815017433.687,-3.43,31.548,12.062,5.314,7,0
COc1cccc2c1C(=O)c1c(O)c3c(c(O)c1C2=O)C[C@@](O)(C(=O)CO)C[C@@H]3O[C@H]1C[C@H](NC(=O)[C@@H](N)CC(C)C)[C@H](O)[C@H](C)O1,656.69,656.26,0.53,235.17,163.14,0.5152,0.156,47,7,13,9,5,2,0,14,269.98,0.507,0.237,13.834,-2.315,12,0.2553,0,0,3,1,1,0,1,1,1,1623.199,1.563,13080641323.833,-3.92,34.416,12.94,6.007,7,0
COc1cccc2c1C(=O)c1c(O)c3c(c(O)c1C2=O)C[C@@](O)(C(C)=O)C[C@@H]3O[C@H]1C[C@H](N)[C@H](O)[C@H](C)O1,527.53,527.18,1.03,185.84,130.34,0.4444,0.3051,38,5,11,4,5,2,0,11,217.29,0.507,0.202,13.63,-1.999,12,0.3158,0,0,3,1,1,0,1,1,0,1358.358,1.683,218090116.065,-3.35,26.265,9.139,3.81,6,0
COc1cccc2c1C(=O)c1c(O)c3c(c(O)c1C2=O)C[C@](O)(C(=O)CO)C[C@H]3OC1CC(N)CC(C)O1,527.53,527.18,1.03,185.84,130.36,0.4444,0.2984,38,5,11,5,5,2,0,11,217.29,0.507,0.202,13.635,-2.185,12,0.3158,0,0,3,1,1,0,1,1,0,1344.099,1.7,238644885.453,-3.35,26.265,9.438,3.98,5,3
COc1ccccc1N1CCN(CC(O)COc2cc(OC)c(OC)c(OC)c2)CC1,432.52,432.23,2.28,72.86,119.25,0.4783,0.6132,31,1,8,10,3,2,0,8,183.38,0.495,0.203,10.494,-0.614,12,0.3871,0,0,1,1,1,0,1,1,0,813.562,1.503,10142898.855,-2.84,22.836,10.971,5.651,1,1
COc1ccccc1N1CCN(CCCC(=O)c2ccc(F)cc2)CC1,356.44,356.19,3.62,32.78,101.61,0.381,0.7096,26,0,4,7,3,2,0,5,153.73,0.495,0.162,12.917,-0.311,12,0.4615,0,0,1,1,1,0,1,1,0,725.046,1.428,994321.417,-2.4,18.393,8.808,4.608,0,0
COc1ccccc1N1CCN(CCCC(O)c2ccc(F)cc2)CC1,358.46,358.21,3.47,35.94,102.24,0.4286,0.8222,26,1,4,7,3,2,0,5,154.36,0.495,0.142,12.947,-0.523,12,0.4615,0,0,1,1,1,0,1,1,0,684.665,1.42,994321.417,-2.11,18.674,9.01,4.74,1,1
COc1ccccc1N1CCN(CCc2oc(=O)[nH]c2-c2ccc(F)cc2)CC1,397.45,397.18,3.15,61.71,110.07,0.3182,0.6925,29,1,5,6,4,3,0,7,168.07,0.495,0.416,13.187,-0.486,17,0.5862,0,0,1,1,2,1,1,1,0,1004.642,1.377,6239820.743,-3.06,19.265,8.528,4.348,0,0
COc1ccccc1OCC(O)COC(N)=O,241.24,241.1,0.53,91.01,60.03,0.3636,0.7577,17,2,5,6,1,1,0,6,98.89,0.493,0.404,10.307,-0.938,6,0.3529,0,0,0,0,0,0,0,0,1,368.634,2.411,6050.142,-1.95,13.116,6.593,4.604,1,1
COc1ccccc1OCC1CNC(=O)O1,223.23,223.08,1.18,56.79,56.76,0.3636,0.8324,16,1,4,4,2,1,0,5,93.3,0.493,0.407,10.774,-0.395,6,0.375,0,0,1,1,1,0,1,1,1,380.002,1.913,7059.669,-1.91,10.603,4.741,2.362,1,1
COc1cccnc1CCCCNc1ncc(Cc2ccc(C)nc2)c(=O)[nH]1.[Cl-].[Cl-].[Cl-].[H+].[H+].[H+],488.85,487.13,-5.75,92.79,112.19,0.3333,0.2917,31,2,6,9,3,3,0,10,204.72,1.0,1.0,12.278,-0.128,18,0.5294,3,3,0,0,3,3,0,0,0,982.368,0.0,2468639.85,-2.35,28.65,14.62,8.729,0,0
COc1nc2nc(-c3noc(C)n3)cn2c2c1CCCC2,285.31,285.12,1.98,78.34,74.21,0.4286,0.716,21,0,7,2,4,3,0,7,120.53,0.481,0.238,5.426,0.488,14,0.6667,0,0,1,0,3,3,0,0,0,820.239,1.944,147351.327,-2.44,12.312,4.542,1.88,0,0
CP(C)(=O)CN1C(=O)CN=C(c2ccccc2)c2cc(Cl)ccc21,360.78,360.08,4.1,49.74,100.21,0.2222,0.7735,24,0,3,3,3,2,0,6,146.08,0.322,0.249,12.581,-2.429,12,0.5,0,0,1,0,1,0,1,0,1,858.577,2.176,238878.413,-1.9,16.94,6.541,3.605,0,0
CS(=O)(=O)O.Oc1ccc2[nH]cc(CCCCN3CC=C(c4ccccc4)CC3)c2c1,442.58,442.19,4.49,93.63,125.85,0.3333,0.3863,31,3,4,6,4,3,0,7,183.52,0.508,0.261,9.693,-3.667,15,0.4839,0,0,1,0,2,1,1,0,0,1112.947,0.0,8825569.496,-2.61,23.062,10.616,7.541,0,0
CS(=O)(=O)OCCCCOS(C)(=O)=O,246.31,246.02,-0.28,86.74,50.83,1.0,0.4533,14,0,6,7,0,0,0,8,84.46,0.27,0.264,10.474,-3.399,0,0.0,0,0,0,0,0,0,0,0,0,304.518,3.408,531.228,-0.18,13.82,5.64,11.82,0,0
CS(=O)(=O)c1ccc([C@@H](O)[C@@H](CF)NC(=O)C(Cl)Cl)cc1,358.22,357.0,1.38,83.47,77.91,0.4167,0.753,21,2,4,6,1,1,0,9,131.52,0.386,0.253,12.929,-3.362,6,0.2857,0,0,0,0,0,0,0,0,1,591.78,2.901,26873.967,-0.89,18.16,7.396,5.103,2,0
CS(=O)(=O)c1ccc([C@@H](O)[C@@H](CO)NC(=O)C(Cl)Cl)cc1,356.23,355.0,0.4,103.7,79.02,0.4167,0.6406,21,3,5,6,1,1,0,9,132.15,0.394,0.253,11.357,-3.337,6,0.2857,0,0,0,0,0,0,0,0,1,588.17,2.901,26873.967,-0.86,18.19,7.417,5.12,2,0
CS(=O)(=O)c1ccc2c(c1)N(CCCN1CCC(C(N)=O)CC1)c1ccccc1S2,445.61,445.15,3.28,83.71,120.1,0.4091,0.7347,30,1,6,6,4,2,0,8,181.9,0.369,0.22,12.101,-3.269,12,0.4,0,0,2,1,2,0,2,1,1,1047.343,1.505,5915268.072,-2.03,21.212,8.607,4.502,0,0
CSC(=O)C1(O)C(C)CC2C3CCC4=CC(=O)C=CC4(C)C3(F)C(O)CC21C,408.54,408.18,3.22,74.6,106.37,0.7273,0.6969,28,2,5,1,4,0,0,6,169.2,0.39,0.221,16.903,-1.925,0,0.0,0,0,4,3,0,0,0,0,0,808.358,1.838,1500075.637,-0.98,20.299,6.019,2.094,8,8
CSC(=O)C1(OC(C)=O)[C@@H](C)C[C@H]2[C@@H]3CCC4=CC(=O)C=C[C@]4(C)C3(F)[C@@H](O)C[C@@]21C,450.57,450.19,3.79,80.67,115.92,0.7083,0.6449,31,1,6,2,4,0,0,7,186.41,0.449,0.303,17.14,-1.965,0,0.0,0,0,4,3,0,0,0,0,0,913.646,1.861,5648408.541,-1.47,22.714,7.012,2.621,8,2
CSCC[C@H](NC(C)=O)C(=O)Oc1ccc(NC(C)=O)cc1,324.4,324.11,1.81,84.5,86.98,0.4,0.5901,22,2,5,7,1,1,0,7,133.54,0.425,0.334,12.101,-0.667,6,0.2727,0,0,0,0,0,0,0,0,2,530.849,2.667,53129.148,-2.02,18.03,9.091,6.622,1,0
CSc1c(Cl)nc(NC(C)C)nc1N1CCN(C)CC1,315.87,315.13,2.42,44.29,87.29,0.6923,0.6799,20,1,6,4,2,1,0,7,129.65,0.353,0.226,6.317,0.284,6,0.3,0,0,1,1,2,1,1,1,0,460.32,2.305,28350.017,-0.72,15.665,6.825,3.68,0,0
CSc1ccc(CC(=O)N2CCN(C(C)=O)C[C@@H]2CN2CC[C@@H](O)C2)cc1,391.54,391.19,1.08,64.09,106.75,0.6,0.7612,27,1,5,5,3,1,0,7,165.05,0.392,0.227,12.996,-0.281,6,0.2222,0,0,2,2,2,0,2,2,2,666.941,1.669,1442619.891,-1.57,20.172,9.081,5.24,2,0
CSc1ccc2c(c1)C(N1CCN(C)CC1)Cc1ccccc1S2,356.56,356.14,4.4,6.48,104.3,0.4,0.7354,24,0,4,2,4,2,0,4,153.16,0.304,0.04,2.7,0.497,12,0.5,0,0,2,1,2,0,2,1,0,723.329,1.759,516994.418,-0.94,16.524,7.124,3.251,1,1
CSc1ccc2c(c1)N(CC(C)CN(C)C)c1ccccc1S2,344.55,344.14,5.21,6.48,103.51,0.3684,0.6867,23,0,4,5,3,2,0,4,147.8,0.339,0.056,2.509,0.604,12,0.5217,0,0,1,0,1,0,1,0,0,684.82,1.987,180293.18,-1.1,16.747,7.202,3.703,1,1
CSc1ccc2c(c1)N(CCC1CCCCN1C)c1ccccc1S2,370.59,370.15,5.89,6.48,110.68,0.4286,0.6192,25,0,4,4,4,2,0,4,159.53,0.34,0.056,2.563,0.725,12,0.48,0,0,2,1,2,0,2,1,0,746.426,1.63,825571.478,-1.1,17.321,7.646,3.575,1,1
CSc1ccc2c(c1)N(CCC1CCCNC1)c1ccccc1S2,356.56,356.14,5.4,15.27,106.0,0.4,0.7374,24,1,4,4,4,2,0,4,152.95,0.34,0.056,3.553,0.813,12,0.5,0,0,2,1,2,0,2,1,0,710.535,1.63,571109.62,-1.1,16.373,7.422,3.324,1,1
C[C@@H](CN1CC(=O)NC(=O)C1)N1CC(=O)NC(=O)C1,268.27,268.12,-2.71,98.82,63.77,0.6364,0.5401,19,2,6,3,2,0,0,8,109.64,0.294,0.24,11.279,-0.324,0,0.0,0,0,2,2,2,0,2,2,4,404.411,1.908,14747.294,-1.8,13.627,5.453,3.582,1,0
C[C@@H](O)[C@H]1C(=O)N2C(C(=O)O)=C(SC3CCS(=O)C3)S[C@H]12,349.46,349.01,0.41,94.91,81.93,0.6667,0.7097,21,2,6,4,3,0,0,9,132.34,0.477,0.354,12.032,-1.121,0,0.0,0,0,3,2,3,0,3,2,1,561.096,1.807,57261.254,-0.51,15.388,5.601,2.536,5,2
C[C@@H](O)[C@H]1C(=O)N2C(C(=O)O)=C([C@H]3CCCO3)S[C@H]12,285.32,285.07,0.37,87.07,67.03,0.6667,0.7287,19,2,5,3,3,0,0,7,113.95,0.477,0.353,11.974,-1.099,0,0.0,0,0,3,2,3,0,3,2,1,468.74,1.912,26245.249,-1.05,12.957,4.502,1.794,4,0
C[C@@H](O)[C@H]1C(=O)N2C(C(=O)[O-])=C(COC(N)=O)S[C@H]12.[Na+],310.26,310.02,-5.04,132.99,60.96,0.5,0.392,20,2,7,4,2,0,0,10,140.15,1.0,0.543,11.778,-1.532,0,0.0,1,1,2,1,2,0,2,1,2,494.139,0.0,13749.065,-0.74,17.312,6.354,2.815,3,0
C[C@@H]1CC2C3CCC4=CC(=O)C=CC4(C)[C@@]3(Cl)C(Cl)CC2(C)[C@@]1(O)C(=O)CO,427.37,426.14,3.41,74.6,108.32,0.7273,0.6628,28,2,4,2,4,0,0,6,175.52,0.388,0.19,12.646,-1.604,0,0.0,0,0,4,3,0,0,0,0,0,806.358,1.838,1500075.637,-0.68,20.587,6.164,2.157,8,5
C[C@@H]1CC2C3C[C@H](F)C4=CC(=O)C=CC4(C)[C@@]3(Cl)C(O)CC2(C)C1C(=O)CO,410.91,410.17,3.0,74.6,103.51,0.7273,0.6861,28,2,4,2,4,0,0,6,169.38,0.391,0.178,15.305,-1.312,0,0.0,0,0,4,3,0,0,0,0,0,793.406,1.835,1527337.34,-1.04,20.242,6.228,2.298,9,6
C[C@@H]1CC2C3C[C@H](F)C4=CC(=O)C=CC4(C)[C@@]3(Cl)C(O)CC2(C)C1C(=O)COC(=O)C(C)(C)C,495.03,494.22,4.6,80.67,126.84,0.7407,0.458,34,1,5,3,4,0,0,7,205.69,0.457,0.311,15.543,-1.344,0,0.0,0,0,4,3,0,0,0,0,0,981.995,1.668,17887365.425,-1.53,25.56,7.99,3.459,9,6
C[C@@H]1CC2C3C[C@H](F)C4=CC(=O)C=CC4(C)[C@@]3(F)C(O)CC2(C)C1C(=O)CO,394.46,394.2,2.73,74.6,98.76,0.7273,0.7553,28,2,4,2,4,0,0,6,163.24,0.39,0.178,16.823,-2.111,0,0.0,0,0,4,3,0,0,0,0,0,791.406,1.835,1527337.34,-1.4,19.897,6.051,2.218,9,6
C[C@@H]1CC2[C@@H]3C[C@H](F)C4=CC(=O)C(Cl)=C[C@]4(C)[C@@]3(F)[C@@H](O)C[C@]2(C)[C@@]1(O)C(=O)CO,444.9,444.15,2.41,94.83,105.02,0.7273,0.6077,30,3,5,2,4,0,0,8,178.34,0.39,0.196,16.987,-2.334,0,0.0,0,0,4,3,0,0,0,0,0,888.754,1.888,3214915.102,-1.15,22.059,6.437,2.273,9,1
C[C@@H]1CN2CC(=O)Nc3ccc(Cl)cc3[C@]2(c2ccccc2)O1,328.8,328.1,3.21,41.57,89.42,0.2778,0.8737,23,1,3,1,4,2,0,5,139.55,0.347,0.238,12.312,-0.792,12,0.5217,0,0,2,1,2,0,2,1,1,764.872,2.018,258852.713,-1.88,14.696,5.338,2.255,2,0
C[C@@H]1C[C@H]2C3C[C@H](F)C4=CC(=O)C=CC4(C)[C@@]3(F)[C@@H](O)CC2(C)[C@@]1(O)C(=O)COC(=O)C(C)(C)C,494.58,494.25,3.44,100.9,123.55,0.7407,0.5833,35,2,6,3,4,0,0,8,204.34,0.457,0.311,17.149,-2.282,0,0.0,0,0,4,3,0,0,0,0,0,1029.179,1.719,25870406.634,-1.93,26.142,7.783,3.277,9,3
C[C@@H]1C[C@H]2[C@@H]3CCC4=CC(=O)C=C[C@]4(C)[C@@]3(Cl)[C@@H](O)C[C@]2(C)[C@@]1(O)C(=O)CCl,427.37,426.14,3.41,74.6,108.32,0.7273,0.6628,28,2,4,2,4,0,0,6,175.52,0.391,0.179,12.726,-1.562,0,0.0,0,0,4,3,0,0,0,0,0,806.358,1.838,1500075.637,-0.68,20.587,6.164,2.157,8,0
C[C@@H]1C[C@H]2[C@@H]3CCC4=CC(=O)C=C[C@]4(C)[C@@]3(F)[C@@H](O)C[C@]2(C)[C@@]1(C)C(=O)CO,390.5,390.22,3.17,74.6,103.1,0.7391,0.7595,28,2,4,2,4,0,0,5,165.44,0.39,0.178,16.941,-1.869,0,0.0,0,0,4,3,0,0,0,0,0,802.424,1.838,1500075.637,-1.33,19.964,5.852,2.022,8,0
C[C@@H]1C[C@H]2[C@@H]3CCC4=CC(=O)C=C[C@]4(C)[C@@]3(F)[C@@H](O)C[C@]2(C)[C@H]1C(=O)CO,376.47,376.2,2.78,74.6,98.48,0.7273,0.7772,27,2,4,2,4,0,0,5,159.08,0.39,0.178,16.816,-1.852,0,0.0,0,0,4,3,0,0,0,0,0,757.412,1.801,1037038.561,-1.33,19.007,5.835,2.214,8,0
C[C@@H]1C[C@H]2[C@@H]3C[C@H](F)C4=CC(=O)C=C[C@]4(C)C3(Cl)[C@@H](F)C[C@]2(C)[C@H]1C(=O)CO,412.9,412.16,3.98,54.37,102.4,0.7273,0.6979,28,1,3,2,4,0,0,6,168.75,0.389,0.178,15.921,-1.46,0,0.0,0,0,4,3,0,0,0,0,0,794.651,1.835,1527337.34,-1.07,20.213,6.213,2.292,9,1
C[C@@H]1C[C@H]2[C@@H]3C[C@H](F)C4=CC(=O)C=C[C@]4(C)[C@@]3(F)[C@@H](O)C[C@]2(C)[C@@]1(O)C(=O)CO,410.46,410.19,1.84,94.83,100.22,0.7273,0.6459,29,3,5,2,4,0,0,7,168.04,0.39,0.19,16.866,-2.24,0,0.0,0,0,4,3,0,0,0,0,0,839.059,1.87,2207587.168,-1.44,20.818,6.049,2.188,9,0
C[C@@H]1C[C@H]2[C@@H]3C[C@H](F)C4=CC(=O)C=C[C@]4(C)[C@@]3(F)[C@@H](O)C[C@]2(C)[C@H]1C(=O)COC(=O)C(C)(C)C,478.58,478.25,4.33,80.67,122.09,0.7407,0.6112,34,1,5,3,4,0,0,7,199.55,0.457,0.311,17.106,-2.154,0,0.0,0,0,4,3,0,0,0,0,0,979.995,1.668,17887365.425,-1.89,25.21,7.806,3.362,9,0
C[C@@H]1C[C@H]2[C@@H]3C[C@H](F)C4=CC(=O)C=C[C@]4(C)[C@H]3[C@@H](O)C[C@]2(C)[C@@]1(O)C(=O)CO,392.47,392.2,1.75,94.83,99.87,0.7273,0.6656,28,3,5,2,4,0,0,6,163.87,0.393,0.19,15.227,-1.737,0,0.0,0,0,4,3,0,0,0,0,0,789.797,1.81,1510641.768,-1.37,19.925,6.065,2.224,9,0
C[C@@H]1C[C@H]2[C@@H]3C[C@H](F)C4=CC(=O)C=C[C@]4(C)[C@H]3[C@@H](O)C[C@]2(C)[C@H]1C(=O)CO,376.47,376.2,2.64,74.6,98.41,0.7273,0.777,27,2,4,2,4,0,0,5,159.08,0.393,0.178,15.194,-1.206,0,0.0,0,0,4,3,0,0,0,0,0,742.595,1.773,1044455.798,-1.33,19.007,6.082,2.468,9,0
C[C@@H]1C[C@H]2[C@H]3[C@H]([C@@H](O)C[C@]2(C)[C@@]1(O)C(=O)CO)[C@@]1(C)C=CC(=O)C=C1C[C@H]3Cl,408.92,408.17,2.02,94.83,104.62,0.7273,0.6075,28,3,5,2,4,0,0,6,170.01,0.393,0.19,12.609,-1.676,0,0.0,0,0,4,3,0,0,0,0,0,789.797,1.822,1509082.07,-1.01,20.27,6.243,2.305,9,0
C[C@@H]1N=C(c2ccccc2Cl)c2cc([N+](=O)[O-])ccc2NC1=O,329.74,329.06,3.43,84.6,88.28,0.125,0.6763,23,1,4,2,3,2,0,7,136.51,0.324,0.27,12.072,-0.632,12,0.5217,1,1,1,0,1,0,1,0,1,848.214,2.273,172329.766,-2.73,15.177,5.811,2.804,1,0
C[C@@H]1OC(=O)C[C@H](O)C[C@H](O)CC[C@@H](O)[C@H](O)C[C@H](O)C[C@]2(O)C[C@H](O)[C@@H](C(=O)O)[C@H](C[C@@H](O[C@@H]3O[C@H](C)[C@@H](O)[C@H](N)[C@@H]3O)/C=C\C=C/C=C\C=C/C=C\C=C/C=C\[C@H](C)[C@@H](O)[C@H]1C)O2,924.09,923.49,0.71,319.61,236.99,0.6596,0.1735,65,12,17,3,3,0,0,18,380.54,0.481,0.311,12.613,-2.325,0,0.0,0,0,3,2,3,0,3,2,0,1665.868,1.859,26476904546009.152,-3.44,55.886,27.392,18.638,19,0
C[C@@H]1O[C@@H]1P(=O)(O)O,138.06,138.01,-0.09,70.06,26.38,1.0,0.392,8,2,2,1,1,0,0,5,46.63,0.356,0.356,10.173,-3.905,0,0.0,0,0,1,1,1,0,1,1,0,138.219,2.517,74.657,0.11,6.233,1.544,1.088,2,0
C[C@@](Cc1ccc(O)c(O)c1)(NN)C(=O)O,226.23,226.1,-0.05,115.81,56.84,0.3,0.279,16,5,5,4,1,1,0,6,92.3,0.504,0.325,10.954,-1.316,6,0.375,0,0,0,0,0,0,0,0,0,407.806,2.948,2745.512,-1.79,12.28,4.378,2.414,1,0
C[C@H](CCC(=O)O)[C@H]1CC[C@H]2[C@@H]3C(=O)C[C@@H]4CC(=O)CC[C@]4(C)[C@H]3CC(=O)[C@@]21C,402.53,402.24,4.07,88.51,107.04,0.8333,0.7655,29,1,4,4,4,0,0,5,172.55,0.481,0.303,13.599,-0.792,0,0.0,0,0,4,4,0,0,0,0,0,756.37,1.633,2910447.768,-1.52,20.741,7.022,3.021,8,0
C[C@H](N)C(=O)c1ccccc1,149.19,149.08,1.22,43.09,44.42,0.2222,0.6422,11,1,2,2,1,1,0,2,66.03,0.321,0.179,11.219,-0.405,6,0.5455,0,0,0,0,0,0,0,0,0,240.999,2.86,335.479,-1.15,7.952,3.303,1.883,1,0
C[C@H](N)Cc1ccccc1,135.21,135.1,1.58,26.02,43.8,0.3333,0.6542,10,1,1,2,1,1,0,1,61.87,0.328,0.005,5.624,0.266,6,0.6,0,0,0,0,0,0,0,0,0,179.18,2.587,195.625,-0.82,7.289,3.374,2.194,1,0
C[C@H](N)[C@H](O)c1cccc(O)c1,167.21,167.09,0.77,66.48,46.72,0.3333,0.6092,12,3,3,2,1,1,0,3,71.45,0.508,0.115,9.486,-0.711,6,0.5,0,0,0,0,0,0,0,0,0,260.46,2.877,464.232,-1.06,9.031,3.559,1.964,2,0
C[C@H](O)C1C(=O)N2C(C(=O)O)=C(S[C@@H]3CN[C@H](C(=O)N(C)C)C3)[C@H](C)C12.O.O.O,437.52,437.18,-2.78,204.68,106.95,0.7059,0.3852,29,3,6,5,3,0,0,12,172.58,0.477,0.353,12.341,-1.119,0,0.0,0,0,3,2,3,0,3,2,2,683.589,0.0,527310.369,-1.7,27.3,9.87,4.416,6,2
C[C@H](O)[C@H]1C(=O)N2C(C(=O)O)=C(SCCN=CN)C[C@H]12.O,317.37,317.1,-1.21,147.72,78.7,0.5833,0.2422,21,3,5,6,2,0,0,9,125.56,0.477,0.353,11.941,-1.102,0,0.0,0,0,2,1,2,0,2,1,1,491.285,0.0,26780.702,-1.58,17.471,6.921,3.04,3,0
C[C@H]1CCCC[C@@]1(c1cccs1)N1CCCCC1,263.45,263.17,4.64,3.24,79.05,0.75,0.7511,18,0,2,2,3,1,0,2,115.2,0.293,0.058,2.839,0.382,5,0.2778,0,0,2,2,2,1,1,1,0,366.458,1.958,29281.519,-0.34,12.682,5.34,2.036,2,0
C[C@H]1CN(c2c(F)c(N)c3c(=O)c(C(=O)O)cn(C4CC4)c3c2F)C[C@@H](C)N1,392.41,392.17,2.08,100.59,102.04,0.4737,0.6918,28,3,6,3,4,2,0,9,159.28,0.477,0.341,15.645,-1.449,10,0.3571,0,0,2,2,2,1,1,1,0,1038.121,2.047,2915553.45,-2.68,18.673,6.439,2.808,2,0
C[C@H]1COc2c(N3CCN(C)CC3)c(F)cc3c(=O)c(C(=O)O)cn1c23,361.37,361.14,1.54,75.01,95.04,0.4444,0.8747,26,1,6,2,4,2,0,8,148.73,0.487,0.341,14.984,-1.315,10,0.3846,0,0,2,1,3,1,2,1,0,963.288,2.004,825393.74,-2.61,16.837,5.98,2.438,1,0
C[C@H]1C[C@H]2[C@@H]3CCC4=CC(=O)C=C[C@]4(C)[C@@]3(Cl)[C@@H](O)C[C@]2(C)[C@@]1(O)C(=O)CO,408.92,408.17,2.17,94.83,104.69,0.7273,0.6085,28,3,5,2,4,0,0,6,170.01,0.391,0.19,12.608,-1.68,0,0.0,0,0,4,3,0,0,0,0,0,804.749,1.838,1500075.637,-1.01,20.27,6.005,2.088,8,0
C[C@H]1C[C@H]2[C@@H]3CCC4=CC(=O)C=C[C@]4(C)[C@@]3(F)C(=O)C[C@]2(C)[C@@]1(O)C(=O)CCl,408.9,408.15,3.35,71.44,102.58,0.6818,0.7111,28,1,4,2,4,0,0,6,168.75,0.381,0.184,16.783,-2.145,0,0.0,0,0,4,3,0,0,0,0,0,849.475,1.851,1500075.637,-1.33,19.964,5.852,2.022,7,0
C[C@H]1C[C@H]2[C@@H]3CCC4=CC(=O)C=C[C@]4(C)[C@@]3(F)[C@@H](O)C[C@]2(C)[C@@]1(O)C(=O)CO,392.47,392.2,1.9,94.83,99.94,0.7273,0.6672,28,3,5,2,4,0,0,6,163.87,0.39,0.19,16.859,-1.98,0,0.0,0,0,4,3,0,0,0,0,0,804.749,1.838,1500075.637,-1.37,19.925,5.833,2.014,8,0
C[C@H]1C[C@H]2[C@@H]3CCC4=CC(=O)C=C[C@]4(C)[C@@]3(F)[C@@H](O)C[C@]2(C)[C@@]1(OC(=O)c1ccccc1)C(=O)CO,496.58,496.23,3.76,100.9,129.58,0.5517,0.616,36,2,6,4,5,1,0,7,209.77,0.446,0.339,17.36,-2.056,6,0.1667,0,0,4,3,0,0,0,0,0,1175.464,1.607,100015384.098,-2.64,25.028,8.184,2.988,8,0
C[C@H]1C[C@H]2[C@@H]3CCC4=CC(=O)C=C[C@]4(C)[C@H]3C(=O)C[C@]2(C)[C@@]1(O)C(=O)CO,372.46,372.19,2.01,91.67,98.6,0.6818,0.7736,27,2,5,2,4,0,0,5,159.07,0.388,0.19,13.392,-1.664,0,0.0,0,0,4,3,0,0,0,0,0,794.525,1.79,1038833.503,-1.59,18.758,5.708,2.156,7,0
C[C@H]1C[C@H]2[C@@H]3CC[C@](O)(C(=O)CO)[C@@]3(C)C[C@H](O)[C@@H]2[C@@]2(C)C=CC(=O)C=C12,374.48,374.21,1.8,94.83,99.6,0.7273,0.6851,27,3,5,2,4,0,0,5,159.71,0.393,0.19,12.415,-1.572,0,0.0,0,0,4,3,0,0,0,0,0,753.802,1.781,1040099.567,-1.3,19.035,5.85,2.281,8,0
C[C@H]1C[C@H]2[C@@H]3CC[C@](O)(C(=O)COC(=O)CCC(=O)O)[C@@]3(C)C[C@H](O)[C@@H]2[C@@]2(C)C=CC(=O)C=C12,474.55,474.23,2.22,138.2,120.34,0.6923,0.4983,34,3,7,6,4,0,0,8,198.6,0.481,0.306,13.145,-1.741,0,0.0,0,0,4,3,0,0,0,0,0,981.285,1.564,24229180.226,-2.32,24.793,8.412,3.659,8,0
C[C@H]1O[C@@H](O[C@H]2[C@@H](O)C[C@H](O[C@H]3[C@@H](O)C[C@H](O[C@H]4CC[C@]5(C)[C@H]6CC[C@]7(C)[C@H](C8=CC(=O)OC8)CC[C@]7(O)[C@@H]6CC[C@@H]5C4)O[C@@H]3C)O[C@@H]2C)C[C@H](O)[C@@H]1O,764.95,764.43,3.25,182.83,191.22,0.9268,0.1885,54,5,13,7,8,0,0,13,318.53,0.458,0.331,12.558,-0.996,0,0.0,0,0,8,7,4,0,4,3,0,1374.418,0.826,980956654694.504,-1.23,39.589,14.858,6.822,20,0
C[C@H]1O[C@@H](O[C@H]2[C@@H](O)C[C@H](O[C@H]3[C@@H](O)C[C@H](O[C@H]4CC[C@]5(C)[C@H]6C[C@@H](O)[C@]7(C)[C@@H](C8=CC(=O)OC8)CC[C@]7(O)[C@@H]6CC[C@@H]5C4)O[C@@H]3C)O[C@@H]2C)C[C@H](O)[C@@H]1O,780.95,780.43,2.22,203.06,192.61,0.9268,0.1622,55,6,14,7,8,0,0,14,323.32,0.458,0.331,12.568,-1.012,0,0.0,0,0,8,7,4,0,4,3,0,1409.004,0.837,1464396350590.478,-1.27,40.507,15.081,6.95,21,0
C[C@H]1[C@H](NC(=O)/C(=N\OC(C)(C)C(=O)O)c2csc([NH3+])n2)C(=O)N1S(=O)(=O)[O-],435.44,435.05,-2.22,206.03,91.93,0.4615,0.183,28,3,10,7,2,1,0,15,162.59,0.731,0.35,12.567,-4.998,5,0.1786,1,1,1,1,2,1,1,1,2,953.885,2.259,690205.594,-2.62,21.678,7.42,4.268,2,0
C[C@H]1[C@H](c2ccccc2)OCCN1C,191.27,191.13,2.08,12.47,57.23,0.5,0.6736,14,0,2,1,2,1,0,2,85.49,0.371,0.098,5.805,0.231,6,0.4286,0,0,1,1,1,0,1,1,0,285.633,2.174,2171.559,-0.86,9.686,4.112,1.812,2,0
C[C@H]1c2cccc(O)c2C(O)=C2C(=O)[C@]3(O)C(=O)/C(=C(/N)O)C(=O)[C@@H](N(C)C)[C@@H]3[C@@H](O)[C@@H]21.O,462.46,462.16,-1.33,213.12,113.96,0.4091,0.1251,33,6,10,1,4,1,0,11,187.91,0.507,0.211,13.635,-2.966,6,0.1818,0,0,3,2,0,0,0,0,0,1134.676,0.0,8427682.936,-3.25,24.394,7.663,2.864,6,0
C[C@H]1c2ccccc2[C@@H](CCCN(C)C)c2cc(C(F)(F)F)ccc21,347.42,347.19,5.64,3.24,95.03,0.4286,0.6912,25,0,1,4,3,2,0,4,147.02,0.416,0.309,13.229,-4.302,12,0.48,0,0,1,0,0,0,0,0,0,749.047,2.053,356568.369,-1.81,17.995,6.832,3.591,2,0
C[C@](N)(Cc1ccc(O)c(O)c1)C(=O)O,211.22,211.08,0.44,103.78,53.7,0.3,0.543,15,4,4,3,1,1,0,5,86.78,0.504,0.323,10.74,-1.386,6,0.4,0,0,0,0,0,0,0,0,0,387.009,2.905,1479.518,-1.75,11.325,3.781,2.6,1,0
C[C@]1(Cn2ccnn2)[C@H](C(=O)O)N2C(=O)C[C@H]2S1(=O)=O,300.3,300.05,-1.52,122.46,64.02,0.6,0.6722,20,1,7,3,3,1,0,10,113.64,0.48,0.328,12.544,-3.795,5,0.25,0,0,2,2,3,1,2,2,1,684.511,2.097,30610.028,-1.97,13.034,3.779,1.391,3,0
C[C@]1(O)CC[C@H]2[C@@H]3CCC4=CC(=O)CC[C@]4(C)[C@H]3CC[C@@]21C,302.46,302.22,4.27,37.3,87.33,0.85,0.7253,22,1,2,0,4,0,0,2,133.92,0.39,0.155,11.83,-0.484,0,0.0,0,0,4,3,0,0,0,0,0,545.91,1.697,111571.743,-0.63,14.931,4.466,1.736,6,0
C[C@]12C=C(Br)C(=O)C=C1[C@H](F)C[C@H]1[C@@H]3CCC(O)(C(=O)CO)[C@@]3(C)C[C@H](O)C12F,475.33,474.09,2.32,94.83,103.55,0.7143,0.5703,29,3,5,2,4,0,0,8,175.54,0.39,0.192,16.898,-2.265,0,0.0,0,0,4,3,0,0,0,0,0,858.01,1.862,2214470.843,-0.96,21.279,6.279,2.344,8,2
C[C@]12CC(=O)[C@H]3[C@@H](CCC4=CC(=O)C=C[C@@]43C)[C@@H]1CC[C@]2(O)C(=O)CO,358.43,358.18,1.77,91.67,94.05,0.6667,0.7848,26,2,5,2,4,0,0,5,152.71,0.388,0.19,13.286,-1.623,0,0.0,0,0,4,3,0,0,0,0,0,764.363,1.761,715692.138,-1.59,17.805,5.458,2.014,6,0
C[C@]12CC(=O)[C@H]3[C@@H](CCC4=CC(=O)CC[C@@]43C)[C@@H]1CC[C@]2(O)C(=O)CO,360.45,360.19,1.99,91.67,94.14,0.7619,0.7857,26,2,5,2,4,0,0,5,153.4,0.388,0.19,13.32,-1.605,0,0.0,0,0,4,3,0,0,0,0,0,723.913,1.748,715692.138,-1.33,18.053,5.585,2.072,6,0
C[C@]12CCC(=O)C=C1CC[C@@H]1[C@@H]2[C@@H](O)C[C@]2(C=O)[C@@H](C(=O)CO)CC[C@@H]12,360.45,360.19,1.85,91.67,94.07,0.7619,0.7496,26,2,5,3,4,0,0,5,153.4,0.393,0.162,12.29,-0.831,0,0.0,0,0,4,3,0,0,0,0,0,681.889,1.736,938736.744,-1.33,18.053,6.096,2.258,7,0
C[C@]12CC[C@@H]3[C@H]4CCC(=O)C=C4CC[C@H]3[C@@H]1CC[C@@H]2O,274.4,274.19,3.49,37.3,78.1,0.8333,0.7339,20,1,2,0,4,0,0,2,121.19,0.393,0.155,11.645,-0.071,0,0.0,0,0,4,3,0,0,0,0,0,466.039,1.63,62569.189,-0.63,13.062,4.43,1.697,6,0
C[C@]12CC[C@@H]3c4ccc(O)cc4CC[C@H]3[C@@H]1CCC2=O,270.37,270.16,3.82,37.3,77.73,0.6111,0.7779,20,1,2,0,4,1,0,2,119.75,0.508,0.139,12.262,-0.032,6,0.3,0,0,3,2,0,0,0,0,0,576.781,1.728,62569.189,-1.31,12.432,4.095,1.538,4,0
C[C@]12CC[C@@H]3c4ccc(O)cc4CC[C@H]3[C@@H]1CC[C@@H]2O,272.39,272.18,3.61,40.46,78.73,0.6667,0.7572,20,2,2,0,4,1,0,2,120.38,0.508,0.115,10.372,-0.088,6,0.3,0,0,3,2,0,0,0,0,0,538.22,1.711,62569.189,-1.02,12.7,4.237,1.605,5,0
C[C@]12CC[C@H]3[C@@H](CCC4=CC(=O)C=C[C@@]43C)[C@@H]1CCC(=O)O2,300.4,300.17,3.59,43.37,83.01,0.6842,0.6421,22,0,3,0,4,0,0,3,131.34,0.459,0.306,11.73,-0.262,0,0.0,0,0,4,3,1,0,1,1,0,601.802,1.683,114046.597,-1.38,14.227,4.561,1.869,5,0
C[C@]12CC[C@H]3[C@@H](CCC4=CC(=O)CC[C@@]43C)[C@@H]1CC[C@@H]2O,288.43,288.21,3.88,37.3,82.72,0.8421,0.7342,21,1,2,0,4,0,0,2,127.55,0.393,0.155,11.787,-0.082,0,0.0,0,0,4,3,0,0,0,0,0,507.696,1.688,85969.522,-0.63,13.994,4.44,1.776,6,0
C[C@]12COC(=O)C[C@@H]1CC[C@@H]1[C@@H]2CC[C@@]2(C)[C@H]1CC[C@]2(C)O,306.45,306.22,3.54,46.53,84.08,0.9474,0.6963,22,1,3,0,4,0,0,3,133.35,0.465,0.306,11.684,-0.501,0,0.0,0,0,4,4,1,0,1,1,0,498.909,1.649,111571.743,-0.57,14.987,4.493,1.749,7,0
C[C@]12C[C@H](O)[C@@]3(F)[C@@H](CCC4=CC(=O)C=C[C@@]43C)[C@@H]1C[C@@H](O)[C@]2(O)C(=O)CO,394.44,394.18,0.62,115.06,96.79,0.7143,0.5459,28,4,6,2,4,0,0,7,162.3,0.39,0.192,16.777,-2.232,0,0.0,0,0,4,3,0,0,0,0,0,806.718,1.838,1500075.637,-1.41,19.887,5.814,2.006,8,0
C[C@]12C[C@H](O)[C@@]3(F)[C@@H](CCC4=CC(=O)C=C[C@@]43C)[C@@H]1C[C@H]1Cc3ccccc3C[C@]12C(=O)CO.O,482.59,482.25,3.11,106.1,129.22,0.5862,0.6756,35,2,4,2,6,1,0,6,204.97,0.412,0.178,17.427,-1.901,6,0.1714,0,0,5,3,0,0,0,0,0,1157.481,0.0,56537076.009,-2.15,24.54,7.674,2.736,8,0
C[C@]12C[C@H](O)[C@@]3(F)[C@@H](CCC4=CC(=O)CC[C@@]43C)[C@@H]1CC[C@]2(O)C(=O)CO,380.46,380.2,1.87,94.83,95.49,0.8095,0.6799,27,3,5,2,4,0,0,6,158.2,0.39,0.19,16.783,-1.879,0,0.0,0,0,4,3,0,0,0,0,0,734.084,1.798,1033877.204,-1.11,19.217,5.707,2.095,7,0
C[C@]12C[C@H](O)[C@@]3(F)[C@@H](C[C@H](F)C4=CC(=O)C=C[C@@]43C)[C@@H]1C[C@@H](O)[C@]2(O)C(=O)CO,412.43,412.17,0.57,115.06,97.07,0.7143,0.5272,29,4,6,2,4,0,0,8,166.47,0.39,0.192,16.784,-2.365,0,0.0,0,0,4,3,0,0,0,0,0,841.028,1.87,2207587.168,-1.48,20.779,6.03,2.18,9,0
C[C@]12C[C@H](O)[C@H]3[C@@H](C=C(Cl)C4=CC(=O)C=C[C@@]43C)[C@@H]1CC[C@]2(O)C(=O)CO,392.88,392.14,1.9,94.83,99.75,0.619,0.6668,27,3,5,2,4,0,0,6,162.95,0.393,0.19,12.373,-1.645,0,0.0,0,0,4,2,0,0,0,0,0,813.39,1.839,1040099.567,-1.27,19.064,5.864,2.288,7,0
C[C@]12C[C@H](O)[C@H]3[C@@H](CCC4=CC(=O)C=C[C@@]43C)[C@@H]1CC[C@]2(O)C(=O)CO,360.45,360.19,1.56,94.83,95.05,0.7143,0.6946,26,3,5,2,4,0,0,5,153.34,0.393,0.19,12.35,-1.562,0,0.0,0,0,4,3,0,0,0,0,0,723.913,1.747,715692.138,-1.3,18.081,5.6,2.079,7,0
C[C@]12C[C@H](O)[C@H]3[C@@H](CCC4=CC(=O)C=C[C@@]43C)[C@@H]1CC[C@]2(O)C(=O)COC(=O)CCC(=O)[O-].[Na+],482.51,482.19,-2.36,141.03,113.16,0.68,0.3166,34,2,8,6,4,0,0,9,220.65,1.0,0.55,13.068,-1.742,0,0.0,1,1,4,3,0,0,0,0,0,956.562,0.0,16686697.623,-1.32,27.271,9.618,4.257,7,0
C[C@]12C[C@H](O)[C@H]3[C@@H](CCC4=CC(=O)CC[C@@]43C)[C@@H]1CC[C@@H]2C(=O)CO,346.47,346.21,2.67,74.6,93.68,0.8095,0.806,25,2,4,2,4,0,0,4,149.24,0.393,0.161,12.29,-0.43,0,0.0,0,0,4,3,0,0,0,0,0,637.807,1.7,517709.883,-1.0,17.416,5.75,2.329,7,0
C[C@]12C[C@H](O)[C@H]3[C@@H](CCC4=CC(=O)CC[C@@]43C)[C@@H]1CC[C@]2(O)C(=O)CO,362.47,362.21,1.78,94.83,95.14,0.8095,0.696,26,3,5,2,4,0,0,5,154.03,0.393,0.19,12.362,-1.544,0,0.0,0,0,4,3,0,0,0,0,0,683.889,1.735,715692.138,-1.04,18.329,5.728,2.138,7,0
C[C@]12C[C@H](O)[C@H]3[C@@H](CCC4=CC(=O)CC[C@@]43C)[C@@H]1CC[C@]2(O)C(=O)COC(=O)CCC(=O)O.O,480.55,480.24,1.37,169.7,119.5,0.76,0.4786,34,3,7,6,4,0,0,9,198.41,0.481,0.306,13.092,-1.712,0,0.0,0,0,4,3,0,0,0,0,0,910.062,0.0,16686697.623,-2.1,26.504,9.166,4.012,7,0
C[C@]12C[C@H](O)[C@H]3[C@@H](CCC4=CC(=O)CC[C@@]43C)[C@@H]1CC[C@]2(O)C(=O)CS,378.53,378.19,2.72,74.6,101.91,0.8095,0.6461,26,3,5,2,4,0,0,5,160.39,0.393,0.174,12.535,-1.37,0,0.0,0,0,4,3,0,0,0,0,0,687.499,1.735,715692.138,-0.65,18.701,5.922,2.228,7,0
C[C@]12C[C@H](O)[C@H]3[C@@H](C[C@H](F)C4=CC(=O)C=C[C@@]43C)[C@@H]1CC[C@]2(O)C(=O)CO,378.44,378.18,1.51,94.83,95.33,0.7143,0.677,27,3,5,2,4,0,0,6,157.51,0.393,0.19,15.13,-1.695,0,0.0,0,0,4,3,0,0,0,0,0,759.671,1.781,1040099.567,-1.37,18.969,5.815,2.265,8,0
C[C@]12Cc3cn[nH]c3C[C@@H]1CC[C@@H]1[C@@H]2CC[C@@]2(C)[C@H]1CC[C@]2(C)O,328.5,328.25,4.12,48.91,94.5,0.8571,0.7525,24,2,2,0,5,1,0,3,145.17,0.39,0.068,11.026,-0.454,5,0.2083,0,0,4,3,1,1,0,0,0,664.551,1.505,477938.917,-0.83,15.427,4.661,1.749,7,0
C[N+](C)(C)CCO,104.17,104.11,-0.32,20.23,29.99,1.0,0.4762,7,1,1,2,0,0,1,2,44.96,0.391,0.101,8.386,0.281,0,0.0,1,0,0,0,0,0,0,0,0,46.532,3.154,18.142,-0.08,6.92,2.285,5.92,0,0
C[N+](C)([O-])CC/C=C1/c2ccccc2C=Cc2c(Cl)cccc21,325.84,325.12,5.22,23.06,98.86,0.2,0.478,23,0,1,3,3,2,0,3,142.04,0.633,0.081,11.833,-0.286,12,0.5217,1,1,1,0,0,0,0,0,0,784.469,2.118,164069.843,-1.87,16.004,6.324,3.557,0,0
C[N+](C)([O-])CCC=C1c2ccccc2CCc2ccccc21,293.41,293.18,4.18,23.06,92.33,0.3,0.6147,22,0,1,3,3,2,0,2,132.43,0.633,0.081,11.812,-0.243,12,0.5455,1,1,1,0,0,0,0,0,0,645.349,2.042,113385.059,-1.9,15.013,6.073,3.291,0,0
C[N+](C)([O-])CCCN1c2ccccc2CCc2ccccc21,296.41,296.19,3.89,26.3,92.26,0.3684,0.6319,22,0,2,4,3,2,0,3,132.52,0.633,0.08,11.823,-0.225,12,0.5455,1,1,1,0,1,0,1,0,0,598.379,1.919,113385.059,-1.84,15.071,6.109,3.316,0,0
C[N+]1(C)CCC(OC(=O)C(O)(c2ccccc2)C2CCCC2)C1.[Br-],398.34,397.13,-0.54,46.53,88.64,0.6316,0.5477,24,1,3,4,3,1,0,5,154.72,1.0,0.343,12.94,-1.502,6,0.25,1,1,2,2,1,0,1,1,0,556.99,0.0,221909.765,-0.91,19.415,7.544,3.839,2,2
C[N+]1(C)CCCC(OC(=O)C(O)(c2ccccc2)c2ccccc2)C1.[Br-],420.35,419.11,-0.29,46.53,96.84,0.381,0.5465,26,1,3,4,3,2,0,5,165.32,1.0,0.348,13.066,-1.795,12,0.4615,1,1,1,1,1,0,1,1,0,679.051,0.0,450331.95,-1.69,20.62,8.335,4.341,1,1
C[N+]1([O-])C2CCC1CC(OC(=O)C(CO)c1ccccc1)C2,305.37,305.16,1.94,69.59,81.74,0.5882,0.5242,22,1,4,4,3,1,0,5,130.22,0.633,0.316,12.447,-0.645,6,0.2727,1,1,2,2,2,0,2,2,0,514.72,1.65,112382.281,-1.43,15.465,5.988,2.761,3,3
C[N+]12CCC(CC1)C(OC(=O)C(O)(c1ccccc1)c1ccccc1)C2.[Br-],432.36,431.11,-0.29,46.53,99.27,0.4091,0.5339,27,1,3,4,5,2,0,5,170.68,1.0,0.348,13.236,-1.785,12,0.4444,1,1,3,3,3,0,3,3,0,733.16,0.0,1143612.19,-1.69,20.055,7.74,3.684,1,1
C[NH+]O.Cc1oc(C(C)(C)N(C(C)(C)N)C(C)(C)N)c(C)c1C.[OH-],345.51,345.29,1.31,134.25,94.93,0.7647,0.4799,24,4,7,4,1,1,0,7,146.19,0.87,0.147,7.319,-0.567,5,0.2083,1,1,0,0,1,1,0,0,0,497.131,0.0,28540.011,-0.96,25.282,8.42,5.544,0,0
C[S+](CC[C@H](N)C(=O)[O-])C[C@H]1O[C@@H](n2cnc3c(N)ncnc32)[C@H](O)[C@@H]1O,398.45,398.14,-3.26,185.46,96.28,0.6,0.345,27,4,11,7,3,2,0,12,157.26,0.548,0.167,10.698,-1.284,9,0.3333,1,1,1,1,3,2,1,1,0,819.091,1.682,1252386.91,-1.99,19.763,7.941,3.987,6,1
Cc1[nH]ccc2c1[nH]c1cc(=O)ccc12,198.22,198.08,2.32,48.65,61.16,0.0833,0.5718,15,2,1,0,3,3,0,3,85.75,0.364,0.18,11.217,0.038,13,0.8667,0,0,0,0,2,2,0,0,0,706.282,2.626,4894.253,-2.03,8.292,2.73,1.095,0,0
Cc1[nH]nc2c1N(c1ccccc1)C(=O)CC(=O)N2C,270.29,270.11,1.75,69.3,74.94,0.2143,0.8025,20,1,3,1,3,2,0,6,115.55,0.296,0.241,12.42,-0.263,11,0.55,0,0,1,0,2,1,1,0,2,677.737,2.224,49220.543,-2.63,12.406,4.483,1.768,0,0
Cc1c(C)c2c(c(C)c1O)CC[C@@](C)(CCC[C@H](C)CCC[C@H](C)CCCC(C)C)O2,430.72,430.38,8.84,29.46,134.39,0.7931,0.3586,31,1,2,12,2,1,0,2,192.73,0.507,0.127,10.39,-0.071,6,0.1935,0,0,1,0,1,0,1,0,0,705.424,1.738,3925844.643,-1.18,26.075,11.616,7.43,3,0
Cc1c(C)c2ccc(OCc3nnc(C(C)C)s3)cc2oc1=O,330.41,330.1,3.96,65.22,90.29,0.3529,0.6774,23,0,6,4,3,3,0,6,137.49,0.486,0.339,11.787,-0.308,15,0.6522,0,0,0,0,2,2,0,0,0,911.833,1.83,205524.904,-2.21,15.677,6.12,3.122,0,0
Cc1c(F)c(N2CCNC(C)C2)cc2c1c(=O)c(C(=O)O)cn2C1CC1,359.4,359.16,2.28,74.57,97.81,0.4737,0.8795,26,2,5,3,4,2,0,7,149.77,0.477,0.341,15.147,-1.272,10,0.3846,0,0,2,2,2,1,1,1,0,964.881,1.99,1414527.509,-2.41,17.026,6.088,2.666,1,1
Cc1c(N(C)C)c(=O)n(-c2ccccc2)n1C,231.3,231.14,1.55,30.17,70.07,0.3077,0.7847,17,0,4,2,2,2,0,4,100.69,0.372,0.295,12.353,0.015,11,0.6471,0,0,0,0,1,1,0,0,0,578.702,2.73,7726.101,-1.97,11.513,4.125,1.753,0,0
Cc1c(O)c(=O)ccn1C,139.15,139.06,0.4,42.23,38.08,0.2857,0.5649,10,1,3,0,1,1,0,3,58.55,0.503,0.223,10.729,-0.324,6,0.6,0,0,0,0,1,1,0,0,0,300.965,3.492,171.962,-1.25,6.864,2.172,0.9,0,0
Cc1c(O)c(=O)ccn1CCCO,183.21,183.09,0.24,62.46,48.81,0.4444,0.7054,13,2,4,3,1,1,0,4,76.07,0.503,0.223,10.953,-0.363,6,0.4615,0,0,0,0,1,1,0,0,0,343.203,2.968,825.743,-1.29,9.795,4.091,2.091,0,0
Cc1c(O)cccc1C(=O)N[C@@H](CSc1ccccc1)[C@H](O)CN1C[C@H]2CCCC[C@H]2C[C@H]1C(=O)NC(C)(C)C,567.8,567.31,4.75,101.9,160.59,0.5625,0.3265,40,4,6,9,4,2,0,8,242.67,0.508,0.252,13.461,-0.886,12,0.3,0,0,2,2,1,0,1,1,2,1152.595,1.536,556232048.74,-2.55,30.41,13.408,8.015,5,0
Cc1c2c(cn1C)NC(=O)CN=C2c1ccccc1,253.31,253.12,2.12,46.39,75.73,0.2,0.8311,19,1,3,1,3,2,0,4,111.33,0.352,0.246,11.716,-0.071,11,0.5789,0,0,1,0,2,1,1,0,1,668.199,2.227,29557.328,-2.36,11.715,4.388,1.949,0,0
Cc1c2oc3c(C)ccc(C(=O)NC4C(=O)NC(C(C)C)C(=O)N5CCCC5C(=O)N(C)CC(=O)N(C)C(C(C)C)C(=O)OC4C)c3nc-2c(C(=O)NC2C(=O)NC(C(C)C)C(=O)N3CCCC3C(=O)N(C)CC(=O)N(C)C(C(C)C)C(=O)OC2C)c(N)c1=O,1255.44,1254.63,0.73,359.98,325.48,0.6129,0.1179,90,5,18,8,7,1,0,28,521.82,0.458,0.329,15.183,-1.884,14,0.1556,0,0,6,4,5,0,5,4,10,3416.975,1.321,830878995460544528384,-8.72,68.765,27.572,13.704,10,10
Cc1c[nH+][o+]c(C([NH])CC(C)C(C)(C)N(C(C)(C)C)C(C)(N)N)c1[O-],353.51,353.28,1.58,127.58,95.92,0.7778,0.5925,25,2,4,6,1,1,1,7,151.09,0.866,0.437,12.21,-1.015,6,0.24,2,1,0,0,1,1,0,0,0,576.11,3.11,88379.841,-1.28,21.762,7.149,4.877,2,2
Cc1cc(-c2ccccc2)nnc1NCCN1CCOCC1,298.39,298.18,2.2,50.28,87.95,0.4118,0.9168,22,1,5,5,3,2,0,5,130.87,0.379,0.151,5.354,0.838,12,0.5455,0,0,1,1,2,1,1,1,0,596.863,1.578,165164.99,-1.98,14.937,7.334,3.809,0,0
Cc1cc(=O)c(C(=O)N[C@@H](C(=O)NC2C(=O)N3C(C(=O)O)=C(CSc4nnnn4C)CS[C@H]23)c2ccc(O)cc2)c[nH]1,612.65,612.12,-0.09,212.5,149.32,0.28,0.1585,42,5,12,9,5,3,0,17,245.29,0.508,0.352,13.496,-1.337,17,0.4048,0,0,2,1,4,2,2,1,3,1669.283,1.343,2012862430.953,-4.64,28.873,11.691,5.597,3,1
Cc1cc(=O)n(-c2ccccc2)n1C,188.23,188.09,1.48,26.93,55.75,0.1818,0.6656,14,0,3,1,2,2,0,3,82.2,0.285,0.271,11.603,0.01,11,0.7857,0,0,0,0,1,1,0,0,0,493.751,2.688,2116.424,-1.77,8.812,3.178,1.267,0,0
Cc1cc(=O)oc2cc(O)ccc12,176.17,176.05,1.81,50.44,48.89,0.1,0.6225,13,1,3,0,2,2,0,3,74.24,0.508,0.336,10.967,-0.393,10,0.7692,0,0,0,0,1,1,0,0,0,511.049,2.945,970.564,-1.77,7.857,2.622,1.284,0,0
Cc1cc(Br)cc(C(N)=O)c1O,230.06,228.97,1.56,63.32,49.06,0.125,0.7684,12,2,2,1,1,1,0,4,78.32,0.507,0.252,10.768,-0.628,6,0.5,0,0,0,0,0,0,0,0,1,336.075,3.374,391.609,-1.03,9.061,3.145,1.583,0,0
Cc1cc(C(=O)NNCc2ccccc2)no1,231.26,231.1,1.42,67.16,61.99,0.1667,0.7808,17,2,4,4,2,2,0,5,98.78,0.361,0.287,11.552,-0.308,11,0.6471,0,0,0,0,1,1,0,0,1,493.462,1.812,11452.846,-2.14,11.349,5.268,3.154,0,0
Cc1cc(C(C)(C)SC(C)(C)CNc2[nH]ccc2[N+](=O)[O-])nc(C)c1C,376.53,376.19,5.1,83.85,109.08,0.5263,0.5185,26,2,5,7,2,2,0,7,158.89,0.365,0.31,11.045,-0.384,11,0.4231,1,1,0,0,2,2,0,0,0,788.616,2.138,363063.899,-2.02,20.294,7.307,4.576,0,0
Cc1cc(C)c(=O)[nH]n1,124.14,124.06,0.39,45.75,34.33,0.3333,0.5433,9,1,2,0,1,1,0,3,52.73,0.268,0.267,10.653,-0.111,6,0.6667,0,0,0,0,1,1,0,0,0,264.006,3.339,104.201,-1.12,6.007,2.009,1.161,0,0
Cc1cc(C)cc(OCC2CNC(=O)O2)c1,221.26,221.11,1.79,47.56,59.68,0.4167,0.8461,16,1,3,3,2,1,0,4,94.55,0.49,0.407,10.784,-0.367,6,0.375,0,0,1,1,1,0,1,1,1,383.0,1.915,5330.189,-1.71,10.796,4.429,2.655,1,1
Cc1cc(CCN2CCN(c3cccc(Cl)c3)CC2)n[nH]1,304.83,304.15,2.74,35.16,87.13,0.4375,0.9431,21,1,3,4,3,2,0,5,130.26,0.369,0.064,6.065,0.809,11,0.5238,0,0,1,1,2,1,1,1,0,587.468,1.485,100689.757,-1.52,14.419,6.497,3.771,0,0
Cc1cc(N(C)C)ccc1C[C@H](C)N.O=C(O)[C@H](O)[C@@H](O)C(=O)O,342.39,342.18,-0.17,144.32,90.14,0.5,0.479,24,5,6,6,1,1,0,8,140.69,0.479,0.335,9.772,-2.266,6,0.25,0,0,0,0,0,0,0,0,0,541.499,0.0,73801.892,-2.16,21.84,9.863,7.404,3,0
Cc1cc(N/C(O)=C2\C(=O)c3ccccc3S(=O)(=O)N2C)no1,335.34,335.06,1.64,112.74,80.24,0.1429,0.6334,23,2,7,2,3,2,0,9,131.61,0.493,0.265,12.544,-3.924,11,0.4783,0,0,1,0,2,1,1,0,0,929.394,2.128,168046.915,-2.81,15.1,5.127,2.344,0,0
Cc1cc(NC(=O)c2c(C)cccc2C)no1,230.27,230.11,2.85,55.13,65.11,0.2308,0.8626,17,1,3,2,2,2,0,4,99.62,0.36,0.257,12.072,-0.158,11,0.6471,0,0,0,0,1,1,0,0,1,538.047,2.259,8363.459,-2.1,11.387,4.411,2.357,0,0
Cc1cc(NS(=O)(=O)c2ccc(N)cc2)no1,253.28,253.05,1.37,98.22,62.9,0.1,0.8047,17,2,5,3,2,2,0,7,98.47,0.399,0.263,11.889,-3.645,11,0.6471,0,0,0,0,1,1,0,0,0,616.501,2.277,7651.767,-2.02,11.465,4.096,2.563,0,0
Cc1cc2c(s1)=Nc1ccc(F)cc1NC=2N1CCN(C)CC1,330.43,330.13,1.89,30.87,92.0,0.3529,0.8662,23,1,5,1,4,2,0,6,138.11,0.355,0.127,13.658,-0.245,11,0.4783,0,0,2,1,3,1,2,1,0,865.204,1.873,261131.051,-1.92,14.658,5.615,2.725,0,0
Cc1cc2c(s1)=Nc1ccccc1NC=2N1CCN(C)CC1,312.44,312.14,1.75,30.87,92.04,0.3529,0.8702,22,1,5,1,4,2,0,5,133.95,0.355,0.127,4.882,1.023,11,0.5,0,0,2,1,3,1,2,1,0,815.425,1.871,183740.05,-1.85,13.788,5.409,2.401,0,0
Cc1ccc(-c2nc3ccc(C)cn3c2CC(=O)N(C)C)cc1,307.4,307.17,3.25,37.61,92.5,0.2632,0.7447,23,0,3,3,3,3,0,4,135.94,0.348,0.228,12.261,0.071,15,0.6522,0,0,0,0,2,2,0,0,1,860.202,2.19,190014.973,-2.62,15.282,5.876,2.972,0,0
Cc1ccc(C(=O)c2cc(O)c(O)c([N+](=O)[O-])c2)cc1,273.24,273.06,2.55,100.67,71.04,0.0714,0.3871,20,2,5,3,2,2,0,6,113.62,0.504,0.315,12.181,-0.86,12,0.6,1,1,0,0,0,0,0,0,0,691.456,2.499,27193.218,-2.89,13.54,5.005,2.44,0,0
Cc1ccc(C(C)C)c(OCC2=NCCN2)c1,232.33,232.16,2.5,33.62,71.07,0.5,0.865,17,1,3,4,2,1,0,3,102.9,0.485,0.145,5.87,0.476,6,0.3529,0,0,1,0,1,0,1,0,0,424.23,2.097,10290.283,-1.51,11.96,5.213,2.991,0,0
Cc1ccc(C)cc1,106.17,106.08,2.3,0.0,35.92,0.25,0.4758,8,0,0,0,1,1,0,0,50.16,0.059,0.04,2.12,1.329,6,0.75,0,0,0,0,0,0,0,0,0,138.898,3.032,70.799,-0.78,5.359,1.994,1.094,0,0
Cc1ccc(C2(O)CCN(CCCC(=O)c3ccc(F)cc3)CC2)cc1,355.45,355.19,4.08,40.54,100.71,0.4091,0.794,26,1,3,6,3,2,0,4,154.01,0.385,0.162,12.912,-0.742,12,0.4615,0,0,1,1,1,0,1,1,0,731.742,1.445,770962.431,-2.04,18.742,8.105,4.567,0,0
Cc1ccc(CC2=CNC(NCCSCc3ccc(CN(C)C)o3)=NC2)cn1,399.56,399.21,2.95,65.69,116.46,0.4286,0.6323,28,2,7,9,3,2,0,7,171.06,0.464,0.195,5.827,0.72,11,0.3929,0,0,1,0,3,2,1,0,0,810.458,1.302,2675816.425,-2.25,20.483,10.337,6.726,0,0
Cc1ccc(Cc2ccccc2)c(N2CCNCC2)c1,266.39,266.18,3.0,15.27,85.51,0.3333,0.9185,20,1,2,3,3,2,0,2,120.98,0.369,0.041,3.427,1.014,12,0.6,0,0,1,1,1,0,1,1,0,556.886,1.892,60385.157,-1.8,13.195,6.101,3.021,0,0
Cc1ccc(Cc2cnc(NCCCCc3ncc(Br)cc3C)[nH]c2=O)cn1,442.36,441.12,3.96,83.56,114.74,0.3333,0.5163,28,2,5,8,3,3,0,7,172.56,0.356,0.255,12.282,-0.118,18,0.6429,0,0,0,0,3,3,0,0,0,984.831,1.463,2018771.341,-2.54,20.201,9.593,5.726,0,0
Cc1ccc(Cc2cnc(NCCSCc3ccc(C(C)(C)N)o3)[nH]c2=O)cn1,413.55,413.19,3.2,109.83,117.21,0.381,0.4621,29,3,7,9,3,3,0,8,174.09,0.463,0.255,12.285,-0.468,17,0.5862,0,0,0,0,3,3,0,0,0,989.296,1.438,3314320.041,-2.58,21.137,9.278,6.2,0,0
Cc1ccc(Cl)c(Nc2ccccc2C(=O)O)c1Cl,296.15,295.02,4.74,49.33,77.88,0.0714,0.8594,19,2,2,3,2,2,0,5,120.33,0.478,0.337,11.143,-1.011,12,0.6316,0,0,0,0,0,0,0,0,0,641.338,2.479,18508.06,-1.71,13.715,5.51,2.829,0,0
Cc1ccc(S(=O)(=O)CCN2C(=O)CN=C(c3ccccc3Cl)c3cc(Cl)ccc32)cc1,487.41,486.06,4.96,66.81,128.99,0.1667,0.5112,32,0,4,5,4,3,0,8,196.78,0.309,0.248,12.98,-3.573,18,0.5625,0,0,1,0,1,0,1,0,1,1319.326,1.707,15032203.353,-2.67,22.521,9.059,4.578,0,0
Cc1ccc(S(=O)(=O)NC(=O)NN2CCCCCC2)cc1,311.41,311.13,1.77,78.51,80.07,0.5,0.8916,21,2,4,3,2,1,0,7,125.1,0.343,0.27,12.073,-3.825,6,0.2857,0,0,1,1,1,0,1,1,2,575.987,1.956,50630.588,-1.6,15.783,6.907,4.714,0,0
Cc1ccc2c(c1)C(N1CCN(C)CC1)=Nc1ccccc1S2,323.46,323.15,3.79,18.84,97.01,0.3158,0.735,23,0,4,0,4,2,0,4,141.57,0.354,0.137,5.074,1.037,12,0.5217,0,0,2,1,2,0,2,1,0,760.96,1.838,296082.67,-1.78,14.79,6.022,2.887,0,0
Cc1ccc2c(c1)C1CN(C)CCC1N2,202.3,202.15,2.21,15.27,63.44,0.5385,0.6936,15,1,2,0,3,1,0,2,91.28,0.381,0.038,3.657,0.679,6,0.4,0,0,2,1,2,0,2,1,0,386.122,1.983,4755.684,-1.02,9.224,3.24,1.439,2,2
Cc1ccc2c(c1)[C@]13CCCC[C@@H]1[C@H](C2)N(C)CC3,255.4,255.2,3.68,3.24,79.55,0.6667,0.6833,19,0,1,0,4,1,0,1,116.55,0.303,0.017,2.65,0.537,6,0.3158,0,0,3,2,1,0,1,1,0,506.412,1.905,37198.407,-0.82,11.962,4.085,1.572,3,0
Cc1ccc2c(c1)c1c3n2CCNC3CCC1.[Cl-].[H+],262.78,262.12,0.05,16.96,71.47,0.4667,0.71,18,1,2,0,4,2,0,3,115.26,1.0,1.0,3.672,0.0,9,0.4737,1,1,2,0,2,1,1,0,0,603.702,0.0,19032.982,-0.99,12.065,4.286,1.521,1,1
Cc1cccc(/C=N/N2CCN(C(c3ccccc3)c3ccccc3)CC2)n1,370.5,370.22,4.13,31.73,114.44,0.25,0.633,28,0,4,5,4,3,0,4,166.7,0.294,0.083,4.653,0.284,18,0.6429,0,0,1,1,2,1,1,1,0,860.658,1.459,4032524.972,-2.98,18.386,8.806,4.461,0,0
Cc1cccc(C)c1,106.17,106.08,2.3,0.0,35.92,0.25,0.4758,8,0,0,0,1,1,0,0,50.16,0.062,0.04,2.167,1.338,6,0.75,0,0,0,0,0,0,0,0,0,159.898,3.078,64.052,-0.78,5.359,1.994,1.094,0,0
Cc1cccc(C)c1NC(=O)CN1CCCC1=O,246.31,246.14,1.86,49.41,70.36,0.4286,0.8847,18,1,2,3,2,1,0,4,106.98,0.333,0.244,11.913,-0.123,6,0.3333,0,0,1,1,1,0,1,1,2,462.432,2.008,14074.501,-1.84,12.613,5.208,2.696,0,0
Cc1cccc(C)c1NC(=O)c1ccc(N)cc1,240.31,240.13,3.14,55.12,74.72,0.1333,0.7922,18,2,2,2,2,2,0,3,106.63,0.399,0.255,12.078,-0.118,12,0.6667,0,0,0,0,0,0,0,0,1,553.298,2.24,12126.653,-2.29,12.174,4.918,2.509,0,0
Cc1cccc(C)c1NC1=NCCCS1,220.34,220.1,3.21,24.39,68.92,0.4167,0.7856,15,1,3,1,2,1,0,3,95.18,0.335,0.161,4.475,0.959,6,0.4,0,0,1,0,1,0,1,0,0,364.959,2.194,3405.661,-0.96,10.554,4.707,2.535,0,0
Cc1cccc(C)c1OCC(C)N,179.26,179.13,2.03,35.25,55.06,0.4545,0.7702,13,1,2,3,1,1,0,2,79.71,0.491,0.125,5.615,0.082,6,0.4615,0,0,0,0,0,0,0,0,0,261.169,2.751,723.132,-1.02,10.063,4.283,2.739,1,1
Cc1cccc(Cc2cnc[nH]2)c1C,186.26,186.12,2.62,28.68,57.31,0.25,0.767,14,1,1,2,2,2,0,2,84.01,0.348,0.092,4.015,0.938,11,0.7857,0,0,0,0,1,1,0,0,0,415.892,2.295,2615.342,-1.57,9.004,3.661,1.69,0,0
Cc1cccc(Cl)c1NC(=O)/C=C1\SCC(=O)N1C,296.78,296.04,2.63,49.41,78.13,0.2308,0.8537,19,1,3,2,2,1,0,6,120.35,0.321,0.251,11.928,-0.291,6,0.3158,0,0,1,1,1,0,1,1,2,551.512,2.144,20221.941,-1.46,13.96,5.671,3.108,0,0
Cc1cccc(N2CC(CO)OC2=O)c1,207.23,207.09,1.31,49.77,55.88,0.3636,0.7951,15,1,3,2,2,1,0,4,88.08,0.441,0.414,11.448,-0.405,6,0.4,0,0,1,1,1,0,1,1,1,377.851,2.211,3668.008,-1.55,9.984,3.903,1.943,1,1
Cc1cccc(N2CCN(CCc3cc(C)[nH]n3)CC2)c1,284.41,284.2,2.39,35.16,86.86,0.4706,0.9361,21,1,3,4,3,2,0,4,126.32,0.369,0.064,4.31,1.036,11,0.5238,0,0,1,1,2,1,1,1,0,581.981,1.485,100689.757,-1.81,14.141,6.308,3.64,0,0
Cc1cccc(Nc2ccccc2C(=O)O)c1C,241.29,241.11,3.75,49.33,72.6,0.1333,0.8601,18,2,2,3,2,2,0,3,106.09,0.478,0.337,11.124,-0.927,12,0.6667,0,0,0,0,0,0,0,0,0,590.798,2.402,12394.31,-2.29,12.174,4.918,2.348,0,0
Cc1cccc(O[C@H]2CCNC[C@H]2O)c1C,221.3,221.14,1.41,41.49,63.83,0.5385,0.793,16,2,3,2,2,1,0,3,96.44,0.487,0.127,9.803,-0.409,6,0.375,0,0,1,1,1,0,1,1,0,364.95,2.104,5038.464,-1.06,11.426,4.849,2.363,2,0
Cc1cccc2c1Oc1ccccc1C1(O)CCN(C)CC21,295.38,295.16,3.41,32.7,86.45,0.3684,0.8082,22,1,3,0,4,2,0,3,130.7,0.456,0.133,11.572,-0.859,12,0.5455,0,0,2,1,2,0,2,1,0,727.125,1.996,152461.484,-1.84,13.798,4.832,1.892,2,2
Cc1cccc2c1Oc1ccccc1C1(O)CCNCC21,281.36,281.14,3.07,41.49,81.82,0.3333,0.7795,21,2,3,0,4,2,0,3,124.12,0.456,0.133,11.441,-0.86,12,0.5714,0,0,2,1,2,0,2,1,0,697.368,2.013,106362.165,-1.84,12.867,4.583,1.812,2,2
Cc1cccc2c1Oc1ccccc1[C@@]1(O)CCN(C)C[C@@H]21,295.38,295.16,3.41,32.7,86.45,0.3684,0.8082,22,1,3,0,4,2,0,3,130.7,0.456,0.133,11.572,-0.859,12,0.5455,0,0,2,1,2,0,2,1,0,727.125,1.996,152461.484,-1.84,13.798,4.832,1.892,2,0
Cc1cccc2c1Oc1ccccc1[C@@]1(O)CCN(C)C[C@H]21,295.38,295.16,3.41,32.7,86.45,0.3684,0.8082,22,1,3,0,4,2,0,3,130.7,0.456,0.133,11.572,-0.859,12,0.5455,0,0,2,1,2,0,2,1,0,727.125,1.996,152461.484,-1.84,13.798,4.832,1.892,2,0
Cc1cccc2c1Oc1ccccc1[C@@]1(O)CCNC[C@H]21,281.36,281.14,3.07,41.49,81.82,0.3333,0.7795,21,2,3,0,4,2,0,3,124.12,0.456,0.133,11.441,-0.86,12,0.5714,0,0,2,1,2,0,2,1,0,697.368,2.013,106362.165,-1.84,12.867,4.583,1.812,2,0
Cc1ccccc1,92.14,92.06,2.0,0.0,31.18,0.1429,0.4588,7,0,0,0,1,1,0,0,43.8,0.062,0.04,2.083,1.322,6,0.8571,0,0,0,0,0,0,0,0,0,129.966,3.021,47.197,-0.78,4.381,1.783,1.038,0,0
Cc1ccccc1-n1c(/C=C/c2ccccn2)nc2ccccc2c1=O,339.4,339.14,4.26,47.78,105.24,0.0455,0.5602,26,0,4,3,4,4,0,4,150.66,0.268,0.266,13.187,-0.078,22,0.8462,0,0,0,0,2,2,0,0,0,1160.841,1.986,1353996.688,-3.53,15.966,6.764,2.929,0,0
Cc1ccccc1-n1c(C)nc2ccccc2c1=O,250.3,250.11,3.0,34.89,76.81,0.125,0.6651,19,0,3,1,3,3,0,3,110.71,0.268,0.265,12.625,-0.016,16,0.8421,0,0,0,0,1,1,0,0,0,818.337,2.428,28942.323,-2.42,11.658,4.354,1.834,0,0
Cc1ccccc1C,106.17,106.08,2.3,0.0,35.92,0.25,0.4758,8,0,0,0,1,1,0,0,50.16,0.062,0.04,2.12,1.368,6,0.75,0,0,0,0,0,0,0,0,0,156.148,3.135,72.495,-0.78,5.359,1.994,0.89,0,0
Cc1ccccc1C(OCCN(C)C)c1ccccc1,269.39,269.18,3.66,12.47,83.97,0.3333,0.7932,20,0,2,6,2,2,0,2,121.55,0.367,0.108,6.164,0.011,12,0.6,0,0,0,0,0,0,0,0,0,521.951,2.229,37793.316,-1.64,14.763,7.225,3.925,1,1
Cc1ccccc1N1CCN(CCCOc2ccccn2)CC1,311.43,311.2,2.98,28.6,94.18,0.4211,0.7669,23,0,4,6,3,2,0,4,138.26,0.478,0.213,5.655,0.719,12,0.5217,0,0,1,1,2,1,1,1,0,594.574,1.372,269396.413,-2.07,15.812,7.973,4.454,0,0
Cc1ccccc1OCC(COC(O)C(Cl)(Cl)Cl)OC(O)C(Cl)(Cl)Cl,477.0,473.91,4.15,68.15,100.09,0.5714,0.4355,25,2,5,8,1,1,0,11,175.1,0.491,0.24,9.763,-2.089,6,0.24,0,0,0,0,0,0,0,0,0,533.179,2.716,141050.313,0.6,23.639,10.228,8.887,3,3
Cc1ccnc2c1NC(=O)c1cccnc1N2C1CC1,266.3,266.12,2.65,58.12,76.33,0.2667,0.8617,20,1,4,1,4,2,0,5,116.21,0.318,0.259,12.403,-0.117,12,0.6,0,0,2,1,3,2,1,0,1,708.77,2.002,110375.656,-2.43,11.401,4.03,1.592,0,0
Cc1ccsc1C(=CCCN1CCC[C@@H](C(=O)O)C1)c1sccc1C,375.56,375.13,5.04,40.54,106.61,0.45,0.7684,25,1,4,6,3,2,0,5,157.17,0.481,0.307,11.232,-0.649,10,0.4,0,0,1,1,3,2,1,1,0,717.094,1.728,664633.006,-1.43,18.364,8.3,4.403,1,0
Cc1cn([C@H]2C=C[C@@H](CO)O2)c(=O)[nH]c1=O,224.22,224.08,-0.71,84.32,56.2,0.4,0.6499,16,2,5,2,2,1,0,6,90.81,0.393,0.33,11.505,-0.569,6,0.375,0,0,1,0,2,1,1,0,0,528.356,2.362,5760.167,-1.66,10.845,4.07,1.843,2,0
Cc1cn([C@H]2C[C@H](F)[C@@H](CO)O2)c(=O)[nH]c1=O,244.22,244.09,-0.54,84.32,56.57,0.6,0.7316,17,2,5,2,2,1,0,7,95.66,0.394,0.33,13.363,-1.316,6,0.3529,0,0,1,1,2,1,1,1,0,523.773,2.335,7965.509,-1.47,11.999,4.42,2.156,3,0
Cc1cn([C@H]2C[C@H](N=[N+]=[N-])[C@@H](CO)O2)c(=O)[nH]c1=O,267.25,267.1,-0.2,133.08,64.61,0.6,0.4454,19,2,6,3,2,1,0,9,106.63,0.394,0.33,11.7,-0.671,6,0.3158,1,1,1,1,2,1,1,1,0,629.543,2.342,22562.16,-2.09,13.344,5.269,2.526,3,0
Cc1cnc(N/C(O)=C2/C(=O)c3ccccc3S(=O)(=O)N2C)s1,351.41,351.03,2.11,99.6,85.85,0.1429,0.6349,23,2,7,2,3,2,0,9,136.5,0.493,0.265,12.571,-3.897,11,0.4783,0,0,1,0,2,1,1,0,0,931.004,2.128,168046.915,-2.39,15.504,5.356,2.471,0,0
Cc1cnn(-c2c(Cl)cccc2Cl)c1C(=O)N[C@@H]1C(=O)N2[C@@H](C(=O)O)C(C)(C)S[C@H]12,469.35,468.04,2.73,104.53,113.3,0.3684,0.6679,30,2,6,4,4,2,0,11,186.05,0.48,0.327,13.103,-1.06,11,0.3667,0,0,2,2,3,1,2,2,2,1066.232,1.623,4159133.087,-2.23,21.019,7.177,3.07,3,0
Cc1csc(N=C(N)N)n1,156.21,156.05,0.36,77.29,42.32,0.2,0.4548,10,2,3,1,1,1,0,5,62.6,0.37,0.212,5.128,0.05,5,0.5,0,0,0,0,1,1,0,0,0,247.906,2.862,198.236,-1.1,7.012,2.656,1.696,0,0
Cc1csc2ccc3[nH]c4c(c3c12)CN(C)CC4,256.37,256.1,3.68,19.03,78.46,0.3333,0.6498,18,1,2,0,4,3,0,3,110.22,0.358,0.047,3.624,1.073,12,0.6667,0,0,1,0,3,2,1,0,0,750.615,2.164,30119.254,-1.32,10.589,3.59,1.317,0,0
Cc1nc(C)c2c(n1)N(Cc1ccc(-c3ccccc3-c3nn[nH]n3)cc1)C(=O)CC2,411.47,411.18,3.42,100.55,116.07,0.2174,0.5522,31,1,6,4,5,4,0,8,178.92,0.292,0.228,12.691,0.094,23,0.7419,0,0,1,0,3,2,1,0,1,1249.672,1.449,21702930.814,-3.94,19.049,7.714,3.564,0,0
Cc1nc2c(C)cccn2c(=O)c1CCN1CCC(c2noc3cc(F)ccc23)CC1,420.49,420.2,4.01,63.64,117.02,0.375,0.4991,31,0,6,4,5,4,0,7,178.85,0.356,0.261,13.404,-0.311,19,0.6129,0,0,1,1,4,3,1,1,0,1318.651,1.267,18087426.53,-3.06,19.877,7.888,3.63,0,0
Cc1nc2ccccc2c(=O)n1-c1ccccc1Cl,270.72,270.06,3.35,34.89,77.09,0.0667,0.6796,19,0,3,1,3,3,0,4,114.65,0.268,0.266,12.566,-0.101,16,0.8421,0,0,0,0,1,1,0,0,0,823.734,2.428,28942.323,-2.13,11.932,4.518,1.921,0,0
Cc1nc2n(c(=O)c1CCN1CCC(C(=O)c3ccc(F)cc3)CC1)CCS2,401.51,401.16,2.93,55.2,107.56,0.4762,0.5696,28,0,6,5,4,2,0,7,167.51,0.303,0.257,13.051,-0.322,12,0.4286,0,0,2,1,3,1,2,1,0,933.902,1.335,3509153.49,-1.99,19.332,8.169,3.911,0,0
Cc1nc2n(c(=O)c1CCN1CCC(c3noc4cc(F)ccc34)CC1)CCCC2,410.49,410.21,3.59,64.16,112.26,0.5217,0.6577,30,0,6,4,5,3,0,7,174.24,0.356,0.256,13.391,-0.303,15,0.5,0,0,2,1,4,2,2,1,0,1128.169,1.233,12434275.798,-2.54,19.425,7.946,3.555,0,0
Cc1nc2n(c(=O)c1CCN1CCC(c3noc4cc(F)ccc34)CC1)CCCC2O,426.49,426.21,3.08,84.39,113.51,0.5217,0.6903,31,1,7,4,5,3,0,8,179.03,0.385,0.257,13.398,-0.641,15,0.4839,0,0,2,1,4,2,2,1,0,1163.573,1.24,18087426.53,-2.58,20.33,8.164,3.785,1,1
Cc1nc2n(c(=O)c1CCN1CCC(c3noc4cc(F)ccc34)CC1)CCC[C@H]2O,426.49,426.21,3.08,84.39,113.51,0.5217,0.6903,31,1,7,4,5,3,0,8,179.03,0.385,0.257,13.398,-0.641,15,0.4839,0,0,2,1,4,2,2,1,0,1163.573,1.24,18087426.53,-2.58,20.33,8.164,3.785,1,0
Cc1nc2n(n1)C(N1CCN(C)CC1)=Nc1ccccc1C2,296.38,296.17,1.27,49.55,85.57,0.4375,0.7346,22,0,6,0,4,2,0,6,129.64,0.338,0.228,4.927,0.776,11,0.5,0,0,2,1,3,1,2,1,0,723.987,1.809,183740.05,-2.21,13.453,5.208,2.291,0,0
Cc1ncc(CSSCc2cnc(C)c(O)c2CO)c(CO)c1O,368.48,368.09,2.57,106.7,95.71,0.375,0.4363,24,4,8,7,2,2,0,8,147.94,0.506,0.142,9.935,-0.236,12,0.5,0,0,0,0,2,2,0,0,0,664.209,1.994,214173.878,-1.48,18.853,8.568,4.128,0,0
Cc1ncc([N+](=O)[O-])n1CC(O)CCl,219.63,219.04,0.7,81.19,50.35,0.5714,0.4592,14,1,5,4,1,1,0,7,85.28,0.388,0.342,10.535,-0.803,5,0.3571,1,1,0,0,1,1,0,0,0,338.921,2.933,1417.702,-1.14,10.938,4.385,2.209,1,1
Cc1ncc([N+](=O)[O-])n1CCO,171.16,171.06,0.09,81.19,40.7,0.5,0.5159,12,1,5,3,1,1,0,6,68.61,0.392,0.342,10.373,-0.518,5,0.4167,1,1,0,0,1,1,0,0,0,294.228,3.033,563.535,-1.43,8.665,3.311,1.424,0,0
Cc1ncc2n1-c1ccc(Cl)cc1C(c1ccccc1Cl)=NC2,342.23,341.05,4.84,30.18,94.11,0.1111,0.6224,23,0,3,1,4,3,0,5,143.78,0.298,0.11,6.401,0.549,17,0.7391,0,0,1,0,2,1,1,0,0,941.19,2.027,280153.657,-2.1,14.49,5.516,2.367,0,0
Cc1ncc2n1-c1ccc(Cl)cc1C(c1ccccc1F)=NC2,325.77,325.08,4.32,30.18,89.05,0.1111,0.6549,23,0,3,1,4,3,0,5,137.64,0.298,0.132,14.302,-0.293,17,0.7391,0,0,1,0,2,1,1,0,0,943.19,2.027,280153.657,-2.46,14.153,5.318,2.263,0,0
Cc1ncc2n1-c1ccc(Cl)cc1C(c1ccccc1F)=NC2.O=C(O)/C=C\C(=O)O,441.85,441.09,4.04,104.78,113.47,0.0909,0.5968,31,2,5,3,4,3,0,9,181.32,0.478,0.328,14.302,-1.257,17,0.5484,0,0,1,0,2,1,1,0,0,1201.215,0.0,7447230.818,-3.78,21.918,9.356,5.044,0,0
Cc1ncc2n1-c1ccc(Cl)cc1C(c1ccccc1F)=NC2O,341.77,341.07,3.82,50.41,90.31,0.1111,0.7313,24,1,4,1,4,3,0,6,142.43,0.367,0.189,14.348,-1.146,17,0.7083,0,0,1,0,2,1,1,0,0,980.145,2.071,427416.814,-2.5,15.053,5.543,2.247,1,1
Cc1nccc2c1[nH]c1ccccc12,182.23,182.08,3.02,28.68,58.34,0.0833,0.5684,14,1,1,0,3,3,0,2,81.59,0.353,0.068,4.271,1.054,13,0.9286,0,0,0,0,2,2,0,0,0,607.821,2.633,3513.452,-1.83,7.562,2.578,0.88,0,0
Cc1nccn1C(C)c1ccccc1,186.26,186.12,2.8,17.82,57.22,0.25,0.7048,14,0,2,2,2,2,0,2,84.22,0.328,0.106,4.226,0.36,11,0.7857,0,0,0,0,1,1,0,0,0,403.27,2.337,2710.839,-1.57,9.004,3.661,1.554,1,1
Cc1nccn1CC1CCc2c(c3ccccc3n2C)C1=O,293.37,293.15,3.13,39.82,86.02,0.3333,0.728,22,0,4,2,4,3,0,4,128.94,0.347,0.17,13.035,0.047,14,0.6364,0,0,1,0,2,2,0,0,0,871.72,1.768,209851.397,-2.36,13.313,4.834,1.832,1,1
Cc1nccnc1N1CCCCC1,177.25,177.13,1.78,29.02,52.83,0.6,0.6544,13,0,3,1,2,1,0,3,78.81,0.355,0.15,4.365,1.046,6,0.4615,0,0,1,1,2,1,1,1,0,279.253,2.184,1459.757,-1.12,8.477,3.727,1.792,0,0
Cc1ncsc1CCCl,161.66,161.01,2.23,12.89,41.28,0.5,0.6067,9,0,2,2,1,1,0,3,63.69,0.25,0.08,5.544,0.697,5,0.5556,0,0,0,0,1,1,0,0,0,184.938,2.689,152.775,-0.08,7.032,3.18,1.663,0,0
Cc1nn(C)c2c1C(c1ccccc1F)=NCC(=O)N2C,286.31,286.12,1.68,50.49,78.26,0.2667,0.8006,21,0,4,1,3,2,0,6,121.26,0.298,0.249,14.127,-0.359,11,0.5238,0,0,1,0,2,1,1,0,1,763.029,2.299,66089.151,-2.5,13.482,4.802,2.031,0,0
Cc1nn(C)c2c1N(c1ccccc1)C(=O)CC(=O)N2C,284.32,284.13,1.76,58.44,79.56,0.2667,0.7497,21,0,4,1,3,2,0,6,122.12,0.298,0.241,12.536,-0.243,11,0.5238,0,0,1,0,2,1,1,0,2,720.775,2.273,67383.765,-2.63,13.358,4.73,1.993,0,0
Cc1nnc(SCC2=C(C(=O)O)N3C(=O)[C@@H](NC(=O)C(N)c4ccc(O)cc4)[C@H]3SC2)s1,493.59,493.05,1.08,158.74,120.09,0.3158,0.3247,32,4,10,7,4,2,0,13,194.82,0.508,0.352,12.773,-1.182,11,0.3438,0,0,2,1,3,1,2,1,2,1103.028,1.446,15224627.401,-2.61,22.579,9.096,4.328,3,1
Cc1nnc(SCC2=C(C(=O)O)N3C(=O)[C@@H](NC(=O)Cn4cc(Cl)c(=O)c(Cl)c4)[C@H]3SC2)s1,548.46,546.96,1.85,134.49,125.78,0.3333,0.3927,33,2,10,7,4,2,0,15,208.88,0.477,0.352,12.758,-1.194,11,0.3333,0,0,2,1,4,2,2,1,2,1220.049,1.434,20586899.208,-2.06,24.077,9.663,4.918,2,0
Cc1nnc(SCC2=C(C(=O)O)N3C(=O)[C@@H](NC(=O)[C@H](O)c4ccccc4)[C@H]3SC2)s1,478.58,478.04,1.41,132.72,116.46,0.3158,0.399,31,3,9,7,4,2,0,12,189.48,0.477,0.352,12.72,-1.409,11,0.3548,0,0,2,1,3,1,2,1,2,1057.823,1.453,10764572.108,-2.41,21.808,8.987,4.331,3,0
Cc1nnc(SCC2=C(C(=O)OCc3oc(=O)oc3C)N3C(=O)C(NC(=O)C(OC(=O)C(C)N)c4ccccc4)C3SC2)s1,661.74,661.1,1.82,197.16,158.12,0.3704,0.1714,44,2,15,11,5,3,0,17,262.26,0.519,0.453,13.517,-1.347,16,0.3636,0,0,2,1,4,2,2,1,2,1665.878,1.355,5714209005.812,-3.93,31.493,13.374,6.745,4,4
Cc1nnc(SCC2=C(C(=O)[O-])N3C(=O)[C@@H](NC(=O)Cn4cnnn4)[C@H]3SC2)s1.[Na+],476.5,476.01,-4.97,158.92,100.24,0.4286,0.2317,30,1,13,7,4,2,0,16,204.08,1.0,0.543,12.57,-1.411,10,0.3333,1,1,2,1,4,2,2,1,2,997.239,0.0,4550942.279,-1.52,23.15,9.739,4.7,2,0
Cc1nnc2n1-c1ccc(Cl)cc1C(c1ccccc1)=NC2,308.77,308.08,3.58,43.07,86.89,0.1176,0.6894,22,0,4,1,4,3,0,5,132.66,0.281,0.159,6.228,0.497,17,0.7727,0,0,1,0,2,1,1,0,0,880.93,2.013,194436.748,-2.46,13.22,5.07,2.037,0,0
Cc1nnc2n1-c1ccc(Cl)cc1C(c1ccccc1Cl)=NC2,343.22,342.04,4.23,43.07,91.9,0.1176,0.6635,23,0,4,1,4,3,0,6,142.96,0.281,0.159,6.385,0.438,17,0.7391,0,0,1,0,2,1,1,0,0,943.516,2.027,280153.657,-2.17,14.424,5.477,2.347,0,0
Cc1nnc2n1-c1sc(Br)cc1C(c1ccccc1Cl)=NC2,393.7,391.95,4.4,43.07,92.47,0.1333,0.6146,22,0,5,1,4,3,0,7,144.17,0.276,0.16,6.377,0.487,16,0.7273,0,0,1,0,3,2,1,0,0,912.161,2.0,186818.268,-1.5,14.115,5.296,2.136,0,0
Cc1noc(NS(=O)(=O)c2ccc(N)cc2)c1C,267.31,267.07,1.67,98.22,67.64,0.1818,0.8242,18,2,5,3,2,2,0,7,104.83,0.399,0.264,12.035,-3.679,11,0.6111,0,0,0,0,1,1,0,0,0,659.342,2.328,11425.169,-2.02,12.437,4.338,2.303,0,0
Cc1oc(=O)oc1COC(=O)[C@@H]1N2C(=O)[C@@H](NC(=O)[C@H](N)c3ccccc3)[C@H]2SC1(C)C,461.5,461.13,0.83,145.08,113.17,0.4286,0.4718,32,2,9,6,4,2,0,11,186.99,0.519,0.456,12.847,-0.911,11,0.3438,0,0,2,2,3,1,2,2,2,1110.097,1.42,12668704.89,-3.05,22.155,8.136,3.817,4,0
Cc1onc(-c2c(Cl)cccc2Cl)c1C(=O)N[C@@H]1C(=O)N2[C@@H](C(=O)O)C(C)(C)S[C@H]12,470.33,469.03,3.2,112.74,111.68,0.3684,0.6603,30,2,6,4,4,2,0,11,185.41,0.48,0.327,13.064,-1.071,11,0.3667,0,0,2,2,3,1,2,2,2,1065.867,1.623,4159133.087,-2.23,21.019,7.177,3.07,3,0
Cc1onc(-c2c(F)cccc2Cl)c1C(=O)N[C@@H]1C(=O)N2[C@@H](C(=O)O)C(C)(C)S[C@H]12,453.88,453.06,2.69,112.74,106.63,0.3684,0.6841,30,2,6,4,4,2,0,11,179.27,0.48,0.327,14.353,-1.098,11,0.3667,0,0,2,2,3,1,2,2,2,1067.867,1.623,4159133.087,-2.59,20.673,6.985,2.969,3,0
Cc1onc(-c2ccccc2)c1C(=O)N[C@@H]1C(=O)N2[C@@H](C(=O)O)C(C)(C)S[C@H]12,401.44,401.1,1.9,112.74,101.66,0.3684,0.7525,28,2,6,4,4,2,0,9,164.8,0.48,0.327,12.927,-1.042,11,0.3929,0,0,2,2,3,1,2,2,2,971.204,1.577,2035775.199,-2.81,18.549,6.37,2.687,3,0
Cc1onc(-c2ccccc2Cl)c1C(=O)N[C@@H]1C(=O)N2[C@@H](C(=O)O)C(C)(C)S[C@H]12,435.89,435.07,2.55,112.74,106.67,0.3684,0.7093,29,2,6,4,4,2,0,10,175.11,0.48,0.327,12.996,-1.056,11,0.3793,0,0,2,2,3,1,2,2,2,1036.602,1.598,2912873.702,-2.52,19.782,6.773,2.995,3,0
Cl/C(=C\n1cncn1)c1ccc(Cl)cc1Cl,274.54,272.96,3.78,30.71,66.5,0.0,0.8342,16,0,3,2,2,2,0,6,107.27,0.227,0.138,6.1,0.465,11,0.6875,0,0,0,0,1,1,0,0,0,520.11,2.373,6073.317,-1.03,11.455,4.869,2.555,0,0
ClC(Cl)Cl,119.38,117.91,1.99,0.0,21.35,1.0,0.4279,4,0,0,0,0,0,0,3,39.65,0.18,0.087,4.806,-0.75,0,0.0,0,0,0,0,0,0,0,0,0,8.0,2.324,3.245,0.87,4.87,2.128,13.259,0,0
ClC=C(Cl)Cl,131.39,129.91,2.5,0.0,25.64,0.0,0.4738,5,0,0,0,0,0,0,3,45.32,0.118,0.09,4.957,0.09,0,0.0,0,0,0,0,0,0,0,0,0,42.855,3.143,9.651,0.61,5.61,2.827,4.61,0,0
ClCCl,84.93,83.95,1.42,0.0,16.57,1.0,0.39,3,0,0,0,0,0,0,2,29.35,0.109,0.097,4.764,0.194,0,0.0,0,0,0,0,0,0,0,0,0,2.755,1.633,2.755,0.58,3.58,2.58,2.58,0,0
Clc1ccc(C(OCCN2CCOCC2)c2ccccc2)cc1,331.84,331.13,3.78,21.7,92.95,0.3684,0.8038,23,0,3,6,3,2,0,4,142.33,0.379,0.108,6.231,-0.061,12,0.5217,0,0,1,1,1,0,1,1,0,582.078,1.664,273746.118,-1.39,16.467,8.459,4.788,1,1
Clc1ccc(COC(Cn2ccnc2)c2ccc(Cl)cc2Cl)c(Cl)c1,416.14,413.99,6.45,27.05,102.68,0.1667,0.4617,25,0,3,6,3,3,0,7,165.61,0.367,0.102,6.365,-0.286,17,0.68,0,0,0,0,1,1,0,0,0,852.287,1.827,584930.751,-1.23,18.558,8.434,4.901,1,1
Clc1ccc(COC(Cn2ccnc2)c2ccc(Cl)cc2Cl)cc1,381.69,380.02,5.8,27.05,97.67,0.1667,0.5392,24,0,3,6,3,3,0,6,155.3,0.367,0.102,6.36,-0.223,17,0.7083,0,0,0,0,1,1,0,0,0,788.533,1.796,409013.921,-1.52,17.308,8.038,4.517,1,1
Clc1ccc(N2CCN(C/C=C/c3ccccc3)CC2)nn1,314.82,314.13,2.97,32.26,91.17,0.2941,0.8683,22,0,4,4,3,2,0,5,135.58,0.353,0.151,5.774,0.438,12,0.5455,0,0,1,1,2,1,1,1,0,604.316,1.474,161882.219,-1.91,15.004,7.382,4.056,0,0
Clc1ccc(OCC2=NCCN2)cc1Cl,245.11,244.02,2.37,33.62,62.26,0.3,0.8864,15,1,3,3,2,1,0,5,98.05,0.486,0.145,5.851,0.442,6,0.4,0,0,1,0,1,0,1,0,0,393.009,1.955,4298.181,-0.93,10.583,4.727,2.765,0,0
Clc1ccc([C@@H]2[C@H]3CC[C@@H](C3)C23CCC(N2CCOCC2)=N3)cc1,344.89,344.17,4.12,24.83,96.82,0.65,0.7653,24,0,3,1,5,1,0,4,148.59,0.378,0.1,6.127,0.157,6,0.25,0,0,4,3,2,0,2,1,0,652.108,1.502,940860.502,-1.06,15.215,5.74,2.242,4,1
Clc1ccc2c(c1)/C(=C/C1CN3CCC1CC3)c1ccccc1S2,353.92,353.1,5.58,3.24,101.75,0.3333,0.5616,24,0,2,1,6,2,0,3,152.25,0.303,0.041,6.33,0.672,12,0.5,0,0,4,3,4,0,4,3,0,820.338,1.642,694940.082,-1.22,15.068,5.943,2.522,1,1
Clc1ccc2c(c1)C(N1CCNCC1)=Nc1ccccc1O2,313.79,313.1,3.43,36.86,88.61,0.2353,0.8093,22,1,4,0,4,2,0,5,133.92,0.454,0.153,6.204,0.691,12,0.5455,0,0,2,1,2,0,2,1,0,738.434,1.884,209135.178,-2.04,13.611,5.63,2.446,0,0
Clc1ccc2c(c1)C(c1ccccc1)=NCc1nncn1-2,294.75,294.07,3.27,43.07,82.15,0.0625,0.6911,21,0,4,1,4,3,0,5,126.3,0.283,0.159,6.188,0.497,17,0.8095,0,0,1,0,2,1,1,0,0,836.493,1.996,141955.334,-2.46,12.294,4.824,2.042,0,0
Clc1ccc2c(c1)C1CNCC1c1ccccc1O2,271.75,271.08,3.92,21.26,76.32,0.25,0.7842,19,1,2,0,4,2,0,3,116.9,0.457,0.131,6.156,0.442,12,0.6316,0,0,2,1,2,0,2,1,0,640.396,1.944,52208.602,-1.51,11.328,4.256,1.749,2,2
Clc1ccc2c(c1)[C@H]1CCNC[C@@H]1c1ccccc1O2,285.77,285.09,4.31,21.26,80.94,0.2941,0.7788,20,1,2,0,4,2,0,3,123.27,0.457,0.131,6.201,0.458,12,0.6,0,0,2,1,2,0,2,1,0,655.188,1.924,76917.41,-1.51,12.247,4.796,1.912,2,0
Clc1ccc2c(c1)[C@H]1CNC[C@H]1c1ccccc1O2,271.75,271.08,3.92,21.26,76.32,0.25,0.7842,19,1,2,0,4,2,0,3,116.9,0.457,0.131,6.156,0.442,12,0.6316,0,0,2,1,2,0,2,1,0,640.396,1.944,52208.602,-1.51,11.328,4.256,1.749,2,0
Clc1cccc(Cl)c1NC1=NCCN1,230.1,229.02,2.36,36.42,60.39,0.2222,0.7764,14,2,3,1,2,1,0,5,92.12,0.354,0.196,5.978,0.592,6,0.4286,0,0,1,0,1,0,1,0,0,356.07,2.23,2573.305,-0.93,9.618,4.067,1.938,0,0
Clc1cccc(Cl)c1NC1=NCCO1,231.08,230.0,2.79,33.62,58.34,0.2222,0.8056,14,1,3,1,2,1,0,5,91.69,0.463,0.289,5.95,0.472,6,0.4286,0,0,1,0,1,0,1,0,0,358.825,2.23,2573.305,-0.93,9.618,4.067,1.938,0,0
Clc1ccccc1C(c1ccccc1)(c1ccccc1)n1ccnc1,344.85,344.11,5.38,17.82,101.84,0.0455,0.4545,25,0,2,4,4,4,0,3,151.91,0.319,0.123,6.691,-0.586,23,0.92,0,0,0,0,1,1,0,0,0,908.271,2.154,1236605.828,-2.84,15.674,6.577,2.553,0,0
Clc1ccccc1C1=NCc2nnc(C3CCCCC3)n2-c2sc(Br)cc21,461.82,460.01,6.14,43.07,113.56,0.35,0.4596,27,0,5,2,5,3,0,7,174.99,0.276,0.16,6.498,0.482,16,0.5926,0,0,2,1,3,2,1,0,0,1032.534,1.677,3310947.475,-1.5,17.588,7.15,3.076,0,0
Clc1cnn(CCCCN2CCN(c3ncccn3)CC2)c1,320.83,320.15,1.93,50.08,87.16,0.5333,0.7612,22,0,6,6,3,2,0,7,135.27,0.338,0.225,5.853,0.708,11,0.5,0,0,1,1,3,2,1,1,0,564.421,1.338,192644.052,-1.66,15.244,7.557,4.176,0,0
Cn1c(=O)[nH]c2ncn(C)c2c1=O,180.17,180.06,-1.04,72.68,46.58,0.2857,0.5625,13,1,5,0,2,2,0,6,72.45,0.329,0.328,11.513,-0.448,9,0.6923,0,0,0,0,2,2,0,0,0,574.171,3.158,1175.784,-1.85,7.781,2.317,0.915,0,0
Cn1c(=O)c2[nH]cnc2n(C)c1=O,180.17,180.06,-1.04,72.68,46.58,0.2857,0.5625,13,1,5,0,2,2,0,6,72.45,0.339,0.332,11.441,-0.371,9,0.6923,0,0,0,0,2,2,0,0,0,574.171,3.212,1349.044,-1.85,7.781,2.317,0.851,0,0
Cn1c(=O)c2[nH]cnc2n(C)c1=O.Cn1c(=O)c2[nH]cnc2n(C)c1=O.NCCN,420.43,420.2,-3.18,197.4,111.26,0.375,0.247,30,4,12,1,4,4,0,14,167.96,0.339,0.332,11.441,-0.371,18,0.6,0,0,0,0,4,4,0,0,0,1290.157,0.0,4523701.48,-3.78,22.509,9.146,3.988,0,0
Cn1c(=O)c2c(ncn2C)n(C)c1=O,194.19,194.08,-1.03,61.82,51.2,0.375,0.5385,14,0,6,0,2,2,0,6,79.03,0.332,0.328,11.672,-0.36,9,0.6429,0,0,0,0,2,2,0,0,0,616.529,3.221,1876.09,-1.85,8.735,2.568,0.876,0,0
Cn1c(=O)c2c(ncn2CCN2CCC(c3c[nH]c4ccccc34)CC2)n(C)c1=O,406.49,406.21,1.79,80.85,116.93,0.4091,0.5604,30,1,7,4,5,4,0,8,172.92,0.361,0.332,12.588,-0.35,18,0.6,0,0,1,1,4,3,1,1,0,1333.414,1.279,13398395.671,-3.13,18.871,7.284,2.988,0,0
Cn1c(=O)c2c(ncn2CCNCC(O)c2ccc(O)c(O)c2)n(C)c1=O,375.39,375.15,-0.83,134.54,97.82,0.3529,0.3262,27,4,10,6,3,3,0,10,153.11,0.504,0.332,12.353,-0.871,15,0.5556,0,0,0,0,2,2,0,0,0,1097.513,1.666,1243491.811,-3.11,18.674,7.252,3.44,1,1
Cn1c(=O)c2nc[nH]c2n(C)c1=O,180.17,180.06,-1.04,72.68,46.58,0.2857,0.5625,13,1,5,0,2,2,0,6,72.45,0.332,0.33,11.43,-0.376,9,0.6923,0,0,0,0,2,2,0,0,0,574.171,3.212,1349.044,-1.85,7.781,2.317,0.851,0,0
Cn1cc(CCN2CCN(c3ccccc3Cl)CC2)cn1,304.83,304.15,2.44,24.3,87.02,0.4375,0.867,21,0,4,4,3,2,0,5,130.47,0.368,0.064,6.273,0.848,11,0.5238,0,0,1,1,2,1,1,1,0,587.468,1.499,103518.201,-1.52,14.419,6.497,3.573,0,0
Cn1cnc2c1c(=O)[nH]c(=O)n2C,180.17,180.06,-1.04,72.68,46.58,0.2857,0.5625,13,1,5,0,2,2,0,6,72.45,0.329,0.328,11.304,-0.448,9,0.6923,0,0,0,0,2,2,0,0,0,574.171,3.178,1173.007,-1.85,7.781,2.317,0.915,0,0
Cn1nc(-c2cccc(F)c2)n(C)c1=S,223.28,223.06,2.29,22.75,58.41,0.2,0.6922,15,0,4,1,2,2,0,5,91.78,0.303,0.197,13.022,-0.274,11,0.7333,0,0,0,0,1,1,0,0,0,556.035,2.642,3078.666,-1.49,10.042,3.582,1.7,0,0
Cn1nc(-c2cccnc2)nc1-c1ccccc1CO,266.3,266.12,2.04,63.83,75.59,0.1333,0.7876,20,1,5,3,3,3,0,5,116.12,0.392,0.183,9.427,-0.023,17,0.85,0,0,0,0,2,2,0,0,0,721.748,2.1,69049.796,-2.53,12.501,5.223,2.189,0,0
Cn1nnnc1SCC1=C(C(=O)O)N2C(=O)[C@@H](NC(=O)CS/C=C\C#N)[C@H]2SC1,453.53,453.03,-0.19,154.1,106.42,0.4,0.3057,29,2,11,8,3,1,0,14,177.48,0.477,0.352,12.548,-1.183,5,0.1724,0,0,2,1,3,1,2,1,2,938.585,1.654,3105793.408,-2.5,21.215,9.332,4.572,2,0
Cn1nnnc1SCC1=C(C(=O)O)N2C(=O)[C@@H](NC(=O)[C@H](O)c3ccccc3)[C@H]2SC1,462.51,462.08,-0.23,150.54,110.61,0.3333,0.3719,31,3,10,7,4,2,0,13,184.41,0.477,0.352,12.714,-1.418,11,0.3548,0,0,2,1,3,1,2,1,2,1058.72,1.461,11036106.907,-2.9,21.337,8.687,4.029,3,0
Cn1nnnc1SCC1=C(C(=O)[O-])N2C(=O)[C@@H](NC(=O)CSC(F)(F)F)[C@H]2SC1.[Na+],492.46,491.99,-4.04,133.14,95.09,0.5385,0.2279,30,1,11,7,3,1,0,17,201.96,1.0,0.543,12.38,-4.567,5,0.1667,1,1,2,1,3,1,2,1,2,882.546,0.0,2071958.296,-0.94,25.322,10.12,5.644,2,0
FC(Br)C(F)(F)F,180.93,179.92,2.24,0.0,19.88,1.0,0.3966,7,0,0,0,0,0,0,5,45.63,0.429,0.225,11.0,-4.75,0,0.0,0,0,0,0,0,0,0,0,0,55.2,3.541,17.086,0.2,7.2,1.981,2.845,1,1
FC(F)(Cl)C(F)(F)Cl,170.92,169.93,2.65,0.0,21.6,1.0,0.4197,8,0,0,1,0,0,0,6,52.37,0.398,0.179,11.113,-4.658,0,0.0,0,0,0,0,0,0,0,0,0,67.02,4.02,21.306,0.3,8.3,1.915,2.046,0,0
FC(F)(F)C(Cl)Br,197.38,195.89,2.51,0.0,24.62,1.0,0.5235,7,0,0,0,0,0,0,5,51.77,0.414,0.168,10.999,-4.318,0,0.0,0,0,0,0,0,0,0,0,0,58.445,3.541,17.086,0.56,7.56,2.219,3.17,1,1
FC(F)(F)CCl,118.49,117.98,1.79,0.0,16.77,1.0,0.4256,6,0,0,0,0,0,0,4,37.9,0.402,0.17,10.653,-4.193,0,0.0,0,0,0,0,0,0,0,0,0,38.548,3.168,12.165,0.08,6.08,1.687,4.08,0,0
FC(F)(F)c1ccc(N2CCNCC2)nc1Cl,265.67,265.06,2.16,28.16,59.33,0.5,0.789,17,1,3,1,2,1,0,7,101.58,0.419,0.354,12.475,-4.452,6,0.3529,0,0,1,1,2,1,1,1,0,402.273,2.238,6616.673,-1.01,12.447,4.698,2.812,0,0
FC(F)(F)c1ccc2c(c1)N(CCCN1CCN(C3CC3)CC1)c1ccccc1S2,433.54,433.18,5.48,9.72,114.67,0.4783,0.6176,30,0,4,5,5,2,0,7,179.38,0.416,0.34,13.333,-4.33,12,0.4,0,0,3,2,2,0,2,1,0,904.807,1.298,15555674.166,-1.7,20.217,8.094,4.201,0,0
FC(F)(F)c1ccc2c(c1)N(CCCN1CCN(CCC3OCCCO3)CC1)c1ccccc1S2.O=C(O)CCC(=O)O,625.71,625.24,5.4,102.78,155.94,0.5333,0.3567,43,2,8,10,5,2,0,13,253.08,0.481,0.416,13.418,-4.35,12,0.2791,0,0,3,2,3,0,3,2,0,1205.868,0.0,2839563396.793,-2.84,33.061,15.756,10.103,0,0
FC(F)(F)c1cccc(C2=CCN(CCc3ccc4ccccc4c3)CC2)c1,381.44,381.17,6.19,3.24,108.13,0.25,0.5208,28,0,1,4,4,3,0,4,162.65,0.416,0.299,12.929,-4.295,16,0.5714,0,0,1,0,1,0,1,0,0,1003.903,1.384,2816472.25,-2.59,18.758,7.801,4.28,0,0
FC(F)(F)c1cccc(N2CCN(CCc3nnc4n3C[C@H]3CCC[C@@H]43)CC2)c1,405.47,405.21,3.56,37.19,103.91,0.619,0.7797,29,0,5,4,5,2,0,8,168.06,0.416,0.369,12.962,-4.297,11,0.3793,0,0,3,2,3,1,2,1,0,869.442,1.158,7446750.475,-2.09,18.908,7.306,3.627,2,0
FC(F)OC(Cl)C(F)(F)F,184.49,183.97,2.35,9.23,22.79,1.0,0.4729,10,0,1,2,0,0,0,7,57.71,0.428,0.294,11.219,-4.946,0,0.0,0,0,0,0,0,0,0,0,0,101.556,3.735,76.904,-0.1,9.9,3.338,3.838,1,1
FC(F)OC(F)(F)C(F)Cl,184.49,183.97,2.35,9.23,22.78,1.0,0.4833,10,0,1,3,0,0,0,7,57.71,0.405,0.254,11.588,-4.629,0,0.0,0,0,0,0,0,0,0,0,0,105.066,3.866,78.55,-0.1,9.9,3.338,3.166,1,1
FC(F)OC(F)C(F)(F)F,168.04,168.0,2.08,9.23,18.04,1.0,0.5732,10,0,1,2,0,0,0,7,51.58,0.445,0.279,11.333,-5.379,0,0.0,0,0,0,0,0,0,0,0,0,97.656,3.735,76.904,-0.46,9.54,3.087,3.543,1,1
FCC(F)(F)F,102.03,102.01,1.52,0.0,12.03,1.0,0.4065,6,0,0,0,0,0,0,4,31.77,0.416,0.241,10.41,-4.625,0,0.0,0,0,0,0,0,0,0,0,0,35.303,3.168,12.165,-0.28,5.72,1.446,3.72,0,0
FCOC(C(F)(F)F)C(F)(F)F,200.05,200.01,2.42,9.23,22.96,1.0,0.6217,12,0,1,2,0,0,0,8,62.11,0.423,0.329,11.391,-5.635,0,0.0,0,0,0,0,0,0,0,0,0,121.322,4.451,183.708,-0.53,11.47,3.461,3.245,0,0
Fc1ccc(-c2ccc(CN3CCN(c4cccc5ccoc45)CC3)[nH]2)cc1,375.45,375.17,4.89,35.41,109.89,0.2174,0.5516,28,1,3,4,5,4,0,5,162.73,0.462,0.157,13.112,-0.21,20,0.7143,0,0,1,1,3,2,1,1,0,1074.637,1.231,6495873.905,-3.05,17.076,7.168,3.293,0,0
Fc1ccc(C(CCCN2CCN(CCNc3ccccc3)CC2)c2ccc(F)cc2)cc1,449.59,449.26,5.61,18.51,131.69,0.3571,0.4343,33,1,3,10,4,3,0,5,195.59,0.384,0.123,13.432,-0.228,18,0.5455,0,0,1,1,1,0,1,1,0,907.197,1.223,40631782.526,-2.76,23.4,11.915,7.11,0,0
Fc1ccc([C@@H]2CCNC[C@H]2COc2ccc3c(c2)OCO3)cc1,329.37,329.14,3.33,39.72,88.18,0.3684,0.9339,24,1,4,4,4,2,0,5,140.09,0.493,0.231,13.17,-0.194,12,0.5,0,0,2,1,2,0,2,1,0,704.258,1.443,664545.918,-2.27,15.269,6.69,3.17,2,0
Fc1ccc2[nH]c3c(c2c1)CN(CCCc1cccnc1)CC3,309.39,309.16,3.69,31.92,89.8,0.3158,0.7968,23,1,2,4,4,3,0,4,134.71,0.358,0.123,13.538,-0.159,15,0.6522,0,0,1,0,3,2,1,0,0,810.098,1.437,369912.109,-2.2,14.396,6.126,2.991,0,0
Fc1ccc2[nH]c3c(c2c1)CN(CCc1ccncc1)CC3,295.36,295.15,3.3,31.92,85.18,0.2778,0.8037,22,1,2,3,4,3,0,4,128.34,0.358,0.123,13.517,-0.164,15,0.6818,0,0,1,0,3,2,1,0,0,794.702,1.531,228309.109,-2.2,13.462,5.537,2.503,0,0
Fc1cccc(Br)c1NC1=NCCN1,258.09,257.0,1.96,36.42,58.03,0.2222,0.8074,14,2,3,1,2,1,0,5,89.55,0.354,0.196,13.329,-0.296,6,0.4286,0,0,1,0,1,0,1,0,0,358.07,2.23,2573.305,-1.1,9.455,3.958,1.87,0,0
Fc1ccccc1C1=NCC(=S)N(CC(F)(F)F)c2ccc(Cl)cc21,386.8,386.03,5.03,15.6,94.36,0.1765,0.5313,25,0,2,2,3,2,0,8,151.29,0.406,0.325,14.227,-4.455,12,0.48,0,0,1,0,1,0,1,0,0,863.967,2.193,343385.246,-1.99,17.821,6.725,3.823,0,0
Fc1ccccc1C1=NCCN(CC(F)(F)F)c2ccc(Cl)cc21,356.75,356.07,4.7,15.6,86.63,0.2353,0.7122,24,0,2,2,3,2,0,7,140.93,0.405,0.36,14.162,-4.348,12,0.5,0,0,1,0,1,0,1,0,0,786.4,2.123,233410.844,-2.08,16.766,6.434,3.534,0,0
N#CC(CCN1CCC(C(N)=O)(N2CCCCC2)CC1)(c1ccccc1)c1ccccc1,430.6,430.27,3.69,73.36,126.92,0.4815,0.727,32,1,4,7,4,2,0,5,191.36,0.368,0.238,12.535,-0.687,12,0.375,0,0,2,2,2,0,2,2,1,883.634,1.492,24897262.876,-2.68,22.512,9.852,4.303,0,0
N#CCCN1C(=O)C(O)N=C(c2ccccc2F)c2cc(Cl)ccc21,357.77,357.07,2.9,76.69,92.08,0.1667,0.9171,25,1,4,3,3,2,0,7,148.14,0.364,0.278,14.288,-1.695,12,0.48,0,0,1,0,1,0,1,0,1,907.434,2.238,478105.8,-2.75,17.085,7.013,3.246,1,1
N#Cc1cc(-c2ccccc2)nnc1NCCN1CCOCC1,309.37,309.16,1.76,74.07,87.93,0.3529,0.907,23,1,6,5,3,2,0,6,135.26,0.379,0.166,9.353,0.515,12,0.5217,0,0,1,1,2,1,1,1,0,677.128,1.642,285761.838,-2.49,15.407,7.676,4.034,0,0
N#Cc1ccc2c(c1)C1=C(CCN(CC3CCCC3)CC1)c1ccccc1O2,370.5,370.2,5.86,36.26,112.12,0.4,0.6641,28,0,3,2,5,2,0,3,166.79,0.456,0.135,9.421,0.701,12,0.4286,0,0,3,1,2,0,2,0,0,962.753,1.534,5201000.648,-2.57,17.523,7.449,3.228,0,0
N#Cc1ccc2c(c1)N(CCCN1CCC(O)CC1)c1ccccc1S2,365.5,365.16,4.01,50.5,105.03,0.381,0.8872,26,1,5,4,4,2,0,5,158.59,0.393,0.099,9.661,-0.117,12,0.4615,0,0,2,1,2,0,2,1,0,824.246,1.519,1322977.938,-2.0,17.416,7.709,3.588,0,0
N/C(N=O)=C1\NNc2ccccc2N(Cc2ccccc2)C1=O,309.33,309.12,2.04,99.82,87.84,0.0625,0.5949,23,3,6,3,3,2,0,7,132.28,0.379,0.28,12.8,-0.427,12,0.5217,0,0,1,0,1,0,1,0,1,773.05,2.069,237622.143,-3.35,14.582,6.185,2.842,0,0
N=C(N)NCCCOc1ccccc1,193.25,193.12,0.94,71.13,56.47,0.3,0.37,14,3,2,5,1,1,0,4,83.58,0.494,0.185,6.92,0.004,6,0.4286,0,0,0,0,0,0,0,0,0,273.955,2.075,1580.708,-1.71,10.371,5.854,4.349,0,0
N=C(N)c1ccc(-c2ccccc2[N+](=O)[O-])o1,231.21,231.06,2.14,106.15,61.81,0.0,0.3649,17,2,4,3,2,2,0,6,96.33,0.453,0.28,10.833,-0.481,11,0.6471,1,1,0,0,1,1,0,0,0,589.153,2.522,9683.353,-2.63,10.874,4.088,2.004,0,0
N=C1SCCN1c1ccc(Cl)cc1N,227.72,227.03,2.41,53.11,63.4,0.2222,0.7249,14,2,3,1,2,1,0,5,91.73,0.397,0.161,7.694,0.555,6,0.4286,0,0,1,1,1,0,1,1,0,380.32,2.36,2149.097,-0.87,9.676,3.708,1.673,0,0
NC(=O)C1(N2CCCCC2)CCN(CCCC(=O)c2ccc(F)cc2)CC1,375.49,375.23,2.59,66.64,102.99,0.619,0.7442,27,1,4,7,3,1,0,6,160.24,0.368,0.238,12.945,-0.485,6,0.2222,0,0,2,2,2,0,2,2,1,647.895,1.461,1376317.953,-1.79,19.957,8.933,4.737,0,0
NC(=O)C1(N2CCCCC2)CCN(CCCN2c3ccccc3CCc3ccc(Cl)cc32)CC1,481.08,480.27,4.77,52.81,139.95,0.5357,0.6465,34,1,4,6,5,2,0,6,208.39,0.368,0.238,12.541,-0.434,12,0.3529,0,0,3,2,3,0,3,2,1,1011.216,1.244,77437687.326,-2.08,23.652,10.268,4.706,0,0
NC(=O)C1(N2CCCCC2)CCN(CCCN2c3ccccc3CCc3ccccc32)CC1,446.64,446.3,4.12,52.81,134.94,0.5357,0.7253,33,1,4,6,5,2,0,5,198.09,0.368,0.238,12.524,-0.417,12,0.3636,0,0,3,2,3,0,3,2,1,912.375,1.226,54987560.613,-2.37,22.424,9.86,4.534,0,0
NC(=O)C1CCCCO1,129.16,129.08,0.04,52.32,32.79,0.8333,0.5431,9,1,2,1,1,0,0,3,54.17,0.368,0.246,10.452,-0.324,0,0.0,0,0,1,1,1,0,1,1,1,107.625,2.312,129.225,-0.57,6.549,2.824,1.677,1,1
NC(=O)C1c2ccccc2C=Cc2ccccc21,235.29,235.1,2.79,43.09,72.85,0.0625,0.8111,18,1,1,1,3,2,0,2,105.75,0.369,0.229,11.827,-0.368,12,0.6667,0,0,1,0,0,0,0,0,1,593.55,2.305,20630.435,-2.35,10.782,4.149,1.626,0,0
NC(=O)C1c2ccccc2CCc2ccccc21,237.3,237.12,2.4,43.09,71.33,0.1875,0.8128,18,1,1,1,3,2,0,2,106.44,0.369,0.229,11.855,-0.306,12,0.6667,0,0,1,0,0,0,0,0,1,556.051,2.244,20630.435,-2.09,11.026,4.297,1.702,0,0
NC(=O)CCCN/C(=C1\C=C(F)C=CC1=O)c1ccc(Cl)cc1,334.78,334.09,2.9,72.19,88.14,0.1765,0.6204,23,2,3,6,2,1,0,6,138.05,0.384,0.217,13.519,-0.495,6,0.2609,0,0,1,0,0,0,0,0,1,705.808,2.312,126004.502,-2.4,16.962,7.739,4.791,0,0
NC(=O)CN1C(=O)C(c2ccccc2)c2ccccc21,266.3,266.11,1.65,63.4,76.27,0.125,0.9177,20,1,2,3,3,2,0,4,116.37,0.368,0.239,12.617,-0.512,12,0.6,0,0,1,0,1,0,1,0,2,667.187,2.092,54355.082,-2.62,12.416,4.811,1.95,1,1
NC(=O)CN1C(=O)COc2ccccc21,206.2,206.07,-0.1,72.63,53.48,0.2,0.7338,15,1,3,2,2,1,0,5,86.42,0.482,0.265,11.486,-0.542,6,0.4,0,0,1,0,1,0,1,0,2,416.883,2.366,2947.59,-2.04,9.513,3.606,1.761,0,0
NC(=O)CN1CC(O)CC1=O,158.16,158.07,-1.94,83.63,36.4,0.6667,0.4903,11,2,3,2,1,0,0,5,63.78,0.391,0.237,10.878,-0.637,0,0.0,0,0,1,1,1,0,1,1,2,192.266,2.468,278.437,-1.1,8.001,2.875,1.909,1,1
NC(=O)CN1CCCC1=O,142.16,142.07,-0.91,63.4,35.01,0.6667,0.5424,10,1,2,2,1,0,0,4,58.98,0.368,0.237,10.828,-0.435,0,0.0,0,0,1,1,1,0,1,1,2,167.131,2.405,206.781,-1.06,7.052,2.682,1.462,0,0
NC(=O)CN1Cc2ccccc2OC1=O,206.2,206.07,0.49,72.63,52.07,0.2,0.7647,15,1,3,2,2,1,0,5,86.42,0.416,0.41,11.388,-0.55,6,0.4,0,0,1,0,1,0,1,0,2,416.883,2.217,2804.96,-2.04,9.513,3.606,1.904,0,0
NC(=O)CS(=O)C(c1ccccc1)c1ccccc1,273.36,273.08,2.01,60.16,76.93,0.1333,0.9055,19,1,2,5,2,2,0,4,114.46,0.369,0.23,12.365,-1.364,12,0.6316,0,0,0,0,0,0,0,0,1,529.714,2.396,22883.131,-1.94,13.491,6.292,3.513,1,1
NC(=O)N1CC(Oc2cccc(C(F)(F)F)c2)C1,260.21,260.08,1.85,55.56,57.02,0.3636,0.8818,18,1,2,2,2,1,0,7,101.12,0.487,0.416,12.444,-4.391,6,0.3333,0,0,1,1,1,0,1,1,2,455.847,1.972,6844.731,-1.92,12.535,4.395,2.662,0,0
NC(=O)N1c2ccccc2C2OC2c2ccccc21,252.27,252.09,3.03,58.86,71.17,0.1333,0.7325,19,1,2,0,4,2,0,4,109.95,0.359,0.323,11.861,-0.471,12,0.6316,0,0,2,1,2,0,2,1,2,631.851,2.02,65045.227,-2.33,10.579,3.585,1.404,2,2
NC(=O)N1c2ccccc2C=Cc2ccccc21,236.27,236.09,3.39,46.33,73.53,0.0,0.7484,18,1,1,0,3,2,0,3,105.15,0.351,0.323,11.753,-0.474,12,0.6667,0,0,1,0,1,0,1,0,2,596.947,2.305,20630.435,-2.55,10.594,4.036,1.569,0,0
NC(=O)N1c2ccccc2CC(=O)c2ccccc21,252.27,252.09,2.64,63.4,72.64,0.0667,0.783,19,1,2,0,3,2,0,4,110.0,0.351,0.323,12.258,-0.588,12,0.6316,0,0,1,0,1,0,1,0,2,679.351,2.316,29788.971,-2.62,11.469,4.242,1.775,0,0
NC(=O)NC(=O)Cc1ccccc1,178.19,178.07,0.42,72.19,47.87,0.1111,0.6886,13,2,2,2,1,1,0,4,75.74,0.351,0.318,11.011,-0.819,6,0.4615,0,0,0,0,0,0,0,0,3,308.651,2.504,790.2,-1.84,9.25,4.252,3.374,0,0
NC(=O)NCCN1CCN(c2cccc(C(F)(F)F)c2)CC1,316.33,316.15,1.5,61.6,77.68,0.5,0.8847,22,2,3,4,2,1,0,8,126.41,0.416,0.369,12.73,-4.321,6,0.2727,0,0,1,1,1,0,1,1,2,513.055,1.877,69957.393,-1.96,16.411,6.867,4.521,0,0
NC(=O)NO,76.05,76.03,-0.96,75.35,14.51,0.0,0.2566,5,3,2,0,0,0,0,4,28.54,0.35,0.335,9.229,-0.94,0,0.0,0,0,0,0,0,0,0,0,2,42.913,2.847,9.651,-0.77,4.23,1.54,3.23,0,0
NC(=O)OCC(COC(N)=O)c1ccccc1,238.24,238.1,0.96,104.64,60.25,0.2727,0.7965,17,2,4,5,1,1,0,6,98.49,0.449,0.404,10.541,-0.87,6,0.3529,0,0,0,0,0,0,0,0,2,362.318,2.644,5713.814,-2.24,12.828,6.366,4.874,0,0
NC(=O)OCC(O)COc1ccc(Cl)cc1,245.66,245.05,1.18,81.78,58.49,0.3,0.8161,16,2,4,5,1,1,0,6,97.72,0.491,0.404,10.249,-0.925,6,0.375,0,0,0,0,0,0,0,0,1,341.177,2.281,3389.084,-1.46,12.609,6.194,4.858,1,1
NC(=O)OCC1[C@H](NC(=O)/C(=N\OCC(=O)O)c2csc(N)n2)C(=O)N1S(=O)(=O)O,466.41,466.02,-2.88,253.9,96.3,0.3333,0.1064,30,5,12,9,2,1,0,18,170.84,0.479,0.404,12.557,-5.021,5,0.1667,0,0,1,1,2,1,1,1,3,1004.89,2.242,2061919.127,-3.51,22.776,8.881,5.301,2,1
NC(=O)OCCCc1ccccc1,179.22,179.09,1.71,52.32,50.3,0.3,0.7152,13,1,2,4,1,1,0,3,77.51,0.45,0.404,10.211,-0.701,6,0.4615,0,0,0,0,0,0,0,0,1,258.887,2.169,958.583,-1.51,9.577,5.191,4.155,0,0
NC(=O)c1ccc(F)c2c1C[C@@H](N(C1CCC1)C1CCC1)CO2,318.39,318.17,2.64,55.56,85.02,0.6111,0.9283,23,1,3,4,4,1,0,5,135.33,0.489,0.249,14.024,-0.51,6,0.2609,0,0,3,2,1,0,1,0,1,611.693,1.637,134629.454,-1.62,14.94,5.783,2.509,1,0
NC(=O)c1ccccc1O,137.14,137.05,0.49,63.32,36.62,0.0,0.5913,10,2,2,1,1,1,0,3,58.09,0.507,0.252,10.484,-0.613,6,0.6,0,0,0,0,0,0,0,0,1,257.538,3.153,182.238,-1.51,6.608,2.39,1.075,0,0
NC(=O)c1cccnc1,122.13,122.05,0.18,55.98,32.75,0.0,0.5773,9,1,2,1,1,1,0,3,52.52,0.366,0.25,10.383,-0.442,6,0.6667,0,0,0,0,1,1,0,0,1,207.558,2.981,129.225,-1.38,5.751,2.259,1.253,0,0
NC(=O)c1cn(Cc2c(F)cccc2F)nn1,238.2,238.07,0.7,73.8,54.0,0.1,0.855,17,1,4,3,2,2,0,7,94.85,0.364,0.27,13.308,-0.745,11,0.6471,0,0,0,0,1,1,0,0,1,546.934,2.282,8988.223,-2.31,11.184,4.282,2.273,0,0
NC(=O)c1cnccn1,123.11,123.04,-0.42,68.87,30.55,0.0,0.5508,9,1,3,1,1,1,0,4,51.74,0.364,0.268,10.321,-0.553,6,0.6667,0,0,0,0,1,1,0,0,1,208.703,2.981,129.225,-1.45,5.682,2.212,1.218,0,0
NC(=O)c1ncn([C@@H]2O[C@H](CO)[C@@H](O)[C@H]2O)n1,244.21,244.08,-3.01,143.72,51.55,0.625,0.4428,17,4,8,3,2,1,0,9,95.44,0.394,0.288,10.787,-1.269,5,0.2941,0,0,1,1,2,1,1,1,1,421.803,2.195,9343.961,-1.55,11.922,4.373,2.002,4,0
NC(C(=O)N[C@@H]1C(=O)N2C(C(=O)O)=C(CSc3cn[nH]n3)CS[C@H]12)c1ccc(O)cc1,462.51,462.08,0.04,174.53,111.83,0.2778,0.279,31,5,9,7,4,2,0,13,183.99,0.508,0.352,12.721,-1.194,11,0.3548,0,0,2,1,3,1,2,1,2,1042.22,1.448,11272359.275,-3.03,21.212,8.607,4.109,3,1
NC(CO)(CO)CO,121.14,121.07,-2.34,86.71,28.18,1.0,0.3368,8,4,4,3,0,0,0,4,47.56,0.394,0.086,8.34,-1.208,0,0.0,0,0,0,0,0,0,0,0,0,54.039,3.583,52.283,-0.16,7.84,2.985,1.751,0,0
NC(CO)C(=O)NNCc1ccc(O)c(O)c1O,257.25,257.1,-1.76,148.07,61.48,0.3,0.244,18,7,7,5,1,1,0,8,102.64,0.504,0.253,11.16,-1.042,6,0.3333,0,0,0,0,0,0,0,0,1,437.766,2.549,8539.279,-2.03,14.033,6.053,3.231,1,1
NC(Cc1c[nH]c2ccc(O)cc12)C(=O)O,220.23,220.08,0.83,99.34,59.28,0.1818,0.6151,16,4,3,3,2,2,0,5,91.51,0.508,0.32,10.644,-1.033,9,0.5625,0,0,0,0,1,1,0,0,0,533.009,2.375,5230.196,-2.01,10.506,3.862,1.848,1,1
NC(Cc1ccc(N(CCCl)CCCl)cc1)C(=O)O,305.2,304.07,1.93,66.56,79.41,0.4615,0.7202,19,2,3,8,1,1,0,6,122.65,0.48,0.32,10.687,-0.991,6,0.3158,0,0,0,0,0,0,0,0,0,392.135,2.707,15174.025,-0.97,16.085,8.251,5.266,1,1
NC(N)=N/N=C/c1c(Cl)cccc1Cl,231.09,230.01,1.6,76.76,59.87,0.0,0.4603,14,2,2,2,1,1,0,6,91.21,0.369,0.211,5.858,-0.121,6,0.4286,0,0,0,0,0,0,0,0,0,362.678,2.967,1206.461,-1.26,10.818,4.832,2.901,0,0
NC(N)=NC(=O)c1nc(Cl)c(N)nc1N,229.63,229.05,-1.29,159.29,56.01,0.0,0.3441,15,4,5,1,1,1,0,9,89.32,0.382,0.302,11.31,-0.832,6,0.4,0,0,0,0,1,1,0,0,1,439.352,3.211,1562.742,-2.09,10.987,3.964,2.437,0,0
NC(N)=NCC1COC2(CCCCC2)O1,213.28,213.15,0.34,82.86,57.32,0.9,0.5114,15,2,3,2,2,0,0,5,89.81,0.37,0.186,5.9,-0.318,0,0.0,0,0,2,2,1,0,1,1,0,245.052,1.851,3648.919,-0.81,10.699,4.365,2.603,1,1
NC(N)=NCCN1CCCCCCC1,198.31,198.18,0.53,67.64,60.2,0.9,0.5131,14,2,2,3,1,0,0,4,86.35,0.37,0.185,5.273,0.206,0,0.0,0,0,1,1,1,0,1,1,0,166.961,2.167,1330.961,-0.77,11.306,6.649,5.067,0,0
NC(N)=Nc1nc(-c2cccc(N)c2)cs1,233.3,233.07,1.3,103.31,67.43,0.0,0.4129,16,3,4,2,2,2,0,6,96.63,0.399,0.212,5.692,0.008,11,0.6875,0,0,0,0,1,1,0,0,0,527.511,2.351,5729.332,-2.08,10.438,4.195,2.289,0,0
NC(N)=Nc1nc(-c2ccccc2)cs1,218.29,218.06,1.72,77.29,63.02,0.0,0.5948,15,2,3,2,2,2,0,5,91.29,0.37,0.212,5.267,0.031,11,0.7333,0,0,0,0,1,1,0,0,0,471.177,2.324,4126.498,-1.88,9.667,4.1,2.322,0,0
NC(N)=Nc1nc(CSCCC(N)=NS(N)(=O)=O)cs1,337.46,337.04,-0.77,175.83,83.09,0.375,0.2866,20,4,6,7,1,1,0,12,124.29,0.386,0.318,10.649,-3.916,5,0.25,0,0,0,0,1,1,0,0,0,603.342,2.367,18919.819,-1.37,16.684,7.422,7.276,0,0
NC(N)=O,60.06,60.03,-0.98,69.11,13.77,0.0,0.3705,4,2,1,0,0,0,0,3,23.58,0.352,0.309,9.0,-0.833,0,0.0,0,0,0,0,0,0,0,0,2,29.02,2.803,3.245,-0.73,3.27,0.711,0.174,0,0
NC/C(=C/F)CCc1ccc(F)cc1,197.23,197.1,2.57,26.02,52.97,0.2727,0.7883,14,1,1,4,1,1,0,3,82.24,0.327,0.123,12.526,-0.256,6,0.4286,0,0,0,0,0,0,0,0,0,303.568,2.493,1563.317,-1.22,10.858,5.498,3.262,0,0
NC12CC3CC(CC(C3)C1)C2.[Cl-].[H+],187.71,187.11,-0.97,26.02,46.2,1.0,0.5193,12,1,1,0,4,0,0,2,81.98,1.0,1.0,6.321,0.0,0,0.0,1,1,4,4,0,0,0,0,0,160.08,0.0,434.356,0.25,8.831,2.617,1.181,0,0
NC1=NC(=O)C(c2ccccc2)O1,176.17,176.06,0.6,64.68,46.9,0.1111,0.6809,13,1,3,1,2,1,0,4,75.03,0.447,0.296,11.193,-0.652,6,0.4615,0,0,1,0,1,0,1,0,1,359.137,2.264,1451.645,-1.84,7.791,2.895,1.378,1,1
NC1=NC(C(F)(F)F)(C(F)(F)F)NC1(C(F)(F)F)C(F)(F)F,357.1,357.01,2.63,50.41,44.44,0.8571,0.6553,22,2,3,0,1,0,0,15,111.69,0.436,0.385,12.604,-6.673,0,0.0,0,0,1,0,1,0,1,0,0,448.909,3.724,16765.221,-1.41,18.639,4.319,2.161,0,0
NC1CCCC1c1ccccc1,161.25,161.12,2.28,26.02,51.01,0.4545,0.6715,12,1,1,1,2,1,0,1,73.59,0.327,0.011,6.011,0.396,6,0.5,0,0,1,1,0,0,0,0,0,242.441,2.195,1072.901,-0.82,7.81,3.277,1.369,2,2
NC1CONC1=O,102.09,102.04,-1.62,64.35,22.07,0.6667,0.3859,7,2,3,0,1,0,0,4,40.58,0.318,0.262,10.213,-0.458,0,0.0,0,0,1,1,1,0,1,1,1,92.936,2.478,49.54,-0.61,4.546,1.476,0.703,1,1
NC1[C@@H]2CN(c3nc4c(cc3F)c(=O)c(C(=O)O)cn4-c3ccc(F)cc3F)C[C@H]12,416.36,416.11,1.89,101.45,101.34,0.25,0.6764,30,2,6,3,5,3,0,10,166.71,0.477,0.341,14.835,-1.559,16,0.5333,0,0,2,2,3,2,1,1,0,1280.507,1.762,7858767.135,-3.4,18.617,6.297,2.673,3,1
NCC(O)c1ccc(O)c(O)c1,169.18,169.07,0.09,86.71,43.79,0.25,0.4724,12,4,4,2,1,1,0,4,69.88,0.504,0.157,9.227,-0.795,6,0.5,0,0,0,0,0,0,0,0,0,275.006,2.963,497.748,-1.26,8.833,3.424,1.664,1,1
NCC(O)c1cccc(O)c1,153.18,153.08,0.38,66.48,42.12,0.25,0.5752,11,3,3,2,1,1,0,3,65.09,0.508,0.115,9.218,-0.679,6,0.5455,0,0,0,0,0,0,0,0,0,237.289,2.863,328.992,-1.06,8.041,3.366,1.929,1,1
NCC1(CC(=O)O)CCCCC1,171.24,171.13,1.37,63.32,46.83,0.8889,0.6737,12,2,2,3,1,0,0,3,72.95,0.481,0.303,10.576,-0.706,0,0.0,0,0,1,1,0,0,0,0,0,161.911,2.533,491.628,-0.57,9.517,3.896,2.206,0,0
NCC1CC(=O)N(Cc2ccccc2)C1,204.27,204.13,0.99,46.33,59.02,0.4167,0.7979,15,1,2,3,2,1,0,3,89.88,0.338,0.223,11.618,0.231,6,0.4,0,0,1,1,1,0,1,1,1,336.735,1.986,4138.621,-1.35,10.177,4.446,2.361,1,1
NCC1CCC(N)C(OC2C(N)CC(N)C(OC3OC(CO)C(O)C(N)C3O)C2O)O1,451.52,451.26,-5.27,247.94,106.98,1.0,0.1832,31,9,13,6,3,0,0,13,180.26,0.394,0.186,10.969,-1.41,0,0.0,0,0,3,3,2,0,2,2,0,577.068,1.693,6101887.867,-0.52,25.109,10.607,5.354,13,13
NCC1OC(OC2C(N)CC(N)C(OC3OC(CO)C(O)C(N)C3O)C2O)C(N)C(O)C1O,483.52,483.25,-7.33,288.4,109.76,1.0,0.1671,33,11,15,6,3,0,0,15,189.84,0.394,0.186,10.975,-1.478,0,0.0,0,0,3,3,2,0,2,2,0,585.423,1.722,13654838.447,-0.6,26.995,10.984,5.324,15,15
NCC1OC(OC2C(N)CC(N)C(OC3OC(CO)C(O)C(N)C3O)C2O)C(O)C(O)C1O,484.5,484.24,-7.29,282.61,107.79,1.0,0.1669,33,11,15,6,3,0,0,15,189.3,0.394,0.187,10.934,-1.662,0,0.0,0,0,3,3,2,0,2,2,0,584.198,1.722,13654838.447,-0.6,26.995,10.984,5.324,15,15
NCC1OC(OC2C(N)CC(NC(CO)CO)C(OC3OC(CO)C(O)C(N)C3O)C2O)C(N)C(O)C1O,557.6,557.29,-8.34,314.87,126.67,1.0,0.1185,38,13,17,10,3,0,0,17,218.74,0.395,0.186,11.348,-1.558,0,0.0,0,0,3,3,2,0,2,2,0,724.079,1.834,153532073.409,-0.68,31.842,13.79,6.612,15,15
NCCC(O)CNC1CC(N)C(OC2OC(CN)C(O)C(O)C2O)C(O)C1OC1OC(CO)C(O)C(N)C1O,571.63,571.31,-7.95,314.87,131.29,1.0,0.1094,39,13,17,11,3,0,0,17,225.1,0.394,0.187,11.36,-1.697,0,0.0,0,0,3,3,2,0,2,2,0,743.546,1.808,236070919.934,-0.68,32.83,14.474,7.4,16,16
NCCC(Oc1ccc(C(F)(F)F)cc1)c1ccccc1,295.3,295.12,4.17,35.25,74.93,0.25,0.898,21,1,2,5,2,2,0,5,120.9,0.486,0.416,12.51,-4.339,12,0.5714,0,0,0,0,0,0,0,0,0,551.985,2.14,51073.424,-2.01,15.38,6.628,4.226,1,1
NCCCN1c2ccccc2CCc2ccccc21,252.36,252.16,3.27,29.26,80.97,0.2941,0.9081,19,1,2,3,3,2,0,2,114.41,0.341,0.044,5.698,0.737,12,0.6316,0,0,1,0,1,0,1,0,0,515.193,2.078,39529.696,-1.8,12.245,5.453,2.361,0,0
NCCCN1c2ccccc2Sc2ccc(Cl)cc21,290.82,290.06,4.29,29.26,82.69,0.2,0.9141,19,1,3,3,3,2,0,4,122.1,0.34,0.057,6.142,0.696,12,0.6316,0,0,1,0,1,0,1,0,0,600.449,2.077,32190.395,-1.16,12.853,5.451,2.458,0,0
NCCCNCCSP(=O)(O)O,214.23,214.05,-0.25,95.58,51.04,1.0,0.3446,12,4,4,7,0,0,0,7,76.01,0.384,0.33,10.33,-3.869,0,0.0,0,0,0,0,0,0,0,0,0,151.629,3.062,304.991,0.42,12.42,6.885,10.42,0,0
NCC[C@H](O)C(=O)N[C@@H]1C[C@H](N)[C@@H](O[C@H]2O[C@H](CN)CC[C@H]2N)[C@H](O)[C@H]1O[C@H]1O[C@H](CO)[C@@H](O)[C@H](N)[C@H]1O,552.63,552.31,-6.4,297.27,130.61,0.9545,0.12,38,11,15,10,3,0,0,16,220.22,0.394,0.249,12.58,-1.547,0,0.0,0,0,3,3,2,0,2,2,1,755.412,1.821,157711855.481,-1.09,31.438,14.0,7.154,14,0
NCC[C@H](O)C(=O)N[C@@H]1C[C@H](N)[C@@H](O[C@H]2O[C@H](CN)[C@@H](O)[C@H](O)[C@H]2O)[C@H](O)[C@H]1O[C@H]1O[C@H](CO)[C@@H](O)[C@H](N)[C@H]1O,585.61,585.29,-8.42,331.94,131.43,0.9545,0.1131,40,13,17,10,3,0,0,18,229.26,0.394,0.249,12.578,-1.756,0,0.0,0,0,3,3,2,0,2,2,1,815.054,1.848,351840389.643,-1.17,33.334,14.335,7.061,16,0
NCCc1ccc(O)c(O)c1,153.18,153.08,0.6,66.48,42.53,0.25,0.5449,11,3,3,2,1,1,0,3,65.09,0.504,0.157,9.036,-0.092,6,0.5455,0,0,0,0,0,0,0,0,0,247.847,2.865,310.224,-1.22,7.882,3.254,1.848,0,0
NCCc1cn2ccccc2n1,161.21,161.1,0.84,43.32,47.95,0.2222,0.7087,12,1,3,2,2,2,0,3,70.84,0.33,0.136,5.433,0.657,9,0.75,0,0,0,0,2,2,0,0,0,344.909,2.474,1008.383,-1.35,7.307,2.948,1.187,0,0
NCCc1nc(-c2ccccc2)cs1,204.3,204.07,2.31,38.91,60.31,0.1818,0.8329,14,1,3,3,2,2,0,3,87.42,0.33,0.094,5.475,0.668,11,0.7857,0,0,0,0,1,1,0,0,0,394.68,2.252,3038.893,-1.19,9.368,4.351,1.999,0,0
NCCc1nccs1,128.2,128.04,0.64,38.91,34.87,0.4,0.6346,8,1,3,2,1,1,0,3,52.36,0.33,0.094,5.286,0.702,5,0.625,0,0,0,0,1,1,0,0,0,136.149,2.5,107.107,-0.41,5.722,2.791,1.281,0,0
NCCn1ncc2cc(Cl)c(Cl)cc21,230.1,229.02,2.3,43.84,58.81,0.2222,0.8596,14,1,3,2,2,2,0,5,91.4,0.329,0.07,5.912,0.54,9,0.6429,0,0,0,0,1,1,0,0,0,464.27,2.613,2174.509,-0.77,9.772,3.769,1.585,0,0
NC[C@H]1O[C@H](O[C@@H]2[C@@H](N)C[C@@H](N)[C@H](O)[C@H]2O)[C@H](N)[C@@H](O)[C@@H]1O,322.36,322.19,-5.12,203.46,75.16,1.0,0.248,22,8,10,3,2,0,0,10,127.51,0.389,0.176,10.068,-1.31,0,0.0,0,0,2,2,1,0,1,1,0,375.526,2.077,62813.206,-0.4,17.946,7.01,3.261,10,0
NC[C@H]1O[C@H](O[C@@H]2[C@@H](N)C[C@@H](N)[C@H](O[C@H]3O[C@H](CO)[C@@H](O)[C@H](N)[C@H]3O)[C@H]2O)[C@H](N)C[C@@H]1O,467.52,467.26,-6.3,268.17,108.37,1.0,0.174,32,10,14,6,3,0,0,14,185.05,0.394,0.186,10.972,-1.441,0,0.0,0,0,3,3,2,0,2,2,0,607.188,1.699,8788058.807,-0.56,26.052,10.794,5.236,14,0
NCc1ccccc1CC(=O)N[C@@H]1C(=O)N2C(C(=O)O)=C(CSc3nnnn3CC(=O)O)CS[C@H]12,519.57,519.1,-0.71,193.63,123.9,0.35,0.2278,35,4,11,10,4,2,0,15,206.65,0.48,0.352,12.848,-1.258,11,0.3143,0,0,2,1,3,1,2,1,2,1216.075,1.433,65587914.787,-3.43,24.687,10.452,5.156,2,0
NNC(=O)CP(=O)(c1ccccc1)c1ccccc1,274.26,274.09,0.99,72.19,76.96,0.0714,0.3778,19,2,3,4,2,2,0,5,111.53,0.313,0.241,13.269,-2.989,12,0.6316,0,0,0,0,0,0,0,0,1,555.858,2.511,24451.197,-1.9,13.53,5.827,2.922,0,0
NNC(=O)c1ccncc1,137.14,137.06,-0.31,68.01,35.89,0.0,0.3166,10,2,3,1,1,1,0,4,58.04,0.29,0.265,10.75,-0.303,6,0.6,0,0,0,0,1,1,0,0,1,221.694,2.853,237.587,-1.42,6.697,2.932,1.295,0,0
NNCC1CCCCC1,128.22,128.13,1.03,38.05,38.77,1.0,0.4304,9,2,2,2,1,0,0,2,56.78,0.271,0.013,5.209,0.865,0,0.0,0,0,1,1,0,0,0,0,0,64.562,2.078,145.167,-0.08,7.032,3.854,2.328,0,0
NNCCc1ccccc1.O=S(=O)(O)O,234.28,234.07,0.04,112.65,56.51,0.25,0.3335,15,4,4,3,1,1,0,7,88.66,0.394,0.271,8.743,-4.667,6,0.4,0,0,0,0,0,0,0,0,0,344.164,0.0,1324.957,-0.99,14.01,7.321,13.01,0,0
NNCCc1ccccc1.[Cl],171.65,171.07,1.38,38.05,48.19,0.25,0.5329,11,2,2,3,1,1,0,3,73.17,0.271,0.014,5.126,0.0,6,0.5455,0,0,0,0,0,0,0,0,0,176.707,0.0,251.667,-0.57,10.43,6.16,3.985,0,0
NNc1nncc2ccccc12,160.18,160.07,0.92,63.83,47.35,0.0,0.4806,12,2,4,1,2,2,0,4,69.38,0.306,0.17,5.263,0.605,10,0.8333,0,0,0,0,1,1,0,0,0,393.685,2.791,902.114,-1.68,6.995,2.749,0.981,0,0
NS(=O)(=O)Cc1noc2ccccc12,212.23,212.03,0.62,86.19,50.82,0.125,0.79,14,1,4,2,2,2,0,6,80.54,0.356,0.214,10.838,-3.561,9,0.6429,0,0,0,0,1,1,0,0,0,558.725,2.539,1818.134,-1.4,9.167,3.071,1.754,0,0
NS(=O)(=O)c1cc(C(=O)O)c(NCc2ccco2)cc1Cl,330.75,330.01,1.89,122.63,75.82,0.0833,0.7689,21,3,5,5,2,2,0,9,124.92,0.478,0.337,11.349,-4.106,11,0.5238,0,0,0,0,1,1,0,0,0,771.196,2.407,47413.253,-2.03,15.361,5.762,3.542,0,0
NS(=O)(=O)c1cc(C2(O)NC(=O)c3ccccc32)ccc1Cl,338.77,338.01,0.92,109.49,79.73,0.0714,0.756,22,3,4,2,3,2,0,8,131.12,0.363,0.254,11.963,-4.059,12,0.5455,0,0,1,0,1,0,1,0,1,897.466,2.23,86096.454,-1.93,14.985,4.786,2.187,1,1
NS(=O)(=O)c1cc2c(cc1C(F)(F)F)NCNS2(=O)=O,331.3,330.99,0.01,118.36,61.63,0.25,0.67,20,3,5,1,2,1,0,12,111.61,0.417,0.37,12.828,-4.993,6,0.3,0,0,1,0,1,0,1,0,0,770.892,2.868,14085.918,-1.37,15.027,4.311,2.587,0,0
NS(=O)(=O)c1cc2c(cc1Cl)NC(C(Cl)Cl)NS2(=O)=O,380.66,378.9,0.82,118.36,76.05,0.25,0.6564,20,3,5,2,2,1,0,12,130.03,0.366,0.244,12.031,-4.151,6,0.3,0,0,1,0,1,0,1,0,0,763.417,2.674,15328.567,-0.29,16.087,5.164,2.984,1,1
NS(=O)(=O)c1cc2c(cc1Cl)NC=NS2(=O)=O,295.73,294.95,0.13,118.69,62.13,0.0,0.763,17,2,5,1,2,1,0,10,102.4,0.344,0.285,11.547,-4.093,6,0.3529,0,0,1,0,1,0,1,0,0,723.731,2.822,4303.858,-1.16,12.301,3.667,2.137,0,0
NS(=O)(=O)c1cc2c(cc1Cl)NCNS2(=O)=O,297.75,296.96,-0.35,118.36,61.64,0.1429,0.6545,17,3,5,1,2,1,0,10,103.05,0.37,0.244,11.634,-4.069,6,0.3529,0,0,1,0,1,0,1,0,0,683.316,2.79,4303.858,-0.87,12.583,3.818,2.239,0,0
NS(=O)(=O)c1ccc(C(=O)O)cc1,201.2,201.01,0.03,97.46,44.77,0.0,0.7049,13,2,3,2,1,1,0,6,74.85,0.478,0.335,10.744,-3.738,6,0.4615,0,0,0,0,0,0,0,0,0,420.311,3.155,608.478,-1.4,9.686,3.154,2.266,0,0
NS(=O)(=O)c1ccc(N2C(=O)CC(c3ccccc3)C2=O)c(Cl)c1,364.81,364.03,2.03,97.54,89.12,0.125,0.8424,24,1,4,3,3,2,0,8,143.43,0.274,0.241,12.654,-3.919,12,0.5,0,0,1,1,1,0,1,1,2,928.349,1.984,254570.036,-2.22,16.631,6.01,2.932,1,1
NS(=O)(=O)c1ccc(N2CCCCS2(=O)=O)cc1,290.37,290.04,0.26,97.54,68.18,0.4,0.8446,18,1,4,2,2,1,0,8,106.51,0.27,0.238,11.847,-3.747,6,0.3333,0,0,1,1,1,0,1,1,0,634.96,2.352,8674.968,-1.12,13.315,4.523,2.652,0,0
N[C@@H](C(=O)NC1C(=O)N2C(C(=O)O)=C(Cl)CCC12)c1ccccc1.O,367.79,367.09,-0.11,144.23,89.3,0.3125,0.6355,25,3,4,4,3,1,0,9,148.09,0.477,0.353,12.285,-1.246,6,0.24,0,0,2,1,2,0,2,1,2,736.546,0.0,232419.899,-2.42,18.912,7.22,3.234,3,2
N[C@@H](C(=O)N[C@@H]1C(=O)N2C(C(=O)O)=C(Cl)CS[C@H]12)c1ccccc1,367.81,367.04,0.62,112.73,88.91,0.2667,0.6724,24,3,5,4,3,1,0,9,146.37,0.477,0.353,12.276,-1.26,6,0.25,0,0,2,1,2,0,2,1,2,739.495,1.714,232419.899,-2.03,16.815,6.464,2.766,3,0
N[C@@H](Cc1c[nH]c2ccccc12)C(=O)O,204.23,204.09,1.12,79.11,57.61,0.1818,0.7006,15,3,2,3,2,2,0,4,86.71,0.48,0.32,10.626,-0.972,9,0.6,0,0,0,0,1,1,0,0,0,490.049,2.323,3732.536,-1.81,9.734,3.744,1.845,1,0
N[C@@H](Cc1ccc(O)c(O)c1)C(=O)O,197.19,197.07,0.05,103.78,49.09,0.2222,0.5125,14,4,4,3,1,1,0,5,80.41,0.504,0.32,10.419,-1.099,6,0.4286,0,0,0,0,0,0,0,0,0,350.665,2.777,1115.779,-1.75,10.332,3.972,2.367,1,0
N[C@@H]1C[C@H]1c1ccccc1.[Cl-].[H+],169.66,169.07,-1.38,26.02,42.89,0.3333,0.5512,11,1,1,1,2,1,0,2,74.5,1.0,1.0,5.699,0.0,6,0.5,1,1,1,1,0,0,0,0,0,227.23,0.0,495.272,-0.53,8.566,3.245,1.731,2,0
Nc1[nH]c(=O)ncc1F,129.09,129.03,-0.51,71.77,29.23,0.0,0.4952,9,2,3,0,1,1,0,5,49.54,0.383,0.346,12.141,-0.713,6,0.6667,0,0,0,0,1,1,0,0,0,268.76,3.336,104.201,-1.39,5.741,1.848,1.042,0,0
Nc1c2c(nc3ccccc13)CCCC2,198.27,198.12,2.7,38.91,62.8,0.3077,0.7065,15,1,2,0,3,2,0,2,89.13,0.398,0.073,6.2,0.954,10,0.6667,0,0,1,0,1,1,0,0,0,517.17,2.359,4959.094,-1.57,8.715,3.228,1.286,0,0
Nc1c2c(nc3ccccc13)CCCC2O,214.27,214.11,2.19,59.14,64.05,0.3077,0.7063,16,2,3,0,3,2,0,3,93.92,0.398,0.083,9.982,-0.444,10,0.625,0,0,1,0,1,1,0,0,0,550.869,2.362,7083.602,-1.61,9.604,3.455,1.283,1,1
Nc1cc(OCC2CC2)c(C(=O)NC2CN3CCC2CC3)cc1Cl,349.86,349.16,2.54,67.59,94.5,0.6111,0.8015,24,2,4,5,5,1,0,6,147.02,0.492,0.255,12.825,-0.11,6,0.25,0,0,4,4,3,0,3,3,1,639.396,1.502,733007.553,-1.46,16.033,6.448,3.329,1,1
Nc1ccc(-c2nc3ccc(O)cc3s2)cc1I,368.2,367.95,3.86,59.14,83.85,0.0,0.5067,18,2,4,1,3,3,0,5,121.43,0.508,0.124,9.452,0.268,15,0.8333,0,0,0,0,1,1,0,0,0,738.934,2.157,19969.976,-1.34,11.734,4.399,2.035,0,0
Nc1ccc(C(=O)O)c(O)c1,153.14,153.04,0.67,83.55,39.48,0.0,0.5176,11,3,3,1,1,1,0,4,62.89,0.507,0.339,10.332,-1.164,6,0.5455,0,0,0,0,0,0,0,0,0,295.737,3.196,252.107,-1.71,7.398,2.494,1.403,0,0
Nc1ccc(N=Nc2ccccc2)c(N)n1,213.24,213.1,2.66,89.65,63.68,0.0,0.7512,16,2,5,2,2,2,0,5,92.83,0.384,0.153,5.641,0.277,12,0.75,0,0,0,0,1,1,0,0,0,507.038,2.242,5509.675,-2.43,10.1,4.394,2.327,0,0
Nc1ccc(S(=O)(=O)N2CC3CCC(CC3)C2)cc1,280.39,280.12,2.08,63.4,75.06,0.5714,0.8436,19,1,3,2,4,1,0,5,114.2,0.399,0.243,12.655,-3.35,6,0.3158,0,0,3,3,2,0,2,2,0,531.314,1.894,30308.09,-1.07,12.938,4.796,2.49,0,0
Nc1ccc(S(=O)(=O)Nc2ncccn2)cc1,250.28,250.05,0.86,97.97,63.69,0.0,0.7871,17,2,5,3,2,2,0,7,98.58,0.399,0.264,11.881,-3.661,12,0.7059,0,0,0,0,1,1,0,0,0,595.963,2.286,7471.415,-2.15,11.339,4.38,2.698,0,0
Nc1ccc(S(=O)(=O)c2ccc(N)cc2)cc1,248.31,248.06,1.68,86.18,67.16,0.0,0.7916,17,2,4,2,2,2,0,5,99.79,0.399,0.206,12.175,-3.484,12,0.7059,0,0,0,0,0,0,0,0,0,565.06,2.496,6953.463,-2.01,11.475,4.102,2.236,0,0
Nc1cccc(-n2ccccc2=O)c1,186.21,186.08,1.42,48.02,56.45,0.0,0.6845,14,1,3,1,2,2,0,3,81.42,0.399,0.255,11.453,-0.057,12,0.8571,0,0,0,0,1,1,0,0,0,502.391,2.608,2023.102,-2.03,8.563,3.377,1.52,0,0
Nc1ccn([C@@H]2O[C@H](CO)[C@@H](O)[C@@H]2O)c(=O)n1,243.22,243.09,-2.56,130.83,55.92,0.5556,0.4489,17,4,8,2,2,1,0,8,95.9,0.394,0.351,11.511,-1.31,6,0.3529,0,0,1,1,2,1,1,1,0,462.19,2.32,7816.794,-1.48,11.99,4.414,2.026,4,0
Nc1ccn([C@H]2CC[C@@H](CO)O2)c(=O)n1,211.22,211.1,-0.5,90.37,53.14,0.5556,0.6875,15,2,6,2,2,1,0,6,86.31,0.394,0.351,11.451,-0.418,6,0.4,0,0,1,1,2,1,1,1,0,403.834,2.204,3818.108,-1.4,10.129,3.995,2.001,2,0
Nc1nc(/C(=C/CC(=O)O)C(=O)N[C@@H]2C(=O)N3C(C(=O)O)=CCS[C@H]23)cs1.O.O,446.46,446.06,-1.7,225.92,104.73,0.2667,0.2879,29,4,8,6,3,1,0,14,171.25,0.481,0.352,12.645,-1.21,5,0.1724,0,0,2,1,3,1,2,1,2,896.633,0.0,1004655.305,-2.94,24.098,9.508,4.733,2,0
Nc1nc(=O)c2c([nH]1)NCC(CNc1ccc(C(=O)N[C@@H](CCC(=O)[O-])C(=O)[O-])cc1)N2C=O.[Ca+2],511.51,511.11,-3.78,225.5,121.28,0.3,0.1536,35,5,11,10,3,2,0,15,227.83,2.0,0.55,12.288,-1.605,12,0.3429,1,2,1,0,2,1,1,0,2,1155.501,0.0,26473804.913,-3.36,27.881,12.374,7.066,2,1
Nc1nc(=O)c2nc(CNc3ccc(C(=O)N[C@@H](CCC(=O)O)C(=O)O)cc3)cnc2[nH]1,441.4,441.14,-0.04,213.28,111.89,0.2105,0.2589,32,6,9,9,3,3,0,13,179.28,0.481,0.326,12.267,-1.314,16,0.5,0,0,0,0,2,2,0,0,1,1225.059,1.622,10533591.216,-4.55,22.142,9.507,5.53,1,0
Nc1nc(=O)c2ncn(CCC(CO)CO)c2[nH]1,253.26,253.12,-1.31,130.05,64.84,0.5,0.5233,18,4,7,5,2,2,0,8,102.11,0.396,0.302,11.496,-0.471,9,0.5,0,0,0,0,2,2,0,0,0,586.701,2.265,15234.685,-1.93,12.525,5.149,2.337,0,0
Nc1nc(=O)c2ncn(CC[C@@H](O)CO)c2[nH]1,239.23,239.1,-1.55,130.05,60.27,0.4444,0.5104,17,4,7,4,2,2,0,8,95.74,0.394,0.302,11.431,-0.793,9,0.5294,0,0,0,0,2,2,0,0,0,575.505,2.325,8924.119,-1.93,11.552,4.516,2.267,1,0
Nc1nc(=O)c2ncn(COC(CO)CO)c2[nH]1,255.23,255.1,-1.97,139.28,61.61,0.4444,0.4855,18,4,8,5,2,2,0,9,100.85,0.394,0.302,11.456,-0.687,9,0.5,0,0,0,0,2,2,0,0,0,588.146,2.265,15234.685,-1.97,12.486,5.124,2.322,0,0
Nc1nc(=O)c2ncn(COCCO)c2[nH]1,225.21,225.09,-1.33,119.05,55.6,0.375,0.5544,16,3,7,4,2,2,0,8,89.7,0.394,0.302,11.375,-0.479,9,0.5625,0,0,0,0,2,2,0,0,0,546.088,2.361,5884.228,-1.93,10.583,4.289,1.877,0,0
Nc1nc(=S)c2[nH]cnc2[nH]1,167.2,167.03,0.6,83.38,43.49,0.0,0.5015,11,3,4,0,2,2,0,6,66.68,0.369,0.2,5.397,0.287,9,0.8182,0,0,0,0,2,2,0,0,0,441.315,3.024,514.325,-1.43,6.291,2.026,0.874,0,0
Nc1nc(Cl)nc2c1ncn2[C@H]1C[C@H](O)[C@@H](CO)O1,285.69,285.06,-0.3,119.31,66.37,0.5,0.6482,19,3,8,2,3,2,0,9,112.36,0.394,0.226,9.737,-0.734,9,0.4737,0,0,1,1,3,2,1,1,0,618.476,2.023,32508.124,-1.48,12.549,4.566,2.02,3,0
Nc1nc(N)c2nc(-c3ccccc3)c(N)nc2n1,253.27,253.11,0.83,129.62,73.8,0.0,0.5852,19,3,7,1,3,3,0,7,108.07,0.382,0.224,5.903,0.047,16,0.8421,0,0,0,0,2,2,0,0,0,754.868,2.308,27245.264,-2.96,11.149,4.055,1.864,0,0
Nc1nc(NC2CC2)c2ncn([C@H]3C=C[C@@H](CO)C3)c2n1,286.34,286.15,1.09,101.88,79.75,0.5,0.7272,21,3,7,4,4,2,0,7,121.46,0.396,0.224,9.257,0.162,9,0.4286,0,0,2,1,2,2,0,0,0,704.797,1.734,128289.443,-2.15,12.58,4.696,2.229,2,0
Nc1nc2ccc(OC(F)(F)F)cc2s1.[Cl-].[H+],270.66,269.98,-0.11,48.14,51.83,0.125,0.7869,16,1,4,1,2,2,0,8,99.93,1.0,1.0,11.887,-4.677,9,0.5294,1,1,0,0,1,1,0,0,0,504.966,0.0,2390.156,-1.21,12.858,4.343,2.893,0,0
Nc1ncc2ncn(COCCO)c2n1,209.21,209.09,-0.63,99.08,52.77,0.375,0.6506,15,2,7,4,2,2,0,7,85.53,0.394,0.222,8.557,-0.01,9,0.6,0,0,0,0,2,2,0,0,0,455.229,2.231,4089.897,-1.73,9.811,4.197,2.027,0,0
Nc1ncnc2c1ncn2C1OC(CO)C(O)C1O,267.25,267.1,-1.98,139.54,62.74,0.5,0.4905,19,4,9,2,3,2,0,9,106.85,0.394,0.167,9.95,-1.189,9,0.4737,0,0,1,1,3,2,1,1,0,602.618,2.035,35227.092,-1.81,12.235,4.384,1.748,4,4
Nc1nnc(-c2cccc(Cl)c2Cl)c(N)n1,256.1,255.01,2.01,90.71,64.11,0.0,0.8138,16,2,5,1,2,2,0,7,101.4,0.382,0.242,6.025,0.013,12,0.75,0,0,0,0,1,1,0,0,0,543.418,2.633,4372.52,-1.59,10.912,4.112,1.868,0,0
Nn1cnc2cc3ccccc3cc2c1=O,211.22,211.07,1.26,60.91,63.66,0.0,0.4496,16,1,4,0,3,3,0,4,90.92,0.335,0.279,11.77,-0.226,14,0.875,0,0,0,0,1,1,0,0,0,745.918,2.567,7165.831,-2.36,8.909,3.064,1.164,0,0
O.c1cncc(CC2(Cc3ccncc3)c3cccnc3-c3ncccc32)c1,368.44,368.16,3.19,83.06,107.74,0.1304,0.5537,28,0,4,4,5,4,0,5,163.05,0.412,0.093,4.689,-0.225,24,0.8571,0,0,1,0,4,4,0,0,0,994.775,0.0,3761475.182,-3.44,17.948,7.289,2.859,0,0
O=C(/C=C/c1ccc2c(c1)OCO2)N1CCCCC1,259.3,259.12,2.44,38.77,72.03,0.4,0.7657,19,0,3,2,3,1,0,4,112.16,0.454,0.246,11.988,0.095,6,0.3158,0,0,2,1,2,0,2,1,1,504.112,1.664,45795.097,-1.97,12.084,5.344,2.725,0,0
O=C(C1CCCCC1)N1CC(=O)N2CCc3ccccc3C2C1,312.41,312.18,2.53,40.62,87.76,0.5789,0.7994,23,0,2,1,4,1,0,4,137.0,0.332,0.242,12.84,0.05,6,0.2609,0,0,3,2,2,0,2,1,2,621.551,1.568,314436.33,-1.84,14.733,5.987,2.642,1,1
O=C(CC1c2ccccc2C(=O)N1c1ccc2ccc(Cl)nc2n1)N1CCC2(CC1)OCCO2,478.94,478.14,3.74,84.86,125.61,0.36,0.533,34,0,6,3,6,3,0,9,200.98,0.347,0.26,13.42,-0.54,16,0.4706,0,0,3,2,5,2,3,2,2,1282.901,1.291,112627905.005,-3.07,21.462,8.302,3.622,1,1
O=C(CCCN1CC2CCC(CC2)C1)c1ccc(F)cc1,289.39,289.18,3.91,20.31,81.85,0.6111,0.766,21,0,2,5,4,1,0,3,125.89,0.303,0.162,12.845,-0.286,6,0.2857,0,0,3,3,2,0,2,2,0,462.497,1.451,94136.669,-1.22,14.706,6.694,3.909,0,0
O=C(CCCN1CC=C(n2c(=O)[nH]c3ccccc32)CC1)c1ccc(F)cc1,379.44,379.17,3.68,58.1,107.85,0.2727,0.665,28,1,4,6,4,3,0,6,161.65,0.33,0.305,12.943,-0.332,15,0.5357,0,0,1,0,2,1,1,0,0,1079.105,1.34,3607724.491,-2.99,18.377,7.941,3.821,0,0
O=C(CCCN1CCC(C(=O)c2ccc(Cl)cc2)CC1)c1ccc(F)cc1,387.88,387.14,5.04,37.38,104.91,0.3636,0.6246,27,0,3,7,3,2,0,5,163.68,0.303,0.166,12.912,-0.331,12,0.4444,0,0,1,1,1,0,1,1,0,778.21,1.402,1396458.86,-2.04,19.714,9.246,5.47,0,0
O=C(CCCN1CCC(C(=O)c2ccc(F)cc2)CC1)c1ccc(F)cc1,371.43,371.17,4.52,37.38,99.86,0.3636,0.6716,27,0,3,7,3,2,0,5,157.55,0.303,0.166,12.986,-0.343,12,0.4444,0,0,1,1,1,0,1,1,0,776.21,1.402,1396458.86,-2.4,19.364,8.998,5.295,0,0
O=C(CCCN1CCC(O)(c2ccc(Br)cc2)CC1)c1ccc(F)cc1,420.32,419.09,4.53,40.54,103.68,0.381,0.6984,26,1,3,6,3,2,0,5,161.52,0.385,0.162,12.909,-0.763,12,0.4615,0,0,1,1,1,0,1,1,0,737.611,1.445,770962.431,-1.56,19.209,8.42,4.783,0,0
O=C(CCCN1CCC(O)(c2ccc(Cl)c(C(F)(F)F)c2)CC1)c1ccc(F)cc1,443.87,443.13,5.44,40.54,105.99,0.4091,0.4768,30,1,3,6,3,2,0,8,176.81,0.417,0.385,13.109,-4.582,12,0.4,0,0,1,1,1,0,1,1,0,891.001,1.528,3501538.503,-1.96,22.719,9.038,5.39,0,0
O=C(CCCN1CCC(O)(c2ccc(Cl)cc2)CC1)c1ccc(F)cc1,375.87,375.14,4.43,40.54,100.99,0.381,0.7593,26,1,3,6,3,2,0,5,157.95,0.385,0.162,12.905,-0.801,12,0.4615,0,0,1,1,1,0,1,1,0,737.611,1.445,770962.431,-1.75,19.024,8.295,4.697,0,0
O=C(CCCN1CCC(O)(c2cccc(C(F)(F)F)c2)CC1)c1ccc(F)cc1,409.42,409.17,4.79,40.54,100.98,0.4091,0.5509,29,1,3,6,3,2,0,7,166.51,0.416,0.385,12.933,-4.44,12,0.4138,0,0,1,1,1,0,1,1,0,840.636,1.499,2450058.804,-2.25,21.459,8.631,5.424,0,0
O=C(CCCN1CCC(n2c(=O)[nH]c3ccccc32)CC1)c1ccc(F)cc1,381.45,381.19,3.77,58.1,107.23,0.3636,0.6615,28,1,4,6,4,3,0,6,162.34,0.326,0.306,12.948,-0.325,15,0.5357,0,0,1,1,2,1,1,1,0,1014.188,1.285,3607724.491,-2.73,18.625,8.104,3.918,0,0
O=C(CCCN1CCC(n2c(=S)[nH]c3ccccc32)CC1)c1ccc(F)cc1,397.52,397.16,5.14,41.03,111.8,0.3636,0.4626,28,1,4,6,4,3,0,6,168.53,0.331,0.178,12.961,-0.31,15,0.5357,0,0,1,1,2,1,1,1,0,1016.188,1.285,3607724.491,-2.31,19.026,8.369,4.078,0,0
O=C(CCCN1CCC2(CC1)C(=O)NCN2c1ccc(F)cc1)c1ccc(F)cc1,413.47,413.19,3.36,52.65,110.26,0.3913,0.7383,30,1,4,6,4,2,0,7,174.21,0.339,0.247,13.288,-0.599,12,0.4,0,0,2,2,2,0,2,2,1,907.05,1.31,8208107.834,-2.8,20.472,8.516,4.072,0,0
O=C(CCCN1CCC2(CC1)C(=O)NCN2c1ccccc1)c1ccc(F)cc1,395.48,395.2,3.22,52.65,110.3,0.3913,0.7634,29,1,4,6,4,2,0,6,170.05,0.339,0.247,12.984,-0.47,12,0.4138,0,0,2,2,2,0,2,2,1,861.452,1.301,5795498.348,-2.73,19.581,8.331,4.03,0,0
O=C(CCCN1CCN(C(=O)OC2CCCCC2)CC1)c1ccc(F)cc1,376.47,376.22,3.88,49.85,101.33,0.619,0.7073,27,0,4,6,3,1,0,6,160.02,0.446,0.41,12.91,-0.327,6,0.2222,0,0,2,2,1,0,1,1,1,620.819,1.323,1540019.917,-1.95,19.802,9.832,6.026,0,0
O=C(CCCN1CCN(c2cc3ccccc3cn2)CC1)c1ccc(F)cc1,377.46,377.19,4.16,36.44,110.36,0.3043,0.6046,28,0,4,6,4,3,0,5,164.15,0.354,0.162,12.95,-0.31,16,0.5714,0,0,1,1,2,1,1,1,0,949.478,1.245,3552212.28,-2.79,18.568,8.483,4.366,0,0
O=C(CCCN1CCN(c2ccccn2)CC1)c1ccc(F)cc1,327.4,327.17,3.01,36.44,92.85,0.3684,0.7644,24,0,4,6,3,2,0,5,141.47,0.354,0.162,12.873,-0.308,12,0.5,0,0,1,1,2,1,1,1,0,652.072,1.391,400673.668,-2.27,16.583,8.015,4.385,0,0
O=C(CCCN1CCN2CCCC2C1)c1ccc(F)cc1,290.38,290.18,2.57,23.55,81.0,0.5882,0.7788,21,0,3,5,3,1,0,4,125.28,0.3,0.162,12.83,-0.291,6,0.2857,0,0,2,2,2,0,2,2,0,488.068,1.413,104948.381,-1.26,14.668,6.668,3.687,1,1
O=C(CCCN1CCN2Cc3[nH]c4ccccc4c3CC2C1)c1ccc(F)cc1,391.49,391.21,4.01,39.34,112.61,0.375,0.6682,29,1,3,5,5,3,0,5,169.86,0.357,0.162,13.015,-0.301,15,0.5172,0,0,2,1,3,1,2,1,0,1026.287,1.178,8029631.948,-2.5,18.524,7.73,3.723,1,1
O=C(CCCl)NCCc1ccccc1,211.69,211.08,1.97,29.1,58.49,0.3636,0.7419,14,1,1,5,1,1,0,3,89.27,0.356,0.221,11.038,0.024,6,0.4286,0,0,0,0,0,0,0,0,1,273.876,2.189,1652.065,-1.02,11.057,6.436,4.283,0,0
O=C(CCCl)NCc1ccccc1,197.67,197.06,1.93,29.1,53.63,0.3,0.7348,13,1,1,4,1,1,0,3,82.91,0.352,0.221,11.021,-0.001,6,0.4615,0,0,0,0,0,0,0,0,1,260.887,2.31,1015.516,-1.02,10.063,5.596,3.946,0,0
O=C(CCN1CCN(CCO)CC1)N1c2ccccc2Sc2ccc(C(F)(F)F)cc21,451.51,451.15,3.83,47.02,113.74,0.4091,0.7488,31,1,5,5,4,2,0,9,182.98,0.416,0.395,13.323,-4.473,12,0.3871,0,0,2,1,2,0,2,1,1,945.839,1.536,9943904.228,-2.07,22.136,9.197,4.896,0,0
O=C(CCNNC(=O)c1ccncc1)NCc1ccccc1,298.35,298.14,1.02,83.12,82.61,0.1875,0.5263,22,3,4,7,2,2,0,6,128.48,0.352,0.265,11.698,-0.257,12,0.5455,0,0,0,0,1,1,0,0,2,602.058,1.601,118834.965,-2.73,15.655,8.533,5.336,0,0
O=C(CN1CCC23CCCCC2C1Cc1ccc(O)cc13)c1ccccc1,361.49,361.2,4.33,40.54,106.2,0.4583,0.8273,27,1,3,3,5,2,0,3,160.57,0.508,0.176,12.848,0.21,12,0.4444,0,0,3,2,1,0,1,1,0,861.94,1.479,2547027.2,-2.13,17.001,6.487,2.713,3,3
O=C(CN1CCCC1=O)NNC(=O)CN1CCCC1=O,282.3,282.13,-1.62,98.82,67.91,0.6667,0.6053,20,2,4,4,2,0,0,8,115.98,0.333,0.257,11.55,-0.443,0,0.0,0,0,2,2,2,0,2,2,4,397.173,1.66,41427.411,-2.12,14.293,6.355,3.687,0,0
O=C(CN1CC[C@H](c2ccc(F)cc2)[C@@H](COc2ccc3c(c2)OCO3)C1)c1ccc(F)cc1,465.5,465.18,5.06,48.0,122.48,0.2963,0.4567,34,0,5,7,5,3,0,7,196.41,0.493,0.231,13.505,-0.364,18,0.5294,0,0,2,1,2,0,2,1,0,1150.297,1.292,88397484.129,-3.45,22.348,9.81,5.043,2,0
O=C(COc1ccc(Cl)cc1)N1CCN(Cc2ccc3c(c2)OCO3)CC1,388.85,388.12,2.79,51.24,101.37,0.35,0.788,27,0,5,5,4,2,0,7,162.72,0.484,0.26,12.357,0.007,12,0.4444,0,0,2,1,2,0,2,1,1,804.129,1.233,2540542.925,-2.44,17.948,8.065,4.459,0,0
O=C(COc1ccc(Cl)cc1)OCCNC12CC3CC(CC(C3)C1)C2,363.89,363.16,3.82,47.56,96.81,0.65,0.5906,25,1,4,7,5,1,0,5,153.76,0.482,0.344,11.805,-0.331,6,0.24,0,0,4,4,0,0,0,0,0,580.588,1.158,618647.722,-1.26,17.169,7.161,4.118,0,0
O=C(Cc1ccc(C(F)(F)F)cc1)N1CCCC[C@H]1CN1CCCC1,354.42,354.19,3.72,23.55,90.17,0.6316,0.8227,25,0,2,4,3,1,0,6,146.34,0.416,0.338,12.719,-4.337,6,0.24,0,0,2,2,2,0,2,2,1,579.327,1.614,559663.58,-1.56,18.238,7.768,4.747,1,0
O=C(Cc1ccc(Cl)c(Cl)c1)N1CCCC[C@H]1CN1CCCC1,355.31,354.13,4.01,23.55,95.19,0.6111,0.8147,23,0,2,4,3,1,0,5,148.09,0.338,0.227,12.779,0.215,6,0.2609,0,0,2,2,2,0,2,2,1,557.953,1.637,258556.635,-0.77,17.066,7.868,4.402,1,0
O=C(Cc1ccc(Cl)c(Cl)c1)N1CCN(CCO)C[C@@H]1CN1CC[C@@H](O)C1,416.35,415.14,1.11,67.25,106.26,0.6316,0.7276,27,2,5,6,3,1,0,8,169.8,0.395,0.227,12.991,-0.275,6,0.2222,0,0,2,2,2,0,2,2,1,661.087,1.671,1362731.466,-0.89,20.834,9.543,5.56,2,0
O=C(Cc1ccc(Cl)c(Cl)c1)N1CCc2[nH]cnc2[C@H]1CN1CCCC1,393.32,392.12,3.48,52.23,102.59,0.4737,0.8656,26,1,3,4,4,2,0,7,162.84,0.348,0.227,13.073,0.012,11,0.4231,0,0,2,1,3,1,2,1,1,800.587,1.54,1529203.77,-1.56,17.834,7.588,3.612,1,0
O=C(Cc1ccc(Cl)c(Cl)c1)N1CCc2[nH]cnc2[C@H]1CN1CC[C@@H](O)C1,409.32,408.11,2.45,72.46,103.98,0.4737,0.8141,27,2,4,4,4,2,0,8,167.64,0.392,0.227,13.088,-0.285,11,0.4074,0,0,2,1,3,1,2,1,1,840.867,1.534,2123281.371,-1.6,18.749,7.795,3.989,2,0
O=C(Cc1ccc(Cl)c(Cl)c1)N1CCc2ccccc2[C@H]1CN1CCCC1,403.35,402.13,4.76,23.55,110.44,0.4091,0.7352,27,0,2,4,4,2,0,5,170.41,0.334,0.227,13.189,0.128,12,0.4444,0,0,2,1,2,0,2,1,1,832.813,1.567,2364690.952,-1.55,18.797,8.217,4.156,1,0
O=C(Cc1ccc(Cl)c(Cl)c1)N1CCc2occc2[C@H]1CN1CCCC1,393.31,392.11,4.35,36.69,102.71,0.45,0.7751,26,0,3,4,4,2,0,6,163.21,0.469,0.227,13.08,0.061,11,0.4231,0,0,2,1,3,1,2,1,1,798.859,1.54,1529203.77,-1.49,17.901,7.631,3.637,1,0
O=C(Cc1ccc(Cl)c(Cl)c1)N1CCc2occc2[C@H]1CN1CC[C@@H](O)C1,409.31,408.1,3.32,56.92,104.1,0.45,0.8421,27,1,4,4,4,2,0,7,168.0,0.469,0.227,13.095,-0.28,11,0.4074,0,0,2,1,3,1,2,1,1,838.384,1.534,2123281.371,-1.53,18.816,7.838,4.015,2,0
O=C(Cc1ccc(Cl)c(Cl)c1)N1CCc2sccc2[C@H]1CN1CCCC1,409.38,408.08,4.82,23.55,108.32,0.45,0.7231,26,0,3,4,4,2,0,6,168.05,0.334,0.227,13.114,0.165,11,0.4231,0,0,2,1,3,1,2,1,1,800.859,1.54,1529203.77,-1.07,18.301,7.891,3.792,1,0
O=C(Cc1ccc(Cl)c(Cl)c1)N1CCn2ccnc2[C@H]1CN1CCCC1,393.32,392.12,3.41,41.37,102.52,0.4737,0.7997,26,0,4,4,4,2,0,7,163.05,0.331,0.227,13.074,0.007,11,0.4231,0,0,2,1,3,1,2,1,1,800.587,1.54,1529203.77,-1.56,17.834,7.588,3.612,1,0
O=C(Cc1ccc(Cl)c(Cl)c1)N1CCn2ccnc2[C@H]1CN1CC[C@@H](O)C1,409.32,408.11,2.38,61.6,103.91,0.4737,0.8427,27,1,5,4,4,2,0,8,167.85,0.392,0.227,13.089,-0.284,11,0.4074,0,0,2,1,3,1,2,1,1,840.867,1.534,2123281.371,-1.6,18.749,7.795,3.989,2,0
O=C(Cc1ccc(Cl)c(Cl)c1)N1CCn2ncnc2[C@H]1CN1CCCC1,394.31,393.11,2.81,54.26,100.32,0.5,0.8005,26,0,5,4,4,2,0,8,162.24,0.329,0.227,13.053,-0.056,11,0.4231,0,0,2,1,3,1,2,1,1,802.629,1.54,1529203.77,-1.63,17.767,7.545,3.587,1,0
O=C(Cc1cccs1)N[C@@H]1C(=O)N2C(C(=O)O)=C(CSc3ncn[nH]3)CS[C@H]12,437.53,437.03,0.94,128.28,104.81,0.3125,0.4313,28,3,8,7,4,2,0,12,171.53,0.477,0.352,12.595,-1.143,10,0.3571,0,0,2,1,4,2,2,1,2,928.246,1.44,3275781.029,-2.31,19.026,7.972,3.665,2,0
O=C(Cn1ccnc1)c1ccc2ccccc2c1,236.27,236.09,2.92,34.89,70.51,0.0667,0.6552,18,0,3,3,3,3,0,3,104.7,0.33,0.182,12.107,0.096,15,0.8333,0,0,0,0,1,1,0,0,0,686.545,1.916,27832.176,-2.42,10.716,4.45,2.025,0,0
O=C(Cn1cnnn1)N[C@@H]1C(=O)N2C(C(=O)O)=C(CSc3nncs3)CS[C@H]12,440.49,440.01,-0.94,156.09,98.13,0.3846,0.4043,28,2,12,7,4,2,0,15,169.3,0.477,0.352,12.553,-1.162,10,0.3571,0,0,2,1,4,2,2,1,2,931.75,1.44,3275781.029,-2.52,18.825,7.844,3.591,2,0
O=C(NC(=O)c1ccccc1)NC1CCN(Cc2ccc3ccccc3c2)CC1,387.48,387.19,3.94,61.44,114.69,0.25,0.7127,29,2,3,4,4,3,0,5,170.27,0.335,0.321,12.135,-0.424,16,0.5517,0,0,1,1,1,0,1,1,3,995.193,1.243,5574823.136,-3.18,19.15,8.881,5.005,0,0
O=C(NC(CO)C(O)c1ccc([N+](=O)[O-])cc1)C(Cl)Cl,323.13,322.01,0.91,112.7,72.57,0.3636,0.4091,20,3,5,6,1,1,0,9,123.82,0.394,0.269,11.305,-1.326,6,0.3,1,1,0,0,0,0,0,0,1,480.207,2.821,20854.004,-1.41,16.644,7.393,4.309,2,2
O=C(NCCCN1CCOCC1)c1ccc(Cl)cc1,282.77,282.11,1.79,41.57,75.66,0.5,0.8375,19,1,3,5,2,1,0,5,118.23,0.379,0.251,11.819,-0.043,6,0.3158,0,0,1,1,1,0,1,1,1,402.412,1.645,25882.985,-1.1,14.312,7.48,4.82,0,0
O=C(NCCCOc1cccc(CN2CCCCC2)c1)c1ccccc1,352.48,352.22,3.87,41.57,104.46,0.4091,0.7334,26,1,3,8,3,2,0,4,155.72,0.494,0.251,11.955,-0.033,12,0.4615,0,0,1,1,1,0,1,1,1,681.551,1.365,1167569.646,-2.33,18.461,9.974,5.883,0,0
O=C(NCCN1CCC(n2c(=O)[nH]c3cc(Cl)ccc32)CC1)c1ccc(F)cc1,416.88,416.14,3.19,70.13,111.01,0.3333,0.6707,29,2,4,5,4,3,0,8,171.82,0.351,0.326,12.94,-0.359,15,0.5172,0,0,1,1,2,1,1,1,1,1068.47,1.298,5049425.715,-2.64,19.667,8.387,4.357,0,0
O=C(NCCN1CCN(c2ncccn2)CC1)C12CC3CC(CC(C3)C1)C2,369.51,369.25,1.93,61.36,104.3,0.7619,0.8594,27,1,5,5,6,1,0,6,161.28,0.354,0.226,13.021,-0.016,6,0.2222,0,0,5,5,2,1,1,1,1,635.125,1.081,2623403.778,-1.69,17.411,7.042,3.44,0,0
O=C(NCCN1CCOCC1)c1ccc(Cl)cc1,268.74,268.1,1.4,41.57,71.04,0.4615,0.8976,18,1,3,4,2,1,0,5,111.87,0.379,0.251,11.8,-0.056,6,0.3333,0,0,1,1,1,0,1,1,1,388.483,1.723,15656.069,-1.1,13.334,6.731,3.978,0,0
O=C(NCCc1ccc(O)c(O)c1)C12CC3CC(CC(C3)C1)C2,315.41,315.18,2.97,69.56,87.09,0.6316,0.7482,23,3,3,4,5,1,0,4,136.46,0.504,0.226,12.807,-0.105,6,0.2609,0,0,4,4,0,0,0,0,1,589.757,1.358,215609.44,-1.71,14.855,5.43,2.684,0,0
O=C(NCc1ccccc1)OCCO,195.22,195.09,0.91,58.56,51.72,0.3,0.7502,14,2,3,4,1,1,0,4,82.51,0.447,0.407,10.931,-0.511,6,0.4286,0,0,0,0,0,0,0,0,1,273.955,2.237,1717.094,-1.55,10.53,5.988,3.91,0,0
O=C(Nc1ccc(O)cc1)C(Cl)(Cl)Cl,254.5,252.95,2.7,49.33,57.03,0.125,0.5979,14,2,2,1,1,1,0,6,95.58,0.508,0.276,11.149,-1.988,6,0.4286,0,0,0,0,0,0,0,0,1,331.435,2.705,976.971,-0.64,11.435,4.256,3.253,0,0
O=C(Nc1ccccc1)OCC1(COC(=O)Nc2ccccc2)CCCC1,368.43,368.17,5.04,76.66,103.73,0.3333,0.7484,27,2,4,6,3,2,0,6,158.42,0.449,0.411,12.037,-0.499,12,0.4444,0,0,1,1,0,0,0,0,2,683.792,1.48,1921899.63,-3.02,18.762,9.073,5.74,0,0
O=C(O)/C=C/C(=O)O.OCCOCCOCCN1CCN(C(c2ccccc2)c2ccc(Cl)cc2)CC1,535.04,534.21,2.78,119.77,140.89,0.4074,0.263,37,3,7,13,3,2,0,10,222.03,0.478,0.328,9.554,-1.257,12,0.3243,0,0,1,1,1,0,1,1,0,932.987,0.0,125228276.765,-2.79,30.434,17.628,12.335,1,1
O=C(O)/C=C\C(=O)O.O=C(O)/C=C\C(=O)O.c1cc(CN2CCCCC2)cc(OCCCNc2nc3ccccc3s2)c1,613.69,613.21,4.59,186.59,162.61,0.3,0.1415,43,5,9,12,4,3,0,13,252.11,0.494,0.328,9.554,-1.257,15,0.3488,0,0,1,1,2,1,1,1,0,1299.284,0.0,2046173963.023,-4.75,34.451,19.385,15.727,0,0
O=C(O)/C=C\C(=O)O.c1csc(Cc2ccccc2OCC2CNCCO2)c1,405.47,405.12,2.42,105.09,106.08,0.3,0.6077,28,3,6,7,3,2,0,8,166.78,0.491,0.328,9.554,-1.257,11,0.3929,0,0,1,1,2,1,1,1,0,752.763,0.0,2250541.621,-2.68,21.618,11.913,8.341,1,1
O=C(O)C1=C(CSc2nnnn2CS(=O)(=O)O)CS[C@@H]2[C@H](NC(=O)C(O)c3ccccc3)C(=O)N12,542.58,542.03,-0.92,204.91,121.18,0.3333,0.1721,35,4,12,9,4,2,0,17,206.04,0.477,0.352,12.776,-4.4,11,0.3143,0,0,2,1,3,1,2,1,2,1298.318,1.457,52817577.5,-2.99,25.113,9.938,5.324,3,1
O=C(O)C1=C/C(=N\Nc2ccc(S(=O)(=O)Nc3ccccn3)cc2)C=CC1=O,398.4,398.07,1.8,137.82,102.41,0.0,0.3831,28,3,7,6,3,2,0,10,159.72,0.478,0.339,12.345,-3.788,12,0.4286,0,0,1,0,1,1,0,0,0,1104.425,1.72,1798099.974,-3.79,18.985,7.842,4.483,0,0
O=C(O)C1CCN1C12CC3CC(CC(C3)C1)C2,235.33,235.16,2.11,40.54,63.65,0.9286,0.7967,17,1,2,2,5,0,0,3,102.18,0.48,0.32,11.243,-0.591,0,0.0,0,0,5,5,1,0,1,1,0,329.949,1.622,8378.957,-0.57,10.362,3.252,1.348,1,1
O=C(O)CC(O)(CC(=O)O)C(=O)O.O=C1[C@H]2[C@@H]3CC[C@@H](C3)[C@H]2C(=O)N1CCCCN1CCN(c2ncccn2)CC1,575.62,575.26,0.16,201.77,141.54,0.6667,0.2055,41,4,10,11,5,1,0,14,236.51,0.481,0.336,12.731,-2.738,6,0.1463,0,0,4,4,3,1,2,2,2,1097.246,0.0,1248525243.916,-3.65,30.312,12.896,6.987,4,0
O=C(O)CCCCC1SCC2NC(=O)NC21,244.32,244.09,0.8,78.43,61.59,0.8,0.4935,16,3,3,5,2,0,0,6,98.35,0.481,0.315,11.112,-0.729,0,0.0,0,0,2,2,2,0,2,2,2,297.789,1.703,5794.179,-0.91,11.572,4.948,2.607,3,3
O=C(O)CCCCCCCC(=O)O,188.22,188.1,1.89,74.6,47.59,0.7778,0.5702,13,2,2,8,0,0,0,4,77.57,0.481,0.303,10.1,-0.759,0,0.0,0,0,0,0,0,0,0,0,0,146.998,2.996,553.722,-1.06,11.94,7.582,10.94,0,0
O=C(O)CCCCCC[NH2+]C1c2ccccc2CCc2ccccc21.[Cl-],373.92,373.18,0.48,53.91,99.65,0.4091,0.6611,26,2,1,8,3,2,0,4,161.79,1.0,0.303,10.555,-0.682,12,0.4615,1,1,1,0,0,0,0,0,0,669.293,0.0,641529.816,-1.84,20.472,10.343,5.326,0,0
O=C(O)CCCc1ccc(N(CCCl)CCCl)cc1,304.22,303.08,3.38,40.54,80.67,0.5,0.7111,19,1,2,9,1,1,0,5,123.67,0.481,0.303,10.445,-0.743,6,0.3158,0,0,0,0,0,0,0,0,0,375.537,2.554,16338.241,-0.93,16.125,9.05,6.168,0,0
O=C(O)CCc1nc(-c2ccccc2)c(-c2ccccc2)o1,293.32,293.11,4.03,63.33,83.33,0.1111,0.7712,22,1,3,5,3,3,0,4,127.61,0.481,0.303,10.735,-0.86,17,0.7727,0,0,0,0,1,1,0,0,0,706.541,2.043,178573.797,-2.88,14.074,6.263,3.061,0,0
O=C(O)CN1C(=O)c2cccc3cccc(c23)C1=O,255.23,255.05,1.52,74.68,66.95,0.0714,0.8254,19,1,3,2,3,2,0,5,107.61,0.48,0.323,12.191,-1.215,10,0.5263,0,0,1,0,1,0,1,0,2,684.553,2.277,25539.616,-2.69,11.403,3.912,1.589,0,0
O=C(O)CNC(=O)c1ccccc1O,195.17,195.05,0.21,86.63,48.08,0.1111,0.6429,14,3,3,3,1,1,0,5,79.99,0.507,0.322,11.236,-1.131,6,0.4286,0,0,0,0,0,0,0,0,1,361.585,2.7,1277.436,-2.04,10.044,4.268,2.479,0,0
O=C(O)COCCN1CCN(C(c2ccccc2)c2ccc(Cl)cc2)CC1,388.9,388.16,3.15,53.01,106.2,0.381,0.7039,27,1,4,8,3,2,0,6,164.66,0.48,0.329,10.505,-0.923,12,0.4444,0,0,1,1,1,0,1,1,0,715.966,1.629,1515588.772,-1.92,19.831,9.854,5.777,1,1
O=C(O)c1cc(=O)c2cc(OCC(O)COc3cccc4oc(C(=O)O)cc(=O)c34)ccc2o1,468.37,468.07,2.11,173.71,115.88,0.1304,0.3454,34,3,9,8,4,4,0,11,188.54,0.491,0.371,12.317,-1.383,20,0.5882,0,0,0,0,2,2,0,0,0,1530.01,1.442,36390057.018,-4.64,22.55,9.077,4.59,1,1
O=C(O)c1cc(=O)c2ccccc2[nH]1,189.17,189.04,1.23,70.16,51.53,0.0,0.7082,14,2,2,1,2,2,0,4,78.81,0.477,0.352,11.421,-1.132,10,0.7143,0,0,0,0,1,1,0,0,0,556.541,2.856,1815.5,-2.1,8.496,2.991,1.265,0,0
O=C(O)c1cc(=O)c2ccccc2o1,190.15,190.03,1.49,67.51,49.44,0.0,0.7392,14,1,3,1,2,2,0,4,78.4,0.475,0.371,11.381,-1.243,10,0.7143,0,0,0,0,1,1,0,0,0,553.296,2.856,1815.5,-2.1,8.496,2.991,1.265,0,0
O=C(O)c1ccccc1O,138.12,138.03,1.09,57.53,35.07,0.0,0.6103,10,2,2,1,1,1,0,3,57.55,0.507,0.339,10.262,-1.113,6,0.6,0,0,0,0,0,0,0,0,0,254.783,3.153,182.238,-1.51,6.608,2.39,1.075,0,0
O=C(O)c1cn(C2CC2)c2cc(N3CCNCC3)c(F)cc2c1=O,331.35,331.13,1.58,74.57,88.48,0.4118,0.8932,24,2,5,3,4,2,0,7,137.04,0.477,0.341,14.608,-1.275,10,0.4167,0,0,2,2,2,1,1,1,0,882.76,1.949,672746.571,-2.41,15.137,5.592,2.448,0,0
O=C(OC1CN2CCC1CC2)c1ccccc1,231.3,231.13,1.94,29.54,64.81,0.5,0.7284,17,0,3,2,4,1,0,3,101.37,0.457,0.338,11.948,-0.177,6,0.3529,0,0,3,3,3,0,3,3,0,395.943,1.657,14379.988,-1.35,10.782,4.492,2.199,1,1
O=C(OCC(Cl)(Cl)Cl)OCC(Cl)(Cl)Cl,324.8,321.83,3.88,35.53,57.88,0.8,0.571,14,0,3,2,0,0,0,9,110.41,0.508,0.43,10.74,-1.695,0,0.0,0,0,0,0,0,0,0,0,0,174.624,3.679,488.658,1.01,15.01,5.922,11.087,0,0
O=C(OCCN1CCCCC1)C(O)(c1ccccc1)c1ccccc1,339.44,339.18,2.95,49.77,97.13,0.381,0.8223,25,1,4,6,3,2,0,4,148.6,0.462,0.347,12.817,-1.787,12,0.48,0,0,1,1,1,0,1,1,0,626.555,1.738,684758.713,-2.17,17.647,8.276,4.087,0,0
O=C(Oc1ccccc1C(=O)O)c1ccccc1O,258.23,258.05,2.31,83.83,66.47,0.0,0.6516,19,2,4,3,2,2,0,5,108.24,0.507,0.347,11.835,-1.194,12,0.6316,0,0,0,0,0,0,0,0,0,633.238,2.299,20557.436,-2.82,12.632,5.22,2.712,0,0
O=C([O-])P(=O)([O-])[O-].[Na+].[Na+].[Na+],191.95,191.92,-11.74,103.32,13.0,0.0,0.3027,10,0,5,1,0,0,0,9,123.99,1.0,0.807,9.141,-5.432,0,0.0,3,3,0,0,0,0,0,0,0,128.855,0.0,17.086,2.62,22.933,9.706,13.227,0,0
O=C([O-])c1ccccc1Oc1ccccc1,213.21,213.06,1.84,49.36,57.29,0.0,0.7812,16,0,3,3,2,2,-1,3,92.92,0.545,0.136,10.821,-1.244,12,0.75,0,1,0,0,0,0,0,0,0,491.541,2.315,5728.413,-2.29,10.235,4.486,2.2,0,0
O=C(c1cc2ccccc2o1)N1CCN(Cc2ccccc2)CC1,320.39,320.15,3.39,36.69,93.84,0.25,0.7421,24,0,3,3,4,3,0,4,140.83,0.451,0.289,12.648,-0.009,15,0.625,0,0,1,1,2,1,1,1,1,799.981,1.389,673594.643,-2.59,14.968,6.494,3.054,0,0
O=C(c1ccc(F)cc1)C1CCN(CCCN2c3ccccc3Sc3ccc(C(F)(F)F)cc32)CC1,514.59,514.17,7.43,23.55,133.53,0.3214,0.2521,36,0,4,6,5,3,0,8,211.65,0.416,0.34,13.418,-4.391,18,0.5,0,0,2,1,2,0,2,1,0,1237.042,1.219,145758637.579,-2.84,24.837,10.263,5.296,0,0
O=C(c1ccc(F)cc1)C1CCN(CCCn2c(=O)[nH]c3cc(Cl)ccc32)CC1,415.9,415.15,4.11,58.1,112.08,0.3636,0.6163,29,1,4,6,4,3,0,7,172.64,0.326,0.305,13.046,-0.325,15,0.5172,0,0,1,1,2,1,1,1,0,1065.846,1.284,5099068.593,-2.44,19.858,8.512,4.435,0,0
O=C(c1ccc(F)cc1)C1CCN(CCCn2c(=O)[nH]c3ccccc32)CC1,381.45,381.19,3.45,58.1,107.07,0.3636,0.6656,28,1,4,6,4,3,0,6,162.34,0.326,0.306,13.034,-0.319,15,0.5357,0,0,1,1,2,1,1,1,0,1014.188,1.276,3646567.705,-2.73,18.625,8.104,3.918,0,0
O=C(c1ccccc1)c1ccc2n1CCC2C(=O)O,255.27,255.09,2.29,59.3,69.3,0.2,0.8559,19,1,3,3,3,2,0,4,109.84,0.481,0.312,12.375,-0.824,11,0.5789,0,0,1,0,2,1,1,0,0,642.665,1.988,39227.766,-2.36,11.715,4.388,1.852,1,1
O=C(c1ccccn1)N1CCN(Cc2ccccc2)CC1,281.36,281.15,2.04,36.44,81.86,0.2941,0.8636,21,0,3,3,3,2,0,4,124.57,0.335,0.272,12.31,0.037,12,0.5714,0,0,1,1,2,1,1,1,1,577.499,1.545,104293.424,-2.2,13.768,6.501,3.467,0,0
O=C(c1ccccn1)c1cnn2c(-c3ccncc3)ccnc12,301.31,301.1,2.42,73.04,83.89,0.0,0.5433,23,0,6,3,4,4,0,6,131.04,0.287,0.216,12.603,-0.194,21,0.913,0,0,0,0,4,4,0,0,0,979.735,1.871,447489.366,-3.41,13.267,5.416,2.259,0,0
O=C(c1cccnc1)N1CCOCC1,192.22,192.09,0.55,42.43,50.96,0.4,0.6524,14,0,3,1,2,1,0,4,82.5,0.378,0.255,11.83,0.043,6,0.4286,0,0,1,1,2,1,1,1,1,307.158,2.074,2580.414,-1.42,9.147,4.194,1.904,0,0
O=C(c1ccco1)N(c1cnccn1)C1CCN(CCc2ccccc2)CC1,376.46,376.19,3.42,62.47,107.16,0.3182,0.6596,28,0,5,6,4,3,0,6,164.37,0.459,0.295,13.049,-0.159,17,0.6071,0,0,1,1,3,2,1,1,1,860.077,1.415,5419692.578,-2.99,18.377,8.799,4.284,0,0
O=C1C(=O)c2ccccc2C(O)=C1C1CCC(c2ccc(Cl)cc2)CC1,366.84,366.1,5.35,54.37,101.48,0.2727,0.7288,26,1,3,2,4,2,0,4,156.86,0.507,0.234,12.605,-0.545,12,0.4615,0,0,2,1,0,0,0,0,0,903.24,1.581,1130293.622,-2.39,17.045,6.73,2.864,0,0
O=C1C(O)=C(O)OC1C(O)CO,176.12,176.03,-1.41,107.22,35.26,0.5,0.4116,12,4,6,2,1,0,0,6,67.32,0.499,0.325,10.852,-1.44,0,0.0,0,0,1,0,1,0,1,0,0,232.193,2.726,518.6,-1.27,8.823,2.997,1.214,2,2
O=C1C(O)N=C(c2ccccc2F)c2cc(Cl)ccc2N1CCO,348.76,348.07,1.97,73.13,88.94,0.1765,0.8904,24,2,4,3,3,2,0,7,142.18,0.395,0.278,14.237,-1.697,12,0.5,0,0,1,0,1,0,1,0,1,825.233,2.269,290619.928,-2.28,16.573,6.684,2.911,1,1
O=C1C=CC=C/C1=C1/NN=CO1,162.15,162.04,0.46,50.69,43.03,0.0,0.5261,12,1,4,0,2,0,0,4,68.9,0.426,0.226,11.21,-0.078,0,0.0,0,0,2,0,1,0,1,0,0,326.967,2.338,1103.852,-1.84,6.845,2.654,1.029,0,0
O=C1CC(=O)N(c2ccccc2)c2cc(Cl)ccc2N1,286.72,286.05,3.35,49.41,78.29,0.0667,0.8174,20,1,2,1,3,2,0,5,120.51,0.324,0.241,12.321,-0.322,12,0.6,0,0,1,0,1,0,1,0,2,685.528,2.196,46098.818,-2.33,12.691,4.98,2.255,0,0
O=C1CC(c2cccc(Br)c2)C(=O)N1,254.08,252.97,1.58,46.17,54.65,0.2,0.7731,14,1,2,1,2,1,0,4,89.63,0.296,0.234,11.349,-0.319,6,0.4286,0,0,1,1,1,0,1,1,2,402.863,2.314,2012.832,-1.16,9.397,3.534,1.701,1,1
O=C1CC2(CCCC2)CC(=O)N1CCCCN1CCN(c2ncccn2)CC1,385.51,385.25,2.09,69.64,106.77,0.7143,0.5517,28,0,6,6,4,1,0,7,166.66,0.338,0.229,12.51,0.007,6,0.2143,0,0,3,3,3,1,2,2,2,661.296,1.155,3863909.265,-2.02,19.303,8.554,4.346,0,0
O=C1CC2(CCCC2)CC(=O)N1CCCCN1CCN(c2nsc3ccccc23)CC1,440.61,440.22,3.91,56.75,124.36,0.625,0.5036,31,0,6,6,5,2,0,7,187.9,0.353,0.229,12.588,0.007,9,0.2903,0,0,3,3,3,1,2,2,2,923.957,1.048,22651169.844,-1.99,20.887,8.865,4.349,0,0
O=C1CC2(CCCC2)CC(=O)N1CCNCC1COc2ccccc2O1,358.44,358.19,2.13,67.87,96.08,0.6,0.6451,26,1,5,5,4,1,0,6,153.38,0.486,0.229,12.432,-0.07,6,0.2308,0,0,3,2,2,0,2,1,2,664.144,1.217,1375900.049,-2.08,17.34,7.27,3.559,1,1
O=C1CCC(=O)N1CC1CCC2CN(c3ncccn3)CCN2C1,329.4,329.19,0.53,69.64,88.28,0.6471,0.7535,24,0,6,3,4,1,0,7,141.2,0.338,0.229,11.812,0.008,6,0.25,0,0,3,3,4,1,3,3,2,606.667,1.345,559693.888,-2.02,15.504,6.47,3.0,2,2
O=C1CCC(C(=O)NC2CC2c2ccccc2)N1,244.29,244.12,0.94,58.2,66.9,0.4286,0.831,18,2,2,3,3,1,0,4,105.76,0.351,0.242,11.892,-0.325,6,0.3333,0,0,2,2,1,0,1,1,2,471.942,1.536,26570.476,-1.84,11.262,4.442,2.23,3,3
O=C1CCC(N2C(=O)C3C4CCC(C4)C3C2=O)C(=O)N1,276.29,276.11,-0.18,83.55,65.84,0.7143,0.6735,20,1,4,1,4,0,0,6,115.42,0.295,0.249,12.554,-0.78,0,0.0,0,0,4,4,2,0,2,2,4,515.292,1.636,73514.403,-1.72,12.054,3.897,1.391,5,5
O=C1CCC(N2C(=O)c3ccccc3C2=O)C(=O)N1,258.23,258.06,0.09,83.55,63.11,0.2308,0.7234,19,1,4,1,3,1,0,6,107.93,0.295,0.262,12.174,-0.898,6,0.3158,0,0,2,1,2,0,2,1,4,587.824,1.961,29031.023,-2.5,11.583,4.012,1.64,1,1
O=C1CCC(c2ccccc2)(C2CCN(C/C=C/c3ccccc3)CC2)C(=O)N1,388.51,388.22,3.79,49.41,115.14,0.36,0.7932,29,1,3,5,4,2,0,4,172.16,0.3,0.237,13.08,-0.582,12,0.4138,0,0,2,2,2,0,2,2,2,870.211,1.441,5740632.087,-2.72,19.59,8.746,4.176,1,1
O=C1CCC2(CCC(=O)c3ccccc32)C(=O)N1,243.26,243.09,1.34,63.24,64.07,0.3571,0.6992,18,1,3,0,3,1,0,4,104.37,0.296,0.237,12.208,-0.682,6,0.3333,0,0,2,1,1,0,1,1,2,563.912,2.142,16630.247,-1.97,11.139,3.766,1.415,1,1
O=C1CCC2CCC(=O)N12,139.15,139.06,0.3,37.38,34.11,0.7143,0.4524,10,0,2,0,2,0,0,3,59.0,0.279,0.229,10.971,0.035,0,0.0,0,0,2,2,2,0,2,2,2,179.783,2.264,336.115,-0.86,5.89,1.81,0.602,0,0
O=C1CCCN1CCCCN1CCN(c2cc(C(F)(F)F)cc(Cl)n2)CC1,404.86,404.16,3.28,39.68,97.95,0.6667,0.5386,27,0,4,6,3,1,0,9,161.62,0.416,0.354,12.949,-4.431,6,0.2222,0,0,2,2,3,1,2,2,1,662.497,1.435,1231108.928,-1.54,20.201,8.646,5.478,0,0
O=C1CCCN1CCCCN1CCN(c2cc(C(F)(F)F)ccn2)CC1,370.42,370.2,2.63,39.68,92.94,0.6667,0.7221,26,0,4,6,3,1,0,8,151.32,0.416,0.354,12.827,-4.337,6,0.2308,0,0,2,2,3,1,2,2,1,614.699,1.394,885331.622,-1.83,18.946,8.243,4.87,0,0
O=C1CCN=C2CC(c3ccccc3)CN12,214.27,214.11,1.8,32.67,62.43,0.3846,0.7013,16,0,2,1,3,1,0,3,94.79,0.3,0.229,11.698,0.239,6,0.375,0,0,2,1,2,0,2,1,1,438.506,1.856,10031.557,-1.64,9.576,3.74,1.523,1,1
O=C1CCNc2ccc(Cl)cc2N1c1ccccc1,272.74,272.07,3.82,32.34,78.15,0.1333,0.8559,19,1,2,1,3,2,0,4,116.35,0.383,0.233,12.332,0.069,12,0.6316,0,0,1,0,1,0,1,0,1,612.798,2.164,33212.291,-2.0,12.055,4.938,2.291,0,0
O=C1CC[C@@]2(O)[C@H]3Cc4ccc(O)c5c4[C@@]2(CCN3CC2CC2)[C@H]1O5,341.41,341.16,1.53,70.0,89.8,0.65,0.8536,25,2,5,2,6,1,0,5,146.13,0.504,0.174,12.712,-0.94,6,0.24,0,0,5,3,2,0,2,1,0,803.131,1.579,1400624.064,-1.59,14.566,4.383,1.558,4,0
O=C1CC[C@H](C(=O)N2CCCCC2)N1,196.25,196.12,0.28,49.41,51.6,0.8,0.6545,14,1,2,1,2,0,0,4,83.64,0.344,0.245,11.857,-0.236,0,0.0,0,0,2,2,2,0,2,2,2,246.507,1.9,2661.593,-1.06,9.493,3.984,1.886,1,0
O=C1CC[C@H]2[C@H]3Cc4cccc(O)c4[C@@]2(CCN3CC2CC2)C1,311.43,311.19,3.04,40.54,88.54,0.65,0.9125,23,1,3,2,5,1,0,3,137.23,0.508,0.133,12.308,-0.084,6,0.2609,0,0,4,3,1,0,1,1,0,665.606,1.616,528212.901,-1.35,14.032,4.825,2.019,3,0
O=C1CCc2ccc(OCCCCN3CCN(c4cccc(Cl)c4Cl)CC3)cc2N1,448.39,447.15,4.86,44.81,123.24,0.4348,0.615,30,1,4,7,4,2,0,7,187.44,0.494,0.224,11.547,0.081,12,0.4,0,0,2,1,2,0,2,1,1,898.012,1.154,8073775.827,-1.95,21.288,9.905,5.203,0,0
O=C1CN(C(=O)CN2CC(c3ccc(Cl)cc3)CC2=O)CCN1,335.79,335.1,0.61,69.72,84.98,0.4375,0.8798,23,1,3,3,3,1,0,7,138.93,0.353,0.242,12.268,-0.176,6,0.2609,0,0,2,2,2,0,2,2,3,631.963,1.602,211578.772,-2.08,15.802,6.58,3.64,1,1
O=C1CN(O)C(c2ccccc2)=c2cc(Cl)ccc2=N1,286.72,286.05,1.35,52.9,74.68,0.0667,0.8608,20,1,3,1,3,2,0,5,119.76,0.288,0.268,11.703,-0.401,12,0.6,0,0,1,0,1,0,1,0,1,787.266,2.432,46098.818,-2.17,12.843,5.074,2.309,0,0
O=C1CN2C(=O)CCC2N1,140.14,140.06,-0.94,49.41,32.88,0.6667,0.472,10,1,2,0,2,0,0,4,58.19,0.334,0.241,10.935,-0.03,0,0.0,0,0,2,2,2,0,2,2,2,201.924,2.19,317.37,-1.06,5.704,1.713,0.616,1,1
O=C1CN2CCOC2(c2ccccc2Cl)c2cc(Cl)ccc2N1,349.22,348.04,3.48,41.57,89.84,0.2353,0.8572,23,1,3,1,4,2,0,6,143.49,0.35,0.238,12.258,-0.905,12,0.5217,0,0,2,1,2,0,2,1,1,795.913,2.039,274260.51,-1.59,14.968,5.494,2.253,1,1
O=C1CN2CCOC2(c2ccccc2F)c2cc(Br)ccc2N1,377.21,376.02,3.07,41.57,87.48,0.2353,0.8308,23,1,3,1,4,2,0,6,140.92,0.35,0.238,14.608,-1.094,12,0.5217,0,0,2,1,2,0,2,1,1,797.913,2.039,274260.51,-1.76,14.808,5.403,2.207,1,1
O=C1CN2CCOC2(c2ccccc2F)c2cc(Cl)ccc2N1CCO,376.82,376.1,2.35,53.01,95.6,0.3158,0.8931,26,1,4,3,4,2,0,7,155.09,0.395,0.241,14.799,-1.231,12,0.4615,0,0,2,1,2,0,2,1,1,862.428,2.024,1172032.477,-1.99,17.425,6.628,2.527,1,1
O=C1CN=C(C2=CCCCC2)c2cc(Cl)ccc2N1,274.75,274.09,3.58,41.46,78.04,0.3333,0.8355,19,1,2,1,3,1,0,4,116.92,0.324,0.246,11.688,-0.074,6,0.3158,0,0,2,0,1,0,1,0,1,589.808,2.104,32752.467,-1.61,12.425,5.175,2.563,0,0
O=C1CN=C(c2ccccc2)c2cc(Cl)ccc2N1,270.72,270.06,3.13,41.46,77.03,0.0667,0.8498,19,1,2,1,3,2,0,4,115.49,0.324,0.246,11.656,-0.116,12,0.6316,0,0,1,0,1,0,1,0,1,665.101,2.195,32752.467,-2.13,11.932,4.86,2.373,0,0
O=C1CN=C(c2ccccc2)c2cc(Cl)ccc2N1CC(F)(F)F,352.74,352.06,4.09,32.67,86.81,0.1765,0.801,24,0,2,2,3,2,0,7,140.92,0.406,0.301,12.882,-4.51,12,0.5,0,0,1,0,1,0,1,0,1,803.228,2.159,238878.413,-2.34,16.515,6.28,3.432,0,0
O=C1CN=C(c2ccccc2)c2cc(Cl)ccc2N1CC1CC1,324.81,324.1,3.93,32.67,93.48,0.2632,0.8415,23,0,2,3,4,2,0,4,140.15,0.31,0.248,12.588,0.061,12,0.5217,0,0,2,1,1,0,1,0,1,781.212,1.845,475582.635,-2.13,14.462,5.819,2.888,0,0
O=C1CN=C(c2ccccc2)c2cc(Cl)ccc2N1CCOCC1CC1,368.86,368.13,3.95,41.9,104.3,0.3333,0.7243,26,0,3,6,4,2,0,5,157.99,0.379,0.248,12.71,-0.019,12,0.4615,0,0,2,1,1,0,1,0,1,831.16,1.631,2080885.62,-2.17,17.254,7.602,3.815,0,0
O=C1CN=C(c2ccccc2)c2cc([N+](=O)[O-])ccc2N1,281.27,281.08,2.38,84.6,78.67,0.0667,0.6771,21,1,4,2,3,2,0,6,119.84,0.324,0.27,11.689,-0.463,12,0.5714,1,1,1,0,1,0,1,0,1,754.014,2.198,81311.125,-3.02,12.986,5.163,2.508,0,0
O=C1CN=C(c2ccccc2Cl)c2cc(Cl)ccc2N1,305.16,304.02,3.78,41.46,82.04,0.0667,0.8556,20,1,2,1,3,2,0,5,125.79,0.324,0.246,11.708,-0.157,12,0.6,0,0,1,0,1,0,1,0,1,725.563,2.231,47058.94,-1.84,13.157,5.27,2.422,0,0
O=C1CN=C(c2ccccc2Cl)c2cc([N+](=O)[O-])ccc2N1,315.72,315.04,3.04,84.6,83.68,0.0667,0.6825,22,1,4,2,3,2,0,7,130.14,0.324,0.27,11.741,-0.489,12,0.5455,1,1,1,0,1,0,1,0,1,817.43,2.234,116788.422,-2.73,14.218,5.573,2.559,0,0
O=C1CN=C(c2ccccc2F)c2cc(Cl)ccc2N1CC(O)CO,362.79,362.08,2.02,73.13,93.8,0.2222,0.8736,25,2,4,4,3,2,0,7,148.55,0.394,0.248,14.275,-1.095,12,0.48,0,0,1,0,1,0,1,0,1,840.821,2.157,479319.836,-2.28,17.54,7.308,3.558,1,1
O=C1CN=C(c2ccccc2F)c2cc(Cl)ccc2N1CC1CC1,342.8,342.09,4.07,32.67,93.44,0.2632,0.8271,24,0,2,3,4,2,0,5,144.32,0.31,0.248,14.303,-0.356,12,0.5,0,0,2,1,1,0,1,0,1,845.01,1.869,684202.862,-2.2,15.335,6.021,2.822,0,0
O=C1CN=C(c2ccccn2)c2cc(Br)ccc2N1,316.16,315.0,2.63,54.35,77.51,0.0714,0.8792,19,1,3,1,3,2,0,5,118.27,0.324,0.246,11.657,-0.116,12,0.6316,0,0,1,0,2,1,1,0,1,667.646,2.195,32752.467,-2.01,12.046,4.932,2.416,0,0
O=C1CNC(c2ccccc2)=c2c3c(sc2=N1)CCCC3,296.4,296.1,1.53,41.46,83.7,0.2941,0.867,21,1,3,1,4,2,0,4,126.59,0.375,0.266,11.9,-0.083,11,0.5238,0,0,2,0,2,1,1,0,1,820.465,2.085,130426.759,-1.94,12.775,5.114,2.196,0,0
O=C1COC(N2CCN=C(c3ccccc3Cl)c3cc(Cl)ccc32)=N1,374.23,373.04,3.56,54.26,99.15,0.1667,0.7671,25,0,4,1,4,2,0,7,154.1,0.454,0.3,11.472,-0.29,12,0.48,0,0,2,0,2,0,2,0,1,924.287,1.868,758049.232,-2.37,16.118,6.501,3.009,0,0
O=C1CSC2(CCN(CCCN3c4ccccc4Sc4ccc(Cl)cc43)CC2)N1.[Cl-].[H+],482.5,481.08,2.1,35.58,123.76,0.4091,0.7227,30,1,5,4,5,2,0,8,198.54,1.0,1.0,11.608,0.0,12,0.3871,1,1,3,2,3,0,3,2,1,940.722,0.0,7304260.159,-1.05,22.155,9.209,4.438,0,0
O=C1C[C@H]2SC(C3(O)CN4C(=O)C[C@H]4S3)CN12,272.35,272.03,-0.35,60.85,64.16,0.8,0.6615,17,1,5,1,4,0,0,7,106.88,0.376,0.226,11.338,-0.862,0,0.0,0,0,4,4,4,0,4,4,2,431.774,1.52,10332.124,-0.4,10.516,3.129,1.273,4,2
O=C1Cc2cc(CCN3CCN(c4nsc5ccccc45)CC3)c(Cl)cc2N1,412.95,412.11,3.81,48.47,115.76,0.3333,0.7075,28,1,5,4,5,3,0,7,172.61,0.353,0.228,11.566,0.05,15,0.5357,0,0,2,1,3,1,2,1,1,1042.062,1.204,5377534.572,-2.15,17.915,7.351,3.363,0,0
O=C1N(C(O)C(Cl)(Cl)Cl)CNC1(c1ccccc1)c1ccccc1,385.68,384.02,3.01,52.57,94.81,0.2353,0.7987,24,2,3,3,3,2,0,7,154.48,0.369,0.255,13.244,-1.999,12,0.5,0,0,1,1,1,0,1,1,1,680.12,2.104,309707.41,-1.3,17.521,6.542,2.893,1,1
O=C1N(c2ccccc2)c2ccccc2C1(Cc1ccncc1)Cc1ccncc1,391.47,391.17,4.88,46.09,117.59,0.1154,0.4872,30,0,3,5,5,4,0,4,175.42,0.28,0.242,14.188,-0.699,24,0.8,0,0,1,0,3,2,1,0,1,1119.048,1.696,14842720.951,-3.79,18.252,7.56,3.067,0,0
O=C1N=C(NC2CC2)OC1c1ccccc1,216.24,216.09,1.39,50.69,58.87,0.3333,0.8124,16,1,3,2,3,1,0,4,93.33,0.446,0.296,11.635,-0.567,6,0.375,0,0,2,1,1,0,1,0,1,437.592,1.732,11799.725,-1.84,9.391,3.628,1.781,1,1
O=C1NC(=O)C(CC2CCCCN2)(c2ccccc2)C(=O)N1,301.35,301.14,0.82,87.3,80.06,0.4375,0.7215,22,3,4,3,3,1,0,6,128.2,0.328,0.314,12.591,-1.357,6,0.2727,0,0,2,2,2,0,2,2,4,573.913,1.995,123686.738,-2.21,14.716,5.884,2.5,1,1
O=C1NC(=O)C(c2ccccc2)(c2ccccc2)N1,252.27,252.09,1.77,58.2,70.34,0.0667,0.8002,19,2,2,2,3,2,0,4,110.0,0.322,0.316,12.313,-1.139,12,0.6316,0,0,1,1,1,0,1,1,3,583.609,2.231,37379.763,-2.62,11.469,4.242,1.689,0,0
O=C1NC(=O)C2(CCc3ccccc3C2)N1,216.24,216.09,0.75,58.2,57.87,0.3333,0.6287,16,2,2,0,3,1,0,4,93.03,0.323,0.322,11.777,-0.703,6,0.375,0,0,2,1,1,0,1,1,3,483.662,1.983,7186.94,-1.84,9.391,3.074,1.225,1,1
O=C1NC(=O)C2(c3ccc(Cl)cc3)CC12,221.64,221.02,1.25,46.17,54.39,0.2727,0.726,15,1,2,1,3,1,0,4,91.42,0.295,0.238,11.669,-0.582,6,0.4,0,0,2,2,1,0,1,1,2,467.981,2.056,5605.592,-1.35,8.918,2.61,1.012,2,2
O=C1NC(=O)[C@@]2(CCN(C(=O)Cc3ccc(Cl)c(Cl)c3)[C@@H](CN3CCCC3)C2)N1,439.34,438.12,2.2,81.75,109.98,0.55,0.7054,29,2,4,4,4,1,0,9,179.23,0.338,0.322,13.141,-0.915,6,0.2069,0,0,3,3,3,0,3,3,4,843.015,1.516,4565769.816,-1.83,20.443,8.126,4.223,2,0
O=C1NC(CCCl)Oc2ccccc21,211.65,211.04,1.76,38.33,53.66,0.3,0.7576,14,1,2,2,2,1,0,4,87.01,0.47,0.257,11.537,-0.296,6,0.4286,0,0,1,0,1,0,1,0,1,353.73,2.243,2034.329,-1.22,9.339,3.881,1.679,1,1
O=C1NC(c2ccccc2)(c2ccccc2)C(=O)N1COP(=O)(O)O,362.28,362.07,1.55,116.17,87.04,0.125,0.5489,25,3,4,5,3,2,0,9,142.83,0.471,0.315,13.065,-4.831,12,0.48,0,0,1,1,1,0,1,1,3,796.718,2.065,448689.216,-2.51,17.317,6.419,3.202,0,0
O=C1NC2CCCCN2C12CCN(CCCN1c3ccccc3CCc3ccc(Cl)cc31)CC2,479.07,478.25,4.74,38.82,137.82,0.5357,0.6883,34,1,4,4,6,2,0,6,207.6,0.341,0.241,12.95,-0.249,12,0.3529,0,0,4,3,4,0,4,3,1,1064.122,1.121,101630880.584,-2.08,22.388,9.177,3.918,1,1
O=C1NCCCC1N1C(=O)c2ccccc2S1(=O)=O,280.31,280.05,0.11,83.55,65.83,0.3333,0.7911,19,1,4,1,3,1,0,7,110.0,0.354,0.269,12.365,-3.905,6,0.3158,0,0,2,1,2,0,2,1,2,668.062,2.1,26864.271,-1.89,12.16,4.057,1.648,1,1
O=C1NCCN1C1CCN(CCC2COc3ccccc3O2)CC1,331.42,331.19,1.71,54.04,90.54,0.6111,0.9125,24,1,4,4,4,1,0,6,142.25,0.486,0.317,11.759,0.111,6,0.25,0,0,3,2,3,0,3,2,2,586.627,1.215,659542.709,-1.95,15.57,6.888,3.287,1,1
O=C1NCCN1CCN1CCC(c2cn(-c3ccc(F)cc3)c3ccc(Cl)cc23)CC1,440.95,440.18,4.63,40.51,121.63,0.375,0.6281,31,1,3,5,5,3,0,7,185.93,0.336,0.317,13.428,-0.234,15,0.4839,0,0,2,2,3,1,2,2,2,1088.902,1.337,21749923.007,-2.57,20.339,8.518,4.143,0,0
O=C1NCCNC1c1cccs1,182.25,182.05,0.51,41.13,48.07,0.375,0.6641,12,2,3,1,2,1,0,4,74.79,0.353,0.242,11.326,-0.126,5,0.4167,0,0,1,1,2,1,1,1,1,270.595,2.168,1103.852,-0.87,7.762,3.246,1.352,1,1
O=C1NCN(c2ccccc2)C12CCN(CC1COc3ccccc3O1)CC2,379.46,379.19,2.25,54.04,106.69,0.4091,0.8866,28,1,5,3,5,2,0,6,164.58,0.486,0.247,12.753,-0.436,12,0.4286,0,0,3,2,3,0,3,2,1,849.115,1.241,5469990.375,-2.73,17.374,7.019,2.976,1,1
O=C1NCN(c2ccccc2)C12CCN(CCCC(c1ccc(F)cc1)c1ccc(F)cc1)CC2,475.58,475.24,5.31,35.58,134.21,0.3448,0.5034,35,1,3,7,5,3,0,6,205.11,0.339,0.247,13.501,-0.47,18,0.5143,0,0,2,2,2,0,2,2,1,1081.353,1.215,137951036.651,-3.25,23.49,10.162,4.937,0,0
O=C1NCN(c2ccccc2)C12CCN(CCCOc1ccc(F)cc1)CC2,383.47,383.2,3.02,44.81,106.85,0.4091,0.7792,28,1,4,6,4,2,0,6,164.64,0.494,0.247,12.913,-0.428,12,0.4286,0,0,2,2,2,0,2,2,1,789.189,1.274,3878501.414,-2.6,18.749,8.186,3.826,0,0
O=C1NCNC1(c1ccccc1)c1ccccc1,238.29,238.11,1.61,41.13,69.81,0.1333,0.8342,18,2,2,2,3,2,0,3,105.84,0.341,0.25,12.324,-0.761,12,0.6667,0,0,1,1,1,0,1,1,1,511.721,2.199,27670.415,-2.13,10.989,4.274,1.521,0,0
O=C1Nc2ccc(Cl)cc2C(c2ccccc2)=NC1O,286.72,286.05,2.45,61.69,78.17,0.0667,0.8457,20,2,3,1,3,2,0,5,120.28,0.364,0.276,11.737,-1.434,12,0.6,0,0,1,0,1,0,1,0,1,698.275,2.232,48535.897,-2.17,12.843,5.074,2.309,1,1
O=C1Nc2ccc(Cl)cc2C(c2ccccc2Cl)=NC1O,321.16,320.01,3.1,61.69,83.18,0.0667,0.8477,21,2,3,1,3,2,0,6,130.58,0.364,0.276,11.789,-1.498,12,0.5714,0,0,1,0,1,0,1,0,1,759.089,2.269,69580.863,-1.88,14.074,5.484,2.654,1,1
O=C1Nc2ccc(Cl)cc2[C@@](C#CC2CC2)(C(F)(F)F)O1,315.68,315.03,4.07,38.33,69.79,0.3571,0.7328,21,1,2,0,3,1,0,7,122.96,0.445,0.415,13.6,-4.869,6,0.2857,0,0,2,1,1,0,1,0,1,673.022,2.218,81905.162,-1.87,14.084,4.567,2.422,1,0
O=C1Nc2ccc(Cl)nc2C(c2ccccc2Cl)=NC1O,322.15,321.01,2.5,74.58,80.97,0.0714,0.7923,21,2,4,1,3,2,0,7,129.8,0.364,0.276,11.762,-1.538,12,0.5714,0,0,1,0,2,1,1,0,1,761.634,2.269,69580.863,-1.95,14.007,5.443,2.63,1,1
O=C1OC(c2ccc(O)cc2)(c2ccc(O)cc2)c2ccccc21,318.33,318.09,3.56,66.76,87.95,0.05,0.7091,24,2,4,2,4,3,0,4,138.13,0.508,0.34,12.441,-1.102,18,0.75,0,0,1,0,1,0,1,0,0,865.629,2.03,490338.225,-3.27,14.33,5.131,1.966,0,0
O=C1OCCC1C1(O)CCN(CCCN2c3ccccc3Sc3ccc(Cl)cc32)CC1,459.01,458.14,4.72,53.01,123.33,0.4583,0.6539,31,1,6,5,5,2,0,7,191.87,0.465,0.311,11.92,-0.9,12,0.3871,0,0,3,2,3,0,3,2,0,977.047,1.216,18909732.031,-1.73,21.133,8.66,4.186,1,1
O=C1[C@H]2CCCC[C@H]2C(=O)N1CCCCN1CCN(c2nsc3ccccc23)CC1,426.59,426.21,3.37,56.75,119.68,0.6087,0.5236,30,0,6,6,5,2,0,7,181.54,0.353,0.233,12.572,-0.013,9,0.3,0,0,3,3,3,1,2,2,2,896.819,1.064,15661833.074,-1.99,19.943,8.632,3.734,2,0
O=C1[C@H]2[C@H]3C=C[C@H]([C@@H]4C=C[C@@H]43)[C@H]2C(=O)N1CCCCN1CCN(c2ncccn2)CC1,419.53,419.23,1.6,69.64,115.86,0.5833,0.3964,31,0,6,6,7,1,0,7,182.36,0.338,0.233,13.102,-0.109,6,0.1935,0,0,6,3,3,1,2,2,2,883.157,0.985,21954133.573,-2.54,19.168,7.551,3.045,6,0
O=C1c2ccccc2S(=O)(=O)N1CCCCN1CCN(c2ncccn2)CC1.[Cl-].[H+],437.95,437.13,-1.66,86.71,105.7,0.4211,0.4998,29,0,7,6,4,2,0,10,178.04,1.0,1.0,12.539,-3.689,12,0.4,1,1,2,1,3,1,2,1,1,955.652,0.0,3340250.012,-2.23,21.478,9.062,4.363,0,0
O=C1c2ccccc2S(=O)(=O)N1CCCN1CCN(c2ncccn2)CC1,387.47,387.14,0.83,86.71,99.97,0.3889,0.7511,27,0,7,5,4,2,0,9,158.04,0.338,0.269,12.548,-3.703,12,0.4444,0,0,2,1,3,1,2,1,1,927.023,1.296,2044714.761,-2.52,17.872,7.241,3.396,0,0
O=NN(CCCl)C(=O)NC1CCCCC1,233.7,233.09,2.25,61.77,58.63,0.8889,0.46,15,1,3,4,1,0,0,6,94.09,0.34,0.334,11.495,-0.433,0,0.0,0,0,1,1,0,0,0,0,2,219.403,2.342,2621.285,-0.84,12.231,6.608,4.033,0,0
O=NN(CCCl)C(=O)NCCCl,214.05,213.01,1.16,61.77,47.34,0.8,0.4236,12,1,3,5,0,0,0,7,79.94,0.34,0.335,10.927,-0.578,0,0.0,0,0,0,0,0,0,0,0,2,155.629,3.766,417.528,-0.55,11.45,7.118,4.353,0,0
O=P(O)(O)OCC(Cl)(Cl)Cl,229.38,227.89,1.47,66.76,38.29,1.0,0.5556,10,2,2,2,0,0,0,8,72.27,0.469,0.303,9.974,-4.515,0,0.0,0,0,0,0,0,0,0,0,0,147.072,3.674,64.493,0.98,10.98,3.586,8.98,0,0
O=S(=O)([O-])CCS.[Na+],164.18,163.96,-3.53,57.2,28.42,1.0,0.2612,8,1,4,2,0,0,0,6,76.3,1.0,0.748,9.627,-4.001,0,0.0,1,1,0,0,0,0,0,0,0,128.219,0.0,18.142,1.26,11.987,5.077,10.283,0,0
O=S(=O)(c1ccc2cc[nH]c2c1)N1CCCC1CCN1CCC(Oc2cccc(Cl)c2)CC1,488.05,487.17,4.91,65.64,131.37,0.44,0.514,33,1,4,7,5,3,0,8,200.08,0.49,0.243,13.375,-3.493,15,0.4545,0,0,2,2,3,1,2,2,0,1204.337,1.153,54890914.156,-2.06,22.718,9.663,5.064,1,1
O=[N+]([O-])C1=CC=NC1NCCSCc1ccccn1,278.34,278.08,1.48,80.42,75.76,0.3333,0.4639,19,1,6,7,2,1,0,7,114.73,0.286,0.286,10.69,-0.509,6,0.3158,1,1,1,0,2,1,1,0,0,489.763,1.637,31771.821,-1.73,13.696,7.006,4.146,1,1
O=[N+]([O-])C1=CC=NC1NCCSCc1ncccc1Br,357.23,355.99,2.24,80.42,83.46,0.3333,0.4599,20,1,6,7,2,1,0,8,128.6,0.286,0.286,10.722,-0.521,6,0.3,1,1,1,0,2,1,1,0,0,550.014,1.676,46022.65,-1.25,15.145,7.511,4.122,1,1
O=[N+]([O-])c1cc[nH]c1NCCSCc1ccccn1,278.34,278.08,2.66,83.85,76.34,0.25,0.4619,19,2,5,7,2,2,0,7,114.34,0.365,0.31,10.689,-0.403,11,0.5789,1,1,0,0,2,2,0,0,0,529.535,1.695,31771.821,-2.02,13.413,6.79,3.989,0,0
O=c1[nH]c(=O)n([C@H]2C[C@H](O)[C@@H](CO)O2)cc1F,246.19,246.07,-1.68,104.55,52.9,0.5556,0.5776,17,3,6,2,2,1,0,8,94.09,0.394,0.33,13.018,-1.116,6,0.3529,0,0,1,1,2,1,1,1,0,524.853,2.335,7965.509,-1.51,11.96,4.397,2.141,3,0
O=c1[nH]c2cc(Cl)c(Cl)c([N+](=O)[O-])c2[nH]c1=O,276.04,274.95,1.43,108.86,61.86,0.0,0.4661,17,2,4,1,2,2,0,9,102.13,0.316,0.314,11.106,-1.001,10,0.5882,1,1,0,0,1,1,0,0,0,748.744,3.089,5633.84,-1.86,11.62,3.863,1.788,0,0
O=c1[nH]c2cc(Cl)ccc2n1C1CCN(CC2COc3ccccc3O2)CC1,399.88,399.13,3.46,59.49,108.63,0.381,0.7323,28,1,5,3,5,3,0,7,167.17,0.486,0.326,12.479,-0.059,15,0.5357,0,0,2,1,3,1,2,1,0,1052.476,1.24,4759680.885,-2.44,17.644,7.185,3.27,1,1
O=c1[nH]c2cc(Cl)ccc2n1C1CCN(CCCC(c2ccc(F)cc2)c2ccc(F)cc2)CC1,496.0,495.19,6.51,41.03,136.16,0.3214,0.3173,35,1,3,7,5,4,0,7,207.7,0.326,0.305,13.477,-0.258,21,0.6,0,0,1,1,2,1,1,1,0,1294.143,1.208,120574260.416,-2.96,23.767,10.343,5.336,0,0
O=c1[nH]c2cc(Cl)ccc2o1,169.57,168.99,1.77,46.0,41.84,0.0,0.6535,11,1,2,0,2,2,0,4,66.59,0.417,0.408,10.635,-0.456,9,0.8182,0,0,0,0,1,1,0,0,0,442.882,2.921,479.896,-1.22,6.488,2.134,1.032,0,0
O=c1[nH]c2ccccc2c(=O)n1CCCN1CCN(c2cccc(Cl)c2)CC1,398.89,398.15,2.56,61.34,113.55,0.3333,0.7171,28,1,5,5,4,3,0,7,167.51,0.369,0.328,12.571,-0.338,16,0.5714,0,0,1,1,2,1,1,1,0,1083.446,1.337,3091295.662,-2.57,18.778,8.205,3.979,0,0
O=c1[nH]c2ccccc2c(=O)n1CCN1C[C@H]2C[C@H](c3ccc(F)cc3)[C@H]2C1,379.44,379.17,2.56,58.1,106.01,0.3636,0.758,28,1,4,4,5,3,0,6,160.98,0.328,0.307,13.162,-0.352,16,0.5714,0,0,2,2,2,1,1,1,0,1134.967,1.278,3539185.08,-2.73,17.374,6.706,2.883,3,0
O=c1[nH]c2ccccc2n1C1CCN(CCCC(c2ccc(F)cc2)c2ccc(F)cc2)CC1,461.56,461.23,5.86,41.03,131.15,0.3214,0.3747,34,1,3,7,5,4,0,6,197.4,0.326,0.306,13.466,-0.251,21,0.6176,0,0,1,1,2,1,1,1,0,1240.488,1.206,86144371.889,-3.25,22.538,9.935,4.823,0,0
O=c1[nH]c2ccccc2n1C1CCN(CCCc2noc3cc(F)ccc23)CC1,394.45,394.18,3.88,67.06,109.56,0.3636,0.5579,29,1,5,5,5,4,0,7,166.46,0.356,0.326,13.268,-0.308,18,0.6207,0,0,1,1,3,2,1,1,0,1200.444,1.179,8759978.705,-2.93,18.121,7.479,3.463,0,0
O=c1[nH]c2ccccc2n1C1CCN(CCOc2ccccc2)CC1,337.42,337.18,3.05,50.26,99.21,0.35,0.7784,25,1,4,5,4,3,0,5,146.39,0.492,0.326,12.322,0.007,15,0.6,0,0,1,1,2,1,1,1,0,876.598,1.335,1035552.161,-2.53,15.966,7.151,3.464,0,0
O=c1[nH]c2ccccc2n1CCCN1CCC(n2c(=O)[nH]c3cc(Cl)ccc32)CC1,425.92,425.16,3.35,78.82,119.46,0.3636,0.5143,30,2,5,5,5,4,0,8,177.43,0.326,0.306,12.489,-0.065,18,0.6,0,0,1,1,3,2,1,1,0,1306.552,1.208,12343200.703,-2.77,19.209,7.812,3.481,0,0
O=c1[nH]cc(F)c(=O)[nH]1,130.08,130.02,-0.8,65.72,27.64,0.0,0.4826,9,2,2,0,1,1,0,5,48.36,0.325,0.311,11.985,-1.001,6,0.6667,0,0,0,0,1,1,0,0,0,312.834,3.524,104.201,-1.39,5.741,1.848,1.042,0,0
O=c1[nH]oc2c1CCNC2,140.14,140.06,-0.39,58.03,34.74,0.5,0.5158,10,2,3,0,2,1,0,4,57.2,0.382,0.283,10.887,-0.073,5,0.5,0,0,1,0,2,1,1,0,0,286.183,2.547,367.472,-1.03,5.732,1.984,0.69,0,0
O=c1c(Cc2c(O)oc3ccccc3c2=O)c(O)oc2ccccc12,336.3,336.06,2.9,100.88,91.1,0.0526,0.5836,25,2,6,2,4,4,0,6,139.74,0.48,0.289,12.606,-0.587,20,0.8,0,0,0,0,2,2,0,0,0,1135.068,1.946,639441.22,-3.54,15.015,5.521,2.351,0,0
O=c1c(O[C@@H]2O[C@H](CO)[C@@H](O)[C@H](O)[C@H]2O)c(-c2ccc(O)c(O)c2)oc2cc(O)cc(O)c12,464.38,464.1,-0.54,210.51,108.97,0.2857,0.2289,33,8,12,4,4,3,0,12,183.9,0.508,0.239,13.247,-1.854,16,0.4848,0,0,1,1,2,1,1,1,0,1250.204,1.909,19075457.65,-3.55,22.637,8.423,3.899,5,0
O=c1cc[nH]nc1,96.09,96.03,-0.23,45.75,24.86,0.0,0.4845,7,1,2,0,1,1,0,3,40.0,0.288,0.2,10.187,-0.071,6,0.8571,0,0,0,0,1,1,0,0,0,175.386,3.275,47.197,-1.12,4.05,1.552,0.855,0,0
O=c1ccc2ccccc2o1,146.14,146.04,1.79,30.21,42.48,0.0,0.5302,11,0,2,0,2,2,0,2,63.08,0.423,0.336,10.717,-0.302,10,0.9091,0,0,0,0,1,1,0,0,0,428.511,2.935,487.853,-1.57,6.16,2.235,1.026,0,0
O=c1ccn(C2OC(CO)C(O)C2O)c(=O)[nH]1,244.2,244.07,-2.85,124.78,54.33,0.5556,0.4435,17,4,7,2,2,1,0,8,94.72,0.394,0.33,11.446,-1.351,6,0.3529,0,0,1,1,2,1,1,1,0,508.698,2.352,7816.794,-1.48,11.99,4.414,2.026,4,4
O=c1n(CCCN2CCN(c3cccc(Cl)c3)CC2)nc2ccccn12,371.87,371.15,2.36,45.78,104.17,0.3684,0.6904,26,0,6,5,4,3,0,7,156.76,0.369,0.35,12.27,-0.064,15,0.5769,0,0,1,1,3,2,1,1,0,942.253,1.283,1484642.303,-2.31,17.121,7.515,3.614,0,0
O=c1nc[nH]c2c1ncn2[C@H]1CC[C@@H](CO)O1,236.23,236.09,-0.21,93.03,58.38,0.5,0.7521,17,2,6,2,3,2,0,7,96.08,0.394,0.3,11.44,-0.353,9,0.5294,0,0,1,1,3,2,1,1,0,590.494,2.016,16439.154,-1.73,10.426,3.935,1.633,2,0
O=c1ncnc2[nH][nH]cc1-2,136.11,136.04,-0.4,74.43,33.63,0.0,0.517,10,2,3,0,2,0,0,5,55.47,0.306,0.283,10.849,-0.262,9,0.9,0,0,2,0,2,0,2,0,0,362.191,2.93,372.422,-1.65,5.16,1.663,0.54,0,0
OC(Br)(Br)CBr,282.76,279.77,1.82,20.23,36.6,1.0,0.7276,6,1,1,1,0,0,0,4,61.5,0.369,0.184,8.613,-0.917,0,0.0,0,0,0,0,0,0,0,0,0,38.548,3.168,12.165,1.4,7.4,2.645,5.4,0,0
OC(C1=NCCN1)(c1ccc(Cl)cc1)c1ccccn1,287.75,287.08,1.97,57.51,78.99,0.2,0.9074,20,2,4,3,3,2,0,5,121.7,0.372,0.189,11.246,-1.373,12,0.6,0,0,1,0,2,1,1,0,0,627.327,2.15,70805.802,-1.91,13.091,5.228,2.17,1,1
OC(CCCN1CCc2c(c3cc(F)ccc3n2-c2ccc(F)cc2)C1)c1ccc(F)cc1,450.5,450.19,5.92,28.4,122.77,0.2593,0.3951,33,1,3,6,5,4,0,6,190.25,0.388,0.123,14.122,-0.625,21,0.6364,0,0,1,0,2,1,1,0,0,1265.516,1.346,45697649.718,-3.09,21.74,9.041,4.409,1,1
OC(CCN1CCCC1)(c1ccccc1)C1CCCCC1,287.45,287.22,3.94,23.47,87.2,0.6842,0.8864,21,1,2,5,3,1,0,2,128.72,0.385,0.094,11.541,-0.621,6,0.2857,0,0,2,2,1,0,1,1,0,420.452,1.753,128998.603,-0.86,15.052,6.933,3.49,1,1
OC(CCN1CCCCC1)(c1ccccc1)C1CC2C=CC1C2,311.47,311.22,3.96,23.47,94.09,0.619,0.832,23,1,2,5,4,1,0,2,139.75,0.385,0.094,11.775,-0.664,6,0.2609,0,0,3,2,1,0,1,1,0,548.22,1.546,465531.062,-1.12,15.41,6.41,2.991,4,4
OC(CCN1CCCCC1)(c1ccccc1)C1CCCCC1,301.47,301.24,4.33,23.47,91.82,0.7,0.8747,22,1,2,5,3,1,0,2,135.08,0.385,0.094,11.611,-0.626,6,0.2727,0,0,2,2,1,0,1,1,0,434.28,1.727,170166.899,-0.86,16.014,7.609,3.721,1,1
OC(CN1CCCCC1)c1cc(-c2ccccc2)on1,272.35,272.15,2.86,49.5,77.19,0.4375,0.9295,20,1,4,4,3,2,0,4,118.56,0.385,0.167,10.269,-0.575,11,0.55,0,0,1,1,2,1,1,1,0,532.42,1.664,77907.137,-1.65,13.338,6.2,3.083,1,1
OC(Cn1ccnc1)c1ccc(CCc2ccccc2)cc1,292.38,292.16,3.4,38.05,87.48,0.2105,0.7559,22,1,3,6,3,3,0,3,130.44,0.387,0.097,10.243,-0.502,17,0.7727,0,0,0,0,1,1,0,0,0,675.224,1.575,205636.625,-2.39,14.543,7.051,3.831,1,1
OC(Cn1cncn1)(Cn1cncn1)c1ccc(F)cc1F,306.28,306.1,0.74,81.65,70.3,0.2308,0.7515,22,1,7,5,3,3,0,9,123.42,0.381,0.137,14.112,-1.695,16,0.7273,0,0,0,0,2,2,0,0,0,707.748,2.006,150450.595,-2.68,14.265,5.602,2.838,0,0
OC(O)C(Cl)(Cl)Cl,165.4,163.92,0.67,40.46,28.52,1.0,0.409,7,2,2,0,0,0,0,5,55.6,0.365,0.24,8.049,-1.972,0,0.0,0,0,0,0,0,0,0,0,0,56.445,3.541,17.086,0.79,7.79,2.375,3.379,0,0
OC(OCC(COC(O)C(Cl)(Cl)Cl)(COC(O)C(Cl)(Cl)Cl)COC(O)C(Cl)(Cl)Cl)C(Cl)(Cl)Cl,725.7,719.71,4.79,117.84,131.43,1.0,0.1678,33,4,8,12,0,0,0,20,248.39,0.365,0.24,9.89,-2.306,0,0.0,0,0,0,0,0,0,0,0,0,474.176,5.896,2063967.615,3.16,36.16,14.518,14.771,4,4
OC(c1cc(C(F)(F)F)nc2c(C(F)(F)F)cccc12)C1CCCCN1,378.32,378.12,4.45,45.15,82.35,0.4706,0.7594,26,2,3,2,3,2,0,9,144.58,0.433,0.387,13.237,-4.929,10,0.3846,0,0,1,1,2,1,1,1,0,796.165,2.231,489592.467,-1.87,18.907,6.696,3.636,2,2
OC(c1ccccc1)(c1ccccc1)C1CC1c1ccncc1,301.39,301.15,4.12,33.12,90.97,0.1905,0.786,23,1,2,4,4,3,0,2,136.01,0.38,0.118,11.71,-0.948,18,0.7826,0,0,1,1,1,1,0,0,0,731.211,1.763,590911.67,-2.45,14.162,5.636,2.453,2,2
OC(c1ccccc1)(c1ccccc1)C1CCCCN1,267.37,267.16,3.06,32.26,81.52,0.3333,0.8955,20,2,2,3,3,2,0,2,120.02,0.379,0.13,11.516,-0.955,12,0.6,0,0,1,1,1,0,1,1,0,492.359,2.07,65635.362,-1.64,13.348,5.777,2.37,1,1
OC(c1ccccc1)(c1ccccc1)C1CCNCC1,267.37,267.16,2.92,32.26,81.48,0.3333,0.8959,20,2,2,3,3,2,0,2,120.02,0.38,0.117,11.551,-0.884,12,0.6,0,0,1,1,1,0,1,1,0,492.359,2.07,65635.362,-1.64,13.348,5.777,2.37,0,0
OC1(c2ccc(Cl)c(C(F)(F)F)c2)CCN(CCCC(c2ccc(F)cc2)c2ccc(F)cc2)CC1,523.97,523.17,7.53,23.47,129.9,0.3571,0.3235,36,1,2,7,4,3,0,8,211.87,0.417,0.385,13.447,-4.588,18,0.5,0,0,1,1,1,0,1,1,0,1110.553,1.378,84111928.645,-2.48,26.579,10.87,6.253,0,0
OC1(c2ccc(Cl)cc2)c2ccccc2C2=NCCN21,284.75,284.07,2.61,35.83,79.0,0.1875,0.8737,20,1,3,1,4,2,0,4,121.69,0.363,0.193,11.378,-1.142,12,0.6,0,0,2,0,2,0,2,0,0,710.672,1.967,85561.906,-1.84,11.943,4.075,1.419,1,1
OC1(c2cccc(Cl)c2)C2=NCCCN2c2ccccc21,298.77,298.09,3.2,35.83,85.16,0.2353,0.8774,21,1,3,1,4,2,0,4,128.05,0.373,0.174,11.503,-1.206,12,0.5714,0,0,2,0,2,0,2,0,0,743.075,1.998,123731.705,-1.84,12.867,4.583,1.743,1,1
OC1CCN(c2ccc(-c3ccc(Cl)cc3Cl)nn2)CC1,324.21,323.06,3.41,49.25,84.94,0.3333,0.9196,21,1,4,2,3,2,0,6,132.88,0.393,0.151,9.531,-0.193,12,0.5714,0,0,1,1,2,1,1,1,0,625.316,1.804,76391.587,-1.36,14.572,6.178,3.285,0,0
OC1CCN(c2ccc(-c3ccccc3Cl)nn2)CC1,289.77,289.1,2.76,49.25,79.93,0.3333,0.9235,20,1,4,2,3,2,0,5,122.57,0.393,0.151,9.52,-0.179,12,0.6,0,0,1,1,2,1,1,1,0,579.927,1.797,54513.713,-1.65,13.338,5.771,2.762,0,0
OC1OC(COCCOC(O)C(Cl)(Cl)Cl)C(OC2OC(COCCOCCOC(O)C(Cl)(Cl)Cl)CC(OC(O)C(Cl)(Cl)Cl)C2O)C(OCCOCCOC(O)C(Cl)(Cl)Cl)C1O,1136.12,1129.89,2.57,252.37,221.98,1.0,0.0355,61,7,19,27,2,0,0,31,409.87,0.385,0.24,11.411,-2.343,0,0.0,0,0,2,2,2,0,2,2,0,1189.659,2.189,2122782082404.979,2.72,59.843,29.03,23.254,13,13
OCC(O)C(O)C(O)C(O)CO,182.17,182.08,-3.59,121.38,38.2,1.0,0.2613,12,6,6,5,0,0,0,6,69.33,0.394,0.111,8.957,-1.669,0,0.0,0,0,0,0,0,0,0,0,0,104.606,3.985,358.753,-0.24,11.76,5.413,3.015,4,4
OCC1(CO)COC(C(Cl)(Cl)Cl)OC1,265.52,263.97,0.7,58.92,52.59,1.0,0.7218,14,2,4,2,1,0,0,7,96.65,0.396,0.24,9.012,-1.656,0,0.0,0,0,1,1,1,0,1,1,0,179.864,2.53,1073.682,0.71,12.778,4.699,2.854,0,0
OCCC1CCN(CC/C=C2\c3ccc(F)cc3Sc3ccc(C(F)(F)F)cc32)CC1,451.53,451.16,6.23,23.47,114.53,0.4167,0.4657,31,1,3,5,4,2,0,7,183.51,0.416,0.396,13.796,-4.41,12,0.3871,0,0,2,1,2,0,2,1,0,964.537,1.572,9364823.213,-1.83,22.367,9.346,5.156,0,0
OCCCN1CCN(CCCC2c3ccccc3Sc3ccc(Cl)cc32)CC1,417.02,416.17,4.72,26.71,117.68,0.4783,0.7062,28,1,4,7,4,2,0,5,177.23,0.396,0.044,8.999,0.298,12,0.4286,0,0,2,1,2,0,2,1,0,791.922,1.369,3470377.673,-1.04,20.242,9.64,4.744,1,1
OCCCOc1cccc(CN2CCCCC2)c1,249.35,249.17,2.43,32.7,72.77,0.6,0.786,18,1,3,6,2,1,0,3,109.38,0.493,0.119,8.729,0.188,6,0.3333,0,0,1,1,1,0,1,1,0,348.102,1.853,17280.276,-1.06,13.374,7.391,4.315,0,0
OCCN(CCO)c1nc(N2CCCCC2)c2nc(N(CCO)CCO)nc(N3CCCCC3)c2n1,504.64,504.32,-0.02,145.44,140.03,0.75,0.3081,36,4,12,12,4,2,0,12,211.77,0.395,0.228,9.644,-0.077,10,0.2778,0,0,2,2,4,2,2,2,0,879.522,1.938,167591553.566,-2.54,26.521,13.133,6.05,0,0
OCCN1C=CN(CCCN2c3ccccc3C=Cc3ccccc32)C=CC1,373.5,373.22,4.29,29.95,117.08,0.25,0.818,28,1,4,6,4,2,0,4,166.86,0.395,0.061,9.121,0.181,12,0.4286,0,0,2,0,2,0,2,0,0,837.424,1.476,4249746.552,-2.98,18.386,8.806,4.125,0,0
OCCN1CCCN(CCCN2c3ccccc3Sc3cc(C(F)(F)F)ccc32)CC1.[Cl-].[Cl-].[H+].[H+],524.48,523.14,-1.07,29.95,120.44,0.4783,0.5206,33,1,5,6,4,2,0,10,212.46,1.0,1.0,13.223,-4.339,12,0.3429,2,2,2,1,2,0,2,1,0,914.556,0.0,11387003.675,-1.16,28.08,12.516,6.93,0,0
OCCN1CCCN(CCCN2c3ccccc3Sc3ccc(C(F)(F)F)cc32)CC1,451.56,451.19,4.7,29.95,118.21,0.4783,0.6881,31,1,5,6,4,2,0,8,185.18,0.416,0.395,13.349,-4.352,12,0.3871,0,0,2,1,2,0,2,1,0,892.611,1.474,11406874.461,-1.74,22.454,9.813,5.367,0,0
OCCN1CCN(CC/C=C2/c3ccccc3COc3ccc(Cl)cc32)CC1,398.93,398.18,3.66,35.94,113.89,0.3913,0.8333,28,1,4,5,4,2,0,5,171.53,0.488,0.127,9.09,0.246,12,0.4286,0,0,2,1,2,0,2,1,0,844.246,1.523,3600622.25,-1.85,19.466,9.099,4.414,0,0
OCCN1CCN(CC/C=C2/c3ccccc3Sc3ccc(C(F)(F)F)cc32)CC1,434.53,434.16,4.6,26.71,113.67,0.3913,0.635,30,1,4,5,4,2,0,7,178.74,0.416,0.395,13.31,-4.351,12,0.4,0,0,2,1,2,0,2,1,0,920.905,1.547,6669991.191,-1.8,21.433,9.139,4.747,0,0
OCCN1CCN(CC/C=C2/c3ccccc3Sc3ccc(Cl)cc32)CC1,400.98,400.14,4.24,26.71,113.68,0.3636,0.6927,27,1,4,5,4,2,0,5,170.18,0.395,0.056,9.076,0.255,12,0.4444,0,0,2,1,2,0,2,1,0,830.813,1.489,2100937.376,-1.3,19.035,8.803,4.414,0,0
OCCN1CCN(CCCC2c3ccc(F)cc3Sc3ccc(C(F)(F)F)cc32)CC1,454.53,454.17,4.83,26.71,113.01,0.4783,0.6328,31,1,4,6,4,2,0,8,183.59,0.416,0.395,13.811,-4.387,12,0.3871,0,0,2,1,2,0,2,1,0,912.935,1.497,9364823.213,-1.61,22.579,9.484,5.246,1,1
OCCN1CCN(CCCN2c3cc(C(F)(F)F)ccc3Sc3sccc32)CC1,443.56,443.13,4.37,29.95,111.47,0.5,0.7164,29,1,6,6,4,2,0,9,176.46,0.416,0.395,13.253,-4.339,11,0.3793,0,0,2,1,3,1,2,1,0,834.619,1.439,4938500.995,-1.26,20.99,8.851,4.743,0,0
OCCN1CCN(CCCN2c3ccccc3C=Cc3ccccc32)CC1,363.51,363.23,3.31,29.95,113.4,0.3913,0.8528,27,1,4,6,4,2,0,4,161.88,0.395,0.056,9.087,0.266,12,0.4444,0,0,2,1,2,0,2,1,0,731.198,1.422,2556653.039,-2.14,18.234,8.699,4.239,0,0
OCCN1CCN(CCCN2c3ccccc3Sc3cc(Cl)cnc32)CC1,404.97,404.14,3.34,42.84,111.4,0.45,0.7961,27,1,6,6,4,2,0,7,169.48,0.395,0.147,9.071,0.253,12,0.4444,0,0,2,1,3,1,2,1,0,782.327,1.404,2086317.718,-1.31,19.026,8.796,4.41,0,0
OCCN1CCN(CCCN2c3ccccc3Sc3ccc(C(F)(F)F)cc32)CC1,437.53,437.17,4.31,29.95,113.6,0.4545,0.7278,30,1,5,6,4,2,0,8,178.82,0.416,0.395,13.311,-4.351,12,0.4,0,0,2,1,2,0,2,1,0,868.947,1.472,6669991.191,-1.74,21.49,9.177,4.771,0,0
OCCN1CCN(CCCN2c3ccccc3Sc3ccc(Cl)cc32)CC1,403.98,403.15,3.94,29.95,113.61,0.4286,0.7887,27,1,5,6,4,2,0,6,170.26,0.395,0.057,9.078,0.258,12,0.4444,0,0,2,1,2,0,2,1,0,779.772,1.41,2100937.376,-1.24,19.093,8.842,4.438,0,0
OCCN1CCN([C@@H]2C[C@@H](c3ccc(F)cc3)c3ccc(C(F)(F)F)cc32)CC1,408.44,408.18,4.03,26.71,102.14,0.4545,0.7742,29,1,3,4,4,2,0,7,167.1,0.416,0.395,13.365,-4.382,12,0.4138,0,0,2,1,1,0,1,1,0,844.881,1.655,4422971.056,-1.96,20.318,8.048,4.175,2,0
OCCOC1CCN(CCCN2c3ccccc3Sc3ccc(C(F)(F)F)cc32)CC1,452.54,452.17,5.17,35.94,116.13,0.4783,0.6271,31,1,5,7,4,2,0,8,184.54,0.416,0.394,13.329,-4.356,12,0.3871,0,0,2,1,2,0,2,1,0,885.366,1.432,11007387.536,-1.74,22.454,9.813,5.367,0,0
OCCOCCN1CCN(C(c2ccccc2)c2ccc(Cl)cc2)CC1,374.91,374.18,3.06,35.94,105.65,0.4286,0.7203,26,1,4,8,3,2,0,5,160.5,0.394,0.07,8.779,0.091,12,0.4615,0,0,1,1,1,0,1,1,0,642.82,1.66,1096995.479,-1.43,19.335,10.047,5.286,1,1
OCCOCCN1CCN(C2=Nc3ccccc3Sc3ccccc32)CC1,383.52,383.17,2.86,48.3,109.12,0.381,0.8049,27,1,6,5,4,2,0,6,164.21,0.394,0.137,8.795,0.09,12,0.4444,0,0,2,1,2,0,2,1,0,803.519,1.503,2561736.237,-1.86,18.501,8.886,4.353,0,0
OC[C@@H](O)[C@H]1OC2O[C@H](C(Cl)(Cl)Cl)O[C@@H]2[C@H]1O,309.53,307.96,-0.46,88.38,57.8,1.0,0.5982,17,3,6,2,2,0,0,9,111.92,0.394,0.241,9.814,-1.793,0,0.0,0,0,2,2,2,0,2,2,0,284.924,2.012,6966.162,0.63,14.048,4.956,2.653,6,1
OC[C@H]1O[C@@H](n2cnc3c2NC=NC[C@H]3O)C[C@@H]1O,268.27,268.12,-0.99,112.13,65.79,0.6364,0.5478,19,4,8,2,3,1,0,8,108.92,0.394,0.139,9.888,-0.762,5,0.2632,0,0,2,1,3,1,2,1,0,489.04,1.887,35318.154,-1.48,12.549,4.892,2.121,4,0
OCc1ccccc1,108.14,108.06,1.18,20.23,32.36,0.1429,0.5723,8,1,1,1,1,1,0,1,48.59,0.392,0.068,8.538,0.14,6,0.75,0,0,0,0,0,0,0,0,0,145.733,2.832,91.368,-0.82,5.319,2.478,1.074,0,0
OCc1ccccc1O[C@@H]1O[C@H](CO)[C@@H](O)[C@H](O)[C@H]1O,286.28,286.11,-1.64,119.61,66.76,0.5385,0.45,20,5,7,4,2,1,0,7,115.18,0.462,0.229,9.842,-1.493,6,0.3,0,0,1,1,1,0,1,1,0,436.483,2.15,33824.804,-1.22,15.174,6.487,2.927,5,0
OCc1cccnc1,109.13,109.05,0.57,33.12,30.16,0.1667,0.5717,8,1,2,1,1,1,0,2,47.81,0.392,0.07,8.498,0.077,6,0.75,0,0,0,0,1,1,0,0,0,149.875,2.832,91.368,-0.89,5.251,2.426,1.04,0,0
OCc1ncc2n1-c1ccc(Cl)cc1C(c1ccccc1F)=NC2,341.77,341.07,3.51,50.41,90.24,0.1111,0.7752,24,1,4,2,4,3,0,6,142.43,0.388,0.139,14.329,-0.339,17,0.7083,0,0,1,0,2,1,1,0,0,964.648,2.012,495058.132,-2.5,15.053,5.851,2.332,0,0
ON1CC(=NCC2CC2)N=c2ccc(Cl)cc2=C1c1ccccc1,339.83,339.11,2.63,48.19,94.7,0.2632,0.9341,24,1,3,3,4,2,0,5,144.94,0.288,0.146,10.704,0.267,12,0.5,0,0,2,1,1,0,1,0,0,903.954,1.912,748375.913,-2.17,15.363,6.38,3.206,0,0
Oc1ccc2c(c1)C13CCCCC1C(C2)N(CCc1ccccc1)CC3,347.5,347.22,4.69,23.47,105.57,0.5,0.8703,26,1,2,3,5,2,0,2,156.4,0.508,0.115,10.124,0.332,12,0.4615,0,0,3,2,1,0,1,1,0,786.053,1.449,1704648.354,-1.8,16.379,6.421,2.579,3,3
Oc1ccc2c(c1)C13CCCCC1C(C2)NCC3,243.35,243.16,2.74,32.26,71.85,0.625,0.7341,18,2,2,0,4,1,0,2,108.41,0.508,0.115,9.857,0.375,6,0.3333,0,0,3,2,1,0,1,1,0,479.985,1.91,24795.875,-1.02,10.862,3.736,1.326,3,3
Oc1ccc2c(c1)C13CCN(CC4CC4)C(C2)C1CCOC3,299.41,299.19,2.71,32.7,85.12,0.6842,0.9112,22,1,3,2,5,1,0,3,131.82,0.508,0.115,10.0,0.162,6,0.2727,0,0,4,3,2,0,2,2,0,597.098,1.581,376064.997,-1.06,13.385,4.717,1.88,3,3
Oc1ccc2c(c1)[C@@]13CCCC[C@@]1(O)[C@@H](C2)N(CC1CC1)CC3,313.44,313.2,2.98,43.7,89.61,0.7,0.882,23,2,3,2,5,1,0,3,137.87,0.508,0.115,11.879,-0.598,6,0.2609,0,0,4,3,1,0,1,1,0,640.529,1.636,508770.053,-1.06,14.297,4.733,1.896,3,0
Oc1ccc2c(c1)[C@@]13CCCC[C@@]1(O)[C@@H](C2)N(CC1CCC1)CC3,327.47,327.22,3.37,43.7,94.23,0.7143,0.8752,24,2,3,2,5,1,0,3,144.23,0.508,0.115,11.95,-0.603,6,0.25,0,0,4,3,1,0,1,1,0,655.239,1.592,367619.466,-1.06,15.215,5.218,1.915,3,0
Oc1ccc2c3c1OC1C(O)C=CC4C(C2)NCCC341,271.32,271.12,0.86,61.72,72.95,0.5,0.6124,20,3,4,0,5,1,0,4,116.62,0.504,0.165,10.368,-0.595,6,0.3,0,0,4,1,2,0,2,1,0,640.854,1.862,87759.452,-1.52,11.174,3.38,1.045,5,5
Oc1ccc2c3c1OC1C(O)CCC4(O)C(C2)N(CC2CCC2)CCC314,357.45,357.19,1.71,73.16,95.41,0.7143,0.7515,26,3,5,2,6,1,0,5,153.13,0.504,0.165,12.08,-0.884,6,0.2308,0,0,5,3,2,0,2,1,0,777.52,1.521,1324479.298,-1.3,15.728,4.944,1.641,5,5
S=C(NC1CCCCC1)N1CCC(c2c[nH]cn2)CC1,292.45,292.17,2.8,43.95,84.74,0.7333,0.8228,20,2,2,2,3,1,0,5,125.9,0.36,0.169,5.586,0.593,5,0.25,0,0,2,2,2,1,1,1,0,417.092,1.46,79492.718,-1.1,13.864,6.568,3.315,0,0
S=C(NC1CCCCC1)N1CCC(c2cnc[nH]2)CC1,292.45,292.17,2.8,43.95,84.74,0.7333,0.8228,20,2,2,2,3,1,0,5,125.9,0.36,0.169,5.588,0.613,5,0.25,0,0,2,2,2,1,1,1,0,417.092,1.46,79492.718,-1.1,13.864,6.568,3.315,0,0
S=C1NCCC(COc2ccccc2)O1,223.3,223.07,1.73,30.49,62.03,0.3636,0.7905,15,1,3,3,2,1,0,4,94.39,0.49,0.257,5.581,0.068,6,0.4,0,0,1,1,1,0,1,1,0,328.62,1.803,3766.304,-1.29,10.235,4.979,3.093,1,1
S=P(N1CC1)(N1CC1)N1CC1,189.22,189.05,0.16,9.03,49.0,1.0,0.4614,11,0,1,3,3,0,0,5,72.11,0.249,0.145,5.75,-1.269,0,0.0,0,0,3,3,3,0,3,3,0,193.943,1.88,1405.618,0.53,6.984,2.063,1.011,0,0
[C-]#[N+]C(=C\c1ccc(O)cc1)/C(=C/c1ccc(O)cc1)[N+]#[C-],288.31,288.09,4.32,49.18,85.37,0.0,0.6525,22,2,2,3,2,2,0,4,128.09,0.508,0.195,9.259,0.145,12,0.5455,2,2,0,0,0,0,0,0,0,730.651,2.39,94936.995,-3.5,14.9,6.784,3.753,0,0
[CH2-][CH-]C,42.08,42.05,1.04,0.0,15.33,0.3333,0.3552,3,0,0,0,0,0,-2,0,21.47,0.51,0.218,3.361,1.75,0,0.0,0,2,0,0,0,0,0,0,0,0.0,1.633,2.755,0.0,3.0,2.0,0.0,0,0
[Cl].c1ccc(Cn2cc(CCc3ccncc3)c3ccccc32)cc1,347.87,347.13,5.56,17.82,104.98,0.1364,0.4619,25,0,2,5,4,4,0,3,154.11,0.343,0.049,4.097,0.0,21,0.84,0,0,0,0,2,2,0,0,0,930.084,0.0,723343.26,-2.58,17.25,7.997,3.916,0,0
[N-]=[N+]=NCC(=O)N[C@H](CO)[C@H](O)c1ccc([N+](=O)[O-])cc1,295.26,295.09,0.42,161.46,71.09,0.3636,0.2177,21,3,6,7,1,1,0,10,118.34,0.394,0.269,11.363,-1.259,6,0.2857,2,2,0,0,0,0,0,0,1,554.627,2.774,38842.376,-2.68,16.375,7.799,4.729,2,0
[N-]=[N+]=O,44.01,44.0,-0.16,53.47,8.86,0.0,0.2751,3,0,1,0,0,0,0,3,16.76,0.294,0.151,8.111,1.25,0,0.0,1,1,0,0,0,0,0,0,0,23.774,3.266,2.755,-0.69,2.31,1.31,1.31,0,0
c1cc(CN2CCCCC2)cc(OCCCNc2nc3ccccc3o2)c1,365.48,365.21,4.69,50.53,108.18,0.4091,0.5868,27,1,5,8,4,3,0,5,159.89,0.494,0.295,5.923,0.569,15,0.5556,0,0,1,1,2,1,1,1,0,822.395,1.199,3007458.426,-2.53,17.863,8.909,5.01,0,0
c1cc(CN2CCCCC2)cc(OCCCNc2nccs2)c1,331.48,331.17,4.01,37.39,96.29,0.5,0.7417,23,1,5,8,3,2,0,5,142.05,0.494,0.182,5.88,0.728,11,0.4783,0,0,1,1,2,1,1,1,0,567.405,1.382,357508.358,-1.59,16.274,8.89,5.517,0,0
c1cc2c(c(N3CCNCC3)c1)OCCO2,220.27,220.12,0.87,33.73,62.51,0.5,0.7611,16,1,4,1,3,1,0,4,95.15,0.486,0.184,5.721,0.649,6,0.375,0,0,2,1,2,0,2,1,0,375.282,1.928,9581.135,-1.42,9.781,4.215,1.692,0,0
c1ccc(-c2cc(CCC3CCNCC3)c3ccccc3n2)cc1,316.45,316.19,4.83,24.92,101.09,0.3182,0.7452,24,1,2,4,4,3,0,2,143.49,0.317,0.071,4.891,0.86,16,0.6667,0,0,1,1,2,1,1,1,0,804.573,1.668,637358.986,-2.19,15.344,7.144,3.34,0,0
c1ccc(-c2nc(N3CCNCC3)cc3ccccc23)cc1,289.38,289.16,3.31,28.16,92.26,0.2105,0.7843,22,1,3,2,4,3,0,3,130.15,0.354,0.129,4.993,1.013,16,0.7273,0,0,1,1,2,1,1,1,0,777.047,1.893,243737.27,-2.39,13.285,5.776,2.441,0,0
c1ccc(C2(N3CCCCC3)CCCCC2)cc1,243.39,243.2,4.33,3.24,76.63,0.6471,0.7469,18,0,1,2,3,1,0,1,111.19,0.294,0.046,2.811,0.375,6,0.3333,0,0,2,2,1,0,1,1,0,358.456,1.919,26369.591,-0.82,12.226,5.44,2.208,0,0
c1ccc(C2(c3ccccc3)OC[C@H]([C@@H]3CCCCN3)O2)cc1,309.41,309.17,3.45,30.49,90.13,0.4,0.9419,23,1,3,3,4,2,0,3,137.17,0.339,0.222,6.576,-0.785,12,0.5217,0,0,2,2,2,0,2,2,0,583.105,1.677,488125.939,-1.68,14.884,6.439,2.804,2,0
c1ccc(C2CCN(CC3CCCc4c3ccc3c4OCO3)C2)cc1,335.45,335.19,4.32,21.7,98.48,0.4545,0.8335,25,0,3,3,5,2,0,3,149.11,0.454,0.231,5.754,0.376,12,0.48,0,0,3,1,2,0,2,1,0,758.123,1.318,1701221.498,-2.0,15.27,6.379,2.806,2,2
c1ccc(C2CN=C3NCCN32)cc1,187.25,187.11,1.0,27.63,56.19,0.3636,0.71,14,1,3,1,3,1,0,3,83.45,0.354,0.194,4.487,0.459,6,0.4286,0,0,2,1,2,0,2,1,0,358.055,1.888,4379.402,-1.51,7.854,3.012,1.086,1,1
c1ccc(CC2NCCc3c2[nH]c2ccccc32)cc1,262.36,262.15,3.6,27.82,82.89,0.2222,0.7254,20,2,1,2,4,3,0,2,118.38,0.357,0.052,3.653,0.397,15,0.75,0,0,1,0,2,1,1,0,0,727.518,1.745,99955.998,-2.06,11.741,4.802,1.93,1,1
c1ccc(NCCCOc2cccc(CN3CCCCC3)c2)nc1,325.46,325.22,3.95,37.39,98.41,0.45,0.7458,24,1,4,8,3,2,0,4,144.41,0.494,0.125,5.895,0.715,12,0.5,0,0,1,1,2,1,1,1,0,596.843,1.378,472224.2,-2.07,16.776,9.28,5.532,0,0
c1ccc([C@@H]2CN3CCSC3=N2)cc1,204.3,204.07,2.15,15.6,60.65,0.3636,0.6963,14,0,3,1,3,1,0,3,88.02,0.348,0.16,4.726,0.374,6,0.4286,0,0,2,1,2,0,2,1,0,360.81,1.866,4244.964,-0.96,8.357,3.315,1.32,1,0
c1ccc2c(CCC3CCNCC3)c[nH]c2c1,228.34,228.16,3.1,27.82,72.21,0.4667,0.8298,17,2,1,3,3,2,0,2,102.42,0.361,0.046,3.431,0.921,9,0.5294,0,0,1,1,2,1,1,1,0,480.382,1.677,18470.631,-1.28,10.848,4.925,2.367,0,0
c1ccc2c(c1)CCN1CCNCC21,188.27,188.13,1.19,15.27,57.33,0.5,0.6576,14,1,2,0,3,1,0,2,84.92,0.314,0.048,3.483,0.633,6,0.4286,0,0,2,1,2,0,2,1,0,334.849,1.989,3408.808,-0.86,8.449,3.371,1.261,1,1
c1ccc2c(c1)CCc1cccc3c1C2CN1CCCCC31,289.42,289.18,4.46,3.24,90.3,0.4286,0.692,22,0,1,0,5,2,0,1,132.52,0.295,0.035,2.766,0.597,12,0.5455,0,0,3,1,2,0,2,1,0,717.597,1.737,301604.824,-1.6,12.896,4.957,1.815,2,2
c1ccc2c(c1)CCc1ccccc1N2C1CN2CCC1CC2,304.44,304.19,4.02,6.48,95.38,0.4286,0.785,23,0,2,1,6,2,0,2,138.28,0.336,0.05,2.702,0.637,12,0.5217,0,0,4,3,4,0,4,3,0,667.786,1.664,530208.173,-1.8,13.622,5.381,2.196,1,1
c1ccc2c(c1)Sc1ccccc1N2CC1CN2CCC1CC2,322.48,322.15,4.63,6.48,96.67,0.4,0.7957,23,0,3,2,6,2,0,3,142.03,0.339,0.055,2.668,0.807,12,0.5217,0,0,4,3,4,0,4,3,0,675.587,1.516,491282.69,-1.45,13.941,5.57,2.376,1,1
c1ccc2c(c1)cc1n2CCCNC1,186.26,186.12,2.13,16.96,58.26,0.3333,0.6666,14,1,2,0,3,2,0,2,83.54,0.343,0.048,3.444,1.009,9,0.6429,0,0,1,0,2,1,1,0,0,456.29,2.243,3296.351,-1.28,8.064,3.137,1.147,0,0
c1ccc2cc(COC3CCNCC3)ccc2c1,241.33,241.15,3.11,21.26,74.63,0.375,0.8912,18,1,2,3,3,2,0,2,107.96,0.373,0.072,5.978,0.428,10,0.5556,0,0,1,1,1,0,1,1,0,517.241,1.664,24816.528,-1.38,11.696,5.508,2.713,0,0
c1ccc2oc(-c3ccncc3)cc2c1,195.22,195.07,3.49,26.03,59.45,0.0,0.5936,15,0,2,1,3,3,0,2,87.18,0.456,0.135,5.726,0.888,15,1.0,0,0,0,0,2,2,0,0,0,550.553,2.206,6861.297,-2.09,8.237,3.242,1.399,0,0
c1ccccc1,78.11,78.05,1.69,0.0,26.44,0.0,0.4426,6,0,0,0,1,1,0,0,37.43,0.062,0.062,2.0,2.0,6,1.0,0,0,0,0,0,0,0,0,0,71.961,3.0,34.399,-0.78,3.412,1.606,0.582,0,0
c1cnc(N2CCN(Cc3ccc4c(c3)OCO4)CC2)nc1,298.35,298.14,1.53,50.72,82.09,0.375,0.8563,22,0,6,3,4,2,0,6,128.85,0.454,0.231,5.438,0.328,12,0.5455,0,0,2,1,3,1,2,1,0,641.849,1.36,279477.539,-2.34,13.332,5.806,2.693,0,0
