Drug_ID,Drug,Y
official_v15_1,Nc1cccc([N+](=O)[O-])c1CO,0
official_v15_2,O=[N+]([O-])c1cccc(O)c1[N+](=O)[O-],1
official_v15_3,Cc1cc(Cl)ccc1O,0
official_v15_4,CNC(=O)Oc1ccccc1OC(C)C,1
official_v15_5,Cc1cc([N+](=O)[O-])cc([N+](=O)[O-])c1C,0
official_v15_6,Nc1ccc(Cl)cc1Cl,1
official_v15_7,Cc1cccc([N+](=O)[O-])c1C,1
official_v15_8,O=[N+]([O-])c1ccccc1SSC(F)=C(Cl)Cl,1
official_v15_9,CN(Cc1ccc(F)cc1)N=O,1
official_v15_10,Clc1cccc(Cl)c1Cl,0
official_v15_11,N#Cc1cc(I)c(O)c([N+](=O)[O-])c1,0
official_v15_12,OCCOc1ccccc1,0
official_v15_13,CC(C)OC(=O)COc1ccc(Cl)cc1Cl,0
official_v15_14,CCCCCCOC(=O)c1ccccc1,0
official_v15_15,CC(C)C(=O)Nc1ccccc1,0
official_v15_16,Nc1cc(Cl)c(N)c(Cl)c1,1
official_v15_17,Nc1cc(Cl)ccc1Cl,0
official_v15_18,Cc1ccc([N+](=O)[O-])cc1NO,0
official_v15_19,Cc1c(C)c(Br)c(Br)c(Br)c1Br,0
official_v15_20,O=CN(O)c1ccccc1,0
official_v15_21,Nc1cc([N+](=O)[O-])cc(Cl)c1O,1
official_v15_22,O=[N+]([O-])c1cccc(O)c1,1
official_v15_23,O=NN(O)c1ccccc1,1
official_v15_24,CCOc1ccc(N)cc1,1
official_v15_25,CON(C)C(=O)Nc1ccc(Br)cc1,0
official_v15_26,Nc1ccc([N+](=O)[O-])cc1Cl,1
official_v15_27,Nc1cccc(O)c1,1
official_v15_28,C[C@@H](O)c1ccccc1,0
official_v15_29,COP(=S)(OC)Oc1ccc([N+](=O)[O-])cc1,1
official_v15_30,CCOS(=O)(=O)c1ccccc1,1
official_v15_31,O=[N+]([O-])c1cc([N+](=O)[O-])c(Cl)c([N+](=O)[O-])c1,1
official_v15_32,CCO[P@](=S)(CC)Sc1ccccc1,0
official_v15_33,Nc1ccc([N+](=O)[O-])c(N)c1,1
official_v15_34,O=[N+]([O-])c1cccc([N+](=O)[O-])c1,1
official_v15_35,Cc1ccccc1C(=O)O,0
official_v15_36,Brc1ccccc1,0
official_v15_37,Cc1cc(N)c(S(=O)(=O)O)cc1Cl,0
official_v15_38,Nc1ccc(O)c(N)c1,1
official_v15_39,O=C/C=C/c1ccccc1[N+](=O)[O-],1
official_v15_40,O=[N+]([O-])c1ccc(I)c([N+](=O)[O-])c1,1
official_v15_41,Cc1cccc(O)c1N,0
official_v15_42,Cc1c(N)ccc(N)c1C,0
official_v15_43,O=C(O)c1ccccc1,0
official_v15_44,CCCCCCCCCCCCCOC(=O)c1ccccc1C(=O)OCCCCCCCCCCCCC,0
official_v15_45,Cc1cc(Cl)ccc1OCC(=O)O,0
official_v15_46,CC(CN=[N+]=[N-])c1ccccc1,1
official_v15_47,Cc1cc(N)c(C)c([N+](=O)[O-])c1N,1
official_v15_48,CN(C)C(=O)Nc1ccc(Cl)cc1,0
official_v15_49,Cc1ccccc1C=O,0
official_v15_50,COc1cc(F)ccc1[N+](=O)[O-],1
official_v15_51,CCC(=O)OCc1cccc([N+](=O)[O-])c1,0
official_v15_52,CC(C)(C)C(Br)C(=O)Nc1ccccc1,0
official_v15_53,Cc1cc(Cl)ccc1O[C@H](C)C(=O)O,0
official_v15_54,Cc1cc([N+](=O)[O-])ccc1[N+](=O)[O-],1
official_v15_55,CCc1cc(C(C)(C)C)c(O)c(C(C)(C)C)c1,0
official_v15_56,Cc1cccc(NO)c1C,1
official_v15_57,Oc1cc(Cl)c(Cl)cc1Cl,0
official_v15_58,Nc1ccccc1C(F)(F)F,0
official_v15_59,CC(=O)c1ccc(Cl)c(Cl)c1Cl,1
official_v15_60,COc1cc(N)ccc1NC(C)=O,1
official_v15_61,CC(=O)Oc1ccc(CO)cc1,0
official_v15_62,Cc1ccccc1N,1
official_v15_63,O=C(O)Cc1ccc([N+](=O)[O-])cc1,1
official_v15_64,CC(=O)c1cc(NC(N)=O)ccc1OC[C@H](O)CNC(C)(C)C,1
official_v15_65,CCOP(=O)(NC(C)CC)Oc1cc(C)ccc1[N+](=O)[O-],0
official_v15_66,NCCc1cc(O)c(O)cc1O,1
official_v15_67,O=C(O)COc1ccccc1,0
official_v15_68,CCNc1ccccc1,0
official_v15_69,O=[N+]([O-])c1ccccc1Br,1
official_v15_70,O=C(NO)c1ccccc1O,1
official_v15_71,Nc1c(O)cccc1[N+](=O)[O-],0
official_v15_72,COc1c(N)cc(C)c(N)c1C,0
official_v15_73,N#Cc1ccc(CCl)cc1,0
official_v15_74,COC(=O)c1ccccc1,0
official_v15_75,CN(Cc1cccc(C(F)(F)F)c1)N=O,1
official_v15_76,CCCCOc1ccc(N=O)cc1,1
official_v15_77,Cc1cc(S(=O)(=O)O)c(N)cc1Cl,1
official_v15_78,CCCCCc1cc(O)cc(O)c1,0
official_v15_79,O=Cc1cccc(Cl)c1Cl,0
official_v15_80,CCOc1ccc(NC(N)=O)cc1,0
official_v15_81,Cc1ccc([N+](=O)[O-])cc1C(=O)O,1
official_v15_82,Nc1ccc(CO)c([N+](=O)[O-])c1,1
official_v15_83,COP(=S)(OC)Oc1ccc(N)c(C)c1,1
official_v15_84,O=CN(O)c1ccc(Cl)c(Cl)c1,0
official_v15_85,COc1ccc(C=O)cc1,0
official_v15_86,Cc1ccc(C=O)cc1,0
official_v15_87,COP(=O)(OC)O/C(=C\Cl)c1cc(Cl)c(Cl)cc1Cl,0
official_v15_88,N#[N+]c1ccc([N+](=O)[O-])cc1,1
official_v15_89,Cc1ccc([N+](=O)[O-])cc1S(=O)(=O)O,0
official_v15_90,O=[N+]([O-])c1cccc(S(=O)(=O)O)c1,0
official_v15_91,COc1ccc(O)c(C(C)(C)C)c1,0
official_v15_92,O=C(O)Cc1ccc(O)c(O)c1,1
official_v15_93,CCc1ccccc1O,0
official_v15_94,CCc1cccc(CC)c1NC(=O)CO,1
official_v15_95,O=C(CNC(=O)c1ccccc1)NO,1
official_v15_96,N#Cc1ccccc1C#N,0
official_v15_97,CC(C)C(=O)N(O)c1ccc(Cl)cc1,1
official_v15_98,CC(=O)NNc1ccccc1,1
official_v15_99,O=C(O)CCC(=O)Nc1cc(Cl)cc(Cl)c1,0
official_v15_100,Cc1cc(Cl)ccc1/N=C/N(C)C,0
official_v15_101,CN(C)N=Nc1ccc(C(=O)O)cc1,0
official_v15_102,ClC(Cl)(Cl)c1ccccc1,1
official_v15_103,Cc1c(N=O)cccc1[N+](=O)[O-],0
official_v15_104,Cc1cccc(N)c1,0
official_v15_105,Nc1ccc(Cl)c(C(F)(F)F)c1,0
official_v15_106,Cc1ccc(C#N)cc1,0
official_v15_107,Cc1ccc(NC(=O)CBr)cc1,0
official_v15_108,COc1ccc(CNC(=O)C(C)Br)cc1OC,1
official_v15_109,CN(C)S(=O)(=O)N(SC(F)(Cl)Cl)c1ccccc1,0
official_v15_110,CC(=O)c1cccc([N+](=O)[O-])c1,1
official_v15_111,Oc1cccc(Cl)c1,0
official_v15_112,NC(=S)Nc1ccccc1,0
official_v15_113,O=[N+]([O-])c1ccccc1CBr,0
official_v15_114,[N-]=[N+]=NC(c1ccccc1)C(O)CO,1
official_v15_115,Cc1cccc(O)c1,0
official_v15_116,CCCC(=O)OCc1ccccc1[N+](=O)[O-],0
official_v15_117,BrCc1ccccc1,1
official_v15_118,Cc1ccccc1C(=O)Cl,1
official_v15_119,NCc1cccc(CN)c1,0
official_v15_120,CC(C)CCOC(=O)/C=C\c1ccccc1,0
official_v15_121,FC(F)(F)c1ccccc1Cl,0
official_v15_122,Cc1ccc(S(=O)(=O)NN)cc1,1
official_v15_123,CCCON(OC(C)=O)C(=O)c1ccccc1,1
official_v15_124,Cc1ccccc1S(N)(=O)=O,0
official_v15_125,CC(=O)c1ccccc1,0
official_v15_126,O=[N+]([O-])c1ccc(Cl)c([N+](=O)[O-])c1,1
official_v15_127,C=CCc1ccc(O)c(O)c1,1
official_v15_128,N[C@H](Cc1ccc(O)c(O)c1)C(=O)O,1
official_v15_129,Oc1ccccc1,0
official_v15_130,Cc1c([N+](=O)[O-])c(C)c([N+](=O)[O-])c(C(C)(C)C)c1[N+](=O)[O-],0
official_v15_131,Cc1ccc(N)c(C)c1,1
official_v15_132,CC(=O)N(O)c1ccc(Cl)cc1,0
official_v15_133,CC(C)(C)NCC(O)c1cc(Cl)c(N)c(C(F)(F)F)c1,0
official_v15_134,Oc1ccc(O)cc1,0
official_v15_135,N#Cc1ccc(CO)cc1,0
official_v15_136,O=[N+]([O-])/C=C/c1ccccc1,1
official_v15_137,CCCNc1c([N+](=O)[O-])ccc(Cl)c1C(=O)O,0
official_v15_138,Cc1ccc(C(=O)O)cc1[N+](=O)[O-],1
official_v15_139,O=C(O)/C=C/c1ccc(Cl)cc1,0
official_v15_140,CCc1ccc([N+](=O)[O-])cc1,0
official_v15_141,CC(=O)Nc1ccccc1,0
official_v15_142,CCc1c(Br)c(Br)c(Br)c(Br)c1Br,0
official_v15_143,CCCCOC(=O)c1ccccc1C(=O)OCCCC,0
official_v15_144,CC(C)CC(NC(=O)C(Cc1ccccc1)NC(=O)CNC(=O)CN)C(=O)O,0
official_v15_145,COc1cccc(N)c1,1
official_v15_146,CCCCC(CC)COC(=O)COc1ccc(Cl)cc1Cl,0
official_v15_147,O=C(O)c1ccccc1O,0
official_v15_148,CN(C)c1ccc(N=O)cc1,1
official_v15_149,CN(C)N=Nc1ccc(Br)cc1,1
official_v15_150,COP(=O)(OC)Oc1ccc([N+](=O)[O-])c(C)c1,1
official_v15_151,CCc1ccccc1,0
official_v15_152,N#Cc1cc([N+](=O)[O-])ccc1N,1
official_v15_153,Cc1cccc(N)c1N,1
official_v15_154,O=C(O)CCc1ccccc1,0
official_v15_155,Cc1ccc([N+](=O)[O-])c(N)c1,0
official_v15_156,Cc1cccc(C)c1O,0
official_v15_157,C=Cc1ccc(OC)cc1,0
official_v15_158,Cc1cccc(N)c1C,1
official_v15_159,O=[N+]([O-])c1ccc(O)cc1[N+](=O)[O-],1
official_v15_160,Cc1ccccc1C#N,0
official_v15_161,FC(F)(F)c1cccc(Cl)c1,0
official_v15_162,CC(C)c1cc(N)cc([N+](=O)[O-])c1N,0
official_v15_163,O=C(Cl)c1cccc([N+](=O)[O-])c1,1
official_v15_164,C=CCc1ccc(OC)cc1,0
official_v15_165,COP(=S)(OC)Oc1ccc(N=O)c(C)c1,1
official_v15_166,CN(C)N=Nc1ccc(Cl)cc1,1
official_v15_167,O=C(O)c1ccccc1Cl,0
official_v15_168,Nc1ccccc1,0
official_v15_169,CCOc1ccccc1C(N)=O,0
official_v15_170,CS(=O)c1ccc(Cl)cc1,0
official_v15_171,CCOP(=O)(NC(C)C)Oc1ccccc1C(=O)OC(C)C,1
official_v15_172,C=CCc1ccc(O)cc1,0
official_v15_173,O=C(Cl)Cc1ccccc1,1
official_v15_174,CCN(CC)C(=O)Cc1ccccc1,0
official_v15_175,NC(=O)c1ccccc1C(N)=O,0
official_v15_176,O=C(CBr)c1ccccc1,0
official_v15_177,Cc1ccccc1NO,1
official_v15_178,Cc1ccc(Cl)cc1[N+](=O)[O-],0
official_v15_179,COc1cc(/C=C/C(=O)O)ccc1O,0
official_v15_180,FC(F)(F)c1ccc(Cl)cc1,0
official_v15_181,O=[N+]([O-])c1ccc(Cl)cc1Cl,1
official_v15_182,CCCCCCCCCCCCc1ccccc1,0
official_v15_183,CCc1cccc(CC)c1N(COC)C(=O)CO,0
official_v15_184,Cc1cccc(C(=O)O)c1,0
official_v15_185,COc1ccccc1NCSC,1
official_v15_186,O=Cc1cccc(Cl)c1,0
official_v15_187,C/C=C/c1cc(OC)c(OC)cc1OC,1
official_v15_188,CC(C)COC(=O)c1ccccc1N,0
official_v15_189,O=[N+]([O-])c1cccc(Cl)c1,0
official_v15_190,Cc1ccc(C(=O)O)cc1N,1
official_v15_191,Oc1ccc(Cl)cc1,0
official_v15_192,ONc1ccc(Cl)cc1,0
official_v15_193,O=CC(=O)c1ccccc1,1
official_v15_194,COC(=O)C(N)Cc1ccc(Cl)cc1,0
official_v15_195,O=[N+]([O-])c1cc(Cl)c(Cl)c(Cl)c1,1
official_v15_196,COC(=O)/C(C#N)=C/c1ccccc1Br,0
official_v15_197,COc1ccc(N)c(C)c1,1
official_v15_198,C=Cc1ccccc1,1
official_v15_199,O=C(O)c1ccc([N+](=O)[O-])c([N+](=O)[O-])c1,1
official_v15_200,Cc1cccc(CN(C)N=O)c1,1
official_v15_201,CCCCN(CC(CO)OCc1ccccc1)N=O,1
official_v15_202,Nc1ccc(C(=O)O)cc1,0
official_v15_203,O=C(O)/C=C/c1ccccc1,0
official_v15_204,N#Cc1cccc([N+](=O)[O-])c1,1
official_v15_205,Cc1c(NO)cc([N+](=O)[O-])cc1[N+](=O)[O-],1
official_v15_206,CCN(CC)c1ccc([N+](=O)[O-])cc1,1
official_v15_207,CCCCON(OC(C)=O)C(=O)c1ccc(C(C)(C)C)cc1,1
official_v15_208,CCCCC(CC)COC(=O)c1ccccc1C(=O)OCC(CC)CCCC,0
official_v15_209,O=C(O)CC(NC(=O)COc1cc(Cl)c(Cl)cc1Cl)C(=O)O,0
official_v15_210,N#Cc1c(Cl)cccc1Cl,0
official_v15_211,Cc1ccc(NCCO)cc1O,0
official_v15_212,OCc1ccc(C(F)(F)F)cc1,0
official_v15_213,CNc1ccccc1,0
official_v15_214,Cl/C=C(/Cl)SCc1ccccc1,1
official_v15_215,Clc1cc(Cl)c(Cl)c(Cl)c1,0
official_v15_216,O=[N+]([O-])c1cccc(I)c1,0
official_v15_217,CCOc1ccc(NC(C)=O)cc1[N+](=O)[O-],1
official_v15_218,COC(=O)c1ccc(C(=O)OC)cc1,0
official_v15_219,CNC(C)C(O)c1ccccc1,0
official_v15_220,NNc1ccccc1[N+](=O)[O-],1
official_v15_221,Cc1c(N)cccc1Cl,0
official_v15_222,NON(N=O)c1ccccc1,1
official_v15_223,N=C(N)NNc1ccc(N=NC(N)=S)cc1,1
official_v15_224,NC(Cc1ccc(N(CCCl)CCCl)cc1)C(=O)O,1
official_v15_225,CCCCCCCCCCCCCC[N+](C)(C)Cc1ccccc1,0
official_v15_226,CC(C)CCCCCOC(=O)COc1ccc(Cl)cc1Cl,0
official_v15_227,O=[N+]([O-])c1c(Cl)cc(Cl)cc1Cl,0
official_v15_228,Cc1cccc(C(=O)Cl)c1,1
official_v15_229,O=C(O)CCC(=O)Nc1ccc(Cl)cc1,0
official_v15_230,OCc1ccc(Cl)cc1,0
official_v15_231,O=S(=O)(O)c1ccccc1,0
official_v15_232,N=C(N)NS(=O)(=O)c1ccc(N)cc1,0
official_v15_233,ONc1ccc(Cl)c(Cl)c1,0
official_v15_234,CCCC[C@@H](CC)COC(=O)c1ccccc1C(=O)OC[C@H](CC)CCCC,0
official_v15_235,CC(=O)Oc1ccccc1C(=O)O,0
official_v15_236,COc1cc([N+](=O)[O-])ccc1N,1
official_v15_237,Clc1cccc(Br)c1,0
official_v15_238,CC(C)c1ccccc1,0
official_v15_239,CCCCCCOC(=O)c1ccccc1C(=O)OCCCCCC,0
official_v15_240,O=[N+]([O-])c1cc(C(F)(F)F)ccc1Cl,0
official_v15_241,Cc1ccc(N)cc1,1
official_v15_242,O=[N+]([O-])c1ccc(O)c([N+](=O)[O-])c1,0
official_v15_243,Clc1ccc(C(Cl)(Cl)Cl)cc1,1
official_v15_244,CCN(CC)c1ccc(N=O)c(O)c1,0
official_v15_245,CNCC(O)c1cccc(O)c1,0
official_v15_246,CSc1cc(SC)c(N)c(C)c1N,1
official_v15_247,CCN(N)c1ccccc1,1
official_v15_248,Cc1cc(C)cc(C)c1,0
official_v15_249,COP(=S)(NC(C)C)Oc1ccccc1C(=O)OC(C)C,0
official_v15_250,O=[N+]([O-])c1ccccc1Cl,1
official_v15_251,Nc1cc([N+](=O)[O-])ccc1O,1
official_v15_252,Cc1ccc(N)cc1N,1
official_v15_253,N/C(=N\OS(=O)(=O)O)c1ccccc1,0
official_v15_254,O=C(CBr)c1ccc(Br)cc1,0
official_v15_255,CC(=O)OCc1ccc([N+](=O)[O-])cc1,1
official_v15_256,Clc1ccccc1Cl,0
official_v15_257,CCc1cccc(CC)c1NC(C)=O,0
official_v15_258,O=[N+]([O-])c1ccc(S(=O)(=O)O)c([N+](=O)[O-])c1,0
official_v15_259,CC(O)c1ccccc1,0
official_v15_260,CCCCNC(=O)NS(=O)(=O)c1ccc(C)cc1,0
official_v15_261,Fc1ccccc1,1
official_v15_262,O=C(O)c1ccc(Cl)cc1Cl,0
official_v15_263,OCCCc1ccccc1,0
official_v15_264,COc1ccc(N)cc1N,1
official_v15_265,ClCc1cccc(CCl)c1,0
official_v15_266,CC(C)CC(NC(=O)COc1ccc(Cl)cc1Cl)C(=O)O,0
official_v15_267,Cc1ccc(O)c(N)c1,1
official_v15_268,Cc1cc(N)ccc1N,1
official_v15_269,C/C=C/c1cc(OC)ccc1OC,0
official_v15_270,Nc1c(Cl)cc([N+](=O)[O-])cc1[N+](=O)[O-],1
official_v15_271,N#Cc1ccccc1,0
official_v15_272,CCOc1ccccc1N,0
official_v15_273,CCOP(=O)(OCC)O/C(=C\Br)c1ccc(Cl)cc1Cl,0
official_v15_274,Nc1ccc(O)cc1,0
official_v15_275,O=C(CCl)c1ccccc1,0
official_v15_276,ClCc1ccc(Cl)cc1,0
official_v15_277,O=[N+]([O-])c1cccc([N+](=O)[O-])c1CO,0
official_v15_278,CCCCCCCCCCCCCCCCCC[N+](C)(C)Cc1ccccc1,0
official_v15_279,CC(=O)Nc1cccc(N)c1,1
official_v15_280,O=C/C=C/C=C/c1ccc([N+](=O)[O-])cc1,1
official_v15_281,CC(C)Oc1ccccc1OC(=O)N(C)N=O,1
official_v15_282,C=CCc1ccc(OC)c(OC)c1,0
official_v15_283,[N-]=[N+]=Nc1ccc(F)c([N+](=O)[O-])c1,1
official_v15_284,CN(N=O)c1ccccc1,1
official_v15_285,CCCC[C@@H](CC)COC(=O)c1ccc(N(C)C)c([N+](=O)[O-])c1,1
official_v15_286,Cc1ccc(C)c(N)c1,1
official_v15_287,Cc1c(O)cc([N+](=O)[O-])cc1[N+](=O)[O-],0
official_v15_288,CC(C)CC[C@@H](C)Nc1ccc(N[C@H](C)CCC(C)C)cc1,0
official_v15_289,O=C(O)c1cc(Cl)cc(Cl)c1,0
official_v15_290,CN(C)c1ccc(CCO)cc1,1
official_v15_291,O=Cc1cccc([N+](=O)[O-])c1,1
official_v15_292,Cc1ccc(C(C)(C)C)cc1,0
official_v15_293,Cc1ccc([N+](=O)[O-])c([N+](=O)[O-])c1,1
official_v15_294,O=[N+]([O-])c1cccc([N+](=O)[O-])c1O,0
official_v15_295,CCOc1ccc(NC(=O)CC(C)O)cc1,1
official_v15_296,COc1cc(CNC(=O)C(C)Br)ccc1O,1
official_v15_297,Cc1cccc([N+](=O)[O-])c1,0
official_v15_298,OCc1ccc(F)cc1,0
official_v15_299,COc1cc(Cl)c(OC)cc1Cl,1
official_v15_300,NCC(=O)Nc1ccccc1,1
official_v15_301,N#Cc1cccc(C#N)c1,0
official_v15_302,CC(C)CC(NC(=O)COc1cc(Cl)c(Cl)cc1Cl)C(=O)O,0
official_v15_303,CSCCC(NC(=O)COc1ccc(Cl)cc1Cl)C(=O)O,0
official_v15_304,Cc1c(N=C=O)cccc1N=C=O,1
official_v15_305,O=[N+]([O-])c1ccccc1SS/C(Cl)=C(\Cl)C(Cl)=C(Cl)Cl,1
official_v15_306,N/C(=N\O)c1ccc(O)c(O)c1,1
official_v15_307,CC(=O)Nc1ccc(C)c(N)c1,1
official_v15_308,Cc1ccc(C(C)(C)O)cc1,0
official_v15_309,[O-][N+](O)=C=Cc1ccccc1,1
official_v15_310,O=[N+]([O-])c1ccc(S(=O)(=O)O)cc1,0
official_v15_311,CC(N)(Cc1ccc(O)c(O)c1)C(=O)O,0
official_v15_312,Cc1ccc(C(=O)O)cc1,0
official_v15_313,Cc1c(N)cccc1[N+](=O)[O-],1
official_v15_314,CC(=O)/C=C\c1ccccc1,1
official_v15_315,NC(CCC(=O)NNc1ccccc1)C(=O)O,1
official_v15_316,CC(C)(C)OOC(=O)c1ccccc1,1
official_v15_317,CCOc1ccc(N=O)cc1,1
official_v15_318,O=C(CCl)NCc1ccccc1,1
official_v15_319,CCCCCOc1ccc(N=O)cc1,1
official_v15_320,Cc1ccc(NCCCl)cc1,1
official_v15_321,Cc1ccccc1O,0
official_v15_322,CC(Br)c1ccccc1,0
official_v15_323,O=Cc1ccccc1Cl,0
official_v15_324,Cc1ccc(N)cc1[N+](=O)[O-],1
official_v15_325,COc1cc(N)ccc1N,1
official_v15_326,Nc1cccc(N)c1C(=O)O,1
official_v15_327,NC(CCC(=O)NNc1ccc(CO)cc1)C(=O)O,1
official_v15_328,Cc1ccc(Br)cc1,0
official_v15_329,N[C@H](Cc1ccc(N(CCCl)CCCl)cc1)C(=O)O,1
official_v15_330,CCNS(=O)(=O)c1ccccc1C,1
official_v15_331,CC(=O)ON(OC(C)C)C(=O)c1ccccc1,1
official_v15_332,S=C=NCCc1ccccc1,1
official_v15_333,Nc1ccc([N+](=O)[O-])cc1,1
official_v15_334,Clc1cccc(Cl)c1,0
official_v15_335,[N-]=[N+]=NCc1ccccc1,1
official_v15_336,O=[N+]([O-])c1ccc(Br)c([N+](=O)[O-])c1,1
official_v15_337,CCc1ccc(C)cc1,0
official_v15_338,N=C(N)c1ccccc1,0
official_v15_339,Cc1cccc(Br)c1,0
official_v15_340,COc1ccc(N)cc1,1
official_v15_341,Cc1ccc([N+](=O)[O-])c(C(=O)O)c1,1
official_v15_342,Nc1ccccc1S(=O)(=O)O,1
official_v15_343,O=C(NO)c1ccccc1,1
official_v15_344,Cc1ccc(N(CCO)CCO)cc1,1
official_v15_345,Cc1ccc(N(CCCl)CCCl)cc1,0
official_v15_346,Clc1cc(Cl)c(Cl)c(Cl)c1Cl,0
official_v15_347,Nc1cccc(S(=O)(=O)O)c1,0
official_v15_348,C=Cc1ccc(C)cc1,0
official_v15_349,Cc1c(NO)cc(NO)cc1[N+](=O)[O-],1
official_v15_350,FC(F)(F)c1ccccc1,0
official_v15_351,CC(Br)C(=O)Nc1ccccc1,1
official_v15_352,[N-]=[N+]=NCC(O)c1ccccc1,1
official_v15_353,CCC(C)(C)c1ccc(O)cc1,0
official_v15_354,N#CSc1ccc([N+](=O)[O-])cc1[N+](=O)[O-],1
official_v15_355,CN(C)c1ccc(N=NS(=O)(=O)O)cc1,1
official_v15_356,CCCCCCCCCCCOC(=O)c1ccccc1C(=O)OCCCCCCCCCCC,0
official_v15_357,CC(NC(=O)COc1ccc(Cl)cc1Cl)C(=O)O,0
official_v15_358,CCCCCCCC(=O)CCc1ccc(O)c(OC)c1,0
official_v15_359,CC(N)Cc1ccccc1,0
official_v15_360,O=C(Cl)c1ccccc1C(=O)Cl,1
official_v15_361,CN(N=O)C(=O)c1ccccc1,1
official_v15_362,CN(C)C(=O)Nc1ccc(Cl)c(Cl)c1,1
official_v15_363,Nc1ccc(Cl)cc1N,1
official_v15_364,Cc1cc(N)c(C)cc1N,1
official_v15_365,Cc1cc(O)ccc1Cl,0
official_v15_366,OCc1ccc(Br)cc1,0
official_v15_367,Cc1cc(N)cc([N+](=O)[O-])c1N,1
official_v15_368,CC(C)N=C(NC(C)C)OCc1ccc([N+](=O)[O-])cc1,1
official_v15_369,Nc1ccc(S(=O)(=O)O)cc1,0
official_v15_370,CCCCCCCCCc1ccc(O)cc1,0
official_v15_371,Cc1ccccc1,0
official_v15_372,N[C@@H](CCC(=O)NNc1ccc(CO)cc1)C(=O)O,1
official_v15_373,CC(=O)c1cc(NC(N)=O)ccc1OCC(O)CNC(C)(C)C,1
official_v15_374,Cc1ccc(C(C)C)c(O)c1,0
official_v15_375,Nc1ccc(NCCO)c([N+](=O)[O-])c1,1
official_v15_376,CCCCC(CC)COC(=O)c1ccc(N(C)C)c([N+](=O)[O-])c1,1
official_v15_377,CNc1ccccc1N,1
official_v15_378,CC(C)CCCCCOC(=O)Cc1cc(Cl)c(Cl)cc1Cl,0
official_v15_379,Oc1c(Br)cc(Br)cc1Br,0
official_v15_380,Nc1ccc([N+](=O)[O-])cc1O,1
official_v15_381,Cc1cccc(O)c1C,0
official_v15_382,Nc1cc(Cl)c([N+](=O)[O-])cc1O,1
official_v15_383,O=C(O)CCCOc1ccc(Cl)cc1Cl,0
official_v15_384,CCC(CCCC(=O)O)COC(=O)c1ccccc1C(=O)O,0
official_v15_385,Cc1ccc(C)c([N+](=O)[O-])c1,1
official_v15_386,CCCCC/C=C/C(=O)CCc1ccc(O)c(OC)c1,1
official_v15_387,Nc1ccc(S(N)(=O)=O)cc1,0
official_v15_388,Nc1c([N+](=O)[O-])cccc1[N+](=O)[O-],1
official_v15_389,CCCN(CCC)c1c([N+](=O)[O-])cc(C(F)(F)F)cc1[N+](=O)[O-],1
official_v15_390,CCc1cccc(C)c1N,1
official_v15_391,O=C(O)/C=C/c1ccc([N+](=O)[O-])cc1,1
official_v15_392,O=C(O)CCC(=O)OC[C@H](NC(=O)C(Cl)Cl)[C@@H](O)c1ccc([N+](=O)[O-])cc1,0
official_v15_393,CCN(N=O)c1ccccc1,0
official_v15_394,Oc1cc(Cl)c(Cl)c(Cl)c1Cl,0
official_v15_395,CC(=O)Nc1ccc(S(=O)(=O)Cl)cc1,0
official_v15_396,Oc1ccccc1Cl,0
official_v15_397,Nc1c(Cl)cc(Cl)cc1Cl,0
official_v15_398,CCOP(=O)(OCC)Oc1ccc([N+](=O)[O-])cc1,1
official_v15_399,O=C(CBr)NCc1ccccc1,1
official_v15_400,O=C(O)CCC(=O)Nc1cc(Cl)c(Cl)c(Cl)c1,0
official_v15_401,O=[N+]([O-])c1cc(CCl)cc([N+](=O)[O-])c1,1
official_v15_402,CCCCOC(=O)c1ccccc1N,0
official_v15_403,CCc1cccc(CC)c1N(COC)C(=O)CCl,1
official_v15_404,Cc1ccc(N(C)C)cc1,1
official_v15_405,O=C(O)CCCc1ccc(N(CCCl)CCCl)cc1,1
official_v15_406,NC(CCC(=O)NC(CSc1ccc([N+](=O)[O-])cc1[N+](=O)[O-])C(=O)NCC(=O)O)C(=O)O,1
official_v15_407,Nc1cc([N+](=O)[O-])cc([N+](=O)[O-])c1O,1
official_v15_408,CC(=O)CC(=O)Nc1ccc(C)cc1,0
official_v15_409,O=[N+]([O-])c1ccccc1SS/C(Cl)=C(\Cl)C(F)(F)F,1
official_v15_410,O=C(Cl)c1ccccc1F,1
official_v15_411,O=C(O)Cc1ccccc1Cl,0
official_v15_412,CC(=O)OCNC(=O)c1ccc(Cl)cc1,0
official_v15_413,COc1cccc(C=O)c1O,0
official_v15_414,CC(Br)C(=O)NCc1ccc(Cl)cc1,1
official_v15_415,COC(=O)c1ccccc1N,0
official_v15_416,O=Cc1ccc([N+](=O)[O-])cc1,1
official_v15_417,O=C(O)c1ccc(S(=O)(=O)N(Cl)Cl)cc1,1
official_v15_418,C=C(C)c1ccccc1,0
official_v15_419,O=C(O)COc1ccc(N(CCCl)CCCl)cc1,1
official_v15_420,CC(=O)Nc1cccc(N)c1C(=O)O,1
official_v15_421,Cc1cccc([N+](=O)[O-])c1[N+](=O)[O-],1
official_v15_422,CCCCCN(CCCOC)C(=O)C(CCC(=O)O)NC(=O)c1ccc(Cl)c(Cl)c1,0
official_v15_423,O=C(O)/C=C/c1ccc(O)c(O)c1,0
official_v15_424,N#CCCC(=O)CCc1ccc(C(=O)O)cc1,1
official_v15_425,CCCC[C@@H](CC)COC(=O)c1ccc(C(=O)OC[C@H](CC)CCCC)c(C(=O)OC[C@H](CC)CCCC)c1,0
official_v15_426,N[C@H](CCC(=O)N[C@H](CSc1ccc([N+](=O)[O-])cc1[N+](=O)[O-])C(=O)NCC(=O)O)C(=O)O,1
official_v15_427,COc1cc(C(C)=O)cc(OC)c1O,0
official_v15_428,C=COc1ccc([N+](=O)[O-])cc1,1
official_v15_429,CCCCCCCCON(OC(C)=O)C(=O)c1ccccc1,1
official_v15_430,Cc1cccc([N+](=O)[O-])c1N,1
official_v15_431,NC(Cc1ccc(O)c(O)c1)C(=O)O,1
official_v15_432,ICCc1ccccc1,0
official_v15_433,ClC(Cl)c1ccccc1,1
official_v15_434,CN(C)c1ccccc1,0
official_v15_435,ClC(Cl)=C(Cl)c1c(Cl)c(Cl)c(Cl)c(Cl)c1Cl,0
official_v15_436,O=C(O)c1ccc(C(=O)O)cc1,0
official_v15_437,O=Cc1ccc([N+](=O)[O-])cc1[N+](=O)[O-],1
official_v15_438,CCN(CC)c1ccc([N+]#N)cc1,1
official_v15_439,Cc1ccc([N+](=O)[O-])cc1[N+](=O)[O-],1
official_v15_440,Fc1c(F)c(F)c(Cl)c(F)c1F,0
official_v15_441,N[C@@H](Cc1ccc(O)c([N+](=O)[O-])c1)C(=O)O,0
official_v15_442,CCCCC(CC)COC(=O)C=Cc1ccc(OC)cc1,0
official_v15_443,O=C(O)c1cccc([N+](=O)[O-])c1,1
official_v15_444,Nc1cc(C(F)(F)F)ccc1Cl,0
official_v15_445,O=C(CBr)Nc1ccccc1,0
official_v15_446,CSCNc1ccccc1C(C)=O,0
official_v15_447,O=C(CO)N(O)c1ccc(Cl)cc1,0
official_v15_448,CS(=O)(=O)c1ccc(O)c(N)c1,0
official_v15_449,COc1ccc(N=O)cc1,1
official_v15_450,O=[N+]([O-])c1ccccc1C(F)(F)F,0
official_v15_451,COc1c(Cl)c(Cl)c(Cl)c(Cl)c1Cl,1
official_v15_452,COc1ccc([N+](=O)[O-])cc1[N+](=O)[O-],1
official_v15_453,O=C/C=C/c1ccc([N+](=O)[O-])cc1,1
official_v15_454,NC(CO)C(=O)NNCc1ccc(O)c(O)c1O,1
official_v15_455,Cc1ccccc1N=O,1
official_v15_456,Cc1ccccc1Cl,0
official_v15_457,O=C=Nc1ccc(N=C=O)cc1,0
official_v15_458,O=[N+]([O-])c1ccc(NO)cc1,1
official_v15_459,CC(=O)Nc1ccc(N)cc1,1
official_v15_460,CCOP(O)(=NC(C)C)Oc1ccc(SC)c(C)c1,0
official_v15_461,Cc1cc(C(C)(C)C)c(O)c(C(C)(C)C)c1,0
official_v15_462,Cc1ccc([N+](=O)[O-])cc1N,1
official_v15_463,CCC(CC)c1cccc(OC(=O)N(C)N=O)c1,1
official_v15_464,O=[N+]([O-])/C(Br)=C/c1ccccc1,1
official_v15_465,C/C=C/c1ccc(OC)cc1,0
official_v15_466,CCOC(=O)C(SP(=S)(OC)OC)c1ccccc1,0
official_v15_467,N=C(N)N=C(N)NCCc1ccccc1,0
official_v15_468,N#CC(O)c1ccccc1,0
official_v15_469,CC(C)(C)c1ccc(O)c(O)c1,0
official_v15_470,Nc1cc([N+](=O)[O-])ccc1CO,1
official_v15_471,Cc1ccc(C)cc1,0
official_v15_472,NC(CSc1ccc([N+](=O)[O-])cc1[N+](=O)[O-])C(=O)O,1
official_v15_473,COc1cc(C(C)=O)ccc1O,0
official_v15_474,Cc1ccc(C)c(O)c1,0
official_v15_475,CCCCC(CC)COC(=O)c1ccccc1C(=O)O,0
official_v15_476,O=C(O)c1cc([N+](=O)[O-])ccc1[N+](=O)[O-],1
official_v15_477,Nc1cccc([N+](=O)[O-])c1,1
official_v15_478,O=C(O)Cc1ccccc1[N+](=O)[O-],1
official_v15_479,O=[N+]([O-])c1ccc(F)c([N+](=O)[O-])c1,1
official_v15_480,Nc1ccc(N)c(S(=O)(=O)O)c1,0
official_v15_481,Nc1ccc(Cl)c(Cl)c1,0
official_v15_482,COc1ccc(CNC(=O)C(C)Br)cc1,1
official_v15_483,CCCC(=O)OCc1cccc([N+](=O)[O-])c1,0
official_v15_484,Clc1c(Cl)c(Cl)c(Cl)c(Cl)c1Cl,0
official_v15_485,Cc1ccc(NC(N)=O)cc1,0
official_v15_486,O=[N+]([O-])c1cccc(CCl)c1,1
official_v15_487,CC(CC=O)c1ccc(C(C)(C)C)cc1,0
official_v15_488,O=[N+]([O-])c1cccc(C(F)(F)F)c1,0
official_v15_489,O=C/C(Br)=C/c1ccccc1,1
official_v15_490,O=[N+]([O-])c1ccc(O)cc1,0
official_v15_491,Nc1c(O)cccc1C(=O)CC(N)C(=O)O,0
official_v15_492,CCC(C)Nc1ccc(NC(C)CC)cc1,0
official_v15_493,CCOc1ccccc1[N+](=O)[O-],1
official_v15_494,Nc1cc(S(=O)(=O)O)ccc1O,0
official_v15_495,CCCCCCCCCCCCCCCCCCOC(=O)CCc1cc(C(C)(C)C)c(O)c(C(C)(C)C)c1,0
official_v15_496,O=C(O)CCC(=O)OCC(NC(=O)C(Cl)Cl)C(O)c1ccc([N+](=O)[O-])cc1,0
official_v15_497,COc1c(Cl)ccc(Cl)c1C(=O)O,0
official_v15_498,CC(=O)c1cc(N)ccc1OCC(O)CNC(C)(C)C,0
official_v15_499,O=[N+]([O-])c1cc(F)ccc1F,1
official_v15_500,Cc1cc(Cl)ccc1OC(C)C(=O)O,0
official_v15_501,CC(=O)O[C@H](c1ccccc1)N(C)N=O,1
official_v15_502,N[C@@H](CCC(=O)NNc1ccccc1)C(=O)O,1
official_v15_503,N#Cc1cc(Br)c(O)c(Br)c1,0
official_v15_504,CCOC(=O)[C@H](SP(=S)(OC)OC)c1ccccc1,0
official_v15_505,C[C@@H](N)[C@@H](O)c1ccccc1,0
official_v15_506,Cc1cc(N)cc(N)c1,0
official_v15_507,Cc1ccc([N+](=O)[O-])c(C)c1,1
official_v15_508,CCCCCCCCOC(=O)c1ccccc1C(=O)OCCCCCCCC,0
official_v15_509,Cc1ccc(C(C)C)cc1O,0
official_v15_510,O=[N+]([O-])c1ccc([N+](=O)[O-])c(O)c1,1
official_v15_511,C=C(C)c1cc(O)c(C)cc1O,0
official_v15_512,CCOc1ccc(N)cc1N,1
official_v15_513,COc1cccc([N+](=O)[O-])c1,0
official_v15_514,O=Cc1ccc(Cl)c(Cl)c1,0
official_v15_515,COC(=O)c1ccc(CN(C)N=O)cc1,0
official_v15_516,CCc1cccc(CC)c1NC(=O)CCl,1
official_v15_517,C=CC(C)(CCC=C(C)C)OC(=O)c1ccccc1N,0
official_v15_518,Cc1cc(Cl)ccc1OCCCC(=O)O,0
official_v15_519,Nc1cc(Cl)c(Cl)c(Cl)c1,0
official_v15_520,N/C(=N\O)c1cc(O)c(O)c(O)c1,1
official_v15_521,O=Cc1ccccc1[N+](=O)[O-],1
official_v15_522,O=C(O)c1ccc(O)cc1,0
official_v15_523,Cc1c(Br)c(Br)c(Br)c(Br)c1Br,0
official_v15_524,O=C(O)c1cc([N+](=O)[O-])cc([N+](=O)[O-])c1,1
official_v15_525,CC(C)CCC(C)Nc1ccc(NC(C)CCC(C)C)cc1,0
official_v15_526,CCC(C)c1ccccc1O,0
official_v15_527,NC(Cc1ccc(F)cc1)C(=O)O,0
official_v15_528,[N-]=[N+]=NCC(CO)Cc1ccccc1,1
official_v15_529,O=C/C=C/c1ccccc1Cl,1
official_v15_530,CON(C)C(=O)Nc1ccc(Cl)c(Cl)c1,1
official_v15_531,Nc1ccc(O)c(C(=O)O)c1,0
official_v15_532,Oc1cc(Cl)c(O)cc1Cl,0
official_v15_533,O=[N+]([O-])c1ccc(CBr)cc1,1
official_v15_534,CC(C)OC(=O)Cc1ccccc1,0
official_v15_535,CCOC(=O)c1ccccc1N,0
official_v15_536,CC(=O)Nc1ccccc1C,1
official_v15_537,CC(O)Cc1cc(N)cc([N+](=O)[O-])c1N,0
official_v15_538,COC(=O)NC(=S)Nc1ccccc1NC(=S)NC(=O)OC,1
official_v15_539,Nc1cc(Cl)ccc1O,1
official_v15_540,CCCCCC(CC)OC(=O)c1cccc(C(=O)OC(CC)CCCCC)c1,0
official_v15_541,Cc1ccc(C(=O)Cl)cc1,1
official_v15_542,Nc1ccccc1[N+](=O)[O-],0
official_v15_543,Cc1ccc(OC(=O)N(C)N=O)c(C)c1C,1
official_v15_544,Cc1c(N)cc([N+](=O)[O-])cc1N,1
official_v15_545,CC(=O)NNc1ccc(CO)cc1,1
official_v15_546,ClCc1ccccc1,1
official_v15_547,COc1ccc(O)cc1C(C)(C)C,0
official_v15_548,O=CN(O)c1ccc([N+](=O)[O-])cc1,1
official_v15_549,NNc1ccc([N+](=O)[O-])cc1,1
official_v15_550,CC(=O)OCc1cccc([N+](=O)[O-])c1,0
official_v15_551,O=[N+]([O-])c1ccc(CCO)cc1,1
official_v15_552,CC(=O)Nc1cccc(O)c1,0
official_v15_553,CC(=O)c1ccc(N=O)cc1,1
official_v15_554,CC(C)(OO)c1ccccc1,1
official_v15_555,CCC(CCC(C)=O)COC(=O)c1ccccc1C(=O)O,0
official_v15_556,CCN(CC)C(=O)c1cccc(C)c1,0
official_v15_557,Oc1cc(O)cc(O)c1,0
official_v15_558,CNC(=O)c1ccccc1,0
official_v15_559,NC(CSCc1ccccc1)C(=O)O,0
official_v15_560,O=[N+]([O-])c1ccc(Cl)c(Cl)c1,1
official_v15_561,CC(Br)C(=O)N(C)Cc1ccccc1,0
official_v15_562,CCCC(=O)Nc1ccc(OCC(O)CNC(C)C)c(C(C)=O)c1,0
official_v15_563,NCc1ccc(CN)cc1,0
official_v15_564,CCCCON(OC(C)=O)C(=O)c1ccccc1,1
official_v15_565,Cc1cccc(OCC(O)CNC(C)(C)C)c1C,0
official_v15_566,NC(Cc1ccc(O)c([N+](=O)[O-])c1)C(=O)O,0
official_v15_567,CC(=O)N(O)c1ccccc1C,1
official_v15_568,CCCCC/C(C=O)=C/c1ccccc1,0
official_v15_569,COc1ccc(CCl)cc1,0
official_v15_570,COc1cc(N)ccc1C,1
official_v15_571,CCCCCCc1ccc(O)cc1O,0
official_v15_572,CCC(=O)OCc1ccccc1[N+](=O)[O-],0
official_v15_573,ClCc1ccc(Br)cc1,0
official_v15_574,C=CN=Nc1ccccc1,1
official_v15_575,O=C(Cl)c1ccccc1,1
official_v15_576,CCCCOC(=O)c1ccc(N)cc1,0
official_v15_577,O=C(O)CC(NC(=O)COc1ccc(Cl)cc1Cl)C(=O)O,0
official_v15_578,O=[N+]([O-])c1cc(Cl)c(Cl)cc1Cl,1
official_v15_579,Oc1ccc(O)c(O)c1,1
official_v15_580,Cc1ccc(S(=O)(=O)O)c(C)c1,0
official_v15_581,O=C(NC(CO)C(O)c1ccc([N+](=O)[O-])cc1)C(Cl)Cl,0
official_v15_582,CCCCC(CC)COC(=O)c1cccc(C(=O)OCC(CC)CCCC)c1,0
official_v15_583,Cc1ccc([N+](=O)[O-])cc1C,1
official_v15_584,CC(N)C(O)c1ccccc1,0
official_v15_585,Clc1ccc(Cl)c(Cl)c1Cl,0
official_v15_586,O=Cc1c([N+](=O)[O-])cccc1[N+](=O)[O-],1
official_v15_587,Cc1ccc([N+]#N)cc1,1
official_v15_588,CN(C)OC(=O)COc1ccc(Cl)cc1Cl,0
official_v15_589,O=[N+]([O-])c1ccccc1CCl,1
official_v15_590,O=C(O)c1cccc(Cl)c1Cl,0
official_v15_591,N#CCc1ccc(Cl)cc1,0
official_v15_592,O=C(O)c1cc(Cl)ccc1Cl,0
official_v15_593,CC(=O)Oc1ccc(CCl)cc1,1
official_v15_594,O=C(O)/C=C(\Br)C(=O)c1ccccc1,1
official_v15_595,Nc1ccccc1O,1
official_v15_596,CCOP(=O)(NC(C)C)Oc1ccc(SC)c(C)c1,0
official_v15_597,CCCCCCCCCCCCc1ccc(S(=O)(=O)O)cc1,0
official_v15_598,CN[C@@H](C)Cc1ccccc1,0
official_v15_599,Cc1ccc([N+](=O)[O-])cc1,0
official_v15_600,COc1cc(N)c([N+](=O)[O-])cc1N,1
official_v15_601,O=C(O)c1ccc(Cl)cc1,0
official_v15_602,COc1ccc(CN(C)N=O)cc1,0
official_v15_603,Cc1ccc(C(O)(P(=O)(O)O)P(=O)(O)O)cc1N(CCCl)CCCl,1
official_v15_604,CCCCC(CC)COC(=O)c1ccc(C(=O)OCC(CC)CCCC)c(C(=O)OCC(CC)CCCC)c1,0
official_v15_605,CCOC(=O)C(C)(C)Oc1ccc(Cl)cc1,0
official_v15_606,Nc1ccc(N)c([N+](=O)[O-])c1,1
official_v15_607,Oc1cccc(O)c1,0
official_v15_608,COc1ccccc1N,1
official_v15_609,O=C(O)c1c(Cl)cccc1Cl,0
official_v15_610,CC(=O)Nc1ccc(C(=O)O)cc1,0
official_v15_611,O=C(NCO)c1ccc(Cl)cc1,0
official_v15_612,ClC(Cl)=C(Cl)/C(Cl)=C(\Cl)SCc1ccccc1,1
official_v15_613,CNC(C)Cc1ccccc1,0
official_v15_614,C/C=C/c1ccc(OC)cc1OC,0
official_v15_615,O=C(NO)c1ccc(O)c(O)c1,1
official_v15_616,CN(Cc1cccc(Br)c1)N=O,1
official_v15_617,Nc1cc(CCO)c(N)c([N+](=O)[O-])c1,1
official_v15_618,Cc1ccccc1C(N)=O,0
official_v15_619,Oc1c(Br)c(Br)c(Br)c(Br)c1Br,0
official_v15_620,N#CC(C#N)=Cc1ccccc1Cl,1
official_v15_621,Clc1ccccc1,0
official_v15_622,Nc1ccc(S(=O)(=O)O)cc1C(=O)O,0
official_v15_623,Cc1cccc(C)c1[N+](=O)[O-],0
official_v15_624,O=[N+]([O-])c1ccccc1SSC(Cl)=C(Cl)Cl,1
official_v15_625,Cc1cc(NOS(=O)(=O)O)ccc1N,1
official_v15_626,Cc1c(N)cc([N+](=O)[O-])cc1[N+](=O)[O-],1
official_v15_627,Cc1ccc(S(=O)(=O)OCC(C)C)cc1,0
official_v15_628,O=C(O)CCCc1ccc(NCCCl)cc1,1
official_v15_629,Cc1ccc(Cl)cc1,0
official_v15_630,BrCc1ccccc1CBr,0
official_v15_631,COC(=O)c1ccccc1O,1
official_v15_632,BrCC(Br)c1ccccc1,1
official_v15_633,N#CCCC(=O)/C=C/c1ccc(C(=O)O)cc1,0
official_v15_634,Oc1c(Cl)cc(Cl)cc1Cl,0
official_v15_635,O=C(Cl)c1cccc(Cl)c1,1
official_v15_636,Cc1cc([N+](=O)[O-])cc([N+](=O)[O-])c1O,0
official_v15_637,CCc1cccc(CC)c1N=O,1
official_v15_638,O=C(O)c1ccc(O)cc1O,0
official_v15_639,Nc1ccc(F)cc1,1
official_v15_640,CC(C)(Br)C(=O)Nc1ccccc1,0
official_v15_641,COc1cc(N)c(OC)cc1N,1
official_v15_642,Cc1c(C)c(N)c(C)c(C)c1N,0
official_v15_643,C=CCOc1ccccc1OCC(O)CNC(C)C,0
official_v15_644,CC(=O)N(O)c1ccccc1,0
official_v15_645,CCCOc1ccc(N)cc1N,1
official_v15_646,Cc1ccccc1[N+](=O)[O-],0
official_v15_647,Nc1ccc(Cl)cc1,1
official_v15_648,C=CC(OC(C)=O)c1ccc(OC)cc1,1
official_v15_649,CSCCC(NC(=O)COc1cc(Cl)c(Cl)cc1Cl)C(=O)O,0
official_v15_650,COC(=O)/C(Cl)=C(\OP(=O)(OC)OC)c1cc(Cl)ccc1Cl,0
official_v15_651,Nc1ccc(N)c(Cl)c1,1
official_v15_652,Nc1ccc(NOS(=O)(=O)O)cc1Cl,1
official_v15_653,Cc1ccc(NO)cc1C,1
official_v15_654,CC(=O)c1ccc([N+](=O)[O-])cc1,1
official_v15_655,COc1cccc(C(=O)CBr)c1,0
official_v15_656,CN(NO)C(=O)c1ccccc1,1
official_v15_657,Nc1cc([N+](=O)[O-])c(N)cc1F,1
official_v15_658,Cc1cc(N)ccc1NOS(=O)(=O)O,1
official_v15_659,Cc1ccc(C)c(O)c1C,0
official_v15_660,NC(=O)c1ccccc1O,0
official_v15_661,COP(=O)(OC)Oc1c(Cl)cc(C)cc1Cl,0
official_v15_662,Nc1cc(Cl)cc(Cl)c1O,0
official_v15_663,O=C(Cl)c1ccc(Cl)cc1Cl,1
official_v15_664,Cc1c([N+](=O)[O-])cc([N+](=O)[O-])c(N)c1[N+](=O)[O-],1
official_v15_665,Cc1ccc(O)c(C)c1,1
official_v15_666,CC(O)CC(=O)Nc1ccc(O)cc1,0
official_v15_667,O=C(O)c1ccc([N+](=O)[O-])cc1,1
official_v15_668,O=C(O)c1cccc(C(=O)O)c1,0
official_v15_669,COP(=O)(OC)O/C(C)=C/C(=O)OC(C)c1ccccc1,0
official_v15_670,CC(=O)N(CC(O)CO)c1c(I)c(C(=O)NCCO)c(I)c(C(=O)NCC(O)CO)c1I,0
official_v15_671,COc1cc(N)c(C)cc1N,0
official_v15_672,Oc1c(Cl)ccc(Cl)c1Cl,0
official_v15_673,CC(=O)Nc1cccc(C)c1,0
official_v15_674,COP(=O)(OC)O/C(C)=C\C(=O)O[C@@H](C)c1ccccc1,0
official_v15_675,Sc1c(Cl)c(Cl)c(Cl)c(Cl)c1Cl,0
official_v15_676,OCc1ccc(O)cc1,0
official_v15_677,O=[N+]([O-])c1ccccc1CCO,1
official_v15_678,CC(C)(C)CC(C)(C)c1ccc(O)cc1,0
official_v15_679,COP(=O)(OC)O/C(=C\Br)c1ccc(Cl)cc1Cl,0
official_v15_680,Cc1cc(C)c(N)cc1C,1
official_v15_681,CS(=O)(=O)c1ccc(Cl)cc1,0
official_v15_682,CCOP(=S)(CC)Sc1ccccc1,0
official_v15_683,CC(=O)Nc1ccc(S(N)(=O)=O)cc1,0
official_v15_684,CCOCCOC(=O)/C=C\c1ccc(OC)cc1,0
official_v15_685,CNc1ccc(N(CCO)CCO)cc1[N+](=O)[O-],1
official_v15_686,CCOc1ccc(NO)cc1,1
official_v15_687,Nc1cccc([N+](=O)[O-])c1N,1
official_v15_688,CCO[P@](=O)(NC(C)C)Oc1ccc(SC)c(C)c1,0
official_v15_689,Nc1ccc(Br)cc1,0
official_v15_690,Cc1c(N)cccc1N,1
official_v15_691,CNC[C@@H](O)c1cccc(O)c1,0
official_v15_692,O=[N+]([O-])c1c(Cl)c(Cl)c(Cl)c(Cl)c1Cl,0
official_v15_693,CCCCON(OC(C)=O)C(=O)c1ccc([N+](=O)[O-])cc1,1
official_v15_694,NC(CSc1c(Cl)c(Cl)c(Cl)c(Cl)c1Cl)C(=O)O,0
official_v15_695,O=C(O)c1c(Br)c(Br)c(Br)c(Br)c1C(=O)O,0
official_v15_696,OC/C=C/c1ccccc1,0
official_v15_697,Nc1ccccc1C(=O)CC(N)C(=O)O,0
official_v15_698,Nc1cc(C(=O)O)c(O)c(S(=O)(=O)O)c1,0
official_v15_699,COC(=O)c1ccc(O)cc1,0
official_v15_700,CC(=O)N(O)c1ccc(C)cc1,0
official_v15_701,ClCCSCc1ccccc1,1
official_v15_702,Cc1cc(C)cc(NO)c1,1
official_v15_703,Brc1c(Br)c(Br)c(Br)c(Br)c1Br,0
official_v15_704,CC(=O)c1cc(NC(=O)NC(C)(C)C)ccc1OCC(O)CNC(C)(C)C,0
official_v15_705,CC(=O)Nc1ccc(OCC(O)CNC(C)C)cc1,0
official_v15_706,CCNc1cccc(O)c1,1
official_v15_707,[N-]=[N+]=NCCc1ccccc1,1
official_v15_708,OCCOc1cc(Cl)c(Cl)cc1Cl,0
official_v15_709,CN(Cc1ccc(Cl)cc1)N=O,1
official_v15_710,Cc1ccc(N)c(O)c1,1
official_v15_711,Cc1ccc(N)c(N)c1,1
official_v15_712,O=Cc1ccc(Cl)cc1,0
official_v15_713,CCCC(=O)OCc1ccc([N+](=O)[O-])cc1,1
official_v15_714,CC(C)(C)c1cccc(C(C)(C)C)c1O,0
official_v15_715,CC(=O)ON(C(C)=O)c1ccccc1C,0
official_v15_716,CC(=O)c1ccc(CC(C)C)cc1,0
official_v15_717,CCN(CC)S(=O)(=O)c1ccc(N)cc1,0
official_v15_718,C/C=C\c1ccc(O)c(OC)c1,0
official_v15_719,Clc1cc(Cl)c(Cl)cc1Cl,0
official_v15_720,CNc1ccc(O)cc1,1
official_v15_721,c1ccccc1,0
official_v15_722,CC(C)COC(=O)COc1cc(Cl)c(Cl)cc1Cl,0
official_v15_723,Oc1cc(Cl)cc(Cl)c1Cl,0
official_v15_724,CC(=O)/C(=N/O)C(=O)N(c1ccccc1)N(C)N=O,1
official_v15_725,COP(=S)(OC)Oc1ccc(SC)c(C)c1,0
official_v15_726,C=CCOC(=O)c1ccccc1N,0
official_v15_727,CC(C)NCC(O)c1ccc(O)c(O)c1,0
official_v15_728,O=[N+]([O-])c1ccc(Cl)c(Cl)c1Cl,1
official_v15_729,ClC(Cl)=Cc1c(Cl)c(Cl)c(Cl)c(Cl)c1Cl,0
official_v15_730,Cc1c([N+](=O)[O-])cc([N+](=O)[O-])cc1[N+](=O)[O-],1
official_v15_731,CCOC(=O)c1ccccc1C(=O)OCC,0
official_v15_732,C=CCc1ccc(O)c(OC)c1,0
official_v15_733,Nc1ccccc1Cl,0
official_v15_734,Cc1ccc(S(=O)(=O)O)cc1C,0
official_v15_735,O=C(Cl)OCc1ccccc1,0
official_v15_736,Oc1ccccc1O,0
official_v15_737,O=C(O)COc1ccc(Cl)cc1Cl,0
official_v15_738,CCCCCCCCOc1ccc(C(=O)O)cc1,0
official_v15_739,O=[N+]([O-])c1cc(Cl)c(Cl)c(Cl)c1Cl,0
official_v15_740,Cc1cc(C#[N+][O-])cc(C#[N+][O-])c1,1
official_v15_741,CC(C)COC(=O)Cc1ccccc1,0
official_v15_742,O=C(O)COc1ccc(Cl)cc1,0
official_v15_743,O=C(Cl)c1ccc(C(=O)Cl)cc1,1
official_v15_744,O=CN(O)c1cccc(Cl)c1,0
official_v15_745,Nc1c(O)cccc1C(=O)O,0
official_v15_746,CCCCN(CC(O)c1ccc(O)cc1)N=O,0
official_v15_747,O=[N+]([O-])c1cc(N(CCO)CCO)ccc1NCCO,1
official_v15_748,CC(C)COC(=O)c1ccccc1C(=O)OCC(C)C,0
official_v15_749,CC(=O)OCc1cc(C(C)=O)ccc1OC(C)=O,1
official_v15_750,CCN(CC)C(=O)Nc1ccc(OCC(O)CNC(C)(C)C)c(C(C)=O)c1,0
official_v15_751,Clc1ccc(Br)cc1,0
official_v15_752,NC(=O)c1ccccc1[N+](=O)[O-],1
official_v15_753,CCCCC[C@@H](CC)OC(=O)c1cccc(C(=O)O[C@H](CC)CCCCC)c1,0
official_v15_754,FC(F)(F)c1ccc(CCl)cc1,0
official_v15_755,COc1ccc(CO)cc1,0
official_v15_756,O=[N+]([O-])c1cc([N+](=O)[O-])cc([N+](=O)[O-])c1,1
official_v15_757,O=[N+]([O-])c1ccc(S)cc1,1
official_v15_758,COc1ccc([N+](=O)[O-])cc1N,1
official_v15_759,Nc1ccccc1C(=O)O,0
official_v15_760,CSCNc1ccccc1,1
official_v15_761,Nc1cccc([N+](=O)[O-])c1O,0
official_v15_762,CCCCOP(=O)(OCCCC)Oc1ccccc1,0
official_v15_763,CC(=O)OCc1ccccc1[N+](=O)[O-],0
official_v15_764,CN(C)N=Nc1ccccc1,1
official_v15_765,N#Cc1ccccc1[N+](=O)[O-],0
official_v15_766,O=C(O)/C=C/c1ccccc1[N+](=O)[O-],0
official_v15_767,NC(Cc1ccc(O)cc1)C(=O)O,0
official_v15_768,CC(C)CCCCCOC(=O)c1ccccc1C(=O)OCCCCCC(C)C,0
official_v15_769,CCCCON(OC(C)=O)C(=O)c1ccc(C)cc1,1
official_v15_770,CC(=O)CC(=O)Nc1ccc(O)cc1,0
official_v15_771,O=C(O)CCC(=O)Nc1ccc(Cl)c(Cl)c1Cl,0
official_v15_772,Cc1cccc(C)c1,0
official_v15_773,Nc1ccc(Cl)cc1[N+](=O)[O-],1
official_v15_774,BrCc1ccc(CBr)cc1,0
official_v15_775,Sc1ccccc1,0
official_v15_776,NC(CCC(=O)Nc1ccc([N+](=O)[O-])cc1)C(=O)O,0
official_v15_777,C=Cc1c(Cl)c(Cl)c(Cl)c(Cl)c1Cl,0
official_v15_778,OCCc1ccccc1,0
official_v15_779,COc1c(Cl)c(Cl)c([N+](=O)[O-])c(Cl)c1Cl,0
official_v15_780,O=[N+]([O-])c1cc([N+](=O)[O-])c(O)c([N+](=O)[O-])c1O,0
official_v15_781,CNc1ccccc1C(=O)OC,0
official_v15_782,CCOc1cccc([N+](=O)[O-])c1,0
official_v15_783,Cc1ccc(N=NN(C)C)cc1,1
official_v15_784,C=C[C@](C)(CCC=C(C)C)OC(=O)c1ccccc1N,0
official_v15_785,COc1cc(OC)c(OC)cc1C=O,0
official_v15_786,CN(Cc1cccc(C#N)c1)N=O,1
official_v15_787,CN(Cc1ccccc1)N=O,1
official_v15_788,C=C(CC)C(=O)c1ccc(OCC(=O)O)c(Cl)c1Cl,0
official_v15_789,CNC(=O)Nc1ccccc1,0
official_v15_790,Cc1cc(C)c(N)c(C)c1N,1
official_v15_791,CSCCC(NC=O)C(=O)NC(Cc1ccccc1)C(=O)O,0
official_v15_792,Cc1ccc(Cl)cc1N,0
official_v15_793,COc1c(C(C)(C)C)cc([N+](=O)[O-])c(C)c1[N+](=O)[O-],0
official_v15_794,O=C(O)c1ccccc1C(=O)O,0
official_v15_795,CCc1ccccc1[N+](=O)[O-],0
official_v15_796,O=C(Cl)C(Cl)c1ccccc1,1
official_v15_797,Nc1ccc(CC(=O)O)cc1,1
official_v15_798,CC(=O)OC(c1ccccc1)N(C)N=O,1
official_v15_799,CC(=O)N(O)c1ccc(Br)cc1,0
official_v15_800,Cc1cccc(C)c1NO,1
official_v15_801,Nc1cccc(O)c1[N+](=O)[O-],0
official_v15_802,CCC(CCC(C)O)COC(=O)c1ccccc1C(=O)O,0
official_v15_803,Cc1cccc(OC[C@@H](O)CNC(C)(C)C)c1C,0
official_v15_804,Cc1cc(C)c([N+](=O)[O-])cc1[N+](=O)[O-],1
official_v15_805,ClCc1ccccc1CCl,0
official_v15_806,CN(C)c1ccc(N(C)C)cc1,1
official_v15_807,Nc1cc([N+](=O)[O-])cc(S(=O)(=O)O)c1O,0
official_v15_808,CC(C)COS(=O)(=O)c1ccccc1,1
official_v15_809,CN(Cc1ccc(Br)cc1)N=O,1
official_v15_810,O=[N+]([O-])c1ccc(Br)cc1,1
official_v15_811,CC(=O)Nc1ccc(CC(=O)O)cc1,0
official_v15_812,COc1ccccc1O,0
official_v15_813,CCON(OC(C)=O)C(=O)c1ccccc1,1
official_v15_814,NC(=O)c1ccc([N+](=O)[O-])cc1,1
official_v15_815,C/C=C/c1cccc(OC)c1OC,1
official_v15_816,O=[N+]([O-])c1ccc([N+](=O)[O-])cc1,1
official_v15_817,O=Cc1ccccc1,0
official_v15_818,NC(=O)c1ccccc1,0
official_v15_819,CC(=O)OCc1ccccc1,0
official_v15_820,COC(=O)c1ccccc1C(=O)OC,0
official_v15_821,Nc1ccc([N+](=O)[O-])cc1[N+](=O)[O-],1
official_v15_822,BrCc1cccc(CBr)c1,0
official_v15_823,Oc1c(Cl)cccc1Cl,0
official_v15_824,Cc1c([N+](=O)[O-])cc(N)cc1[N+](=O)[O-],1
official_v15_825,NC(=S)c1c(Cl)cccc1Cl,1
official_v15_826,N[C@@H](CSCc1ccccc1)C(=O)O,0
official_v15_827,O=[N+]([O-])c1ccc(N(CCO)CCO)c(O)c1,1
official_v15_828,CN(c1c([N+](=O)[O-])cc([N+](=O)[O-])cc1[N+](=O)[O-])[N+](=O)[O-],1
official_v15_829,CCCCCCCOc1ccccc1NC(=O)OC(C)CN(CC)CC,0
official_v15_830,Cc1cc(C(=O)O)ccc1[N+](=O)[O-],1
official_v15_831,COc1cc(NC(C)=O)ccc1NC(C)=O,0
official_v15_832,Cc1ccc(CCl)cc1,0
official_v15_833,Cc1ccccc1C,0
official_v15_834,Nc1ccc([N+](=O)[O-])c(O)c1,1
official_v15_835,CCOc1ccc(NC(=O)C[C@@H](C)O)cc1,1
official_v15_836,CN(Cc1ccc(C(=O)O)cc1)N=O,0
official_v15_837,CNNCc1ccc(C(=O)NC(C)C)cc1,0
official_v15_838,O=C(O)/C=C/c1cccc([N+](=O)[O-])c1,1
official_v15_839,O=C(O)COc1cc(Cl)c(Cl)cc1Cl,0
official_v15_840,COc1ccc(NOS(=O)(=O)O)cc1N,1
official_v15_841,O=[N+]([O-])c1cccc(CO)c1,0
official_v15_842,Cc1ccc(O)cc1C,0
official_v15_843,CSc1ccc(Cl)cc1,0
official_v15_844,CC(=O)c1ccc(NO)cc1,1
official_v15_845,O=C(O)c1cc(O)c(O)c(O)c1,0
official_v15_846,CCCOC(=O)c1ccc(O)cc1,0
official_v15_847,Nc1cc(Cl)cc(Cl)c1,0
official_v15_848,COC(=O)/C(Br)=C(\OP(=O)(OC)OC)c1ccc(Cl)cc1Cl,0
official_v15_849,Nc1ccc([N+](=O)[O-])cc1N,1
official_v15_850,COc1cc([N+](=O)[O-])c(O)c(C(C)(C)C)c1,0
official_v15_851,CC(Cl)c1ccccc1,0
official_v15_852,CCCCc1cc(C)cc(CCCC)c1O,0
official_v15_853,CC(CCN=[N+]=[N-])c1ccccc1,1
official_v15_854,CCOc1ccc(N(O)C(C)=O)cc1,1
official_v15_855,Cc1ccc(NO)cc1[N+](=O)[O-],0
official_v15_856,C=Cc1ccc(O)c(OC)c1,0
official_v15_857,CCOC(=O)c1ccc(N(O)C=O)cc1,0
official_v15_858,CCCCC(CC)COC(=O)c1ccc(N(C)N=O)cc1,0
official_v15_859,CC(=O)c1ccccc1[N+](=O)[O-],0
official_v15_860,Cc1cccc([N+](=O)[O-])c1C(O)O,1
official_v15_861,Nc1cc([N+](=O)[O-])c(N)cc1Cl,1
official_v15_862,O=C(O)c1ccccc1[N+](=O)[O-],1
official_v15_863,Cc1ccc(O)c(O)c1,0
official_v15_864,CC(C)CCCCCCCOC(=O)c1ccccc1C(=O)OCCCCCCCC(C)C,0
official_v15_865,Cc1c(C)c([N+](=O)[O-])c(C(C)(C)C)c([N+](=O)[O-])c1C,0
official_v15_866,CCCC[C@@H](CC)COC(=O)/C=C/c1ccc(OC)cc1,0
official_v15_867,Nc1cccc(Cl)c1,0
official_v15_868,CCCCOC(=O)c1ccc(O)cc1,0
official_v15_869,N/C(=N\O)c1ccccc1,1
official_v15_870,Nc1cc(Cl)cc(C(=O)O)c1Cl,1
official_v15_871,Oc1ccc(Cl)c(Cl)c1Cl,0
official_v15_872,C=Cc1ccccc1C=C,0
official_v15_873,CC(=O)Nc1ccc([N+](=O)[O-])cc1,0
official_v15_874,CNc1ccc([N+](=O)[O-])cc1,1
official_v15_875,Cc1c(N)cc(N)cc1[N+](=O)[O-],1
official_v15_876,O=C(Cl)c1c(Cl)cccc1Cl,1
official_v15_877,Cc1cccc(N=O)c1,0
official_v15_878,CC(Oc1cc(Cl)c(Cl)cc1Cl)C(=O)O,0
official_v15_879,CC[C@@H](C)c1ccccc1O,0
official_v15_880,O=[N+]([O-])c1ccccc1O,0
official_v15_881,Cc1ccc(O)cc1,0
official_v15_882,COc1c([N+](=O)[O-])cc([N+](=O)[O-])cc1[N+](=O)[O-],1
official_v15_883,CN(C)c1ccc(N)cc1,1
official_v15_884,CCCN(CCC)S(=O)(=O)c1ccc(C(=O)O)cc1,0
official_v15_885,O=C(O)c1ccc(Cl)c([N+](=O)[O-])c1,1
official_v15_886,CC[C@@H](C)Nc1ccc(N[C@H](C)CC)cc1,0
official_v15_887,Cc1c(N)cc([N+](=O)[O-])c(N)c1C,1
official_v15_888,Cc1ccc(CN(C)N=O)cc1,0
official_v15_889,Cc1ccc([N+](=O)[O-])cc1N=O,1
official_v15_890,Cc1cccc(C)c1N,1
official_v15_891,Cc1cc([N+](=O)[O-])ccc1N,1
official_v15_892,OCc1ccccc1,0
official_v15_893,NNc1ccccc1,1
official_v15_894,CCCC[C@H](CC)COC(=O)c1cccc(C(=O)OC[C@@H](CC)CCCC)c1,0
official_v15_895,CC(C)(C)c1cc(O)ccc1O,0
official_v15_896,C=CCc1ccccc1OCC(O)CNC(C)C,0
official_v15_897,Cc1ccc(N)c([N+](=O)[O-])c1,1
official_v15_898,CCN(CC)c1ccc(N)cc1,1
official_v15_899,O=[N+]([O-])c1cc(Cl)ccc1Cl,1
official_v15_900,CCCCOCCOC(=O)COc1ccc(Cl)cc1Cl,0
official_v15_901,O=CNc1ccccc1,0
official_v15_902,Oc1c(Cl)c(Cl)cc(Cl)c1Cl,0
official_v15_903,CCN(CC)S(=O)(=O)c1ccc(NC(C)=O)cc1,0
official_v15_904,COC(=O)COc1ccc(Cl)cc1Cl,0
official_v15_905,C=Cc1ccc([N+](=O)[O-])cc1,1
official_v15_906,CCCCCCCCCc1ccccc1C(CO)OS(=O)(=O)O,0
official_v15_907,CCC(=O)OCc1ccc([N+](=O)[O-])cc1,1
official_v15_908,CCC(C)c1cc([N+](=O)[O-])cc([N+](=O)[O-])c1O,0
official_v15_909,COc1ccccc1/C=C\C=O,1
official_v15_910,CC(C)NCC(O)c1ccc(NS(C)(=O)=O)cc1,0
official_v15_911,CCNc1cc(O)ccc1C,1
official_v15_912,C=C[C@@H](OC(C)=O)c1ccc(OC)cc1,1
official_v15_913,COc1ccc(OC)cc1,0
official_v15_914,SCc1ccccc1,0
official_v15_915,O=[N+]([O-])c1cccc(Cl)c1Cl,0
official_v15_916,CC(=O)Nc1ccc(C)cc1,1
official_v15_917,Nc1ccccc1N,1
official_v15_918,Cc1cc(C)cc(O)c1,0
official_v15_919,Clc1cc(Cl)cc(Cl)c1,0
official_v15_920,CC(C)(Br)C(=O)NCc1ccccc1,0
official_v15_921,CC(C)CCCCCCOC(=O)c1ccccc1C(=O)OCCCCCCC(C)C,0
official_v15_922,CC(=O)NS(=O)(=O)c1ccc(N)cc1,0
official_v15_923,Nc1ccc(Cl)c(N)c1,1
official_v15_924,O=C(/C=N/O)Nc1ccccc1,0
official_v15_925,CC(Br)C(=O)NCc1ccccc1,1
official_v15_926,Oc1cc(Cl)cc(Cl)c1,0
official_v15_927,O=[N+]([O-])c1ccccc1,0
official_v15_928,Cc1cc(C)c(C)cc1C,0
official_v15_929,Nc1ccc(O)c([N+](=O)[O-])c1,1
official_v15_930,CC(c1ccccc1)N(C)C,0
official_v15_931,CCCC[C@@H](CC)COC(=O)c1ccccc1C(=O)O,0
official_v15_932,CC(C)CCCCCOC(=O)Cc1ccc(Cl)cc1Cl,0
official_v15_933,C=CCOC(=O)c1ccccc1C(=O)OCC=C,0
official_v15_934,CCC(=O)Nc1ccc(Cl)c(Cl)c1,0
official_v15_935,Cc1c([N+](=O)[O-])cccc1[N+](=O)[O-],1
official_v15_936,CN(C)C(=O)Nc1cccc(C(F)(F)F)c1,0
official_v15_937,COCCc1ccc(OCC(O)CNC(C)C)cc1,0
official_v15_938,Cc1ccc(NC(=O)N(C)C)cc1Cl,0
official_v15_939,Cc1cccc(NO)c1,1
official_v15_940,Nc1c(Cl)cc([N+](=O)[O-])cc1Cl,1
official_v15_941,CNC(=O)Oc1ccccc1,0
official_v15_942,Fc1c(F)c(Cl)c(F)c(Cl)c1F,0
official_v15_943,C=Cc1ccc(N)cc1,1
official_v15_944,O=C(O)c1ccc([N+](=O)[O-])cc1[N+](=O)[O-],1
official_v15_945,Nc1cc([N+](=O)[O-])ccc1C(=O)O,1
official_v15_946,O=C(O)c1cc(Cl)ccc1O,0
official_v15_947,Nc1cc(Cl)ccc1[N+](=O)[O-],1
official_v15_948,COc1ccc([N+](=O)[O-])cc1,1
official_v15_949,CN(C)N=Nc1ccc([N+](=O)[O-])cc1,1
official_v15_950,Nc1cccc(N)c1,1
official_v15_951,Cc1ccc(C)c(NO)c1,1
official_v15_952,C[N+](C)(C)Cc1ccccc1,0
official_v15_953,O=C(Cl)c1cc([N+](=O)[O-])cc([N+](=O)[O-])c1,1
official_v15_954,N#CCc1ccccc1[N+](=O)[O-],1
official_v15_955,CC(C)(C)NCC(O)c1ccc(O)c(NC(N)=O)c1,0
official_v15_956,O=[N+]([O-])c1ccc(CCl)cc1,1
official_v15_957,OC(=S)c1ccccc1,0
official_v15_958,COc1ccc(C=O)cc1OC,0
official_v15_959,ClCc1ccc(CCl)cc1,0
official_v15_960,O=C(O)CNC(=O)c1ccc([N+](=O)[O-])cc1,1
official_v15_961,COCCOC(=O)c1ccccc1C(=O)OCCOC,1
official_v15_962,O=C(CCl)c1ccc(Cl)cc1Cl,1
official_v15_963,CCOP(=S)(OCC)Oc1ccc(S(C)=O)cc1,0
official_v15_964,CCCCON(OC(C)=O)C(=O)c1ccc(OC)cc1,1
official_v15_965,O=[N+]([O-])c1cccc(CBr)c1,0
official_v15_966,COc1cc(C=O)ccc1O,0
official_v15_967,C=Cc1ccccc1Cl,0
official_v15_968,CCNS(=O)(=O)c1ccc(C)cc1,0
official_v15_969,Nc1cc([N+](=O)[O-])cc([N+](=O)[O-])c1,1
official_v15_970,Cc1ccc(C)c(C)c1C,0
official_v15_971,CCN(CC)c1ccc(N=O)cc1,1
official_v15_972,O=[N+]([O-])c1ccccc1[N+](=O)[O-],1
official_v15_973,Cc1cccc(C(=O)O)c1[N+](=O)[O-],1
official_v15_974,CC(=O)Nc1ccc(O)cc1,0
official_v15_975,O=C(O)Cc1cccc([N+](=O)[O-])c1,0
official_v15_976,BrCc1ccc(Br)cc1,0
official_v15_977,O=Cc1c(Cl)cccc1Cl,0
official_v15_978,Cc1cc(C)c(C)c(C)c1,0
official_v15_979,CC(Oc1ccc(Cl)cc1Cl)C(=O)O,0
official_v15_980,O=[N+]([O-])c1c(Cl)c(Cl)cc(Cl)c1Cl,0
official_v15_981,CCOS(=O)(=O)c1ccc(C)cc1,1
official_v15_982,CCCCOc1ccc(CC(=O)NO)cc1,1
official_v15_983,Cc1cc(S(=O)(=O)O)ccc1N,0
official_v15_984,Cc1cc(N)c([N+](=O)[O-])c(C)c1N,0
official_v15_985,NC(=O)c1cccc([N+](=O)[O-])c1,1
official_v15_986,ONc1ccccc1,1
official_v15_987,Cc1ccc(NO)cc1,1
official_v15_988,COc1ccccc1[N+](=O)[O-],1
official_v15_989,NNc1ccc(C(=O)O)cc1,0
official_v15_990,Cc1cc(C)c(N)c(C)c1,1
official_v15_991,CSc1ccc([N+](=O)[O-])cc1[N+](=O)[O-],1
official_v15_992,CCCCC(CC)COC(=O)c1ccc(C(=O)OCC(CC)CCCC)cc1,0
official_v15_993,CC(C)NCC(O)COc1ccc(CC(N)=O)cc1,0
official_v15_994,Cc1cccc(C#N)c1,0
official_v15_995,O=C(O)c1cccc(Cl)c1,0
official_v15_996,Clc1ccc(Cl)cc1,0
official_v15_997,O=[N+]([O-])c1cc([N+](=O)[O-])c(O)c([N+](=O)[O-])c1,1
official_v15_998,O=Cc1ccc(Cl)cc1Cl,0
official_v15_999,COc1cc(CCC(C)=O)ccc1O,0
official_v15_1000,CN[C@H](C)[C@@H](O)c1ccccc1,0
official_v15_1001,NCCc1ccc(O)c(O)c1,1
official_v15_1002,O=C(Cl)c1ccc([N+](=O)[O-])cc1,1
official_v15_1003,O=Cc1ccccc1O,0
official_v15_1004,CCOc1cccc(N)c1,1
official_v15_1005,CCOC[C@@H](O)COc1ccc(NC(=O)CC[S+](C)C)cc1,0
official_v15_1006,O=C(Cl)c1ccccc1Cl,1
official_v15_1007,Oc1ccc(Cl)c(Cl)c1,0
official_v15_1008,CCOCN(C(=O)CCl)c1c(C)cccc1CC,0
official_v15_1009,O=[N+]([O-])c1ccccc1S(=O)(=O)O,0
official_v15_1010,COc1ccc(C)cc1N,1
official_v15_1011,Oc1c(Cl)c(Cl)c(Cl)c(Cl)c1Cl,0
official_v15_1012,COC(=O)C(CSCC(Br)c1ccccc1)NC(C)=O,0
official_v15_1013,CC(=O)Nc1ccc(C(=O)CCl)cc1,1
official_v15_1014,Oc1cccc(O)c1O,1
official_v15_1015,CCN(CC)c1cccc(O)c1,1
official_v15_1016,O=[N+]([O-])c1ccc(CO)cc1,0
official_v15_1017,O=S(O)c1ccc(Cl)cc1,0
official_v15_1018,O=[N+]([O-])c1cc(C(F)(F)F)cc([N+](=O)[O-])c1O,0
official_v15_1019,Nc1ccc(F)cc1F,1
official_v15_1020,O=[N+]([O-])c1cc(C(F)(F)F)cc([N+](=O)[O-])c1Cl,0
official_v15_1021,NNc1ccc([N+](=O)[O-])cc1[N+](=O)[O-],1
official_v15_1022,Cl/C=C(\Cl)c1c(Cl)c(Cl)c(Cl)c(Cl)c1Cl,0
official_v15_1023,COc1cc(N)cc(OC)c1N,0
official_v15_1024,COc1ccc(N)c(OC)c1,1
official_v15_1025,CC(=O)N(O)c1ccc([N+](=O)[O-])cc1,1
official_v15_1026,Clc1ccc(C(Cl)(Cl)Cl)cc1Cl,1
official_v15_1027,O=Nc1ccc(O)cc1,1
official_v15_1028,CCCCOC(=O)COc1ccc(Cl)cc1Cl,0
official_v15_1029,Nc1ccc(Cl)c(Cl)c1Cl,0
official_v15_1030,Cc1ccc([N+](=O)[O-])c(C)c1[N+](=O)[O-],1
official_v15_1031,CCCNC(=O)NS(=O)(=O)c1ccc(Cl)cc1,0
official_v15_1032,O=Cc1ccc(O)cc1,0
official_v15_1033,CC(Cc1ccc(O)c(O)c1)(NN)C(=O)O,1
official_v15_1034,Nc1cc(Cl)cc(S(=O)(=O)O)c1O,0
official_v15_1035,CC(C)(C)OC(=O)O/N=C(\C#N)c1ccccc1,0
official_v15_1036,COc1cc(CNC(=O)CCCCCCC(C)C)ccc1O,1
official_v15_1037,N#C[C@@H](O)c1ccccc1,0
official_v15_1038,Cc1ccc(NO)c(C)c1,1
official_v15_1039,Clc1ccc(Cl)c(Cl)c1,0
official_v15_1040,Cc1cccc(C)c1C,1
official_v15_1041,COc1cccc(CN(C)N=O)c1,1
official_v15_1042,N[C@H](Cc1ccc(F)cc1)C(=O)O,0
official_v15_1043,Cc1cc(C)cc(N)c1,1
official_v15_1044,Oc1c(Cl)cc(Cl)c(Cl)c1Cl,0
official_v15_1045,CC(Cl)C(=O)NCc1ccccc1,0
official_v15_1046,CC(=O)C(=O)c1ccccc1,0
official_v15_1047,Oc1cc(Cl)ccc1Cl,0
official_v15_1048,Nc1c(Br)cc([N+](=O)[O-])cc1[N+](=O)[O-],1
official_v15_1049,CC(=O)N(O)c1ccc(Cl)c(Cl)c1,0
official_v15_1050,Clc1ccc(C(Cl)(Cl)Cl)c(Cl)c1,1
official_v15_1051,Cc1ccc(N)cc1C,1
official_v15_1052,Oc1ccc(Cl)cc1Cl,0
official_v15_1053,O=C(Cl)c1ccc(Cl)cc1,0
official_v15_1054,O=C(Cl)CCc1ccccc1,1
official_v15_1055,COc1ccc(O)cc1,0
official_v15_1056,CC(=O)CC(=O)Nc1ccccc1,0
official_v15_1057,O=C(O)CCC(NC(=O)COc1cc(Cl)c(Cl)cc1Cl)C(=O)O,0
official_v15_1058,Cc1ccccc1Br,0
official_v15_1059,Nc1ccc(N)cc1,1
official_v15_1060,Nc1ccc(/C=C/C(=O)O)cc1,0
official_v15_1061,Fc1ccc(CCl)cc1,0
official_v15_1062,Cc1ccc(C)c(C)c1,0
official_v15_1063,CN(Cc1ccc([N+](=O)[O-])cc1)N=O,1
official_v15_1064,Oc1cccc(Cl)c1Cl,0
official_v15_1065,NC(Cc1ccccc1)C(=O)O,0
official_v15_1066,O=C(Cl)c1ccccc1[N+](=O)[O-],1
official_v15_1067,CCNC(=O)Nc1ccc(OCC(O)CNC(C)(C)C)c(C(C)=O)c1,0
official_v15_1068,CC(C)c1cc(N)c([N+](=O)[O-])cc1N,1
official_v15_1069,CCCC(=O)c1cc(O)c(O)cc1O,1
official_v15_1070,Cc1c(O)cccc1O,0
official_v15_1071,CCCCON(OC(C)=O)C(=O)c1ccc(Br)cc1,1
official_v15_1072,Cc1cc(N)c([N+](=O)[O-])cc1N,1
official_v15_1073,CN(CCO)C(=O)Nc1ccc(Cl)c(Cl)c1,0
official_v15_1074,Cc1ccc(S(=O)(=O)OC(C)C)cc1,1
official_v15_1075,O=[N+]([O-])c1ccc(Cl)cc1,1
official_v15_1076,Nc1ccc(C=O)cc1,0
official_v15_1077,O=S(=O)(O)ONNCCc1ccccc1,1
official_v15_1078,O=[N+]([O-])c1ccc(CO)c([N+](=O)[O-])c1,1
official_v15_1079,CCN(CC)c1ccccc1,0
official_v15_1080,Cl/C=C/c1c(Cl)c(Cl)c(Cl)c(Cl)c1Cl,0
official_v15_1081,Oc1cc(Cl)c(Cl)c(Cl)c1,0
official_v15_1082,CCCCOCN(C(=O)CCl)c1c(CC)cccc1CC,1
official_v15_1083,CN(CCO)C(=O)Nc1ccccc1,0
official_v15_1084,COc1ccc(/C(Br)=C\C(=O)O)cc1,1
official_v15_1085,COC(=O)c1ccc(C)cc1,0
official_v15_1086,CC(C)(C)OOC(C)(C)c1cccc(C(C)(C)OOC(C)(C)C)c1,0
official_v15_1087,CNS(=O)(=O)c1ccc(N)cc1,0
official_v15_1088,CC(=O)c1c(C)c([N+](=O)[O-])c(C(C)(C)C)c([N+](=O)[O-])c1C,0
official_v15_1089,CCc1ccccc1N,0
official_v15_1090,Cc1ccc(N)cc1O,1
official_v15_1091,N#Cc1ccc([N+](=O)[O-])cc1,0
official_v15_1092,CC(C)Nc1ccccc1,0
official_v15_1093,Cc1cc(C)cc([N+](=O)[O-])c1,1
official_v15_1094,CCCOC(=O)c1cc(O)c(O)c(O)c1,0
official_v15_1095,Cc1ccc(N=C=O)cc1N=C=O,1
official_v15_1096,O=C(O)c1ccc(Cl)c(Cl)c1,0
official_v15_1097,Cc1c(C(=O)O)cccc1[N+](=O)[O-],1
official_v15_1098,O=Nc1ccc(NO)cc1,1
official_v15_1099,N#Cc1c(Cl)c(Cl)c(Cl)c(C#N)c1Cl,0
official_v15_1100,O=[N+]([O-])c1c(O)c(Cl)cc(Cl)c1Cl,0
official_v15_1101,CCOP(=S)(OCC)Oc1ccc([N+](=O)[O-])cc1,0
official_v15_1102,NC(=O)c1ccc(N)cc1,0
official_v15_1103,CCOc1ccc([N+](=O)[O-])cc1,1
official_v15_1104,CC(C)Cc1ccc(C(C)C(=O)O)cc1,0
official_v15_1105,COC(=O)c1ccc(C=O)cc1,0
official_v15_1106,O=C(O)CCC(=O)Nc1ccc(Cl)c(Cl)c1,0
official_v15_1107,Cc1ccc(CO)cc1,0
official_v15_1108,CCCCON(OC(C)=O)C(=O)c1ccc(Cl)cc1,1
official_v15_1109,CCCCC(CC)COC(=O)c1ccc(C(=O)O)cc1,0
official_v15_1110,CCOc1cc(C=O)ccc1O,0
official_v15_1111,Nc1cccc(C(F)(F)F)c1,0
official_v15_1112,COc1cc([N+](=O)[O-])ccc1NC(C)=O,1
official_v15_1113,CNS(=O)(=O)c1ccc(NC(C)=O)cc1,0
official_v15_1114,CC(=O)CC(=O)Nc1ccccc1C,0
official_v15_1115,CC/C=C/C=C/C=C/C=C/C=C/OCC(O)c1ccccc1,1
official_v15_1116,O=[N+]([O-])c1cccc(Br)c1,1
official_v15_1117,CC(=O)OCN(N=O)c1ccccc1,1
official_v15_1118,O=C(O)Cc1ccc(Cl)cc1,0
official_v15_1119,CN(C)c1cccc(O)c1,1
official_v15_1120,C=CC(O)c1ccc(OC)cc1,0
official_v15_1121,O=[N+]([O-])c1ccc(S(=O)(=O)Cl)cc1,1
official_v15_1122,Nc1ccccc1S,1
official_v15_1123,Cc1ccc(N)c(S(=O)(=O)O)c1,0
official_v15_1124,CCc1cccc(CC)c1N,1
official_v15_1125,CN(Cc1ccccc1)C(=O)CBr,0
official_v15_1126,CCC(=O)NCc1ccccc1,0
official_v15_1127,CN(C)c1ccc(/C=C/C=O)cc1,0
official_v15_1128,O=C(O)/C=C/c1ccc(/C=C/C(=O)O)cc1,0
official_v15_1129,CCOc1ccc(NC(C)=O)cc1N,1
official_v15_1130,CN(C)Cc1ccccc1,0
official_v15_1131,N#CCc1ccccc1,0
official_v15_1132,CCCCOC(=O)COc1cc(Cl)c(Cl)cc1Cl,0
official_v15_1133,CCCC(=O)Nc1ccc(OC[C@H](O)CNC(C)C)c(C(C)=O)c1,0
official_v15_1134,C/C(C=O)=C/c1ccccc1,0
official_v15_1135,O=[N+]([O-])c1ccccc1CO,0
official_v15_1136,[N-]=[N+]=CC(=O)NCC(=O)NN,1
official_v15_1137,[N-]=[N+]=CC(=O)NCC(N)=O,1
official_v15_1138,[N-]=[N+]=CC(=O)OCC(N)C(=O)O,1
official_v15_1139,CCC[N+](=O)[O-],0
official_v15_1140,CCN(N=O)/C(C=O)=N/O,1
official_v15_1141,C=CC(=O)NCNC(=O)C=C,1
official_v15_1142,CC(=O)NC(CSC(Cl)=C(Cl)Cl)C(=O)O,1
official_v15_1143,CCN=NNCC,1
official_v15_1144,CCOC(=O)C(C)Br,1
official_v15_1145,CCSCCSP(=O)(OC)OC,0
official_v15_1146,COCCl,0
official_v15_1147,C=C(C)C(=O)OCCCCC,0
official_v15_1148,COC(C)CCO,0
official_v15_1149,CCCCCCCC(=O)Cl,1
official_v15_1150,C=C(C)C(=O)OC,0
official_v15_1151,COC(N)=O,0
official_v15_1152,C=CC(=O)OC,0
official_v15_1153,CCCCN(COC(C)=O)N=O,1
official_v15_1154,NP(=O)(OCCC(=O)O)N(CCCl)CCCl,1
official_v15_1155,O=C(O)C[C@H](C(=O)O)[C@@H](CC(=O)O)C(=O)O,1
official_v15_1156,CNC(=O)ON,1
official_v15_1157,C=CC(=O)O,0
official_v15_1158,O=C(O)CC(=O)O,0
official_v15_1159,CCCCC=O,0
official_v15_1160,CSC(C)(C)C(=O)NC(CS)C(=O)O,0
official_v15_1161,[N-]=[N+]=NCC(O)C(O)C(O)C(O)C=O,1
official_v15_1162,CCCCCCCCCCCC(=O)OOC(=O)CCCCCCCCCCC,0
official_v15_1163,C=CC(=O)OCCCCCC,0
official_v15_1164,CCCCCCCC/C=C/CCCCCCCCCCCC(=O)NCCCCCCCCCCCCCCCCCC,0
official_v15_1165,CCC(CC)[N+](=O)[O-],0
official_v15_1166,CCCCN(N=O)C(=N)N[N+](=O)[O-],1
official_v15_1167,CCCON=O,1
official_v15_1168,N#CCCN,0
official_v15_1169,CCCCC,0
official_v15_1170,[N-]=[N+]=NCCC(N)C(=O)O,1
official_v15_1171,FC(F)C(F)(F)F,0
official_v15_1172,CC(C)N(C(=O)SCC(Cl)=C(Cl)Cl)C(C)C,1
official_v15_1173,CN(C[C@H](O)CO)N=O,1
official_v15_1174,C=CC(=O)OCC(CC)(COC(=O)C=C)COC(=O)C=C,1
official_v15_1175,NC(=O)CCCCC(N)=O,0
official_v15_1176,NC(CS/C(Cl)=C(\Cl)C(Cl)(Cl)Cl)C(=O)O,1
official_v15_1177,C=C(C)C(=O)OC(C)(C)C,0
official_v15_1178,CCOC(=O)C[C@H](SP(=S)(OC)OC)C(=O)OCC,0
official_v15_1179,N#CCCNCCC#N,0
official_v15_1180,CC(C)C=O,0
official_v15_1181,N=C(N)S(=O)O,0
official_v15_1182,C=CCOC(=O)COCCC(C)C,0
official_v15_1183,CNC(=O)CSP(=S)(OC)OC,1
official_v15_1184,CCCCCCCC/C=C\CCCCCCCCN,1
official_v15_1185,NCCCNCCCN,0
official_v15_1186,NCCNCCO,1
official_v15_1187,CCOS(=O)(=O)OCC,1
official_v15_1188,CCCCCCCCC=O,0
official_v15_1189,CS(=N)(=O)CCC(N)C(=O)O,0
official_v15_1190,CC(C)(CO)CO,0
official_v15_1191,C/C=C(\C)CCl,1
official_v15_1192,COCCO,0
official_v15_1193,CC(C)C(C)C,0
official_v15_1194,O=C(O)C(=O)C(=O)O,0
official_v15_1195,C=C(Br)C=O,1
official_v15_1196,CCCCCCCCCCO,0
official_v15_1197,CCCCCCCCCCCCCCCCCC[N+](C)(C)CCCCCCCCCCCCCCCCCC,0
official_v15_1198,CCCCOP(=O)(OCCCC)OCCCC,0
official_v15_1199,CC(C)(CO)C(O)C(=O)NCCC(=O)O,0
official_v15_1200,OCCBr,1
official_v15_1201,OCCCCl,1
official_v15_1202,CC(=O)OC[C@H](O)CO,1
official_v15_1203,COCC(=O)O,0
official_v15_1204,C=CC(=O)OCCOCCOCCOCCOC(=O)C=C,0
official_v15_1205,CCOCCOCCOCC,0
official_v15_1206,CC(C)(C)OOC(C)(C)C,0
official_v15_1207,CNC(=O)NOC(=O)NC,1
official_v15_1208,CCCCCC(N)=O,0
official_v15_1209,CS(=O)(=O)OCCCCOS(C)(=O)=O,1
official_v15_1210,COP(=O)(OC)OC,1
official_v15_1211,C/C=C/CC,0
official_v15_1212,C=C(C)C(=O)OCCCCCCOC(=O)C(=C)C,0
official_v15_1213,O=C/C(=C(/Cl)C(=O)O)C(Cl)Cl,1
official_v15_1214,NC(CCC(=O)NC(CSC(=O)NCCCl)C(=O)NCC(=O)O)C(=O)O,1
official_v15_1215,CCCCCCCCCCCCCCCCCC(N)=O,0
official_v15_1216,CC(C)(O)C#N,0
official_v15_1217,CC(C)C[C@@H](C)N,0
official_v15_1218,CN(C)NC(=O)CCC(=O)O,0
official_v15_1219,CCOC(=O)N(CCC=O)N=O,1
official_v15_1220,CCOC(C)C(=O)C(O)O,1
official_v15_1221,C=CC(=O)OCC(C)O,0
official_v15_1222,CCCOS(C)(=O)=O,1
official_v15_1223,C=CC(=O)OCCCC,0
official_v15_1224,C=CC(=O)NCCCN(C)C,0
official_v15_1225,NCCS,0
official_v15_1226,CC(C)(N=O)[N+](=O)[O-],1
official_v15_1227,CCOP(=O)(OCC)[C@@H](C)NC(=O)N(CCCl)N=O,1
official_v15_1228,C[C@@H](O)C(=O)O,0
official_v15_1229,C[N+]([O-])(CCCl)CCCl,1
official_v15_1230,CCCCCCCCC,0
official_v15_1231,CCN(CC)C(=S)SSCC(NC(=O)CCC(N)C(=O)O)C(=O)NCC(=O)O,0
official_v15_1232,CC/C=C/C=C/C=C/C=C/C=C/OCCC,1
official_v15_1233,CC/C=C/C=C/C=C/C=C/C=C/OCC(O)CO,1
official_v15_1234,C=C(C)C(C)Cl,1
official_v15_1235,CCOC(=O)C(N)CS,1
official_v15_1236,NC(N)=S,0
official_v15_1237,C=CCN(CC=C)CC=C,0
official_v15_1238,O=C(Cl)C(Cl)Cl,1
official_v15_1239,COC(=O)C(C)CN=[N+]=[N-],1
official_v15_1240,FC(F)OC(Cl)C(F)(F)F,0
official_v15_1241,CC(C)=CCC/C(C)=C\CC/C(C)=C\CC/C=C(/C)CC/C=C(/C)CCC=C(C)C,0
official_v15_1242,CC/C(C)=N\O,1
official_v15_1243,CCCCOO,1
official_v15_1244,O=C(OCCBr)C(=O)OCCBr,1
official_v15_1245,C[C@@H](O)CO,0
official_v15_1246,CC(=O)NC(CS/C(Cl)=C/Cl)C(=O)O,1
official_v15_1247,C=CC(=O)OCC(C)C,0
official_v15_1248,CC(Cl)(Cl)C(=O)O,0
official_v15_1249,C=CC(=O)OCCOC,0
official_v15_1250,C=CCO,0
official_v15_1251,BrCCCCCBr,1
official_v15_1252,CCN,0
official_v15_1253,OCCCl,1
official_v15_1254,CCCCCCCCCCCCO,0
official_v15_1255,CC(C)CNCC(C)C,0
official_v15_1256,CCOC(=O)CNC(=O)C(C)Br,1
official_v15_1257,C=CC(=O)OCCCCC,0
official_v15_1258,CC(C)OS(C)(=O)=O,1
official_v15_1259,C=CCCC(C=O)CC,0
official_v15_1260,CCCNCCC,0
official_v15_1261,CCCCCN(CCCC)N=O,1
official_v15_1262,O=C(CO)CO,1
official_v15_1263,ClC(COCC(Cl)C(Cl)(Cl)Cl)C(Cl)(Cl)Cl,1
official_v15_1264,CCNCCN,0
official_v15_1265,CCCCCCCCCCCCCCCCCCO,0
official_v15_1266,CC[C@@H](C)N,0
official_v15_1267,CCCCN(CCC)N=O,1
official_v15_1268,CCCC[C@@H](CC)COC(=O)CCCCCCCCC(=O)OC[C@H](CC)CCCC,0
official_v15_1269,CCCO,0
official_v15_1270,ClC(Cl)Cl,0
official_v15_1271,CS(=O)(=O)O,0
official_v15_1272,CCCCCNCCCCC,0
official_v15_1273,[O-][Cl+3]([O-])([O-])[O-],0
official_v15_1274,CC(C)=CCCC(C)CC=O,0
official_v15_1275,CCN(CC)N(O)N=O,1
official_v15_1276,CCOCCO,0
official_v15_1277,ClC=C(Cl)Cl,0
official_v15_1278,C[N+](C)(C)CCO,0
official_v15_1279,CC(C)=CC=O,0
official_v15_1280,O=CC=C(Cl)Cl,1
official_v15_1281,CCC(CO)(CO)CO,0
official_v15_1282,O=[N+]([O-])C(Cl)Cl,1
official_v15_1283,CCCCC(C)C(OC(=O)CC(CC(=O)O)C(=O)O)C(CC(C)CCCCCCC(O)CC(O)C(C)N)OC(=O)CC(CC(=O)O)C(=O)O,0
official_v15_1284,CC(=O)OCN=[N+](C)[O-],0
official_v15_1285,CCCCCON=O,1
official_v15_1286,CCCCOC(=O)CCC,0
official_v15_1287,CC(Br)(CO)CBr,0
official_v15_1288,O=C(CCl)CCl,1
official_v15_1289,CC(C)=CCC/C(C)=C/C=C/C(C)=C/C=C/C(C)=C/C=C/C=C(C)/C=C/C=C(C)/C=C/C=C(\C)CCC=C(C)C,0
official_v15_1290,COP(C)(=O)OC,0
official_v15_1291,CC(C)=O,0
official_v15_1292,OCCS,0
official_v15_1293,CC(C)(C)OC(=O)[C@H](N)CN=[N+]=[N-],1
official_v15_1294,C/C=C/CC#N,0
official_v15_1295,CCBr,1
official_v15_1296,C[C@@H](O)CBr,1
official_v15_1297,CCCN(CCCCO)N=O,1
official_v15_1298,CN=C=O,0
official_v15_1299,O=C(O)CI,1
official_v15_1300,CCCC,0
official_v15_1301,CC(O)C#N,0
official_v15_1302,O=C(OCCBr)C(O)C(O)C(=O)OCCBr,1
official_v15_1303,OC[C@@H](O)[C@@H](O)[C@H](O)[C@@H](O)CO,0
official_v15_1304,C=C(Br)C(C)=O,1
official_v15_1305,CC(O)/C=C/C=O,1
official_v15_1306,CC/C=C/C=C/C=C/C=C/C=O,0
official_v15_1307,C=C(C=O)CC,1
official_v15_1308,ClC(Br)Br,0
official_v15_1309,CC(C)NC(C)C,0
official_v15_1310,C/C=C(/C)C#N,0
official_v15_1311,CCC[C@@H](O)[C@@H](CC)CO,0
official_v15_1312,BrCCCCBr,1
official_v15_1313,CC[C@@H](O)/C=C/C=C/C=C/C=C/C=O,1
official_v15_1314,CCCCCCCCCCC,0
official_v15_1315,OC[C@H](Cl)CCl,1
official_v15_1316,CCOC(=O)OC(=O)OCC,0
official_v15_1317,CCCCCCC(C/C=C/CCCCCCCC(=O)OC)OC(C)=O,0
official_v15_1318,CCOP(=S)(OCC)SCSP(=S)(OCC)OCC,0
official_v15_1319,CCCCCCCCBr,0
official_v15_1320,CCOO,1
official_v15_1321,CC(OP(C)(=O)F)C(C)(C)C,0
official_v15_1322,FC(F)(F)C(F)(F)Cl,0
official_v15_1323,NC(CCC(=O)NC(CS)C(=O)NCC(=O)O)C(=O)O,1
official_v15_1324,CCOP(=O)(CC)OCC,0
official_v15_1325,CN=NO,1
official_v15_1326,NCCCCCCN,0
official_v15_1327,C=CCNC(N)=S,0
official_v15_1328,CC(N)(CN=[N+]=[N-])C(=O)O,1
official_v15_1329,CC(=O)OCN(C)N=O,1
official_v15_1330,CCCCNCCCC,0
official_v15_1331,CCOC(=O)N(CCO)N=O,1
official_v15_1332,CCCC/C=C/C=C/C=C/C=C/C=C/OCC(O)CO,1
official_v15_1333,CC(=O)CN(C)N=O,1
official_v15_1334,COP(=S)(OC)OC,0
official_v15_1335,C/C=C\C=C/C=O,1
official_v15_1336,O=C(O)CCCC(=O)O,0
official_v15_1337,CCC(C)C=O,0
official_v15_1338,CCOP(=S)(OCC)SCSC(C)(C)C,0
official_v15_1339,C=CC(=O)OCC(CO)(COC(=O)C=C)COC(=O)C=C,0
official_v15_1340,NC(CSC/C=C/Cl)C(=O)O,0
official_v15_1341,NC(=O)N(CCC[C@@H](N)C(=O)O)N=O,1
official_v15_1342,C=C(C)C(=O)OCC(CC)(COC(=O)C(=C)C)COC(=O)C(=C)C,1
official_v15_1343,O=C(C(Cl)Cl)C(Cl)(Cl)Cl,1
official_v15_1344,NC(=O)N(CCC(=O)O)N=O,1
official_v15_1345,C=C(Br)C(=O)O,0
official_v15_1346,CC(C)CCO,0
official_v15_1347,C/C=C(\Cl)C=O,1
official_v15_1348,CC(=O)CC(=O)CCC(=O)O,0
official_v15_1349,C=C(C)C(=O)OCCCCOC(=O)C(=C)C,0
official_v15_1350,NCCNCCN,0
official_v15_1351,CCC=O,0
official_v15_1352,C[N+](C)(C)CCCl,0
official_v15_1353,C=C(C)C(=O)OCC(C)O,0
official_v15_1354,CN(C)C#N,0
official_v15_1355,BrC(Br)C(Br)(Br)Br,0
official_v15_1356,C[C@@H](O)CCl,1
official_v15_1357,O=[N+]([O-])CCO,1
official_v15_1358,C=CC(=O)OC[C@H](CC)CCCC,0
official_v15_1359,C=C(Cl)CSC(=S)N(CC)CC,1
official_v15_1360,CCN(C#N)N=O,1
official_v15_1361,CC(C)(C)OCO,0
official_v15_1362,CC(Br)(CBr)COP(=O)(OCC(C)(Br)CBr)OCC(C)(Br)CBr,0
official_v15_1363,CCCCCCCC(=O)O,0
official_v15_1364,CCCCCCCCCCCCCCCCCCN,0
official_v15_1365,CCCCCCC=O,0
official_v15_1366,ClC(Cl)(Cl)Br,1
official_v15_1367,CCCCCCCCCCCCCCCC(=O)O,0
official_v15_1368,C=CCCl,1
official_v15_1369,NC(CSC(F)(F)C(F)F)C(=O)O,0
official_v15_1370,CCCCN(CCCC)CCCC,0
official_v15_1371,CCC/C=C(\C=O)CC,0
official_v15_1372,C/C(Cl)=C\C=O,1
official_v15_1373,CCCCCN,0
official_v15_1374,CCCCOCC(=O)O,0
official_v15_1375,C=C(C)C(C)=O,0
official_v15_1376,CC(C)CCOC(=O)CC(C)C,0
official_v15_1377,O=[N+]([O-])C(Cl)(Cl)Cl,1
official_v15_1378,CCC(CCC(C)O)COC(=O)CCCCC(=O)O,0
official_v15_1379,O=C(O)CCCCCCCCCCCCCCCCCO,0
official_v15_1380,CC(C)(C#N)N=NC(C)(C)C#N,0
official_v15_1381,C=CC(=O)NCCC[N+](C)(C)C,0
official_v15_1382,C[N+](C)(C)CC(=O)O,0
official_v15_1383,OCCNCCO,0
official_v15_1384,COP(=O)(OC)[C@H](O)C(Cl)(Cl)Cl,1
official_v15_1385,CCCCOCC=O,0
official_v15_1386,C=C(C)C(=O)OCCOC(=O)C(=C)C,0
official_v15_1387,CCCCCCCCCCCC(=O)O,0
official_v15_1388,O=C(O)C(Br)(Br)Br,1
official_v15_1389,CC(C)CCOS(C)(=O)=O,1
official_v15_1390,COS(=O)(=O)F,1
official_v15_1391,ClCC(Cl)(Cl)Cl,0
official_v15_1392,C=C(C)C=O,1
official_v15_1393,N#CCCC#N,0
official_v15_1394,[N-]=[N+]=NCC(=O)O,0
official_v15_1395,C=COCC(F)(F)F,1
official_v15_1396,O=C(O)C[C@H](Cl)C(=O)O,0
official_v15_1397,CC(=O)O[C@@H](C)CN(C[C@H](C)OC(C)=O)N=O,1
official_v15_1398,CC(C)=CCC/C(C)=C/CO,0
official_v15_1399,O=P(O)(NCCCO)N(CCCl)CCCl,1
official_v15_1400,OCC(Cl)(Cl)Cl,1
official_v15_1401,CN=[N+](C)[O-],1
official_v15_1402,C=CC(=O)OC(C)(C)C,0
official_v15_1403,O[C@H]([C@H](O)[C@@H](O)CBr)[C@H](O)CBr,1
official_v15_1404,CO[PH](=O)OC,1
official_v15_1405,NC(=O)NO,1
official_v15_1406,CCCCBr,1
official_v15_1407,CC(F)(F)F,0
official_v15_1408,CCCN(N=O)C(=N)N[N+](=O)[O-],1
official_v15_1409,O=CO,0
official_v15_1410,CBr,1
official_v15_1411,CCCC=O,0
official_v15_1412,ClC(Cl)=C(Cl)C(Cl)=C(Cl)Cl,0
official_v15_1413,CC(O)C(C)O,0
official_v15_1414,CCCCCCCCCCCCS,0
official_v15_1415,O=CC(Cl)(Cl)Cl,1
official_v15_1416,CCCCCC/C=C\CCCCCCOC(C)=O,0
official_v15_1417,COC(C)CCOC(C)=O,0
official_v15_1418,O=C(O)C(O)C(O)C(O)C(O)CO,0
official_v15_1419,CC(OP(=O)(OC(C)C(Br)CBr)OC(C)C(Br)CBr)C(Br)CBr,1
official_v15_1420,BrCC(Br)(Br)Br,1
official_v15_1421,CN=NNC,1
official_v15_1422,CN(C)C(=S)N(C)C,0
official_v15_1423,C=C=O,1
official_v15_1424,NC(N)=S(=O)=O,1
official_v15_1425,CCOP(=S)(OCC)OP(=S)(OCC)OCC,1
official_v15_1426,CC(C)CN(CC(C)C)CC(C)C,0
official_v15_1427,NCCN,1
official_v15_1428,O=C(O)[C@@H](O)[C@H](O)C(=O)O,0
official_v15_1429,CC[C@@H](Cl)[N+](=O)[O-],1
official_v15_1430,CCCC/C=C/C=O,1
official_v15_1431,C=COC,0
official_v15_1432,O=C(O)C(Cl)Cl,1
official_v15_1433,CC(Br)C(Br)COP(=O)(OCC(Br)C(C)Br)OCC(Br)C(C)Br,1
official_v15_1434,CCCCCCC(=O)OCC,0
official_v15_1435,CC(C)(Cl)OC(C)(C)Cl,1
official_v15_1436,O=C(CCl)NCO,0
official_v15_1437,OCCI,1
official_v15_1438,COP(=O)(OC)C(OC(=O)CCl)C(Cl)(Cl)Cl,0
official_v15_1439,CCCCN(CCC(=O)O)N=O,1
official_v15_1440,CCCCCCCCCC(=O)O,0
official_v15_1441,NC(CSC(F)(F)C(F)Cl)C(=O)O,0
official_v15_1442,CC(C)(C)OC(=O)C(N)CN=[N+]=[N-],1
official_v15_1443,C=C/C=C\C,0
official_v15_1444,O=C/C(Br)=C(\Br)C(=O)O,1
official_v15_1445,C=CCBr,1
official_v15_1446,C=C(C)C(=O)OCCCCCCCCCC,0
official_v15_1447,CC(C)S,0
official_v15_1448,C[C@@H](O)[C@@H](N)[C@H](O)[C@H](O)C=O,0
official_v15_1449,C[C@@H](O)CNC[C@@H](C)O,0
official_v15_1450,COP(=O)(OC)SC,0
official_v15_1451,CCC[CH-][N+](=O)[O-],0
official_v15_1452,CCOCC(=O)O,0
official_v15_1453,CCCC(=O)OCC,0
official_v15_1454,C=CC(=O)OCC(C)(C)COC(=O)C=C,0
official_v15_1455,O=C(O)/C(Cl)=C(/CCl)C(Cl)Cl,1
official_v15_1456,O=C(O)CC(O)C(=O)O,0
official_v15_1457,CCOC(=O)CCl,0
official_v15_1458,ClCCN(CCCl)CCCl,0
official_v15_1459,[N-]=[N+]=NCC(N)C(=O)O,1
official_v15_1460,CCN=NC(C)(C)OO,0
official_v15_1461,COC(C)=O,0
official_v15_1462,ClCC(Cl)Cl,0
official_v15_1463,CC(=O)NN,1
official_v15_1464,C=C(C)C(=O)OCCCCCOC(=O)C(=C)C,0
official_v15_1465,CN(C#N)N=O,1
official_v15_1466,CC(=O)OC(C)C,0
official_v15_1467,COCCOC(C)=O,1
official_v15_1468,C=C(C)C(=O)O,0
official_v15_1469,O=P(OC[C@H](Br)CBr)(OC[C@H](Br)CBr)OC[C@H](Br)CBr,1
official_v15_1470,FC(F)=C(F)F,0
official_v15_1471,C[C@H](CO)[N+](=O)[O-],0
official_v15_1472,CN(C)S(=O)(=O)CCNC(=O)N(CCCl)N=O,1
official_v15_1473,O=C(O)/C=C/Cl,1
official_v15_1474,C/C=N/N(C)C=O,0
official_v15_1475,O=C(O)C(F)(F)C(F)(Cl)C(F)(F)C(F)(Cl)C(F)(F)Cl,0
official_v15_1476,CC(C)S(=O)(=O)Cl,1
official_v15_1477,NC(CCCCNC=CC=O)C(=O)O,1
official_v15_1478,C=CC(=C)C,0
official_v15_1479,O=C(O)O,0
official_v15_1480,C[C@H](CCl)OP(=O)(O[C@H](C)CCl)O[C@H](C)CCl,0
official_v15_1481,CNC(=O)/C=C(\C)OP(=O)(OC)OC,1
official_v15_1482,CCOC(=O)CC(=O)CCl,0
official_v15_1483,ClC(Cl)(Cl)C(Cl)(Cl)Cl,0
official_v15_1484,CNCCS(=O)(=O)O,0
official_v15_1485,O/N=C/C=N/O,0
official_v15_1486,CCOCCOCCO,0
official_v15_1487,CC(C)CN,0
official_v15_1488,ClCC(Cl)CCl,1
official_v15_1489,O=C(O)CN(CCN(CC(=O)O)CC(=O)O)CC(=O)O,0
official_v15_1490,[N-]=[N+]=NC[C@H](O)CO,1
official_v15_1491,CCCCN(C[C@H](O)CC)N=O,1
official_v15_1492,O=C/C=C/C=C/C=O,1
official_v15_1493,CCN(CC)CCO,0
official_v15_1494,C=CC(=O)CC,1
official_v15_1495,CON,0
official_v15_1496,C=C(F)F,1
official_v15_1497,CC(=O)CN(C[C@@H](C)O)N=O,1
official_v15_1498,FC(F)(F)C(F)(F)C(F)(F)C(F)(F)I,0
official_v15_1499,CCCCN(CC[C@@H](C)O)N=O,1
official_v15_1500,CCOCC,0
official_v15_1501,CCCCC(C)C(OC(=O)CC(CC(=O)O)C(=O)O)C(CC(C)CC(O)CCCCC(O)CC(O)C(C)N)OC(=O)CC(CC(=O)O)C(=O)O,0
official_v15_1502,CCN=NO,1
official_v15_1503,CCCCN(CCO)CCCC,0
official_v15_1504,BrC(Br)Br,1
official_v15_1505,CNC(=O)N(C)N=O,1
official_v15_1506,CCOC(=O)CC(C)O,0
official_v15_1507,CCCCCCCC/C=C/CCCCCCCC(=O)O,0
official_v15_1508,CN(C)C(=S)SNCCNSC(=S)N(C)C,1
official_v15_1509,N#CCO,0
official_v15_1510,CCN(CC)[N+]([O-])=NO,1
official_v15_1511,C=CC(=O)OCC,0
official_v15_1512,ClC[C@H](Br)CBr,1
official_v15_1513,OCCO,0
official_v15_1514,CCCCN(C[C@H](O)CCO)N=O,1
official_v15_1515,CCCCCN(CCCCC)N=O,1
official_v15_1516,CCCCCCCCCCCCCl,0
official_v15_1517,CC(=O)OC/C=C(/C)CCC=C(C)C,0
official_v15_1518,COC(=O)C(Cl)Cl,1
official_v15_1519,NC(=O)N(CCO)N=O,1
official_v15_1520,CC(C)(C)OO,1
official_v15_1521,NC(=O)CNC(=O)N(CCCl)N=O,1
official_v15_1522,CCCOP(=S)(OCCC)OP(=S)(OCCC)OCCC,0
official_v15_1523,CC(=O)OCCC(C)C,0
official_v15_1524,NC(=O)NNC(N)=O,0
official_v15_1525,CCCCN(N)CCCC,0
official_v15_1526,C=CC(N)=O,0
official_v15_1527,O=NN(CC(=O)O)CC(=O)O,1
official_v15_1528,C=C(C#N)C(=O)OCC(C)C,0
official_v15_1529,CCCC(=O)OCCC(C)C,0
official_v15_1530,O=CC(Cl)=C(Cl)Cl,1
official_v15_1531,NC(=O)N/N=C/C(=O)O,0
official_v15_1532,CCOC(=O)N(CCOC(C)=O)N=O,1
official_v15_1533,N#CC(C#N)=C(C#N)C#N,0
official_v15_1534,CCOP(=S)(OCC)OCCSCC,1
official_v15_1535,CC(=O)C(Cl)(Cl)Cl,1
official_v15_1536,CCCC[C@@H](CC)CN,0
official_v15_1537,C=CC(=C)Cl,0
official_v15_1538,CS(=O)(=O)OCCCNCCCOS(C)(=O)=O,1
official_v15_1539,C=CC=C,1
official_v15_1540,C=CC(=O)NC(C)(C)CC(C)=O,0
official_v15_1541,CCOP(C)(=O)SCCN(C(C)C)C(C)C,0
official_v15_1542,C=CCN(CC=C)N=O,1
official_v15_1543,CN(C)CCN(C)C,0
official_v15_1544,N#CNC(=N)N,1
official_v15_1545,CN(C)CCO,0
official_v15_1546,O=P(OCCC(Br)CBr)(OCCC(Br)CBr)OCCC(Br)CBr,0
official_v15_1547,N#CC(Cl)(Cl)Cl,1
official_v15_1548,CCCCSCCC(N)C(=O)O,0
official_v15_1549,CCS,0
official_v15_1550,FC(F)(Cl)Br,0
official_v15_1551,CC/C=C\C#N,0
official_v15_1552,COC(=O)CCCC(=O)OC,0
official_v15_1553,CNC(=O)NO,0
official_v15_1554,NCCS(=O)(=O)O,0
official_v15_1555,CN(C)N,1
official_v15_1556,[N-]=[N+]=NCCC(=O)O,1
official_v15_1557,CCCCC(S)(CCC)CCCC,0
official_v15_1558,CCOC(=O)CC(C)=O,0
official_v15_1559,CC(C)Br,1
official_v15_1560,NC(CCC(=O)N(CC(=O)O)C(=O)C(N)CSN=O)C(=O)O,1
official_v15_1561,CCCCCCCCCCCCCC(=O)O,0
official_v15_1562,CC(=O)OCN(CCCCCl)N=O,1
official_v15_1563,BrC(Br)C(Br)Br,0
official_v15_1564,COC(=O)/C=C/C(C)=C\C=C\C(C)=C\C=C\C=C(C)\C=C\C=C(C)\C=C\C(=O)OC,1
official_v15_1565,CSCCC=O,0
official_v15_1566,CCCCCCNCCCCCC,0
official_v15_1567,C=C(Cl)C=O,1
official_v15_1568,O=CC(Br)CBr,1
official_v15_1569,CN(C=O)N=O,1
official_v15_1570,OCC(O)C(O)CO,0
official_v15_1571,CC(C)CN(N)CC(C)C,1
official_v15_1572,CC(=O)OO[N+](=O)[O-],1
official_v15_1573,CCOC(=O)CC(C)C,0
official_v15_1574,CN(N=O)C(=N)N[N+](=O)[O-],1
official_v15_1575,C=CC(=O)OC[C@H](Br)CBr,1
official_v15_1576,O=NN(CCO)CCO,1
official_v15_1577,C=CC(=O)OCCN(C)C,0
official_v15_1578,ClCCNCCCl,1
official_v15_1579,BrCC(Br)CBr,1
official_v15_1580,CC/C=C/C/C=C/C/C=C/CCCCCCCC(=O)O,0
official_v15_1581,CCCCN(CCCO)N=O,1
official_v15_1582,CC(Br)Br,0
official_v15_1583,C=CC(=O)OCCBr,1
official_v15_1584,OCCCCO,0
official_v15_1585,COP(=S)(Cl)OC,0
official_v15_1586,ICI,0
official_v15_1587,CC(C)(C)OC(=O)NC(CN=[N+]=[N-])C(=O)O,1
official_v15_1588,C/C=C\C=O,1
official_v15_1589,CCCCCl,0
official_v15_1590,NNCCO,1
official_v15_1591,C=COC(C)=O,0
official_v15_1592,CCCN(CCCC(=O)O)N=O,1
official_v15_1593,CCCCO,0
official_v15_1594,CS/C(C)=N\OC(=O)N(C)N=O,1
official_v15_1595,C=CCCCCCC,0
official_v15_1596,CNP(=O)(N(C)C)N(C)C,1
official_v15_1597,N#CCCl,0
official_v15_1598,CCCCOC(=O)/C=C\C(=O)OCCCC,0
official_v15_1599,CCCCN(CCCC(=O)O)N=O,1
official_v15_1600,CC(C)(C)[N+](=O)[O-],0
official_v15_1601,C=CCCCCCCCCC,0
official_v15_1602,CCC[C@@H](C)C[C@H](OC(=O)C[C@@H](CC(=O)O)C(=O)O)[C@H](C[C@H](C)C[C@H](O)CCCC[C@H](O)C[C@H](O)[C@H](C)N)OC(=O)C[C@@H](CC(=O)O)C(=O)O,0
official_v15_1603,OCC(CBr)(CBr)CBr,1
official_v15_1604,N#CCCCCC#N,0
official_v15_1605,CCCCOCCOCCOCCCC,0
official_v15_1606,C=C(C)C(=O)OCCN(C)C,1
official_v15_1607,CC(C)Cl,1
official_v15_1608,CCO,0
official_v15_1609,C[C@@H](CC(=O)O)C(=O)O,0
official_v15_1610,CC(O)C(=O)NCCO,1
official_v15_1611,CC(=O)OCCOCCOCCOC(C)=O,1
official_v15_1612,CC(C)(C)OOC(C)(C)CCC(C)(C)OOC(C)(C)C,0
official_v15_1613,CCCCCC(=O)OCC,0
official_v15_1614,CC(C)CO,0
official_v15_1615,COS(=O)(=O)C(F)(F)F,1
official_v15_1616,C[C@@H](S)C(=O)NCC(=O)O,0
official_v15_1617,COS(C)(=O)=O,1
official_v15_1618,FC(Cl)C(F)(F)F,0
official_v15_1619,CCCCCCCCCCCCOS(=O)(=O)O,0
official_v15_1620,O=CCCl,1
official_v15_1621,CNC(=O)[C@@H](C)SCCSP(=O)(OC)OC,1
official_v15_1622,NC(N)=O,0
official_v15_1623,CSCCC(N)C(=O)O,0
official_v15_1624,O=C(O)C=C(C(Cl)Cl)C(Cl)Cl,1
official_v15_1625,NC(=O)N(CC(=O)O)N=O,0
official_v15_1626,CCCCCC[N+](=O)[O-],0
official_v15_1627,CCOC(=O)N(C)N=O,1
official_v15_1628,CCCN=NC(C)(C)OO,1
official_v15_1629,C=CBr,1
official_v15_1630,CC(C)(C#N)C(C)(C)C#N,0
official_v15_1631,C[C@H](Cl)CN(C)C,1
official_v15_1632,CCOC(=O)C[C@H](S[P@@](=O)(OC)SC)C(=O)OCC,0
official_v15_1633,CC(=O)N(N)C(C)=O,0
official_v15_1634,CC(=O)OO,0
official_v15_1635,COCCOCCOC,0
official_v15_1636,CNCC(=O)O,0
official_v15_1637,C=CCOC(=O)CC(C)C,0
official_v15_1638,CN(C)C(=O)N(C)C=O,1
official_v15_1639,NC(CSC(=O)NCCCl)C(=O)O,1
official_v15_1640,CCCCOCCOCCSC#N,0
official_v15_1641,CCCCN,0
official_v15_1642,COC(=O)C(C)Cl,1
official_v15_1643,CCN(CCCC(=O)O)N=O,1
official_v15_1644,C=CCN,0
official_v15_1645,CC(=O)N(C)N=O,1
official_v15_1646,CC(C)OP(C)(=O)F,0
official_v15_1647,O=[N+]([O-])CCl,1
official_v15_1648,CC(N)C(=O)O,0
official_v15_1649,BrCCBr,1
official_v15_1650,N#CC(Cl)Cl,1
official_v15_1651,CCOP(=S)(OCC)SCSCC,0
official_v15_1652,COC(C)(C)CC(C)=O,0
official_v15_1653,C=C(C)C(=O)OCCOCCOC(=O)C(=C)C,0
official_v15_1654,NC(CSC(Cl)=C(Cl)Cl)C(=O)O,1
official_v15_1655,C=CCCCCCCCC,0
official_v15_1656,N#C[C@@H](Cl)Br,1
official_v15_1657,O=C(O)C(Cl)=C(C(Cl)Cl)C(Cl)Cl,1
official_v15_1658,FC(Cl)(Cl)Cl,0
official_v15_1659,FC(F)(F)CCl,0
official_v15_1660,CN(C)C(=N)N(C)C,0
official_v15_1661,CC(=O)CC(C)(C)O,0
official_v15_1662,C=C(Cl)C(Cl)CCl,1
official_v15_1663,CCOC(=O)N(CC)N=O,1
official_v15_1664,CCCCCCCCCCCCCCCCCCOC(=O)CCCCCCCCCCCCCCC,0
official_v15_1665,OCCN(CCO)CCO,0
official_v15_1666,NC(=O)CBr,0
official_v15_1667,C=C(C)C(=O)OC(C)C,0
official_v15_1668,CCOCCOC(C)=O,1
official_v15_1669,CC(Br)C(Br)CCl,1
official_v15_1670,ClC(Cl)C(Cl)Cl,0
official_v15_1671,CC(=O)NO,1
official_v15_1672,CSCCl,1
official_v15_1673,N#C/C(N)=C(\N)C#N,0
official_v15_1674,CS(=O)(=O)OC[C@@H](O)[C@H](O)COS(C)(=O)=O,1
official_v15_1675,CSCC(N)C(=O)O,0
official_v15_1676,CC(=O)[C@@H](C)O,0
official_v15_1677,N[C@@H](CCC(=O)N[C@@H](CS/C(Cl)=C(/Cl)C(Cl)=C(Cl)Cl)C(=O)NCC(=O)O)C(=O)O,1
official_v15_1678,CCOCCOCC,1
official_v15_1679,CCCCCC(O)/C=C/C=O,0
official_v15_1680,NC(CSC(F)(F)C(Cl)Cl)C(=O)O,0
official_v15_1681,NC(CCS/C(Cl)=C/Cl)C(=O)O,1
official_v15_1682,CCOC(=O)OCC,0
official_v15_1683,FC(F)(Cl)C(F)(F)Cl,0
official_v15_1684,CCCCCCCCCCCC(=O)N(CCO)CCO,0
official_v15_1685,C=CC(=O)OCCCCOC(=O)C=C,0
official_v15_1686,OC[PH](CO)(CO)CO,0
official_v15_1687,NC(=O)NCC(=O)O,0
official_v15_1688,CNCCO,0
official_v15_1689,CCN(N)CC,0
official_v15_1690,CCSCC[C@H](N)C(=O)O,0
official_v15_1691,CNC(=O)ON(C(C)=O)C(=O)NC,1
official_v15_1692,CCCCCCCCCCCCCO,0
official_v15_1693,CCCCCCCCCCCl,0
official_v15_1694,CC(=O)Cl,0
official_v15_1695,COP(=O)(SC)SC,0
official_v15_1696,COCCOCCO,0
official_v15_1697,CCOP(=O)(C#N)N(C)C,0
official_v15_1698,[N-]=[N+]=NCC(O)CN=[N+]=[N-],1
official_v15_1699,O=C(Cl)OCCCl,0
official_v15_1700,CCCCCCCCCCCCCC(=O)[N-][N+](C)(C)CC(C)O,0
official_v15_1701,COC(=O)C(CSCCBr)NC(C)=O,1
official_v15_1702,C=CCCCCCCCCCCCCC,0
official_v15_1703,NC(=S)NNC(N)=S,0
official_v15_1704,CCCCCC,0
official_v15_1705,OCC(Cl)Cl,1
official_v15_1706,N[C@@H](CCC(=O)O)C(=O)O,0
official_v15_1707,CC(C)(Br)C(Br)CCl,0
official_v15_1708,C=C[C@](C)(O)CCC=C(C)C,0
official_v15_1709,CCCSC(=O)Cl,1
official_v15_1710,FC(F)(F)[C@H](Cl)Br,0
official_v15_1711,NCCNCCNCCN,1
official_v15_1712,NCCCN,0
official_v15_1713,CC(C)N(C(=O)SC/C(Cl)=C/Cl)C(C)C,1
official_v15_1714,ClCCCl,1
official_v15_1715,C/C(C=O)=C(/Cl)C(=O)O,1
official_v15_1716,CN(N)C=O,0
official_v15_1717,CCCC(=O)O,0
official_v15_1718,NC(=O)N=NC(N)=O,1
official_v15_1719,CC(Cl)(Cl)[N+](=O)[O-],1
official_v15_1720,NCCNCCNCCNCCN,1
official_v15_1721,CCCC[C@@H](CC)COC(=O)CCCCC(=O)OC[C@H](CC)CCCC,0
official_v15_1722,COO,1
official_v15_1723,SC(S)=N/C=C/N=C(S)S,0
official_v15_1724,COC(F)(F)C(Cl)Cl,0
official_v15_1725,O=CC(=O)O,1
official_v15_1726,CC(=O)CCOOCCC(C)=O,0
official_v15_1727,NC(CCCCNCC(N)C(=O)O)C(=O)O,0
official_v15_1728,COP(=O)(OC)OC=C(Cl)Cl,1
official_v15_1729,FCC(F)(F)F,0
official_v15_1730,CCC(=O)O,0
official_v15_1731,CCN=C=S,0
official_v15_1732,C=C(Br)CBr,1
official_v15_1733,CC/C=C/C=C/C=C/C=C/C=C/OCC(C)O,1
official_v15_1734,CCCCN(N=O)/C(C=O)=N/O,1
official_v15_1735,CC(C)CC=O,0
official_v15_1736,CC(C)O,0
official_v15_1737,CCl,1
official_v15_1738,O=C(O)CCl,0
official_v15_1739,ClCC(Br)CCl,1
official_v15_1740,CC(=N)S,0
official_v15_1741,NNC(N)=O,0
official_v15_1742,[N-]=[N+]=NCC(O)C(O)C(O)C(O)CO,1
official_v15_1743,CCN(N=O)C(=O)N(C)C,1
official_v15_1744,CC(C)(C)N,0
official_v15_1745,CC/C=C/C=C/C=C/C=C/OCC(O)CO,1
official_v15_1746,O=NN(CCCl)C(=O)NCCO,1
official_v15_1747,[CH2-][N+](=O)[O-],0
official_v15_1748,IC(I)I,1
official_v15_1749,ClCBr,1
official_v15_1750,C=CC(=O)OCCCCCOC(=O)C=C,0
official_v15_1751,CCCCCCCCO,0
official_v15_1752,O=C/C=C/C=O,1
official_v15_1753,C/C=C/C,0
official_v15_1754,C=C(C#N)C(=O)OC,1
official_v15_1755,O=C=S,1
official_v15_1756,NC(CSC(F)(F)C(Cl)Br)C(=O)O,1
official_v15_1757,C[C@@H](O)CN(C[C@@H](C)O)C[C@@H](C)O,0
official_v15_1758,O=C(C(F)(F)F)C(F)(F)F,0
official_v15_1759,O=C/C(Cl)=C(\Cl)C(=O)O,1
official_v15_1760,CCCCCC(=O)O,0
official_v15_1761,O=C(O)C(F)(F)C(F)(Cl)C(F)(F)C(F)(Cl)C(F)(F)C(F)(Cl)C(F)(F)Cl,0
official_v15_1762,CCCCNCC,0
official_v15_1763,CC(C)CC(=O)CC(C)C,0
official_v15_1764,CCCCN(CCC(=O)OC)N=O,1
official_v15_1765,COCC=O,1
official_v15_1766,O=C(O)[C@@H](Cl)Br,1
official_v15_1767,CC(=O)N[C@@H](CS)C(=O)O,1
official_v15_1768,CCCCON=O,1
official_v15_1769,COC(C)(C)C,0
official_v15_1770,CC(=O)OCN(C)[N+](=O)[O-],1
official_v15_1771,O=[N+]([O-])OCC(CO[N+](=O)[O-])O[N+](=O)[O-],1
official_v15_1772,CCN(CC)C(=O)/C(Cl)=C(/C)OP(=O)(OC)OC,1
official_v15_1773,NC(CS/C(Cl)=C(\Cl)C(Cl)=C(Cl)Cl)C(=O)O,1
official_v15_1774,FC(F)C(F)C(F)(F)F,0
official_v15_1775,CC/C=C/C=C/C=C/C=C/C=C/C=C/OCC(O)CO,1
official_v15_1776,CNC(=O)NC,0
official_v15_1777,CCCC[C@@H](CC)COCCC#N,0
official_v15_1778,C[C@@H](C#N)CCC#N,1
official_v15_1779,CC(=O)OC(C(C)=O)N(C)N=O,1
official_v15_1780,O=[N+]([O-])C([N+](=O)[O-])([N+](=O)[O-])[N+](=O)[O-],1
official_v15_1781,CC(C)(C)OC(=O)NC(CN=[N+]=[N-])C(=O)OC(C)(C)C,1
official_v15_1782,CC(N)=O,0
official_v15_1783,O=C/C(CCl)=C(\Cl)C(=O)O,1
official_v15_1784,CC(C)(C)O,0
official_v15_1785,NCN,1
official_v15_1786,CCCCOCCOCCO,0
official_v15_1787,O=P(O)(OCC(Br)CBr)OCC(Br)CBr,1
official_v15_1788,C[C@@H](O)CN,1
official_v15_1789,C=CC(=O)OCC(C)(C)C,0
official_v15_1790,C=CCCCC,0
official_v15_1791,FC(Cl)(Cl)C(F)(Cl)Cl,1
official_v15_1792,CC/C=C/CC/C=C/C=O,0
official_v15_1793,COS(=O)(=O)OC,1
official_v15_1794,CCN=[N+](C)[O-],0
official_v15_1795,O=C(O)/C=C/C=C/C(=O)O,0
official_v15_1796,CC(C)CCON=O,1
official_v15_1797,CCNC(=O)CCC(N)C(=O)O,0
official_v15_1798,CCCCC/C=C\C=C/C=O,0
official_v15_1799,CCCN(N=O)C(N)=O,1
official_v15_1800,CCCCCCCC/C=C\CCCCCCCC(=O)OC,0
official_v15_1801,C=C(C=O)CCCC,1
official_v15_1802,CC(=O)N(C)C,0
official_v15_1803,CCOC(=O)C[C@@H](SP(=O)(OC)OC)C(=O)OCC,0
official_v15_1804,CC(=O)O,0
official_v15_1805,CCN(CC)CC,0
official_v15_1806,C=CC(=O)OCCCCCCOC(=O)C=C,0
official_v15_1807,C=CCSSCCC,0
official_v15_1808,ClC(Cl)C(Cl)(Cl)Cl,0
official_v15_1809,CSSC,0
official_v15_1810,NC(CSC(F)(F)C(Br)Br)C(=O)O,1
official_v15_1811,CCCCN(CC)CC,0
official_v15_1812,C=C(C)C(=O)OCC(C)C,0
official_v15_1813,CC(=O)NC(C(=O)N(CC(=O)O)N=O)C(C)C,1
official_v15_1814,NCC(=O)NCC(=O)NCC(=O)NCC(=O)O,0
official_v15_1815,FC(C(F)(F)F)C(F)(F)F,0
official_v15_1816,CC(Br)(CCl)CBr,0
official_v15_1817,ClC/C=C/CCl,1
official_v15_1818,[N-]=[N+]=NCCO,1
official_v15_1819,CCCCCCN(N=O)C(=N)N[N+](=O)[O-],1
official_v15_1820,CC(OP(C)(=O)Cl)C(C)(C)C,0
official_v15_1821,CN(CCO)CCO,0
official_v15_1822,C/C=C\C=C/C(=O)O,0
official_v15_1823,C[N+](C)(C)NCCC(=O)O,0
official_v15_1824,BrCCC(Br)Br,1
official_v15_1825,O=C(CC(O)C(=O)OCCBr)OCCBr,1
official_v15_1826,CCSC(=O)Cl,0
official_v15_1827,CCCCN(N=O)C(N)=O,1
official_v15_1828,CC(=O)CN(COC(C)=O)N=O,1
official_v15_1829,C[C@H](CCl)O[C@H](C)CCl,1
official_v15_1830,C=CC(=C)CCC=C(C)C,0
official_v15_1831,C=C(Cl)C#N,0
official_v15_1832,CCN(CCO)N=O,1
official_v15_1833,NC(CCC(=O)NC(CSC(=O)NCCCCl)C(=O)NCC(=O)O)C(=O)O,1
official_v15_1834,O=CC(=C(Cl)Cl)C(Cl)Cl,1
official_v15_1835,O=C(O)/C(Cl)=C(\C(=O)O)C(Cl)Cl,1
official_v15_1836,N#CCC[C@](Br)(C#N)CBr,0
official_v15_1837,CCCC[C@H](CC)C(=O)O,0
official_v15_1838,CCCCCCCCCCCCCOC(=O)C[N+](CC)(CC)CC,0
official_v15_1839,O=C(O)CC(O)(CC(=O)O)C(=O)O,0
official_v15_1840,CCCN(CCC)CCC,0
official_v15_1841,CC(C)C(N)C(=O)O,0
official_v15_1842,C=CCOC(=O)CCCCC,0
official_v15_1843,CNC(=O)O/N=C\C(C)(C)SC,0
official_v15_1844,O=C(O)/C(Cl)=C(\CCl)C(=O)O,0
official_v15_1845,C[C@@H](Cl)CCl,1
official_v15_1846,CNC(=O)N(O)C(=O)NC,0
official_v15_1847,N#CCBr,0
official_v15_1848,CCC(=O)C(=O)CC,1
official_v15_1849,ClCCSCCCl,1
official_v15_1850,C/C(C(=O)O)=C(/Cl)C(=O)O,0
official_v15_1851,CCCCCCCCCCCCCCCCCCCCCCCCCCCCO,0
official_v15_1852,C=C(C)C#N,0
official_v15_1853,BrC/C=C\CBr,1
official_v15_1854,CC[C@@H](C)ON=O,1
official_v15_1855,CCN(CCO[N+](=O)[O-])[N+](=O)[O-],1
official_v15_1856,O=CC(O)C(O)C(O)C(O)CO,0
official_v15_1857,O=C(O)CCCCCCCCC(=O)O,0
official_v15_1858,CN(CCO[N+](=O)[O-])[N+](=O)[O-],1
official_v15_1859,NP(=O)(O)N(CCCl)CCCl,1
official_v15_1860,CS(C)(=O)=O,0
official_v15_1861,N#CCl,0
official_v15_1862,CC(C)COP(=S)(OCC(C)C)SCCl,0
official_v15_1863,CN(C)P(=O)(N(C)C)N(C)C,0
official_v15_1864,CNC(=S)N(C)C,0
official_v15_1865,C=CCOC(C)=O,1
official_v15_1866,ClCCOP(OCCCl)OCCCl,1
official_v15_1867,CCS(=O)CCSP(=O)(OC)OC,1
official_v15_1868,COP(=S)(OC)SCC(=O)N(C)C=O,0
official_v15_1869,C[CH-][N+](=O)[O-],0
official_v15_1870,O=[N+]([O-])C(Br)(CO)CO,0
official_v15_1871,C=C(Cl)CCl,1
official_v15_1872,C[C@@H](CCN(C)C)N(C)C,0
official_v15_1873,CCCCCCCCCC,0
official_v15_1874,NCCNCCNCCNCCNCCN,1
official_v15_1875,O=NN(CCO)CC(=O)O,1
official_v15_1876,CC(C)OC(=O)CCl,0
official_v15_1877,CC[C@@H]([C@@H](C)O)[N+](=O)[O-],0
official_v15_1878,OCC(CO)(CBr)CBr,1
official_v15_1879,OC(CCl)CCl,1
official_v15_1880,CCCC(=O)Cl,1
official_v15_1881,OC(O)C(Cl)(Cl)Cl,1
official_v15_1882,CC(=O)CN(CC(C)=O)N=O,1
official_v15_1883,OCC#CCO,0
official_v15_1884,CCN(C)N=O,1
official_v15_1885,CC(C)COC(=O)CCCCC(=O)OCC(C)C,0
official_v15_1886,CCN=[N+]([O-])CC,0
official_v15_1887,NCCCNCCCCN(CCCN)N(O)N=O,1
official_v15_1888,CC(C)=CCl,1
official_v15_1889,CCOCOCC,0
official_v15_1890,CCCCCCCCCCCCOC(=O)CCSCCC(=O)OCCCCCCCCCCCC,0
official_v15_1891,CC(C)(C)N(CCO)CCO,0
official_v15_1892,CCOC(C)(C)C,0
official_v15_1893,CCC(C)(C)C,0
official_v15_1894,C[C@@H](O)CN(C[C@H](O)CO)N=O,1
official_v15_1895,CC(C)COS(C)(=O)=O,1
official_v15_1896,CC(=O)N[C@@H](CS/C(Cl)=C(\Cl)C(Cl)=C(Cl)Cl)C(=O)O,1
official_v15_1897,CN(C)[N+](=O)[O-],1
official_v15_1898,CC(C)=[N+]([O-])[O-],1
official_v15_1899,CC(C)OC(=O)CC(=O)OC(C)C,0
official_v15_1900,CCCC(C)=O,0
official_v15_1901,COCCCN,0
official_v15_1902,C=COC(=O)C=C,0
official_v15_1903,CCCBr,0
official_v15_1904,NCCO,0
official_v15_1905,CCCCCCCCCCCCCCCCN,0
official_v15_1906,O=C(O)/C(Cl)=C(\CO)C(Cl)Cl,1
official_v15_1907,CCCCCCC(=O)O,0
official_v15_1908,C=C(C)C(=O)OCCCCCCCC(C)C,0
official_v15_1909,NC=O,0
official_v15_1910,C/C=C/C=C/CCCCCCCO,0
official_v15_1911,CC(C)(Br)C(Br)COP(=O)(OCC(Br)C(C)(C)Br)OCC(Br)C(C)(C)Br,0
official_v15_1912,CC(=O)CC(=O)/C=C/C(=O)O,0
official_v15_1913,CN(C)CCCl,1
official_v15_1914,N#CCC#N,0
official_v15_1915,OCCOCCO,0
official_v15_1916,C=CC(=O)OCCOCCOC(=O)C=C,0
official_v15_1917,CCCN(CCC)C(=O)SCC,0
official_v15_1918,CN(N=O)C(N)=O,1
official_v15_1919,CC[C@H](CO)NCCN[C@H](CC)CO,0
official_v15_1920,CC(C)(N=NC(C)(C)C(=N)N)C(=N)N,1
official_v15_1921,CSCC(NC(=O)C(C)(C)SC)C(=O)O,0
official_v15_1922,CCC(C)OS(C)(=O)=O,1
official_v15_1923,ClSC(Cl)(Cl)Cl,1
official_v15_1924,CC(=O)CCl,0
official_v15_1925,C=CC(C)C#N,0
official_v15_1926,N[C@@H](CCC(=O)N[C@@H](CSC(Cl)=C(Cl)Cl)C(=O)NCC(=O)O)C(=O)O,1
official_v15_1927,CCOP(=S)(OCC(C)C)SCCl,0
official_v15_1928,O=C(O)CNCP(=O)(O)O,0
official_v15_1929,ClCCC(Br)CBr,0
official_v15_1930,ClC[C@H](Cl)CBr,1
official_v15_1931,CCCCCCCCCCCCN(C)N=O,1
official_v15_1932,C=C(Cl)C(=O)OC,1
official_v15_1933,CNC(=O)ON(C(=O)NC)C(=O)NC,0
official_v15_1934,CCCCOCCO,0
official_v15_1935,CCCCN(CCCC)N=O,1
official_v15_1936,O=C(O)CBr,1
official_v15_1937,N#CCCO,0
official_v15_1938,CN(C)C(=O)Cl,1
official_v15_1939,CCC(Br)(CC)C(=O)NC(N)=O,0
official_v15_1940,CCN(CCCO)N=O,1
official_v15_1941,OCCCBr,1
official_v15_1942,C=C(C)C(=O)OCCC,0
official_v15_1943,CCCC[C@@H](CC)COP(OC[C@H](CC)CCCC)OC[C@H](CC)CCCC,0
official_v15_1944,ClC(Cl)=C(Cl)Cl,0
official_v15_1945,CCCCOC(=O)CCCCCCCCC(=O)OCCCC,0
official_v15_1946,CCCCN(CC(=O)CC)N=O,1
official_v15_1947,COC(=O)CNC(=O)C(CSCCCl)NC(=O)CCC(N)C(=O)O,1
official_v15_1948,OCC(CO)(CO)CO,0
official_v15_1949,CC(C)CC(C)O,0
official_v15_1950,CCCOO,1
official_v15_1951,CN(CCCCO)N=O,1
official_v15_1952,C=CC(=O)OCCCl,1
official_v15_1953,O=C(CC(O)(CC(=O)OCCBr)C(=O)OCCBr)OCCBr,1
official_v15_1954,CCOC(=O)CNC(=O)CBr,0
official_v15_1955,CC[C@H](O)CN,0
official_v15_1956,COC(=O)CC(C)=O,0
official_v15_1957,CC(C)(Cl)[N+](=O)[O-],1
official_v15_1958,NC(CCC(=O)NC(CSCCCl)NC(=O)CC(=O)O)C(=O)O,1
official_v15_1959,CC(C)CCCCCCOC(=O)CCCCC(=O)OCCCCCCC(C)C,0
official_v15_1960,NC(=O)N(CCCC(=O)O)N=O,1
official_v15_1961,CCCCN(CC(C)=O)N=O,1
official_v15_1962,NCC(=O)O,0
official_v15_1963,CCCCCCCCCCCC(C)=O,0
official_v15_1964,C=CCOC(=O)C=C,0
official_v15_1965,CCC[C@](C)(COC(N)=O)COC(=O)NC(C)C,0
official_v15_1966,CN(C)C=O,0
official_v15_1967,CCN(C=O)N=O,1
official_v15_1968,C=C(C)C(=O)OCCCC,0
official_v15_1969,COC=O,0
official_v15_1970,CCOC(=O)[C@H](C)O,0
official_v15_1971,C=CCNC(N)=O,1
official_v15_1972,O=CCO,0
official_v15_1973,C=C(C)C(=O)OCCOC(=O)NCCC(C)CC(C)(C)CNC(=O)OCCOC(=O)C(=C)C,0
official_v15_1974,CC(Cl)C(=O)O,0
official_v15_1975,C=C(C)C(=O)OCC(C)(C)C,0
official_v15_1976,CCCC[C@@H](CC)CNC[C@H](CC)CCCC,0
official_v15_1977,CCCCCCCCCCCCOCCOCCOCCOCCOCCOCCOCCO,0
official_v15_1978,NC(CSCCCl)C(=O)O,1
official_v15_1979,CCOCC=O,0
official_v15_1980,Br/C=C/Br,1
official_v15_1981,Cl/C=C\CCl,1
official_v15_1982,CCC[C@@H](C)C[C@@H](OC(=O)C[C@@H](CC(=O)O)C(=O)O)[C@@H](C[C@H](C)CCCCCC[C@H](O)C[C@H](O)[C@@H](C)N)OC(=O)C[C@@H](CC(=O)O)C(=O)O,0
official_v15_1983,CCC(CCC(C)=O)COC(=O)CCCCC(=O)O,0
official_v15_1984,NC(CC(=O)O)C(=O)O,0
official_v15_1985,BrCCCBr,0
official_v15_1986,C=CC(C)=O,1
official_v15_1987,NC(CO)C(=O)O,0
official_v15_1988,O=C(O)CO,0
official_v15_1989,C=CC(=O)OCCCCCC(C)C,0
official_v15_1990,CCC(Cl)CC(Cl)CC(C)Cl,0
official_v15_1991,CCCCCN(N=O)C(=N)N[N+](=O)[O-],1
official_v15_1992,O=C(O)/C=C(/CC(=O)O)C(=O)O,0
official_v15_1993,CC(=O)C(Cl)Cl,1
official_v15_1994,C[C@@H](O)CN(C[C@@H](C)O)N=O,1
official_v15_1995,N[C@H](CS)C(=O)O,1
official_v15_1996,COC(=O)CCCCC(=O)OC,0
official_v15_1997,C=NO,0
official_v15_1998,CC(C)N(N)C(C)C,1
official_v15_1999,CCCC[C@@H](CC)COCCCN,0
official_v15_2000,O=C(O)CCC(=O)O,0
official_v15_2001,CNC,0
official_v15_2002,N=NCCCO,1
official_v15_2003,CC=O,0
official_v15_2004,O=C(O)C(F)(F)C(F)(F)C(F)(F)C(F)(F)C(F)(F)C(F)(F)C(F)(F)C(F)(F)C(F)(F)F,0
official_v15_2005,C#CCO,1
official_v15_2006,O=NN(CCO)CCCCO,1
official_v15_2007,C[C@@H](O)CN(C)N=O,1
official_v15_2008,Cl/C=C(/Cl)COCCCl,1
official_v15_2009,COC(=O)CC(=O)OC,0
official_v15_2010,CC(C)(S)C(=O)NC(CS)C(=O)O,0
official_v15_2011,FC(F)(F)I,1
official_v15_2012,CC[C@@H](C)[C@H](C)CO,0
official_v15_2013,Cl/C=C\Cl,0
official_v15_2014,O=C(O)CN(CC(=O)O)CC(=O)O,0
official_v15_2015,CS(C)=O,0
official_v15_2016,COCCOC,1
official_v15_2017,COP(=O)(O)O,0
official_v15_2018,CCCCOC(C)=O,0
official_v15_2019,O=C(C(Cl)Cl)C(Cl)Cl,1
official_v15_2020,CNC=O,0
official_v15_2021,CC(C)CON=O,1
official_v15_2022,CCOC(/C=C(/C)CCC=C(C)C)OCC,0
official_v15_2023,Cl/C=C(\Cl)C(Cl)Cl,1
official_v15_2024,O=CC(NC(=O)N(CCCl)N=O)C(O)C(O)C(O)CO,1
official_v15_2025,CC(C)(C)NC(=O)SCC(NC(=O)CCC(N)C(=O)O)C(=O)NCC(=O)O,0
official_v15_2026,O=[N+]([O-])OCC(CO[N+](=O)[O-])(CO[N+](=O)[O-])CO[N+](=O)[O-],0
official_v15_2027,C[C@@H](O)COC(C)(C)C,1
official_v15_2028,CC[C@@H](CO)[N+](=O)[O-],0
official_v15_2029,C=CCNCC=C,0
official_v15_2030,CCCCCC[C@H](O)C/C=C\CCCCCCCC(=O)O,0
official_v15_2031,O=NSCCO,1
official_v15_2032,C/C=C/Cl,1
official_v15_2033,CC(C)[N+](=O)[O-],1
official_v15_2034,O=P(O)(O)OCC(O)CO,0
official_v15_2035,CCN(CC)N=O,1
official_v15_2036,ClC(CBr)CBr,1
official_v15_2037,CC(C)OC(=O)C[C@@](O)(CC(=O)O)C(=O)O,0
official_v15_2038,NCCCCCCCCCCC(=O)O,0
official_v15_2039,NCCCl,1
official_v15_2040,CCC/C=C/C=O,1
official_v15_2041,O=C(O)C(Cl)CCl,0
official_v15_2042,C=CC=O,1
official_v15_2043,NC(CSC(F)(F)C(F)(F)C(F)F)C(=O)O,0
official_v15_2044,C=CC#N,1
official_v15_2045,CC(C)(C)OC(=O)CN=[N+]=[N-],1
official_v15_2046,C=C(C)C(=O)OCCCCCC,0
official_v15_2047,CCCCCCCCCCCCCCCCCC(=O)OCC(O)CO,0
official_v15_2048,CNCCCC(=O)O,0
official_v15_2049,ClC(Cl)(Cl)Cl,0
official_v15_2050,CN[N+](=O)[O-],0
official_v15_2051,C=C(C)C(=O)OCC(C)(C)COC(=O)C(=C)C,0
official_v15_2052,CCCCOCCCC,0
official_v15_2053,CCNC(=N)N(N=O)[N+](=O)[O-],1
official_v15_2054,CCCCOCCOP(=O)(OCCOCCCC)OCCOCCCC,0
official_v15_2055,C=C(C)C,0
official_v15_2056,CC(Br)C(=O)NC(C)(C)C,0
official_v15_2057,CCN(CC)C(=S)SSC(=S)N(CC)CC,0
official_v15_2058,FC(F)(F)C(F)(F)C(Cl)Cl,0
official_v15_2059,COCCOCCOCCOC,1
official_v15_2060,COC(=O)C(N)CSCCCl,1
official_v15_2061,O=P(OCCCl)(OCCCl)OCCCl,0
official_v15_2062,ClCCl,1
official_v15_2063,CC(=O)CC(C)C,0
official_v15_2064,C=CCOC(=O)CCCCCCCC,0
official_v15_2065,C=C(C)C(=O)N[N+](C)(C)C[C@@H](C)O,0
official_v15_2066,O=P(OC(CCl)CCl)(OC(CCl)CCl)OC(CCl)CCl,1
official_v15_2067,CCOC(=O)C(C)=O,0
official_v15_2068,CCC(C)=O,0
official_v15_2069,N#C/C=C\C#N,0
official_v15_2070,OC[C@H](O)CI,1
official_v15_2071,CCCCCN(CCCCC)CCCCC,0
official_v15_2072,CC(=O)/C(C)=N\O,0
official_v15_2073,BrCBr,1
official_v15_2074,CCN(CC)CCCN,0
official_v15_2075,CC(Cl)C(Br)CBr,1
official_v15_2076,C[C@@H](O)COC[C@@H](C)O,0
official_v15_2077,C[C@@H](N)CN,0
official_v15_2078,CCC(=O)C(C)=O,0
official_v15_2079,CCCCC#N,0
official_v15_2080,N#CSCSC#N,0
official_v15_2081,C#CCBr,1
official_v15_2082,CC(N)CCN,0
official_v15_2083,CCCC(CCC)C(=O)O,0
official_v15_2084,CCSCCOP(=S)(OC)OC,0
official_v15_2085,CCNC(=S)NCC,0
official_v15_2086,CCCC[C@@H](CC)CO,0
official_v15_2087,C=CCCCCCCCCCCCC,0
official_v15_2088,C=CCCCCCCCCCCC,0
official_v15_2089,CC(O)CN(CCN(CC(C)O)CC(C)O)CC(C)O,0
official_v15_2090,[N-]=[N+]=NCC(O)CO,1
official_v15_2091,O=C(NCO)NCO,1
official_v15_2092,CCNCC,0
official_v15_2093,OC[C@H](Br)CBr,1
official_v15_2094,C=CC(=O)OCCO,0
official_v15_2095,CC(=O)CCC(C)=O,0
official_v15_2096,CC(C)(S)C(N)C(=O)O,1
official_v15_2097,O=NN(CCCl)C(=O)NCCCl,1
official_v15_2098,COC(=O)C(CSCC(C)Br)NC(C)=O,1
official_v15_2099,COP(=O)(O)OC,0
official_v15_2100,N=NCO,1
official_v15_2101,CN(C)C,0
official_v15_2102,CCN(CC)C(=S)SSCC(NC(C)=O)C(=O)O,0
official_v15_2103,CCCCCN(CCCCO)N=O,1
official_v15_2104,CCCC[CH-][N+](=O)[O-],0
official_v15_2105,CC(Br)C(N)=O,1
official_v15_2106,N=C(N)N,0
official_v15_2107,NC(=O)CI,0
official_v15_2108,CCOC(=O)CBr,1
official_v15_2109,CCCCN(CCO)N=O,1
official_v15_2110,O=CC=O,1
official_v15_2111,O=C(O)C(=O)O,0
official_v15_2112,O=CCCCC=O,1
official_v15_2113,CN(CCCl)CCCl,1
official_v15_2114,CN(C)C(=S)SSC(=S)N(C)C,1
official_v15_2115,CC(C)(CO)C(O)C(=O)NCCCO,0
official_v15_2116,CC(C)(C)CBr,0
official_v15_2117,CCCCN(N=O)[C@@H](CCC)OC(C)=O,1
official_v15_2118,CC/C=C/C=C/C=C/C=C/C=C/SCC(O)CO,0
official_v15_2119,COP(=O)(NC(C)=O)SC,0
official_v15_2120,CC(Cl)Cl,0
official_v15_2121,CC(=O)C(C)=O,1
official_v15_2122,O=C(O)/C=C\C(=O)O,0
official_v15_2123,ClCCCBr,1
official_v15_2124,CCOP(=S)(OCC)SCCl,0
official_v15_2125,CCCCCO,0
official_v15_2126,CC#N,0
official_v15_2127,NC(CCC(=O)NC(CS/C(Cl)=C/Cl)C(=O)NCC(=O)O)C(=O)O,1
official_v15_2128,N[C@@H](CS/C(Cl)=C/Cl)C(=O)O,1
official_v15_2129,OC(C(F)(F)F)C(F)(F)F,0
official_v15_2130,CC(CO[N+](=O)[O-])(CO[N+](=O)[O-])CO[N+](=O)[O-],0
official_v15_2131,ClCCBr,1
official_v15_2132,CC(C)=CCCC(C)CCO,0
official_v15_2133,CCOC(C)=O,0
official_v15_2134,CC(C)CN(N=O)C(=N)N[N+](=O)[O-],1
official_v15_2135,CCC#N,0
official_v15_2136,CCC/C=N\O,1
official_v15_2137,CSC(C)(C)/C=N\O,0
official_v15_2138,C=C(Br)CCl,1
official_v15_2139,CC(=O)NC(CS/C(F)=C(\F)C(F)(F)F)C(=O)O,0
official_v15_2140,CCCCCCCCCCCCCCCCCCCCCCCCCCCC(=O)OCCC(C)O,0
official_v15_2141,CC(C)(C)Br,1
official_v15_2142,CN(C)CCCN,0
official_v15_2143,CC(C)(C)OC(=O)OC(=O)OC(C)(C)C,0
official_v15_2144,CCCC[C@@H](CC)COC(=O)CCCCC(=O)O,0
official_v15_2145,CC(=O)OCN(CCCl)N=O,1
official_v15_2146,CC(=O)OC(C)=O,0
official_v15_2147,C=C(C)C(=O)OC[C@H](Br)CBr,1
official_v15_2148,CC/C=C/[C@H](C=O)CC,0
official_v15_2149,CCCCC/C=C/C/C=C/CCCCCCCC(=O)O,0
official_v15_2150,COC(=O)CCl,0
official_v15_2151,CC(=O)OCN(CCCCl)N=O,1
official_v15_2152,C[C@@H](Br)CBr,1
official_v15_2153,OCC(CO)(CCBr)CCBr,1
official_v15_2154,O=C(O)C(Cl)(Cl)Cl,0
official_v15_2155,CC/C=C/C=C/C=C/C=C/C=C/OCCCO,1
official_v15_2156,C=CC(=O)NCO,0
official_v15_2157,C=C(C=O)CCC,1
official_v15_2158,CC(C)N,0
official_v15_2159,CCCCN(CCO[N+](=O)[O-])[N+](=O)[O-],1
official_v15_2160,FC(F)OC(F)(F)C(F)Cl,0
official_v15_2161,CC(C)(Cl)Cl,0
official_v15_2162,CCOC(=O)[C@@H](C[C@](C)(C[C@@H](C[C@@](C)(C[C@H](C)C(=O)OCC)C(=O)O)C(=O)OCC)C(=O)O)C[C@](C)(CC)C(=O)O,1
official_v15_2163,CC(C)(C)ON=O,1
official_v15_2164,O=C(O)CS,0
official_v15_2165,CCCCCCCC(=O)OCC(COC(=O)CCCCCCC)OC(=O)CCCCCCC,1
official_v15_2166,CCCCCCCCCCCCCCCCCC(=O)NCCNC(=O)CCCCCCCCCCCCCCCCC,0
official_v15_2167,CCCCC(C)C(OC(=O)CC(CC(=O)O)C(=O)O)C(CC(C)CC(O)CCCCCCC(O)C(C)N)OC(=O)CC(CC(=O)O)C(=O)O,0
official_v15_2168,[N-]=[N+]=NCC(O)C(O)C(O)C(O)C(=O)O,1
official_v15_2169,CCCCN=NC(C)(C)OO,1
official_v15_2170,CC(C)[C@](O)(C(=O)O)[C@@H](C)O,0
official_v15_2171,CCCC[C@@H](CC)COS(=O)(=O)O,0
official_v15_2172,NC(CCC(=O)NC(CSC(=O)NCCO)C(=O)NCC(=O)O)C(=O)O,0
official_v15_2173,O=C(O)C(Br)Br,1
official_v15_2174,O=C(O)CC[N+](=O)[O-],1
official_v15_2175,NCCCCC(N)C(=O)O,1
official_v15_2176,FC(Cl)C(F)(F)C(F)(F)Cl,0
official_v15_2177,CCCCN(C)N=O,1
official_v15_2178,CCN(N=O)C(=N)N[N+](=O)[O-],1
official_v15_2179,CCCC[C@H](C=O)CC,0
official_v15_2180,CCSCCSP(=S)(OC)OC,0
official_v15_2181,CCCCCCN(N=O)C(N)=O,1
official_v15_2182,C=C(C)C(=O)OCC,0
official_v15_2183,CC(C)=CCC/C(C)=C\C=O,0
official_v15_2184,CCCC[C@@H](CC)COP(=O)(OC[C@H](CC)CCCC)OC[C@H](CC)CCCC,0
official_v15_2185,CCOC(=O)C(Cl)C(C)=O,0
official_v15_2186,CNC(=O)N(O)C(C)=O,1
official_v15_2187,CCC(C)(C)OC,0
official_v15_2188,CC/C=C/C=O,1
official_v15_2189,O=C(O)CCCCC(=O)O,0
official_v15_2190,C=CCN=C=S,1
official_v15_2191,COC(=O)CCC(=O)OC,0
official_v15_2192,CN=NC(C)(C)OO,1
official_v15_2193,CCCCOC(=O)CC(CC(=O)OCCCC)(OC(C)=O)C(=O)OCCCC,0
official_v15_2194,S=C=S,0
official_v15_2195,CCN(N=O)C(N)=O,1
official_v15_2196,O=[N+]([O-])C(Br)(Br)Br,1
official_v15_2197,C=C(C)C(=O)OCCOCCOCCOC(=O)C(=C)C,0
official_v15_2198,CC[N+]([O-])=NC,0
official_v15_2199,ClCCOCCCl,1
official_v15_2200,CC(Cl)CO,1
official_v15_2201,CC/C=C/C=C/C=C/C=C/C=C/OC,1
official_v15_2202,CCCCN(CCC(C)=O)N=O,1
official_v15_2203,CC(O)C(C)[N+](=O)[O-],0
official_v15_2204,C=C(C)OC(C)=O,0
official_v15_2205,CC/C=C\C/C=C\C/C=C\CCCCCCCC(=O)OCC,1
official_v15_2206,C=C(C)C(=O)OCCO,0
official_v15_2207,CCC(C)C,0
official_v15_2208,OCCOCCOCCO,1
official_v15_2209,CCCCCCCCOP(=O)(OCCCCCCCC)OCCCCCCCC,0
official_v15_2210,CCCCCCCCCCCC(=O)NCCO,0
official_v15_2211,CCN(CCCCO)N=O,1
official_v15_2212,C=C(C#N)C(=O)OCC,0
official_v15_2213,CC(C)N=C=NC(C)C,0
official_v15_2214,OC[C@H](O)CCl,1
official_v15_2215,O=C(O)CCCCCCCBr,1
official_v15_2216,CN(C)CCN(C)N=O,1
official_v15_2217,FC(F)=C(F)Cl,0
official_v15_2218,CCOC(=O)CNC(=O)C=[N+]=[N-],1
official_v15_2219,CCOC(=O)N(C)C,1
official_v15_2220,C=CC,1
official_v15_2221,[N-]=[N+]=NC[C@@H](N)C(=O)O,1
official_v15_2222,CC(=O)NC(CSCCCl)C(=O)O,1
official_v15_2223,CCCCCCCCCCCCCCCCCC(=O)O,0
official_v15_2224,ClCl,0
official_v15_2225,ClCC(CCl)(CCl)CCl,0
official_v15_2226,CCCCCCCCC(Cl)CCC(Cl)CC(Cl)C(Cl)C(Cl)CC(=O)OC,0
official_v15_2227,NC(CS)C(=O)NCC(=O)O,1
official_v15_2228,CNC(=O)ONC(C)=O,1
official_v15_2229,COCOC,0
official_v15_2230,CCOC(=O)CNC(=O)C(C)(C)Br,0
official_v15_2231,OCC(O)CO,0
official_v15_2232,CCCCCCCCCCCCCCCCCCCC,0
official_v15_2233,CCCC/C=C/C=C/C=C/C=C/C=C/OC,1
official_v15_2234,CCCCOS(C)(=O)=O,1
official_v15_2235,CCOC(N)=O,1
official_v15_2236,N#CC(Br)Br,1
official_v15_2237,CC(=O)C=O,1
official_v15_2238,CCCN(CCC)N=O,1
official_v15_2239,NNOS(=O)(=O)O,1
official_v15_2240,CCCCC(CC)COC(=O)CCCCC(=O)OCC(CC)CCCC,0
official_v15_2241,OC(CBr)C(O)C(O)C(O)CBr,1
official_v15_2242,CC(CCl)OC(C)CCl,1
official_v15_2243,CC(O)CNCC(C)O,0
official_v15_2244,CCOC(=O)CC(SP(=S)(OC)OC)C(=O)OCC,0
official_v15_2245,CC(O)CN(CC(C)O)CC(C)O,0
official_v15_2246,OCP(Cl)(CO)(CO)CO,0
official_v15_2247,O=P(OCC(Br)CBr)(OCC(Br)CBr)OCC(Br)CBr,1
official_v15_2248,CCCN(N=O)C(=N)NN(O)O,1
official_v15_2249,CCCCN(N=O)C(=N)NN(O)O,1
official_v15_2250,CCCCCN(N=O)C(=N)NN(O)O,1
official_v15_2251,CCSCCC(N)C(=O)O,0
official_v15_2252,O=S(=O)(O)O,0
official_v15_2253,NC(CCC(=O)O)C(=O)O,0
official_v15_2254,CCOC(=O)CC(SP(=O)(OC)OC)C(=O)OCC,0
official_v15_2255,CN(N=O)C(=O)NC(C=O)C(O)C(O)C(O)CO,1
official_v15_2256,CCCCN(CCCCO)N=O,1
official_v15_2257,CC(C)CN(N=O)C(=N)NN(O)O,1
official_v15_2258,CC(O)CO,0
official_v15_2259,CNN,1
official_v15_2260,CN(C)N=O,1
official_v15_2261,OCC(O)C(O)C(O)C(O)CO,0
official_v15_2262,CN(N=O)C(=N)NN(O)O,1
official_v15_2263,C=CCl,1
official_v15_2264,ClC(Cl)Br,1
official_v15_2265,C=C(Cl)Cl,1
official_v15_2266,CCCCC(CC)COP(=O)(OCC(CC)CCCC)OCC(CC)CCCC,0
official_v15_2267,CC(Cl)CCl,1
official_v15_2268,ClCC(Br)CBr,1
official_v15_2269,OCC(O)CCl,1
official_v15_2270,ClCC(Cl)CBr,1
official_v15_2271,CC(=O)NC(CSC(Cl)=C(Cl)C(Cl)=C(Cl)Cl)C(=O)O,1
official_v15_2272,CCOS(C)(=O)=O,1
official_v15_2273,CCCC=CCC=O,1
official_v15_2274,CC(C)=C(Cl)C=O,1
official_v15_2275,NC(CS)C(=O)O,1
official_v15_2276,OCC(O)CI,1
official_v15_2277,OCC(Cl)CCl,1
official_v15_2278,N#CC(Cl)Br,1
official_v15_2279,CCC(Cl)=[N+]([O-])O,1
official_v15_2280,O=CCC=O,1
official_v15_2281,CCCNN=O,1
official_v15_2282,CN(CC(O)CO)N=O,1
official_v15_2283,[O-][N+](O)=CCl,1
official_v15_2284,CC(Br)CBr,1
official_v15_2285,O=C(O)CC=[N+]([O-])O,1
official_v15_2286,CC(=O)CN(CC(C)O)N=O,1
official_v15_2287,N=P(O)(OCCC(=O)O)N(CCCl)CCCl,1
official_v15_2288,OCC(Br)=C(Br)CO,1
official_v15_2289,C=C(C)C(=O)OCC(Br)CBr,1
official_v15_2290,OCC=CCl,1
official_v15_2291,[O-][N+](O)=C(Cl)Cl,1
official_v15_2292,C=CC(=O)OCC(Br)CBr,1
official_v15_2293,OCCCCCl,1
official_v15_2294,NC(CCC(=O)NC(CSN=O)C(=O)NCC(=O)O)C(=O)O,1
official_v15_2295,CC(O)CBr,1
official_v15_2296,CCC(O)C=CC=CC=CC=CC=O,1
official_v15_2297,CC=CCC=O,1
official_v15_2298,CC(O)CCl,1
official_v15_2299,NC(CSC(Cl)=CCl)C(=O)O,1
official_v15_2300,CCOP(=O)(OCC)C(C)NC(=O)N(CCCl)N=O,1
official_v15_2301,NC(CCC(=O)NC(CSCCCl)C(=O)NCC(=O)O)C(=O)O,1
official_v15_2302,CC(=O)OC(C)CN(CC(C)OC(C)=O)N=O,1
official_v15_2303,CC(=O)OCC(=O)CN(C)N=O,1
official_v15_2304,NC(CCC(=O)NC(CSC(Cl)=C(Cl)Cl)C(=O)NCC(=O)O)C(=O)O,1
official_v15_2305,O=C(O)C(Cl)Br,1
official_v15_2306,COP(=O)(OC)C(O)C(Cl)(Cl)Cl,1
official_v15_2307,[O-][N+](O)=CCO,1
official_v15_2308,CC(=O)OCC(O)CO,1
official_v15_2309,CC(O)CN(CC(C)O)N=O,1
official_v15_2310,N=P(O)(O)N(CCCl)CCCl,1
official_v15_2311,CC(O)CN(CC(O)CO)N=O,1
official_v15_2312,OCC(Br)CBr,1
official_v15_2313,CC(O)CN,1
official_v15_2314,CC(O)CN(C)N=O,1
official_v15_2315,CN(C)CCCCl,1
official_v15_2316,CC(=O)NC(CS)C(=O)O,1
official_v15_2317,CCCN(C(N)=NN=O)[N+](=O)[O-],1
official_v15_2318,CS(=O)(=O)OCC(O)C(O)COS(C)(=O)=O,1
official_v15_2319,CCC(C)ON=O,1
official_v15_2320,C=C(C)C(=O)N[N+](C)(C)CC(C)O,0
official_v15_2321,CC(S)C(=O)NCC(=O)O,0
official_v15_2322,CCCCC(CC)CNCC(CC)CCCC,0
official_v15_2323,CCC(C)N,0
official_v15_2324,CCC(CO)=[N+]([O-])O,0
official_v15_2325,CC(C)OC(=O)CC(O)(CC(=O)O)C(=O)O,0
official_v15_2326,CCC(C)=[N+]([O-])O,0
official_v15_2327,CCCCC(CC)C(=O)O,0
official_v15_2328,C=CC(Cl)CCl,0
official_v15_2329,O=C(O)C(O)C(O)C(=O)O,0
official_v15_2330,C=CS(C)(=O)=O,0
official_v15_2331,OC[P+](CO)(CO)CO,0
official_v15_2332,CC=[N+]([O-])O,0
official_v15_2333,CCCC(C)(COC(N)=O)COC(=O)NC(C)C,0
official_v15_2334,CCCCCC=[N+]([O-])O,0
official_v15_2335,CCCCC(C=O)CC,0
official_v15_2336,CCC(C(C)O)=[N+]([O-])O,0
official_v15_2337,CCCCC(CC)COC(=O)CCCCCCCCC(=O)OCC(CC)CCCC,0
official_v15_2338,C=[N+]([O-])O,0
official_v15_2339,CC(C)CC(C)N,0
official_v15_2340,CC(CO)=[N+]([O-])O,0
official_v15_2341,FC(F)(F)C(Cl)Br,0
official_v15_2342,CCCC(O)C(CC)CO,0
official_v15_2343,COP(=S)(OC)SCC(=O)NCC=O,0
official_v15_2344,CC(N)CN,0
official_v15_2345,CCCCC(CC)COCCCN,0
official_v15_2346,CCCC=[N+]([O-])O,0
official_v15_2347,C=CC(=O)OCCOC(=O)C=C,0
official_v15_2348,CN(C)CC(=O)O,0
official_v15_2349,CC(O)C(=O)O,0
official_v15_2350,CCOC(=O)CC(SP(=O)(OC)SC)C(=O)OCC,0
official_v15_2351,C=C(C)C(=O)OCCOC(=O)NNC(=O)OCCOC(=O)C(=C)C,0
official_v15_2352,CC(=O)C(C)O,0
official_v15_2353,C=C(C)C(=O)OCCCCCCCC,0
official_v15_2354,CC(C)(C)CC(C)(S)CC(C)(C)C,0
official_v15_2355,CC(CC(=O)O)C(=O)O,0
official_v15_2356,COP(O)(=NC(C)=O)SC,0
official_v15_2357,CCCCC(CC)CN,0
official_v15_2358,CCC(C)C(C)CO,0
official_v15_2359,N#CC(=N)C(N)C#N,0
official_v15_2360,CCCCC(CC)COP(OCC(CC)CCCC)OCC(CC)CCCC,0
official_v15_2361,CC(=O)CC(C)=O,0
official_v15_2362,CCCCC(CC)CO,0
official_v15_2363,C=CC(C)(O)CCC=C(C)C,0
official_v15_2364,C=CC(=O)OCC(CC)CCCC,0
official_v15_2365,CCOP(=O)(OCC)OCC,0
official_v15_2366,CC(O)COCC(C)O,0
official_v15_2367,O=C(O)CC(Cl)C(=O)O,0
official_v15_2368,CCC=[N+]([O-])O,0
official_v15_2369,CCCCC(CC)COCCC#N,0
official_v15_2370,CC(CCN(C)C)N(C)C,0
official_v15_2371,CCCCCCCCCCCC(=O)OCCS(=O)(=O)O,0
official_v15_2372,CCC(O)CN,0
official_v15_2373,CC(CCl)OP(=O)(OC(C)CCl)OC(C)CCl,0
official_v15_2374,CCCCC(CC)COS(=O)(=O)O,0
official_v15_2375,CCC(CO)NCCNC(CC)CO,0
official_v15_2376,CCCCCCC(O)CC=CCCCCCCCC(=O)O,0
official_v15_2377,CCN(CC)C(=S)S,0
official_v15_2378,O=C(O)CC(C(=O)O)C(CC(=O)O)C(=O)O,1
official_v15_2379,CNC(=O)C(C)SCCSP(=O)(OC)OC,1
official_v15_2380,CCOP(=S)(OCC)SCCSCC,0
official_v15_2381,NC(=O)N(CCCC(N)C(=O)O)N=O,1
official_v15_2382,CN(C)C(=O)N(C)N=O,1
official_v15_2383,N#CCCC(Br)(C#N)CBr,0
official_v15_2384,CCCCN(CCC(C)O)N=O,1
official_v15_2385,CCCCC(CC)COC(=O)CCCCC(=O)O,0
official_v15_2386,CC(C#N)CCC#N,1
official_v15_2387,CC(Cl)CN(C)C,1
official_v15_2388,CCCCN(CC(O)CC)N=O,1
official_v15_2389,CCCCN(N=O)C(CCC)OC(C)=O,1
official_v15_2390,CC(O)COC(C)(C)C,1
official_v15_2391,CCCCN(CC(O)CCO)N=O,1
official_v15_2392,CCCCC(=O)N(C)C,0
official_v15_2393,[O-][Cl+2]([O-])O,0
official_v15_2394,CC(=O)NBr,0
official_v15_2395,CCCCCCCCCCCCOCCO,0
official_v15_2396,OC1C2=C(C3OC3C1O)C1c3cccc4cccc(c34)C1C=C2,1
official_v15_2397,CC(=O)Nc1ccc(N=Nc2cc(C)ccc2O)cc1,1
official_v15_2398,Cc1cc(N(CCO)CCO)ccc1N=Nc1ccc(N)cc1,0
official_v15_2399,O=C(O)c1cc(N=Nc2ccc([N+](=O)[O-])cc2)ccc1O,1
official_v15_2400,CN(C)c1ccc(N=Nc2ccc(C=O)cc2)cc1,1
official_v15_2401,CN(C)c1ccc(N=Nc2ccccc2CO)cc1,1
official_v15_2402,Nc1ccc(N=Nc2ccccc2)cc1,1
official_v15_2403,COc1cc(N=Nc2ccccc2)ccc1N,1
official_v15_2404,CCN(CC)c1ccc(N=Nc2ccc([N+](=O)[O-])cc2)cc1,1
official_v15_2405,Cc1c(N)ccc(N=Nc2ccccc2)c1N,1
official_v15_2406,O=C(O)c1ccc(N=Nc2ccc(O)c(C(=O)O)c2)cc1,0
official_v15_2407,CCN(CC)c1cc(NC(C)=O)c(N=Nc2ccc([N+](=O)[O-])cc2)cc1OC,1
official_v15_2408,CC(=O)N(C)c1ccc(N=Nc2ccc(N(C)C(C)=O)cc2)cc1,0
official_v15_2409,CN(C)c1ccc(N=Nc2cccc(CCl)c2)cc1,1
official_v15_2410,CN(C)c1ccc(N=Nc2ccccc2C(=O)O)cc1,1
official_v15_2411,CC(=O)Nc1ccc(N=Nc2ccc(N(C)C)cc2)cc1,1
official_v15_2412,O=[N+]([O-])c1ccc(N=Nc2ccc(O)cc2O)cc1,0
official_v15_2413,CC(=O)Nc1cc(N=Nc2ccc(C)c(NC(C)=O)c2)ccc1C,0
official_v15_2414,O=[N+]([O-])c1ccc(N=Nc2ccccc2)cc1,1
official_v15_2415,N#Cc1cc([N+](=O)[O-])ccc1N=Nc1ccc(N(CCO)CCO)cc1,1
official_v15_2416,CC(=O)OCc1ccc(N=Nc2ccc(COC(C)=O)cc2)cc1,1
official_v15_2417,CCN(CC)c1ccc(N=Nc2ccc([N+](=O)[O-])cc2C#N)cc1,1
official_v15_2418,O=[N+]([O-])c1ccc(N=Nc2ccc(N(CCO)CCO)cc2)c([N+](=O)[O-])c1,1
official_v15_2419,Cc1cc(N=Nc2ccccc2)c(N)cc1N,1
official_v15_2420,ONc1ccc(N=Nc2ccccc2)cc1,1
official_v15_2421,Cc1ccc(N=Nc2ccc(C)c(N)c2)cc1N,1
official_v15_2422,Cc1ccc(N)cc1N=Nc1cc(N)ccc1C,1
official_v15_2423,CCN(CCC#N)c1ccc(N=Nc2c(Cl)cc([N+](=O)[O-])cc2Cl)cc1,1
official_v15_2424,Cc1cc(N=Nc2ccc(S(=O)(=O)O)cc2)c(N)cc1N,1
official_v15_2425,CC(=O)Nc1cccc(N=Nc2cccc(NC(C)=O)c2C)c1C,0
official_v15_2426,Cc1cc(N=Nc2ccccc2C)c(N)cc1N,1
official_v15_2427,Cc1ccccc1N=Nc1ccc(N)c(C)c1N,1
official_v15_2428,Cc1ccccc1N=Nc1ccc(N(C)C)cc1,0
official_v15_2429,COc1cc(N=Nc2ccccc2)ccc1[N+](=O)[O-],1
official_v15_2430,Cc1ccc(N=Nc2ccc(N(CCO)CCO)cc2)cc1,0
official_v15_2431,CCN(CC)c1cc(NC(C)=O)c(N=Nc2c(Br)cc([N+](=O)[O-])cc2[N+](=O)[O-])cc1OC,1
official_v15_2432,Cc1cc(N(C)C)ccc1N=Nc1ccccc1,1
official_v15_2433,CC(=O)OCc1ccc(N=Nc2ccc(N(C)C)cc2)cc1,1
official_v15_2434,CC(=O)Nc1ccc(C)c(N=Nc2cc(NC(C)=O)ccc2C)c1,0
official_v15_2435,CNc1ccc(N=Nc2ccccc2)cc1,1
official_v15_2436,O=[N+]([O-])c1cc(Cl)c(N=Nc2ccc(N(CCO)CCO)cc2Cl)c(Cl)c1,1
official_v15_2437,CN(CCC#N)c1ccc(N=Nc2ccccc2)cc1,1
official_v15_2438,Nc1ccc(/N=N/c2ccc(S(=O)(=O)O)cc2)c(N)c1,1
official_v15_2439,CCN(CC[N+](C)(C)C)c1ccc(N=Nc2ccc([N+](=O)[O-])cc2Cl)cc1,1
official_v15_2440,Nc1ccc(N=Nc2cccc(N)c2N)cc1,1
official_v15_2441,CC(=O)N(C)c1ccc(N=Nc2ccc(N(C)C)cc2)cc1,1
official_v15_2442,CN(C)c1ccc(N=Nc2ccccc2)cc1,1
official_v15_2443,CC(=O)ON(C)c1ccc(N=Nc2ccccc2)cc1,1
official_v15_2444,Nc1ccc(N=Nc2ccc(N)cc2)cc1,1
official_v15_2445,c1ccc(N=Nc2ccccc2)cc1,1
official_v15_2446,CN(C)c1ccc(N=Nc2ccc(N(C)C)cc2)cc1,0
official_v15_2447,COC(=O)c1ccc(N=Nc2ccc(N(C)OC(C)=O)cc2)cc1,1
official_v15_2448,C[N+](C)(C)CCNCCc1ccc(N=Nc2ccc([N+](=O)[O-])cc2Cl)cc1,1
official_v15_2449,OCCNc1ccc(N=Nc2ccc(N(CCO)CCO)cc2)cc1,0
official_v15_2450,Cc1cc(N=Nc2ccccc2C)ccc1N,1
official_v15_2451,C=CCN(CC=C)c1cc(NC(C)=O)c(N=Nc2c(Br)cc([N+](=O)[O-])cc2[N+](=O)[O-])cc1OC,1
official_v15_2452,CN(C)c1ccc(N=Nc2ccc(S(=O)(=O)O)cc2)cc1,0
official_v15_2453,CC(=O)OCc1ccccc1N=Nc1ccc(N(C)C)cc1,1
official_v15_2454,CCN(CC)c1ccc(N=Nc2ccc([N+](=O)[O-])cc2Cl)cc1,1
official_v15_2455,Cc1c(N)cccc1N=Nc1cccc(N)c1C,1
official_v15_2456,CNc1ccc(N=Nc2ccc(N(C)C(C)=O)cc2)cc1,1
official_v15_2457,Cc1cccc(N=Nc2ccc(N(C)C)cc2)c1,1
official_v15_2458,Clc1ccc(N=Nc2ccc(Cl)c(Cl)c2)cc1Cl,0
official_v15_2459,CCN(CC)c1ccc(N=Nc2ccccc2)cc1,0
official_v15_2460,CNc1ccc(N=Nc2ccc(NC)cc2)cc1,0
official_v15_2461,Nc1ccc(N=Nc2ccccc2)c(N)c1,1
official_v15_2462,OCCNc1ccc(N=Nc2ccc(NCCO)cc2)cc1,1
official_v15_2463,COc1ccc(N=Nc2ccc(N(C)C)cc2)cc1,1
official_v15_2464,Nc1ncnc2c1ncn2-c1ccc([N+](=O)[O-])cc1[N+](=O)[O-],1
official_v15_2465,Nc1ncnc2c1ncn2-c1ccc([N+](=O)[O-])cc1,1
official_v15_2466,O=C(ON(OCc1ccccc1)C(=O)c1ccccc1)c1ccc(Cl)cc1,1
official_v15_2467,O=C(ON(OCc1ccccc1)C(=O)c1ccccc1)c1cccc([N+](=O)[O-])c1,1
official_v15_2468,CC(C)(C)c1ccc(C(=O)ON(OCc2ccccc2)C(=O)c2ccccc2)cc1,1
official_v15_2469,O=C(ON(OCc1ccccc1)C(=O)c1ccccc1)c1ccc([N+](=O)[O-])cc1,1
official_v15_2470,COc1cccc(C(=O)ON(OCc2ccccc2)C(=O)c2ccccc2)c1,1
official_v15_2471,Cc1ccc(C(=O)ON(OCc2ccccc2)C(=O)c2ccccc2)cc1,1
official_v15_2472,COc1ccc(C(=O)ON(OCc2ccccc2)C(=O)c2ccccc2)cc1,1
official_v15_2473,N#Cc1ccc(C(=O)ON(OCc2ccccc2)C(=O)c2ccccc2)cc1,1
official_v15_2474,O=C(ON(OCc1ccccc1)C(=O)c1ccccc1)c1ccccc1,1
official_v15_2475,O=Cc1ccc(C(=O)ON(OCc2ccccc2)C(=O)c2ccccc2)cc1,1
official_v15_2476,CN1CCN=C(c2ccccc2)c2cc(Cl)ccc21,0
official_v15_2477,C1CSCCS1,1
official_v15_2478,c1ccc(OC2CO2)cc1,1
official_v15_2479,O=[N+]([O-])c1ccc(O[C@H]2CO2)cc1,1
official_v15_2480,O=[N+]([O-])c1ccc(OC2CO2)cc1,1
official_v15_2481,CC(=O)N(OC1OC(CO)C(O)C(O)C1O)c1ccc(Oc2ccc(Cl)cc2)cc1,1
official_v15_2482,CC(=O)N(O[C@@H]1O[C@H](CO)[C@@H](O)[C@H](O)[C@H]1O)c1ccc(Oc2ccc(Cl)cc2)cc1,1
official_v15_2483,Nc1ccc(C(=O)OCCCOC(=O)c2ccc(N)cc2)cc1,0
official_v15_2484,O=C(CCBr)N1CCN(C(=O)CCBr)CC1,1
official_v15_2485,CN1CCNCC1,0
official_v15_2486,C[C@@H]1CN(N=O)C[C@H](C)N1N=O,1
official_v15_2487,C[C@@H]1CN(N=O)[C@@H](C)CN1N=O,1
official_v15_2488,CC1CN(N=O)CCN1N=O,1
official_v15_2489,C1CNCCN1,0
official_v15_2490,OCCN1CCNCC1,0
official_v15_2491,CN1CCN(N=O)CC1,1
official_v15_2492,C[C@H]1CN(N=O)CCN1N=O,1
official_v15_2493,NCCCN1CCN(CCCN)CC1,0
official_v15_2494,NCCN1CCNCC1,0
official_v15_2495,CN1CCN(C)CC1,0
official_v15_2496,CC1CN(N=O)CC(C)N1N=O,1
official_v15_2497,O=NN1CCN(N=O)CC1,1
official_v15_2498,CC1CN(N=O)C(C)CN1N=O,1
official_v15_2499,O=NN1CCNCC1,1
official_v15_2500,CN(C)CCNC(=O)n1c2ccccc2c(=O)c2ccccc21,1
official_v15_2501,CC(=O)Nc1ccc2[nH]c3c(C)c4ccncc4c(C)c3c2c1,0
official_v15_2502,Cc1c2ccncc2c(C)c2c1[nH]c1ccc(N)cc12,1
official_v15_2503,Cc1c2ccncc2c(C)c2c1[nH]c1ccccc12,1
official_v15_2504,O=[N+]([O-])c1cc2c(cc3ccc4cccc5ccc2c3c45)o1,1
official_v15_2505,c1cc2ccc3cc4occc4c4ccc(c1)c2c34,1
official_v15_2506,Nc1ccccc1SCSc1ccccc1N,1
official_v15_2507,C1=Cc2c3ccccc3cc3cccc1c23,1
official_v15_2508,CC1CC(C)C(=O)C(C(O)CC2CC(=O)NC(=O)C2)C1,0
official_v15_2509,C[C@H]1C[C@@H](C)C(=O)[C@@H]([C@@H](O)CC2CC(=O)NC(=O)C2)C1,0
official_v15_2510,CCC1OC(CO)C(COCC2OC(COC3OC(CO)C(O)C(O)C3O)C(OC)C(O)C2O)C(O)C1O,0
official_v15_2511,C1=C\CCC2OC2CC/C=C/CC/1,0
official_v15_2512,O=C1c2ccccc2-c2ccc3c4ccc5c6c(ccc(c7ccc1c2c73)c64)C(=O)c1ccccc1-5,1
official_v15_2513,O=C(OOC(=O)c1ccccc1)c1ccccc1,0
official_v15_2514,CC(=O)Nc1ccc(OC(=O)c2ccccc2OC(C)=O)cc1,0
official_v15_2515,O=C(Oc1ccccc1)c1ccccc1O,0
official_v15_2516,CC(=O)Oc1ccccc1C(=O)Oc1ccccc1C(=O)O,0
official_v15_2517,O=C1CN(/N=C/C=C/c2ccc([N+](=O)[O-])o2)C(=O)N1,1
official_v15_2518,O=[N+]([O-])c1ccc2[nH]ncc2c1,1
official_v15_2519,CC(C)=CCC1CCCC1=O,0
official_v15_2520,CCCCCC(C)(O)/C=C/C1C(O)CC(=O)C1C/C=C/CCCC(=O)O,0
official_v15_2521,c1ccc2cc3cc4ccccc4cc3cc2c1,1
official_v15_2522,c1ccc2cc(OCC3CO3)ccc2c1,1
official_v15_2523,CC(=O)C1=C(O)C2C3c4c[nH]c5cccc(c45)CC3C(C)(C)N2C1=O,1
official_v15_2524,COC(=O)C1=C(C)NC(C)=C(C(=O)OCC(C)=O)C1c1ccccc1[N+](=O)[O-],0
official_v15_2525,COC(=O)C1=C(C)NC(COC(N)=O)=C(C(=O)OC(C)C)C1c1cccc(Cl)c1Cl,0
official_v15_2526,CCOc1ccc2c(c1)C(C)=CC(C)(C)N2,0
official_v15_2527,CC1=CC(C)(C)Nc2ccccc21,0
official_v15_2528,C1=C[C@H]2O[C@H]2c2cc3ccc4cccc5ccc(c21)c3c45,1
official_v15_2529,C1=CC2OC2c2cc3ccc4cccc5ccc(c21)c3c45,1
official_v15_2530,Cc1cc(O)c2c(c1)C(=O)c1cc(O[C@@H]3O[C@H](C)[C@@H](O)[C@H](O)[C@H]3O)cc(O)c1C2=O,1
official_v15_2531,Cc1cc(O)c2c(c1)C(=O)c1cc(OC3OC(C)C(O)C(O)C3O)cc(O)c1C2=O,1
official_v15_2532,CN1CCC(=C2c3ccccc3C=Cc3ccccc32)CC1,0
official_v15_2533,CNC(=O)c1cccc(NCC(=O)NCCc2ccc(OC)c(OC)c2)c1,0
official_v15_2534,N[C@@H]1C[C@H]1c1ccccc1,0
official_v15_2535,CC(C)(Oc1ccc(C2CC2(Cl)Cl)cc1)C(=O)O,0
official_v15_2536,CC(C)(Oc1ccc([C@@H]2CC2(Cl)Cl)cc1)C(=O)O,0
official_v15_2537,c1ccc2c(c1)ccc1cc3ccc4ccccc4c3cc12,1
official_v15_2538,COc1ccc(Cc2nccc3cc(OC)c(OC)cc23)cc1OC,0
official_v15_2539,CCCCCn1cc2c3c(cccc31)[C@H]1C=C(C)CN(C)[C@@H]1C2,1
official_v15_2540,CC1=C[C@H]2c3cccc4[nH]cc(c34)C[C@H]2N(C)C1,1
official_v15_2541,C=CCn1cc2c3c(cccc31)C1C=C(CO)CN(C)C1C2,1
official_v15_2542,C=CCn1cc2c3c(cccc31)[C@@H]1C=C(CO)CN(C)[C@@H]1C2,1
official_v15_2543,CCCn1cc2c3c(cccc31)C1C=C(C)CN(C)C1C2,1
official_v15_2544,CCCCCn1cc2c3c(cccc31)C1C=C(C)CN(C)C1C2,1
official_v15_2545,CC1=CC2c3cccc4[nH]cc(c34)CC2N(C)C1,1
official_v15_2546,C1=c2ccccc2=C2Cc3ccccc3C3=C4OC4=C1C32,1
official_v15_2547,Cc1cc(C)c2nsnc2c1N,1
official_v15_2548,Cc1cc(C)c2nsnc2c1[N+](=O)[O-],1
official_v15_2549,C1=Cc2cc3c4ccccc4ccc3c3cccc1c23,1
official_v15_2550,CC1CCC2C(C)C3C(CC4C5CC=C6CC(O)CCC6(C)C5CCC43C)N2C1,0
official_v15_2551,C1=COc2c(c3ccccc3c3cc4ccccc4cc23)C=C1,1
official_v15_2552,CC(C)NCC(O)COc1cccc2c1OCC(O[N+](=O)[O-])C2,0
official_v15_2553,CC(C)NCC(O)COc1cccc2c1OCC(O)C2,0
official_v15_2554,CC(=O)Oc1c(C)c(C)c2c(c1C)CCC(C)(CCCC(C)CCCC(C)CCCC(C)C)O2,0
official_v15_2555,CC(C)NC[C@@H](O)COc1cccc2c1OC[C@@H](O[N+](=O)[O-])C2,0
official_v15_2556,Cc1c(C)c2c(c(C)c1O)CCC(C)(CCCC(C)CCCC(C)CCCC(C)C)O2,0
official_v15_2557,CN1C(C(=O)Nc2ccccn2)=C(O)c2sccc2S1(=O)=O,0
official_v15_2558,C=C1C[C@]23C[C@@]1(O)CC[C@@H]2[C@@]12C=C[C@H](O)[C@@](C)(C(=O)O1)[C@H]2[C@@H]3C(=O)O,0
official_v15_2559,C=C1CC23CC1(O)CCC2C12C=CC(O)C(C)(C(=O)O1)C2C3C(=O)O,0
official_v15_2560,O=C1C=Cc2ccc3c4c(ccc1c24)C=CC3=O,1
official_v15_2561,COc1ccc(/C=C/c2ccc([N+](=O)[O-])cc2)cc1,1
official_v15_2562,O=[N+]([O-])c1ccc(/C=C/c2ccc(Cl)cc2)cc1,1
official_v15_2563,CC/C(=C(/CC)c1ccc(O)cc1)c1ccc(O)cc1,0
official_v15_2564,CCc1ccc(/C=C/c2ccc([N+](=O)[O-])cc2)cc1,1
official_v15_2565,Cc1ccc(/C=C/c2ccc([N+](=O)[O-])cc2)cc1,1
official_v15_2566,C(=C/c1ccccc1)\c1ccccc1,0
official_v15_2567,O=CN(O)c1ccc(/C=C/c2ccccc2)cc1,1
official_v15_2568,CN(C)c1ccc(/C=C/c2ccc([N+](=O)[O-])cc2)cc1,1
official_v15_2569,N#Cc1ccc(/C=C/c2ccc([N+](=O)[O-])cc2)cc1,1
official_v15_2570,COc1cccc(/C=C/c2ccc(N)cc2)c1,1
official_v15_2571,Nc1ccc(/C=C\c2ccc(N)cc2S(=O)(=O)O)c(S(=O)(=O)O)c1,0
official_v15_2572,Nc1ccc(/C=C/c2cccc(N)c2)cc1,1
official_v15_2573,O=[N+]([O-])c1ccc(/C=C/c2cccc(Cl)c2)cc1,1
official_v15_2574,CC/C(=C(/CC)c1ccc(OP(=O)(O)O)cc1)c1ccc(OP(=O)(O)O)cc1,0
official_v15_2575,CCC(=O)N(O)c1ccc(/C=C/c2ccccc2)cc1,1
official_v15_2576,O=[N+]([O-])c1ccc(/C=C/c2ccc([N+](=O)[O-])cc2)cc1,1
official_v15_2577,N#Cc1cccc(/C=C/c2ccc([N+](=O)[O-])cc2)c1,1
official_v15_2578,CN(C)c1ccc(/C=C/c2ccccc2)cc1,1
official_v15_2579,CC(C)(C)c1cc(C=Cc2cc(C(C)(C)C)c(O)c(C(C)(C)C)c2)cc(C(C)(C)C)c1O,0
official_v15_2580,Cc1ccc(/C=C/c2ccc(N)cc2)cc1,1
official_v15_2581,Nc1ccc(/C=C/c2ccc(Cl)cc2)cc1,1
official_v15_2582,COc1ccc(/C=C/c2ccc(N)cc2)cc1,1
official_v15_2583,CCC(=O)Oc1ccc(/C(CC)=C(\CC)c2ccc(OC(=O)CC)cc2)cc1,0
official_v15_2584,O=[N+]([O-])c1ccc(/C=C/c2ccccc2)cc1,1
official_v15_2585,Nc1ccc(/C=C/c2ccc([N+](=O)[O-])cc2)cc1,1
official_v15_2586,Nc1ccc(/C=C/c2ccccc2)cc1,1
official_v15_2587,Nc1ccc(/C=C/c2cccc(Cl)c2)cc1,1
official_v15_2588,Nc1ccc(/C=C/c2ccc(N)cc2)cc1,1
official_v15_2589,CC(=O)Nc1ccc(/C=C\c2ccccc2)cc1,1
official_v15_2590,CC(C)(C)c1ccc(/C=C/c2ccc(N)cc2)cc1,0
official_v15_2591,N#Cc1cccc(/C=C/c2ccc(N)cc2)c1,1
official_v15_2592,CC(=O)N(O)c1ccc(/C=C/c2ccccc2)cc1,1
official_v15_2593,O=[N+]([O-])c1ccc(/C=C/c2cccc([N+](=O)[O-])c2)cc1,1
official_v15_2594,COc1cccc(/C=C/c2ccc([N+](=O)[O-])cc2)c1,1
official_v15_2595,N#Cc1ccc(/C=C/c2ccc(N)cc2)cc1,1
official_v15_2596,Nc1cc(N)c(N=Nc2ccc(S(=O)(=O)O)cc2)cc1N=Nc1ccc(-c2ccc(N=Nc3ccc(O)c(C(=O)O)c3)cc2)cc1,1
official_v15_2597,C(CCC1CO1)CC1CO1,1
official_v15_2598,C(CC[C@H]1CO1)C[C@H]1CO1,1
official_v15_2599,C1CCC2OCCOCCOC3CCCCC3OCCOCCOCCOC2C1,0
official_v15_2600,N#CC1=C(C#N)SCCS1,0
official_v15_2601,c1ccc2c(c1)-c1cccc3cc4ccccc4c-2c13,1
official_v15_2602,Cc1ccc(C(C)(C)C)c(O)c1C(O)c1ncc([N+](=O)[O-])n1C,0
official_v15_2603,COc1cc(C(O)c2ncc([N+](=O)[O-])n2C)c(O)c(C(C)(C)C)c1,1
official_v15_2604,Cc1cc(C(O)c2ncc([N+](=O)[O-])n2C)c(O)c(C(C)(C)C)c1,0
official_v15_2605,Cn1c([N+](=O)[O-])cnc1C(O)c1cc(C(C)(C)C)cc(C(C)(C)C)c1O,0
official_v15_2606,CCCCCCCCCCCCCCCC(=O)OCC1(O)CC23CCC4c5ccoc5C=CC4(C)C2CCC1C3,0
official_v15_2607,O=C(c1ccccc1)C1OC1c1ccc(Oc2ccccc2)cc1,0
official_v15_2608,O=C(O)C1OC(N(O)c2ccc(-c3ccccc3)cc2)C(O)C(O)C1O,1
official_v15_2609,O=C(O)[C@@H]1O[C@H](N(O)c2ccc(-c3ccccc3)cc2)[C@@H](O)[C@H](O)[C@H]1O,1
official_v15_2610,[N-]=[N+]=NCC(O)Cn1ncc2c(N)ncnc21,1
official_v15_2611,c1ccc2c(c1)-c1cc3c(cc1C1NC21)-c1ccccc1C1NC31,1
official_v15_2612,OC1C=Cc2ccc3c(sc4ccccc43)c2C1O,0
official_v15_2613,Cn1c2ccccc2c(=O)c2c(O)cc3c(c21)CC(C1(C)CO1)O3,1
official_v15_2614,ON1c2ccccc2/C(=N\c2ccccc2)C1(c1ccccc1)c1ccccc1,0
official_v15_2615,CC1(C)O[C@]2(C)CC[C@H]1CC2,0
official_v15_2616,CC12CCC(CC1)C(C)(C)O2,0
official_v15_2617,O=C1CCCCCO1,0
official_v15_2618,CC1(C)SC2C(NC(=O)COc3ccccc3)C(=O)N2C1C(=O)O,0
official_v15_2619,CC1(C)C(=O)[C@@]2(C)CC[C@@H]1C2,0
official_v15_2620,CC1(C)[C@H]2CC[C@]1(C)C(=O)C2,0
official_v15_2621,CC12CCC(CC1=O)C2(C)C,0
official_v15_2622,CC12CCC(C1)C(C)(C)C2=O,0
official_v15_2623,c1ccc(-c2cccnc2)nc1,1
official_v15_2624,CN(C)CCNC(=O)c1cccc2[nH]c(-c3ccccc3)nc12,1
official_v15_2625,c1cc2c3c(c1)C1NC1c1cccc(c1-3)C1NC21,1
official_v15_2626,OC1c2ccc3nc4c(ccc5ccccc54)cc3c2C2OC2C1O,0
official_v15_2627,Nc1ccc(Oc2cccc(Oc3ccc(N)cc3)c2)cc1,1
official_v15_2628,O=C1C=C2c3cc4ccccc4cc3-c3cccc(c32)C1=O,1
official_v15_2629,Cc1cc2nc3ccc(N(C)C)cc3[s+]c2cc1N,1
official_v15_2630,Nc1ccc2nc3ccc(N)cc3[s+]c2c1,1
official_v15_2631,CN(C)c1ccc2nc3ccc(N(C)C)cc3[s+]c2c1,1
official_v15_2632,O=CNc1ccc(Oc2c(Cl)cc(Cl)cc2Cl)cc1,1
official_v15_2633,CC(=O)Nc1ccc(Oc2ccc(N)cc2)cc1,1
official_v15_2634,CC(=O)N(O)c1ccc(Oc2ccc(Cl)cc2)cc1,1
official_v15_2635,COc1cc(Oc2ccc(Cl)cc2Cl)cc([N+](=O)[O-])c1,0
official_v15_2636,CC(=O)Nc1ccc(Oc2ccc([N+](=O)[O-])cc2)cc1,1
official_v15_2637,Nc1ccc(Oc2ccccc2)cc1,1
official_v15_2638,O=CNc1ccc(Oc2ccc(Cl)cc2Cl)cc1,1
official_v15_2639,Nc1ccc(Oc2ccc(Cl)cc2Cl)cc1,1
official_v15_2640,COC(=O)c1cc(Oc2ccc(Cl)cc2Cl)ccc1[N+](=O)[O-],1
official_v15_2641,Nc1ccc(Oc2c(Cl)cc(Cl)cc2Cl)cc1,1
official_v15_2642,CC(=O)Nc1ccc(Oc2ccc(NO)cc2)cc1,1
official_v15_2643,CC(=O)Nc1ccc(Oc2ccc(N=O)cc2)cc1,1
official_v15_2644,O=CNc1ccc(Oc2ccc(Cl)cc2)cc1,1
official_v15_2645,O=[N+]([O-])c1ccc(Oc2ccc(N=C=S)cc2)cc1,1
official_v15_2646,CC(=O)Nc1ccc(Oc2ccc(N(O)C=O)cc2)cc1,1
official_v15_2647,O=[N+]([O-])c1ccc(Oc2ccc(Cl)cc2Cl)cc1,1
official_v15_2648,Nc1ccc(Oc2ccc([N+](=O)[O-])cc2)cc1,1
official_v15_2649,CC(=O)N(O)c1ccc(Oc2ccc(Cl)cc2Cl)cc1,1
official_v15_2650,Brc1ccc(Oc2cc(Br)c(Br)cc2Br)c(Br)c1,0
official_v15_2651,CC(=O)Nc1ccc(Oc2ccc(NC(C)=O)cc2)cc1,0
official_v15_2652,O=Nc1ccc(Oc2ccccc2)cc1,1
official_v15_2653,CC(=O)N(O)c1ccc(Oc2ccccc2)cc1,1
official_v15_2654,c1ccc(Oc2ccccc2)cc1,0
official_v15_2655,Nc1ccc(Oc2ccc(N)cc2)cc1,1
official_v15_2656,ONc1ccc(Oc2ccccc2)cc1,1
official_v15_2657,O=[N+]([O-])c1ccc(Oc2ccccc2)cc1,1
official_v15_2658,Nc1ccc(Oc2ccc(N)c(N)c2)cc1,1
official_v15_2659,CC(=O)Nc1ccc(Oc2ccc(N(O)C(C)=O)cc2)cc1,1
official_v15_2660,CC(=O)Nc1ccc(Oc2ccccc2)cc1,1
official_v15_2661,Nc1ccc(Oc2ccc(N)c(Cl)c2)cc1Cl,1
official_v15_2662,CC(=O)Nc1ccc(Oc2ccc(N(OC(C)=O)C(C)=O)cc2)cc1,1
official_v15_2663,O=CN(O)c1ccc(Oc2ccc(Cl)cc2)cc1,1
official_v15_2664,O=C1c2ccccc2-c2ccc3ccc4ccccc4c3c21,0
official_v15_2665,S=P(N1CC1)(N1CC1)N1CC1,1
official_v15_2666,CN1C(=O)C23CC4=CC=CC(O)C4N2C(=O)C1(CO)SS3,0
official_v15_2667,O=Nc1c(-c2ccc([N+](=O)[O-])cc2)nc2sccn12,1
official_v15_2668,Cc1cn2c([N+](=O)[O-])c(-c3ccc([N+](=O)[O-])cc3)nc2s1,1
official_v15_2669,O=Nc1c(-c2ccc(Cl)cc2)nc2sccn12,1
official_v15_2670,O=[N+]([O-])c1c(-c2ccc(Cl)cc2)nc2sccn12,1
official_v15_2671,O=[N+]([O-])c1ccc(-c2nc3sccn3c2[N+](=O)[O-])cc1,1
official_v15_2672,Cc1cn2c(N=O)c(-c3ccc([N+](=O)[O-])cc3)nc2s1,1
official_v15_2673,ClC1=C(Cl)[C@]2(Cl)[C@@H]3[C@@H]([C@@H]4C=C[C@H]3C4)[C@@]1(Cl)C2(Cl)Cl,0
official_v15_2674,ClC1=C(Cl)C2(Cl)C3C4C=CC(C4)C3C1(Cl)C2(Cl)Cl,0
official_v15_2675,c1ccc2c(c1)cc1c3c2ccc2cccc(c23)C2OC12,1
official_v15_2676,O=[N+]([O-])c1ccc(-c2nc(N(CCO)CCO)c3ccccc3n2)s1,1
official_v15_2677,OCCN(CCO)c1nc(-c2cccs2)nc2ccccc12,0
official_v15_2678,O=[N+]([O-])c1ccc(-c2nc(NCCO)c3ccccc3n2)s1,1
official_v15_2679,O=C(c1ccccc1)[C@@H](O)c1ccccc1,0
official_v15_2680,O=C(c1ccccc1)C(O)c1ccccc1,0
official_v15_2681,CC(=O)OC(C(=O)c1ccccc1)c1ccccc1,0
official_v15_2682,CN1C(=O)CN=C(c2ccccc2)c2cc(Cl)ccc21,0
official_v15_2683,O=C1CN=C(c2ccccc2)c2cc([N+](=O)[O-])ccc2N1,0
official_v15_2684,O=C1Nc2ccc(Cl)cc2C(c2ccccc2)=N[C@@H]1O,0
official_v15_2685,CCN(CC)CCN1C(=O)CN=C(c2ccccc2F)c2cc(Cl)ccc21,0
official_v15_2686,CN1C(=O)CN=C(c2ccccc2F)c2cc([N+](=O)[O-])ccc21,1
official_v15_2687,O=C1Nc2ccc(Cl)cc2C(c2ccccc2)=NC1O,0
official_v15_2688,O=C1CN=C(c2ccccc2)c2cc(Cl)ccc2N1,0
official_v15_2689,c1ccc2[nH]c(-c3cscn3)nc2c1,1
official_v15_2690,CN1CCN(c2ccc3[nH]c(-c4ccc5[nH]c(-c6ccc(O)cc6)nc5c4)nc3c2)CC1,0
official_v15_2691,CN1CCN(c2ccc3[nH]c(-c4ccc5[nH]c(-c6ccc(N(CCCl)CCCl)cc6)nc5c4)nc3c2)CC1,0
official_v15_2692,CCN(CCCl)c1ccc(-c2nc3cc(-c4nc5cc(N6CCN(C)CC6)ccc5[nH]4)ccc3[nH]2)cc1,0
official_v15_2693,Cc1cc2cc3ccccc3cc2c2ccccc12,1
official_v15_2694,CCc1c2ccccc2cc2ccc3ccccc3c12,0
official_v15_2695,CC(=O)OCc1c2ccccc2cc2c1ccc1ccccc12,1
official_v15_2696,Cc1ccc2c(ccc3cc4ccccc4cc32)c1,1
official_v15_2697,CCc1c2ccccc2c(C)c2c1ccc1ccccc12,0
official_v15_2698,Cc1c2ccccc2cc2ccc3ccccc3c12,1
official_v15_2699,Cc1ccc2ccc3cc4ccccc4cc3c2c1,1
official_v15_2700,OCc1c2ccccc2cc2c1ccc1ccccc12,1
official_v15_2701,Cc1c2ccccc2c(CBr)c2ccc3ccccc3c12,1
official_v15_2702,Cc1cccc2cc3c(ccc4ccccc43)cc12,1
official_v15_2703,ClCc1c2ccccc2cc2c1ccc1ccccc12,1
official_v15_2704,Cc1c2ccccc2c(CCl)c2ccc3ccccc3c12,1
official_v15_2705,Cc1cccc2c1ccc1cc3ccccc3cc12,1
official_v15_2706,CCc1c2ccccc2c(CC)c2c1ccc1ccccc12,0
official_v15_2707,Cc1c2ccc3ccccc3c2cc2ccc(O)c(O)c12,1
official_v15_2708,OCc1c2ccccc2c(CO)c2c1ccc1ccccc12,1
official_v15_2709,O=S(=O)(O)OCc1c2ccccc2c(CO)c2c1ccc1ccccc12,1
official_v15_2710,CCc1c2ccccc2c(C)c2ccc3ccccc3c12,0
official_v15_2711,O=[N+]([O-])c1c2ccccc2cc2c1ccc1ccccc12,0
official_v15_2712,BrCc1c2ccccc2cc2ccc3ccccc3c12,1
official_v15_2713,CCc1c2ccccc2cc2c1ccc1ccccc12,1
official_v15_2714,Cc1c2ccccc2c(CBr)c2c1ccc1ccccc12,1
official_v15_2715,Cc1c2ccccc2c(COS(=O)(=O)O)c2ccc3ccccc3c12,1
official_v15_2716,Cc1c2ccccc2c(CO)c2ccc3ccccc3c12,1
official_v15_2717,Cc1ccc2cc3c(ccc4ccccc43)cc2c1,1
official_v15_2718,CC(=O)OCc1c2ccccc2cc2ccc3ccccc3c12,1
official_v15_2719,Brc1cccc2cc3c(ccc4ccccc43)cc12,1
official_v15_2720,BrCc1c2ccccc2cc2c1ccc1ccccc12,1
official_v15_2721,Cc1c2ccccc2cc2c1ccc1ccccc12,1
official_v15_2722,CC(=O)OCc1c2ccccc2c(C)c2c1ccc1ccccc12,1
official_v15_2723,c1ccc2cc3c(ccc4ccccc43)cc2c1,1
official_v15_2724,Brc1c2ccccc2cc2c1ccc1ccccc12,1
official_v15_2725,Cc1cc2c(O)cccc2c2cc3ccccc3cc12,1
official_v15_2726,Cc1cccc2cc3ccc4ccccc4c3cc12,1
official_v15_2727,Cc1c2ccccc2c(C)c2c1ccc1ccccc12,1
official_v15_2728,Cc1cccc2ccc3cc4ccccc4cc3c12,1
official_v15_2729,CC(=O)OCc1c2ccccc2c(C)c2ccc3ccccc3c12,1
official_v15_2730,Cc1ccc2cc3ccc4ccccc4c3cc2c1,1
official_v15_2731,Cc1cc2ccccc2c2cc3ccccc3cc12,1
official_v15_2732,O=S(=O)(O)OCc1c2ccccc2cc2c1ccc1ccccc12,1
official_v15_2733,Clc1c2ccccc2cc2c1ccc1ccccc12,1
official_v15_2734,O=[N+]([O-])c1[nH]cnc1-c1ccccc1,1
official_v15_2735,O=Nc1[nH]cnc1-c1ccccc1,1
official_v15_2736,Cn1cnc(-c2ccccc2)c1[N+](=O)[O-],1
official_v15_2737,Cn1cnc(-c2ccccc2)c1N=O,1
official_v15_2738,CCOCn1cc(F)c(=O)n(C(=O)c2cccc(C(=O)Oc3nc(OC(=O)c4ccccc4)ccc3C#N)c2)c1=O,0
official_v15_2739,c1cnc2ccc3c(c2c1)CCC1OC31,0
official_v15_2740,OC1c2c(ccc3ncccc23)C2OC2C1O,0
official_v15_2741,CC[n+]1c(-c2ccccc2)c2cc(N)ccc2c2ccc(N)cc21,1
official_v15_2742,C[n+]1c(-c2ccc(N)cc2)c2cc(N)ccc2c2ccc(N)cc21,1
official_v15_2743,O=[N+]([O-])c1ccc2c3c1ccc1cccc(c13)[C@@H]1O[C@H]21,1
official_v15_2744,O=[N+]([O-])c1ccc2ccc3cccc4c3c2c1[C@@H]1O[C@H]41,1
official_v15_2745,O=[N+]([O-])c1ccc2c3c1ccc1cccc(c13)C1OC21,1
official_v15_2746,O=[N+]([O-])c1ccc2ccc3cccc4c3c2c1C1OC41,1
official_v15_2747,C1OCOCO1,0
official_v15_2748,ClCC1OC(CCl)OC(CCl)O1,1
official_v15_2749,ClC[C@H]1O[C@@H](CCl)O[C@@H](CCl)O1,1
official_v15_2750,COC(=O)C1=C(c2ccccc2)C(C)OC1=O,0
official_v15_2751,c1cscn1,1
official_v15_2752,CC(C)Cc1nccs1,1
official_v15_2753,CCNC(=O)Nc1ncc([N+](=O)[O-])s1,1
official_v15_2754,Nc1nccs1,1
official_v15_2755,Nc1ncc([N+](=O)[O-])s1,1
official_v15_2756,O=C(NCCCl)Nc1ncc([N+](=O)[O-])s1,1
official_v15_2757,OC1c2ccc3c(c2C2OC2C1O)-c1cccc2cccc-3c12,1
official_v15_2758,O[C@@H]1[C@@H]2O[C@@H]2c2c(ccc3c2-c2cccc4cccc-3c24)[C@H]1O,1
official_v15_2759,O=[N+]([O-])c1ccc(Nc2ncnc3c2ncn3-c2ccc([N+](=O)[O-])cc2)cc1,1
official_v15_2760,CN(C)CCNC(=O)c1cccc2c1ncc1ccccc12,1
official_v15_2761,c1ccc2c(c1)cnc1ccccc12,1
official_v15_2762,CCC1=C(CC2NCCc3cc(OC)c(OC)cc32)CC2c3cc(OC)c(OC)cc3CCN2C1,0
official_v15_2763,COc1cc(O)c2c(O)c3c(=O)oc(C)cc3c(OC)c2c1,1
official_v15_2764,c1csc(-c2nc(N3CCOCC3)c3ccccc3n2)c1,1
official_v15_2765,O=[N+]([O-])c1ccc(-c2nc(N3CCOCC3)c3ccccc3n2)s1,1
official_v15_2766,COc1ccc(C=Nn2nnc3c([nH]c4ccccc43)c2=O)cc1,1
official_v15_2767,O=C(O)c1ccc(C=Nn2nnc3c([nH]c4ccccc43)c2=O)cc1,1
official_v15_2768,O=c1c2[nH]c3ccccc3c2nnn1N=Cc1ccc(O)cc1,1
official_v15_2769,O=c1c2[nH]c3ccccc3c2nnn1N=Cc1ccccc1,1
official_v15_2770,O=c1c2[nH]c3ccccc3c2nnn1N=Cc1ccc(Cl)cc1,1
official_v15_2771,COC(=O)c1ccc(C=Nn2nnc3c([nH]c4ccccc43)c2=O)cc1,1
official_v15_2772,O=c1c2[nH]c3ccccc3c2nnn1N=Cc1ccc([N+](=O)[O-])cc1,1
official_v15_2773,O=C1CCc2c3c(c4c(ccc5ccccc54)c21)CCC3,0
official_v15_2774,O=C1CCc2ccc3c(ccc4ccccc43)c21,1
official_v15_2775,Cc1cc2c(c3ccc4ccccc4c13)C(=O)CC2,1
official_v15_2776,O=NN1CCCCCCCCCCCC1,1
official_v15_2777,C/C=C/c1cc2c(c(=O)o1)C(=O)C(O)C(C)O2,0
official_v15_2778,CC(O)C1C(=O)N2C(C(=O)O)=C(C3CCCO3)SC12,0
official_v15_2779,c1cc[n+]2c(c1)-c1cccc[n+]1CC2,0
official_v15_2780,CN=C1C=CC(=C(c2ccc(N(C)C)cc2)c2ccc(N(C)C)cc2)C=C1,0
official_v15_2781,CN=C1C=CC(=C(c2ccc(NC)cc2)c2ccc(N(C)C)cc2)C=C1,0
official_v15_2782,CN(C)c1ccc(C(=C2C=CC(=N)C=C2)c2ccc(N(C)C)cc2)cc1,0
official_v15_2783,Cc1cc(C(=C2C=CC(=N)C=C2)c2ccc(N)cc2)ccc1N,1
official_v15_2784,N=C1C=CC(=C(c2ccc(N)cc2)c2ccc(N)cc2)C=C1,1
official_v15_2785,O=NN1CN2CN(C1)CN(N=O)C2,1
official_v15_2786,O=S(=O)(O)c1c(N=Nc2c(O)ccc3ccccc23)ccc2ccccc12,0
official_v15_2787,NC1=NCNc2c1ncn2C1OC(CO)C(O)C1=O,0
official_v15_2788,Brc1cc(Br)c(OCCOc2c(Br)cc(Br)cc2Br)c(Br)c1,0
official_v15_2789,CC1c2ccccc2N(C)C2=Nc3ccccc3C21,1
official_v15_2790,Cc1ccc2c(c1)C(C)C1C(=Nc3ccc(C)cc31)N2C,1
official_v15_2791,Cc1cccc2c1N(C)C1=Nc3ccccc3C1C2C,1
official_v15_2792,Cc1ccc2c(c1)C1C(=N2)N(C)c2ccccc2C1C,1
official_v15_2793,Cc1ccc2c(c1)C(C)C1C(=Nc3ccccc31)N2C,1
official_v15_2794,O=c1cc(-c2ccccc2)cc(-c2ccccc2)n1/N=C/c1ccc([N+](=O)[O-])o1,1
official_v15_2795,O=C1CC(c2ccc(O)cc2)Oc2cc(O)cc(O)c21,0
official_v15_2796,CC[C@@H]1OC(=O)[C@H](C)[C@@H](O[C@H]2C[C@@](C)(OC)[C@@H](O)[C@@H](C)O2)[C@H](C)[C@@H](O[C@@H]2O[C@H](C)C[C@H](N(C)C)[C@H]2O)[C@](C)(O)C[C@@H](C)C(=O)[C@H](C)[C@@H](O)[C@]1(C)O,0
official_v15_2797,O=C(COc1ccc(Cl)cc1Cl)NC(Cc1c[nH]c2ccccc12)C(=O)O,0
official_v15_2798,O=C(COc1cc(Cl)c(Cl)cc1Cl)NC(Cc1c[nH]c2ccccc12)C(=O)O,0
official_v15_2799,c1cc2ccc3cc4c(c5ccc(c1)c2c35)C1OC1CC4,1
official_v15_2800,OC1c2cc3ccc4cccc5ccc(c2C2OC2C1O)c3c45,1
official_v15_2801,c1cc2ccc3cc4c(c5ccc(c1)c2c35)[C@@H]1O[C@@H]1CC4,1
official_v15_2802,CC1=CCC2C(C)=CCC(C(C)(C)C)C2C1,0
official_v15_2803,CC1=CC[C@@H]2C(C)=CC[C@@H](C(C)C)[C@H]2C1,0
official_v15_2804,CC1=CC[C@@H]2C(C)=CC[C@H](C(C)(C)C)[C@H]2C1,0
official_v15_2805,Cn1c(N)nc2nc3ccncc3cc21,0
official_v15_2806,O=C1Nc2cc3ccccc3c3c4c(cc1c23)OCO4,1
official_v15_2807,COc1cccc2c1cc1c3c(cc4c(c32)OCO4)C(=O)N1,1
official_v15_2808,C/C=C(\C)C(=O)OC1CCN2CC=C(CO)C12,0
official_v15_2809,CC=C(C)C(=O)OC1CCN2CC=C(COC(=O)C(O)(C(C)OC)C(C)(C)O)C12,1
official_v15_2810,OCC1=CCN2CC[C@@H](O)[C@@H]12,0
official_v15_2811,CC(C)C(O)(C(=O)OCC1=CCN2CCC(O)C12)C(C)O,0
official_v15_2812,C/C=C(/C)C(=O)O[C@H]1CCN2CC=C(COC(=O)[C@@](O)([C@H](C)OC)C(C)(C)O)[C@H]12,1
official_v15_2813,OC1c2cccc3ccc4cc5ccccc5c(c4c23)C1O,1
official_v15_2814,N=C(Nc1ccccc1)Nc1ccccc1,1
official_v15_2815,c1ccc(-c2nc3ccccc3o2)cc1,0
official_v15_2816,CN(C)CCNC(=O)c1cccc2nc(-c3ccccc3)oc12,0
official_v15_2817,Oc1ccccc1-c1nc2ccccc2o1,0
official_v15_2818,Cc1ccc(-c2nc3ccccc3o2)cc1,0
official_v15_2819,Clc1cccc(-c2nc3ccccc3o2)c1,0
official_v15_2820,Cc1cccc(-c2nc3ccccc3o2)c1,0
official_v15_2821,CN(C)CCNC(=O)c1cccc2oc(-c3ccccc3)nc12,0
official_v15_2822,Cc1ccccc1-c1nc2ccccc2o1,0
official_v15_2823,Clc1ccc(-c2nc3ccccc3o2)cc1,0
official_v15_2824,CNC(=O)Oc1cccc2c1OC(C)(C)C2,0
official_v15_2825,c1ccc(NNc2ccccc2)cc1,1
official_v15_2826,Nc1ccn([C@@H]2CC[C@H](CO)O2)c(=O)n1,1
official_v15_2827,Nc1nc(=O)n(C2OC(CO)C(O)C2O)cc1O,0
official_v15_2828,Nc1ccn([C@H]2O[C@@H](COP(=O)(O)O)[C@H](O)[C@H]2O)c(=O)n1,0
official_v15_2829,Nc1nc(=O)n(C2CC(O)C(CO)O2)cc1CCCl,0
official_v15_2830,Nc1nc(=O)n(C2CC(O)C(CO)O2)cc1O,0
official_v15_2831,Nc1nc(=O)n(C2CC(O)C(CO)O2)cc1I,0
official_v15_2832,Nc1ccn(C2OC(CO)C(O)C2O)c(=O)n1,0
official_v15_2833,Nc1ccn(C2OC(COP(=O)(O)O)C(O)C2O)c(=O)n1,0
official_v15_2834,O=C(c1ccccc1)n1ncc(Cl)c(Cl)c1=O,0
official_v15_2835,COc1ccc(C(=O)n2ncc(Cl)c(Cl)c2=O)cc1,0
official_v15_2836,Cc1ccc(C(=O)n2ncc(Cl)c(Cl)c2=O)cc1,0
official_v15_2837,O=C(O)C1OC(Oc2ccc3cc4ccc5cccc6ccc(c3c2)c4c56)C(O)C(O)C1O,0
official_v15_2838,Nc1nc(-c2ccc([N+](=O)[O-])s2)cs1,1
official_v15_2839,O=CNc1nc(-c2cc([N+](=O)[O-])cs2)cs1,1
official_v15_2840,O=CNc1nc(-c2ccc([N+](=O)[O-])s2)cs1,1
official_v15_2841,Nc1nc(-c2cc([N+](=O)[O-])cs2)cs1,1
official_v15_2842,CC(=O)Nc1nc(-c2cc([N+](=O)[O-])cs2)cs1,1
official_v15_2843,Oc1nc2ccccc2o1,0
official_v15_2844,COc1c(O)cc2c3c1-c1ccccc1CC3N(C)CC2,1
official_v15_2845,CCCCCCCCCC(=O)OCCN1CCN(CCCN2c3ccccc3Sc3ccc(C(F)(F)F)cc32)CC1,0
official_v15_2846,OCCN1CCN(CCCN2c3ccccc3Sc3ccc(C(F)(F)F)cc32)CC1,0
official_v15_2847,CCCCCCC(=O)OCCN1CCN(CCCN2c3ccccc3Sc3ccc(C(F)(F)F)cc32)CC1,0
official_v15_2848,CC(C)(C)C1=CC(=O)C=C(C2=CC(=O)C=C(C(C)(C)C)C2=O)C1=O,1
official_v15_2849,CC1=CC2=C(C=O)C(=O)C(C)(O)C(O)C2=CO1,1
official_v15_2850,CC1=CC2=C(C=O)C(=O)[C@](C)(O)[C@H](O)C2=CO1,1
official_v15_2851,CCN1c2cc(N)ccc2-c2ccc(N)cc2C1c1ccccc1,1
official_v15_2852,OC1c2cccc3c2C2(OC2C1O)c1cc2ccccc2cc1-3,1
official_v15_2853,C=CC(C)(C)c1cc2cc3c(cc2oc1=O)OC(C(C)(C)O)C3,1
official_v15_2854,C=CC(C)(C)c1cc2cc3c(cc2oc1=O)OC(C(C)(C)OC(C)=O)C3,0
official_v15_2855,CC(C)(O)C1Cc2cc3ccc(=O)oc3cc2O1,1
official_v15_2856,CN1CCN(C2=Nc3ccccc3Oc3ccc(Cl)cc32)CC1,0
official_v15_2857,O=C1CCCCCCCCCCCC(=O)OCCO1,0
official_v15_2858,CCN1CCN(C(=O)NC(C(=O)NC2C(=O)N3C2SC(C)(C)C3C(=O)O)c2ccccc2)C(=O)C1=O,0
official_v15_2859,CC(=O)C1C(=O)C=C(C)OC1=O,0
official_v15_2860,CC1OC(OCC2OC(Oc3c(-c4ccc(OCCO)c(OCCO)c4)oc4cc(OCCO)cc(O)c4c3=O)C(O)C(O)C2O)C(O)C(O)C1O,0
official_v15_2861,CC1OC(OCC2OC(Oc3c(-c4ccc(O)c(O)c4)oc4cc(O)cc(O)c4c3=O)C(O)C(O)C2O)C(O)C(O)C1O,1
official_v15_2862,[N-]=[N+]=NCC(O)Cn1cnc2c(N)nc(N)nc21,1
official_v15_2863,Cn1cnc2c(N)ncnc21,1
official_v15_2864,[N-]=[N+]=NCC(O)Cn1cnc2c(N)ncnc21,1
official_v15_2865,[N-]=[N+]=NCC(O)Cn1cnc2c(Cl)nc(N)nc21,1
official_v15_2866,Cn1cnc2c(NO)ncnc21,1
official_v15_2867,[N-]=[N+]=NC[C@@H](O)Cn1cnc2c(N)ncnc21,1
official_v15_2868,CSc1ncnc2c1ncn2CC(O)CN=[N+]=[N-],1
official_v15_2869,[N-]=[N+]=NCC(O)Cn1cnc2c(Cl)ncnc21,1
official_v15_2870,C[C@]12CC[C@H](OC(=O)COc3ccc(N(CCCl)CCCl)cc3)C[C@@H]1CC[C@@H]1[C@@H]2CC[C@]2(C)NC(=O)CC[C@@H]12,1
official_v15_2871,COc1ccc(CCC(=O)c2c(O)cc(O[C@@H]3O[C@H](CO)[C@@H](O)[C@H](O)[C@H]3O[C@@H]3O[C@@H](C)[C@H](O)[C@@H](O)[C@H]3O)cc2O)cc1O,0
official_v15_2872,Cc1c([N+](=O)[O-])cc2c(c1[N+](=O)[O-])C(C)(C)CC2(C)C,0
official_v15_2873,CC(=O)c1cc(C(C)(C)C)cc2c1CCC2(C)C,0
official_v15_2874,CC(=O)c1cc2c(cc1C)C(C)(C)[C@@H](C)C2(C)C,0
official_v15_2875,CC(=O)c1cc2c(cc1C)C(C)(C)C(C)C2C(C)C,0
official_v15_2876,CC(=O)c1cc2c(cc1C)C(C)(C)C(C)C2(C)C,0
official_v15_2877,Nc1nnc(S)s1,0
official_v15_2878,O=c1c2ccccc2sn1CC1CO1,0
official_v15_2879,CC1(C)CCCC2(C)C1CCC1(C)C(C=O)C(C=O)=CCC12,0
official_v15_2880,CN1[C@@H]2C[C@H](OC(=O)[C@@H](CO)c3ccccc3)C[C@H]1[C@H]1O[C@H]12,0
official_v15_2881,CN1C2CC(OC(=O)C(CO)c3ccccc3)CC1C1OC12,0
official_v15_2882,CO[C@@H]1C[C@](C)(O)Cc2cc3c(c(O)c21)C(=O)c1c(O)cc2c(c1C3=O)O[C@@H]1O[C@@]2(C)[C@H](O)[C@@H](N(C)C)[C@H]1O,1
official_v15_2883,Clc1ccc(CSc2ccc(Cl)cc2)cc1,0
official_v15_2884,COc1cc2c(c3oc(=O)c4c(c13)CCOC4=O)C1C=COC1O2,1
official_v15_2885,Cc1ccc2cc3c4c(ccc3c3c2c1CC3)C=CC(O)C4O,1
official_v15_2886,Cc1ccc2cc3c4c(ccc3c3c2c1CC3)C=C[C@@H](O)[C@H]4O,1
official_v15_2887,CN(C)C1C(O)=C(C(N)=O)C(=O)C2(O)C(O)=C3C(=O)c4c(O)cccc4C(C)(O)C3C(O)C12,0
official_v15_2888,CN(C)C1C(O)=C(C(N)=O)C(=O)C2(O)C(O)=C3C(=O)c4c(O)cccc4C(C)(O)C3CC12,0
official_v15_2889,C/C=C(C(=C/C)/c1ccc(O)cc1)\c1ccc(O)cc1,0
official_v15_2890,O=C1NCCCN1/N=C/c1ccc([N+](=O)[O-])o1,1
official_v15_2891,COc1c(OC)c2occc2c2oc(=O)ccc12,0
official_v15_2892,O=c1ccc2ccc3occc3c2o1,0
official_v15_2893,Nc1ccc(-c2ccc(-c3ccc(-c4ccc(N)cc4)cc3)cc2)cc1,0
official_v15_2894,CCCCCCC(CCCC)COc1ccc(-c2ccc(-c3ccc(-c4ccc(OCC(CCCC)CCCCCC)cc4)cc3)cc2)cc1,0
official_v15_2895,CCN(CC)c1ccc(-c2ccc(-c3ccc(-c4ccc(N(CC)CC)cc4)cc3)cc2)cc1,0
official_v15_2896,COCC(COC(=O)c1ccccc1)(COC(=O)c1ccccc1)COC(=O)c1ccccc1,0
official_v15_2897,CC(COC(=O)c1ccccc1)(COC(=O)c1ccccc1)COC(=O)c1ccccc1,0
official_v15_2898,CNCc1ccc(CSCCNC(=NCC(O)c2ccc(O)cc2)NS(C)(=O)=O)o1,0
official_v15_2899,CCN(CC)CCCN(c1ccccc1)C1Cc2ccccc2C1,0
official_v15_2900,O=C(O)C1OC(Oc2ccc3ccc4cc5ccccc5c5ccc2c3c45)C(O)C(O)C1O,0
official_v15_2901,CCN(CC)c1ccc2nc3ccc(N(CC)CC)cc3[o+]c2c1,1
official_v15_2902,O[C@@H]1c2ccccc2-c2cc3c(ccc4ccccc43)nc2[C@H]1O,0
official_v15_2903,OC1c2ccccc2-c2cc3c(ccc4ccccc43)nc2C1O,0
official_v15_2904,O=[N+]([O-])c1ccc2c(c1)CCN2,1
official_v15_2905,O=[N+]([O-])c1ccc2c(c1)NCC2,1
official_v15_2906,COC(=COC(N)=O)c1c(O)c(N2CC2)c(C)c(O)c1N1CC1,1
official_v15_2907,COc1ccc(-c2noc(CC(=O)O)c2-c2ccc(OC)cc2)cc1,0
official_v15_2908,c1ccc2cc3c(ccc4c5ccccc5ccc34)cc2c1,0
official_v15_2909,CN(C)CCC=C1c2ccccc2CCc2ccccc21,0
official_v15_2910,COC1=C(N)C(=O)c2nc(-c3nc(C(=O)O)c(C)c(-c4ccc(OC)c(OC)c4O)c3N)ccc2C1=O,1
official_v15_2911,O=C(O)C1OC(Oc2c3ccccc3c3ccc4cccc5ccc2c3c54)C(O)C(O)C1O,0
official_v15_2912,C=C1CC(=O)O1,0
official_v15_2913,CN(C)CCOC(c1ccccc1)c1ccccc1,0
official_v15_2914,Cc1cc(Cc2ccc(N)c(C)c2)ccc1N,1
official_v15_2915,CC(C)(c1ccc(OCC(O)CO)cc1)c1ccc(OCC(O)CO)cc1,0
official_v15_2916,CCc1cc(Cc2cc(C)c(N)c(CC)c2)cc(C)c1N,0
official_v15_2917,CN(C)c1ccc(Cc2ccc(N(C)C)cc2)cc1,1
official_v15_2918,CC(=O)c1cc(Cc2ccc(N)c(C(C)=O)c2)ccc1N,1
official_v15_2919,Oc1ccc(Cl)cc1Cc1ccccc1,0
official_v15_2920,Cc1ccc(Cc2ccccc2)cc1,0
official_v15_2921,CC(=O)Nc1ccc(Cc2ccc(NC(C)=O)c(Cl)c2)cc1Cl,1
official_v15_2922,Nc1ccc(Cc2ccc(N)c(Cl)c2)cc1Cl,1
official_v15_2923,CC(C)(c1ccc(O)cc1)c1ccc(O)cc1,0
official_v15_2924,CC(C)(C)c1cc(Cc2cc(C(C)(C)C)c(O)c(C(C)(C)C)c2)cc(C(C)(C)C)c1O,0
official_v15_2925,CCCOC(=O)c1cc(Cc2ccc(N)c(C(=O)OCCC)c2)ccc1N,0
official_v15_2926,Cc1ccccc1[C@H](OCCN(C)C)c1ccccc1,0
official_v15_2927,CN(C)C(c1ccccc1)(c1ccccc1)N(C)C,0
official_v15_2928,CCOC(=O)C(O)(c1ccc(Cl)cc1)c1ccc(Cl)cc1,0
official_v15_2929,CC(C)OC(=O)c1cc(Cc2ccc(N)c(C(=O)OC(C)C)c2)ccc1N,0
official_v15_2930,Nc1ccc(Cc2ccc(N=O)c(Cl)c2)cc1Cl,0
official_v15_2931,Nc1ccc(Cc2ccc(N)cc2[N+](=O)[O-])c([N+](=O)[O-])c1,1
official_v15_2932,CC(=O)Nc1ccc(Cc2ccc(NC(C)=O)cc2)cc1,0
official_v15_2933,CCN(CC)C(=O)c1cc(Cc2ccc(N)c(C(=O)N(CC)CC)c2)ccc1N,0
official_v15_2934,Nc1ccc(Cc2ccc(N)c(C(=O)O)c2)cc1C(=O)O,0
official_v15_2935,CC(=O)Nc1ccc(Cc2ccc(N)c(Cl)c2)cc1Cl,1
official_v15_2936,CC(=O)Nc1ccc(Cc2ccc(N)cc2)cc1,0
official_v15_2937,Clc1ccc([C@H](c2ccccc2Cl)C(Cl)Cl)cc1,0
official_v15_2938,[N-]=[N+]=NC(c1ccccc1)c1ccccc1,1
official_v15_2939,Cc1ccccc1C(OCCN(C)C)c1ccccc1,0
official_v15_2940,Clc1ccc(C(c2ccc(Cl)cc2)C(Cl)(Cl)Cl)cc1,0
official_v15_2941,CC(C)Sc1cc(Cc2ccc(N)c(SC(C)C)c2)ccc1N,1
official_v15_2942,CC(C)(c1ccccc1)c1ccc(O)cc1,0
official_v15_2943,Oc1ccc(Cc2ccccc2O)cc1,0
official_v15_2944,OC(c1ccc(Cl)cc1)(c1ccc(Cl)cc1)C(Cl)(Cl)Cl,0
official_v15_2945,Clc1ccc(C(c2ccc(Cl)cc2)C(Cl)Cl)cc1,0
official_v15_2946,CC(C)(c1ccc(OP(O)O)cc1)c1ccc(OP(O)O)cc1,0
official_v15_2947,CCc1ccc(C(c2ccc(CC)cc2)C(Cl)Cl)cc1,1
official_v15_2948,Oc1c(Cl)cc(Cl)c(Cl)c1Cc1c(O)c(Cl)cc(Cl)c1Cl,0
official_v15_2949,O=C=Nc1ccc(Cc2ccc(N=C=O)cc2)cc1,0
official_v15_2950,Oc1ccc(Cl)cc1Cc1cc(Cl)ccc1O,1
official_v15_2951,COC(=O)c1cc(Cc2ccc(N)c(C(=O)OC)c2)ccc1N,1
official_v15_2952,Cc1cc(Cc2cc(C)cc(C(C)(C)C)c2O)c(O)c(C(C)(C)C)c1,0
official_v15_2953,Clc1ccc(C(c2ccccc2Cl)C(Cl)Cl)cc1,0
official_v15_2954,[N-]=[N+]=NCCC(c1ccccc1)c1ccccc1,1
official_v15_2955,Nc1c(O)cc(Cc2cc(Cl)c(N)c(OS(=O)(=O)O)c2)cc1Cl,0
official_v15_2956,CC(C)(c1cc(Br)c(O)c(Br)c1)c1cc(Br)c(O)c(Br)c1,0
official_v15_2957,Nc1ccc(Cc2cc(O)c(N)c(Cl)c2)cc1Cl,0
official_v15_2958,CCOCCOC(=O)c1cc(Cc2ccc(N)c(C(=O)OCCOCC)c2)ccc1N,0
official_v15_2959,CCSc1cc(Cc2ccc(N)c(SCC)c2)ccc1N,1
official_v15_2960,CCCC(c1cc(C(C)(C)C)c(O)cc1C)c1cc(C(C)(C)C)c(O)cc1C,0
official_v15_2961,CC(C)(c1ccc(OCC(O)CCl)cc1)c1ccc(OCC(O)CCl)cc1,0
official_v15_2962,C=C(C)C(=O)OCC(O)COc1ccc(C(C)(C)c2ccc(OCC(O)COC(=O)C(=C)C)cc2)cc1,0
official_v15_2963,CCc1cc(N)cc(C)c1Cc1c(C)cc(N)cc1CC,0
official_v15_2964,COc1ccc(C(c2ccc(OC)cc2)C(Cl)(Cl)Cl)cc1,0
official_v15_2965,Nc1ccc(Cc2ccc(N)cc2)cc1,1
official_v15_2966,Nc1ccc(Cc2ccc(NO)c(Cl)c2)cc1Cl,1
official_v15_2967,CN(C)c1ccc(C2CC3(C)C(CCC3(O)C=CCO)C3CC=C4CC(=O)CCC4=C23)cc1,0
official_v15_2968,CN(C)c1ccc(C2CC3(C)C(CCC3(O)CCCO)C3CC=C4CC(=O)CCC4=C23)cc1,0
official_v15_2969,CC(C)(C)S(=O)(=O)CC(Cc1ccccc1)C(=O)NC(Cc1c[nH]cn1)C(=O)NC(CC1CCCCC1)C(O)C(O)C1CC1,0
official_v15_2970,c1ccc2c(COCC3CO3)cccc2c1,1
official_v15_2971,O=C(O)COc1ccc(C(=O)c2cccs2)c(Cl)c1Cl,0
official_v15_2972,c1cc(-c2ccncc2)ccn1,1
official_v15_2973,Cn1cc(CC2(O)C(=O)CC3C(O)COC32O)c2ccccc21,1
official_v15_2974,O=[N+]([O-])C1=Cc2cc3cc4ccccc4cc3c3cccc1c23,1
official_v15_2975,O=[N+]([O-])C1=Cc2cccc3c2c1cc1cc2ccccc2cc13,1
official_v15_2976,Nc1ncnc2c1ncn2C(c1ccccc1)c1ccccc1,1
official_v15_2977,Cc1c(/C=N/OCc2cccc([N+](=O)[O-])c2)c2cc([N+](=O)[O-])ccc2n1Cc1ccccc1,1
official_v15_2978,Cc1c(/C=N/OCc2ccccc2)c2cc([N+](=O)[O-])ccc2n1Cc1cccc([N+](=O)[O-])c1,1
official_v15_2979,Cc1c(/C=N/OCc2ccc(Cl)cc2Cl)c2cc([N+](=O)[O-])ccc2n1Cc1ccc(Cl)cc1,0
official_v15_2980,Cc1c(/C=N/OCc2ccc(Cl)cc2)c2cc([N+](=O)[O-])ccc2n1Cc1ccccc1,0
official_v15_2981,COc1cc(/C=C/C(=O)CC(=O)/C=C/c2ccc(O)c(OC)c2)ccc1O,0
official_v15_2982,OC1c2ccc3c4ccccc4c4ccccc4c3c2C2OC2C1O,1
official_v15_2983,CC(=O)N(Nc1ccc2c(c1)Cc1ccccc1-2)c1ccc2c(c1)Cc1ccccc1-2,1
official_v15_2984,COC1=CC(=O)c2c(nc(C)c3c4c[nH]ccc-4nc23)C1=O,1
official_v15_2985,Cc1ccc2c(C)c3c(nc2c1)-c1ccccc1C(O)C3O,0
official_v15_2986,Cc1ccc2nc3c(c(C)c2c1)C(O)C(O)c1ccccc1-3,0
official_v15_2987,c1ccc2cc(Nc3ccc(Nc4ccc5ccccc5c4)cc3)ccc2c1,1
official_v15_2988,CC(=O)c1ccc(S(=O)(=O)NC(=O)NC2CCCCC2)cc1,0
official_v15_2989,COc1cccc2c1cc1c3c(cc4c(c32)OCO4)C(=O)N1[C@@H]1O[C@H](CO)[C@@H](O)[C@H](O)[C@H]1O,0
official_v15_2990,NC(=O)C1CCCN1C(=O)C(Cc1c[nH]cn1)NC(=O)C1CCC(=O)N1,0
official_v15_2991,OC1C=Cc2ccc3nc4ccc5ccccc5c4cc3c2C1O,1
official_v15_2992,C1=Cc2ccc3nc4ccc5ccccc5c4cc3c2CC1,1
official_v15_2993,O[C@H]1C=Cc2ccc3nc4ccc5ccccc5c4cc3c2[C@@H]1O,1
official_v15_2994,O=[N+]([O-])c1c2c(cc3c1ccc1ccccc13)C=CC(O)C2O,1
official_v15_2995,OC1C=Cc2cc3c(ccc4ccccc43)c(Cl)c2C1O,0
official_v15_2996,OC1C=Cc2cc3c(ccc4ccccc43)c(Br)c2C1O,0
official_v15_2997,Cc1cc2ccccc2c2cc3c(cc12)C(O)C(O)C=C3,1
official_v15_2998,CN1C(=O)C(O)CC1c1cccnc1,0
official_v15_2999,CN1C(=O)CCC1c1cccnc1,0
official_v15_3000,CC(=O)OC1(C(C)=O)CCC2C3C=C(Cl)C4=CC(=O)OCC4(C)C3CCC21C,0
official_v15_3001,O=NN1CCC[C@@H]1c1cccnc1,1
official_v15_3002,CN1CCCC1c1cccnc1,0
official_v15_3003,O=NN1CCCC1c1cccnc1,1
official_v15_3004,CN1CCC[C@@H]1c1cccnc1,0
official_v15_3005,CC1(C)CC2=C(C1)C(C=O)C1(C=O)CC1(C)C2O,1
official_v15_3006,CCn1cc(C(=O)O)c(=O)c2ccc(C)nc21,0
official_v15_3007,CC1(C)C2CCC3(CO3)C1C2,0
official_v15_3008,C=CCC1C(=O)CC(OC(=O)C2C(C=C(C)C)C2(C)C)=C1C,1
official_v15_3009,C=C1CC[C@H](O)C/C1=C/C=C1/CCC[C@]2(C)[C@@H]1CC[C@H]2[C@H](C)CCCC(C)C,0
official_v15_3010,C=C1/C(=C/C=C2\CCCC3(C)C2CCC3C(C)CCC(O)C(C)C)CC(O)CC1O,0
official_v15_3011,C=C1CCC(O)CC1=CC=C1CCCC2(C)C1CCC2C(C)CCCC(C)C,0
official_v15_3012,Cn1c([N+](=O)[O-])cnc1-c1nnc(N)s1,1
official_v15_3013,CC(/C=C(\C#N)c1ccc(F)cc1)C(c1ccccc1)C(C#N)c1ccc(F)cc1,0
official_v15_3014,CC(/C=C(\C#N)c1ccc(Cl)c(Cl)c1)C(c1ccccc1)C(C#N)c1ccc(Cl)c(Cl)c1,1
official_v15_3015,CC(/C=C(/C#N)c1ccc(Br)cc1)C(c1ccccc1)C(C#N)c1ccc(Br)cc1,0
official_v15_3016,C1=CC2OC2C=CO1,0
official_v15_3017,O[C@@H]1[C@H]2O[C@H]2c2cc3ccc4cccc5ccc(c2[C@@H]1O)c3c45,1
official_v15_3018,c1cc2ccc3cc4c(c5ccc(c1)c2c35)CCC1OC41,1
official_v15_3019,c1cc2ccc3cc4c(c5ccc(c1)c2c35)CC[C@H]1O[C@@H]41,1
official_v15_3020,OC1c2c(cc3ccc4cccc5ccc2c3c45)C2OC2C1O,1
official_v15_3021,O=c1ccc2c(cc3ccc4cccc5ccc2c3c45)c1=O,1
official_v15_3022,O=[N+]([O-])c1cccc2c1cc([N+](=O)[O-])c1cccc([N+](=O)[O-])c12,1
official_v15_3023,Nc1cc2ccccc2c2ccccc12,1
official_v15_3024,O=[N+]([O-])c1cccc2c1c([N+](=O)[O-])cc1cccc([N+](=O)[O-])c12,1
official_v15_3025,Cc1ccc2ccc3ccccc3c2c1C,0
official_v15_3026,Nc1ccc2c(ccc3ccccc32)c1,1
official_v15_3027,Clc1cc2ccccc2c2ccccc12,1
official_v15_3028,Cc1ccc2ccc3ccc(C)cc3c2c1,1
official_v15_3029,O=[N+]([O-])c1ccc2ccc3c([N+](=O)[O-])cccc3c2c1,1
official_v15_3030,O=[N+]([O-])c1ccc2c([N+](=O)[O-])cc3c([N+](=O)[O-])cccc3c2c1,1
official_v15_3031,Cc1ccc2c(ccc3ccccc32)c1,1
official_v15_3032,O=[N+]([O-])c1ccc2ccc3cccc([N+](=O)[O-])c3c2c1,1
official_v15_3033,CNC(=O)Oc1cc2ccccc2c2ccccc12,1
official_v15_3034,O=[N+]([O-])c1ccc2ccc3ccccc3c2c1,1
official_v15_3035,Oc1cc2ccccc2c2ccccc12,1
official_v15_3036,O=[N+]([O-])c1ccc2c(ccc3cc([N+](=O)[O-])ccc32)c1,1
official_v15_3037,O=[N+]([O-])c1ccc2ccc3ccc([N+](=O)[O-])cc3c2c1,1
official_v15_3038,c1ccc2c(c1)ccc1ccccc12,1
official_v15_3039,O=[N+]([O-])c1ccc2c([N+](=O)[O-])cc3ccccc3c2c1,1
official_v15_3040,O=[N+]([O-])c1ccc2c(c1)cc([N+](=O)[O-])c1ccccc12,1
official_v15_3041,O=[N+]([O-])c1cc2cccc([N+](=O)[O-])c2c2ccccc12,1
official_v15_3042,CNc1ccc2ccc3ccc(O)cc3c2c1,1
official_v15_3043,Cc1ccc(C)c2c1ccc1ccccc12,1
official_v15_3044,O=[N+]([O-])c1cccc2c1ccc1cccc([N+](=O)[O-])c12,1
official_v15_3045,O=[N+]([O-])c1cccc2c1ccc1ccccc12,1
official_v15_3046,Cc1cc(C)c2ccc3ccccc3c2c1,1
official_v15_3047,O=[N+]([O-])c1ccc2c(c1)cc([N+](=O)[O-])c1ccc([N+](=O)[O-])cc12,1
official_v15_3048,O=[N+]([O-])c1ccc2c([N+](=O)[O-])cc3cccc([N+](=O)[O-])c3c2c1,1
official_v15_3049,Nc1cccc2ccc3ccccc3c12,0
official_v15_3050,O=[N+]([O-])c1ccc2c(c1)c([N+](=O)[O-])cc1cccc([N+](=O)[O-])c12,1
official_v15_3051,Nc1cccc2c1ccc1ccccc12,1
official_v15_3052,O=[N+]([O-])c1cc2ccccc2c2c([N+](=O)[O-])cccc12,1
official_v15_3053,Nc1ccc2ccc3ccccc3c2c1,1
official_v15_3054,Cc1cccc2c1ccc1cc(C(C)C)ccc12,0
official_v15_3055,O=[N+]([O-])c1ccc2c(ccc3ccccc32)c1,1
official_v15_3056,O=[N+]([O-])c1cc2ccccc2c2ccccc12,1
official_v15_3057,O=[N+]([O-])c1ccc2c(ccc3ccc([N+](=O)[O-])cc32)c1,1
official_v15_3058,Cc1cc(C)c2c(ccc3ccccc32)c1,1
official_v15_3059,O=[N+]([O-])c1cccc2c1c([N+](=O)[O-])cc1ccccc12,1
official_v15_3060,O=[N+]([O-])c1ccc2cc([N+](=O)[O-])c3ccc([N+](=O)[O-])cc3c2c1,1
official_v15_3061,O=[N+]([O-])c1ccc2c(c1)c([N+](=O)[O-])cc1c([N+](=O)[O-])cccc12,1
official_v15_3062,O=[N+]([O-])c1ccc2c(c1)c([N+](=O)[O-])cc1ccccc12,1
official_v15_3063,Cc1cccc2c1ccc1ccccc12,1
official_v15_3064,Oc1ncc(N(CCCl)CCCl)c(O)n1,1
official_v15_3065,ClCc1cnc(Cl)nc1Cl,1
official_v15_3066,O=C(O)c1cc(O)nc(O)n1,0
official_v15_3067,Cc1cc(O)nc(S)n1,0
official_v15_3068,Cc1cc(C)nc(SC(=O)OC(C)(C)C)n1,0
official_v15_3069,CCCc1cc(O)nc(S)n1,0
official_v15_3070,CCOP(=O)(OCC)Oc1cc(C)nc(C(C)C)n1,1
official_v15_3071,Oc1cc(O)ncn1,0
official_v15_3072,Clc1cc(Cl)nc(Cl)n1,0
official_v15_3073,Nc1nc(Cl)cc(Cl)n1,0
official_v15_3074,Cc1cnc(S)nc1O,0
official_v15_3075,Cc1ncc(CNC(=O)N(CCCl)N=O)c(N)n1,1
official_v15_3076,Oc1ncc(F)c(O)n1,0
official_v15_3077,Oc1ccnc(O)n1,0
official_v15_3078,CCOP(=S)(OCC)Oc1cc(C)nc(C(C)C)n1,0
official_v15_3079,COc1c2ccccc2[n+]([O-])c2occc12,0
official_v15_3080,C1=CC23CCCC2(C=C1)O3,1
official_v15_3081,OC1CC23C=CC=CC2(C1)O3,0
official_v15_3082,Clc1cnc(Oc2ccc(Oc3ncc(Cl)cc3Cl)cc2)c(Cl)c1,0
official_v15_3083,CCCCCCCCCCSCn1cc[n+](C)c1,1
official_v15_3084,OC1c2c(ccc3c2ccc2ccccc23)C2OC2C1O,1
official_v15_3085,N=C(N)c1ccc(OCCCCCOc2ccc(C(=N)N)cc2)cc1,0
official_v15_3086,C1=C[C@@H]2O[C@@H]2c2ncccc21,1
official_v15_3087,C1=CC2OC2c2ncccc21,1
official_v15_3088,CN1CCC(CN2c3ccccc3Sc3ccccc32)C1,0
official_v15_3089,CN1CC[C@@H](CN2c3ccccc3Sc3ccccc32)C1,0
official_v15_3090,OC1c2cccnc2C2OC2C1O,0
official_v15_3091,c1cnc2c(c1)CCC1OC21,0
official_v15_3092,O=C1c2ccccc2-c2c3c(cc4ccnc1c24)OCO3,1
official_v15_3093,COc1ccc2c(c1)C(=O)c1nccc3cc4c(c-2c13)OCO4,1
official_v15_3094,c1ccc2c3c4c(ccc5cccc(c54)[C@H]4O[C@@H]34)cc2c1,1
official_v15_3095,c1ccc2c3c4c(ccc5cccc(c54)C4OC34)cc2c1,1
official_v15_3096,COc1cc2c(cc1O)CC1c3c(cc(OC)c(O)c3-2)CC[N+]1(C)C,0
official_v15_3097,Nc1snc2ccc(Cl)cc12,1
official_v15_3098,CCN(C(=O)CCCCl)c1snc2ccccc12,0
official_v15_3099,CCCC(=O)Nc1snc2ccc(C)cc12,0
official_v15_3100,CCCCCNc1snc2ccccc12,0
official_v15_3101,CC(C)C(=O)Nc1snc2ccccc12,0
official_v15_3102,CC(C)CN(C(=O)CCCl)c1snc2ccccc12,0
official_v15_3103,CC(C)CCNc1snc2ccccc12,0
official_v15_3104,O=[N+]([O-])c1cccc2csnc12,1
official_v15_3105,CC(=O)N(C)c1snc2ccccc12,0
official_v15_3106,O=C(CCl)Nc1snc2ccccc12,1
official_v15_3107,CC(C)CC(=O)Nc1snc2ccccc12,0
official_v15_3108,CN(C(=O)CCl)c1snc2ccccc12,0
official_v15_3109,CCOC(=O)C(C#N)c1snc2ccc([N+](=O)[O-])cc12,1
official_v15_3110,CCN(C(=O)CCCl)c1snc2ccccc12,1
official_v15_3111,Nc1snc2cc(Cl)ccc12,1
official_v15_3112,CCCCNc1snc2ccccc12,0
official_v15_3113,Cc1ccc2nsc(NC(=O)C(Cl)Cl)c2c1,1
official_v15_3114,CCCC(=O)Nc1snc2cc(Cl)ccc12,0
official_v15_3115,CCCCC(=O)Nc1snc2ccc(Cl)cc12,0
official_v15_3116,CCOC(=O)C(C#N)c1snc2c([N+](=O)[O-])cccc12,1
official_v15_3117,O=[N+]([O-])c1ccc2nscc2c1,1
official_v15_3118,CCNc1snc2ccccc12,0
official_v15_3119,CCC(=O)Nc1snc2ccc(C)cc12,0
official_v15_3120,OC(Nc1snc2ccccc12)C(Cl)(Cl)Cl,0
official_v15_3121,CNc1snc2ccccc12,0
official_v15_3122,O=[N+]([O-])c1cccc2nscc12,1
official_v15_3123,CCC(=O)Nc1snc2ccccc12,0
official_v15_3124,Nc1snc2c(Cl)cc(Cl)cc12,1
official_v15_3125,CC(=O)Nc1snc2ccc(Cl)cc12,1
official_v15_3126,CCCCCCCC(=O)Nc1snc2ccccc12,0
official_v15_3127,CCC(C)Nc1snc2ccccc12,0
official_v15_3128,CN(C(=O)CCCl)c1snc2ccccc12,1
official_v15_3129,Cc1ccc2nsc(N)c2c1,1
official_v15_3130,O=C(CCl)Nc1snc2cc(Cl)ccc12,1
official_v15_3131,Cc1ccc2nsc(NC(=O)CCl)c2c1,1
official_v15_3132,Cc1ccc2nsc(NC(=O)C(Cl)(Cl)Cl)c2c1,1
official_v15_3133,CCCC(=O)Nc1snc2ccccc12,0
official_v15_3134,Nc1snc2ccc([N+](=O)[O-])cc12,1
official_v15_3135,CC(C)CC(=O)Nc1snc2ccc(Cl)cc12,0
official_v15_3136,O=C(CCl)Nc1snc2ccc(Cl)cc12,1
official_v15_3137,CC(=O)Nc1snc2ccccc12,1
official_v15_3138,CCCN(C(=O)CCCl)c1snc2ccccc12,1
official_v15_3139,CCCNc1snc2ccccc12,0
official_v15_3140,CN(C(=O)CCCCl)c1snc2ccccc12,0
official_v15_3141,CCCC(=O)Nc1snc2ccc(Cl)cc12,0
official_v15_3142,CC(C)CNc1snc2ccccc12,0
official_v15_3143,CC(C)C(=O)Nc1snc2cc(Cl)ccc12,0
official_v15_3144,CCOC(=O)C(C)(C#N)c1snc2ccc([N+](=O)[O-])cc12,1
official_v15_3145,CC(=O)Nc1snc2c(Cl)cc(Cl)cc12,0
official_v15_3146,CC(C)Nc1snc2ccccc12,0
official_v15_3147,CC[N+](CC)=c1ccc2nc3c(cc(N)c4ccccc43)oc-2c1,1
official_v15_3148,CCCC[C@@H](CC)COP(=O)(Oc1ccccc1)Oc1ccccc1,0
official_v15_3149,CC(C)CCCCCCCOP(=O)(Oc1ccccc1)Oc1ccccc1,0
official_v15_3150,CCCCC(CC)COP(=O)(Oc1ccccc1)Oc1ccccc1,0
official_v15_3151,COC(=O)Nc1nc2cc(/C(=N/O)c3ccc(F)cc3)ccc2[nH]1,1
official_v15_3152,COc1cc2c(c3oc(O)c4c(O)ccc-4c13)C1CCOC1O2,1
official_v15_3153,Cc1ccc(S(=O)(=O)OCc2ccccc2)cc1,0
official_v15_3154,Cc1ccc(COS(=O)(=O)c2ccc(C)cc2)cc1,0
official_v15_3155,Cc1ccc(S(=O)(=O)OCc2ccc([N+](=O)[O-])cc2)cc1,1
official_v15_3156,C1CC2OC2CC1C1CO1,1
official_v15_3157,C1C[C@@H]2O[C@@H]2C[C@@H]1[C@H]1CO1,1
official_v15_3158,NC(=O)OCC1C(NC(=O)/C(=N\OCC(=O)O)c2csc(N)n2)C(=O)N1S(=O)(=O)O,0
official_v15_3159,CC(=O)OCC(=O)[C@@]1(OC(C)=O)CC[C@H]2[C@@H]3C[C@@H](F)C4=CC(=O)C(Br)=C[C@]4(C)[C@@]3(F)[C@@H](O)C[C@@]21C,0
official_v15_3160,CC12C=CC(=O)C=C1CCC1C2C(O)CC2(C)C1CCC2(O)C(=O)CO,0
official_v15_3161,CC12C=CC(=O)C=C1CCC1C2C(O)CC2(C)C1CCC2(O)C(O)C=O,0
official_v15_3162,C[C@]12C=CC(=O)C=C1CC[C@@H]1[C@@H]2[C@@H](O)C[C@@]2(C)[C@H]1CC[C@]2(O)C(=O)CO,0
official_v15_3163,C[C@@H]1CC2C3CCC4=CC(=O)C=C[C@]4(C)[C@@]3(F)[C@@H](O)C[C@]2(C)[C@@]1(O)C(=O)CO,0
official_v15_3164,CC(C)=CCC/C(C)=C/CC/C(C)=C/C(=O)OCC(=O)C1(O)CCC2C3CCC4=CC(=O)C=CC4(C)C3C(O)CC21C,0
official_v15_3165,CCC(=O)OCC(=O)C1(OC(=O)CC)C(C)CC2C3C(Cl)CC4=CC(=O)C=CC4(C)C3C(O)CC21C,0
official_v15_3166,CN(C)C(=O)c1nc(CNC(=O)CN)n(-c2ccc(Cl)cc2C(=O)c2ccccc2Cl)n1,0
official_v15_3167,NC(=O)c1cc(N2CC2)c([N+](=O)[O-])cc1[N+](=O)[O-],1
official_v15_3168,O=C1C=CC(=C(Cl)Cl)O1,1
official_v15_3169,O=C1OC(=C(Cl)Cl)C=C1Cl,1
official_v15_3170,O=C1OC(=C(Cl)Cl)C(Cl)=C1Cl,1
official_v15_3171,Nc1nc(-c2ccccc2)cs1,1
official_v15_3172,O=CNc1nc(-c2ccc([N+](=O)[O-])cc2)cs1,1
official_v15_3173,NNc1nc(-c2ccc([N+](=O)[O-])cc2)cs1,1
official_v15_3174,NNc1nc(-c2ccc(N)cc2)cs1,1
official_v15_3175,CCOC(=O)C(CCc1ccccc1)NC(C)C(=O)N(CC(=O)O)C1Cc2ccccc2C1,0
official_v15_3176,CCOC(=O)[C@H](CCc1ccccc1)N[C@@H](C)C(=O)N(CC(=O)O)C1Cc2ccccc2C1,0
official_v15_3177,CC1=CC(=C(C#N)C#N)C=C(/C=C/c2ccc(N(C)C)cc2)O1,1
official_v15_3178,COc1cc2c(c3oc(=O)c4c(c13)CCC4=O)C1CCOC1O2,1
official_v15_3179,Cc1ccc2cc3c(ccc4ccccc43)c3c2c1C(=O)C3,1
official_v15_3180,Cc1nc2ccc3ccc4ccc(O)cc4c3c2o1,1
official_v15_3181,C[C@@H](CCC(=O)O)[C@H]1CC[C@H]2[C@@H]3CC[C@H]4C[C@@H](O)CC[C@]4(C)[C@H]3CC[C@]12C,0
official_v15_3182,CC(C)CCCC(C)C1CCC2C3CC(O)C4(O)CC(O)CCC4(C)C3CCC12C,1
official_v15_3183,CC(CCC(=O)O)C1CCC2C3CCC4CC(O)CCC4(C)C3CCC12C,0
official_v15_3184,CC(CCC(=O)O)C1CCC2C3C(O)CC4CC(O)CCC4(C)C3CCC12C,0
official_v15_3185,Cc1ccc(/N=C/N=C/N(C)c2ccc(C)cc2C)c(C)c1,0
official_v15_3186,COc1ccc2c(c1OC)CN1CCc3cc4c(cc3C1=C2)OCO4,0
official_v15_3187,O=C(O)C1Cc2c([nH]c3ccccc23)C(CO)N1,0
official_v15_3188,COC(=O)C1Cc2c([nH]c3ccc([N+](=O)[O-])cc23)C(C)N1N=O,1
official_v15_3189,O=C(O)C1Cc2c([nH]c3ccccc23)CN1,0
official_v15_3190,CC1NC(C(=O)O)Cc2c1[nH]c1ccccc21,0
official_v15_3191,Cc1cc(O)c2c(c1)C(=O)c1c(c(O)cc(O)c1-c1c(O)cc(O)c3c1C(=O)c1cc(C)cc(O)c1C3=O)C2=O,0
official_v15_3192,O=C(O)Cc1c[nH]c2ccccc12,0
official_v15_3193,CC(C)NCC(O)COc1cccc2[nH]ccc12,0
official_v15_3194,O=Nn1cc(CC(O)C(=O)O)c2ccccc21,1
official_v15_3195,NCCc1c[nH]c2ccccc12,0
official_v15_3196,NCCc1c[nH]c2ccc(O)cc12,0
official_v15_3197,O=C(O)CCc1c[nH]c2ccccc12,0
official_v15_3198,O=Nn1cc(CCO)c2ccccc21,1
official_v15_3199,Cn1c(CC(=O)OCCCl)c(C(=O)O)c2ccccc21,1
official_v15_3200,O=C(O)CCCc1c[nH]c2ccccc12,0
official_v15_3201,N=C(N)c1ccc2c(N)c(C(=N)N)[nH]c2c1,0
official_v15_3202,CCOC(=O)Cc1c(C(=O)O)c2ccccc2n1C,0
official_v15_3203,N=C(N)c1cc2ccc(Br)cc2[nH]1,0
official_v15_3204,N=C(N)c1ccc2cc(C(=N)N)[nH]c2c1,0
official_v15_3205,c1ccc2[nH]ccc2c1,0
official_v15_3206,CCc1cccc2c(CCO)c[nH]c12,0
official_v15_3207,NNC(=O)c1[nH]c2ccccc2c1N,1
official_v15_3208,Oc1ccc2[nH]ccc2c1,0
official_v15_3209,ONc1cc2ccccc2[nH]1,1
official_v15_3210,COc1cc2c(CCNC(C)=O)c[nH]c2cc1O,0
official_v15_3211,COc1ccc2[nH]cc(CCNC(C)=O)c2c1,0
official_v15_3212,O=[N+]([O-])c1ccc2c(CCO)c[nH]c2c1,1
official_v15_3213,O=[N+]([O-])c1ccc2[nH]ccc2c1,1
official_v15_3214,O=C(O)Cc1c[nH]c2ccc(O)cc12,0
official_v15_3215,N#CCc1cn(N=O)c2ccccc12,1
official_v15_3216,NCCCCC(N)C(=O)NC(Cc1c[nH]c2ccccc12)C(=O)NC(CCCCN)C(=O)O,0
official_v15_3217,NC(Cc1c[nH]c2ccc(O)cc12)C(=O)O,0
official_v15_3218,N[C@H](Cc1c[nH]c2ccccc12)C(=O)O,0
official_v15_3219,NC(Cc1c[nH]c2ccccc12)C(=O)O,0
official_v15_3220,Cc1ccc(N(CC2(O)OCC(O)C(O)C2O)N=O)cc1,1
official_v15_3221,Cc1ccc(NCC2(O)OCC(O)C(O)C2O)cc1,0
official_v15_3222,O=C1c2cc([N+](=O)[O-])ccc2-c2ccc([N+](=O)[O-])cc21,1
official_v15_3223,O=C1c2ccccc2-c2cc([N+](=O)[O-])ccc21,1
official_v15_3224,O=C1c2ccccc2-c2ccccc21,0
official_v15_3225,O=C1c2cc([N+](=O)[O-])ccc2-c2c1cc([N+](=O)[O-])cc2[N+](=O)[O-],1
official_v15_3226,O=C1c2cc([N+](=O)[O-])cc([N+](=O)[O-])c2-c2c1cc([N+](=O)[O-])cc2[N+](=O)[O-],1
official_v15_3227,CCN(CC)CCOc1ccc2c(c1)C(=O)c1cc(OCCN(CC)CC)ccc1-2,1
official_v15_3228,O=C1c2ccccc2-c2ccc([N+](=O)[O-])cc21,1
official_v15_3229,Oc1cccc2c1ccc1c3ccccc3ccc21,1
official_v15_3230,Nc1cc2c3ccccc3ccc2c2ccccc12,1
official_v15_3231,O=S(=O)(O)OCc1cc2ccccc2c2ccc3ccccc3c12,1
official_v15_3232,Cc1cc2c3ccccc3ccc2c2ccccc12,1
official_v15_3233,O=Nc1cc2c3ccccc3ccc2c2ccccc12,1
official_v15_3234,Cc1c([N+](=O)[O-])c2ccccc2c2ccc3ccccc3c12,1
official_v15_3235,Oc1cc2c3ccccc3ccc2c2ccccc12,1
official_v15_3236,O=[N+]([O-])c1ccc2c(ccc3c4ccccc4ccc23)c1,1
official_v15_3237,Cc1cc2ccccc2c2ccc3ccccc3c12,1
official_v15_3238,c1ccc2c(c1)ccc1c3ccccc3ccc21,1
official_v15_3239,Cc1cccc2c1cc(C)c1c3ccccc3ccc21,1
official_v15_3240,Cc1cc2ccccc2c2cc([N+](=O)[O-])c3ccccc3c12,1
official_v15_3241,Cc1cccc2c1ccc1c3ccccc3ccc21,1
official_v15_3242,Oc1ccc2c(ccc3c4ccccc4ccc23)c1,1
official_v15_3243,Cc1ccc2c(ccc3c4ccccc4ccc23)c1,1
official_v15_3244,Cc1cccc2ccc3c4ccccc4ccc3c12,1
official_v15_3245,Clc1cc2c3ccccc3ccc2c2ccccc12,1
official_v15_3246,Cc1ccc2ccc3c4ccccc4ccc3c2c1,1
official_v15_3247,OCc1cc2ccccc2c2ccc3ccccc3c12,1
official_v15_3248,Oc1cc2ccccc2c2ccc3ccccc3c12,0
official_v15_3249,O=[N+]([O-])c1cc2c3ccccc3ccc2c2ccccc12,1
official_v15_3250,Nc1ccc2c(ccc3c4ccccc4ccc23)c1,1
official_v15_3251,Oc1ccc2ccc3c4ccccc4ccc3c2c1,1
official_v15_3252,Oc1cccc2ccc3c4ccccc4ccc3c12,1
official_v15_3253,C=C1CC23CCC4C(C)(C(=O)O)CCCC4(C)C2CCC1(OC1OC(CO)C(O)C(O)C1O)C3,1
official_v15_3254,O=C1C(Cl)=C(Cl)C(=O)c2ccccc21,1
official_v15_3255,CCC1=C(O)C(=O)c2c(O)c(O)c(O)c(O)c2C1=O,1
official_v15_3256,O=C1C=CC(=O)c2c(O)cccc21,1
official_v15_3257,O=C1C=CC(=O)c2c(O)c(Cl)c(Cl)c(O)c21,1
official_v15_3258,O=C1C=CC(=O)c2c(O)ccc(O)c21,1
official_v15_3259,CC(C)=CCC1=C(O)C(=O)c2ccccc2C1=O,0
official_v15_3260,CC1=CC(=O)c2ccccc2C1=O,1
official_v15_3261,CCC1=C(OC)C(=O)c2c(O)c(OC)c(OC)c(O)c2C1=O,0
official_v15_3262,O=C1C=CC(=O)c2ccccc21,1
official_v15_3263,CC1=CC(=O)c2c(O)cccc2C1=O,1
official_v15_3264,O=[N+]([O-])c1cc2c3c(c1)CCc1c4c(cc(c1-3)CC2)CCCC4,1
official_v15_3265,C#CC1(OC(C)=O)CCC2C3CCC4=CC(=O)CCC4(C)C3CCC21C,0
official_v15_3266,CC(=O)[C@H]1CC[C@@H]2[C@@H]3CCC4=CC(=O)CC[C@]4(C)[C@H]3CC[C@]12C,0
official_v15_3267,C#CC1(O)CCC2C3CCC4=CC(=O)CCC4C3CCC21CC,0
official_v15_3268,CC(=O)OC1(C(C)=O)CCC2C3CC(C)C4=CC(=O)CCC4(C)C3CCC21C,0
official_v15_3269,CC(=O)C1CCC2C3CCC4=CC(=O)CCC4(C)C3CCC12C,0
official_v15_3270,C#CC1(OC(=O)CCCCCC)CCC2C3CCC4=CC(=O)CCC4C3CCC21C,0
official_v15_3271,CCCCCC(=O)OC1(C(C)=O)CCC2C3CCC4=CC(=O)CCC4C3CCC21C,0
official_v15_3272,C#C[C@]1(OC(C)=O)CC[C@H]2[C@@H]3CCC4=CC(=O)CC[C@@H]4[C@H]3CC[C@@]21C,0
official_v15_3273,C#C[C@@]1(O)CC[C@H]2[C@@H]3CCC4=CC(=O)CC[C@@H]4[C@H]3CC[C@@]21CC,0
official_v15_3274,C#CC1(O)CCC2C3CCC4=CC(=O)CCC4C3CCC21C,0
official_v15_3275,O=C(O)C1=NN(c2ccc(S(=O)(=O)O)cc2)C(=O)C1N=Nc1ccc(S(=O)(=O)O)cc1,0
official_v15_3276,O=C(O)C1=NN(c2ccc(S(=O)(=O)O)cc2)C(=O)[C@H]1N=Nc1ccc(S(=O)(=O)O)cc1,0
official_v15_3277,O=C1C=CC(=O)N1,1
official_v15_3278,O=C1NC(=O)C(Cl)=C1Cl,1
official_v15_3279,O=NN1CC=CCC1,1
official_v15_3280,COC(=O)C1=CCCN(C)C1,1
official_v15_3281,COC(=O)C1=CCCN(N=O)C1,1
official_v15_3282,O=NN1CCC=C(C(=O)O)C1,1
official_v15_3283,C1CSCCO1,0
official_v15_3284,OC1CC=Cc2cccnc21,0
official_v15_3285,OC1C=Cc2cccnc2C1O,0
official_v15_3286,O=C1c2cc(O)cc(O)c2C(=O)c2c1cc1c(c2O)[C@@H]2C=CO[C@@H]2O1,1
official_v15_3287,O=C1c2cc(O)cc(O)c2C(=O)c2c1cc1c(c2O)C2C=COC2O1,1
official_v15_3288,CCO[P@](=O)(Oc1ccc([N+](=O)[O-])cc1)c1ccccc1,1
official_v15_3289,CCOP(=O)(Oc1ccc([N+](=O)[O-])cc1)c1ccccc1,1
official_v15_3290,Cc1cc(O)c2c(c1O)C(=O)c1c(O)ccc(O)c1C2=O,1
official_v15_3291,CCOCc1c(O)cc2c(c1O)C(=O)c1ccccc1C2=O,1
official_v15_3292,Nc1ccc(O)c2c1C(=O)c1c(O)ccc(N)c1C2=O,1
official_v15_3293,Nc1ccc(O)c2c1C(=O)c1ccccc1C2=O,1
official_v15_3294,O=C1c2ccccc2C(=O)c2c(O)cc(O)cc21,1
official_v15_3295,Cc1cc(O)c2c(c1)C(=O)c1c(O)c(O)cc(O)c1C2=O,1
official_v15_3296,O=C1c2cccc(O)c2C(=O)c2cccc(O)c21,1
official_v15_3297,O=C1c2c(O)ccc(O)c2C(=O)c2c(NCCO)ccc(NCCO)c21,1
official_v15_3298,CN(C)c1ccc(N(C)C)c2c1C(=O)c1c(O)ccc(O)c1C2=O,1
official_v15_3299,COc1cc2c(c(OC)c1CO)C(=O)c1ccccc1C2=O,0
official_v15_3300,Nc1ccc2c(c1N)C(=O)c1ccccc1C2=O,1
official_v15_3301,CC(=O)OCCC(C=O)c1c(O)cc2c(c1O)C(=O)c1c(O)cc(O)cc1C2=O,1
official_v15_3302,Cc1ccc2c(c1O)C(=O)c1ccccc1C2=O,1
official_v15_3303,O=C1c2c(O)ccc(Cl)c2C(=O)c2c(O)ccc(Cl)c21,1
official_v15_3304,O=C1c2ccccc2C(=O)c2c(O)c(O)cc(O)c21,1
official_v15_3305,O=C(O)c1cc(O)c2c(c1)C(=O)c1cc(O)cc(O)c1C2=O,0
official_v15_3306,O=C1c2cc(O)cc(O)c2C(=O)c2c(O)cc(CO)cc21,1
official_v15_3307,O=C1c2c(O)ccc([N+](=O)[O-])c2C(=O)c2c([N+](=O)[O-])ccc(O)c21,1
official_v15_3308,O=C1c2c(O)ccc(O)c2C(=O)c2c(NCCNCCO)ccc(NCCNCCO)c21,1
official_v15_3309,Nc1ccc2c(c1)C(=O)c1ccc(N)cc1C2=O,1
official_v15_3310,O=C(O)c1cc(O)c2c(c1)C(=O)c1cccc(O)c1C2=O,1
official_v15_3311,COc1c(CO)c(O)cc2c1C(=O)c1ccccc1C2=O,1
official_v15_3312,Cc1cc2c(c(O)c1O)C(=O)c1c(O)cc(O)cc1C2=O,1
official_v15_3313,O=C1c2cccc(O)c2C(=O)c2c(O)cc(CO)cc21,1
official_v15_3314,O=C1c2ccccc2C(=O)c2c1cc(O)c(CO)c2O,1
official_v15_3315,COc1cc2c(c(O)c1O)C(=O)c1c(O)cc(C)cc1C2=O,1
official_v15_3316,CC(C)Nc1cccc2c1C(=O)c1ccccc1C2=O,1
official_v15_3317,Nc1cccc2c1C(=O)c1ccccc1C2=O,1
official_v15_3318,O=C1c2ccccc2C(=O)c2cc(CO)ccc21,0
official_v15_3319,O=C1c2cccc(O)c2C(=O)c2c(O)cccc21,1
official_v15_3320,CN(C)CCNC(=O)c1cccc2c1C(=O)c1ccccc1C2=O,1
official_v15_3321,O=Cc1c(O)cc2c(c1O)C(=O)c1ccccc1C2=O,0
official_v15_3322,O=C1c2ccccc2C(=O)c2c(O)ccc(O)c21,1
official_v15_3323,Nc1ccc(N)c2c1C(=O)c1cccc([N+](=O)[O-])c1C2=O,1
official_v15_3324,COc1c(C=O)c(O)cc2c1C(=O)c1ccccc1C2=O,0
official_v15_3325,COCc1c(O)cc2c(c1O)C(=O)c1ccccc1C2=O,1
official_v15_3326,O=C1c2cc(S(=O)(=O)O)ccc2C(=O)c2c1cccc2[N+](=O)[O-],1
official_v15_3327,O=C1c2ccc(O)cc2C(=O)c2ccc(O)cc21,0
official_v15_3328,O=C1c2ccccc2C(=O)c2c1cc(O)c(O)c2O,1
official_v15_3329,Cc1cc(O)c2c(c1O)C(=O)c1ccccc1C2=O,1
official_v15_3330,O=C1c2ccccc2C(=O)c2c1cc(O)c(C(=O)O)c2O,0
official_v15_3331,COc1ccc(N)c2c1C(=O)c1ccccc1C2=O,1
official_v15_3332,Cc1ccc2c(c1[N+](=O)[O-])C(=O)c1cccc([N+](=O)[O-])c1C2=O,1
official_v15_3333,CCc1ccc2c(c1[N+](=O)[O-])C(=O)c1ccccc1C2=O,1
official_v15_3334,CC(=O)OCC[C@@H](C=O)c1c(O)cc2c(c1O)C(=O)c1c(O)cc(O)cc1C2=O,1
official_v15_3335,Cc1cc(O)c2c(c1)C(=O)c1cccc(O)c1C2=O,1
official_v15_3336,O=C1c2ccccc2C(=O)c2ccccc21,1
official_v15_3337,O=C1c2ccccc2C(=O)c2c1ccc(O)c2O,1
official_v15_3338,Cc1cc(O)c2c(c1)C(=O)c1cc(O)c(O)c(O)c1C2=O,0
official_v15_3339,O=C1c2ccc(O)c(O)c2C(=O)c2c(O)ccc(O)c21,1
official_v15_3340,COc1cc(O)c2c(c1)C(=O)c1cc(C)cc(O)c1C2=O,1
official_v15_3341,Cc1ccc2c(c1)C(=O)c1ccccc1C2=O,0
official_v15_3342,CC(=O)c1c(O)cc(O)c2c1C(=O)c1cc(O)cc(O)c1C2=O,0
official_v15_3343,Nc1ccc(N)c2c1C(=O)c1ccccc1C2=O,1
official_v15_3344,Nc1ccc(N)c2c1C(=O)c1c(N)ccc(N)c1C2=O,1
official_v15_3345,COc1cc(O)c2c(c1)C(=O)c1c(O)c(C)cc(O)c1C2=O,1
official_v15_3346,Cc1ccc2c(c1[N+](=O)[O-])C(=O)c1ccccc1C2=O,1
official_v15_3347,COc1cccc2c1C(=O)c1ccccc1C2=O,1
official_v15_3348,O=C1c2ccccc2C(=O)c2c(O)cccc21,1
official_v15_3349,Nc1c(C(=O)O)cc([N+](=O)[O-])c2c1C(=O)c1ccccc1C2=O,1
official_v15_3350,Cc1cc(O)c2c(c1)C(=O)c1cc(O)cc(O)c1C2=O,1
official_v15_3351,CC(=O)Nc1ccc(NC(C)=O)c2c1C(=O)c1ccccc1C2=O,1
official_v15_3352,Nc1c(Br)cc(Br)c2c1C(=O)c1ccccc1C2=O,1
official_v15_3353,Nc1cccc2c1C(=O)c1cccc(N)c1C2=O,1
official_v15_3354,CC(=O)OCc1c(O)cc2c(c1O)C(=O)c1ccccc1C2=O,1
official_v15_3355,CNc1ccc(NCCO)c2c1C(=O)c1ccccc1C2=O,1
official_v15_3356,N#[N+]c1cccc2c1C(=O)c1ccccc1C2=O,1
official_v15_3357,Nc1ccc2c(c1)C(=O)c1ccccc1C2=O,1
official_v15_3358,O=C1c2cccc(S(=O)(=O)O)c2C(=O)c2cccc([N+](=O)[O-])c21,1
official_v15_3359,Cc1cc(O)c2c(c1O)C(=O)c1cc(O)cc(O)c1C2=O,1
official_v15_3360,Cc1ccc2c(c1N)C(=O)c1ccccc1C2=O,1
official_v15_3361,Cc1c(O)cc2c(c1O)C(=O)c1ccccc1C2=O,1
official_v15_3362,COc1cc(N)c2c(c1N)C(=O)c1ccccc1C2=O,1
official_v15_3363,Cc1ccc(S(=O)(=O)NC(=O)Nc2ncc([N+](=O)[O-])s2)cc1,0
official_v15_3364,CCOc1ccc(C(C)(C)C)cc1NC(=O)C(=O)Nc1ccccc1CC,0
official_v15_3365,S=C1NCCN1,1
official_v15_3366,CCOP(=S)(OCC)Oc1ccc2c(C)c(Cl)c(=O)oc2c1,0
official_v15_3367,CC(=O)Oc1ccc2c(CBr)cc(=O)oc2c1,0
official_v15_3368,Cc1cc(=O)oc2cc(O)ccc12,0
official_v15_3369,Cc1ccc2oc(=O)ccc2c1,0
official_v15_3370,COc1ccc2c(CBr)cc(=O)oc2c1,0
official_v15_3371,O=c1ccc2ccccc2o1,1
official_v15_3372,CCNc1cc2oc(=O)cc(C)c2cc1C,0
official_v15_3373,Cc1cc(=O)oc2cc(N)ccc12,0
official_v15_3374,Cc1cc(=O)oc2cc(O)cc(O)c12,0
official_v15_3375,CCN(CC)c1ccc2c(C(F)(F)F)cc(=O)oc2c1,0
official_v15_3376,CCN(CC)c1ccc2c(C)cc(=O)oc2c1,0
official_v15_3377,CC1C=C(C=O)C(C=O)=CC2CC(C)(C)CC12,0
official_v15_3378,CC1C=C(C=O)C(C=O)=CC2(O)CC(C)(C)CC12,1
official_v15_3379,CCOC(=O)[C@H](CCSC)NC(=O)[C@H](Cc1cccc(N(CCCl)CCCl)c1)NC(=O)[C@@H](N)Cc1ccc(F)cc1,1
official_v15_3380,Cc1ccc2c(c1)C(C)c1ccccc1-2,1
official_v15_3381,Nc1ccc2c(c1)Cc1cc([N+](=O)[O-])ccc1-2,1
official_v15_3382,CC(=O)Nc1ccc2c(c1)Cc1cc(O)ccc1-2,1
official_v15_3383,O=[N+]([O-])c1ccc2c(c1)Cc1cccc(O)c1-2,1
official_v15_3384,Nc1cccc2c1-c1ccccc1C2,1
official_v15_3385,CC(C)c1c(N)ccc2c1Cc1ccccc1-2,1
official_v15_3386,CC(=O)Nc1ccc2c(c1)Cc1cc(NC(C)=O)ccc1-2,1
official_v15_3387,Cc1cccc2c1C(C)c1ccccc1-2,1
official_v15_3388,CC(=O)Nc1cc2c(cc1O)-c1ccccc1C2,0
official_v15_3389,CC(=O)Nc1cccc2c1-c1ccccc1C2,1
official_v15_3390,O=[N+]([O-])c1ccc2c(c1)C(O)c1ccccc1-2,1
official_v15_3391,CC(=O)N(Cl)c1ccc2c(c1)Cc1ccccc1-2,1
official_v15_3392,CCCCCCCCCCCCCCN(OC(C)=O)c1ccc2c(c1)Cc1ccccc1-2,1
official_v15_3393,CC1(OO)c2ccccc2-c2ccccc21,1
official_v15_3394,Nc1cccc2c1Cc1ccccc1-2,1
official_v15_3395,Cc1ccc2c(c1)[C@H](C)c1ccccc1-2,1
official_v15_3396,O=[N+]([O-])c1ccc2c(c1)Cc1cc([N+](=O)[O-])ccc1-2,1
official_v15_3397,Cc1ccc2c(c1)-c1ccccc1C2C,1
official_v15_3398,CC(=O)Nc1cc2c(cc1Cl)-c1ccccc1C2,1
official_v15_3399,c1ccc2c(c1)Cc1ccccc1-2,0
official_v15_3400,O=[N+]([O-])c1ccc2c(c1)Cc1ccccc1-2,1
official_v15_3401,NC1c2ccccc2-c2ccccc21,0
official_v15_3402,Nc1ccc2c(c1)Cc1cc(N)ccc1-2,1
official_v15_3403,CC(=O)Nc1ccc2c(c1)Cc1cccc(O)c1-2,1
official_v15_3404,CC(=O)N(O)c1ccc2c(c1)Cc1ccccc1-2,1
official_v15_3405,CCCCCCCCCCCCCC(=O)ON(C(C)=O)c1ccc2c(c1)Cc1ccccc1-2,1
official_v15_3406,CC(C)(C)c1c(N)ccc2c1Cc1ccccc1-2,0
official_v15_3407,CCCCCCCCCCCCCC(=O)N(O)c1ccc2c(c1)Cc1ccccc1-2,1
official_v15_3408,CC(=O)ON(C(C)=O)c1ccc2c(c1)Cc1ccccc1-2,1
official_v15_3409,Cc1cc2c(cc1C)C(C)c1ccccc1-2,1
official_v15_3410,CC(=O)Nc1ccc2c(c1O)Cc1ccccc1-2,0
official_v15_3411,O=[N+]([O-])c1ccc2c(c1)Cc1cccc([N+](=O)[O-])c1-2,1
official_v15_3412,Cc1cc2c(cc1C)-c1ccccc1C2,0
official_v15_3413,O=Nc1ccc2c(c1)Cc1ccccc1-2,1
official_v15_3414,ONc1ccc2c(c1)Cc1ccccc1-2,1
official_v15_3415,CC(=O)Nc1cc2c(cc1OC(C)=O)-c1ccccc1C2,0
official_v15_3416,ClNc1ccc2c(c1)Cc1ccccc1-2,1
official_v15_3417,CC1c2cc(F)ccc2-c2ccc(F)cc21,1
official_v15_3418,CC(=O)Nc1ccc2c(c1OC(C)=O)Cc1ccccc1-2,0
official_v15_3419,CC(=O)Nc1ccc2c(c1)Cc1ccccc1-2,1
official_v15_3420,Nc1ccc2c(c1)Cc1ccccc1-2,1
official_v15_3421,Nc1ccc2c(c1)-c1ccccc1C2,1
official_v15_3422,CC1c2ccccc2-c2ccccc21,1
official_v15_3423,O=CNc1ccc2c(c1)Cc1ccccc1-2,1
official_v15_3424,Cc1cccc2c1-c1ccccc1C2C,1
official_v15_3425,O=[N+]([O-])c1ccc2c(c1)-c1ccccc1C2,1
official_v15_3426,CC1c2ccccc2-c2ccc(F)cc21,1
official_v15_3427,O=C(Cl)OCC1c2ccccc2-c2ccccc21,1
official_v15_3428,Cc1ccc2c(c1)Cc1cc(C)ccc1-2,0
official_v15_3429,CCN(C(C)=O)c1ccc2c(c1)Cc1ccccc1-2,1
official_v15_3430,O=[N+]([O-])c1ccc2c(c1)Cc1cc(O)ccc1-2,1
official_v15_3431,O=[N+]([O-])c1ccc2c(c1)[C@H](O)c1ccccc1-2,1
official_v15_3432,Cc1ccc2c(c1)C(C)c1cc(C)ccc1-2,0
official_v15_3433,C/C(=C(\CCOC(=O)c1ccccc1)SC(=O)c1ccccc1)N(C=O)Cc1cnc(C)nc1N,0
official_v15_3434,c1ccc2c(c1)ccc1c3cccnc3ccc21,1
official_v15_3435,O=C1c2c(ccc3ccccc23)-c2cccc3cccc1c23,0
official_v15_3436,CC(C)[C@]12CC(=O)[C@@H](C)[C@H]1C2,0
official_v15_3437,CC1C(=O)CC2(C(C)C)CC12,0
official_v15_3438,c1ccc2c(c1)OCCOCCOCCOCCO2,0
official_v15_3439,c1ccc2c(c1)ccc1cc3cnccc3cc12,1
official_v15_3440,O=S(=O)(O)c1ccc(N=NNc2ccc(S(=O)(=O)O)cc2)cc1,0
official_v15_3441,c1ccc(N=NNc2ccccc2)cc1,1
official_v15_3442,Cc1ncc(C[n+]2csc(CCO)c2C)c(N)n1,0
official_v15_3443,CC(=O)N/N=C/C1=CN(O)c2ccccc2N1O,1
official_v15_3444,CC(C)(C)OC(=O)N/N=C/C1=CN(O)c2ccccc2N1O,1
official_v15_3445,COc1cccc2c1CC([N+](=O)[O-])c1ccc3c(c1-2)OCO3,1
official_v15_3446,Oc1cnnc(O)n1,1
official_v15_3447,Cc1nnc(O)nc1O,0
official_v15_3448,CC(=O)ON(OCc1ccc(Br)cc1)C(=O)c1ccccc1,1
official_v15_3449,CC(=O)ON(OCc1ccccc1)C(=O)c1ccccc1,1
official_v15_3450,CC(=O)ON(OCc1ccc(Cl)cc1)C(=O)c1ccccc1,1
official_v15_3451,COc1ccc(CON(OC(C)=O)C(=O)c2ccccc2)cc1,1
official_v15_3452,CC(=O)ON(OCc1ccc([N+](=O)[O-])cc1)C(=O)c1ccccc1,1
official_v15_3453,CC(=O)ON(OCc1ccc(C)cc1)C(=O)c1ccccc1,1
official_v15_3454,CC(=O)ON(OCc1ccc(C(C)(C)C)cc1)C(=O)c1ccccc1,1
official_v15_3455,COc1ccc2c(c1OC)C(=O)O[C@@H]2[C@H]1c2cc3c(cc2CCN1C)OCO3,0
official_v15_3456,COc1ccc2c(c1OC)C(=O)OC2C1c2cc3c(cc2CCN1C)OCO3,0
official_v15_3457,CCCCCOc1cccc(NC(=O)OC2CCCCC2N2CCCC2)c1,0
official_v15_3458,Cc1nc2c(c3[nH]c4ccccc4c13)C(=O)C=C(N1CC1)C2=O,1
official_v15_3459,c1ccc2c3c4c(cc5ccccc5c4cc2c1)C1=C3CCCC1,1
official_v15_3460,O=C1C=CC2=[N+]([O-])C(c3ccccc3)(c3ccccc3)/C(=N/c3ccccc3)C2=C1,0
official_v15_3461,CC12C=CC3=C4CCC(=O)C=C4CCC3C1CCC2O,0
official_v15_3462,O=C(Cn1ccnc1[N+](=O)[O-])NCc1ccccc1,1
official_v15_3463,CC1(O)C=Cc2cc3c(ccc4ccccc43)c3c2C1(O)CC3,1
official_v15_3464,COc1nsc2cc(OCC3CO3)ccc12,1
official_v15_3465,Cc1ccc2c(c1O)NC(O)C1CC(/C=C/C(N)=O)=CN1C2=O,1
official_v15_3466,c1ccc(-c2cccc(-c3ccccn3)n2)nc1,1
official_v15_3467,Oc1[nH]nc2ccccc12,0
official_v15_3468,Cn1cc2ccc([N+](=O)[O-])cc2n1,1
official_v15_3469,O=[N+]([O-])c1cccc2c[nH]nc12,1
official_v15_3470,O=[N+]([O-])c1ccc2c[nH]nc2c1,1
official_v15_3471,Cn1cc2cccc([N+](=O)[O-])c2n1,1
official_v15_3472,O=C1CCC(=O)N1c1ccc(Cl)cc1,0
official_v15_3473,O=C1CCC(=O)N1c1ccc(Cl)c(Cl)c1,0
official_v15_3474,O=C1CCC(=O)N1c1ccc(Cl)c(Cl)c1Cl,0
official_v15_3475,O=C1CCC(=O)N1c1cc(Cl)cc(Cl)c1,0
official_v15_3476,O=C1CCC(=O)N1c1cc(Cl)c(Cl)c(Cl)c1,0
official_v15_3477,OC1c2ccc3nc4ccc5ccccc5c4cc3c2C2OC2C1O,1
official_v15_3478,O=NN(CC1(O)CCC(O)C(O)C1O)C(Cc1ccccc1)C(=O)O,0
official_v15_3479,ClC1(Cl)C2(Cl)C3(Cl)C4(Cl)C(Cl)(Cl)C5(Cl)C3(Cl)C1(Cl)C5(Cl)C24Cl,0
official_v15_3480,OC1C2(Cl)C3(Cl)C4(Cl)C(Cl)(Cl)C5(Cl)C3(Cl)C1(Cl)C5(Cl)C24Cl,0
official_v15_3481,ClC1(Cl)[C@]2(Cl)[C@@]3(Cl)[C@]4(Cl)C(Cl)(Cl)[C@@]5(Cl)[C@](Cl)([C@]1(Cl)[C@]53Cl)[C@]24Cl,0
official_v15_3482,c1cc2ccc3nc4ccccc4c4ccc(c1)c2c34,1
official_v15_3483,O=[N+]([O-])c1ccc2ccc3c4ccccc4nc4ccc1c2c43,1
official_v15_3484,O=[N+]([O-])c1ccc2ccc3nc4ccccc4c4ccc1c2c34,1
official_v15_3485,[O-][n+]1cc2cccnc2cn1,0
official_v15_3486,OC1c2ccc3c4c5c(cccc5cc3c2C2OC2C1O)C=C4,1
official_v15_3487,c1ccc(CCC2CO2)cc1,1
official_v15_3488,Cc1ccc(CCC2CO2)cc1,1
official_v15_3489,Cc1ccc(CC[C@H]2CO2)cc1,1
official_v15_3490,COc1ccc(CCC2CO2)cc1,1
official_v15_3491,Clc1ccc(CC[C@H]2CO2)cc1,1
official_v15_3492,Clc1ccc(CCC2CO2)cc1,1
official_v15_3493,OC1C=Cc2c(ccc3ccccc23)C1O,1
official_v15_3494,Nc1ccccc1SCCSc1ccccc1N,1
official_v15_3495,c1ccc(SCCSc2ccccc2)cc1,0
official_v15_3496,CCOC1=CC(=O)C(=NC(C)=O)CC1=O,1
official_v15_3497,CC(=O)c1ccc2c(c1)C(=O)C1(CC1)O2,0
official_v15_3498,CC1(c2ccccc2)/C(=N/c2ccccc2)c2ccccc2N1O,0
official_v15_3499,O=C(O)c1cn(-c2ccc(F)cc2)c2cc(N3CCNCC3)c(F)cc2c1=O,0
official_v15_3500,CC1CN(c2cc3c(cc2F)c(=O)c(C(=O)O)cn3-c2ccc(F)cc2F)CCN1,1
official_v15_3501,CC1=CC(=O)c2[nH]c(C)c3c4ccccc4nc-3c2C1=O,1
official_v15_3502,COC1=CC(=O)c2c3nc4ccccc4c-3c[nH]c2C1=O,1
official_v15_3503,COC1=CC(=O)c2[nH]c(C)c3c4ccccc4nc-3c2C1=O,1
official_v15_3504,Cn1c(N)nc2nc3ccccc3cc21,1
official_v15_3505,O=[N+]([O-])c1c(Cl)cc2c(c1Cl)Oc1cc(Cl)c(Cl)cc1O2,0
official_v15_3506,Clc1c(Cl)c(Cl)c2c(c1Cl)Oc1c(Cl)c(Cl)c(Cl)c(Cl)c1O2,0
official_v15_3507,O=[N+]([O-])c1ccc2c(c1)Oc1ccc([N+](=O)[O-])cc1O2,1
official_v15_3508,O=[N+]([O-])c1ccc2c(c1)Oc1cc(Cl)c(Cl)cc1O2,1
official_v15_3509,CN(C)CCNC(=O)c1cccc2c1Oc1ccccc1O2,1
official_v15_3510,Clc1cc2c(cc1Cl)Oc1cc(Cl)c(Cl)cc1O2,0
official_v15_3511,O=[N+]([O-])c1ccc2c(c1)Oc1ccccc1O2,1
official_v15_3512,O=[N+]([O-])c1cc2c(cc1Cl)Oc1cc(Cl)c(Cl)cc1O2,1
official_v15_3513,O=[N+]([O-])c1ccc2c(c1)Oc1cc([N+](=O)[O-])ccc1O2,1
official_v15_3514,Clc1ccc2c(c1)Oc1ccc(Cl)cc1O2,0
official_v15_3515,c1ccc2c(c1)Oc1ccccc1O2,0
official_v15_3516,O=[N+]([O-])c1c(Cl)c(Cl)c2c(c1Cl)Oc1ccc(Cl)c(Cl)c1O2,1
official_v15_3517,Cc1c2c(nc3ccc(CO)cc13)-c1ccccc1C1OC21,0
official_v15_3518,CC(=O)Nc1nc(NC(C)=O)nc(-c2ccc([N+](=O)[O-])o2)n1,1
official_v15_3519,Nc1nc(N)nc(-c2ccc([N+](=O)[O-])o2)n1,1
official_v15_3520,C1=Cc2cc3ccccc3c3cccc1c23,1
official_v15_3521,O=C1C=C(O)c2ccccc2C1=O,1
official_v15_3522,NC1=CC(=O)C(=O)c2ccccc21,1
official_v15_3523,O=C1C=C(S(=O)(=O)O)c2ccccc2C1=O,1
official_v15_3524,O=C1C=Cc2ccccc2C1=O,1
official_v15_3525,O=c1oc2cccc3ccc4cccc1c4c32,0
official_v15_3526,O=c1oc2ccc([N+](=O)[O-])c3ccc4cccc1c4c23,1
official_v15_3527,O=c1oc2c([N+](=O)[O-])ccc3ccc4cccc1c4c32,1
official_v15_3528,O=S(=O)(Cc1ccccc1)N1C2c3ccccc3-c3ccccc3C21,1
official_v15_3529,C[C@H](CCc1ccccc1)NC[C@@H](O)c1ccc(O)c(C(N)=O)c1,0
official_v15_3530,CC(CCc1ccccc1)NCC(O)c1ccc(O)c(C(N)=O)c1,0
official_v15_3531,Clc1nc(Cl)nc(Nc2ccccc2Cl)n1,0
official_v15_3532,CSCC(NC(=O)COc1cccc2cnccc12)C(=O)NC(Cc1ccccc1)C(O)C(=O)N1CSCC1C(=O)NC(C)(C)C,0
official_v15_3533,c1ccc2c3c4c(cc5ccccc5c4cc2c1)[C@@H]1O[C@H]31,1
official_v15_3534,c1ccc2c3c4c(cc5ccccc5c4cc2c1)C1OC31,1
official_v15_3535,N[C@H]1CC[C@H](C[C@H]2CC[C@H](N)CC2)CC1,0
official_v15_3536,NC1CCC(CC2CCC(N)CC2)CC1,0
official_v15_3537,Cc1c(C(=O)O)c(O)cc2c1C(=O)c1c(O)c([C@H]3O[C@@H](CO)[C@H](O)[C@@H](O)[C@@H]3O)c(O)c(O)c1C2=O,1
official_v15_3538,O=C1c2ccccc2C(=O)c2c1ccc(C1OC(CO)C(O)C(O)C1O)c2O,1
official_v15_3539,Cc1c(C(=O)O)c(O)cc2c1C(=O)c1c(O)c(C3OC(CO)C(O)C(O)C3O)c(O)c(O)c1C2=O,1
official_v15_3540,O=C1c2ccccc2C(=O)c2c1ccc([C@@H]1O[C@H](CO)[C@@H](O)[C@H](O)[C@H]1O)c2O,1
official_v15_3541,OC1C=Cc2c(c3cc4ccccc4cc3c3ccccc23)C1O,1
official_v15_3542,COc1ccc(CNCC(O)COc2ccc3nc(O)ccc3c2)cc1OC,0
official_v15_3543,N=C(N)NN=C(/C=C\c1ccc([N+](=O)[O-])o1)/C=C\c1ccc([N+](=O)[O-])o1,1
official_v15_3544,CC12CCC(C(=O)C1=O)C2(C)C,0
official_v15_3545,CCC1OC(=O)C(C)C(OC2CC(C)(OC)C(O)C(C)O2)C(C)C(OC2OC(C)CC(N(C)C)C2O)C(C)(O)CC(C)CN(C)C(C)C(O)C1(C)O,0
official_v15_3546,O=c1[nH]c(=O)n(C2CC(O)C(CO)O2)cc1COO,1
official_v15_3547,O=c1ccn(C2OC(COP(=O)(O)O)C(O)C2O)c(=O)[nH]1,0
official_v15_3548,CCc1cn(C2CC(O)C(CO)O2)c(=O)[nH]c1=O,0
official_v15_3549,Cc1cn(C2CC(O)C(CO)O2)c(=O)[nH]c1=O,0
official_v15_3550,O=Cc1cn(C2CC(O)C(CO)O2)c(=O)[nH]c1=O,0
official_v15_3551,O=c1[nH]c(=O)n(C2CC(O)C(CO)O2)cc1Br,0
official_v15_3552,Cc1cn(C2CC(N=[N+]=[N-])C(CO)O2)c(=O)[nH]c1=O,1
official_v15_3553,O=c1[nH]c(=O)n(C2CC(O)C(CO)O2)cc1I,0
official_v15_3554,O=c1[nH]c(=O)n(C2CC(O)C(CO)O2)cc1/C=C/Br,0
official_v15_3555,O=c1[nH]c(=O)n([C@H]2C[C@H](O)[C@@H](CO)O2)cc1C(F)(F)F,1
official_v15_3556,O=c1ccn(C2CC(O)C(CO)O2)c(=O)[nH]1,0
official_v15_3557,O=c1[nH]c(=O)n([C@H]2C[C@@H](O)[C@@H](CO)O2)cc1CO,1
official_v15_3558,Cc1cn([C@@H]2C[C@H](N=[N+]=[N-])[C@@H](CO)O2)c(=O)[nH]c1=O,1
official_v15_3559,O=c1[nH]c(=O)n(C2CC(O)C(CO)O2)cc1C(F)(F)F,1
official_v15_3560,O=c1[nH]c(=O)n(C2CC(O)C(CO)O2)cc1CCCCl,0
official_v15_3561,O=c1[nH]c(=O)n(C2CCCO2)cc1F,0
official_v15_3562,O=c1[nH]c(=O)n(C2CC(O)C(CO)O2)cc1CO,1
official_v15_3563,CCn1cc(C(=O)O)c(=O)c2cc(F)c(-c3ccc(O)cc3)c(F)c21,1
official_v15_3564,CNP(=S)(N1CC1)N1CC1,1
official_v15_3565,C[C@]12CC[C@H]3[C@@H](CC=C4NC(=O)CC[C@@]43C)[C@@H]1CC[C@@H]2OC(=O)CCCc1ccc(N(CCCl)CCCl)cc1,1
official_v15_3566,CC(=O)C1(C)OC12C(=O)C=Cc1ccccc12,0
official_v15_3567,COc1cc(CC2NCCc3cc(O)c(O)cc32)cc(OC)c1OC,0
official_v15_3568,Cl/C=C\C[N+]12CN3CN(CN(C3)C1)C2,1
official_v15_3569,O=C(OCC1CCC2OC2C1)C1CCC2OC2C1,1
official_v15_3570,NNc1nc2ccc3nc4ccccc4c(O)c3c2s1,1
official_v15_3571,COC(=O)[C@H]1[C@H]2C[C@@H]3c4[nH]c5cc(OC)ccc5c4CCN3C[C@@H]2C[C@@H](OC(=O)c2cc(OC)c(OC)c(OC)c2)[C@@H]1OC,0
official_v15_3572,COC(=O)C1C2CC3c4[nH]c5cc(OC)ccc5c4CCN3CC2CC(OC(=O)c2cc(OC)c(OC)c(OC)c2)C1OC,0
official_v15_3573,CC1CC2c3cccc4c3c(cn4C3CCCC3)CC2N(C)C1,1
official_v15_3574,Oc1c2nc3ccccc3c-2nnn1/N=C/c1ccc(-c2ccccc2)cc1,0
official_v15_3575,C=C1CCC2C(c3c(C)c(O)c4c(c31)C(=O)C(C)C4)C2(C)C,0
official_v15_3576,C=C1C2CCC(C2)C1(C)C,0
official_v15_3577,C=C1[C@H]2CC[C@H](C2)C1(C)C,0
official_v15_3578,O=C1C=CC(=O)O1,0
official_v15_3579,CCN(CCCl)CCCNc1c2ccccc2nc2c1ccc1cccnc12,1
official_v15_3580,ClCCNCCCNc1c2ccccc2nc2c1ccc1cccnc12,1
official_v15_3581,O=C(O)c1cc2c(c3c1c([N+](=O)[O-])cc1c(O)cccc13)OCO2,1
official_v15_3582,COc1cccc2c1cc([N+](=O)[O-])c1c(C(=O)O)cc3c(c12)OCO3,1
official_v15_3583,COc1cc(O)cc2c1cc([N+](=O)[O-])c1c(C(=O)O)cc3c(c12)OCO3,0
official_v15_3584,COc1cccc2c1ccc1c(C(=O)O)cc3c(c12)OCO3,1
official_v15_3585,COc1cc(OC)c2cc([N+](=O)[O-])c3c(C(=O)O)cc4c(c3c2c1)OCO4,0
official_v15_3586,COC(=O)c1cc2c(c3c1ccc1c(OC)cccc13)OCO2,1
official_v15_3587,COC(=O)c1cc2c(c3c1c([N+](=O)[O-])cc1c(OC)cccc13)OCO2,1
official_v15_3588,O=C(O)c1cc2c(c3c1c([N+](=O)[O-])cc1ccccc13)OCO2,1
official_v15_3589,C[C@H]1CC(=O)O1,1
official_v15_3590,CC1(C)COC1=O,1
official_v15_3591,CC1CC(=O)O1,1
official_v15_3592,O=C1CCO1,1
official_v15_3593,Nc1[nH]cnc2nc(-c3ccc([N+](=O)[O-])cc3)nc1-2,1
official_v15_3594,c1cc2c3c(cccc3c1)[C@@H]1N[C@H]21,1
official_v15_3595,c1cc2c3c(cccc3c1)C1NC21,1
official_v15_3596,c1cc(-c2cc3ccc(C4=NCCN4)cc3[nH]2)ccc1C1=NCCN1,0
official_v15_3597,CC1CN(N=O)CC(C)N1C(=O)c1ccccc1,0
official_v15_3598,C1=CC2OC2c2cccnc21,0
official_v15_3599,CN(C)CCCN1c2ccccc2CCc2ccccc21,0
official_v15_3600,CNCCCN1c2ccccc2CCc2ccccc21,0
official_v15_3601,CC(O)CN1CC(C)OC1=O,0
official_v15_3602,CC1(C)CCCC2(C)C(C=O)C(C=O)=CCC12,0
official_v15_3603,C1=Cc2c(ccc3ccc4ccccc4c23)C1,1
official_v15_3604,C1CN1,1
official_v15_3605,OCCN1CC1,1
official_v15_3606,CC1CN1,1
official_v15_3607,C[C@H]1CN1,1
official_v15_3608,Cc1ccc2nc(-c3ccc(N)cc3)sc2c1S(=O)(=O)O,1
official_v15_3609,Cc1ccc2nc(-c3ccc(N)cc3)sc2c1,1
official_v15_3610,O=NN1CCSCC1,1
official_v15_3611,O=C(C(=O)c1ccccc1)c1ccccc1,0
official_v15_3612,c1ccc2c(c1)cc([C@@H]1CO1)c1ccccc12,1
official_v15_3613,c1ccc2c(c1)cc(C1CO1)c1ccccc12,1
official_v15_3614,Nc1nc(O)c2ncn(C3C=CC(CO)C3)c2n1,0
official_v15_3615,O=C(O)c1nn(Cc2ccc(Cl)cc2Cl)c2ccccc12,0
official_v15_3616,Nc1ccc2cc(S(=O)(=O)O)cc(O)c2c1N=Nc1ccc(-c2ccc(N=Nc3cc(S(=O)(=O)O)c4ccccc4c3N)cc2)cc1,1
official_v15_3617,CCOC(=O)C[n+]1csc2ccccc21,0
official_v15_3618,c1ccc(COCC2CO2)cc1,1
official_v15_3619,CO[C@@]12[C@@H](COC(N)=O)C3=C(C(=O)C(C)=C(N)C3=O)N1C[C@@H]1N[C@@H]12,1
official_v15_3620,COC12C(COC(N)=O)C3=C(C(=O)C(C)=C(N)C3=O)N1CC1NC12,1
official_v15_3621,Cn1c(=O)c2c(ncn2C)n(C)c1=O,0
official_v15_3622,Cn1cnc2c1c(=O)[nH]c(=O)n2C,0
official_v15_3623,Cn1c(N)nc2c3nc(-c4ccccc4)c(-c4ccccc4)nc3ccc21,0
official_v15_3624,CN(C)C1C(=O)C(C(N)=O)C(=O)C2(O)C(=O)C3C(=O)c4c(O)cccc4C(C)(O)C3C(O)C12,0
official_v15_3625,CN(C)C1C(=O)C(C(N)=O)C(=O)C2(O)C(=O)C3C(=O)c4c(O)cccc4C(C)(O)C3CC12,0
official_v15_3626,Cn1c(N)nc2nc3cnccc3cc21,1
official_v15_3627,CC1C=Cc2c1ccc1c2ccc2ccccc21,1
official_v15_3628,C1=Cc2c(ccc3c2ccc2ccccc23)C1,1
official_v15_3629,C[C@@H]1C=Cc2c1ccc1c2ccc2ccccc21,1
official_v15_3630,CC1(CO)C(O)CCC2(C)C1CCC1CC3CC12CCC3(O)CO,0
official_v15_3631,Oc1ncc2ccc3cccc4ccc1c2c34,0
official_v15_3632,c1cc2ccc3cncc4ccc(c1)c2c34,1
official_v15_3633,N#Cc1ccc(C[C@@]23C[C@H](N=[N+]=[N-])CN2C(=O)N(c2cc(Cl)cc(Cl)c2)C3=O)cc1,1
official_v15_3634,Cc1nc(N)c(C)c2c1[nH]c1ccccc12,1
official_v15_3635,Cc1nccc2c1[nH]c1ccccc12,1
official_v15_3636,Cc1nccc2c1[nH]c1cc(O)ccc12,1
official_v15_3637,COc1ccc2c(c1)[nH]c1c(C)nccc12,1
official_v15_3638,c1ccc2c(c1)[nH]c1cnccc12,1
official_v15_3639,O=[N+]([O-])c1cc([N+](=O)[O-])c2[nH]c3cnc([N+](=O)[O-])cc3c2c1,1
official_v15_3640,Cc1nc([N+](=O)[O-])cc2c1[nH]c1c([N+](=O)[O-])cc([N+](=O)[O-])cc12,1
official_v15_3641,Cc1oc(=O)oc1COC(=O)C1N2C(=O)C(NC(=O)C(N)c3ccccc3)C2SC1(C)C,0
official_v15_3642,COc1cc(C2c3cc4c(cc3C(OC3OC5COC(C)OC5C(O)C3O)C3COC(=O)C23)OCO4)cc(OC)c1O,0
official_v15_3643,c1ccc(OC[C@H]2CO2)cc1,1
official_v15_3644,CC(C)(C)c1ccc(OC[C@H]2CO2)cc1,1
official_v15_3645,Cc1ccccc1OC[C@H]1CO1,1
official_v15_3646,c1ccc(OCC2CO2)cc1,1
official_v15_3647,Cc1ccc(OCC2CO2)cc1,1
official_v15_3648,CC(C)(C)c1ccc(OCC2CO2)cc1,1
official_v15_3649,Cc1ccccc1OCC1CO1,1
official_v15_3650,O=[N+]([O-])c1ccc(OCC2CO2)cc1,1
official_v15_3651,Cc1ccc(OC[C@H]2CO2)cc1,1
official_v15_3652,O=[N+]([O-])c1ccc(OC[C@H]2CO2)cc1,1
official_v15_3653,Cc1cc(C(=C2C=CC(N)C=C2)c2ccc(N)cc2)ccc1N,1
official_v15_3654,CCN(CCCl)c1ccc(OCCCCCNc2c3ccccc3nc3ccccc23)cc1,1
official_v15_3655,O=C1C=CC(=O)N1c1ccc(Cc2ccc(N3C(=O)C=CC3=O)cc2)cc1,0
official_v15_3656,c1ccc2c(c1)ccc1cc3ccc4ccncc4c3cc12,1
official_v15_3657,CN(C)c1ccc(C(=N)c2ccc(N(C)C)cc2)cc1,1
official_v15_3658,Nc1c2c(nc3ccccc13)CCCC2,1
official_v15_3659,Nc1cccc2cc3c(nc12)CCCC3,1
official_v15_3660,CCN(CCCl)CCCNc1c2c(nc3ccccc13)CCCC2,1
official_v15_3661,CC1(C)CCC2(C(=O)O)CCC3(C)C(=CCC4C5(C)CC(O)C(OC6OC(CO)C(O)C(O)C6O)C(C)(C(=O)O)C5CCC43C)C2C1,0
official_v15_3662,Cn1c(N)nc2c3ccncc3ccc21,1
official_v15_3663,COc1ccc([N+](=O)[O-])cc1N=Nc1c(O)c(C(=O)Nc2cccc([N+](=O)[O-])c2)cc2ccccc12,1
official_v15_3664,O=C(Nc1ccccc1)c1cc2ccccc2c(N=Nc2cc(Cl)ccc2Cl)c1O,1
official_v15_3665,CC(=O)Oc1ccc2c(c1)C1(C)OOC1(C)O2,1
official_v15_3666,COC12OOC1(C)Oc1ccccc12,1
official_v15_3667,COCC12OOC1(C)c1ccccc1O2,1
official_v15_3668,COc1cccc2c1C1(C)OOC1(C)O2,1
official_v15_3669,COc1cccc2c1OC1(C)OOC21C,1
official_v15_3670,CC12OOC1Oc1ccccc12,1
official_v15_3671,OCC12OOC1(CO)c1ccccc1O2,0
official_v15_3672,CC12OOC1(C)c1ccccc1O2,1
official_v15_3673,CC(=O)Oc1ccc2c(c1)OC1(C)OOC21C,1
official_v15_3674,CC12OOC1(CO)Oc1ccccc12,0
official_v15_3675,CC(=O)OCC12OOC1(C)c1ccccc1O2,1
official_v15_3676,CC(=O)c1cccc2c1OC1(C)OOC21C,1
official_v15_3677,CCC(C)C(C(CC(=O)N1CCCC1C(OC)C(C)C(=O)NC(Cc1ccccc1)c1nccs1)OC)N(C)C(=O)C(NC(=O)C(C(C)C)N(C)C)C(C)C,0
official_v15_3678,[O-][n+]1c2ccc3ccccc3c2cc2c3ccccc3ccc21,0
official_v15_3679,Cc1cc2ncccc2c2ncn(C)c12,0
official_v15_3680,Cc1cc2ncccc2c2nc(N=[N+]=[N-])n(C)c12,1
official_v15_3681,CC(=O)Nc1nc2c3cccnc3cc(C)c2n1C,1
official_v15_3682,Cn1c(N)nc2c3ccc(O)nc3ccc21,1
official_v15_3683,CC(=O)Nc1nc2c3cccnc3ccc2n1C,1
official_v15_3684,Cn1cnc2c3cccnc3ccc21,1
official_v15_3685,Cc1cc2ncccc2c2nc(N)n(C)c12,1
official_v15_3686,Cn1c(NO)nc2c3cccnc3ccc21,1
official_v15_3687,CCn1c(N)nc2c3cccnc3ccc21,1
official_v15_3688,Cn1c(N)nc2c3cccnc3ccc21,1
official_v15_3689,CCn1c(N)nc2c3cccnc3cc(C)c21,1
official_v15_3690,Cn1c([N+](=O)[O-])nc2c3cccnc3ccc21,1
official_v15_3691,CN(C)c1nc2c3cccnc3ccc2n1C,1
official_v15_3692,CNc1nc2c3cccnc3ccc2n1C,1
official_v15_3693,C1CSCSC1,1
official_v15_3694,CC(=O)C1=CCC2C3=CCC4=CC(O)C(O)CC4(C)C3CC(O)C12C,0
official_v15_3695,c1scc2c1-c1cscc1C1NC21,1
official_v15_3696,O=C1C2(Cl)C3(Cl)C4(Cl)C(Cl)(Cl)C5(Cl)C3(Cl)C1(Cl)C5(Cl)C24Cl,0
official_v15_3697,COc1cc([N+](=O)[O-])ccc1N=N[C@H](C(C)=O)C(=O)Nc1ccccc1OC,0
official_v15_3698,CC1=CC(=O)C=C2CCC3C4CCC(=O)C4(C)CCC3C12C,0
official_v15_3699,O=C(O)C1Cc2c([nH]c3ccccc23)C(Cc2ccccc2O)N1,0
official_v15_3700,CC(CN1CC(=O)NC(=O)C1)N1CC(=O)NC(=O)C1,0
official_v15_3701,O=C1OCCN1/N=C/c1ccc([N+](=O)[O-])o1,1
official_v15_3702,c1ccc2c(c1)COC2,1
official_v15_3703,CN(C)c1ccc(C(=C2C=CC(=[N+](C)C)C=C2)c2c(O)c(S(=O)(=O)O)cc3cc(S(=O)(=O)O)ccc23)cc1,0
official_v15_3704,O=C1CCC(C(=O)N2CSCC2C(=O)O)N1,0
official_v15_3705,COc1cc2c(c3oc(=O)c4c(c13)CCC4=O)C1C=COC1O2,1
official_v15_3706,COc1cc2c(c3oc(=O)c4c(c13)CCC4=O)C1(O)C=COC1O2,1
official_v15_3707,COc1cc2c(c3oc(=O)c4c(c13)C(Cl)C(Cl)C4=O)C1C=COC1O2,1
official_v15_3708,COc1cc2c(c3oc(=O)c4c(c13)CCC4=O)[C@@H]1C=CO[C@@H]1O2,1
official_v15_3709,COc1cc2c(c3oc(=O)c4c(c13)[C@@H](Cl)[C@@H](Cl)C4=O)[C@@H]1C=CO[C@@H]1O2,1
official_v15_3710,COc1cc2c(c3oc(=O)c4c(c13)C(O)CC4=O)C1C=COC1O2,1
official_v15_3711,COc1c(O)c2c(c3oc(=O)c4c(c13)CCC4=O)C1C=COC1O2,1
official_v15_3712,COC1=CC=CC=CC1,1
official_v15_3713,Cc1c(Cn2ccnc2)c2cc([N+](=O)[O-])ccc2n1Cc1ccccc1,1
official_v15_3714,O=c1oc2cc([N+](=O)[O-])ccc2c2ccccc12,1
official_v15_3715,Cc1cc(O)cc2oc(=O)c3c(O)cc(O)cc3c12,0
official_v15_3716,O=c1oc2c([N+](=O)[O-])cccc2c2ccccc12,1
official_v15_3717,COc1cc(O)c2c(=O)oc3cc(O)cc(C)c3c2c1,0
official_v15_3718,O=c1oc2ccc([N+](=O)[O-])cc2c2ccccc12,1
official_v15_3719,N=c1cc2oc3cc(N)ccc3nc-2c2ccccc12,1
official_v15_3720,Nc1ccc2cc(S(=O)(=O)O)c(N=Nc3ccc(-c4ccc(N=Nc5ccc(O)c(C(=O)O)c5)cc4)cc3)c(O)c2c1,1
official_v15_3721,c1cc2c3c(c4c(ccc5ccccc54)cc3c1)C1OC21,1
official_v15_3722,C1CN1c1nc(N2CC2)nc(N2CC2)n1,1
official_v15_3723,C=C/C1=C/C(C)C(C)(OC(C)=O)C(=O)OCC2=CC[N+]3(C)CCC(OC1=O)C23O,1
official_v15_3724,Cc1nnc(NS(=O)(=O)c2ccc(N)cc2)s1,0
official_v15_3725,COc1ccc(CN2C3c4ccccc4-c4ccccc4C32)cc1,1
official_v15_3726,Cc1ccc(CN2C3c4ccccc4-c4ccccc4C32)cc1,1
official_v15_3727,Brc1ccc(CN2C3c4ccccc4-c4ccccc4C32)cc1,1
official_v15_3728,Clc1ccc(CN2C3c4ccccc4-c4ccccc4C32)cc1,1
official_v15_3729,FC(F)(F)c1cccc(CN2C3c4ccccc4-c4ccccc4C32)c1,1
official_v15_3730,Fc1ccc(CN2C3c4ccccc4-c4ccccc4C32)cc1,1
official_v15_3731,O=[N+]([O-])c1ccc(CN2C3c4ccccc4-c4ccccc4C32)cc1,1
official_v15_3732,COc1cccc(CN2C3c4ccccc4-c4ccccc4C32)c1,1
official_v15_3733,c1ccc(CN2C3c4ccccc4-c4ccccc4C32)cc1,1
official_v15_3734,Cc1cc(C)c(CN2C3c4ccccc4-c4ccccc4C32)c(C)c1,1
official_v15_3735,c1ccc(-c2ccccc2OCC2CO2)cc1,1
official_v15_3736,c1ccc(Nc2ccc(Nc3ccccc3)cc2)cc1,1
official_v15_3737,O=[N+]([O-])c1ccc(Nc2ccc(Nc3ccccc3)c(S(=O)(=O)O)c2)c([N+](=O)[O-])c1,1
official_v15_3738,CNc1ccc2ncc(C)nc2c1N,0
official_v15_3739,Cc1cccc2nc(O)c(O)nc12,1
official_v15_3740,Cc1nc2ccc(N)c(C)c2nc1C,1
official_v15_3741,COc1nc2cc([N+](=O)[O-])cc(CBr)c2nc1OC,1
official_v15_3742,Cc1cnc2ccccc2n1,0
official_v15_3743,CNc1ccc2nc(C)cnc2c1C,1
official_v15_3744,Cc1nc2ccc(N(C)C)c(C)c2nc1C,1
official_v15_3745,Clc1nc2ccccc2nc1Cl,0
official_v15_3746,CNc1ccc2nccnc2c1C,1
official_v15_3747,c1ccc2nccnc2c1,1
official_v15_3748,CNc1ccc2nc(C)c(C)nc2c1C,1
official_v15_3749,Cc1nc2ccc(N)cc2nc1C,1
official_v15_3750,CCc1nc2ccc(NC)c(C)c2nc1CC,1
official_v15_3751,CCOP(=S)(OCC)Oc1cnc2ccccc2n1,0
official_v15_3752,CNc1ccc2ncc(C)nc2c1C,1
official_v15_3753,COc1nc2cccc(CBr)c2nc1OC,1
official_v15_3754,C1CC2OC2CC1COCC1CCC2OC2C1,1
official_v15_3755,c1ccc2c(c1)-c1ccc3ccccc3c1[C@H]1N[C@@H]21,1
official_v15_3756,c1ccc2c(c1)-c1ccc3ccccc3c1C1NC21,1
official_v15_3757,Cn1ccc2ccc3ccc4ccc(O)cc4c3c21,1
official_v15_3758,C1=CC2CCCCC2c2ccccc21,1
official_v15_3759,CC1=CC2CCCCC2c2ccccc21,1
official_v15_3760,COc1ccc2c(c1)C1CCCCC1C=C2,1
official_v15_3761,Brc1ccc2c(c1)C=CC1CCCCC21,0
official_v15_3762,Nc1cc2c(O)c(N=Nc3ccc(N=Nc4ccc(S(=O)(=O)O)cc4)c4ccc(S(=O)(=O)O)cc34)c(S(=O)(=O)O)cc2cc1S(=O)(=O)O,0
official_v15_3763,CC(=O)Nc1ccc(S(=O)(=O)O)c2cc(S(=O)(=O)O)c(N=Nc3ccc(N=Nc4ccc(S(=O)(=O)O)cc4)c4ccc(S(=O)(=O)O)cc34)c(O)c12,0
official_v15_3764,Clc1ccc2c(c1)C(c1ccccc1)=NCc1nncn1-2,0
official_v15_3765,Cc1nnc2n1-c1ccc(Cl)cc1C(c1ccccc1Cl)=NC2,0
official_v15_3766,O=C1c2ccccc2-c2c1c1ccccc1c(=O)n2CCNCCO,0
official_v15_3767,CC(C)(C)NCC(O)COc1nsnc1N1CCOCC1,0
official_v15_3768,O=C(Nc1cccc2c1C(=O)c1cccc(Cl)c1C2=O)c1ccccc1,1
official_v15_3769,ONc1ncnc2c1ncn2Cc1ccccc1,1
official_v15_3770,Nc1ncnc2c1ncn2Cc1ccc([N+](=O)[O-])cc1,1
official_v15_3771,Nc1ncnc2c1ncn2Cc1ccccc1,1
official_v15_3772,O=C1c2ccccc2CN2C(=O)c3ccccc3CN12,0
official_v15_3773,O=[N+]([O-])c1cc2c3ccccc3sc2c2ccccc12,1
official_v15_3774,c1ccc2c(c1)ccc1c3ccccc3sc21,1
official_v15_3775,CN1C(C(=O)Nc2ccccn2)C(=O)c2sccc2S1(=O)=O,0
official_v15_3776,C[C@@H](Nc1[nH]cnc2nc(-c3ccc(CCl)cc3)cc1-2)c1ccccc1,1
official_v15_3777,C=C1/C(=C/C=C2\CCCC3(C)C2CCC3C(C)/C=C/C(O)C2CC2)CC(O)CC1O,0
official_v15_3778,COc1c2ccoc2nc2c(OC)c(OCC3OC3(C)C)ccc12,0
official_v15_3779,O=S1(=O)c2cccc3ccc4c5ccccc5cc1c4c23,1
official_v15_3780,Nc1cc(N)c(N=Nc2ccc(S(N)(=O)=O)cc2)cc1N=Nc1ccc(S(N)(=O)=O)cc1,1
official_v15_3781,Nc1ccc(N=Nc2cccc(N=Nc3ccc(N)cc3N)c2)c(N)c1,1
official_v15_3782,Cc1oc(=O)oc1CN1CCN(c2cc3c(cc2F)c(=O)c(C(=O)O)c2n3C(C)S2)CC1,0
official_v15_3783,CC1CCCC(C)N1CCCC(O)(c1ccccc1)c1ccccn1,0
official_v15_3784,C1CN(SSN2CCOCC2)CCO1,0
official_v15_3785,CCNCC#CC(C)(C)OC(=O)C(O)(c1ccccc1)C1CCCCC1,0
official_v15_3786,CCN(CC)CC#CC(C)(C)OC(=O)C(O)(c1ccccc1)C1CCCCC1,0
official_v15_3787,CCN(CC)CC#CCOC(=O)C(O)(c1ccccc1)C1CCCCC1,0
official_v15_3788,OC1C=Cc2c(cc3c4c(c5ccccc5cc24)-c2ccccc2-3)C1O,1
official_v15_3789,ClC1=C(Cl)C(Cl)(Cl)C(Cl)=C1Cl,0
official_v15_3790,Cc1c2c(cc3ccccc13)-c1ccccc1C(O)C2O,1
official_v15_3791,OC1c2ccccc2-c2cc3ccccc3c(Cl)c2C1O,0
official_v15_3792,OC1c2ccccc2-c2cc3ccccc3c(Br)c2C1O,0
official_v15_3793,COc1ccc(CN(CCN(C)C)c2ncccn2)cc1,0
official_v15_3794,CCc1ccc2c3c(cccc13)-c1ccccc1-2,0
official_v15_3795,OCc1ccc2c(c1)-c1cccc3cccc-2c13,1
official_v15_3796,ClCc1cccc2c1-c1cccc3cccc-2c13,1
official_v15_3797,OCc1cccc2c1-c1cccc3cccc-2c13,0
official_v15_3798,Nc1ccc2cccc3c2c1-c1ccccc1-3,1
official_v15_3799,OCc1ccc2c3c(cccc13)-c1ccccc1-2,0
official_v15_3800,O=[N+]([O-])c1c(O)cc2c3c(cccc13)-c1ccccc1-2,1
official_v15_3801,OCc1ccc2cccc3c2c1-c1ccccc1-3,0
official_v15_3802,OCc1cc2c3c(cccc3c1)-c1ccccc1-2,0
official_v15_3803,ClCc1ccc2cccc3c2c1-c1ccccc1-3,1
official_v15_3804,BrCc1cccc2c1-c1cccc3cccc-2c13,1
official_v15_3805,BrCc1ccc2c3c(cccc13)-c1ccccc1-2,1
official_v15_3806,O=[N+]([O-])c1cc2cccc3c2c(c1[N+](=O)[O-])-c1ccccc1-3,1
official_v15_3807,O=[N+]([O-])c1ccc2c(c1)-c1ccc([N+](=O)[O-])c3cccc-2c13,1
official_v15_3808,O=[N+]([O-])c1ccc2c(c1)-c1cccc3cccc-2c13,1
official_v15_3809,O=[N+]([O-])c1cccc2c1-c1cccc3c([N+](=O)[O-])ccc-2c13,1
official_v15_3810,Nc1cc2c3c(cccc3c1)-c1ccccc1-2,1
official_v15_3811,ClCc1ccc2c(c1)-c1cccc3cccc-2c13,1
official_v15_3812,BrCc1cc2c3c(cccc3c1)-c1ccccc1-2,1
official_v15_3813,O=[N+]([O-])c1ccc2c3c(c(O)ccc13)-c1ccccc1-2,1
official_v15_3814,CC(=O)Nc1ccc2c3c(cccc13)-c1ccc(O)cc1-2,1
official_v15_3815,c1ccc2c(c1)-c1cccc3cccc-2c13,1
official_v15_3816,O=[N+]([O-])c1ccc2c3c(ccc([N+](=O)[O-])c13)-c1ccccc1-2,1
official_v15_3817,BrCc1ccc2cccc3c2c1-c1ccccc1-3,1
official_v15_3818,O=[N+]([O-])c1ccc2c3c(cccc13)-c1ccccc1-2,1
official_v15_3819,ClCc1cc2c3c(cccc3c1)-c1ccccc1-2,1
official_v15_3820,Nc1ccc2c(c1)-c1cccc3cccc-2c13,1
official_v15_3821,O=[N+]([O-])c1cc([N+](=O)[O-])c2cccc3c2c1-c1ccccc1-3,1
official_v15_3822,Nc1cccc2c1-c1cccc3cccc-2c13,1
official_v15_3823,Nc1ccc2c3c(cccc13)-c1ccccc1-2,1
official_v15_3824,BrCc1ccc2c(c1)-c1cccc3cccc-2c13,1
official_v15_3825,ClCc1ccc2c3c(cccc13)-c1ccccc1-2,1
official_v15_3826,O=[N+]([O-])c1cc2c3c(cccc3c1)-c1ccccc1-2,1
official_v15_3827,CC(=O)Nc1c(O)cc2c3c(cccc13)-c1ccccc1-2,1
official_v15_3828,O=[N+]([O-])c1ccc2c3c(cccc13)-c1ccc(O)cc1-2,1
official_v15_3829,O=[N+]([O-])c1ccc2c3c(cccc13)-c1cc(O)ccc1-2,1
official_v15_3830,O=[N+]([O-])c1cccc2c1-c1cccc3cccc-2c13,1
official_v15_3831,O=[N+]([O-])c1ccc2cccc3c2c1-c1ccccc1-3,1
official_v15_3832,CC(=O)Nc1ccc2c3c(cccc13)-c1cc(O)ccc1-2,1
official_v15_3833,O=C(OC[C@H]1CO1)c1cccc(C(=O)OC[C@H]2CO2)c1,1
official_v15_3834,O=C(OCC1CO1)c1cccc(C(=O)OCC2CO2)c1,1
official_v15_3835,CC(C)(c1ccc(OC[C@H]2CO2)cc1)c1ccc(OC[C@H]2CO2)cc1,1
official_v15_3836,CC(C)(c1ccc(OCC2CO2)cc1)c1ccc(OCC2CO2)cc1,1
official_v15_3837,O=C1CC(=Nc2ccccc2)C(=O)c2ccccc21,1
official_v15_3838,O=C(NCc1ccccc1)C1CO1,1
official_v15_3839,CC1(C(=O)NCc2ccccc2)CO1,1
official_v15_3840,C=C1C[C@@]23CC[C@H]4[C@@](C)(CCC[C@@]4(C)C(=O)O)[C@@H]2CC[C@]1(O[C@@H]1O[C@H](CO)[C@@H](O)[C@H](O)[C@H]1O[C@@H]1O[C@H](CO)[C@@H](O)[C@H](O)[C@H]1O)C3,0
official_v15_3841,CC[N+]([O-])(CC)CCn1nc2c3c(c(CO)ccc31)Sc1cc(Cl)ccc1-2,1
official_v15_3842,CCN(CC)CCn1nc2c3c(c(CO)ccc31)Sc1cc(Cl)ccc1-2,1
official_v15_3843,O=[N+]([O-])c1ccc2c(c1)sc1ccccc12,1
official_v15_3844,O=[N+]([O-])c1ccc2sc3ccccc3c2c1,1
official_v15_3845,O=[N+]([O-])c1ccc2c3cccc4cccc(c5cccc1c52)c43,1
official_v15_3846,c1cc2cccc3c4cccc5cccc(c(c1)c23)c54,1
official_v15_3847,O=[N+]([O-])c1ccc2c3c([N+](=O)[O-])ccc4cccc(c5cccc1c52)c43,1
official_v15_3848,O=[N+]([O-])c1ccc2c3cccc4ccc([N+](=O)[O-])c(c5cccc1c25)c43,1
official_v15_3849,O=[P@@]1(N(CCCl)CCCl)NCCCO1,1
official_v15_3850,O=P1(N(CCCl)CCCl)NC(O)CCO1,1
official_v15_3851,O=P1(N(CCCl)CCCl)OCCCN1CCCl,1
official_v15_3852,O=[P@]1(N(CCCl)CCCl)N[C@H](O)CCO1,1
official_v15_3853,O=[P@@]1(NCCCl)OCCCN1CCCl,1
official_v15_3854,O=P1(NCCCl)OCCCN1CCCl,1
official_v15_3855,O=P1(N(CCCl)CCCl)NCCCO1,1
official_v15_3856,C#CC(OC(=O)NC1CCCCC1)(c1ccccc1)c1ccc(C)c(C)c1,1
official_v15_3857,C#C[C@@](OC(=O)NC1CCCCC1)(c1ccccc1)c1ccc(C)c(C)c1,1
official_v15_3858,C#CC(OC(=O)NC1CCCCC1)(c1ccccc1)c1ccccc1,1
official_v15_3859,CC#CC(OC(=O)NC1CCCCC1)(c1ccccc1)c1ccccc1,1
official_v15_3860,Nc1c2ncn(C(c3ccccc3)(c3ccccc3)c3ccccc3)c2nc[n+]1[O-],1
official_v15_3861,c1ccc(-c2ccc(CC3CO3)cc2)cc1,1
official_v15_3862,O=C(NCc1ccccc1)C(Cl)c1ccccc1,1
official_v15_3863,O=C(NCc1ccccc1)C(Br)c1ccccc1,0
official_v15_3864,CC(C)[C@@H]1CC[C@H](C)[C@@H]2CC[C@H](C)C[C@H]21,1
official_v15_3865,CC1CCCC2(C)CCCCC12O,0
official_v15_3866,C1CC[C@H]2CCCC[C@@H]2C1,0
official_v15_3867,C1CCC2CCCCC2C1,0
official_v15_3868,CN1C(=O)CCC1c1ccc[n+]([O-])c1,0
official_v15_3869,N=c1ccn2c(n1)OC1C(O)C(CO)OC12,0
official_v15_3870,N=c1ccn2c(n1)O[C@H]1[C@H](O)[C@@H](CO)O[C@@H]12,0
official_v15_3871,CC(=O)OC1C(OC23C=C(C)C4(CC4)C(C)(O)C2C(=O)C(C)(C)C3)OC(CO)C(OC(=O)/C=C/c2ccc(O)cc2)C1O,1
official_v15_3872,c1cc2ccc3ccc(C4CO4)c4ccc(c1)c2c34,1
official_v15_3873,c1cc2ccc3ccc([C@@H]4CO4)c4ccc(c1)c2c34,1
official_v15_3874,c1cc2ccc3ccc4ccc5cccc6c(c1)c2c3c4c56,1
official_v15_3875,CCC1CN2CCc3cc(OC)c(OC)cc3C2CC1CC1NCCc2cc(OC)c(OC)cc21,0
official_v15_3876,CC[C@H]1CN2CCc3cc(OC)c(OC)cc3[C@H]2C[C@H]1C[C@H]1NCCc2cc(OC)c(OC)cc21,0
official_v15_3877,C1COCC2(C1)CO2,1
official_v15_3878,O=C(NCCCl)Sc1[nH]cnc2ncnc1-2,1
official_v15_3879,CN(C)c1[nH]cnc2ncnc1-2,1
official_v15_3880,ONc1[nH]cnc2ncnc1-2,1
official_v15_3881,Nc1[nH]cnc2ncnc1-2,1
official_v15_3882,CCOC(=O)CNC(=O)CCCCSc1[nH]cnc2ncnc1-2,0
official_v15_3883,Sc1[nH]cnc2ncnc1-2,1
official_v15_3884,Nc1nc2ncnc-2c[nH]1,0
official_v15_3885,ClC1=C(Cl)C2(Cl)C3C4CC(C5OC45)C3C1(Cl)C2(Cl)Cl,0
official_v15_3886,ClC1=C(Cl)[C@]2(Cl)[C@H]3[C@@H]4C[C@@H]([C@@H]5O[C@H]45)[C@H]3[C@@]1(Cl)C2(Cl)Cl,0
official_v15_3887,O=C1C(=O)c2ccccc2-c2ccccc21,0
official_v15_3888,CN(C)c1ccc(N=Nc2ccc3[nH]ncc3c2)cc1,1
official_v15_3889,O=NN1CCC(c2ccccc2)CC1,1
official_v15_3890,CC(=O)C1(c2ccccc2)CCNCC1,0
official_v15_3891,O=c1oc2cccc3ccc4c5ccccc5cc1c4c32,1
official_v15_3892,CC(C)(C)C1=CC(=CC=C2C=C(C(C)(C)C)C(=O)C(C(C)(C)C)=C2)C=C(C(C)(C)C)C1=O,0
official_v15_3893,O=c1ccc2cc3c4c(c2o1)CCCN4CCC3,1
official_v15_3894,Cc1cc(=O)oc2c3c4c(cc12)CCCN4CCC3,1
official_v15_3895,CCOC(=O)c1cc2cc3c4c(c2oc1=O)CCCN4CCC3,0
official_v15_3896,O[C@@H]1[C@H]2O[C@H]2c2cc3c(ccc4ccccc43)cc2[C@H]1O,1
official_v15_3897,OC1c2cc3ccc4ccccc4c3cc2C2OC2C1O,1
official_v15_3898,CN1CCc2cc3c(c4c2C1C(O)c1ccccc1-4)OCO3,1
official_v15_3899,CN1CC(O)c2cc3c(c4c2C1Cc1ccccc1-4)OCO3,1
official_v15_3900,CN1CCc2cc3c(c4c2C1Cc1ccccc1-4)OCO3,1
official_v15_3901,COc1cc2c(cc1OC)-c1c3c(cc4c1C(C2)N(C)CC4)OCO3,1
official_v15_3902,C=C(C)[C@@H]1CC=C(C)[C@@H](O)C1,0
official_v15_3903,C=C(C)C1CC=C(C)C(O)C1,0
official_v15_3904,C=CC1CC=CCC1,0
official_v15_3905,COC(=O)/C(C)=C/C=C/C(C)=C/C=C/C=C(C)/C=C/C=C(C)/C=C/C1=C(C)CCCC1(C)C,0
official_v15_3906,C1=CCCCC1,0
official_v15_3907,CCC(=O)/C=C/C1C(C)=CCCC1(C)C,0
official_v15_3908,C=C(C)[C@@H]1CC=C(C)CC1,0
official_v15_3909,C=C[C@@H]1CC=CCC1,0
official_v15_3910,CC(=O)OC/C=C(C)/C=C/C=C(C)/C=C/C1=C(C)CCCC1(C)C,0
official_v15_3911,CC1=C(/C=C\C(C)=C/C=C\C(C)=C/C=O)C(C)(C)CCC1,1
official_v15_3912,C=C(C)[C@H]1CC=C(C)[C@@H](OC(C)=O)C1,0
official_v15_3913,O=C(O)C1=CC(O)C(O)C(O)C1,0
official_v15_3914,CC(=O)/C=C\C1=C(C)CCCC1(C)C,0
official_v15_3915,CC1=C(/C=C/C(C)=C/C=C/C(C)=C/C=C/C=C(C)/C=C/C=C(\C)C=O)C(C)(C)CCC1,0
official_v15_3916,CC1=CCC(C(C)(C)O)CC1,0
official_v15_3917,CCCCCCCCCCCCCCCC(=O)OC/C=C(C)/C=C/C=C(C)/C=C/C1=C(C)CCCC1(C)C,0
official_v15_3918,C=C(C)C1CC=C(C)CC1,0
official_v15_3919,C=C(C)C1CC=C(C)C(OC(C)=O)C1,0
official_v15_3920,C=C(C)C1CC=C(C=O)CC1,0
official_v15_3921,CC1=C(/C=C\C(C)=C/C=C\C(C)=C/CO)C(C)(C)CCC1,1
official_v15_3922,O=C(O)C1=C[C@@H](O)[C@H](O)[C@@H](O)C1,0
official_v15_3923,C1CCC2(CC1)CO2,0
official_v15_3924,CC(C)(C)C1CCC2(CC1)CO2,0
official_v15_3925,c1ccc2c(c1)CCc1cc3ccc4c(c3cc1-2)CCCC4,1
official_v15_3926,C[C@]12CC[C@H](OC(=O)/C=C/c3cccc(N(CCCl)CCCl)c3)CC1=CC[C@@H]1[C@@H]2CC[C@]2(C)NC(=O)CC[C@@H]12,1
official_v15_3927,CC12C/C(=C/O)C(=O)CC1CCC1C2CCC2(C)C1CCC2(C)O,0
official_v15_3928,CN(C)c1ccc(C(c2ccccc2)c2ccc(N(C)C)cc2)cc1,0
official_v15_3929,c1ccc(C(c2ccccc2)c2ccccc2)cc1,0
official_v15_3930,Oc1c2nc3ccccc3c-2nnn1/N=C/c1ccccc1,1
official_v15_3931,O=[N+]([O-])c1ccc(/C=N/n2nnc3c4ccccc4nc-3c2O)cc1,1
official_v15_3932,Oc1c2nc3ccccc3c-2nnn1/N=C/c1ccc(Cl)cc1,1
official_v15_3933,COC(=O)c1ccc(/C=N/n2nnc3c4ccccc4nc-3c2O)cc1,1
official_v15_3934,O=C(O)c1ccc(/C=N/n2nnc3c4ccccc4nc-3c2O)cc1,1
official_v15_3935,Oc1ccc(/C=N/n2nnc3c4ccccc4nc-3c2O)cc1,1
official_v15_3936,COc1ccc(/C=N/n2nnc3c4ccccc4nc-3c2O)cc1,1
official_v15_3937,CC1(C)OC1COc1c2ccoc2cc2oc(=O)ccc12,0
official_v15_3938,CCOP(=S)(OCC)Oc1nc(Cl)n(C(C)C)n1,1
official_v15_3939,Nc1nc[nH]n1,0
official_v15_3940,Nc1n[nH]c(N)n1,0
official_v15_3941,Cc1cc2nc3cc(C)c(N)cc3[n+](-c3ccccc3)c2cc1N,1
official_v15_3942,O=C(Cn1c(=O)sc2ccccc21)OCc1ccccc1,0
official_v15_3943,OC1C=C2c3ccc4ccccc4c3-c3cccc(c32)C1O,1
official_v15_3944,O[C@H]1C=C2c3ccc4ccccc4c3-c3cccc(c32)[C@@H]1O,1
official_v15_3945,CCN(CC)CCn1nc2ccc(C)c3c2c1Sc1cc(Cl)ccc1-3,1
official_v15_3946,CCN(CC)CCn1nc2ccc(CO)c3c2c1Sc1cc(Cl)ccc1-3,1
official_v15_3947,Fc1cnc2c(ccc3ccccc32)c1,0
official_v15_3948,Fc1cc2ccccc2c2ncccc12,1
official_v15_3949,Fc1ccc(F)c2c1ccc1cccnc12,1
official_v15_3950,Fc1cc2cccnc2c2ccccc12,1
official_v15_3951,Fc1ccc2ccc3cccnc3c2c1,1
official_v15_3952,Fc1cccc2c1ccc1cccnc12,1
official_v15_3953,c1ccc2c(c1)ccc1cccnc12,1
official_v15_3954,Fc1cnc2c(c1)cc(F)c1ccccc12,0
official_v15_3955,Nc1ccc2ccc3ccccc3c2n1,1
official_v15_3956,c1ccc2cc3c(ccc4ccncc43)cc2c1,1
official_v15_3957,c1ccc(Cn2ccnc2)cc1,1
official_v15_3958,O=NN1CSCC1C(=O)O,0
official_v15_3959,O=C(O)C1CSCN1,0
official_v15_3960,O=C(O)[C@@H]1CSCN1,0
official_v15_3961,O=NN1CCSC1C(O)C(O)C(O)CO,0
official_v15_3962,O=NN1CCSC1,1
official_v15_3963,O=NN1CCSC1C(O)C(O)C(O)C(O)CO,1
official_v15_3964,O=NN1C(C(=O)O)CSC1C(O)C(O)C(O)C(O)CO,0
official_v15_3965,C1CSCN1,1
official_v15_3966,O=NN1CCS[C@@H]1[C@H](O)[C@H](O)[C@H](O)[C@H](O)CO,1
official_v15_3967,CC(O)C(O)C(O)C(O)C1SCCN1N=O,0
official_v15_3968,O=NN1CCSC1CO,1
official_v15_3969,O=NN1CCS[C@H]1CO,1
official_v15_3970,CCOC(=O)c1[nH]c2ccccc2c1/N=C/c1cc(OC)c(OC)c(OC)c1,1
official_v15_3971,CCOC(=O)c1[nH]c2ccccc2c1/N=C/c1ccc([N+](=O)[O-])cc1,1
official_v15_3972,CCOC(=O)c1[nH]c2ccccc2c1/N=C/c1ccc(C)cc1,0
official_v15_3973,CCOC(=O)c1[nH]c2ccccc2c1/N=C/c1ccc(O)cc1,1
official_v15_3974,CCOC(=O)c1[nH]c2ccccc2c1/N=C/c1ccc(NC(C)=O)cc1,1
official_v15_3975,c1ccc2c(c1)-c1cc3c(cc1C1OC21)-c1ccccc1C1OC31,1
official_v15_3976,COC1=CC(=O)c2c3nc4c(c-3c[nH]c2C1=O)CCCC4,1
official_v15_3977,CC(=O)OC1CCC2(C)C(=CCC3C2CCC2(C)C(C(C)CCCC(C)C)CCC32)C1,0
official_v15_3978,CC(C)CCCC(C)C1CCC2C3CC=C4CCCCC4(C)C3CCC12C,0
official_v15_3979,CCC(CCC(C)C1CCC2C3CC=C4CC(O)CCC4(C)C3CCC12C)C(C)C,0
official_v15_3980,CC(C)CCCC(C)C1CCC2C3CC=C4CC(OCCOCCO)CCC4(C)C3CCC12C,0
official_v15_3981,CC[C@H](CC[C@@H](C)[C@H]1CC[C@H]2[C@@H]3CC=C4C[C@@H](O)CC[C@]4(C)[C@H]3CC[C@]12C)C(C)C,0
official_v15_3982,CC(C)CCCC(C)C1CCC2C3C(OO)C=C4CC(O)CCC4(C)C3CCC12C,1
official_v15_3983,c1ccc2c(c1)-c1cc3ccc4ccccc4c3cc1[C@H]1O[C@@H]21,1
official_v15_3984,c1ccc2c(c1)-c1cc3ccc4ccccc4c3cc1C1OC21,1
official_v15_3985,CC(C)CCC[C@@H](C)[C@@H]1CC[C@@H]2[C@@H]3CC4([C@@H]5C[C@@H](Br)CC[C@]5(C)[C@@H]3CC[C@@]21C)S(=O)(=O)CCS4(=O)=O,1
official_v15_3986,CC(C)(C)NCC(O)COc1ccccc1C1=CCCC1,0
official_v15_3987,C=C1C(=O)OC2C1CCC(C)C1C=CC(=O)C12C,0
official_v15_3988,Nn1nnc2c3ccccc3nc-2c1O,1
official_v15_3989,CC1CN(N=O)CC(C)O1,1
official_v15_3990,C1COCCN1,0
official_v15_3991,CCN1CCOCC1,1
official_v15_3992,CC1CNCC(C)O1,1
official_v15_3993,COP(=O)(OC)N1CCOCC1,0
official_v15_3994,CN1CCOCC1,0
official_v15_3995,CCCCCCCCCCCCCN1CC(C)OC(C)C1,0
official_v15_3996,O=NN1CCOCC1,1
official_v15_3997,C[C@@H]1CNC[C@@H](C)O1,1
official_v15_3998,O=NN1CCOC(O)C1,1
official_v15_3999,O=C(/C=C/c1ccccc1)OC/C=C/c1ccccc1,1
official_v15_4000,O=[N+]([O-])c1ccc2c3c(cccc13)CC2,1
official_v15_4001,O=[N+]([O-])c1ccc2cccc3c2c1CC3,1
official_v15_4002,c1cc2c3c(cccc3c1)CC2,0
official_v15_4003,CC1CS1,0
official_v15_4004,C1CS1,1
official_v15_4005,c1ccc(N(c2ccccc2)c2ccccc2)cc1,0
official_v15_4006,CC1=Nc2ccccc2C1(C)C,0
official_v15_4007,O=S(c1cc(Cl)cc(Cl)c1O)c1cc(Cl)cc(Cl)c1O,1
official_v15_4008,Cc1cc(O)c2c(c1)C(=O)C(c1c(C)cc3c(c1O)C(=O)C=CC3=O)=CC2=O,0
official_v15_4009,COc1cc(C)cc2c1C(=O)C=C(c1c(C)cc3c(c1OC)C(=O)C=CC3=O)C2=O,0
official_v15_4010,OC1C=Cc2c(ccc3c2-c2cccc4cccc-3c24)C1O,1
official_v15_4011,O[C@H]1C=Cc2c(ccc3c2-c2cccc4cccc-3c24)[C@@H]1O,1
official_v15_4012,O=C(NC(Cc1cc(O)nc2ccccc12)C(=O)O)c1ccc(Cl)cc1,0
official_v15_4013,O=C1c2ccccc2C(=O)N1SC(Cl)(Cl)Cl,1
official_v15_4014,O=C1NC(=O)c2ccccc21,0
official_v15_4015,NN1C(=O)c2ccccc2C1=O,0
official_v15_4016,COP(=S)(OC)SCN1C(=O)c2ccccc2C1=O,1
official_v15_4017,O=C1c2ccc([N+](=O)[O-])cc2C(=O)N1CCl,1
official_v15_4018,O=C1c2ccccc2C(=O)N1CCl,1
official_v15_4019,O=C1NC(=O)c2cc([N+](=O)[O-])ccc21,1
official_v15_4020,O=C(C(Cl)Cl)N1CCN(c2ncc([N+](=O)[O-])s2)C1=O,1
official_v15_4021,O=C1NCCN1c1nccs1,1
official_v15_4022,C[C@@H]1CNC(=O)N1c1ncc([N+](=O)[O-])s1,1
official_v15_4023,CC1CNC(=O)N1c1ncc([N+](=O)[O-])s1,1
official_v15_4024,O=C1NCCN1c1ncc([N+](=O)[O-])s1,1
official_v15_4025,Cc1cc2nc3c(=O)[nH]c(=O)nc-3n(C)c2cc1C,1
official_v15_4026,Cc1cc2c(nc1NO)[nH]c1ccccc12,1
official_v15_4027,Cc1cc2c(nc1N)[nH]c1ccccc12,1
official_v15_4028,Nc1ccc2c(n1)[nH]c1ccccc12,1
official_v15_4029,CC1(C)Cc2ncccc2-c2nc(N)sc21,1
official_v15_4030,Nc1nc2c(s1)CCc1ncccc1-2,1
official_v15_4031,c1cnc2c(c1)-c1ncsc1CC2,0
official_v15_4032,O=C(CCc1ccc(O)cc1)c1c(O)cc(O)cc1O,0
official_v15_4033,CN(C)[C@@H]1C(=O)C(C(N)=O)=C(O)[C@@]2(O)C(O)=C3C(=O)c4c(O)cccc4[C@@](C)(O)[C@H]3C[C@H]12,0
official_v15_4034,CN(C)[C@H]1C(=O)C(C(N)=O)=C(O)[C@]2(O)C(O)=C3C(=O)c4c(O)cccc4[C@](C)(O)[C@H]3[C@@H](O)[C@@H]12,0
official_v15_4035,[O-][n+]1cccc2c1C1OC1C=C2,0
official_v15_4036,NCC1CCC(C(=O)c2ccc(CCC(=O)O)cc2)CC1,0
official_v15_4037,NC[C@H]1CC[C@H](C(=O)c2ccc(CCC(=O)O)cc2)CC1,0
official_v15_4038,OC1C=Cc2c(ccc3cc4c5c(ccc4cc23)C(O)C(O)C=C5)C1O,0
official_v15_4039,ON=C1CCCCC1,1
official_v15_4040,Oc1cc2c(cc1O)[C@H]1c3ccc(O)c(O)c3OC[C@]1(O)C2,0
official_v15_4041,Oc1cc2c(cc1O)C1c3ccc(O)c(O)c3OCC1(O)C2,0
official_v15_4042,C=CCN(CC=C)C1c2ccccc2-c2ccccc2C1N1C2c3ccccc3-c3ccccc3C21,0
official_v15_4043,O=C(n1ccnc1)n1ccnc1,0
official_v15_4044,C[N@+]1([O-])CCC[C@@H]1c1cccnc1,0
official_v15_4045,C[N+]1([O-])CCCC1c1cccnc1,0
official_v15_4046,CC(=O)C1(O)C=C(OC2CC(N)C(O)C(C)O2)c2c(c(O)c3c(O)c4ccccc4c(O)c3c2O)C1,1
official_v15_4047,O=C1CCC(N2C(=O)c3ccccc3C2=O)C(=O)N1,0
official_v15_4048,COc1cccc2c1C(=O)c1c(O)c3c(c(O)c1C2=O)C[C@@](O)(/C(C)=N/NC(=O)c1ccccc1)C[C@@H]3O[C@H]1C[C@H](N)[C@H](O)[C@H](C)O1,1
official_v15_4049,CN1CCC=C2c3nc(N)sc3CCC21,1
official_v15_4050,C=CCN1CCC=C2c3nc(NC(C)=O)sc3CCC21,0
official_v15_4051,c1ccc2c(c1)-c1ccc3ccccc3c1C1OC21,1
official_v15_4052,CC1C=C(C=O)C(C=O)C(O)C2CC(C)(C)CC12,0
official_v15_4053,N=C1CCC(=N)c2c1c(O)c1ccccc1c2O,1
official_v15_4054,O=C(O)c1cc(=O)c2c(OCC(O)COc3cccc4oc(C(=O)O)cc(=O)c34)cccc2o1,0
official_v15_4055,OC(c1ccc(Cl)cc1)(c1ccc(Cl)cc1)C1CC1,0
official_v15_4056,c1cnc2c(c1)ccc1c3cccnc3ccc12,1
official_v15_4057,c1ccc2c(c1)cc1ccc3cccc4c5ccccc5c2c1c34,1
official_v15_4058,ClCc1cc2cccc3ccc4cc5ccccc5c1c4c32,1
official_v15_4059,O=[N+]([O-])c1ccc2ccc3c4ccccc4c([N+](=O)[O-])c4ccc1c2c43,1
official_v15_4060,O=[N+]([O-])c1ccc2ccc3c4ccccc4cc4ccc1c2c43,1
official_v15_4061,CC(=O)OCc1c2ccccc2c2ccc3cccc4ccc1c2c43,1
official_v15_4062,O=S(=O)(O)OCc1c2ccccc2c2ccc3cccc4ccc1c2c43,1
official_v15_4063,ClCc1cc2cc3ccccc3c3ccc4cccc1c4c23,1
official_v15_4064,Cc1ccc2ccc3cc4ccccc4c4ccc1c2c34,1
official_v15_4065,Cc1ccc2c(c1)cc1ccc3cccc4ccc2c1c34,1
official_v15_4066,Oc1c2ccccc2c2ccc3cccc4ccc1c2c43,1
official_v15_4067,Cc1cc2cccc3ccc4cc5ccccc5c1c4c32,1
official_v15_4068,Cc1cc2cccc3ccc4c5ccccc5cc1c4c32,1
official_v15_4069,Cc1cc2cc3ccccc3c3ccc4cccc1c4c23,1
official_v15_4070,Oc1ccc2ccc3cc4ccccc4c4ccc1c2c34,1
official_v15_4071,Cc1ccc2cc3ccc4cccc5ccc(c2c1)c3c45,1
official_v15_4072,O=S(=O)(O)Oc1c2ccccc2c2ccc3cccc4ccc1c2c43,0
official_v15_4073,Cc1ccc2ccc3c4ccccc4cc4ccc1c2c43,1
official_v15_4074,O=[N+]([O-])c1ccc2ccc3c([N+](=O)[O-])c4ccccc4c4ccc1c2c34,1
official_v15_4075,O=[N+]([O-])c1cc2ccc3cc4ccccc4c4ccc(c1)c2c34,1
official_v15_4076,OCc1cc2c3ccccc3cc3ccc4cccc1c4c32,0
official_v15_4077,Oc1cc2ccc3cc4ccccc4c4ccc(c1)c2c34,1
official_v15_4078,O=Nc1ccc2ccc3cc4ccccc4c4ccc1c2c34,1
official_v15_4079,Cc1cccc2c1cc1ccc3cccc4ccc2c1c34,1
official_v15_4080,Nc1ccc2ccc3cc4ccccc4c4ccc1c2c34,1
official_v15_4081,Oc1cc2c3ccccc3cc3ccc4cccc1c4c32,1
official_v15_4082,O=Nc1ccc2ccc3c4ccccc4cc4ccc1c2c43,1
official_v15_4083,Cc1cccc2cc3ccc4cccc5ccc(c12)c3c45,1
official_v15_4084,Oc1ccc2c(c1)cc1ccc3cccc4ccc2c1c34,1
official_v15_4085,OCc1cc2cccc3ccc4cc5ccccc5c1c4c32,0
official_v15_4086,O=S(=O)(O)Oc1ccc2ccc3cc4ccccc4c4ccc1c2c34,1
official_v15_4087,O=S(=O)(O)Oc1ccc2ccc3c4ccccc4cc4ccc1c2c43,0
official_v15_4088,Oc1cc2cccc3ccc4c5ccccc5cc1c4c32,1
official_v15_4089,ClCc1c2ccccc2c2ccc3cccc4ccc1c2c43,0
official_v15_4090,ClCc1ccc2ccc3cc4ccccc4c4ccc1c2c34,0
official_v15_4091,ClCc1cccc2cc3ccc4cccc5ccc(c12)c3c45,1
official_v15_4092,c1ccc2c(c1)cc1ccc3cccc4ccc2c1c34,1
official_v15_4093,O=S(=O)(O)Oc1cccc2c1cc1ccc3cccc4ccc2c1c34,0
official_v15_4094,Oc1ccc2cc3ccc4cccc5ccc(c2c1)c3c45,1
official_v15_4095,Cc1cc2ccc3cc4ccccc4c4ccc(c1)c2c34,1
official_v15_4096,Oc1cc2cc3ccccc3c3ccc4cccc1c4c23,1
official_v15_4097,O=Nc1c2ccccc2c2ccc3cccc4ccc1c2c43,1
official_v15_4098,O=S(=O)(O)Oc1ccc2cc3ccc4cccc5ccc(c2c1)c3c45,0
official_v15_4099,Oc1ccc2ccc3c4ccccc4cc4ccc1c2c43,1
official_v15_4100,BrCc1c2ccccc2c2ccc3cccc4ccc1c2c43,1
official_v15_4101,O=[N+]([O-])c1c2ccccc2c2ccc3cccc4ccc1c2c43,1
official_v15_4102,O=[N+]([O-])c1ccc2ccc3cc4ccccc4c4ccc1c2c34,1
official_v15_4103,OCc1c2ccccc2c2ccc3cccc4ccc1c2c43,1
official_v15_4104,Cc1cc2c3ccccc3cc3ccc4cccc1c4c32,1
official_v15_4105,ClCc1cc2c3ccccc3cc3ccc4cccc1c4c32,1
official_v15_4106,Cc1c2ccccc2c2ccc3cccc4ccc1c2c43,1
official_v15_4107,Nc1ccc2ccc3c4ccccc4cc4ccc1c2c43,1
official_v15_4108,ClCc1cc2cccc3ccc4c5ccccc5cc1c4c32,1
official_v15_4109,OC1c2ccc3ccc4c5ccccc5ccc4c3c2C2OC2C1O,1
official_v15_4110,O=C(NC(=O)c1c(F)cccc1F)Nc1ccc(Cl)cc1,0
official_v15_4111,CC(C)CCCC(C)C1CCC2C3C=CC4(OO)CC(O)CCC4(C)C3CCC12C,1
official_v15_4112,NC(=O)C1(C(N)=O)O[C@H]1C(=O)c1ccccc1,1
official_v15_4113,NC(=O)C1(C(N)=O)OC1C(=O)c1ccccc1,1
official_v15_4114,COc1ccc2cc([N+](=O)[O-])c3ccc(=O)oc3c2c1,1
official_v15_4115,O=C1CC2SCC=CN12,0
official_v15_4116,c1ccc2cc3c(cc2c1)c1c(c2ccccc23)O1,1
official_v15_4117,O=S1(=O)CCCO1,1
official_v15_4118,O=C1CC(=O)C1=O,0
official_v15_4119,O=C1C(=O)C(O)C1=O,0
official_v15_4120,Cc1coc2c1CCC(C)C2,0
official_v15_4121,CN(C)c1ccc(C(=C2C=CC(=[N+](C)C)C=C2)c2ccc(N(C)C)cc2)cc1,0
official_v15_4122,CCN(CC)c1ccc(C(=C2C=CC(=[N+](CC)CC)C=C2)c2ccc(N(CC)CC)cc2)cc1,1
official_v15_4123,CN(C)c1ccc(C(=C2C=CC(=[N+](C)C)C=C2)c2ccccc2)cc1,0
official_v15_4124,CCN(CC)c1ccc(C(=C2C=CC(=[N+](CC)CC)C=C2)c2ccccc2)cc1,1
official_v15_4125,CNc1ccc(C(=C2C=CC(=[N+](C)C)C=C2)c2ccc(N(C)C)cc2)cc1,1
official_v15_4126,c1ccc(-c2ccc(OCC3CO3)cc2)cc1,1
official_v15_4127,O=C1OC2(c3ccc(O)cc3Oc3cc(O)ccc32)c2ccccc21,0
official_v15_4128,c1cnc2ccc3c(c2c1)C1OC1CC3,1
official_v15_4129,OC1c2ccc3ncccc3c2C2OC2C1O,0
official_v15_4130,CCN(CC)c1ccc2cc(-c3nc4ccccc4n3C)c(=O)oc2c1,0
official_v15_4131,C1CCNC1,0
official_v15_4132,O=NN1C[C@@H](Cl)[C@H](Cl)C1,1
official_v15_4133,CC1(C)CC(C(N)=O)C(C)(C)N1O,0
official_v15_4134,CC1(C)CC(C(=O)NCCCCCCCCCCCC(=O)O)C(C)(C)N1O,0
official_v15_4135,O=NN1CCC(O)C1,1
official_v15_4136,CC1(C)CC(C(=O)O)C(C)(C)N1O,0
official_v15_4137,O=NN1CCCC1,1
official_v15_4138,O=NN1CC[C@@H](O)C1,1
official_v15_4139,CC(=O)N1CCC[C@H]1C(=O)N(CC(=O)O)N=O,1
official_v15_4140,O=NN1CC(Cl)C(Cl)C1,1
official_v15_4141,CC(=O)N1CCCC1C(=O)N(CC(=O)O)N=O,1
official_v15_4142,COc1cc2c(c3oc(=O)c4c(c13)CCC4=O)C1C(O2)OC2OC21,1
official_v15_4143,COc1cc2c(c3oc(=O)c4c(c13)CCC4=O)C1(C)C3OC3OC1(C)O2,0
official_v15_4144,CC(C)n1c(C=CC(O)CC(O)CC(=O)O)c(-c2ccc(F)cc2)c2ccccc21,0
official_v15_4145,CC(C)n1c(/C=C/[C@H](O)C[C@@H](O)CC(=O)O)c(-c2ccc(F)cc2)c2ccccc21,0
official_v15_4146,O=C(OC1CCCCC1)c1ccccc1C(=O)OC1CCCCC1,0
official_v15_4147,Cc1c(-c2cnccn2)ssc1=S,0
official_v15_4148,CC(C)Oc1ccc(Nc2ccccc2)cc1,0
official_v15_4149,O=NN(c1ccccc1)c1ccccc1,0
official_v15_4150,O=[N+]([O-])c1ccc(Nc2ccc(O)cc2)c([N+](=O)[O-])c1,1
official_v15_4151,CNC(=O)N(c1ccccc1)c1ccccc1,0
official_v15_4152,c1ccc(Nc2ccccc2)cc1,0
official_v15_4153,O=C(O)Cc1ccccc1Nc1c(Cl)cccc1Cl,0
official_v15_4154,O=[N+]([O-])c1ccc(Nc2ccc(Cl)cc2)cc1,1
official_v15_4155,O=[N+]([O-])c1ccc(Nc2ccc(N=C=S)cc2)cc1,0
official_v15_4156,O=Nc1ccc(Nc2ccccc2)cc1,1
official_v15_4157,NC(=O)N(c1ccccc1)c1ccccc1,0
official_v15_4158,O=C(O)c1ccccc1Nc1cc(Cl)ccc1C(=O)O,0
official_v15_4159,Nc1ccc(Nc2ccccc2)cc1,0
official_v15_4160,O=[N+]([O-])c1ccc(Nc2ccccc2O)c([N+](=O)[O-])c1,1
official_v15_4161,Cc1cc(Nc2ccc(O)cc2)ccc1N,1
official_v15_4162,CC(C)CC(C)Nc1ccc(Nc2ccccc2)cc1,0
official_v15_4163,Oc1cccc(Nc2ccccc2)c1,0
official_v15_4164,NC(=O)N(c1ccccc1)c1ccc(C(=O)O)cc1,1
official_v15_4165,O=[N+]([O-])c1ccccc1Nc1ccccc1,0
official_v15_4166,O=C(O)c1ccccc1Nc1cccc(C(F)(F)F)c1,0
official_v15_4167,Cc1ccc(Nc2ccc([N+](=O)[O-])cc2)cc1,1
official_v15_4168,O=[N+]([O-])c1cc([N+](=O)[O-])c(Nc2c([N+](=O)[O-])cc([N+](=O)[O-])cc2[N+](=O)[O-])c([N+](=O)[O-])c1,1
official_v15_4169,CC(C)C[C@@H](C)Nc1ccc(Nc2ccccc2)cc1,0
official_v15_4170,CC(=O)Nc1ccc(Nc2ccc([N+](=O)[O-])cc2)cc1,1
official_v15_4171,Cc1ccc(N(N)c2ccc(C)cc2)cc1,1
official_v15_4172,CC(C)Nc1ccc(Nc2ccccc2)cc1,0
official_v15_4173,COc1ccc(Nc2ccc(OC)cc2)cc1,0
official_v15_4174,O=[N+]([O-])c1ccc(Nc2ccccc2)cc1,0
official_v15_4175,Nc1ccc(Nc2ccc([N+](=O)[O-])cc2)cc1,1
official_v15_4176,CCCCCCCCc1ccc(Nc2ccc(CCCCCCCC)cc2)cc1,0
official_v15_4177,NN(c1ccccc1)c1ccccc1,0
official_v15_4178,c1cc2sncc2cc1OCC1CO1,1
official_v15_4179,COc1nsc2ccc(OCC3CO3)cc12,1
official_v15_4180,c1cc2sncc2cc1OC[C@H]1CO1,1
official_v15_4181,CS(=O)(=O)OCCc1ccc(OCc2ccccc2)cc1,1
official_v15_4182,ICCc1ccc(OCc2ccccc2)cc1,1
official_v15_4183,O=[N+]([O-])c1ccc(COc2ccccc2)cc1,0
official_v15_4184,O=C1C(=O)C(c2ccc(O)c(O)c2)Oc2cc(O)cc(O)c21,1
official_v15_4185,COc1cc(C2Oc3cc(O)cc(O)c3C(=O)C2=O)ccc1O,0
official_v15_4186,O=C1C(=O)C(c2ccccc2)Oc2cc(O)cc(O)c21,0
official_v15_4187,O=C1C(=O)C(c2ccc(O)cc2)Oc2cc(O)cc(O)c21,1
official_v15_4188,COc1cc(O)c2c(c1)OC(c1ccc(O)c(O)c1)C(=O)C2=O,1
official_v15_4189,CCC12OC1O2,1
official_v15_4190,CCN(CCCl)c1ccc(CCCNc2c3ccccc3nc3ccccc23)cc1,1
official_v15_4191,Oc1[nH]cnc2nncc1-2,0
official_v15_4192,COC1=CC(=O)c2c3nc4ccncc4c-3c[nH]c2C1=O,1
official_v15_4193,Nc1cc2nc3ccccc3nc2cc1N,1
official_v15_4194,Nc1cccc2nc3ccccc3nc12,1
official_v15_4195,Nc1ccc2nc3ccccc3nc2c1,1
official_v15_4196,O=[N+]([O-])c1cccc2nc3cccc([N+](=O)[O-])c3nc12,1
official_v15_4197,Nc1ccc2nc3c(N)cccc3nc2c1,1
official_v15_4198,Nc1ccc2nc3ccc(N)cc3nc2c1,1
official_v15_4199,COc1cc2nc3cc(N)c(OC)cc3nc2cc1N,1
official_v15_4200,Cc1cc2nc3ccc(C)c(N)c3nc2cc1N,1
official_v15_4201,O=[N+]([O-])c1ccc2nc3c([N+](=O)[O-])cccc3nc2c1,1
official_v15_4202,Nc1ccc2nc3cc(N)ccc3nc2c1,1
official_v15_4203,Nc1cccc2nc3c(N)cccc3nc12,1
official_v15_4204,O=[N+]([O-])c1ccc2nc3cc([N+](=O)[O-])ccc3nc2c1,1
official_v15_4205,O=[N+]([O-])c1ccc2nc3ccc([N+](=O)[O-])cc3nc2c1,1
official_v15_4206,O=[N+]([O-])c1cccc2nc3c([N+](=O)[O-])cccc3nc12,0
official_v15_4207,Cc1cc2nc3ccc(N(C)C)cc3nc2cc1N,1
official_v15_4208,COc1cc2nc3cc(N)ccc3nc2cc1N,1
official_v15_4209,O=[N+]([O-])c1cccc2nc3ccccc3nc12,1
official_v15_4210,Nc1cc2nc3ccccc3nc2cc1O,1
official_v15_4211,Nc1cccc2nc3cccc(N)c3nc12,0
official_v15_4212,Nc1cc2nc3ccc(Cl)cc3nc2cc1N,1
official_v15_4213,O=[N+]([O-])c1ccc2nc3ccccc3nc2c1,1
official_v15_4214,CN(C)CCNC(=O)c1cccc2nc3ccccc3nc12,1
official_v15_4215,BrCc1c2cccc3ccc4cc5cccc6ccc1c(c65)c4c32,1
official_v15_4216,c1cc2ccc3cc4cccc5ccc6cc(c1)c2c3c6c54,1
official_v15_4217,CC(=O)OCc1c2cccc3ccc4cc5cccc6ccc1c(c65)c4c32,1
official_v15_4218,C=C1C(=O)OC2CC(C)C3C=CC(=O)C3(C)C(O)C12,0
official_v15_4219,C=C1C(=O)O[C@@H]2C[C@@H](C)[C@@H]3C=CC(=O)[C@]3(C)[C@@H](O)[C@H]12,0
official_v15_4220,Cc1nn(C)c(N)c1C(=O)c1ccccc1F,1
official_v15_4221,CC(C)N1C(=O)c2ccccc2NS1(=O)=O,0
official_v15_4222,O=C1c2ccccc2C(=O)c2c1cc(OC1COC(OCC3OC(O)C(O)C(O)C3O)C(O)C1O)c(CO)c2O,1
official_v15_4223,O=[N+]([O-])c1ccccc1/C=C/c1ccccn1,1
official_v15_4224,CCN1CCNC(=O)C1=O,0
official_v15_4225,SCCc1cnccn1,0
official_v15_4226,Cc1cncc(C)n1,1
official_v15_4227,c1cnccn1,0
official_v15_4228,Cc1nccnc1C,0
official_v15_4229,Cc1cnc(C)c(C)n1,0
official_v15_4230,N=C(N)NC(=O)c1nc(Cl)c(N)nc1N,1
official_v15_4231,NC(=O)c1cnccn1,0
official_v15_4232,CCc1cnccn1,0
official_v15_4233,Cc1cnc(C)cn1,0
official_v15_4234,Cc1cnccn1,0
official_v15_4235,C1=Cc2cc3cccc4ccc5ccc1c2c5c43,1
official_v15_4236,O=[N+]([O-])C1=Cc2ccc3ccc4cccc5cc1c2c3c45,1
official_v15_4237,Cc1cc(C)nc(NS(=O)(=O)c2ccc(N)cc2)n1,0
official_v15_4238,c1ccc(Cc2ccccc2OCC2CO2)cc1,1
official_v15_4239,CC(CCC(=O)O)C1CCC2C3CCC4CC(O)CCC4(C)C3CC(=O)C12C,0
official_v15_4240,CN(C)CCCN1C=CN(C)C1/C=N/O,0
official_v15_4241,CN1C=CN(COCCC(C)(C)[N+](=O)[O-])C1/C=N/O,0
official_v15_4242,CN(C)CCN1C=CN(C)C1/C=N/O,0
official_v15_4243,CCC(CCOCN1C=CN(C)C1/C=N/O)[N+](=O)[O-],0
official_v15_4244,CN1C=CN(CCS(C)(=O)=O)C1/C=N/O,0
official_v15_4245,CCCCCCCCSCN1C=CN(C)C1,0
official_v15_4246,C#CCOCCN1C=CN(C)C1/C=N/O,0
official_v15_4247,O=NN(Cc1ccccc1)Cc1ccccc1,0
official_v15_4248,NN(Cc1ccccc1)Cc1ccccc1,0
official_v15_4249,CCN=c1cc2oc3cc(NCC)c(C)cc3c(-c3ccccc3C(=O)OCC)c-2cc1C,0
official_v15_4250,N=c1ccc2c(-c3ccccc3C(=O)O)c3ccc(N)cc3oc-2c1,0
official_v15_4251,CC/N=c1\cc2oc3cc(NCC)c(C)cc3c(-c3ccccc3C(=O)OC)c-2cc1C,0
official_v15_4252,c1ccc2c(c1)-c1ccccc1C1C2N1C1CCCCC1,1
official_v15_4253,CNC(=O)Oc1ccc2c(c1)C1(C)CCN(C)C1N2C,0
official_v15_4254,COc1ccc2c(ccc3c4c(ccc32)C(C)=CC4)c1,1
official_v15_4255,CC1=CCc2c1cc(C)c1c2ccc2ccccc21,1
official_v15_4256,Nc1ccccc1C(=O)OCCc1ccccc1,0
official_v15_4257,O=C(N/N=C/c1ccc([N+](=O)[O-])o1)c1ccc(O)cc1,1
official_v15_4258,OP1(N(CCCl)CCCl)=NCCCO1,1
official_v15_4259,O=c1ccc2cc3ccoc3cc2o1,0
official_v15_4260,COc1c2occc2cc2ccc(=O)oc12,1
official_v15_4261,COc1c2ccoc2cc2oc(=O)ccc12,1
official_v15_4262,COc1c2ccoc2c(OC)c2oc(=O)ccc12,0
official_v15_4263,CC(C)=CCOc1c2occc2cc2ccc(=O)oc12,1
official_v15_4264,CC(C)=CCc1ccc(O)c2c(=O)c3c(O)c4c(cc3oc12)OC1OC=CC41O,1
official_v15_4265,COc1c(Cl)ccc2oc3cc4c(c(OC)c3c(=O)c12)C1C=COC1O4,1
official_v15_4266,COc1c2c(cc3oc4c(CCC(C)(C)O)ccc(O)c4c(=O)c13)O[C@@H]1OC=C[C@@H]21,1
official_v15_4267,O=c1c2c(O)cccc2oc2cc3c(c(O)c12)C1C=COC1O3,0
official_v15_4268,CC(C)(O)CCc1ccc(O)c2c(=O)c3c(O)c4c(cc3oc12)OC1OC=CC41O,1
official_v15_4269,COc1c2c(cc3oc4c(CCC(C)(C)O)ccc(O)c4c(=O)c13)OC1OC=CC21,1
official_v15_4270,CC(C)(O)CCc1ccc(O)c2c(=O)c3c(O)c4c(cc3oc12)OC1OC=CC41,1
official_v15_4271,C(=N/N1Cc2[nH]c3ccccc3c2N=N1)\c1ccc(Oc2ccccc2)cc1,0
official_v15_4272,O=[N+]([O-])c1ccc2c3c4c(cccc4c4ccccc4c13)C(O)C2O,1
official_v15_4273,c1ccc2c(OCC3CO3)cccc2c1,1
official_v15_4274,CC1=Cc2nc3c(ccc4ccccc43)c(C)c2C(O)C1O,1
official_v15_4275,OC1c2ccc3ccc4ccccc4c3c2C2OC2C1O,1
official_v15_4276,c1ccc(CSSCc2ccccc2)cc1,1
official_v15_4277,NC(=O)/C(=C\c1ccc([N+](=O)[O-])o1)c1ccco1,1
official_v15_4278,c1cc2c3c(c1)cc1ccc4cccc5cc(c3c1c45)CC2,1
official_v15_4279,OC1C=Cc2ccc3cc4c(ccc5ccccc54)cc3c2C1O,1
official_v15_4280,O=C(c1ccc2c(c1)OCO2)C1CO1,1
official_v15_4281,O=C(c1ccc2c(c1)OCO2)[C@@H]1CO1,1
official_v15_4282,N/N=C1\N=NC=C2C=CC=C[C@@H]21,1
official_v15_4283,c1ccc2c(CC3CO3)cccc2c1,1
official_v15_4284,[O-][n+]1cc2ccncc2cn1,0
official_v15_4285,CC1(C)CC(C(=O)NC(CO)C(O)CO)C(C)(C)[N+]1=O,0
official_v15_4286,O=S1(=O)CCCCO1,1
official_v15_4287,CN(C)c1ccc(N=Nc2ccc3ccccc3c2)cc1,1
official_v15_4288,Cc1cc(C)c(S(=O)(=O)O)cc1N=Nc1cc(S(=O)(=O)O)c2ccccc2c1O,0
official_v15_4289,Cc1cc(C)c(N=Nc2cc(S(=O)(=O)O)c3ccccc3c2O)c(S(=O)(=O)O)c1,0
official_v15_4290,Nc1cc(S(=O)(=O)O)cc2cc(S(=O)(=O)O)c(N=Nc3ccccc3)c(O)c12,0
official_v15_4291,COc1ccc2c(OC)c3c(nc2c1OC)OCC3,1
official_v15_4292,O=C(Nc1cccc2c(=O)c3c(ccc4c5cc(NC(=O)c6ccccc6)c6c(=O)c7ccccc7c(=O)c6c5[nH]c43)c(=O)c12)c1ccccc1,0
official_v15_4293,CS(=O)CCC(=O)N1C(C(=O)O)CSC1c1ccccc1O,0
official_v15_4294,CSCCC(=O)N1C(C(=O)O)CSC1c1ccccc1O,0
official_v15_4295,O=C(O)C1CSC(c2ccccc2O)N1C(=O)CCS,0
official_v15_4296,CC1CCC(C(C)C)C(OC(=O)c2ccccc2N)C1,0
official_v15_4297,Nc1ccccc1C(=O)OC1CCCCC1,0
official_v15_4298,CC1CC(OC(=O)c2ccccc2O)CC(C)(C)C1,0
official_v15_4299,C[C@H]1C[C@@H](OC(=O)c2ccccc2O)CC(C)(C)C1,0
official_v15_4300,CCCCOC(=O)c1ccccc1C(=O)OC1CCCCC1,0
official_v15_4301,O=C(C1CCCCC1)N1CC(=O)N2CCc3ccccc3[C@H]2C1,0
official_v15_4302,O=C(C1CCCCC1)N1CC(=O)N2CCc3ccccc3C2C1,0
official_v15_4303,O=c1oc2cc(-n3nc4ccc5ccccc5c4n3)ccc2cc1-c1ccccc1,0
official_v15_4304,CC(C)NC[C@@H]1CCc2cc(CO)c([N+](=O)[O-])cc2N1,1
official_v15_4305,CC(C)NCC1CCc2cc(CO)c([N+](=O)[O-])cc2N1,1
official_v15_4306,CC(=O)OC1C(=O)OC2C(OC(C)=O)C(=O)OC12,0
official_v15_4307,C1CCC2OCCOCCOCCOCCOC3CCCCC3OCCOCCOCCOCCOC2C1,0
official_v15_4308,CC1(C)S[C@@H]2[C@@H](NC(=O)[C@@H](N)c3ccccc3)C(=O)N2[C@H]1C(=O)O,0
official_v15_4309,CC1(C)SC2C(NC(=O)Cc3ccccc3)C(=O)N2C1C(=O)O,0
official_v15_4310,CC1(C)S[C@@H]2[C@@H](NC(=O)Cc3ccccc3)C(=O)N2[C@H]1C(=O)O,0
official_v15_4311,CC1(C)SC2C(NC(=O)C(N)c3ccccc3)C(=O)N2C1C(=O)O,0
official_v15_4312,CNC(=O)CC(N)C(=O)NC(C(=O)NC1C(=O)N2C1SC(C)(C)C2C(=O)O)c1ccc(O)cc1,0
official_v15_4313,CC1CC23CCC4C(C)(C(=O)O)CCCC4(C)C2CCC1(O)C3,0
official_v15_4314,c1cc2c(cc1C[C@@H]1CO1)OCO2,1
official_v15_4315,CC(=O)OC(c1ccc2c(c1)OCO2)C1CO1,1
official_v15_4316,OC(c1ccc2c(c1)OCO2)C1CO1,1
official_v15_4317,CC(=O)O[C@@H](c1ccc2c(c1)OCO2)[C@@H]1CO1,1
official_v15_4318,O[C@@H](c1ccc2c(c1)OCO2)[C@@H]1CO1,1
official_v15_4319,c1cc2c(cc1CC1CO1)OCO2,1
official_v15_4320,CN(c1nccc(O)n1)C1CCN(c2nc3ccccc3n2Cc2ccc(F)cc2)CC1,0
official_v15_4321,CN1C=CN(CCC[n+]2ccc(C(N)=O)cc2)C1/C=N/O,0
official_v15_4322,C[C@@H]1COc2c(N3CCN(C)CC3)c(F)c(C(=O)O)c3c(=O)ccn1c23,1
official_v15_4323,CC1COc2c(N3CCN(C)CC3)c(F)c(C(=O)O)c3c(=O)ccn1c23,1
official_v15_4324,CC1COc2c(N3CCN(C)CC3)c(F)cc3c(=O)c(C(=O)O)cn1c23,0
official_v15_4325,COc1ccc2c(c1)-c1nccc3cc(OC)c(O)c(c13)C2=O,1
official_v15_4326,COc1ccc2c(c1)-c1nccc3cc(OC)c(OC)c(c13)C2=O,1
official_v15_4327,COc1ccc2c(c1)C(=O)c1c(OC)c(OC)cc3ccnc-2c13,1
official_v15_4328,Oc1cccc2c3cc4ccccc4cc3c3ccccc3c12,1
official_v15_4329,c1ccc2cc3c4ccccc4c4ccccc4c3cc2c1,1
official_v15_4330,Oc1ccc2c3ccccc3c3cc4ccccc4cc3c2c1,1
official_v15_4331,Oc1cccc2cc3c4ccccc4c4ccccc4c3cc12,1
official_v15_4332,Oc1cccc2c3ccccc3c3cc4ccccc4cc3c12,0
official_v15_4333,Oc1ccc2cc3c4ccccc4c4ccccc4c3cc2c1,1
official_v15_4334,Oc1ccc2c(c1)c1ccccc1c1cc3ccccc3cc21,1
official_v15_4335,ClCC1(C(Cl)Cl)C2C(Cl)C(Cl)C1(C(Cl)Cl)C(Cl)C2Cl,0
official_v15_4336,CC1(C)C2CCC1(C)C(O)C2,0
official_v15_4337,ClCC1(C(Cl)Cl)C2CC(Cl)(Cl)C1(CCl)C(Cl)C2Cl,1
official_v15_4338,ClCC1(CCl)C2CC(Cl)(Cl)C1(CCl)C(Cl)C2Cl,0
official_v15_4339,CC1(O)CC2CCC1(C)C2(C)C,0
official_v15_4340,ClCC1(C(Cl)Cl)C2CC(Cl)(Cl)C1(C(Cl)Cl)CC2(Cl)Cl,0
official_v15_4341,CC1(C(Cl)Cl)C2C(Cl)C(Cl)C1(C(Cl)Cl)C(Cl)C2Cl,0
official_v15_4342,ClC[C@]1(C(Cl)Cl)[C@@H]2CC(Cl)(Cl)[C@@]1(CCl)[C@H](Cl)[C@@H]2Cl,1
official_v15_4343,O=C1c2ccc3ccccc3c2-c2c1ccc1ccccc21,1
official_v15_4344,O=c1[nH][nH]c(=O)c2ccccc12,0
official_v15_4345,O=c1[nH][nH]c(=O)c2cc([N+](=O)[O-])ccc12,1
official_v15_4346,O=C(O)c1cc(N=Nc2ccc(-c3ccc(N=Nc4ccc(N=Nc5ccc(O)c(C(=O)O)c5)c5cc(S(=O)(=O)O)ccc45)cc3)cc2)ccc1O,1
official_v15_4347,COC(=O)[C@]12O[C@@]1(C)[C@H](C(C)C)OC2=O,1
official_v15_4348,COC(=O)C12OC1(C)C(C)(O)OC2=O,1
official_v15_4349,COC(=O)[C@]12O[C@@]1(C)[C@@](C)(O)OC2=O,1
official_v15_4350,COC(=O)C12OC1(C)C(C)OC2=O,1
official_v15_4351,CC[C@@]12O[C@]1(C(=O)OC)C(=O)O[C@H]2C,1
official_v15_4352,COC(=O)C12OC1(C)C(C(C)C)OC2=O,1
official_v15_4353,CCC12OC1(C(=O)OC)C(=O)OC2C,1
official_v15_4354,Cc1cc(N)sn1,1
official_v15_4355,O=c1c2ccccc2c(=O)c2c1ccc1c2[nH]c2c3c(=O)c4ccccc4c(=O)c3c3[nH]c4c(ccc5c(=O)c6ccccc6c(=O)c54)c3c12,0
official_v15_4356,CN(CCC#N)c1ccc(N=Nc2ccc3ncsc3c2)cc1,1
official_v15_4357,CNc1ccc(N=Nc2ccc3ncsc3c2)cc1,1
official_v15_4358,CN(C)c1ccc(N=Nc2ccc3ncsc3c2)cc1,1
official_v15_4359,O=[N+]([O-])c1ccc2ccc3ccc([N+](=O)[O-])c4ccc1c2c34,1
official_v15_4360,O=Nc1ccc2ccc3c([N+](=O)[O-])ccc4ccc1c2c43,1
official_v15_4361,OCc1cc2ccc3cccc4ccc(c1)c2c34,1
official_v15_4362,O=[N+]([O-])c1ccc2c(O)cc3cccc4ccc1c2c43,1
official_v15_4363,Cc1ccc2ccc3cccc4ccc1c2c34,1
official_v15_4364,O=[N+]([O-])c1ccc2ccc3c([N+](=O)[O-])ccc4ccc1c2c43,1
official_v15_4365,CC(O)c1ccc2ccc3cccc4ccc1c2c34,1
official_v15_4366,CC(=O)N(O)c1ccc2ccc3cccc4ccc1c2c34,1
official_v15_4367,c1cc2ccc3cccc4ccc(c1)c2c34,1
official_v15_4368,O=[N+]([O-])c1ccc2ccc3cccc4cc(O)c1c2c34,1
official_v15_4369,O=[N+]([O-])c1ccc2ccc3cccc4c(O)cc1c2c34,1
official_v15_4370,O=[N+]([O-])c1cc2cccc3ccc4cccc1c4c32,1
official_v15_4371,Nc1cc2cccc3ccc4cccc1c4c32,1
official_v15_4372,O=[N+]([O-])c1cc([N+](=O)[O-])c2ccc3cccc4ccc1c2c43,1
official_v15_4373,O=[N+]([O-])c1ccc2ccc3c(O)ccc4ccc1c2c43,1
official_v15_4374,Nc1ccc2ccc3cccc4ccc1c2c34,1
official_v15_4375,O=[N+]([O-])c1ccc2cc(O)c3cccc4ccc1c2c43,1
official_v15_4376,O=[N+]([O-])c1ccc2ccc3ccc(O)c4ccc1c2c34,1
official_v15_4377,Clc1ccc2ccc3cccc4ccc1c2c34,1
official_v15_4378,CC(=O)OCc1ccc2ccc3cccc4ccc1c2c34,1
official_v15_4379,CC(O)c1cc2ccc3cccc4ccc(c1)c2c34,1
official_v15_4380,CC(=O)Nc1ccc2ccc3c(O)ccc4ccc1c2c43,1
official_v15_4381,C[C@@H](O)c1cc2ccc3cccc4ccc(c1)c2c34,1
official_v15_4382,CC(=O)Nc1cc(O)c2ccc3cccc4ccc1c2c34,1
official_v15_4383,ClCc1ccc2ccc3cccc4ccc1c2c34,1
official_v15_4384,CC(=O)Nc1ccc2ccc3ccc(O)c4ccc1c2c34,1
official_v15_4385,CC(=O)Nc1ccc2ccc3cccc4ccc1c2c34,1
official_v15_4386,O=Nc1ccc2ccc3cccc4ccc1c2c34,1
official_v15_4387,O=S(=O)(O)c1ccc2ccc3cccc4ccc1c2c34,1
official_v15_4388,O=[N+]([O-])c1ccc2ccc3cccc4ccc1c2c34,1
official_v15_4389,OCc1ccc2ccc3cccc4ccc1c2c34,1
official_v15_4390,Nc1cc2ccc3cccc4ccc(c1)c2c34,1
official_v15_4391,CC(=O)Oc1cc([N+](=O)[O-])c2ccc3cccc4ccc1c2c43,1
official_v15_4392,O=S(=O)(O)OCc1ccc2ccc3cccc4ccc1c2c34,1
official_v15_4393,O=[N+]([O-])c1cc2ccc3cccc4ccc(c1)c2c34,1
official_v15_4394,O=[N+]([O-])c1cc2ccc3cccc4ccc(c1O)c2c34,1
official_v15_4395,O=Nc1ccc2ccc3ccc([N+](=O)[O-])c4ccc1c2c34,1
official_v15_4396,C[C@@H](O)c1ccc2ccc3cccc4ccc1c2c34,1
official_v15_4397,Nc1ccc2ccc3ccc([N+](=O)[O-])c4ccc1c2c34,1
official_v15_4398,O=[N+]([O-])c1cc2ccc3cc([N+](=O)[O-])cc4ccc(c1)c2c34,1
official_v15_4399,O=[N+]([O-])c1cc(O)c2ccc3cccc4ccc1c2c34,1
official_v15_4400,O=Cc1ccc2ccc3cccc4ccc1c2c34,1
official_v15_4401,C[N+]1([O-])CC=C(c2ccccc2)CC1,0
official_v15_4402,C/C=C1/C[C@H](C)[C@](O)(CO)C(=O)OCC2=CC[N@@+]3([O-])CC[C@@H](OC1=O)[C@@H]23,0
official_v15_4403,CC=C1CC(C)C(O)(CO)C(=O)OCC2=CC[N+]3([O-])CCC(OC1=O)C23,0
official_v15_4404,C/C=C1\CC(C)C(C)(O)C(=O)OCC2=CC[N+]3(C)CCC(OC1=O)C23O,1
official_v15_4405,ClC1=C(Cl)C(Cl)(C2(Cl)C(Cl)=C(Cl)C(Cl)=C2Cl)C(Cl)=C1Cl,1
official_v15_4406,CCn1c(N)nc2c3nc(C)cnc3ccc21,1
official_v15_4407,Cc1cnc2c(C)c(C)c3c(nc(N)n3C)c2n1,1
official_v15_4408,Cn1c(NS(=O)(=O)O)nc2c3nc(CO)cnc3ccc21,0
official_v15_4409,Cc1cnc2ccc3c(nc(NS(=O)(=O)O)n3C)c2n1,0
official_v15_4410,Cc1cnc2cc(C)c3c(nc(N)n3C)c2n1,1
official_v15_4411,Cc1cnc2ccc3c(ncn3C)c2n1,0
official_v15_4412,Cc1c(C)c2c(nc(N)n2C)c2nccnc12,1
official_v15_4413,Cc1cc2nccnc2c2nc(N)n(C)c12,1
official_v15_4414,Cc1nc2cc(C)c3c(nc(N)n3C)c2nc1C,1
official_v15_4415,Cc1nc2ccc3c(nc(N)n3C)c2nc1C,1
official_v15_4416,Cc1nc2c(C)cc3c(nc(N)n3C)c2nc1C,1
official_v15_4417,Cc1cnc2c(ccc3c2nc(N)n3C)n1,1
official_v15_4418,Cc1cnc2cc(CO)c3c(nc(N)n3C)c2n1,1
official_v15_4419,Cc1cnc2c(n1)c(C)c(C)c1c2nc(N)n1C,1
official_v15_4420,Cc1cnc2c(n1)c(C)cc1c2nc(N)n1C,1
official_v15_4421,Cc1nc2c(C)c(C)c3c(nc(N)n3C)c2nc1C,1
official_v15_4422,Cc1cnc2ccc3c(nc(NO)n3C)c2n1,1
official_v15_4423,Cc1cc2c(nc(N)n2C)c2nccnc12,1
official_v15_4424,Cc1cnc2c(cc(C)c3c2nc(N)n3C)n1,1
official_v15_4425,CCn1c(N)nc2c3ncc(C)nc3ccc21,1
official_v15_4426,Cc1cnc2c(C)cc3c(nc(N)n3C)c2n1,1
official_v15_4427,Cc1cnc2ccc3c(nc(N)n3C)c2n1,1
official_v15_4428,O=C1c2ccc3nc(-c4ccccc4)sc3c2C(=O)c2ccc3nc(-c4ccccc4)sc3c21,0
official_v15_4429,c1ccc2sc(SN3CCOCC3)nc2c1,0
official_v15_4430,NC(=O)c1ncn(C2OC(CO)C(O)C2O)n1,0
official_v15_4431,NC(=O)c1ncn([C@@H]2O[C@H](CO)[C@@H](O)[C@H]2O)n1,0
official_v15_4432,C[N+]1(C)CCOCC1,0
official_v15_4433,O=P1(Oc2ccccc2)OCc2ccccc2O1,1
official_v15_4434,O=C1COP(=O)(N(CCCl)CCCl)OC1,1
official_v15_4435,CCCCCc1cc(O)c2c(c1)OC(C)(C)C1CCC(C)=CC21,0
official_v15_4436,Oc1ncnc2ccccc12,0
official_v15_4437,COC(=O)C1=C(C)N=C(C)C(=C(O)OCCc2ccc(N3CCN(C(c4ccccc4)c4ccccc4)CC3)cc2)C1c1cccc([N+](=O)[O-])c1,0
official_v15_4438,CC1(C(=O)Nc2ccccc2)CO1,1
official_v15_4439,O=C(Nc1ccccc1)C1CO1,1
official_v15_4440,O=C1c2c(ccc3ccccc23)-c2ccc3ccccc3c21,0
official_v15_4441,O=C1c2ccccc2C(=O)c2c1ccc(OC1OC(COC3OCC(O)C(O)C3O)C(O)C(O)C1O)c2O,0
official_v15_4442,O=C1c2ccccc2C(=O)c2c1cc(OC1OC(COC3OCC(O)C(O)C3O)C(O)C(O)C1O)c(CO)c2O,1
official_v15_4443,Cc1c(N)cnc2c1nc1c(C)cccn12,1
official_v15_4444,Cc1cccn2c1nc1ccc(N)nc12,1
official_v15_4445,Cc1cccn2c1nc1ccc(NO)nc12,1
official_v15_4446,Cc1c([N+](=O)[O-])cnc2c1nc1c(C)cccn12,1
official_v15_4447,ONc1cnc2c(c1)nc1ccccn12,1
official_v15_4448,Cc1c(NO)cnc2c1nc1c(C)cccn12,1
official_v15_4449,Nc1ccc2nc3ccccn3c2n1,1
official_v15_4450,Nc1cnc2c(c1)nc1ccccn12,1
official_v15_4451,O=[N+]([O-])c1cnc2c(c1)nc1ccccn12,1
official_v15_4452,c1ccc2c(c1)Cc1c-2ccc2ccc3ccccc3c12,1
official_v15_4453,O=C1CCC(=O)N1Br,1
official_v15_4454,O=C1CCC(=O)N1O,0
official_v15_4455,O=CC1C=COC=C1,0
official_v15_4456,O=[N+]([O-])c1ccc(Nc2[nH]cnc3ncnc2-3)cc1,0
official_v15_4457,CC(=O)ON(OCc1ccc(-c2ccccc2)cc1)C(=O)c1ccccc1,1
official_v15_4458,c1ccc2c(c1)Cc1c(c3ccccc3c3ccccc13)C2,1
official_v15_4459,O=C1NC(=S)NC(=O)C1C(=O)Nc1ccccc1,0
official_v15_4460,CC(=O)N=C1C=CC(=O)C=C1,0
official_v15_4461,Cn1cnc2c(=N)[n+](=O)[cH-][nH]c21,1
official_v15_4462,CSCCC(NC(=O)C(N)Cc1c[nH]c2ccccc12)C(=O)NC(CC(=O)O)C(=O)NC(Cc1ccccc1)C(N)=O,0
official_v15_4463,O=C1CCc2c1cc(C(F)(F)F)c1c2ccc2ccccc21,1
official_v15_4464,Cc1cc2ccccc2c2ccc3c(c12)CCC3=O,1
official_v15_4465,Cc1cc2c(c3ccc4ccccc4c13)C[C@H](O)C2=O,1
official_v15_4466,COc1cc2c3c(cc(C)c2c2ccccc12)C(=O)CC3,1
official_v15_4467,Cc1cc2c(c3ccc4ccccc4c13)CC(O)C2=O,1
official_v15_4468,CCOc1cc2c(c3ccc4ccccc4c13)CCC2=O,0
official_v15_4469,CCCCOc1cc2c(c3ccc4ccccc4c13)CCC2=O,0
official_v15_4470,COc1cc2c(c3ccc4ccccc4c13)CCC2=O,1
official_v15_4471,COc1cc2c(c3c(C)cc4ccccc4c13)CCC2=O,1
official_v15_4472,CCCOc1cc2c(c3ccc4ccccc4c13)CCC2=O,0
official_v15_4473,O=C1CCc2c1ccc1c2ccc2ccccc21,1
official_v15_4474,Cc1c2c(c3ccc4ccccc4c3c1C)CCC2=O,1
official_v15_4475,CCc1cc2c(c3ccc4ccccc4c13)CCC2=O,1
official_v15_4476,Cc1cc2c(c3ccc4ccccc4c13)CCC2=O,1
official_v15_4477,OCc1cc2ccc3cccnc3c2[nH]1,0
official_v15_4478,c1cnc2c(c1)ccc1cc[nH]c12,0
official_v15_4479,COC(=O)c1cc2ccc3cccnc3c2[nH]1,0
official_v15_4480,COP(=S)(OC)SCn1nnc2ccccc2c1=O,1
official_v15_4481,C=CC1CN2CCC1CC2C(OC(=O)C(C)O)c1ccnc2ccc(OC)cc12,0
official_v15_4482,C=C[C@H]1CN2CC[C@H]1C[C@H]2[C@H](O)c1ccnc2ccc(OC)cc12,0
official_v15_4483,C=CC1CN2CCC1CC2C(OC(=O)OCC)c1ccnc2ccc(OC)cc12,0
official_v15_4484,C=CC1CN2CCC1CC2C(O)c1ccnc2ccc(OC)cc12,0
official_v15_4485,CC1CCCC(=O)CCCCCc2cc(O)cc(O)c2C(=O)O1,0
official_v15_4486,ClC1c2cccc3ccc4c5ccccc5cc1c4c23,1
official_v15_4487,OC1c2cccc3ccc4c5ccccc5cc1c4c23,1
official_v15_4488,c1ccc2c(c1)cc1c3c2ccc2cccc(c23)C1,1
official_v15_4489,O=[N+]([O-])c1ccc2ccc3cc4c(c5ccc1c2c35)CCC=C4,1
official_v15_4490,O=[N+]([O-])c1c2c(c3ccc4cccc5ccc1c3c45)CCC=C2,1
official_v15_4491,O=[N+]([O-])c1ccc2ccc3c4c(cc5ccc1c2c53)C=CC(O)C4O,1
official_v15_4492,O=[N+]([O-])c1ccc2ccc3c4c(cc5ccc1c2c53)C=C[C@H](O)[C@H]4O,1
official_v15_4493,O=[N+]([O-])c1ccc2ccc3c4c(cc5ccc1c2c53)C=CCC4,1
official_v15_4494,O=[N+]([O-])c1ccc2ccc3cc4c(c5ccc1c2c35)C(O)C(O)C=C4,1
official_v15_4495,CC1CCC(=O)C1=O,0
official_v15_4496,O=[N+]([O-])c1ccc(/C=N/n2cccn2)o1,1
official_v15_4497,COc1cc(O[C@@H]2O[C@H](CO)[C@@H](O)[C@H](O)[C@H]2O)c2c(=O)c3c(O)ccc(O)c3oc2c1,1
official_v15_4498,O=c1c2c(OC3OC(CO)C(O)C(O)C3O)cc(O)cc2oc2c(O)ccc(O)c12,1
official_v15_4499,O=c1c2c(O[C@@H]3O[C@H](CO)[C@@H](O)[C@H](O)[C@H]3O)cc(O)cc2oc2c(O)ccc(O)c12,1
official_v15_4500,COc1cc(OC2OC(CO)C(O)C(O)C2O)c2c(=O)c3c(O)ccc(O)c3oc2c1,1
official_v15_4501,CC(=O)c1cc2c(cc1C)C(C)(C)C(C)CC2(C)C,0
official_v15_4502,c1ccc2c(c1)CCCC2,0
official_v15_4503,CC(C)(C)NCC(O)COc1cccc2c1CC(O)C(O)C2,0
official_v15_4504,OOC1CCCc2ccccc21,1
official_v15_4505,OO[C@@H]1CCCc2ccccc21,1
official_v15_4506,CC(C)(C)N(CC(=O)c1ccc(O)c(CO)c1)Cc1ccccc1,1
official_v15_4507,Cc1ccc(Nc2ccc(O)c3c2C(=O)c2ccccc2C3=O)cc1,0
official_v15_4508,Nc1c(S(=O)(=O)O)cc(Nc2cccc(S(=O)(=O)CCOS(=O)(=O)O)c2)c2c1C(=O)c1ccccc1C2=O,1
official_v15_4509,O=C1c2c(O)ccc(Nc3ccc(CCO)cc3)c2C(=O)c2c([N+](=O)[O-])ccc(O)c21,1
official_v15_4510,Cc1ccc2c(c1Nc1ccccc1)C(=O)c1ccccc1C2=O,1
official_v15_4511,Cc1ccc(Nc2ccc(N)c3c2C(=O)c2ccccc2C3=O)c(S(=O)(=O)O)c1,1
official_v15_4512,CN(Cc1cnc2nc(N)nc(N)c2n1)c1c(Cl)cc(C(=O)N[C@@H](CCC(=O)O)C(=O)O)cc1Cl,0
official_v15_4513,Nc1nc(O)c2nc(CNc3ccc(C(=O)NC(CCC(=O)O)C(=O)O)cc3)cnc2n1,0
official_v15_4514,Nc1nc(O)c2nc(CNc3ccc(C(=O)N[C@@H](CCC(=O)O)C(=O)O)cc3)cnc2n1,0
official_v15_4515,CN(Cc1cnc2nc(N)nc(N)c2n1)c1ccc(C(=O)NC(CCC(=O)O)C(=O)O)cc1,0
official_v15_4516,Nc1ccc(Cc2ccc(N)c(Cc3ccc(N)cc3)c2)cc1,1
official_v15_4517,c1ccc2c(c1)-c1cccc3c1c-2cc1ccccc13,1
official_v15_4518,O=[N+]([O-])c1ccc2c(c1)-c1cc3ccccc3c3cccc-2c13,1
official_v15_4519,CC1COc2c(C3(N)CC3)c(F)cc3c(=O)c(C(=O)O)cn1c23,0
official_v15_4520,Fc1cnc2ccc3cccnc3c2c1,1
official_v15_4521,Fc1cc2cccnc2c2cccnc12,1
official_v15_4522,c1cnc2c(c1)ccc1ncccc12,1
official_v15_4523,Fc1cnc2c(ccc3ncc(F)cc32)c1,0
official_v15_4524,O=S(=O)(c1cc(Cl)cc(Cl)c1O)c1cc(Cl)cc(Cl)c1O,0
official_v15_4525,CC(=O)Nc1ccc(S(=O)(=O)c2ccc(N)cc2)cc1,0
official_v15_4526,O=S(=O)(c1ccc(Cl)cc1)c1ccc(Cl)cc1,0
official_v15_4527,O=S(=O)(c1ccc(Cl)cc1)c1cc(Cl)c(Cl)cc1Cl,0
official_v15_4528,O=S(=O)(c1ccc(O)cc1)c1ccc(O)cc1,0
official_v15_4529,CC(=O)Nc1ccc(S(=O)(=O)c2ccc(NC(C)=O)cc2)cc1,0
official_v15_4530,Nc1ccc(S(=O)(=O)c2ccc(N)cc2)cc1,0
official_v15_4531,c1ccc(Cc2ccc(C[C@H]3CO3)cc2)cc1,1
official_v15_4532,c1ccc(Cc2ccc(CC3CO3)cc2)cc1,1
official_v15_4533,Oc1c2ccccc2nc2ccc3c(c12)OCCO3,1
official_v15_4534,COc1cc(C(=O)OCCCN2CCCN(CCCOC(=O)c3cc(OC)c(OC)c(OC)c3)CC2)cc(OC)c1OC,0
official_v15_4535,CC(=O)c1ccc([N+](=O)[O-])s1,1
official_v15_4536,c1ccsc1,0
official_v15_4537,Cc1ccsc1,0
official_v15_4538,NC(=O)c1csc([N+](=O)[O-])c1,1
official_v15_4539,Cc1cccs1,0
official_v15_4540,O=C(NCCCl)Nc1ccc([N+](=O)[O-])s1,1
official_v15_4541,C1=CC2C3C=CC(C3)C2C1,0
official_v15_4542,ClC1=C(Cl)C2(Cl)C3C(Cl)C=CC3C1(Cl)C2(Cl)Cl,0
official_v15_4543,C1=C[C@H]2[C@@H](C1)[C@@H]1C=C[C@H]2C1,0
official_v15_4544,ClC1=C(Cl)[C@]2(Cl)[C@H]3[C@@H](C=C[C@@H]3Cl)[C@@]1(Cl)C2(Cl)Cl,0
official_v15_4545,COc1ccc2cccc3c2c1C(=O)N(C)C3=O,0
official_v15_4546,CC1(C)C=C(C(=O)O)C(C)(C)N1O,0
official_v15_4547,CNC(=O)N(C)c1nc2ccccc2s1,0
official_v15_4548,Nc1nc2c(Cl)cccc2s1,0
official_v15_4549,Nc1nc2ccccc2s1,0
official_v15_4550,Cc1nc2ccccc2s1,0
official_v15_4551,Cc1cccc2sc(N)nc12,0
official_v15_4552,Sc1nc2ccccc2s1,0
official_v15_4553,Nc1ccc2ncsc2c1,1
official_v15_4554,Nc1nc2ccc([N+](=O)[O-])cc2s1,1
official_v15_4555,c1ccc2scnc2c1,0
official_v15_4556,COc1ccc2nc(N)sc2c1,1
official_v15_4557,CCOc1ccc2nc(N)sc2c1,1
official_v15_4558,Nc1nc2cc(Cl)c(Cl)cc2s1,0
official_v15_4559,COc1cccc2sc(N)nc12,1
official_v15_4560,Cc1cc2nc(N)sc2cc1C,1
official_v15_4561,COC(=O)CC1Cc2cc3cc(OC)c(-c4c(OC)cc5cc6c(c(O)c5c4O)C(=O)OC(CC(=O)OC)C6)c(O)c3c(O)c2C(=O)O1,0
official_v15_4562,O=C1C2CC=CCC2C(=O)N1SC(Cl)(Cl)C(Cl)Cl,0
official_v15_4563,O=C1NC(=O)[C@@H]2CC=CC[C@H]12,0
official_v15_4564,O=C1[C@@H]2CC=CC[C@H]2C(=O)N1SC(Cl)(Cl)Cl,1
official_v15_4565,O=C1C2CC=CCC2C(=O)N1SC(Cl)(Cl)Cl,1
official_v15_4566,O=C1NC(=O)C2CC=CCC12,0
official_v15_4567,COC(=O)[C@H]1[C@H]2C[C@@H]3c4[nH]c5cc(OC)ccc5c4CCN3C[C@@H]2C[C@@H](OC(=O)/C=C/c2cc(OC)c(OC)c(OC)c2)[C@@H]1OC,0
official_v15_4568,O=S(=O)(O)CNc1ccc(N=Nc2cccnc2)cc1,0
official_v15_4569,Cc1cc(N=Nc2cccnc2)c(N)cc1N,1
official_v15_4570,CC(=O)Nc1cc(N(C)C)ccc1N=Nc1cccnc1,0
official_v15_4571,OCCN(CCO)c1ccc(N=Nc2ccc(N(CCO)CCO)nc2)cc1,0
official_v15_4572,CN(C)c1ccc(N=Nc2cccnc2)cc1,0
official_v15_4573,OCCN(CCO)c1ccc(N=Nc2cccnc2)cc1,0
official_v15_4574,COc1ccc(N=Nc2ccc(N(C)C)cc2)cn1,1
official_v15_4575,CCN(CC)c1ccc(N=Nc2cccnc2)cc1,0
official_v15_4576,Cc1cc(N(CCO)CCO)ccc1N=Nc1cccnc1,0
official_v15_4577,CCCCOc1ccc(N=Nc2ccc(N(CC)CC)cc2)cn1,1
official_v15_4578,CC(=O)OC1C2CC(C)(C)CC2=C(C=O)C2(C=O)CC12C,0
official_v15_4579,CC(=O)O[C@H]1[C@@]2(O)CC(C)(C)CC2=C(C=O)[C@@]2(C=O)C[C@@]12C,1
official_v15_4580,CC1(C)CC2=C(C=O)C3(C=O)CC3(C)C(O)C2(O)C1,1
official_v15_4581,OC1C=Cc2c(cc3ccc4cccc5ccc2c3c45)C1O,1
official_v15_4582,O=[N+]([O-])c1c2c(c3ccc4cccc5ccc1c3c45)C=CCC2,0
official_v15_4583,O=[N+]([O-])c1ccc2ccc3c4c(cc5ccc1c2c53)[C@@H](O)[C@H](O)C=C4,1
official_v15_4584,O=[N+]([O-])c1ccc2ccc3c4c(cc5ccc1c2c53)C(O)C(O)C=C4,1
official_v15_4585,O=[N+]([O-])c1ccc2ccc3c4c(cc5ccc1c2c53)CCC=C4,1
official_v15_4586,C1=Cc2c(cc3ccc4cccc5ccc2c3c45)CC1,1
official_v15_4587,O=[N+]([O-])c1ccc2ccc3cc4c(c5ccc1c2c35)C=CCC4,1
official_v15_4588,O=[N+]([O-])c1ccc2ccc3cc4c(c5ccc1c2c35)C=CC(O)C4O,1
official_v15_4589,Oc1ccc2ccc3c4c(cc5ccc1c2c53)C(O)C(O)C=C4,1
official_v15_4590,OC1C=Cc2c(cc3ccc4cccc5ccc2c3c45)C1,1
official_v15_4591,OC1CC=Cc2c1cc1ccc3cccc4ccc2c1c34,1
official_v15_4592,CCN(CC)CCNc1ccc2nc(C)n3c4ccc(O)cc4c(=O)c1c23,1
official_v15_4593,CCN(CC)CCNc1ccc2ncn3c4ccc(O)cc4c(=O)c1c23,1
official_v15_4594,CC1CCc2c(N3CCC(O)CC3)c(F)cc3c(=O)c(C(=O)O)cn1c23,0
official_v15_4595,Oc1nc2ccccc2n1C1CCN(CCCC(c2ccc(F)cc2)c2ccc(F)cc2)CC1,0
official_v15_4596,Cc1cc2c(c3ccc4ccccc4c13)CCC2,0
official_v15_4597,Cc1cc2c(c3ccc4ccccc4c13)CC[C@H]2C,1
official_v15_4598,Cc1cc2c(ccc3ccccc32)c2c1C(C)CC2,1
official_v15_4599,c1ccc2c(c1)ccc1c3c(ccc12)CCC3,0
official_v15_4600,Cc1c2c(c3ccc4ccccc4c3c1C)CCC2C,1
official_v15_4601,COc1cc2c(c3ccc4ccccc4c13)CCC2C,1
official_v15_4602,Cc1cc2c(c3ccc4ccccc4c13)CCC2C,1
official_v15_4603,C[C@@H]1CCc2c1ccc1c2ccc2ccccc21,1
official_v15_4604,CC1CCc2c1ccc1c2ccc2ccccc21,1
official_v15_4605,CC12CCC(=O)C=C1C1CC1C1C2CCC2(C)C1C1CC1C21CCC(=O)O1,0
official_v15_4606,CS(=O)(=O)N1C2c3ccccc3-c3ccccc3C21,1
official_v15_4607,CCCCCN1C2c3ccccc3-c3ccccc3C21,1
official_v15_4608,C=CCN1C2c3ccccc3-c3ccccc3C21,1
official_v15_4609,CCOP(=O)(OCC)N1C2c3ccccc3-c3ccccc3C21,1
official_v15_4610,c1ccc2c(c1)-c1ccccc1C1NC21,1
official_v15_4611,CCCCN1C2c3ccccc3-c3ccccc3C21,1
official_v15_4612,ClN1C2c3ccccc3-c3ccccc3C21,1
official_v15_4613,c1cc[nH]c1,0
official_v15_4614,CC(=O)c1cccn1[N+](=O)[O-],1
official_v15_4615,CC(=O)c1ccc[nH]1,1
official_v15_4616,CC(=O)c1ccc([N+](=O)[O-])[nH]1,1
official_v15_4617,CC(=O)c1c([N+](=O)[O-])cc([N+](=O)[O-])n1[N+](=O)[O-],1
official_v15_4618,Cn1cccc1,0
official_v15_4619,Cc1cccc(NC(=O)c2csc([N+](=O)[O-])c2)c1,1
official_v15_4620,COc1cccc(NC(=O)c2csc([N+](=O)[O-])c2)c1,1
official_v15_4621,O=C(Nc1ccc(Cl)cc1)c1csc([N+](=O)[O-])c1,1
official_v15_4622,O=C(Nc1ccc([N+](=O)[O-])cc1)c1csc([N+](=O)[O-])c1,1
official_v15_4623,O=C(Nc1cccc(F)c1)c1csc([N+](=O)[O-])c1,1
official_v15_4624,COc1ccccc1NC(=O)c1csc([N+](=O)[O-])c1,1
official_v15_4625,Cc1ccc(NC(=O)c2csc([N+](=O)[O-])c2)cc1,1
official_v15_4626,O=C(Nc1ccccc1)c1csc([N+](=O)[O-])c1,1
official_v15_4627,O=C(Nc1cccc([N+](=O)[O-])c1)c1csc([N+](=O)[O-])c1,1
official_v15_4628,O=C(Nc1cccc(Br)c1)c1csc([N+](=O)[O-])c1,1
official_v15_4629,O=C(Nc1cccc(Cl)c1)c1csc([N+](=O)[O-])c1,1
official_v15_4630,CCc1cccc(NC(=O)c2csc([N+](=O)[O-])c2)c1,1
official_v15_4631,COc1ccc(NC(=O)c2csc([N+](=O)[O-])c2)cc1,1
official_v15_4632,O=C(Nc1ccccc1F)c1csc([N+](=O)[O-])c1,1
official_v15_4633,O=C(Nc1ccc(Br)cc1)c1csc([N+](=O)[O-])c1,1
official_v15_4634,O=C(Nc1ccc(F)cc1)c1csc([N+](=O)[O-])c1,1
official_v15_4635,O=C(Nc1ccccc1Br)c1csc([N+](=O)[O-])c1,1
official_v15_4636,CCc1ccccc1NC(=O)c1csc([N+](=O)[O-])c1,1
official_v15_4637,O=C(Nc1ccccc1Cl)c1csc([N+](=O)[O-])c1,1
official_v15_4638,O=C(Nc1ccccc1[N+](=O)[O-])c1csc([N+](=O)[O-])c1,1
official_v15_4639,Cc1ccccc1NC(=O)c1csc([N+](=O)[O-])c1,1
official_v15_4640,CN(C(=O)c1csc([N+](=O)[O-])c1)c1ccccc1,1
official_v15_4641,CCc1ccc(NC(=O)c2csc([N+](=O)[O-])c2)cc1,1
official_v15_4642,O=C(O)CCCCC1SCC2NC(=O)NC21,0
official_v15_4643,COCC1CN(c2ccc3nc(C(O)CCC#N)sc3c2)C(=O)O1,0
official_v15_4644,CCOC1=CC(c2ccccc2)(c2ccccc2)N(O)c2ccccc21,0
official_v15_4645,O=[N+]([O-])c1ccc2c(c1)CCc1cc3c(cc1-2)CCc1ccccc1-3,1
official_v15_4646,C1CN2CCN1CC2,0
official_v15_4647,C[C@]12CC[C@H](OC(=O)Cc3ccc(N(CCCl)CCCl)cc3)C[C@@H]1CC[C@@H]1[C@@H]2CC[C@]2(C)NC(=O)CC[C@@H]12,1
official_v15_4648,Oc1cc2ccc3cccc4ccc(n1)c2c34,1
official_v15_4649,c1cc2ccc3ccnc4ccc(c1)c2c34,1
official_v15_4650,CC1CN(/N=C/c2ccc([N+](=O)[O-])o2)C(=O)N1,1
official_v15_4651,O=C1NCCN1/N=C/c1ccc([N+](=O)[O-])o1,1
official_v15_4652,CC(C)[N+](C)(CCOC(=O)C1c2ccccc2Oc2ccccc21)C(C)C,0
official_v15_4653,OC1c2ccccc2Oc2ccccc21,1
official_v15_4654,CC(C)(C)NCC(O)COc1ccccc1C1CCCC1,1
official_v15_4655,CC(C)(C)NCC(O)COc1ccc(O)cc1C1CCCC1,0
official_v15_4656,OC1C=CC2=C(c3cccc4cccc2c34)C1O,1
official_v15_4657,O=C(/C=C/c1ccc(-c2ccccc2)cc1)c1ccccc1,0
official_v15_4658,c1ccc2c(c1)-c1ccc3c4c1c-2cc1cccc(c14)C1OC31,1
official_v15_4659,N1=NC2C3OC3C1C1OC21,0
official_v15_4660,CC1=C2C(=COC(C)C2C)C(=O)C(C(=O)O)C1=O,0
official_v15_4661,O=S(=O)(O)c1ccc2cc(Oc3ccc4cc(S(=O)(=O)O)ccc4c3)ccc2c1,0
official_v15_4662,COC1=CC(=O)CC(C)C12Oc1c(Cl)c(OC)cc(OC)c1C2=O,0
official_v15_4663,COC1=CC(=O)C[C@@H](C)[C@]12Oc1c(Cl)c(OC)cc(OC)c1C2=O,0
official_v15_4664,CC(=O)Nc1nc(-c2ccc([N+](=O)[O-])o2)cs1,1
official_v15_4665,O=CNNc1nc(-c2ccc([N+](=O)[O-])o2)cs1,1
official_v15_4666,O=[N+]([O-])c1ccc(-c2cscn2)o1,1
official_v15_4667,CN(C)Nc1nc(-c2ccc([N+](=O)[O-])o2)cs1,1
official_v15_4668,O=C(Nc1nc(-c2ccc([N+](=O)[O-])o2)cs1)C(F)(F)F,1
official_v15_4669,Nc1nc(-c2ccc([N+](=O)[O-])o2)cs1,1
official_v15_4670,O=CNc1nc(-c2ccc([N+](=O)[O-])o2)cs1,1
official_v15_4671,Cc1nc(-c2ccc([N+](=O)[O-])o2)cs1,1
official_v15_4672,O=S1(=O)CC=CC1,0
official_v15_4673,c1ccc2c(c1)ccc1nc3c(ccc4ccccc43)cc12,1
official_v15_4674,c1ccc2c(c1)C1OOC2c2ccccc21,0
official_v15_4675,O=C1C(c2[nH]c3ccccc3c2O)=Nc2ccccc21,1
official_v15_4676,O=C1C(c2[nH]c3ccc(S(=O)(=O)O)cc3c2O)=Nc2ccc(S(=O)(=O)O)cc21,0
official_v15_4677,CC1=CC2OC3C(O)C(O)C(C)(C34CO4)C2(CO)C(O)C1=O,0
official_v15_4678,CC(=O)O[C@H]1[C@H](O)[C@@H]2O[C@H]3C=C(C)C(=O)[C@H](O)[C@@]3(CO)[C@@]1(C)[C@@]21CO1,0
official_v15_4679,CC1=CC2OC3C(O)CC(C)(C34CO4)C2(CO)C(O)C1=O,0
official_v15_4680,C/C=C/C(=O)OC1CC2OC3C=C(C)C(=O)CC3(C)C1(C)C21CO1,0
official_v15_4681,CC(=O)OC1C(O)C2OC3C=C(C)C(=O)C(O)C3(CO)C1(C)C21CO1,0
official_v15_4682,OC1c2cc3c4ccccc4c4ccccc4c3cc2C2OC2C1O,1
official_v15_4683,CC1(Cn2ccnn2)C(C(=O)O)N2C(=O)CC2S1(=O)=O,0
official_v15_4684,OC1c2cccc3ccc4c5ccccc5cc(c4c23)C1O,1
official_v15_4685,O=[N+]([O-])c1c2c3c(ccc4cccc(c43)CC2)c2ccccc12,1
official_v15_4686,CC(C(=O)O)c1ccc(Oc2nccs2)cc1,0
official_v15_4687,Cc1ccc(S(=O)(=O)Oc2ccc(/N=N/c3ccc(-c4ccc(/N=N/c5c(O)ccc6cc(S(=O)(=O)O)cc(S(=O)(=O)O)c56)c(C)c4)cc3C)cc2)cc1,1
official_v15_4688,O=C1c2ccccc2-c2ccc3c4c(ccc1c24)-c1ccccc1C3=O,0
official_v15_4689,CC1(c2ccc(-c3ccccc3)cc2)CO1,1
official_v15_4690,c1ccc(-c2ccc([C@@H]3CO3)cc2)cc1,1
official_v15_4691,c1ccc(-c2ccc(C3CO3)cc2)cc1,1
official_v15_4692,Fc1ccc2c3c(cccc13)-c1c-2ccc2ccccc12,1
official_v15_4693,Fc1ccc2c3c(ccc2c1)-c1cccc2cccc-3c12,1
official_v15_4694,Fc1ccc2c3c(cccc13)-c1ccc3ccccc3c1-2,1
official_v15_4695,Fc1cccc2c3c(ccc12)-c1cccc2cccc-3c12,1
official_v15_4696,c1ccc2c3c(ccc2c1)-c1cccc2cccc-3c12,1
official_v15_4697,CC(C)C1(NC(=O)C2CC3c4cccc5[nH]cc(c45)CC3N(C)C2)OC2(O)C3CCCN3C(=O)C(Cc3ccccc3)N2C1=O,0
official_v15_4698,C[N+]1=CC=C(c2ccccc2)CC1,1
official_v15_4699,C[C@@]12CCC3[C@@](CCC4[C@@]3(C)CCC[C@@]4(C)C(=O)O)(CC1=O)C2,0
official_v15_4700,O=C1C(O)=C(O)O[C@@H]1[C@@H](O)CO,0
official_v15_4701,CCCCCCCCCCCCCCCC(=O)OCC(O)C1OC(O)=C(O)C1=O,0
official_v15_4702,CC1=C(O)C(=O)CO1,1
official_v15_4703,OCc1ccc(-c2[nH]ccc3c4ccccc4nc2-3)o1,1
official_v15_4704,CC(=O)Nc1cc2c(cc1OC(=O)c1ccccc1)-c1ccccc1C2,0
official_v15_4705,CC1CCC2(OC1)OC1CC3C4CC=C5CC(O)CCC5(C)C4CCC3(C)C1C2C,0
official_v15_4706,O=c1oc2cccc(O)c2cc1C1CCc2ccccc2C1,0
official_v15_4707,O=c1oc2cccc(O)c2cc1[C@@H]1CCc2ccccc2C1,0
official_v15_4708,c1ccc2sc(SSc3nc4ccccc4s3)nc2c1,1
official_v15_4709,O=C1NC(=O)C(O)(O)C(=O)N1,0
official_v15_4710,C=CC[C@]1([C@H](C)C#CCC)C(=O)NC(=O)N(C)C1=O,0
official_v15_4711,C=CCC1(C(C)C#CCC)C(=O)NC(=O)N(C)C1=O,0
official_v15_4712,C1=COc2c(c3cc4ccccc4cc3c3ccccc23)C=C1,1
official_v15_4713,CC1=CC(=O)C=CC1=O,0
official_v15_4714,O=C1C=CC(=O)C(Cl)=C1,0
official_v15_4715,CC1=C(C)C(=O)C(C)=C(C)C1=O,0
official_v15_4716,CC1=CC(=O)C=C(C)C1=O,0
official_v15_4717,COC1=CC(=O)C=CC1=O,0
official_v15_4718,O=C1C(Cl)=C(Cl)C(=O)C(Cl)=C1Cl,1
official_v15_4719,CC(C)(C)C1=CC(=O)C=CC1=O,1
official_v15_4720,N#CC1=C(C#N)C(=O)C(Cl)=C(Cl)C1=O,0
official_v15_4721,CCOC1=CC(=O)C(NC(C)=O)=CC1=O,1
official_v15_4722,COC1=C(OC)C(=O)C(C)=CC1=O,0
official_v15_4723,CC1=CC(=O)C(C(C)C)=CC1=O,0
official_v15_4724,O=C1C=CC(=O)C=C1,0
official_v15_4725,CC1=CC(=O)C(C)=CC1=O,0
official_v15_4726,CC(C)=C/C(C)=N/Nc1nncc2ccccc12,1
official_v15_4727,CCOC(=O)NNc1nncc2ccccc12,1
official_v15_4728,Nc1cccc2c(O)nnc(O)c12,0
official_v15_4729,NNc1nncc2ccccc12,1
official_v15_4730,Clc1nnc(Cl)c2ccccc12,0
official_v15_4731,c1ccc2cnncc2c1,0
official_v15_4732,Clc1nncc2ccccc12,0
official_v15_4733,O=[N+]([O-])c1ccc2c(O)nnc(O)c2c1,1
official_v15_4734,COc1nncc2ccccc12,0
official_v15_4735,Oc1nncc2ccccc12,0
official_v15_4736,NNc1nnc(NN)c2ccccc12,1
official_v15_4737,Oc1nnc(O)c2ccccc12,0
official_v15_4738,O=[N+]([O-])c1ccc(S(=O)(=O)Nc2ccccn2)cc1,0
official_v15_4739,Nc1ccc(S(=O)(=O)Nc2ccccn2)cc1,0
official_v15_4740,CC(=O)Nc1ccc(S(=O)(=O)Nc2ccccn2)cc1,0
official_v15_4741,Cc1cc(-c2ccc(N=Nc3cc(S(=O)(=O)O)c4ccccc4c3N)c(C)c2)ccc1N=Nc1cc(S(=O)(=O)O)c2ccccc2c1N,0
official_v15_4742,Nc1ccc2cc(S(=O)(=O)O)c(N=Nc3ccc(-c4ccc(N=Nc5c(S(=O)(=O)O)cc6cc(S(=O)(=O)O)cc(N)c6c5O)cc4)cc3)c(O)c2c1,1
official_v15_4743,COc1cc(-c2ccc(N=Nc3cc(S(=O)(=O)O)c4ccccc4c3O)c(OC)c2)ccc1N=Nc1cc(S(=O)(=O)O)c2ccccc2c1O,0
official_v15_4744,COc1cc(-c2ccc(N=Nc3c(S(=O)(=O)O)cc4cc(N)ccc4c3O)c(OC)c2)ccc1N=Nc1cc(S(=O)(=O)O)c2ccccc2c1O,1
official_v15_4745,Nc1c(N=Nc2ccc(-c3ccc(N=Nc4cc(S(=O)(=O)O)c5ccccc5c4N)cc3)cc2)cc(S(=O)(=O)O)c2ccccc12,1
official_v15_4746,Cc1ccc2cc3c(c4c2c1CC4)C1OC1c1ccccc1-3,1
official_v15_4747,Cc1c2ccccc2cc2c3c(ccc12)C=C[C@@H](O)[C@H]3O,1
official_v15_4748,Cc1c2ccccc2cc2c3c(ccc12)C=CC(O)C3O,1
official_v15_4749,c1ccc2c(c1)ccc1c3ccncc3ccc21,1
official_v15_4750,O=C(O)c1ccc(/C=C/c2ccc([N+](=O)[O-])o2)cc1,1
official_v15_4751,CS(=O)(=O)OC1CN(C(c2ccccc2)c2ccccc2)C1,1
official_v15_4752,O=NN1CCC(=O)NC1=O,1
official_v15_4753,C[C@H]1CN(N=O)C(=O)NC1=O,1
official_v15_4754,CC1CN(N=O)C(=O)NC1=O,1
official_v15_4755,O=C(CCCN1CCN(c2ccccn2)CC1)c1ccc(F)cc1,0
official_v15_4756,CC1=NN(c2ccccc2)C(=O)C1,0
official_v15_4757,Nc1ccn(C2C=C(CO)C(O)C2O)c(=O)n1,0
official_v15_4758,O=C1C=Cc2ccc3c4c(ccc1c24)C(=O)C=C3,1
official_v15_4759,O=C1OC(=O)c2c(Cl)c(Cl)c(Cl)c(Cl)c21,0
official_v15_4760,O=C1OC(=O)c2cc([N+](=O)[O-])ccc21,1
official_v15_4761,O=C(O)c1ccc2c(c1)C(=O)OC2=O,0
official_v15_4762,O=C1OC(=O)c2ccccc21,0
official_v15_4763,O=C1OC(=O)c2c(Br)c(Br)c(Br)c(Br)c21,0
official_v15_4764,CC(=O)N(O)c1ccc(Sc2ccccc2)cc1,1
official_v15_4765,Nc1ccc(Sc2ccccc2)cc1,1
official_v15_4766,Oc1ccc(Cl)cc1Sc1cc(Cl)ccc1O,0
official_v15_4767,Nc1ccc(Sc2ccc([N+](=O)[O-])cc2)cc1,1
official_v15_4768,O=[N+]([O-])c1cc(Cl)cc(Sc2cc(Cl)cc([N+](=O)[O-])c2O)c1O,0
official_v15_4769,Cc1cc(O)c(C(C)(C)C)cc1Sc1cc(C(C)(C)C)c(O)cc1C,0
official_v15_4770,Nc1ccc(Sc2ccc(N)cc2)cc1,1
official_v15_4771,Oc1c(Cl)cc(Cl)cc1Sc1cc(Cl)cc(Cl)c1O,0
official_v15_4772,CC(=O)ON(C(C)=O)c1ccc(Sc2ccccc2)cc1,1
official_v15_4773,O=Nc1ccc(Sc2ccccc2)cc1,1
official_v15_4774,O=[N+]([O-])c1ccc(Sc2ccccc2)cc1,1
official_v15_4775,ONc1ccc(Sc2ccccc2)cc1,1
official_v15_4776,CC(=O)Nc1ccc(Sc2ccccc2)cc1,1
official_v15_4777,CC(C)(C)C(=O)C(Oc1ccc(Cl)cc1)n1ccnc1,0
official_v15_4778,Cc1ccc2ccccc2n1,1
official_v15_4779,Cc1cccc2cccnc12,1
official_v15_4780,CC(=O)Nc1cnc2ccccc2c1,0
official_v15_4781,O=S(=O)(NO)c1cccc2cccnc12,0
official_v15_4782,O=C(O)c1cc([N+](=O)[O-])cc2cccnc12,1
official_v15_4783,Oc1cc(O)c2ccccc2n1,1
official_v15_4784,Fc1ccc2ncccc2c1,1
official_v15_4785,Cc1cc(C(=O)O)c2ncccc2c1,0
official_v15_4786,CCN(CC)CCC[C@@H](C)Nc1ccnc2cc(Cl)ccc12,1
official_v15_4787,Clc1cnc2ccccc2c1,0
official_v15_4788,Fc1cccc2cccnc12,1
official_v15_4789,CCN(CC)CCCC(C)Nc1cc(OC)cc2cccnc12,1
official_v15_4790,Oc1cnc2ccccc2c1,0
official_v15_4791,COc1c(C(=O)O)c(O)nc2ccccc12,0
official_v15_4792,CCc1cccc2cccnc12,1
official_v15_4793,O=S(=O)(O)c1ccc(O)c2ncccc12,1
official_v15_4794,Oc1cccc2ncccc12,1
official_v15_4795,Oc1c(I)cc(Cl)c2cccnc12,0
official_v15_4796,Nc1ccnc2ccccc12,0
official_v15_4797,Cc1ccc2cccnc2c1,1
official_v15_4798,Oc1ccnc2ccccc12,0
official_v15_4799,CNc1c(C)cc2ncccc2c1N,0
official_v15_4800,Cc1cc(C)c2cc(C)c(N)cc2n1,1
official_v15_4801,Cc1cnc2ccccc2c1,1
official_v15_4802,COc1cc(NC(C)CCCN)c2ncccc2c1,1
official_v15_4803,Fc1ccc2ccccc2n1,0
official_v15_4804,Nc1ccc2ncccc2c1,0
official_v15_4805,CN(C)CCNS(=O)(=O)c1cccc2cccnc12,0
official_v15_4806,Clc1cccc2ncccc12,1
official_v15_4807,Fc1ccc2ncccc2c1F,1
official_v15_4808,COc1cc(N[C@H](C)CCCN)c2ncccc2c1,1
official_v15_4809,Nc1cccc2ncc(F)cc12,1
official_v15_4810,CC(=O)Nc1ccnc2ccccc12,0
official_v15_4811,Oc1ccc2cccnc2c1,0
official_v15_4812,Fc1cc(F)c2ncccc2c1,1
official_v15_4813,Oc1ccc2ccccc2n1,0
official_v15_4814,CCN(CC)CCCC(C)Nc1ccnc2cc(Cl)ccc12,1
official_v15_4815,CCOC(=O)c1cccc2cccnc12,0
official_v15_4816,Fc1cnc2ccccc2c1,0
official_v15_4817,CC(=O)Nc1cccc2cc(F)cnc12,1
official_v15_4818,Nc1ccc2ccccc2n1,1
official_v15_4819,Fc1cnc2cccc(F)c2c1,0
official_v15_4820,Nc1cccc2ncccc12,1
official_v15_4821,c1ccc2ncccc2c1,1
official_v15_4822,Fc1ccnc2ccccc12,1
official_v15_4823,Nc1cccc2cccnc12,1
official_v15_4824,Cc1ccnc2ccccc12,1
official_v15_4825,Clc1ccnc2ccccc12,1
official_v15_4826,COc1cc([N+](=O)[O-])c2ncccc2c1,1
official_v15_4827,N#Cc1cccc2cccnc12,1
official_v15_4828,Fc1ccc(F)c2ncccc12,1
official_v15_4829,Fc1ccc2cccnc2c1F,1
official_v15_4830,CNc1ccc2ncccc2c1N,0
official_v15_4831,CC(=O)Nc1ccc2ncccc2c1,1
official_v15_4832,Clc1cccc2cccnc12,1
official_v15_4833,O=C(O)c1cc(Br)cc2cccnc12,0
official_v15_4834,CC(=O)Nc1ccc2ccccc2n1,0
official_v15_4835,NS(=O)(=O)c1cccc2cccnc12,0
official_v15_4836,CC(=O)Oc1cccc2cccnc12,0
official_v15_4837,Fc1cc(F)c2cccnc2c1,1
official_v15_4838,Fc1cccc2ncccc12,1
official_v15_4839,O=Cc1cccc2cccnc12,1
official_v15_4840,O=[N+]([O-])c1ccnc2ccccc12,1
official_v15_4841,CCN(CC)CCC[C@@H](C)Nc1cc(OC)cc2cccnc12,1
official_v15_4842,NC(=O)Nc1cccc2cccnc12,0
official_v15_4843,O=C(O)c1cc(O)c2ccccc2n1,0
official_v15_4844,Clc1ccc2ccccc2n1,0
official_v15_4845,Nc1ccc2cccnc2c1,1
official_v15_4846,CCc1ccnc2ccccc12,0
official_v15_4847,Oc1c(Cl)cc(Cl)c2cccnc12,0
official_v15_4848,Fc1ccc2cccnc2c1,1
official_v15_4849,O=[N+]([O-])c1cccc2cccnc12,1
official_v15_4850,Cc1ccc2ncccc2c1,1
official_v15_4851,O=S(=O)(O)c1cccc2cccnc12,0
official_v15_4852,CC(=O)Nc1cccc2ncccc12,0
official_v15_4853,CCOc1cccc2cccnc12,0
official_v15_4854,Cc1c(Cl)cnc2ccccc12,0
official_v15_4855,CCCCOC(=O)c1cccc2cccnc12,0
official_v15_4856,OCc1ccnc2ccccc12,0
official_v15_4857,CC(=O)Nc1ccc2cccnc2c1,1
official_v15_4858,Oc1cccc2cccnc12,1
official_v15_4859,O=[N+]([O-])c1ccc2ncccc2c1,1
official_v15_4860,O=C(O)c1cc(O)c2cccc(O)c2n1,0
official_v15_4861,O=C(O)c1cc(I)cc2cccnc12,0
official_v15_4862,Oc1ccc2ncccc2c1,0
official_v15_4863,Nc1cnc2ccccc2c1,1
official_v15_4864,Clc1ccc2ncccc2c1,1
official_v15_4865,O=C(O)c1cccc2cccnc12,0
official_v15_4866,CC(=O)Nc1cccc2cccnc12,1
official_v15_4867,Cc1cccc2ncccc12,1
official_v15_4868,O=C1c2ccccc2-c2cc3ccccc3cc21,1
official_v15_4869,COc1ccc(-c2nc(-c3ccc(OC)cc3)c(-c3ccc(OC)cc3)[nH]2)cc1,1
official_v15_4870,COc1ccc(-c2nc(-c3ccc(C)cc3)c(-c3ccc(C)cc3)[nH]2)cc1OC,1
official_v15_4871,COc1cc(-c2nc(-c3ccccc3)c(-c3ccccc3)[nH]2)ccc1O,1
official_v15_4872,COc1ccc(-c2nc(-c3ccc(C)cc3C)[nH]c2-c2ccc(OC)cc2)cc1,1
official_v15_4873,c1ccc(-c2nc(-c3ccccc3)c(-c3ccccc3)[nH]2)cc1,1
official_v15_4874,COc1ccc(-c2nc(-c3ccccc3)c(-c3ccccc3)[nH]2)cc1OC,1
official_v15_4875,COc1ccc(-c2nc(-c3ccccc3)c(-c3ccccc3)[nH]2)cc1,1
official_v15_4876,Cc1ccc(-c2nc(-c3ccc(C)cc3C)[nH]c2-c2ccc(C)cc2)cc1,1
official_v15_4877,CCC(=O)N(c1ccc(Cl)c(Cl)c1)C1CCCC1N(C)C,0
official_v15_4878,CCN(Cc1cccc(S(=O)(=O)O)c1)c1ccc(C(=C2C=CC(=[N+](CC)Cc3cccc(S(=O)(=O)O)c3)C=C2)c2ccc(O)cc2S(=O)(=O)O)cc1,0
official_v15_4879,CCN(Cc1cccc(S(=O)(=O)O)c1)c1ccc(C(=C2C=CC(=[N+](CC)Cc3cccc(S(=O)(=O)O)c3)C=C2)c2ccccc2S(=O)(=O)O)cc1,1
official_v15_4880,CCN(Cc1cccc(S(=O)(=O)O)c1)c1ccc(C(=C2C=CC(=[N+](CC)Cc3cccc(S(=O)(=O)O)c3)C=C2)c2ccc(S(=O)(=O)O)cc2)cc1,1
official_v15_4881,C[n+]1ccc(-c2ccccc2)cc1,0
official_v15_4882,CNC1C(OC2C(OC3C(O)C(O)C(N=C(N)N)C(O)C3N=C(N)N)OC(C)C2(O)C=O)OC(CO)C(O)C1O,1
official_v15_4883,CN(C)c1ccc(/C=C/C(=O)c2ccccc2)cc1,0
official_v15_4884,O=C(/C=C/c1ccccc1)c1ccccc1,0
official_v15_4885,COc1ccc(/C=C/C(=O)c2ccccc2)cc1,0
official_v15_4886,O=C(/C=C/c1ccc([N+](=O)[O-])cc1)c1ccccc1,1
official_v15_4887,O=C(/C=C/c1cccc([N+](=O)[O-])c1)c1ccccc1,0
official_v15_4888,O=C(/C=C/c1ccccc1[N+](=O)[O-])c1ccccc1,0
official_v15_4889,O=C(/C=C/c1ccc(Br)cc1)c1ccccc1,0
official_v15_4890,COc1ccc(C(=O)/C=C/c2ccccc2)cc1,0
official_v15_4891,O=C(/C=C/c1ccc(O)cc1)c1ccccc1,0
official_v15_4892,CC(=O)Nc1ccc(C(=O)/C=C/c2ccccc2)cc1,0
official_v15_4893,O=C(/C=C/c1ccc(F)cc1)c1ccccc1,0
official_v15_4894,O=C(/C=C/c1ccccc1)c1ccc([N+](=O)[O-])cc1,1
official_v15_4895,O=C(/C=C/c1ccc([N+](=O)[O-])cc1)c1ccc([N+](=O)[O-])cc1,1
official_v15_4896,CC(=O)Nc1ccc(/C=C/C(=O)c2ccccc2)cc1,1
official_v15_4897,O=C(/C=C/c1ccccc1)c1ccc(O)cc1,0
official_v15_4898,O=C(/C=C/c1ccccc1)c1ccc(Br)cc1,0
official_v15_4899,O=C(/C=C/c1ccccc1)c1ccc(F)cc1,0
official_v15_4900,O=C(/C=C\c1ccc(O)c(O)c1)O[C@@H]1C[C@](O)(C(=O)O)C[C@H](O)[C@H]1O,0
official_v15_4901,O=C(C=Cc1ccc(O)c(O)c1)OC1CC(O)(C(=O)O)CC(O)C1O,0
official_v15_4902,CCCCCCCCCCCCCC(=O)O[C@@H]1[C@H](C)[C@]2(O)[C@@H](C=C(CO)C[C@@]3(O)C(=O)C(C)=C[C@@H]23)[C@H]2C(C)(C)[C@@]12OC(C)=O,0
official_v15_4903,CCCCCCCCCCCCCC(=O)OC1C(C)C2(O)C(C=C(CO)CC3(O)C(=O)C(C)=CC32)C2C(C)(C)C12OC(C)=O,0
official_v15_4904,O=C(/C=C/c1ccc(Oc2ccccc2)cc1)c1ccccc1,0
official_v15_4905,O=C(OCC1CO1)C1CCCCC1C(=O)OCC1CO1,1
official_v15_4906,O=C(OC[C@H]1CO1)[C@H]1CCCC[C@@H]1C(=O)OC[C@H]1CO1,1
official_v15_4907,C=CC(=O)N(C[C@H]1CO1)C[C@H]1CO1,1
official_v15_4908,C=CC(=O)N(CC1CO1)CC1CO1,1
official_v15_4909,Nc1ccc(S(=O)(=O)Nc2cnc3c(Cl)cccc3n2)cc1,0
official_v15_4910,c1ccc2c(c1)cc1c3c2ccc2cccc(c23)C2NC12,1
official_v15_4911,NC1(C(=O)O)CCCC1,0
official_v15_4912,C1CCCC1,0
official_v15_4913,O=[N+]([O-])C1CCCC1,1
official_v15_4914,CC1CCCC1,0
official_v15_4915,C/C(=C(/OCCOc1ccc(Cl)cc1)c1ccc(Cl)cc1Cl)n1ccnc1,0
official_v15_4916,Cn1c(=O)c2nc[nH]c2n(C)c1=O,0
official_v15_4917,O=C1C=Cc2ccc3c(ccc4ccccc43)c2C1=O,1
official_v15_4918,Cc1ccc2cc3c(ccc4ccccc43)c3c2c1CC3=O,1
official_v15_4919,OC1C=Cc2c(ccc3cc4c(ccc5ccccc54)cc23)C1O,1
official_v15_4920,O=[N+]([O-])c1cccc(S(=O)(=O)OC[C@H]2CO2)c1,1
official_v15_4921,O=[N+]([O-])c1cccc(S(=O)(=O)OCC2CO2)c1,1
official_v15_4922,Cc1ccc(S(=O)(=O)OCC2CO2)cc1,1
official_v15_4923,Cc1cc([N+](=O)[O-])c(C)c2c1[nH]c1ccc(O)cc12,1
official_v15_4924,Cc1ccc(C)c2c1[nH]c1ccc([N+](=O)[O-])cc12,1
official_v15_4925,Nc1cc2[nH]c3ccccc3c2cc1[N+](=O)[O-],1
official_v15_4926,O=[N+]([O-])c1ccc2[nH]c3ccccc3c2c1,1
official_v15_4927,Cn1c2ccccc2c2ccc([N+](=O)[O-])cc21,1
official_v15_4928,Cn1c2ccccc2c2ccccc21,1
official_v15_4929,c1ccc2c(c1)[nH]c1ccccc12,0
official_v15_4930,Cc1cc(N)c(C)c2c1[nH]c1ccc(O)cc12,1
official_v15_4931,O=[N+]([O-])c1ccc2[nH]c3c([N+](=O)[O-])cccc3c2c1,1
official_v15_4932,CC(C(=O)O)c1ccc2c(c1)[nH]c1ccc(Cl)cc12,0
official_v15_4933,Cc1cc([N+](=O)[O-])c(C)c2c1[nH]c1ccc([N+](=O)[O-])cc12,1
official_v15_4934,Cc1ccc(C)c2c1c1ccccc1n2C,1
official_v15_4935,Nc1ccc2[nH]c3ccccc3c2c1,1
official_v15_4936,CC(=O)c1ccc2[nH]c3c(C)cc([N+](=O)[O-])c(C)c3c2c1,1
official_v15_4937,O=[N+]([O-])c1cc2c([nH]c3ccccc32)c([N+](=O)[O-])c1O,1
official_v15_4938,Nc1ccc2c(c1)[nH]c1ccccc12,1
official_v15_4939,Cc1cc(N)c(C)c2c1[nH]c1ccccc12,1
official_v15_4940,O=[N+]([O-])c1ccc2[nH]c3c([N+](=O)[O-])c(O)c([N+](=O)[O-])cc3c2c1,1
official_v15_4941,O=[N+]([O-])c1c(O)ccc2c1[nH]c1ccccc12,0
official_v15_4942,Cc1c([N+](=O)[O-])cc(C)c2c1c1ccccc1n2C,1
official_v15_4943,CC(C)NCC(O)COc1cccc2[nH]c3ccccc3c12,0
official_v15_4944,Cc1ccc(C)c2c1[nH]c1ccccc12,1
official_v15_4945,Cn1c2ccccc2c2cc([N+](=O)[O-])ccc21,1
official_v15_4946,O=[N+]([O-])c1cc2c(cc1O)[nH]c1ccccc12,1
official_v15_4947,O=[N+]([O-])c1ccc2c(c1)[nH]c1ccccc12,1
official_v15_4948,Nc1cc2c(cc1[N+](=O)[O-])[nH]c1ccccc12,1
official_v15_4949,O=[N+]([O-])c1ccc2[nH]c3ccc([N+](=O)[O-])cc3c2c1,1
official_v15_4950,Nc1ccc2c([nH]c3ccccc32)c1[N+](=O)[O-],1
official_v15_4951,COc1ccc2[nH]c3c(C)cc(N)c(C)c3c2c1,1
official_v15_4952,O=[N+]([O-])c1cccc2c1[nH]c1ccccc12,1
official_v15_4953,CCn1c2ccccc2c2cc(N)ccc21,1
official_v15_4954,Nc1ccc2[nH]c3ccccc3c2c1[N+](=O)[O-],1
official_v15_4955,Cc1ccc2[nH]c3c(C)ccc(C)c3c2c1,1
official_v15_4956,Cn1c2ccccc2c2cc(N)ccc21,1
official_v15_4957,Cc1cc([N+](=O)[O-])c(C)c2c1[nH]c1ccccc12,1
official_v15_4958,c1ccc(CNc2[nH]cnc3ncnc2-3)cc1,0
official_v15_4959,O=C1NC2(CCCCC2)C(=O)N1CCN1CC1,1
official_v15_4960,CC(NC(=O)Cc1cnc(C)nc1N)=C(CCOC(=O)c1ccccc1)SC(=O)c1ccccc1,0
official_v15_4961,CCCCCCCCCCCCCCCCCC1=NCCN1CCO,0
official_v15_4962,OC1C=CC=CC1O,1
official_v15_4963,OCC(O)C(O)C(OC1OC(CO)C(O)C(O)C1O)C(O)CO,0
official_v15_4964,CN(N=O)C(=O)NC1C(O)OC(CO)C(O)C1O,1
official_v15_4965,OC[C@@H](O)[C@@H](O[C@H]1O[C@H](CO)[C@@H](O)[C@H](O)[C@H]1O)[C@H](O)[C@@H](O)CO,0
official_v15_4966,O=NN(CC(=O)O)CC1(O)OCC(O)C(O)C1O,0
official_v15_4967,C[N+]([O-])=NC[C@H]1O[C@@H](CO)[C@H](O)[C@@H](O)[C@@H]1O,0
official_v15_4968,[N-]=[N+]=NCC1OC(O)C(O)C(O)C1O,1
official_v15_4969,O=NN(CC(=O)O)C[C@]1(O)OC[C@@H](O)[C@@H](O)[C@H]1O,0
official_v15_4970,CCN(CC)C(=S)SC1OC(CO)C(O)C(O)C1O,0
official_v15_4971,c1ccc(Nc2cccc3ccccc23)cc1,0
official_v15_4972,O=[N+]([O-])c1ccc(-n2nc(-c3ccccc3)n[n+]2-c2ccc(I)cc2)cc1,0
official_v15_4973,CC(Cc1ccc(O)c(O)c1)C(C)Cc1ccc(O)c(O)c1,0
official_v15_4974,c1ccc2c(c1)ccc1c2ccc2ccc3ccccc3c21,1
official_v15_4975,COc1cc([C@@H]2c3cc4c(cc3[C@@H](O[C@@H]3O[C@@H]5CO[C@@H](c6cccs6)O[C@H]5[C@H](O)[C@@H]3O)[C@H]3COC(=O)[C@@H]23)OCO4)cc(OC)c1O,1
official_v15_4976,COC12C(=COC(N)=O)c3c(O)c(N)c(C)c(O)c3N1CC1NC12,1
official_v15_4977,C(=N/NC1=NCCN1)\c1c2ccccc2c(/C=N/NC2=NCCN2)c2ccccc12,1
official_v15_4978,c1ccc2c(c1)CCNC2,0
official_v15_4979,COc1cc2c(cc1OC)CN(N=O)CC2,1
official_v15_4980,COC(O)=C1C(C)=NC(C)=C(C(=O)OC/C=C/c2ccccc2)[C@@H]1c1cccc([N+](=O)[O-])c1,0
official_v15_4981,NC1CCN(c2nc3c(cc2F)c(=O)c(C(=O)O)cn3-c2ccc(F)cc2F)C1,1
official_v15_4982,O=NN(c1ccc([N+](=O)[O-])cc1)C1OC(CO)C(O)C1O,1
official_v15_4983,O=NN(c1ccc([N+](=O)[O-])cc1)[C@@H]1O[C@H](CO)[C@@H](O)[C@H]1O,1
official_v15_4984,CC12OOC1(C)c1c(ccc3ccccc13)O2,0
official_v15_4985,COc1c(O)c2c(c3cc(C(=O)N4CCc5c4c(O)c(OC)c4[nH]c(C(=O)N6CC7CC78C6=CC(=O)c6[nH]cc(C)c68)cc54)[nH]c13)CCN2C(N)=O,0
official_v15_4986,O=C1OCCN1P(=O)(Cl)N1CCOC1=O,1
official_v15_4987,CC(CNC(=O)c1cccnc1)NC(=O)c1cccnc1,0
official_v15_4988,O=[N+]([O-])c1cc[n+]([O-])cc1,1
official_v15_4989,C[n+]1cccc(C(=O)O)c1,0
official_v15_4990,C#CCOCC[n+]1ccccc1/C=N/O,0
official_v15_4991,CN(C)C(=O)Oc1ccc[n+](C)c1,0
official_v15_4992,CC1C=Cc2ccc3ccc4ccccc4c3c21,0
official_v15_4993,CC1=CC(=O)CC(C)(C)C1,0
official_v15_4994,CC(C)=CCC[C@@](C)(O)[C@H]1CCC=CC1=O,1
official_v15_4995,C=C(C)[C@@H]1CC=C(C)C(=O)C1,0
official_v15_4996,C=C(C)C1CC=C(C)C(=O)C1,0
official_v15_4997,O=C1C=CCCC1,0
official_v15_4998,c1cc(OCC2CO2)cc(OCC2CO2)c1,1
official_v15_4999,c1cc(OC[C@H]2CO2)cc(OC[C@H]2CO2)c1,1
official_v15_5000,O=C1OC(O)C(C(Cl)Br)=C1Cl,1
official_v15_5001,O=C1OC(O)C(C(Br)Br)=C1Cl,1
official_v15_5002,O=C1OCC(CBr)=C1Cl,1
official_v15_5003,O=C1OC(O)C(C(Cl)Cl)=C1Cl,1
official_v15_5004,O=C1OCC(Br)=C1Br,1
official_v15_5005,CCC1=C(C(=O)OC)C(=O)OC1C,1
official_v15_5006,O=C1OCC(C(Cl)Cl)=C1Cl,1
official_v15_5007,COC(=O)C1=C(C)C(C(C)C)OC1=O,1
official_v15_5008,CC(C)OC1OC(=O)C(Cl)=C1Cl,1
official_v15_5009,O=C1OCC(C(Br)Br)=C1Cl,1
official_v15_5010,O=C1C=C(CCl)CO1,1
official_v15_5011,O=C1OC(O)C(Cl)=C1Cl,1
official_v15_5012,O=C1OCC(C(Br)Br)=C1Br,1
official_v15_5013,O=C1OC(O)C(CCl)=C1Cl,1
official_v15_5014,COC(=O)C1=C(C)C(C)(O)OC1=O,0
official_v15_5015,O=C1C=C(CCl)C(O)O1,1
official_v15_5016,O=C1OC(O)C(C(Br)Br)=C1Br,1
official_v15_5017,CC1=C(Cl)C(=O)OC1O,1
official_v15_5018,O=C1C=CCO1,0
official_v15_5019,O=C1O[C@@H](O)C(C(Cl)Cl)=C1Cl,1
official_v15_5020,O=C1OCC(CCl)=C1Cl,1
official_v15_5021,COC1OC(=O)C(Cl)=C1C(Cl)Cl,1
official_v15_5022,O=C1OCC(CBr)=C1Br,1
official_v15_5023,O=C1OC(C(O)CO)C(O)=C1O,0
official_v15_5024,O=C1OCC(CCl)=C1Br,1
official_v15_5025,O=C1OCC(Cl)=C1Cl,1
official_v15_5026,O=C1OC(O)C(CBr)=C1Br,1
official_v15_5027,C1COC1,1
official_v15_5028,c1cnc2c(c1)C1OC1C1OC21,0
official_v15_5029,Cn1c([N+](=O)[O-])nc2ccccc21,1
official_v15_5030,Cn1c(N)nc2cc(O)ccc21,0
official_v15_5031,COc1ccc2[nH]c(N)nc2c1,0
official_v15_5032,COC(=O)Nc1nc2ccccc2[nH]1,1
official_v15_5033,NC(=O)Nc1nc2ccccc2[nH]1,1
official_v15_5034,Cc1ccc2c(c1)nc(N)n2C,1
official_v15_5035,Cn1c(N)nc2cc(Cl)ccc21,1
official_v15_5036,Cc1nc2cc(Cl)ccc2[nH]1,1
official_v15_5037,Nc1nc2cc(Cl)ccc2[nH]1,0
official_v15_5038,CCCCNC(=O)n1c(NC(=O)OC)nc2ccccc21,0
official_v15_5039,COc1ccc2c(c1)nc(N)n2C,1
official_v15_5040,Cn1cnc2ccc([N+](=O)[O-])cc21,1
official_v15_5041,Cc1ccc2[nH]c(N)nc2c1,1
official_v15_5042,Cn1c(N=[N+]=[N-])nc2ccccc21,1
official_v15_5043,O=[N+]([O-])c1nc2ccccc2[nH]1,1
official_v15_5044,[N-]=[N+]=Nc1nc2ccccc2[nH]1,1
official_v15_5045,N#Cc1ccc2[nH]c(N)nc2c1,1
official_v15_5046,c1ccc2[nH]cnc2c1,0
official_v15_5047,Cn1c(N)nc2cc(C#N)ccc21,1
official_v15_5048,Cn1c(N)nc2ccc(C#N)cc21,1
official_v15_5049,Cn1c(N)nc2ccccc21,1
official_v15_5050,Cn1cnc2cc([N+](=O)[O-])ccc21,0
official_v15_5051,Sc1nc2ccccc2[nH]1,0
official_v15_5052,COC(=O)Nc1nc2cc(O)ccc2[nH]1,0
official_v15_5053,Nc1nc2ccccc2[nH]1,0
official_v15_5054,O=[N+]([O-])c1ccc2[nH]cnc2c1,1
official_v15_5055,Nc1nc2cc(O)ccc2[nH]1,1
official_v15_5056,CC1SCC(C(=O)NC(Cc2c[nH]cn2)C(=O)N2CCCC2C(N)=O)NC1=O,0
official_v15_5057,COc1ccc2c(cc3c4c(cc5c(c42)OCO5)C(=O)C(=O)N3C)c1OC,1
official_v15_5058,OC1C=Cc2c(ccc3c2sc2ccccc23)C1O,1
official_v15_5059,O=S1(=O)OCCCO1,1
official_v15_5060,CC1CCOS(=O)(=O)O1,1
official_v15_5061,C[C@H]1CCOS(=O)(=O)O1,1
official_v15_5062,OCC1OC(n2cnc3c(NCC(O)COc4cccc5ccccc45)ncnc32)C(O)C1O,0
official_v15_5063,CC(CCC(=O)O)C1CCC2C3C(=O)CC4CC(O)CCC4(C)C3CCC12C,0
official_v15_5064,COC(=O)c1cc2c([nH]c3ccccc32)c(-c2ccc3c(n2)C(=O)C=CC3=O)n1,1
official_v15_5065,c1scc2c1-c1cscc1C1OC21,1
official_v15_5066,CCCc1cc2ccccc2c2ccc3c(c12)C1OC1C(O)C3O,0
official_v15_5067,Cc1c(C)c2c3c(ccc2c2ccccc12)C(O)C(O)C1OC31,1
official_v15_5068,Cc1cc2c3c(ccc2c2ccccc12)C(O)C(O)C1OC31,0
official_v15_5069,OC1c2ccc3c(ccc4ccccc43)c2C2OC2C1O,1
official_v15_5070,CCc1cc2ccccc2c2ccc3c(c12)C1OC1C(O)C3O,1
official_v15_5071,Cc1cccc2c1cc(C)c1c3c(ccc12)C(O)C(O)C1OC31,1
official_v15_5072,Cc1cc2ccccc2c2ccc3c(c12)C1OC1C(O)C3O,1
official_v15_5073,Cc1ccc2cc(C)c3c4c(ccc3c2c1)C(O)C(O)C1OC41,1
official_v15_5074,Oc1ccc2ccc3c4c(ccc3c2c1)C(O)C(O)C1OC41,1
official_v15_5075,Cc1cc2c(c3ccc4ccccc4c13)C1OC1C(O)C2O,0
official_v15_5076,Cc1cccc(C)c1Nc1cc(Cl)nc(SCC(=O)NCCO)n1,0
official_v15_5077,Cc1cccc(Nc2cc(Cl)nc(SCC(=O)O)n2)c1C,0
official_v15_5078,CN1CCN(c2cc3c(cc2F)n2c(=O)n(O)c(=O)cc2n3C2CC2)CC1,1
official_v15_5079,CN1CCN(c2cc3c(cc2F)n2c(=O)[nH]c(=O)cc2n3C2CC2)CC1,1
official_v15_5080,CC1(c2ccccc2)C(=O)c2ccccc2N1O,0
official_v15_5081,C=C1C(=O)C23CCC4C(C)(C(=O)O)CCCC4(C)C2CCC1(O)C3,1
