Drug,IUPAC_Name,MolecularFormula
BrC(Br)Br,bromoform,CHBr3
Br/C=C/Br,"(E)-1,2-dibromoethene",C2H2Br2
BrC(Br)C(Br)(Br)Br,"1,1,1,2,2-pentabromoethane",C2HBr5
BrC(Br)C(Br)Br,"1,1,2,2-tetrabromoethane",C2H2Br4
BrC/C=C\CBr,"(Z)-1,4-dibromobut-2-ene",C4H6Br2
BrCBr,dibromomethane,CH2Br2
BrCC(Br)(Br)Br,"1,1,1,2-tetrabromoethane",C2H2Br4
BrCC(Br)C1CCC(Br)C(Br)C1,"1,2-dibromo-4-(1,2-dibromoethyl)cyclohexane",C8H12Br4
BrCC(Br)CBr,"1,2,3-tribromopropane",C3H5Br3
BrCC(Br)c1ccccc1,"1,2-dibromoethylbenzene",C8H8Br2
BrCC1CO1,2-(bromomethyl)oxirane,C3H5BrO
BrCCBr,"1,2-dibromoethane",C2H4Br2
BrCCC(Br)Br,"1,1,3-tribromopropane",C3H5Br3
BrCCCBr,"1,3-dibromopropane",C3H6Br2
BrCCCCBr,"1,4-dibromobutane",C4H8Br2
BrCCCCCBr,"1,5-dibromopentane",C5H10Br2
BrC[C@@H](Br)[C@@H]1CC[C@@H](Br)[C@@H](Br)C1,"(1R,2S,4R)-1,2-dibromo-4-[(1S)-1,2-dibromoethyl]cyclohexane",C8H12Br4
BrC[C@H]1CO1,(2R)-2-(bromomethyl)oxirane,C3H5BrO
BrCc1c2cccc3ccc4cc5cccc6ccc1c(c65)c4c32,"12-(bromomethyl)hexacyclo[11.7.1.14,20.02,11.03,8.017,21]docosa-1,3(8),4,6,9,11,13,15,17(21),18,20(22)-undecaene",C23H13Br
BrCc1c2ccccc2c2ccc3cccc4ccc1c2c43,6-(bromomethyl)benzo[a]pyrene,C21H13Br
BrCc1c2ccccc2cc2ccc3ccccc3c12,12-(bromomethyl)benzo[a]anthracene,C19H13Br
BrCc1c2ccccc2cc2c1ccc1ccccc12,7-(bromomethyl)benzo[a]anthracene,C19H13Br
BrCc1c2ccccc2cc2ccccc12,9-(bromomethyl)anthracene,C15H11Br
BrCc1cc2c3c(cccc3c1)-c1ccccc1-2,2-(bromomethyl)fluoranthene,C17H11Br
BrCc1ccc(Br)cc1,1-bromo-4-(bromomethyl)benzene,C7H6Br2
BrCc1ccc(CBr)cc1,"1,4-bis(bromomethyl)benzene",C8H8Br2
BrCc1ccc2c(c1)-c1cccc3cccc-2c13,8-(bromomethyl)fluoranthene,C17H11Br
BrCc1ccc2c3c(cccc13)-c1ccccc1-2,3-(bromomethyl)fluoranthene,C17H11Br
BrCc1ccc2cccc3c2c1-c1ccccc1-3,1-(bromomethyl)fluoranthene,C17H11Br
BrCc1cccc(CBr)c1,"1,3-bis(bromomethyl)benzene",C8H8Br2
BrCc1cccc2c1-c1cccc3cccc-2c13,7-(bromomethyl)fluoranthene,C17H11Br
BrCc1ccccc1,bromomethylbenzene,C7H7Br
BrCc1ccccc1CBr,"1,2-bis(bromomethyl)benzene",C8H8Br2
Br[C@H]1CC[C@@H](Br)[C@H](Br)CC[C@H](Br)[C@H](Br)CC[C@H]1Br,"(1R,2R,5S,6R,9R,10S)-1,2,5,6,9,10-hexabromocyclododecane",C12H18Br6
Brc1c(Br)c(Br)c(Br)c(Br)c1Br,"1,2,3,4,5,6-hexabromobenzene",C6Br6
Brc1cc(Br)c(-c2c(Br)cc(Br)cc2Br)c(Br)c1,"1,3,5-tribromo-2-(2,4,6-tribromophenyl)benzene",C12H4Br6
Brc1c2ccccc2cc2c1ccc1ccccc12,7-bromobenzo[a]anthracene,C18H11Br
Brc1ccc(-c2ccccc2)cc1,1-bromo-4-phenylbenzene,C12H9Br
Brc1cc(Br)c(OCCOc2c(Br)cc(Br)cc2Br)c(Br)c1,"1,3,5-tribromo-2-[2-(2,4,6-tribromophenoxy)ethoxy]benzene",C14H8Br6O2
Brc1ccc(CN2C3c4ccccc4-c4ccccc4C32)cc1,"1-[(4-bromophenyl)methyl]-1a,9b-dihydrophenanthro[9,10-b]azirine",C21H16BrN
Brc1ccc(Oc2cc(Br)c(Br)cc2Br)c(Br)c1,"1,2,4-tribromo-5-(2,4-dibromophenoxy)benzene",C12H5Br5O
Brc1ccc2c(c1)C1OC1C1CCCCC21,"8-bromo-1a,1b,2,3,4,5,5a,9b-octahydrophenanthro[9,10-b]oxirene",C14H15BrO
Brc1ccc2c(c1)C=CC1CCCCC21,"7-bromo-1,2,3,4,4a,10a-hexahydrophenanthrene",C14H15Br
Brc1cccc(-c2ccccc2)c1,1-bromo-3-phenylbenzene,C12H9Br
Brc1cccc2cc3c(ccc4ccccc43)cc12,8-bromobenzo[a]anthracene,C18H11Br
Brc1ccccc1,bromobenzene,C6H5Br
Brc1ccccc1-c1ccccc1,1-bromo-2-phenylbenzene,C12H9Br
C#CC(OC(=O)NC1CCCCC1)(c1ccccc1)c1ccccc1,"1,1-diphenylprop-2-ynyl N-cyclohexylcarbamate",C22H23NO2
C#CC(OC(=O)NC1CCCCC1)(c1ccccc1)c1ccc(C)c(C)c1,"[1-(3,4-dimethylphenyl)-1-phenylprop-2-ynyl] N-cyclohexylcarbamate",C24H27NO2
C#CC1(O)CCC2C3CCC4=C(CCC(=O)C4)C3CCC21C,"17-ethynyl-17-hydroxy-13-methyl-1,2,4,6,7,8,9,11,12,14,15,16-dodecahydrocyclopenta[a]phenanthren-3-one",C20H26O2
C#CC1(O)CCC2C3CC=C4CC(=O)CCC4C3CCC21C,"17-ethynyl-17-hydroxy-13-methyl-1,2,4,7,8,9,10,11,12,14,15,16-dodecahydrocyclopenta[a]phenanthren-3-one",C20H26O2
C#CC1(O)CCC2C3CCC4=CC(=O)CCC4C3CCC21C,"17-ethynyl-17-hydroxy-13-methyl-1,2,6,7,8,9,10,11,12,14,15,16-dodecahydrocyclopenta[a]phenanthren-3-one",C20H26O2
C#CC1(O)CCC2C3CCC4=CC(=O)CCC4C3CCC21CC,"13-ethyl-17-ethynyl-17-hydroxy-1,2,6,7,8,9,10,11,12,14,15,16-dodecahydrocyclopenta[a]phenanthren-3-one",C21H28O2
C#CC1(O)CCC2C3CCc4cc(OC)ccc4C3CCC21C,"17-ethynyl-3-methoxy-13-methyl-7,8,9,11,12,14,15,16-octahydro-6H-cyclopenta[a]phenanthren-17-ol",C21H26O2
C#CC1(O)CCC2C3CCc4cc(O)ccc4C3CCC21C,"17-ethynyl-13-methyl-7,8,9,11,12,14,15,16-octahydro-6H-cyclopenta[a]phenanthrene-3,17-diol",C20H24O2
C#CC1(OC(C)=O)CCC2C3CCC4=C(CCC(=O)C4)C3CCC21C,"(17-ethynyl-13-methyl-3-oxo-1,2,4,6,7,8,9,11,12,14,15,16-dodecahydrocyclopenta[a]phenanthren-17-yl) acetate",C22H28O3
C#CC1(OC(=O)CCCCCC)CCC2C3CCC4=CC(=O)CCC4C3CCC21C,"(17-ethynyl-13-methyl-3-oxo-1,2,6,7,8,9,10,11,12,14,15,16-dodecahydrocyclopenta[a]phenanthren-17-yl) heptanoate",C27H38O3
C#CCBr,3-bromoprop-1-yne,C3H3Br
C#CC1(OC(C)=O)CCC2C3CCC4=CC(=O)CCC4(C)C3CCC21C,"(17-ethynyl-10,13-dimethyl-3-oxo-2,6,7,8,9,11,12,14,15,16-decahydro-1H-cyclopenta[a]phenanthren-17-yl) acetate",C23H30O3
C#CCO,prop-2-yn-1-ol,C3H4O
C#CCNC(=NCCSCc1nc[nH]c1C)NC#N,1-cyano-2-[2-[(5-methyl-1H-imidazol-4-yl)methylsulfanyl]ethyl]-3-prop-2-ynylguanidine,C12H16N6S
C#CCOCCN1C=CN(C)C1/C=N/O,,C10H15N3O2
C#CCOCC[n+]1ccccc1/C=N/O,(NE)-N-[[1-(2-prop-2-ynoxyethyl)pyridin-1-ium-2-yl]methylidene]hydroxylamine,C11H13N2O2+
C#CCc1ccc(COC(=O)C2C(C=C(C)C)C2(C)C)o1,"(5-prop-2-ynylfuran-2-yl)methyl 2,2-dimethyl-3-(2-methylprop-1-enyl)cyclopropane-1-carboxylate",C18H22O3
C#CCc1ccc(COC(=O)[C@H]2[C@H](C=C(C)C)C2(C)C)o1,"cis-(5-prop-2-ynylfuran-2-yl)methyl (1S,3S)-2,2-dimethyl-3-(2-methylprop-1-enyl)cyclopropane-1-carboxylate",C18H22O3
C#C[C@@](OC(=O)NC1CCCCC1)(c1ccccc1)c1ccc(C)c(C)c1,"[(1R)-1-(3,4-dimethylphenyl)-1-phenylprop-2-ynyl] N-cyclohexylcarbamate",C24H27NO2
C#C[C@@]1(O)CC[C@H]2[C@@H]3CCC4=CC(=O)CC[C@@H]4[C@H]3CC[C@@]21CC,"(8R,9S,10R,13S,14S,17S)-13-ethyl-17-ethynyl-17-hydroxy-1,2,6,7,8,9,10,11,12,14,15,16-dodecahydrocyclopenta[a]phenanthren-3-one",C21H28O2
C#C[C@]1(O)CC[C@@H]2[C@@H]3CCC4=C(CCC(=O)C4)[C@H]3CC[C@@]21C,"(8R,9S,13S,14R,17R)-17-ethynyl-17-hydroxy-13-methyl-1,2,4,6,7,8,9,11,12,14,15,16-dodecahydrocyclopenta[a]phenanthren-3-one",C20H26O2
C#C[C@]1(OC(C)=O)CC[C@H]2[C@@H]3CCC4=CC(=O)CC[C@@H]4[C@H]3CC[C@@]21C,"[(8R,9S,10R,13S,14S,17R)-17-ethynyl-13-methyl-3-oxo-1,2,6,7,8,9,10,11,12,14,15,16-dodecahydrocyclopenta[a]phenanthren-17-yl] acetate",C22H28O3
C(=C/c1cccc(/C=C/c2ccccc2)c1)\c1ccccc1,"1,3-bis[(E)-2-phenylethenyl]benzene",C22H18
C(=C/c1ccccc1)\c1ccccc1,(E)-stilbene,C14H12
C(=N/N1Cc2[nH]c3ccccc3c2N=N1)\c1ccc(Oc2ccccc2)cc1,,C22H17N5O
C(=N/NC1=NCCN1)\c1c2ccccc2c(/C=N/NC2=NCCN2)c2ccccc12,"N-[(E)-[10-[(E)-(4,5-dihydro-1H-imidazol-2-ylhydrazinylidene)methyl]anthracen-9-yl]methylideneamino]-4,5-dihydro-1H-imidazol-2-amine",C22H22N8
C(=N/c1snc2ccccc12)\c1ccccc1,"N-(2,1-benzothiazol-3-yl)-1-phenylmethanimine",C14H10N2S
C(=NC1CCCCC1)=NC1CCCCC1,"N,N'-dicyclohexylmethanediimine",C13H22N2
C(CC1CO1)C1CO1,2-[2-(oxiran-2-yl)ethyl]oxirane,C6H10O2
C(CCC1CO1)CC1CO1,2-[4-(oxiran-2-yl)butyl]oxirane,C8H14O2
C(CCOCC1CO1)COCC1CO1,2-[4-(oxiran-2-ylmethoxy)butoxymethyl]oxirane,C10H18O4
C(CCOC[C@H]1CO1)COC[C@H]1CO1,(2R)-2-[4-[[(2R)-oxiran-2-yl]methoxy]butoxymethyl]oxirane,C10H18O4
C(CC[C@H]1CO1)C[C@H]1CO1,(2S)-2-[4-[(2S)-oxiran-2-yl]butyl]oxirane,C8H14O2
C(COCC1CO1)OCC1CO1,2-[2-(oxiran-2-ylmethoxy)ethoxymethyl]oxirane,C8H14O4
C/C(=C(/OCCOc1ccc(Cl)cc1)c1ccc(Cl)cc1Cl)n1ccnc1,"1-[(Z)-1-[2-(4-chlorophenoxy)ethoxy]-1-(2,4-dichlorophenyl)prop-1-en-2-yl]imidazole",C20H17Cl3N2O2
C/C(=C(\CCOC(=O)c1ccccc1)SC(=O)c1ccccc1)N(C=O)Cc1cnc(C)nc1N,[(Z)-4-[(4-amino-2-methylpyrimidin-5-yl)methyl-formylamino]-3-benzoylsulfanylpent-3-enyl] benzoate,C26H26N4O4S
C/C(C=O)=C(/Cl)C(=O)O,(Z)-2-chloro-3-methyl-4-oxobut-2-enoic acid,C5H5ClO3
C/C(C(=O)O)=C(/Cl)C(=O)O,(Z)-2-chloro-3-methylbut-2-enedioic acid,C5H5ClO4
C/C(C=O)=C/c1ccccc1,(Z)-2-methyl-3-phenylprop-2-enal,C10H10O
C/C(Cl)=C\C=O,(E)-3-chlorobut-2-enal,C4H5ClO
C/C=C(/C)C#N,(Z)-2-methylbut-2-enenitrile,C5H7N
C/C=C(/C)C(=O)O[C@H]1CCN2CC=C(COC(=O)[C@@](O)([C@H](C)OC)C(C)(C)O)[C@H]12,"[(7S,8R)-7-[(Z)-2-methylbut-2-enoyl]oxy-5,6,7,8-tetrahydro-3H-pyrrolizin-1-yl]methyl (2R)-2,3-dihydroxy-2-[(1S)-1-methoxyethyl]-3-methylbutanoate",C21H33NO7
C/C=C(\C)C(=O)OC1CCN2CC=C(CO)C12,"[7-(hydroxymethyl)-2,3,5,8-tetrahydro-1H-pyrrolizin-1-yl] (E)-2-methylbut-2-enoate",C13H19NO3
C/C=C(C(=C/C)/c1ccc(O)cc1)\c1ccc(O)cc1,"4-[(2E,4E)-4-(4-hydroxyphenyl)hexa-2,4-dien-3-yl]phenol",C18H18O2
C/C=C(\C)CCl,(E)-1-chloro-2-methylbut-2-ene,C5H9Cl
C/C=C(\C=C(C)\C=C(C)\C=C\C=C(/C)C(=O)[C@@]12O[C@@H]1[C@](O)(CCO)NC2=O)C(=O)OC,"methyl (2E,3E,5E,7E,9E)-2-ethylidene-11-[(1S,4R,5S)-4-hydroxy-4-(2-hydroxyethyl)-2-oxo-6-oxa-3-azabicyclo[3.1.0]hexan-1-yl]-4,6,10-trimethyl-11-oxoundeca-3,5,7,9-tetraenoate",C23H29NO7
C/C=C(\Cl)C1=CC(=O)C23CC2C(C)(C)OC3(O)C1=O,,C14H15ClO4
C/C=C(\Cl)C=O,(Z)-2-chlorobut-2-enal,C4H5ClO
C/C=C/C,(E)-but-2-ene,C4H8
C/C=C/C(=O)OC1CC2OC3C=C(C)C(=O)CC3(C)C1(C)C21CO1,"(1,2,5-trimethyl-4-oxospiro[8-oxatricyclo[7.2.1.02,7]dodec-5-ene-12,2'-oxirane]-11-yl) (E)-but-2-enoate",C19H24O5
C/C=C/C1=CC(=O)C23CC2C(C)(C)OC3(O)C1=O,,C14H16O4
C/C=C/C1OC(=O)C=CC1O,"3-hydroxy-2-[(E)-prop-1-enyl]-2,3-dihydropyran-6-one",C8H10O3
C/C=C/CC,(E)-pent-2-ene,C5H10
C/C=C/C=C/CCCCCCCO,"(8E,10E)-dodeca-8,10-dien-1-ol",C12H22O
C/C=C/Cl,(E)-1-chloroprop-1-ene,C3H5Cl
C/C=C/CC#N,(E)-pent-3-enenitrile,C5H7N
C/C=C/c1cc(OC)c(OC)cc1OC,"1,2,4-trimethoxy-5-[(E)-prop-1-enyl]benzene",C12H16O3
C/C=C/c1cc(OC)ccc1OC,"1,4-dimethoxy-2-[(E)-prop-1-enyl]benzene",C11H14O2
C/C=C/c1cc2c(c(=O)o1)C(=O)C(O)C(C)O2,"3-hydroxy-2-methyl-7-[(E)-prop-1-enyl]-2,3-dihydropyrano[3,2-c]pyran-4,5-dione",C12H12O5
C/C=C/c1ccc(OC)cc1,1-methoxy-4-[(E)-prop-1-enyl]benzene,C10H12O
C/C=C/c1ccc2c(c1)OCO2,"5-[(E)-prop-1-enyl]-1,3-benzodioxole",C10H10O2
C/C=C/c1ccc(OC)cc1OC,"2,4-dimethoxy-1-[(E)-prop-1-enyl]benzene",C11H14O2
C/C=C1/CC(C)C(C)(OC(C)=O)C(=O)OCC2=CCN(C)CCC(OC1=O)C2=O,,C21H29NO7
C/C=C/c1cccc(OC)c1OC,"1,2-dimethoxy-3-[(E)-prop-1-enyl]benzene",C11H14O2
C/C=C1/CC(C)C(O)(CO)C(=O)OCC2=CCN3CCC(OC1=O)C23,"(4Z)-4-ethylidene-7-hydroxy-7-(hydroxymethyl)-6-methyl-2,9-dioxa-14-azatricyclo[9.5.1.014,17]heptadec-11-ene-3,8-dione",C18H25NO6
C/C=C1/C[C@H](C)[C@@](O)(CO)C(=O)OCC2=CCN3CC[C@@H](OC1=O)[C@H]23,"(1R,4Z,6S,7R,17S)-4-ethylidene-7-hydroxy-7-(hydroxymethyl)-6-methyl-2,9-dioxa-14-azatricyclo[9.5.1.014,17]heptadec-11-ene-3,8-dione",C18H25NO6
C/C=C1/C[C@H](C)[C@](O)(CO)C(=O)OCC2=CC[N@@+]3([O-])CC[C@@H](OC1=O)[C@@H]23,"(1R,4Z,6S,7S,14S,17R)-4-ethylidene-7-hydroxy-7-(hydroxymethyl)-6-methyl-14-oxido-2,9-dioxa-14-azoniatricyclo[9.5.1.014,17]heptadec-11-ene-3,8-dione",C18H25NO7
C/C=C1\CC(C)C(C)(O)C(=O)OCC2=CCN3CCC(OC1=O)C23,"(4E)-4-ethylidene-7-hydroxy-6,7-dimethyl-2,9-dioxa-14-azatricyclo[9.5.1.014,17]heptadec-11-ene-3,8-dione",C18H25NO5
C/C=C1\C[C@@H]2C=C[C@H]1C2,"(1R,4R,5E)-5-ethylidenebicyclo[2.2.1]hept-2-ene",C9H12
C/C=C1\CC(C)C(C)(O)C(=O)OCC2=CC[N+]3(C)CCC(OC1=O)C23O,"(4E)-4-ethylidene-7,17-dihydroxy-6,7,14-trimethyl-2,9-dioxa-14-azoniatricyclo[9.5.1.014,17]heptadec-11-ene-3,8-dione",C19H28NO6+
C/C=C\C=C/C(=O)O,"(2Z,4Z)-hexa-2,4-dienoic acid",C6H8O2
C/C=C\C=C/C=O,"(2Z,4Z)-hexa-2,4-dienal",C6H8O
C/C=C\c1ccc(O)c(OC)c1,2-methoxy-4-[(Z)-prop-1-enyl]phenol,C10H12O2
C/C=C\C=O,(Z)-but-2-enal,C4H6O
C/C=N/N(C)C=O,N-[(E)-ethylideneamino]-N-methylformamide,C4H8N2O
C1=C2CCCC(=CC3OC13)O2,"4,11-dioxatricyclo[5.3.1.03,5]undeca-1,6-diene",C9H10O2
C1=C2c3ccccc3CCC2CCC1,"1,2,3,9,10,10a-hexahydrophenanthrene",C14H16
C1=CC23CCCC2(C=C1)O3,"10-oxatricyclo[4.3.1.01,6]deca-2,4-diene",C9H10O
C1=CC2C3C=CC(C3)C2C1,"tricyclo[5.2.1.02,6]deca-3,8-diene",C10H12
C1=CC2CCCCC2c2ccccc21,"1,2,3,4,4a,10a-hexahydrophenanthrene",C14H16
C1=CC2OC2C=C1,"7-oxabicyclo[4.1.0]hepta-2,4-diene",C6H6O
C1=CC2OC2C=CO1,"4,8-dioxabicyclo[5.1.0]octa-2,5-diene",C6H6O2
C1=CC2OC2c2c1cc1ccc3cccc4ccc2c1c34,"4-oxahexacyclo[11.6.2.02,8.03,5.010,20.017,21]henicosa-1(20),2(8),6,9,11,13(21),14,16,18-nonaene",C20H12O
C1=CC2OC2c2cc3ccc4cccc5ccc(c21)c3c45,"6-oxahexacyclo[11.6.2.02,8.05,7.010,20.017,21]henicosa-1(20),2(8),3,9,11,13(21),14,16,18-nonaene",C20H12O
C1=CC2OC2c2ccc3c4c5c(cccc5cc3c21)C=C4,"7-oxahexacyclo[12.6.1.02,12.05,11.06,8.018,21]henicosa-1(21),2(12),3,5(11),9,13,15,17,19-nonaene",C20H12O
C1=CC2OC2c2cccnc21,"1a,7b-dihydrooxireno[2,3-f]quinoline",C9H7NO
C1=CC2OC2c2ncccc21,"1a,7b-dihydrooxireno[2,3-h]quinoline",C9H7NO
C1=CCCCC1,cyclohexene,C6H10
C1=CC2c3ccccc3OC2O1,"3a,8b-dihydrofuro[2,3-b][1]benzofuran",C10H8O2
C1=COc2c(c3cc4ccccc4cc3c3ccccc23)C=C1,"9-oxapentacyclo[13.8.0.02,7.08,14.017,22]tricosa-1(23),2,4,6,8(14),10,12,15,17,19,21-undecaene",C22H14O
C1=COc2c(c3ccccc3c3cc4ccccc4cc23)C=C1,"13-oxapentacyclo[13.8.0.02,7.08,14.017,22]tricosa-1(23),2,4,6,8(14),9,11,15,17,19,21-undecaene",C22H14O
C1=C[C@@H]2O[C@@H]2C=C1,"(1S,6R)-7-oxabicyclo[4.1.0]hepta-2,4-diene",C6H6O
C1=C[C@@H]2O[C@@H]2c2ncccc21,"(1aS,7bR)-1a,7b-dihydrooxireno[2,3-h]quinoline",C9H7NO
C1=C[C@@H]2[C@H]3C=C[C@H](C3)[C@@H]2C1,"(1R,2R,6S,7S)-tricyclo[5.2.1.02,6]deca-3,8-diene",C10H12
C1=C[C@@H]2c3ccccc3O[C@@H]2O1,,C10H8O2
C1=C[C@H]2O[C@H]2c2c1cc1ccc3cccc4ccc2c1c34,"(3S,5R)-4-oxahexacyclo[11.6.2.02,8.03,5.010,20.017,21]henicosa-1(20),2(8),6,9,11,13(21),14,16,18-nonaene",C20H12O
C1=C[C@H]2O[C@H]2c2cc3ccc4cccc5ccc(c21)c3c45,"(5R,7S)-6-oxahexacyclo[11.6.2.02,8.05,7.010,20.017,21]henicosa-1(20),2(8),3,9,11,13(21),14,16,18-nonaene",C20H12O
C1=C[C@H]2O[C@H]2c2ccc3c4c5c(cccc5cc3c21)C=C4,"(6S,8R)-7-oxahexacyclo[12.6.1.02,12.05,11.06,8.018,21]henicosa-1(21),2(12),3,5(11),9,13,15,17,19-nonaene",C20H12O
C1=C\CCC2OC2CC/C=C/CC/1,"(8E)-13-oxabicyclo[10.1.0]trideca-4,8-diene",C12H18O
C1=Cc2c(cc3ccc4cccc5ccc2c3c45)CC1,"7,8-dihydrobenzo[a]pyrene",C20H14
C1=Cc2c(ccc3c2ccc2ccccc23)C1,17H-cyclopenta[a]phenanthrene,C17H12
C1=Cc2c(ccc3ccc4ccccc4c23)C1,3H-cyclopenta[c]phenanthrene,C17H12
C1=Cc2c(ccc3nc4ccc5ccccc5c4cc23)CC1,"13-azapentacyclo[12.8.0.03,12.04,9.017,22]docosa-1(14),2,4,6,8,10,12,15,17(22),20-decaene",C21H15N
C1=Cc2c3c1cccc3cc1ccc3ccccc3c21,"pentacyclo[11.6.1.02,11.03,8.017,20]icosa-1(20),2(11),3,5,7,9,12,14,16,18-decaene",C20H12
C1=Cc2c3cc4ccccc4cc3cc3cccc1c23,"pentacyclo[11.6.1.02,11.04,9.017,20]icosa-1(20),2,4,6,8,10,12,14,16,18-decaene",C20H12
C1=Cc2c3ccc4cccc5ccc(c6cccc1c26)c3c45,"hexacyclo[11.6.2.12,5.010,20.017,21.09,22]docosa-1,3,5(22),6,8,10(20),11,13(21),14,16,18-undecaene",C22H12
C1=Cc2c3ccc4ccccc4c3cc3cccc1c23,benzo[j]aceanthrylene,C20H12
C1=Cc2c3ccccc3cc3cc4ccccc4c1c23,"pentacyclo[10.7.1.03,8.09,20.013,18]icosa-1(19),2,4,6,8,10,12(20),13,15,17-decaene",C20H12
C1=Cc2c3ccccc3cc3cccc1c23,aceanthrylene,C16H10
C1=Cc2cc3c4ccccc4ccc3c3cccc1c23,"pentacyclo[11.6.1.02,11.05,10.016,20]icosa-1(19),2(11),3,5,7,9,12,14,16(20),17-decaene",C20H12
C1=Cc2cc3cccc4c5ccccc5c5ccc1c2c5c34,"hexacyclo[16.3.1.04,21.07,20.08,13.014,19]docosa-1(22),2,4(21),5,7(20),8,10,12,14,16,18-undecaene",C22H12
C1=Cc2cc3cccc4ccc5ccc1c2c5c43,"pentacyclo[12.3.1.04,17.07,16.010,15]octadeca-1(18),2,4(17),5,7(16),8,10(15),11,13-nonaene",C18H10
C1=Cc2cc3ccccc3c3cccc1c23,acephenanthrylene,C16H10
C1=Cc2ccc3c4c(ccc1c24)-c1ccccc1-3,"pentacyclo[9.5.2.02,7.08,17.014,18]octadeca-1,3,5,7,9,11,13,15,17-nonaene",C18H10
C1=Cc2ccc3nc4ccc5ccccc5c4cc3c2CC1,"13-azapentacyclo[12.8.0.03,12.04,9.017,22]docosa-1(14),2,4,6,8,10,12,15,17(22),18-decaene",C21H15N
C1=c2ccccc2=C2Cc3ccccc3C3=C4OC4=C1C32,"3-oxahexacyclo[11.7.1.02,4.05,21.06,11.014,19]henicosa-1,4,6,8,10,13,15,17,19-nonaene",C20H12O
C1CC2(CCO1)CO2,"1,6-dioxaspiro[2.5]octane",C6H10O2
C1CC2OC2C1OC1CCC2OC12,2-(6-oxabicyclo[3.1.0]hexan-2-yloxy)-6-oxabicyclo[3.1.0]hexane,C10H14O3
C1CC2OC2CC1C1CO1,3-(oxiran-2-yl)-7-oxabicyclo[4.1.0]heptane,C8H12O2
C1CC2OC2CC1COCC1CCC2OC2C1,3-(7-oxabicyclo[4.1.0]heptan-3-ylmethoxymethyl)-7-oxabicyclo[4.1.0]heptane,C14H22O3
C1CC2OC2CCC2OC12,"5,10-dioxatricyclo[7.1.0.04,6]decane",C8H12O2
C1CCC(NC2CCCCC2)CC1,N-cyclohexylcyclohexanamine,C12H23N
C1CCC(C(C[C@H]2CCCCN2)C2CCCCC2)CC1,"(2R)-2-(2,2-dicyclohexylethyl)piperidine",C19H35N
C1CCC2(CC1)CO2,1-oxaspiro[2.5]octane,C7H12O
C1CCC2CC3(CCC2C1)CO3,"spiro[2,3,4,4a,5,6,8,8a-octahydro-1H-naphthalene-7,2'-oxirane]",C11H18O
C1CCC2CCCCC2C1,"1,2,3,4,4a,5,6,7,8,8a-decahydronaphthalene",C10H18
C1CCC2OC2C1,7-oxabicyclo[4.1.0]heptane,C6H10O
C1CCC2OCCOCCOC3CCCCC3OCCOCCOC2C1,"2,5,8,15,18,21-hexaoxatricyclo[20.4.0.09,14]hexacosane",C20H36O6
C1CCC2OCCOCCOC3CCCCC3OCCOCCOCCOC2C1,"2,5,8,15,18,21,24-heptaoxatricyclo[23.4.0.09,14]nonacosane",C22H40O7
C1CCC2OCCOCCOCCOC3CCCCC3OCCOCCOCCOC2C1,"2,5,8,11,18,21,24,27-octaoxatricyclo[26.4.0.012,17]dotriacontane",C24H44O8
C1CCC2OCCOCCOCCOCCOC3CCCCC3OCCOCCOCCOCCOC2C1,"2,5,8,11,14,21,24,27,30,33-decaoxatricyclo[32.4.0.015,20]octatriacontane",C28H52O10
C1CCCC1,cyclopentane,C5H10
C1CCCC2OC2CC1,9-oxabicyclo[6.1.0]nonane,C8H14O
C1CCCCC1,cyclohexane,C6H12
C1CCCCCC2OC2CCCC1,13-oxabicyclo[10.1.0]tridecane,C12H22O
C1CCNC1,pyrrolidine,C4H9N
C1CCCNCC1,azepane,C6H13N
C1CCOC1,oxolane,C4H8O
C1CC[C@H]2CCCC[C@@H]2C1,"1,2,3,4,4a,5,6,7,8,8a-decahydronaphthalene",C10H18
C1CC[C@H]2O[C@H]2C1,"(1S,6R)-7-oxabicyclo[4.1.0]heptane",C6H10O
C1CN(SSN2CCOCC2)CCO1,4-(morpholin-4-yldisulfanyl)morpholine,C8H16N2O2S2
C1CN1,aziridine,C2H5N
C1CN1c1nc(N2CC2)nc(N2CC2)n1,"2,4,6-tris(aziridin-1-yl)-1,3,5-triazine",C9H12N6
C1CN2CCN1CC2,"1,4-diazabicyclo[2.2.2]octane",C6H12N2
C1CNCCN1,piperazine,C4H10N2
C1COC1,oxetane,C3H6O
C1CO1,oxirane,C2H4O
C1COCC2(C1)CO2,"1,7-dioxaspiro[2.5]octane",C6H10O2
C1COCCN1,morpholine,C4H9NO
C1COCCO1,"1,4-dioxane",C4H8O2
C1COCCOCCOCCO1,"1,4,7,10-tetraoxacyclododecane",C8H16O4
C1COCCOCCOCCOCCO1,"1,4,7,10,13-pentaoxacyclopentadecane",C10H20O5
C1COCCOCCOCCOCCOCCO1,"1,4,7,10,13,16-hexaoxacyclooctadecane",C12H24O6
C1COCCOCCOCCOCCOCCOCCO1,"1,4,7,10,13,16,19-heptaoxacyclohenicosane",C14H28O7
C1COCO1,"1,3-dioxolane",C3H6O2
C1COCOC1,"1,3-dioxane",C4H8O2
C1CS1,thiirane,C2H4S
C1CSCCO1,"1,4-oxathiane",C4H8OS
C1CSCCS1,"1,4-dithiane",C4H8S2
C1CSCN1,"1,3-thiazolidine",C3H7NS
C1CSCSC1,"1,3-dithiane",C4H8S2
C1C[C@@H]2O[C@@H]2[C@H]1O[C@H]1CC[C@@H]2O[C@H]12,"(1S,2S,5S)-2-[[(1S,2S,5S)-6-oxabicyclo[3.1.0]hexan-2-yl]oxy]-6-oxabicyclo[3.1.0]hexane",C10H14O3
C1OC1C1CO1,2-(oxiran-2-yl)oxirane,C4H6O2
C1N2CN3CN1CN(C2)C3,"1,3,5,7-tetrazatricyclo[3.3.1.13,7]decane",C6H12N4
C1O[C@H]1[C@@H]1CC[C@@H]2O[C@@H]2C1,"(1R,3R,6S)-3-[(2S)-oxiran-2-yl]-7-oxabicyclo[4.1.0]heptane",C8H12O2
C1OCOCO1,"1,3,5-trioxane",C3H6O3
C=C(Br)C(=O)O,2-bromoprop-2-enoic acid,C3H3BrO2
C1O[C@H]1[C@H]1CO1,(2R)-2-[(2R)-oxiran-2-yl]oxirane,C4H6O2
C=C(Br)C(C)=O,3-bromobut-3-en-2-one,C4H5BrO
C=C(Br)C=O,2-bromoprop-2-enal,C3H3BrO
C=C(Br)CCl,2-bromo-3-chloroprop-1-ene,C3H4BrCl
C=C(Br)CBr,"2,3-dibromoprop-1-ene",C3H4Br2
C=C(C#N)C(=O)OC,methyl 2-cyanoprop-2-enoate,C5H5NO2
C=C(C#N)C(=O)OCC,ethyl 2-cyanoprop-2-enoate,C6H7NO2
C=C(C#N)C(=O)OCC(C)C,2-methylpropyl 2-cyanoprop-2-enoate,C8H11NO2
C=C(C)C,2-methylprop-1-ene,C4H8
C=C(C)C(=O)N[N+](C)(C)CC(C)O,2-hydroxypropyl-dimethyl-(2-methylprop-2-enoylamino)azanium,C9H19N2O2+
C=C(C)C#N,2-methylprop-2-enenitrile,C4H5N
C=C(C)C(=O)N[N+](C)(C)C[C@@H](C)O,[(2R)-2-hydroxypropyl]-dimethyl-(2-methylprop-2-enoylamino)azanium,C9H19N2O2+
C=C(C)C(=O)O,2-methylprop-2-enoic acid,C4H6O2
C=C(C)C(=O)OC,methyl 2-methylprop-2-enoate,C5H8O2
C=C(C)C(=O)OC(C)(C)C,tert-butyl 2-methylprop-2-enoate,C8H14O2
C=C(C)C(=O)OC(C)C,propan-2-yl 2-methylprop-2-enoate,C7H12O2
C=C(C)C(=O)OCC,ethyl 2-methylprop-2-enoate,C6H10O2
C=C(C)C(=O)OCC(Br)CBr,"2,3-dibromopropyl 2-methylprop-2-enoate",C7H10Br2O2
C=C(C)C(=O)OCC(C)(C)C,"2,2-dimethylpropyl 2-methylprop-2-enoate",C9H16O2
C=C(C)C(=O)OCC(C)C,2-methylpropyl 2-methylprop-2-enoate,C8H14O2
C=C(C)C(=O)OCC(C)(C)COC(=O)C(=C)C,"[2,2-dimethyl-3-(2-methylprop-2-enoyloxy)propyl] 2-methylprop-2-enoate",C13H20O4
C=C(C)C(=O)OCC(C)O,2-hydroxypropyl 2-methylprop-2-enoate,C7H12O3
C=C(C)C(=O)OCC(CC)(COC(=O)C(=C)C)COC(=O)C(=C)C,"2,2-bis(2-methylprop-2-enoyloxymethyl)butyl 2-methylprop-2-enoate",C18H26O6
C=C(C)C(=O)OCC(O)COc1ccc(C(C)(C)c2ccc(OCC(O)COC(=O)C(=C)C)cc2)cc1,[2-hydroxy-3-[4-[2-[4-[2-hydroxy-3-(2-methylprop-2-enoyloxy)propoxy]phenyl]propan-2-yl]phenoxy]propyl] 2-methylprop-2-enoate,C29H36O8
C=C(C)C(=O)OCC1CO1,oxiran-2-ylmethyl 2-methylprop-2-enoate,C7H10O3
C=C(C)C(=O)OCCC,propyl 2-methylprop-2-enoate,C7H12O2
C=C(C)C(=O)OCCCC,butyl 2-methylprop-2-enoate,C8H14O2
C=C(C)C(=O)OCCCCC,pentyl 2-methylprop-2-enoate,C9H16O2
C=C(C)C(=O)OCCCCCC,hexyl 2-methylprop-2-enoate,C10H18O2
C=C(C)C(=O)OCCCCCCCC,octyl 2-methylprop-2-enoate,C12H22O2
C=C(C)C(=O)OCCCCCCCC(C)C,8-methylnonyl 2-methylprop-2-enoate,C14H26O2
C=C(C)C(=O)OCCCCCCCCCC,decyl 2-methylprop-2-enoate,C14H26O2
C=C(C)C(=O)OCCCCCCOC(=O)C(=C)C,6-(2-methylprop-2-enoyloxy)hexyl 2-methylprop-2-enoate,C14H22O4
C=C(C)C(=O)OCCCCCOC(=O)C(=C)C,5-(2-methylprop-2-enoyloxy)pentyl 2-methylprop-2-enoate,C13H20O4
C=C(C)C(=O)OCCCCOC(=O)C(=C)C,4-(2-methylprop-2-enoyloxy)butyl 2-methylprop-2-enoate,C12H18O4
C=C(C)C(=O)OCCN(C)C,2-(dimethylamino)ethyl 2-methylprop-2-enoate,C8H15NO2
C=C(C)C(=O)OCCO,2-hydroxyethyl 2-methylprop-2-enoate,C6H10O3
C=C(C)C(=O)OCCOC(=O)C(=C)C,2-(2-methylprop-2-enoyloxy)ethyl 2-methylprop-2-enoate,C10H14O4
C=C(C)C(=O)OCCOC(=O)NNC(=O)OCCOC(=O)C(=C)C,,C14H20N2O8
C=C(C)C(=O)OCCOC(=O)NCCC(C)CC(C)(C)CNC(=O)OCCOC(=O)C(=C)C,"2-[[3,5,5-trimethyl-6-[2-(2-methylprop-2-enoyloxy)ethoxycarbonylamino]hexyl]carbamoyloxy]ethyl 2-methylprop-2-enoate",C23H38N2O8
C=C(C)C(=O)OCCOCCOC(=O)C(=C)C,2-[2-(2-methylprop-2-enoyloxy)ethoxy]ethyl 2-methylprop-2-enoate,C12H18O5
C=C(C)C(=O)OCCOCCOCCOC(=O)C(=C)C,2-[2-[2-(2-methylprop-2-enoyloxy)ethoxy]ethoxy]ethyl 2-methylprop-2-enoate,C14H22O6
C=C(C)C(=O)OC[C@H](Br)CBr,"[(2S)-2,3-dibromopropyl] 2-methylprop-2-enoate",C7H10Br2O2
C=C(C)C(=O)OC[C@H]1CO1,[(2R)-oxiran-2-yl]methyl 2-methylprop-2-enoate,C7H10O3
C=C(C)C(C)=O,3-methylbut-3-en-2-one,C5H8O
C=C(C)C(C)Cl,3-chloro-2-methylbut-1-ene,C5H9Cl
C=C(C)C1C=C2C(COC(=O)CCCCCCCCCCCCCCCCC)=CC=C2C(C)=CC1,"(4-methyl-7-prop-1-en-2-yl-6,7-dihydroazulen-1-yl)methyl octadecanoate",C33H52O2
C=C(C)C1CC=C(C)C(=O)C1,2-methyl-5-prop-1-en-2-ylcyclohex-2-en-1-one,C10H14O
C=C(C)C1CC=C(C)C(O)C1,2-methyl-5-prop-1-en-2-ylcyclohex-2-en-1-ol,C10H16O
C=C(C)C1CC=C(C)C(OC(C)=O)C1,(2-methyl-5-prop-1-en-2-ylcyclohex-2-en-1-yl) acetate,C12H18O2
C=C(C)C1CC=C(C)CC1,1-methyl-4-prop-1-en-2-ylcyclohexene,C10H16
C=C(C)C1CC=C(C=O)CC1,4-prop-1-en-2-ylcyclohexene-1-carbaldehyde,C10H14O
C=C(C)C1CCC(=C)C2C3=C(CC(C)(O)C3=O)C(=O)C(C)=CC12,"2-hydroxy-2,5-dimethyl-10-methylidene-7-prop-1-en-2-yl-3,6a,7,8,9,10a-hexahydrobenzo[h]azulene-1,4-dione",C20H24O3
C=C(C)C1CCC(=C)C2C3=C(CC(C)C3=O)C(=O)C(C)=CC12,"2,5-dimethyl-10-methylidene-7-prop-1-en-2-yl-3,6a,7,8,9,10a-hexahydro-2H-benzo[h]azulene-1,4-dione",C20H24O2
C=C(C)C1CCC2(C)OC2C1,1-methyl-4-prop-1-en-2-yl-7-oxabicyclo[4.1.0]heptane,C10H16O
C=C(C)C1CO1,2-prop-1-en-2-yloxirane,C5H8O
C=C(C)C1Cc2c(cc(O)c3c(=O)c4ccccc4n(C)c23)O1,"5-hydroxy-11-methyl-2-prop-1-en-2-yl-1,2-dihydrofuro[2,3-c]acridin-6-one",C19H17NO3
C=C(C)C=O,2-methylprop-2-enal,C4H6O
C=C(C)C1Cc2c(ccc3c2OC2COc4cc(OC)c(OC)cc4C2C3=O)O1,"16,17-dimethoxy-6-prop-1-en-2-yl-2,7,20-trioxapentacyclo[11.8.0.03,11.04,8.014,19]henicosa-3(11),4(8),9,14,16,18-hexaen-12-one",C23H22O6
C=C(C)OC(C)=O,prop-1-en-2-yl acetate,C5H8O2
C=C(C)[C@@H]1CC=C(C)C(=O)C1,(5R)-2-methyl-5-prop-1-en-2-ylcyclohex-2-en-1-one,C10H14O
C=C(C)[C@@H]1CC=C(C)CC1,(4S)-1-methyl-4-prop-1-en-2-ylcyclohexene,C10H16
C=C(C)[C@@H]1CC=C(C)[C@@H](O)C1,"(1S,5R)-2-methyl-5-prop-1-en-2-ylcyclohex-2-en-1-ol",C10H16O
C=C(C)[C@@H]1Cc2c(ccc3c2O[C@H]2COc4cc(OC)c(OC)cc4[C@@H]2C3=O)O1,"(1R,6S,13S)-16,17-dimethoxy-6-prop-1-en-2-yl-2,7,20-trioxapentacyclo[11.8.0.03,11.04,8.014,19]henicosa-3(11),4(8),9,14,16,18-hexaen-12-one",C23H22O6
C=C(C)[C@H]1C=C2C(COC(=O)CCCCCCCCCCCCCCCCC)=CC=C2C(C)=CC1,"[(7R)-4-methyl-7-prop-1-en-2-yl-6,7-dihydroazulen-1-yl]methyl octadecanoate",C33H52O2
C=C(C)[C@H]1CC=C(C)[C@@H](OC(C)=O)C1,"[(1S,5S)-2-methyl-5-prop-1-en-2-ylcyclohex-2-en-1-yl] acetate",C12H18O2
C=C(C)[C@H]1Cc2c(cc(O)c3c(=O)c4ccccc4n(C)c23)O1,"(2R)-5-hydroxy-11-methyl-2-prop-1-en-2-yl-1,2-dihydrofuro[2,3-c]acridin-6-one",C19H17NO3
C=C(C)c1cc(O)c(C)cc1O,"2-methyl-5-prop-1-en-2-ylbenzene-1,4-diol",C10H12O2
C=C(C)c1ccc(C)c2ccc(C=O)c-2c1,4-methyl-7-prop-1-en-2-ylazulene-1-carbaldehyde,C15H14O
C=C(C)c1ccc(C)c2ccc(CO)c-2c1,(4-methyl-7-prop-1-en-2-ylazulen-1-yl)methanol,C15H16O
C=C(C)c1ccccc1,prop-1-en-2-ylbenzene,C9H10
C=C(C=O)CC,2-methylidenebutanal,C5H8O
C=C(C=O)CCC,2-methylidenepentanal,C6H10O
C=C(C=O)CCCC,2-methylidenehexanal,C7H12O
C=C(CC)C(=O)c1ccc(OCC(=O)O)c(Cl)c1Cl,"2-[2,3-dichloro-4-(2-methylidenebutanoyl)phenoxy]acetic acid",C13H12Cl2O4
C=C(Cl)C(=O)OC,methyl 2-chloroprop-2-enoate,C4H5ClO2
C=C(Cl)C#N,2-chloroprop-2-enenitrile,C3H2ClN
C=C(Cl)C(Cl)CCl,"2,3,4-trichlorobut-1-ene",C4H5Cl3
C=C(Cl)C=O,2-chloroprop-2-enal,C3H3ClO
C=C(Cl)CCl,"2,3-dichloroprop-1-ene",C3H4Cl2
C=C(Cl)CSC(=S)N(CC)CC,"2-chloroprop-2-enyl N,N-diethylcarbamodithioate",C8H14ClNS2
C=C(Cl)Cl,"1,1-dichloroethene",C2H2Cl2
C=C(F)F,"1,1-difluoroethene",C2H2F2
C=C/C1=C/C(C)C(C)(OC(C)=O)C(=O)OCC2=CC[N+]3(C)CCC(OC1=O)C23O,"[(4Z)-4-ethenyl-17-hydroxy-6,7,14-trimethyl-3,8-dioxo-2,9-dioxa-14-azoniatricyclo[9.5.1.014,17]heptadeca-4,11-dien-7-yl] acetate",C21H28NO7+
C=C/C=C\C,"(3Z)-penta-1,3-diene",C5H8
C=C1/C(=C/C=C2\CCCC3(C)C2CCC3C(C)/C=C/C(O)C2CC2)CC(O)CC1O,"(5E)-5-[(2E)-2-[1-[(E)-5-cyclopropyl-5-hydroxypent-3-en-2-yl]-7a-methyl-2,3,3a,5,6,7-hexahydro-1H-inden-4-ylidene]ethylidene]-4-methylidenecyclohexane-1,3-diol",C27H40O3
C=C1/C(=C/C=C2\CCCC3(C)C2CCC3C(C)CCC(O)C(C)C)CC(O)CC1O,"(5E)-5-[(2E)-2-[1-(5-hydroxy-6-methylheptan-2-yl)-7a-methyl-2,3,3a,5,6,7-hexahydro-1H-inden-4-ylidene]ethylidene]-4-methylidenecyclohexane-1,3-diol",C27H44O3
C=C1C(=O)C23CCC4C(C)(C(=O)O)CCCC4(C)C2CCC1(O)C3,"13-hydroxy-5,9-dimethyl-14-methylidene-15-oxotetracyclo[11.2.1.01,10.04,9]hexadecane-5-carboxylic acid",C20H28O4
C=C1C(=O)OC2C1CCC(C)C1=CCC(=O)C12C,"6,9a-dimethyl-3-methylidene-3a,4,5,6,8,9b-hexahydroazuleno[8,7-b]furan-2,9-dione",C15H18O3
C=C1C(=O)OC2C1CCC(C)C1C=CC(=O)C12C,"6,9a-dimethyl-3-methylidene-3a,4,5,6,6a,9b-hexahydroazuleno[8,7-b]furan-2,9-dione",C15H18O3
C=C1C(=O)OC2CC(C)C3C=CC(=O)C3(C)C(O)C12,"9-hydroxy-5,8a-dimethyl-1-methylidene-3a,4,5,5a,9,9a-hexahydroazuleno[6,7-b]furan-2,8-dione",C15H18O4
C=C1C(=O)OC2CC(C)C3CC(O)OC(O)C3(C)CC12,"12,14-dihydroxy-1,9-dimethyl-4-methylidene-6,13-dioxatricyclo[8.4.0.03,7]tetradecan-5-one",C15H22O5
C=C1C(=O)OC2CC(C)C3CC(OCC)OC(OCC)C3(C)CC12,"12,14-diethoxy-1,9-dimethyl-4-methylidene-6,13-dioxatricyclo[8.4.0.03,7]tetradecan-5-one",C19H30O5
C=C1C(=O)OC2CC3(C)C(CCC(C)=O)C3CC12,"5a-methyl-3-methylidene-5-(3-oxobutyl)-3a,4,4a,5,6,6a-hexahydrocyclopropa[f][1]benzofuran-2-one",C15H20O3
C=C1C(=O)OC2CCN3CC=C(COC(=O)C(C)(O)C(C)C1C)C23,"7-hydroxy-5,6,7-trimethyl-4-methylidene-2,9-dioxa-14-azatricyclo[9.5.1.014,17]heptadec-11-ene-3,8-dione",C18H25NO5
C=C1C(=O)O[C@@H]2C[C@@H](C)[C@@H]3C=CC(=O)[C@]3(C)[C@@H](O)[C@H]12,"(3aR,5R,5aR,8aS,9S,9aS)-9-hydroxy-5,8a-dimethyl-1-methylidene-3a,4,5,5a,9,9a-hexahydroazuleno[6,7-b]furan-2,8-dione",C15H18O4
C=C1C(=O)O[C@@H]2C[C@H](C)[C@H]3C[C@@H](OCC)O[C@@H](OCC)[C@]3(C)C[C@H]12,,C19H30O5
C=C1C(=O)O[C@@H]2C[C@H](C)[C@H]3C[C@@H](O)O[C@@H](O)[C@]3(C)C[C@H]12,,C15H22O5
C=C1C/C(=C/C)C(=O)O[C@H]2CCN3CC=C(COC(=O)[C@@]1(O)CO)[C@H]23,,C18H23NO6
C=C1C(O)C23CCC4C(C)(C(=O)O)CCCC4(C)C2CCC1(O)C3,"13,15-dihydroxy-5,9-dimethyl-14-methylidenetetracyclo[11.2.1.01,10.04,9]hexadecane-5-carboxylic acid",C20H30O4
C=C1C2CCC(C2)C1(C)C,"2,2-dimethyl-3-methylidenebicyclo[2.2.1]heptane",C10H16
C=C1C/C(=C/C)C(=O)O[C@H]2CCN3CC=C(COC(=O)[C@]1(C)O)[C@H]23,"(1S,4Z,7R,17R)-4-ethylidene-7-hydroxy-7-methyl-6-methylidene-2,9-dioxa-14-azatricyclo[9.5.1.014,17]heptadec-11-ene-3,8-dione",C18H23NO5
C=C1C2CCC3C4(C)CCCC(C)(C(=O)O)C4CCC3(C2)C1O,"15-hydroxy-5,9-dimethyl-14-methylidenetetracyclo[11.2.1.01,10.04,9]hexadecane-5-carboxylic acid",C20H30O3
C=C1CC(=CC)C(=O)OC2CCN3CC=C(COC(=O)C1(C)O)C23,"4-ethylidene-7-hydroxy-7-methyl-6-methylidene-2,9-dioxa-14-azatricyclo[9.5.1.014,17]heptadec-11-ene-3,8-dione",C18H23NO5
C=C1CC(=CC)C(=O)OC2CCN3CC=C(COC(=O)C1(O)CO)C23,"4-ethylidene-7-hydroxy-7-(hydroxymethyl)-6-methylidene-2,9-dioxa-14-azatricyclo[9.5.1.014,17]heptadec-11-ene-3,8-dione",C18H23NO6
C=C1CC(=O)O1,4-methylideneoxetan-2-one,C4H4O2
C=C1CC/C=C(/C)CC[C@@H]2[C@H]1CC2(C)C,"(1R,4Z,9R)-4,11,11-trimethyl-8-methylidenebicyclo[7.2.0]undec-4-ene",C15H24
C=C1CC23CC1(O)CCC2C12C=CC(O)C(C)(C(=O)O1)C2C3C(=O)O,"5,12-dihydroxy-11-methyl-6-methylidene-16-oxo-15-oxapentacyclo[9.3.2.15,8.01,10.02,8]heptadec-13-ene-9-carboxylic acid",C19H22O6
C=C1CC23CCC4C(C)(C(=O)O)CCCC4(C)C2CCC1(OC1OC(CO)C(O)C(O)C1O)C3,"5,9-dimethyl-14-methylidene-13-[3,4,5-trihydroxy-6-(hydroxymethyl)oxan-2-yl]oxytetracyclo[11.2.1.01,10.04,9]hexadecane-5-carboxylic acid",C26H40O8
C=C1CC23CCC4C(C)(C(=O)O)CCCC4(C)C2CCC1C3,"5,9-dimethyl-14-methylidenetetracyclo[11.2.1.01,10.04,9]hexadecane-5-carboxylic acid",C20H30O2
C=C1CC23CCC4C(C)(C(=O)OC5OC(CO)C(O)C(O)C5O)CCCC4(C)C2CCC1(OC1OC(CO)C(O)C(O)C1OC1OC(C)C(O)C(O)C1O)C3,"[3,4,5-trihydroxy-6-(hydroxymethyl)oxan-2-yl] 13-[4,5-dihydroxy-6-(hydroxymethyl)-3-(3,4,5-trihydroxy-6-methyloxan-2-yl)oxyoxan-2-yl]oxy-5,9-dimethyl-14-methylidenetetracyclo[11.2.1.01,10.04,9]hexadecane-5-carboxylate",C38H60O17
C=C1CCC(O)CC1=CC=C1CCCC2(C)C1CCC2C(C)CCCC(C)C,"3-[2-[7a-methyl-1-(6-methylheptan-2-yl)-2,3,3a,5,6,7-hexahydro-1H-inden-4-ylidene]ethylidene]-4-methylidenecyclohexan-1-ol",C27H44O
C=C1CCC2C(c3c(C)c(O)c4c(c31)C(=O)C(C)C4)C2(C)C,"7-hydroxy-4,8,11,11-tetramethyl-15-methylidenetetracyclo[7.6.0.02,6.010,12]pentadeca-1,6,8-trien-3-one",C20H24O2
C=C1CCC2CC1C2(C)C,"6,6-dimethyl-2-methylidenebicyclo[3.1.1]heptane",C10H16
C=C1CCC=C(C)CCC2C1CC2(C)C,"4,11,11-trimethyl-8-methylidenebicyclo[7.2.0]undec-4-ene",C15H24
C=C1CC[C@H](O)C/C1=C/C=C1/CCC[C@]2(C)[C@@H]1CC[C@H]2[C@H](C)CCCC(C)C,"(1S,3Z)-3-[(2Z)-2-[(1S,3aR,7aS)-7a-methyl-1-[(2R)-6-methylheptan-2-yl]-2,3,3a,5,6,7-hexahydro-1H-inden-4-ylidene]ethylidene]-4-methylidenecyclohexan-1-ol",C27H44O
C=C1C[C@@]23CCC4[C@@](C)(CCC[C@@]4(C)C(=O)O)C2CCC1(OC(C)=O)C3,,C22H32O4
C=C1C[C@@]23CC[C@H]4[C@@](C)(CCC[C@@]4(C)C(=O)O)[C@@H]2CC[C@]1(O[C@@H]1O[C@H](CO)[C@@H](O)[C@H](O)[C@H]1O[C@@H]1O[C@H](CO)[C@@H](O)[C@H](O)[C@H]1O)C3,"(1R,4S,5R,9S,10R,13S)-13-[(2S,3R,4S,5S,6R)-4,5-dihydroxy-6-(hydroxymethyl)-3-[(2S,3R,4S,5S,6R)-3,4,5-trihydroxy-6-(hydroxymethyl)oxan-2-yl]oxyoxan-2-yl]oxy-5,9-dimethyl-14-methylidenetetracyclo[11.2.1.01,10.04,9]hexadecane-5-carboxylic acid",C32H50O13
C=C1C[C@]23C[C@@]1(O)CC[C@@H]2[C@@]12C=C[C@H](O)[C@@](C)(C(=O)O1)[C@H]2[C@@H]3C(=O)O,"(1R,2S,5S,8S,9S,10R,11S,12S)-5,12-dihydroxy-11-methyl-6-methylidene-16-oxo-15-oxapentacyclo[9.3.2.15,8.01,10.02,8]heptadec-13-ene-9-carboxylic acid",C19H22O6
C=C1[C@H]2CC[C@H](C2)C1(C)C,"(1R,4S)-2,2-dimethyl-3-methylidenebicyclo[2.2.1]heptane",C10H16
C=C=O,ethenone,C2H2O
C=CBr,bromoethene,C2H3Br
C=CC,prop-1-ene,C3H6
C=CC#N,prop-2-enenitrile,C3H3N
C=CC(=C)C,"2-methylbuta-1,3-diene",C5H8
C=CC(=C)CCC=C(C)C,"7-methyl-3-methylideneocta-1,6-diene",C10H16
C=CC(=C)Cl,"2-chlorobuta-1,3-diene",C4H5Cl
C=CC(=O)N(CC1CO1)CC1CO1,"N,N-bis(oxiran-2-ylmethyl)prop-2-enamide",C9H13NO3
C=CC(=O)CC,pent-1-en-3-one,C5H8O
C=CC(=O)N(C[C@H]1CO1)C[C@H]1CO1,,C9H13NO3
C=CC(=O)N1CCN(c2ccccc2)CC1,1-(4-phenylpiperazin-1-yl)prop-2-en-1-one,C13H16N2O
C=CC(=O)NC(C)(C)CC(C)=O,N-(2-methyl-4-oxopentan-2-yl)prop-2-enamide,C9H15NO2
C=CC(=O)NCCCN(C)C,N-[3-(dimethylamino)propyl]prop-2-enamide,C8H16N2O
C=CC(=O)NCCC[N+](C)(C)C,trimethyl-[3-(prop-2-enoylamino)propyl]azanium,C9H19N2O+
C=CC(=O)NCNC(=O)C=C,N-[(prop-2-enoylamino)methyl]prop-2-enamide,C7H10N2O2
C=CC(=O)O,prop-2-enoic acid,C3H4O2
C=CC(=O)NCO,N-(hydroxymethyl)prop-2-enamide,C4H7NO2
C=CC(=O)OC,methyl prop-2-enoate,C4H6O2
C=CC(=O)OCC,ethyl prop-2-enoate,C5H8O2
C=CC(=O)OC(C)(C)C,tert-butyl prop-2-enoate,C7H12O2
C=CC(=O)OCC(C)(C)C,"2,2-dimethylpropyl prop-2-enoate",C8H14O2
C=CC(=O)OCC(Br)CBr,"2,3-dibromopropyl prop-2-enoate",C6H8Br2O2
C=CC(=O)OCC(C)(C)COC(=O)C=C,"(2,2-dimethyl-3-prop-2-enoyloxypropyl) prop-2-enoate",C11H16O4
C=CC(=O)OCC(C)C,2-methylpropyl prop-2-enoate,C7H12O2
C=CC(=O)OCC(C)O,2-hydroxypropyl prop-2-enoate,C6H10O3
C=CC(=O)OCC(CC)(COC(=O)C=C)COC(=O)C=C,"2,2-bis(prop-2-enoyloxymethyl)butyl prop-2-enoate",C15H20O6
C=CC(=O)OCC(CC)CCCC,2-ethylhexyl prop-2-enoate,C11H20O2
C=CC(=O)OCC1CO1,oxiran-2-ylmethyl prop-2-enoate,C6H8O3
C=CC(=O)OCC(CO)(COC(=O)C=C)COC(=O)C=C,[2-(hydroxymethyl)-3-prop-2-enoyloxy-2-(prop-2-enoyloxymethyl)propyl] prop-2-enoate,C14H18O7
C=CC(=O)OCCBr,2-bromoethyl prop-2-enoate,C5H7BrO2
C=CC(=O)OCCCC,butyl prop-2-enoate,C7H12O2
C=CC(=O)OCCCCC,pentyl prop-2-enoate,C8H14O2
C=CC(=O)OCCCCCC,hexyl prop-2-enoate,C9H16O2
C=CC(=O)OCCCCCCOC(=O)C=C,6-prop-2-enoyloxyhexyl prop-2-enoate,C12H18O4
C=CC(=O)OCCCCCC(C)C,6-methylheptyl prop-2-enoate,C11H20O2
C=CC(=O)OCCCCCOC(=O)C=C,5-prop-2-enoyloxypentyl prop-2-enoate,C11H16O4
C=CC(=O)OCCCCOC(=O)C=C,4-prop-2-enoyloxybutyl prop-2-enoate,C10H14O4
C=CC(=O)OCCN(C)C,2-(dimethylamino)ethyl prop-2-enoate,C7H13NO2
C=CC(=O)OCCCl,2-chloroethyl prop-2-enoate,C5H7ClO2
C=CC(=O)OCCO,2-hydroxyethyl prop-2-enoate,C5H8O3
C=CC(=O)OCCOC,2-methoxyethyl prop-2-enoate,C6H10O3
C=CC(=O)OCCOC(=O)C=C,2-prop-2-enoyloxyethyl prop-2-enoate,C8H10O4
C=CC(=O)OCCOCCOC(=O)C=C,2-(2-prop-2-enoyloxyethoxy)ethyl prop-2-enoate,C10H14O5
C=CC(=O)OCCOCCOCCOCCOC(=O)C=C,2-[2-[2-(2-prop-2-enoyloxyethoxy)ethoxy]ethoxy]ethyl prop-2-enoate,C14H22O7
C=CC(=O)OC[C@H](Br)CBr,"[(2S)-2,3-dibromopropyl] prop-2-enoate",C6H8Br2O2
C=CC(=O)OC[C@H](CC)CCCC,[(2R)-2-ethylhexyl] prop-2-enoate,C11H20O2
C=CC(=O)OC[C@H]1CO1,[(2R)-oxiran-2-yl]methyl prop-2-enoate,C6H8O3
C=CC(=O)c1ccc2c(c1)OCO2,"1-(1,3-benzodioxol-5-yl)prop-2-en-1-one",C10H8O3
C=CC(C)(C)c1cc2cc3c(cc2oc1=O)OC(C(C)(C)O)C3,"2-(2-hydroxypropan-2-yl)-6-(2-methylbut-3-en-2-yl)-2,3-dihydrofuro[3,2-g]chromen-7-one",C19H22O4
C=CC(C)(C)c1cc2cc3c(cc2oc1=O)OC(C(C)(C)OC(C)=O)C3,"2-[6-(2-methylbut-3-en-2-yl)-7-oxo-2,3-dihydrofuro[3,2-g]chromen-2-yl]propan-2-yl acetate",C21H24O5
C=CC(C)(CCC=C(C)C)OC(=O)c1ccccc1N,"3,7-dimethylocta-1,6-dien-3-yl 2-aminobenzoate",C17H23NO2
C=CC(C)=O,but-3-en-2-one,C4H6O
C=CC(C)(O)CCC=C(C)C,"3,7-dimethylocta-1,6-dien-3-ol",C10H18O
C=CC(Cl)CCl,"3,4-dichlorobut-1-ene",C4H6Cl2
C=CC(C)C#N,2-methylbut-3-enenitrile,C5H7N
C=CC(N)=O,prop-2-enamide,C3H5NO
C=CC(O)c1ccc(OC)cc1,1-(4-methoxyphenyl)prop-2-en-1-ol,C10H12O2
C=CC(OC(C)=O)c1ccc(OC)c2ccccc12,1-(4-methoxynaphthalen-1-yl)prop-2-enyl acetate,C16H16O3
C=CC(O)c1ccc2c(c1)OCO2,"1-(1,3-benzodioxol-5-yl)prop-2-en-1-ol",C10H10O3
C=CC(OC(C)=O)c1ccc2c(c1)OCO2,"1-(1,3-benzodioxol-5-yl)prop-2-enyl acetate",C12H12O4
C=CC(OC(C)=O)c1ccc(OC)cc1,1-(4-methoxyphenyl)prop-2-enyl acetate,C12H14O3
C=CC1(C)CC(O)C2(C)C(CCC3C4(C)CCCC32OC4=O)C1,,C20H30O3
C=CC1(C)CCC2(C)C(C1)C(=O)CC1C3(C)CCCC12OC3=O,"5-ethenyl-2,5,11-trimethyl-15-oxatetracyclo[9.3.2.01,10.02,7]hexadecane-8,16-dione",C20H28O3
C=CC1CC2C=CC1C2,5-ethenylbicyclo[2.2.1]hept-2-ene,C9H12
C=CC1(C)CO1,2-ethenyl-2-methyloxirane,C5H8O
C=CC1CC=CCC1,4-ethenylcyclohexene,C8H12
C=CC1CCC2(C)OC2C1,4-ethenyl-1-methyl-7-oxabicyclo[4.1.0]heptane,C9H14O
C=CC1CN2CCC1CC2C(O)c1ccnc2ccc(OC)cc12,(5-ethenyl-1-azabicyclo[2.2.2]octan-2-yl)-(6-methoxyquinolin-4-yl)methanol,C20H24N2O2
C=CC1CN2CCC1CC2C(OC(=O)C(C)O)c1ccnc2ccc(OC)cc12,[(5-ethenyl-1-azabicyclo[2.2.2]octan-2-yl)-(6-methoxyquinolin-4-yl)methyl] 2-hydroxypropanoate,C23H28N2O4
C=CC1CO1,2-ethenyloxirane,C4H6O
C=CC1CN2CCC1CC2C(OC(=O)OCC)c1ccnc2ccc(OC)cc12,[(5-ethenyl-1-azabicyclo[2.2.2]octan-2-yl)-(6-methoxyquinolin-4-yl)methyl] ethyl carbonate,C23H28N2O4
C=CC=C,"buta-1,3-diene",C4H6
C=CC=O,prop-2-enal,C3H4O
C=CCBr,3-bromoprop-1-ene,C3H5Br
C=CCC1(C(C)C#CCC)C(=O)NC(=O)N(C)C1=O,"5-hex-3-yn-2-yl-1-methyl-5-prop-2-enyl-1,3-diazinane-2,4,6-trione",C14H18N2O3
C=CCC1=C(C)[C@H](OC(=O)[C@H]2[C@H](C=C(C)C)C2(C)C)CC1=O,"cis-[(1R)-2-methyl-4-oxo-3-prop-2-enylcyclopent-2-en-1-yl] (1S,3S)-2,2-dimethyl-3-(2-methylprop-1-enyl)cyclopropane-1-carboxylate",C19H26O3
C=CCC1C(=O)CC(OC(=O)C2C(C=C(C)C)C2(C)C)=C1C,"(2-methyl-4-oxo-3-prop-2-enylcyclopenten-1-yl) 2,2-dimethyl-3-(2-methylprop-1-enyl)cyclopropane-1-carboxylate",C19H26O3
C=CCCC(C=O)CC,2-ethylhex-5-enal,C8H14O
C=CCCC1CO1,2-but-3-enyloxirane,C6H10O
C=CCCCC,hex-1-ene,C6H12
C=CCCCCC1CO1,2-hex-5-enyloxirane,C8H14O
C=CCCCCCC,oct-1-ene,C8H16
C=CCCCCCCCC,dec-1-ene,C10H20
C=CCCCCCCCCC,undec-1-ene,C11H22
C=CCCCCCCCCCCC,tridec-1-ene,C13H26
C=CCCCCCCCCCCCC,tetradec-1-ene,C14H28
C=CCCCCCCCCCCCCC,pentadec-1-ene,C15H30
C=CCCCC[C@H]1CO1,(2S)-2-hex-5-enyloxirane,C8H14O
C=CCCl,3-chloroprop-1-ene,C3H5Cl
C=CCN,prop-2-en-1-amine,C3H7N
C=CCN(CC=C)C1c2ccccc2-c2ccccc2C1N1C2c3ccccc3-c3ccccc3C21,"10-(1a,9b-dihydrophenanthro[9,10-b]azirin-1-yl)-N,N-bis(prop-2-enyl)-9,10-dihydrophenanthren-9-amine",C34H30N2
C=CCN(CC=C)CC=C,"N,N-bis(prop-2-enyl)prop-2-en-1-amine",C9H15N
C=CCN(CC=C)N=O,"N,N-bis(prop-2-enyl)nitrous amide",C6H10N2O
C=CCN(CC=C)c1cc(NC(C)=O)c(N=Nc2c(Br)cc([N+](=O)[O-])cc2[N+](=O)[O-])cc1OC,"N-[5-[bis(prop-2-enyl)amino]-2-[(2-bromo-4,6-dinitrophenyl)diazenyl]-4-methoxyphenyl]acetamide",C21H21BrN6O6
C=CCN1C2c3ccccc3-c3ccccc3C21,"1-prop-2-enyl-1a,9b-dihydrophenanthro[9,10-b]azirine",C17H15N
C=CCN1CCC=C2c3nc(NC(C)=O)sc3CCC21,"N-(6-prop-2-enyl-5,5a,7,8-tetrahydro-4H-[1,3]thiazolo[4,5-f]quinolin-2-yl)acetamide",C15H19N3OS
C=CCN=C=S,3-isothiocyanatoprop-1-ene,C4H5NS
C=CCNC(N)=O,prop-2-enylurea,C4H8N2O
C=CCNC(N)=S,prop-2-enylthiourea,C4H8N2S
C=CCNCC=C,N-prop-2-enylprop-2-en-1-amine,C6H11N
C=CCO,prop-2-en-1-ol,C3H6O
C=CCOC(=O)C=C,prop-2-enyl prop-2-enoate,C6H8O2
C=CCOC(=O)CC(C)C,prop-2-enyl 3-methylbutanoate,C8H14O2
C=CCOC(=O)CCCCC,prop-2-enyl hexanoate,C9H16O2
C=CCOC(=O)COCCC(C)C,prop-2-enyl 2-(3-methylbutoxy)acetate,C10H18O3
C=CCOC(=O)CCCCCCCC,prop-2-enyl nonanoate,C12H22O2
C=CCOC(=O)c1ccccc1N,prop-2-enyl 2-aminobenzoate,C10H11NO2
C=CCOC(=O)c1ccccc1C(=O)OCC=C,"bis(prop-2-enyl) benzene-1,2-dicarboxylate",C14H14O4
C=CCOC(C)=O,prop-2-enyl acetate,C5H8O2
C=CCOCC1CO1,2-(prop-2-enoxymethyl)oxirane,C6H10O2
C=CCOc1ccccc1OCC(O)CNC(C)C,1-(propan-2-ylamino)-3-(2-prop-2-enoxyphenoxy)propan-2-ol,C15H23NO3
C=CCOC[C@H]1CO1,(2R)-2-(prop-2-enoxymethyl)oxirane,C6H10O2
C=CCSSCCC,1-(prop-2-enyldisulfanyl)propane,C6H12S2
C=CC[C@]1([C@H](C)C#CCC)C(=O)NC(=O)N(C)C1=O,"(5S)-5-[(2R)-hex-3-yn-2-yl]-1-methyl-5-prop-2-enyl-1,3-diazinane-2,4,6-trione",C14H18N2O3
C=CCc1cc(OC)c2c(c1)OCO2,"4-methoxy-6-prop-2-enyl-1,3-benzodioxole",C11H12O3
C=CCc1ccc(O)c(O)c1,"4-prop-2-enylbenzene-1,2-diol",C9H10O2
C=CCc1ccc(O)c(OC)c1,2-methoxy-4-prop-2-enylphenol,C10H12O2
C=CCc1ccc(O)cc1,4-prop-2-enylphenol,C9H10O
C=CCc1ccc(OC)c(OC)c1,"1,2-dimethoxy-4-prop-2-enylbenzene",C11H14O2
C=CCc1ccc(OC)cc1,1-methoxy-4-prop-2-enylbenzene,C10H12O
C=CCc1ccc2c(c1)OCO2,"5-prop-2-enyl-1,3-benzodioxole",C10H10O2
C=CCc1ccccc1OCC(O)CNC(C)C,1-(propan-2-ylamino)-3-(2-prop-2-enylphenoxy)propan-2-ol,C15H23NO2
C=CCl,chloroethene,C2H3Cl
C=CCn1c(=O)n(CC=C)c(=O)n(CC=C)c1=O,"1,3,5-tris(prop-2-enyl)-1,3,5-triazinane-2,4,6-trione",C12H15N3O3
C=CCn1cc2c3c(cccc31)C1C=C(CO)CN(C)C1C2,"(7-methyl-4-prop-2-enyl-6,6a,8,10a-tetrahydroindolo[4,3-fg]quinolin-9-yl)methanol",C19H22N2O
C=CCn1cc2c3c(cccc31)C1CC(C)CN(C#N)C1C2,"9-methyl-4-prop-2-enyl-6,6a,8,9,10,10a-hexahydroindolo[4,3-fg]quinoline-7-carbonitrile",C19H21N3
C=CCn1cc2c3c(cccc31)[C@@H]1C=C(CO)CN(C)[C@@H]1C2,"[(6aR,10aS)-7-methyl-4-prop-2-enyl-6,6a,8,10a-tetrahydroindolo[4,3-fg]quinolin-9-yl]methanol",C19H22N2O
C=CN1CCCC1=O,1-ethenylpyrrolidin-2-one,C6H9NO
C=CN=Nc1ccccc1,ethenyl(phenyl)diazene,C8H8N2
C=COC,methoxyethene,C3H6O
C=COC(C)=O,ethenyl acetate,C4H6O2
C=COC(=O)C=C,ethenyl prop-2-enoate,C5H6O2
C=COCC(F)(F)F,"2-ethenoxy-1,1,1-trifluoroethane",C4H5F3O
C=COc1ccc([N+](=O)[O-])cc1,1-ethenoxy-4-nitrobenzene,C8H7NO3
C=CS(C)(=O)=O,1-methylsulfonylethene,C3H6O2S
C=C[C@@H](O)c1ccc2c(c1)OCO2,"(1R)-1-(1,3-benzodioxol-5-yl)prop-2-en-1-ol",C10H10O3
C=C[C@@H](OC(C)=O)c1ccc(OC)c2ccccc12,[(1R)-1-(4-methoxynaphthalen-1-yl)prop-2-enyl] acetate,C16H16O3
C=C[C@@H](OC(C)=O)c1ccc(OC)cc1,[(1R)-1-(4-methoxyphenyl)prop-2-enyl] acetate,C12H14O3
C=C[C@@H](OC(C)=O)c1ccc2c(c1)OCO2,"[(1R)-1-(1,3-benzodioxol-5-yl)prop-2-enyl] acetate",C12H12O4
C=C[C@@H]1CC=CCC1,(4S)-4-ethenylcyclohexene,C8H12
C=C[C@@H]1CC[C@@]2(C)O[C@H]2C1,,C9H14O
C=C[C@H]1CO1,(2S)-2-ethenyloxirane,C4H6O
C=C[C@H]1CN2CC[C@H]1C[C@H]2[C@H](O)c1ccnc2ccc(OC)cc12,"(R)-[(2S,4S,5R)-5-ethenyl-1-azabicyclo[2.2.2]octan-2-yl]-(6-methoxyquinolin-4-yl)methanol",C20H24N2O2
C=C[C@](C)(O)CCC=C(C)C,"(3R)-3,7-dimethylocta-1,6-dien-3-ol",C10H18O
C=C[C@](C)(CCC=C(C)C)OC(=O)c1ccccc1N,"[(3S)-3,7-dimethylocta-1,6-dien-3-yl] 2-aminobenzoate",C17H23NO2
C=Cc1ccc(C)cc1,1-ethenyl-4-methylbenzene,C9H10
C=Cc1c(Cl)c(Cl)c(Cl)c(Cl)c1Cl,"1,2,3,4,5-pentachloro-6-ethenylbenzene",C8H3Cl5
C=Cc1ccc(O)c(OC)c1,4-ethenyl-2-methoxyphenol,C9H10O2
C=Cc1ccc(N)cc1,4-ethenylaniline,C8H9N
C=Cc1ccc([N+](=O)[O-])cc1,1-ethenyl-4-nitrobenzene,C8H7NO2
C=Cc1ccccc1,styrene,C8H8
C=Cc1ccc(OC)cc1,1-ethenyl-4-methoxybenzene,C9H10O
C=Cc1ccccc1Cl,1-chloro-2-ethenylbenzene,C8H7Cl
C=Cc1ccccc1C=C,"1,2-bis(ethenyl)benzene",C10H10
C=Cc1ccccn1,2-ethenylpyridine,C7H7N
C=Cc1cccnc1,3-ethenylpyridine,C7H7N
C=Cc1ccncc1,4-ethenylpyridine,C7H7N
C=NO,N-methylidenehydroxylamine,CH3NO
C=[N+]([O-])O,N-hydroxymethanimine oxide,CH3NO2
CC#CC(OC(=O)NC1CCCCC1)(c1ccccc1)c1ccccc1,"1,1-diphenylbut-2-ynyl N-cyclohexylcarbamate",C23H25NO2
CBr,bromomethane,CH3Br
CC#N,acetonitrile,C2H3N
CC(/C=C(/C#N)c1ccc(Br)cc1)C(c1ccccc1)C(C#N)c1ccc(Br)cc1,"(E)-2,6-bis(4-bromophenyl)-4-methyl-5-phenylhept-2-enedinitrile",C26H20Br2N2
CC(/C=C(\C#N)c1ccc(Cl)c(Cl)c1)C(c1ccccc1)C(C#N)c1ccc(Cl)c(Cl)c1,"(Z)-2,6-bis(3,4-dichlorophenyl)-4-methyl-5-phenylhept-2-enedinitrile",C26H18Cl4N2
CC(/C=C(\C#N)c1ccc(F)cc1)C(c1ccccc1)C(C#N)c1ccc(F)cc1,,C26H20F2N2
CC(=C\C1=CCOC1=O)/C=C(C)/C=C/C=C(\C)C(=O)C12OC1C(O)(CCO)NC2=O,,C22H25NO7
CC(=N)S,ethanethioamide,C2H5NS
CC(=O)/C(=N/O)C(=O)N(c1ccccc1)N(C)N=O,N-(N-(3-hydroxy-2-nitrosobut-2-enoyl)anilino)-N-methylnitrous amide,C11H12N4O4
CC(=O)/C(C)=N\O,(3Z)-3-hydroxyiminobutan-2-one,C4H7NO2
CC(=O)/C=C/c1ccco1,(E)-4-(furan-2-yl)but-3-en-2-one,C8H8O2
CC(=O)/C=C\C1=C(C)CCCC1(C)C,"(Z)-4-(2,6,6-trimethylcyclohexen-1-yl)but-3-en-2-one",C13H20O
CC(=O)/C=C\c1ccc2c(c1)OCO2,"(Z)-4-(1,3-benzodioxol-5-yl)but-3-en-2-one",C11H10O3
CC(=O)/C=C\c1ccccc1,(Z)-4-phenylbut-3-en-2-one,C10H10O
CC(=O)/N=c1\sn(C(C)=O)c2ccc([N+](=O)[O-])cc12,"N-(1-acetyl-5-nitro-2,1-benzothiazol-3-ylidene)acetamide",C11H9N3O4S
CC(=O)C(=O)c1ccccc1,"1-phenylpropane-1,2-dione",C9H8O2
CC(=O)C(C)=O,"butane-2,3-dione",C4H6O2
CC(=O)C(Cl)(Cl)Cl,"1,1,1-trichloropropan-2-one",C3H3Cl3O
CC(=O)C(C)O,3-hydroxybutan-2-one,C4H8O2
CC(=O)C(Cl)Cl,"1,1-dichloropropan-2-one",C3H4Cl2O
CC(=O)C(N=Nc1ccc(-c2ccc(N=NC(C(C)=O)C(=O)Nc3ccccc3)c(Cl)c2)cc1Cl)C(=O)Nc1ccccc1,"2-[[4-[4-[(1-anilino-1,3-dioxobutan-2-yl)diazenyl]-3-chlorophenyl]-2-chlorophenyl]diazenyl]-3-oxo-N-phenylbutanamide",C32H26Cl2N6O4
CC(=O)C(N=Nc1ccc(-c2ccc(N=NC(C(C)=O)C(=O)Nc3ccc(C)cc3C)c(Cl)c2)cc1Cl)C(=O)Nc1ccc(C)cc1C,"2-[[2-chloro-4-[3-chloro-4-[[1-(2,4-dimethylanilino)-1,3-dioxobutan-2-yl]diazenyl]phenyl]phenyl]diazenyl]-N-(2,4-dimethylphenyl)-3-oxobutanamide",C36H34Cl2N6O4
CC(=O)C1(C)OC12C(=O)C=Cc1ccccc12,"3'-acetyl-3'-methylspiro[naphthalene-1,2'-oxirane]-2-one",C14H12O3
CC(=O)C1(C)OC12C=Cc1ccccc1C2=O,"3'-acetyl-3'-methylspiro[naphthalene-2,2'-oxirane]-1-one",C14H12O3
CC(=O)C1(O)C=C(OC2CC(N)C(O)C(C)O2)c2c(c(O)c3c(O)c4ccccc4c(O)c3c2O)C1,,C26H27NO9
CC(=O)C1(O)Cc2c(O)c3c(c(O)c2C(O)C1)C(=O)c1c(O)cccc1C3=O,"9-acetyl-4,6,7,9,11-pentahydroxy-8,10-dihydro-7H-tetracene-5,12-dione",C20H16O8
CC(=O)C1(O)Cc2c(O)c3c(c(O)c2C(OC2CC(N)C(O)C(C)O2)C1)C(=O)c1c(O)cccc1C3=O,"9-acetyl-7-(4-amino-5-hydroxy-6-methyloxan-2-yl)oxy-4,6,9,11-tetrahydroxy-8,10-dihydro-7H-tetracene-5,12-dione",C26H27NO10
CC(=O)C1(O)Cc2c(O)c3c(c(O)c2C(OC2CC(N)C(O)C(C)O2)C1)C(=O)c1ccccc1C3=O,"9-acetyl-7-(4-amino-5-hydroxy-6-methyloxan-2-yl)oxy-6,9,11-trihydroxy-8,10-dihydro-7H-tetracene-5,12-dione",C26H27NO9
CC(=O)C1=C(C(C)(C)C)C(=O)C(C(C)(C)C)=C1,"3-acetyl-2,5-ditert-butylcyclopenta-2,4-dien-1-one",C15H22O2
CC(=O)C1(c2ccccc2)CCNCC1,1-(4-phenylpiperidin-4-yl)ethanone,C13H17NO
CC(=O)C1=C(O)C2C3c4c[nH]c5cccc(c45)CC3C(C)(C)N2C1=O,"5-acetyl-4-hydroxy-8,8-dimethyl-7,16-diazapentacyclo[9.6.1.02,9.03,7.015,18]octadeca-1(17),4,11(18),12,14-pentaen-6-one",C20H20N2O3
CC(=O)C1=CCC2C3=CCC4=CC(O)C(O)CC4(C)C3CC(O)C12C,"1-(2,3,12-trihydroxy-10,13-dimethyl-2,3,6,9,11,12,14,15-octahydro-1H-cyclopenta[a]phenanthren-17-yl)ethanone",C21H28O4
CC(=O)C1C(=O)C=C(C)OC1=O,"3-acetyl-6-methylpyran-2,4-dione",C8H8O4
CC(=O)C1CCC2C3CC=C4CC(=O)CCC4(C)C3CCC12C,"17-acetyl-10,13-dimethyl-1,2,4,7,8,9,11,12,14,15,16,17-dodecahydrocyclopenta[a]phenanthren-3-one",C21H30O2
CC(=O)C1CCC2C3CCC4=CC(=O)CCC4(C)C3CCC12C,"17-acetyl-10,13-dimethyl-1,2,6,7,8,9,11,12,14,15,16,17-dodecahydrocyclopenta[a]phenanthren-3-one",C21H30O2
CC(=O)C1c2cccc(O)c2C(=O)c2c(O)cccc21,"10-acetyl-1,8-dihydroxy-10H-anthracen-9-one",C16H12O4
CC(=O)C=O,2-oxopropanal,C3H4O2
CC(=O)CC(=O)/C=C/C(=O)O,"(E)-4,6-dioxohept-2-enoic acid",C7H8O4
CC(=O)CC(=O)CCC(=O)O,"4,6-dioxoheptanoic acid",C7H10O4
CC(=O)CC(=O)Nc1ccc(C)cc1,N-(4-methylphenyl)-3-oxobutanamide,C11H13NO2
CC(=O)CC(=O)Nc1ccc(O)cc1,N-(4-hydroxyphenyl)-3-oxobutanamide,C10H11NO3
CC(=O)CC(=O)Nc1ccccc1,3-oxo-N-phenylbutanamide,C10H11NO2
CC(=O)CC(C)(C)O,4-hydroxy-4-methylpentan-2-one,C6H12O2
CC(=O)CC(=O)Nc1ccccc1C,N-(2-methylphenyl)-3-oxobutanamide,C11H13NO2
CC(=O)CC(C)C,4-methylpentan-2-one,C6H12O
CC(=O)CC(C)=O,"pentane-2,4-dione",C5H8O2
CC(=O)CCC(C)=O,"hexane-2,5-dione",C6H10O2
CC(=O)CCOOCCC(C)=O,4-(3-oxobutylperoxy)butan-2-one,C8H14O4
CC(=O)CCl,1-chloropropan-2-one,C3H5ClO
CC(=O)CN(C)N=O,N-methyl-N-(2-oxopropyl)nitrous amide,C4H8N2O2
CC(=O)CN(CC(C)=O)N=O,"N,N-bis(2-oxopropyl)nitrous amide",C6H10N2O3
CC(=O)CN(CC(C)O)N=O,N-(2-hydroxypropyl)-N-(2-oxopropyl)nitrous amide,C6H12N2O3
CC(=O)CN(C[C@@H](C)O)N=O,,C6H12N2O3
CC(=O)CN(COC(C)=O)N=O,[nitroso(2-oxopropyl)amino]methyl acetate,C6H10N2O4
CC(=O)Cl,acetyl chloride,C2H3ClO
CC(=O)N(C)C,"N,N-dimethylacetamide",C4H9NO
CC(=O)N(C)c1ccc(N=Nc2ccc(N(C)C(C)=O)cc2)cc1,N-[4-[[4-[acetyl(methyl)amino]phenyl]diazenyl]phenyl]-N-methylacetamide,C18H20N4O2
CC(=O)N(C)N=O,N-methyl-N-nitrosoacetamide,C3H6N2O2
CC(=O)N(C)c1snc2ccccc12,"N-(2,1-benzothiazol-3-yl)-N-methylacetamide",C10H10N2OS
CC(=O)N(C)c1ccc(N=Nc2ccc(N(C)C)cc2)cc1,N-[4-[[4-(dimethylamino)phenyl]diazenyl]phenyl]-N-methylacetamide,C17H20N4O
CC(=O)N(CC(O)CO)c1c(I)c(C(=O)NCCO)c(I)c(C(=O)NCC(O)CO)c1I,"5-[acetyl(2,3-dihydroxypropyl)amino]-3-N-(2,3-dihydroxypropyl)-1-N-(2-hydroxyethyl)-2,4,6-triiodobenzene-1,3-dicarboxamide",C18H24I3N3O8
CC(=O)N(Cl)c1ccc2c(c1)Cc1ccccc1-2,N-chloro-N-(9H-fluoren-2-yl)acetamide,C15H12ClNO
CC(=O)N(N)C(C)=O,N-acetylacetohydrazide,C4H8N2O2
CC(=O)N(O)c1ccc(-c2ccccc2)cc1,N-hydroxy-N-(4-phenylphenyl)acetamide,C14H13NO2
CC(=O)N(Nc1ccc2c(c1)Cc1ccccc1-2)c1ccc2c(c1)Cc1ccccc1-2,"N,N'-bis(9H-fluoren-2-yl)acetohydrazide",C28H22N2O
CC(=O)N(O)c1ccc(/C=C/c2ccccc2)cc1,N-hydroxy-N-[4-[(E)-2-phenylethenyl]phenyl]acetamide,C16H15NO2
CC(=O)N(O)c1ccc(Br)cc1,N-(4-bromophenyl)-N-hydroxyacetamide,C8H8BrNO2
CC(=O)N(O)c1ccc(C)cc1,N-hydroxy-N-(4-methylphenyl)acetamide,C9H11NO2
CC(=O)N(O)c1ccc(Cl)c(Cl)c1,"N-(3,4-dichlorophenyl)-N-hydroxyacetamide",C8H7Cl2NO2
CC(=O)N(O)c1ccc(Cl)cc1,N-(4-chlorophenyl)-N-hydroxyacetamide,C8H8ClNO2
CC(=O)N(O)c1ccc(Oc2ccc(Cl)cc2)cc1,N-[4-(4-chlorophenoxy)phenyl]-N-hydroxyacetamide,C14H12ClNO3
CC(=O)N(O)c1ccc(Oc2ccc(Cl)cc2Cl)cc1,"N-[4-(2,4-dichlorophenoxy)phenyl]-N-hydroxyacetamide",C14H11Cl2NO3
CC(=O)N(O)c1ccc(Oc2ccccc2)cc1,N-hydroxy-N-(4-phenoxyphenyl)acetamide,C14H13NO3
CC(=O)N(O)c1ccc(Sc2ccccc2)cc1,N-hydroxy-N-(4-phenylsulfanylphenyl)acetamide,C14H13NO2S
CC(=O)N(O)c1ccc([N+](=O)[O-])cc1,N-hydroxy-N-(4-nitrophenyl)acetamide,C8H8N2O4
CC(=O)N(O)c1ccc2ccc3cccc4ccc1c2c34,N-hydroxy-N-pyren-1-ylacetamide,C18H13NO2
CC(=O)N(O)c1ccc2c(c1)Cc1ccccc1-2,N-(9H-fluoren-2-yl)-N-hydroxyacetamide,C15H13NO2
CC(=O)N(O)c1ccccc1,N-hydroxy-N-phenylacetamide,C8H9NO2
CC(=O)N(O)c1ccc2ccccc2c1,N-hydroxy-N-naphthalen-2-ylacetamide,C12H11NO2
CC(=O)N(O)c1ccccc1C,N-hydroxy-N-(2-methylphenyl)acetamide,C9H11NO2
CC(=O)N(OC(=O)c1ccccc1)c1ccc2c(c1)Cc1ccccc1-2,[acetyl(9H-fluoren-2-yl)amino] benzoate,C22H17NO3
CC(=O)N(OC1OC(CO)C(O)C(O)C1O)c1ccc(Oc2ccc(Cl)cc2)cc1,"N-[4-(4-chlorophenoxy)phenyl]-N-[3,4,5-trihydroxy-6-(hydroxymethyl)oxan-2-yl]oxyacetamide",C20H22ClNO8
CC(=O)N(O[C@@H]1O[C@H](CO)[C@@H](O)[C@H](O)[C@H]1O)c1ccc(Oc2ccc(Cl)cc2)cc1,"N-[4-(4-chlorophenoxy)phenyl]-N-[(2S,3R,4S,5S,6R)-3,4,5-trihydroxy-6-(hydroxymethyl)oxan-2-yl]oxyacetamide",C20H22ClNO8
CC(=O)N/N=C/C1=CN(O)c2ccccc2N1O,,C11H12N4O3
CC(=O)N1CCCC1C(=O)N(CC(=O)O)N=O,2-[(1-acetylpyrrolidine-2-carbonyl)-nitrosoamino]acetic acid,C9H13N3O5
CC(=O)N1CCC[C@H]1C(=O)N(CC(=O)O)N=O,2-[[(2S)-1-acetylpyrrolidine-2-carbonyl]-nitrosoamino]acetic acid,C9H13N3O5
CC(=O)N1CNC(=O)N(C(C)=O)C1=O,"1,3-diacetyl-1,3,5-triazinane-2,4-dione",C7H9N3O4
CC(=O)NBr,N-bromoacetamide,C2H4BrNO
CC(=O)N=C1C=CC(=O)C=C1,"N-(4-oxocyclohexa-2,5-dien-1-ylidene)acetamide",C8H7NO2
CC(=O)NC(C(=O)N(CC(=O)O)N=O)C(C)C,2-[(2-acetamido-3-methylbutanoyl)-nitrosoamino]acetic acid,C9H15N3O5
CC(=O)NC(CS)C(=O)O,2-acetamido-3-sulfanylpropanoic acid,C5H9NO3S
CC(=O)NC(CS/C(Cl)=C/Cl)C(=O)O,"2-acetamido-3-[(Z)-1,2-dichloroethenyl]sulfanylpropanoic acid",C7H9Cl2NO3S
CC(=O)NC(CS/C(F)=C(\F)C(F)(F)F)C(=O)O,,C8H8F5NO3S
CC(=O)NC(CSC(Cl)=C(Cl)C(Cl)=C(Cl)Cl)C(=O)O,"2-acetamido-3-(1,2,3,4,4-pentachlorobuta-1,3-dienylsulfanyl)propanoic acid",C9H8Cl5NO3S
CC(=O)NC(CSC(Cl)=C(Cl)Cl)C(=O)O,"2-acetamido-3-(1,2,2-trichloroethenylsulfanyl)propanoic acid",C7H8Cl3NO3S
CC(=O)NC(CSCCCl)C(=O)O,2-acetamido-3-(2-chloroethylsulfanyl)propanoic acid,C7H12ClNO3S
CC(=O)NCC(O)COc1cccc2ccccc12,N-(2-hydroxy-3-naphthalen-1-yloxypropyl)acetamide,C15H17NO3
CC(=O)NC1=NC(c2ccc([N+](=O)[O-])o2)=NOC1,"N-[3-(5-nitrofuran-2-yl)-6H-1,2,4-oxadiazin-5-yl]acetamide",C9H8N4O5
CC(=O)NCc1nc(-c2ccc([N+](=O)[O-])o2)no1,"N-[[3-(5-nitrofuran-2-yl)-1,2,4-oxadiazol-5-yl]methyl]acetamide",C9H8N4O5
CC(=O)NCCc1ccc(O)c(-c2c(O)c(O)c3c(c2O)C(=O)c2c(cc(O)c(C(=O)O)c2C(=O)O)C3=O)c1,"7-[5-(2-acetamidoethyl)-2-hydroxyphenyl]-3,5,6,8-tetrahydroxy-9,10-dioxoanthracene-1,2-dicarboxylic acid",C26H19NO12
CC(=O)NN=Cc1c[n+]([O-])c2ccccc2[n+]1[O-],"N-[(1,4-dioxidoquinoxaline-1,4-diium-2-yl)methylideneamino]acetamide",C11H10N4O3
CC(=O)NN,acetohydrazide,C2H6N2O
CC(=O)NNC(=O)c1ccccn1,N'-acetylpyridine-2-carbohydrazide,C8H9N3O2
CC(=O)NNc1ccc(CO)cc1,N'-[4-(hydroxymethyl)phenyl]acetohydrazide,C9H12N2O2
CC(=O)NNc1ccccc1,N'-phenylacetohydrazide,C8H10N2O
CC(=O)NO,N-hydroxyacetamide,C2H5NO2
CC(=O)N[C@@H](CS)C(=O)O,(2R)-2-acetamido-3-sulfanylpropanoic acid,C5H9NO3S
CC(=O)NS(=O)(=O)c1ccc(N)cc1,N-(4-aminophenyl)sulfonylacetamide,C8H10N2O3S
CC(=O)N[C@@H](CS/C(Cl)=C(\Cl)C(Cl)=C(Cl)Cl)C(=O)O,"(2R)-2-acetamido-3-[(1E)-1,2,3,4,4-pentachlorobuta-1,3-dienyl]sulfanylpropanoic acid",C9H8Cl5NO3S
CC(=O)Nc1c(O)cc2c3c(cccc13)-c1ccccc1-2,N-(2-hydroxyfluoranthen-3-yl)acetamide,C18H13NO2
CC(=O)Nc1cc(N(C)C)ccc1N=Nc1cccnc1,N-[5-(dimethylamino)-2-(pyridin-3-yldiazenyl)phenyl]acetamide,C15H17N5O
CC(=O)Nc1cc(N=Nc2ccc(C)c(NC(C)=O)c2)ccc1C,N-[5-[(3-acetamido-4-methylphenyl)diazenyl]-2-methylphenyl]acetamide,C18H20N4O2
CC(=O)Nc1cc(N=[N+]([O-])c2ccc(C)c(NC(C)=O)c2)ccc1C,(3-acetamido-4-methylphenyl)-(3-acetamido-4-methylphenyl)imino-oxidoazanium,C18H20N4O3
CC(=O)Nc1cc(O)c2ccc3cccc4ccc1c2c34,N-(3-hydroxypyren-1-yl)acetamide,C18H13NO2
CC(=O)Nc1cc2c(cc1Cl)-c1ccccc1C2,N-(3-chloro-9H-fluoren-2-yl)acetamide,C15H12ClNO
CC(=O)Nc1cc2c(cc1O)-c1ccccc1C2,N-(3-hydroxy-9H-fluoren-2-yl)acetamide,C15H13NO2
CC(=O)Nc1cc2c(cc1OC(C)=O)-c1ccccc1C2,(2-acetamido-9H-fluoren-3-yl) acetate,C17H15NO3
CC(=O)Nc1cc2c(cc1OC(=O)c1ccccc1)-c1ccccc1C2,(2-acetamido-9H-fluoren-3-yl) benzoate,C22H17NO3
CC(=O)Nc1ccc(-c2ccc(N)cc2)cc1,N-[4-(4-aminophenyl)phenyl]acetamide,C14H14N2O
CC(=O)Nc1ccc(-c2ccc(NC(C)=O)cc2)cc1,N-[4-(4-acetamidophenyl)phenyl]acetamide,C16H16N2O2
CC(=O)Nc1ccc(/C=C/C(=O)c2ccccc2)cc1,N-[4-[(E)-3-oxo-3-phenylprop-1-enyl]phenyl]acetamide,C17H15NO2
CC(=O)Nc1ccc(-c2ccccc2)cc1,N-(4-phenylphenyl)acetamide,C14H13NO
CC(=O)Nc1ccc(/C=C\c2ccccc2)cc1,N-[4-[(Z)-2-phenylethenyl]phenyl]acetamide,C16H15NO
CC(=O)Nc1ccc(/C=N/n2nnc3ccnc-3c2O)cc1,,C14H12N6O2
CC(=O)Nc1ccc(C(=O)/C=C/c2ccccc2)cc1,N-[4-[(E)-3-phenylprop-2-enoyl]phenyl]acetamide,C17H15NO2
CC(=O)Nc1ccc(C(=O)C2OC2c2ccccc2)cc1,N-[4-(3-phenyloxirane-2-carbonyl)phenyl]acetamide,C17H15NO3
CC(=O)Nc1ccc(C(=O)CCl)cc1,N-[4-(2-chloroacetyl)phenyl]acetamide,C10H10ClNO2
CC(=O)Nc1ccc(C(=O)O)cc1,4-acetamidobenzoic acid,C9H9NO3
CC(=O)Nc1ccc(C)c(N)c1,N-(3-amino-4-methylphenyl)acetamide,C9H12N2O
CC(=O)Nc1ccc(C(=O)[C@@H]2O[C@H]2c2ccccc2)cc1,"N-[4-[(2R,3S)-3-phenyloxirane-2-carbonyl]phenyl]acetamide",C17H15NO3
CC(=O)Nc1ccc(C)c(N=Nc2cc(NC(C)=O)ccc2C)c1,N-[3-[(5-acetamido-2-methylphenyl)diazenyl]-4-methylphenyl]acetamide,C18H20N4O2
CC(=O)Nc1ccc(C)c(N=[N+]([O-])c2cc(NC(C)=O)ccc2C)c1,(5-acetamido-2-methylphenyl)-(5-acetamido-2-methylphenyl)imino-oxidoazanium,C18H20N4O3
CC(=O)Nc1ccc(C)cc1,N-(4-methylphenyl)acetamide,C9H11NO
CC(=O)Nc1ccc(C2OC2C(=O)c2ccccc2)cc1,N-[4-(3-benzoyloxiran-2-yl)phenyl]acetamide,C17H15NO3
CC(=O)Nc1ccc(CC(=O)O)cc1,2-(4-acetamidophenyl)acetic acid,C10H11NO3
CC(=O)Nc1ccc(Cc2ccc(N)cc2)cc1,N-[4-[(4-aminophenyl)methyl]phenyl]acetamide,C15H16N2O
CC(=O)Nc1ccc(Cc2ccc(N)c(Cl)c2)cc1Cl,N-[4-[(4-amino-3-chlorophenyl)methyl]-2-chlorophenyl]acetamide,C15H14Cl2N2O
CC(=O)Nc1ccc(Cc2ccc(NC(C)=O)cc2)cc1,N-[4-[(4-acetamidophenyl)methyl]phenyl]acetamide,C17H18N2O2
CC(=O)Nc1ccc(Cc2ccc(NC(C)=O)c(Cl)c2)cc1Cl,N-[4-[(4-acetamido-3-chlorophenyl)methyl]-2-chlorophenyl]acetamide,C17H16Cl2N2O2
CC(=O)Nc1ccc(N)cc1,N-(4-aminophenyl)acetamide,C8H10N2O
CC(=O)Nc1ccc(N=Nc2ccc(N(C)C)cc2)cc1,N-[4-[[4-(dimethylamino)phenyl]diazenyl]phenyl]acetamide,C16H18N4O
CC(=O)Nc1ccc(N=Nc2cc(C)ccc2O)cc1,N-[4-[(2-hydroxy-5-methylphenyl)diazenyl]phenyl]acetamide,C15H15N3O2
CC(=O)Nc1ccc(NC(C)=O)c2c1C(=O)c1ccccc1C2=O,"N-(4-acetamido-9,10-dioxoanthracen-1-yl)acetamide",C18H14N2O4
CC(=O)Nc1ccc(Nc2ccc([N+](=O)[O-])cc2)cc1,N-[4-(4-nitroanilino)phenyl]acetamide,C14H13N3O3
CC(=O)Nc1ccc(OC(=O)c2ccccc2OC(C)=O)cc1,(4-acetamidophenyl) 2-acetyloxybenzoate,C17H15NO5
CC(=O)Nc1ccc(O)cc1,N-(4-hydroxyphenyl)acetamide,C8H9NO2
CC(=O)Nc1ccc(OCC(O)CNC(C)C)cc1,N-[4-[2-hydroxy-3-(propan-2-ylamino)propoxy]phenyl]acetamide,C14H22N2O3
CC(=O)Nc1ccc(Oc2ccc(N(O)C(C)=O)cc2)cc1,N-[4-[4-[acetyl(hydroxy)amino]phenoxy]phenyl]acetamide,C16H16N2O4
CC(=O)Nc1ccc(Oc2ccc(N(O)C=O)cc2)cc1,N-[4-[4-[formyl(hydroxy)amino]phenoxy]phenyl]acetamide,C15H14N2O4
CC(=O)Nc1ccc(Oc2ccc(N(OC(C)=O)C(C)=O)cc2)cc1,[4-(4-acetamidophenoxy)-N-acetylanilino] acetate,C18H18N2O5
CC(=O)Nc1ccc(Oc2ccc(N=O)cc2)cc1,N-[4-(4-nitrosophenoxy)phenyl]acetamide,C14H12N2O3
CC(=O)Nc1ccc(Oc2ccc(N)cc2)cc1,N-[4-(4-aminophenoxy)phenyl]acetamide,C14H14N2O2
CC(=O)Nc1ccc(Oc2ccc(NO)cc2)cc1,N-[4-[4-(hydroxyamino)phenoxy]phenyl]acetamide,C14H14N2O3
CC(=O)Nc1ccc(Oc2ccc(NC(C)=O)cc2)cc1,N-[4-(4-acetamidophenoxy)phenyl]acetamide,C16H16N2O3
CC(=O)Nc1ccc(Oc2ccc([N+](=O)[O-])cc2)cc1,N-[4-(4-nitrophenoxy)phenyl]acetamide,C14H12N2O4
CC(=O)Nc1ccc(Oc2ccccc2)cc1,N-(4-phenoxyphenyl)acetamide,C14H13NO2
CC(=O)Nc1ccc(S(=O)(=O)Cl)cc1,4-acetamidobenzenesulfonyl chloride,C8H8ClNO3S
CC(=O)Nc1ccc(S(=O)(=O)Nc2ccccn2)cc1,N-[4-(pyridin-2-ylsulfamoyl)phenyl]acetamide,C13H13N3O3S
CC(=O)Nc1ccc(S(=O)(=O)O)c2cc(S(=O)(=O)O)c(N=Nc3ccc(N=Nc4ccc(S(=O)(=O)O)cc4)c4ccc(S(=O)(=O)O)cc34)c(O)c12,"4-acetamido-5-hydroxy-6-[[7-sulfo-4-[(4-sulfophenyl)diazenyl]naphthalen-1-yl]diazenyl]naphthalene-1,7-disulfonic acid",C28H21N5O14S4
CC(=O)Nc1ccc(S(=O)(=O)c2ccc(N)cc2)cc1,N-[4-(4-aminophenyl)sulfonylphenyl]acetamide,C14H14N2O3S
CC(=O)Nc1ccc(S(N)(=O)=O)cc1,N-(4-sulfamoylphenyl)acetamide,C8H10N2O3S
CC(=O)Nc1ccc(S(=O)(=O)c2ccc(NC(C)=O)cc2)cc1,N-[4-(4-acetamidophenyl)sulfonylphenyl]acetamide,C16H16N2O4S
CC(=O)Nc1ccc([C@H]2O[C@H]2C(=O)c2ccccc2)cc1,,C17H15NO3
CC(=O)Nc1ccc(Sc2ccccc2)cc1,N-(4-phenylsulfanylphenyl)acetamide,C14H13NOS
CC(=O)Nc1ccc([N+](=O)[O-])cc1,N-(4-nitrophenyl)acetamide,C8H8N2O3
CC(=O)Nc1ccc2[nH]c3c(C)c4ccncc4c(C)c3c2c1,"N-(5,11-dimethyl-6H-pyrido[4,3-b]carbazol-9-yl)acetamide",C19H17N3O
CC(=O)Nc1ccc2c(=O)c(=O)c3cccc4ccc1c2c43,"N-(4,5-dioxopyren-1-yl)acetamide",C18H11NO3
CC(=O)Nc1ccc2c(c1)Cc1cc(NC(C)=O)ccc1-2,N-(7-acetamido-9H-fluoren-2-yl)acetamide,C17H16N2O2
CC(=O)Nc1ccc2c(c1)Cc1cc(O)ccc1-2,N-(7-hydroxy-9H-fluoren-2-yl)acetamide,C15H13NO2
CC(=O)Nc1ccc2c(c1)Cc1cccc(O)c1-2,N-(5-hydroxy-9H-fluoren-2-yl)acetamide,C15H13NO2
CC(=O)Nc1ccc2c(c1)Cc1ccccc1-2,N-(9H-fluoren-2-yl)acetamide,C15H13NO
CC(=O)Nc1ccc2c(c1O)Cc1ccccc1-2,N-(1-hydroxy-9H-fluoren-2-yl)acetamide,C15H13NO2
CC(=O)Nc1ccc2c(c1OC(=O)c1ccccc1)Cc1ccccc1-2,(2-acetamido-9H-fluoren-1-yl) benzoate,C22H17NO3
CC(=O)Nc1ccc2c(c1OC(C)=O)Cc1ccccc1-2,(2-acetamido-9H-fluoren-1-yl) acetate,C17H15NO3
CC(=O)Nc1ccc2c3c(cccc13)-c1cc(O)ccc1-2,N-(8-hydroxyfluoranthen-3-yl)acetamide,C18H13NO2
CC(=O)Nc1ccc2c3c(cccc13)-c1ccc(O)cc1-2,N-(9-hydroxyfluoranthen-3-yl)acetamide,C18H13NO2
CC(=O)Nc1ccc2ccc3c(O)ccc4ccc1c2c43,N-(6-hydroxypyren-1-yl)acetamide,C18H13NO2
CC(=O)Nc1ccc2ccc3ccc(O)c4ccc1c2c34,N-(8-hydroxypyren-1-yl)acetamide,C18H13NO2
CC(=O)Nc1ccc2ccc3cccc4ccc1c2c34,N-pyren-1-ylacetamide,C18H13NO
CC(=O)Nc1ccc2ccccc2n1,N-quinolin-2-ylacetamide,C11H10N2O
CC(=O)Nc1ccc2cccnc2c1,N-quinolin-7-ylacetamide,C11H10N2O
CC(=O)Nc1cccc(C)c1,N-(3-methylphenyl)acetamide,C9H11NO
CC(=O)Nc1ccc2ncccc2c1,N-quinolin-6-ylacetamide,C11H10N2O
CC(=O)Nc1cccc(N)c1,N-(3-aminophenyl)acetamide,C8H10N2O
CC(=O)Nc1cccc(N)c1C(=O)O,2-acetamido-6-aminobenzoic acid,C9H10N2O3
CC(=O)Nc1cccc(N=Nc2cccc(NC(C)=O)c2C)c1C,N-[3-[(3-acetamido-2-methylphenyl)diazenyl]-2-methylphenyl]acetamide,C18H20N4O2
CC(=O)Nc1cccc(N=[N+]([O-])c2cccc(NC(C)=O)c2C)c1C,(3-acetamido-2-methylphenyl)-(3-acetamido-2-methylphenyl)imino-oxidoazanium,C18H20N4O3
CC(=O)Nc1cccc(O)c1,N-(3-hydroxyphenyl)acetamide,C8H9NO2
CC(=O)Nc1cccc2c1-c1ccccc1C2,N-(9H-fluoren-4-yl)acetamide,C15H13NO
CC(=O)Nc1cccc2cc(F)cnc12,N-(3-fluoroquinolin-8-yl)acetamide,C11H9FN2O
CC(=O)Nc1cccc2cccnc12,N-quinolin-8-ylacetamide,C11H10N2O
CC(=O)Nc1cccc2ncccc12,N-quinolin-5-ylacetamide,C11H10N2O
CC(=O)Nc1ccccc1,N-phenylacetamide,C8H9NO
CC(=O)Nc1ccccc1C,N-(2-methylphenyl)acetamide,C9H11NO
CC(=O)Nc1ccnc2ccccc12,N-quinolin-4-ylacetamide,C11H10N2O
CC(=O)Nc1cnc2ccccc2c1,N-quinolin-3-ylacetamide,C11H10N2O
CC(=O)Nc1nc(-c2cc([N+](=O)[O-])cs2)cs1,"N-[4-(4-nitrothiophen-2-yl)-1,3-thiazol-2-yl]acetamide",C9H7N3O3S2
CC(=O)Nc1nc(-c2ccc([N+](=O)[O-])o2)cs1,"N-[4-(5-nitrofuran-2-yl)-1,3-thiazol-2-yl]acetamide",C9H7N3O4S
CC(=O)Nc1nc(/C=C\c2ccc([N+](=O)[O-])o2)cs1,"N-[4-[(Z)-2-(5-nitrofuran-2-yl)ethenyl]-1,3-thiazol-2-yl]acetamide",C11H9N3O4S
CC(=O)Nc1nc(NC(C)=O)nc(-c2ccc([N+](=O)[O-])o2)n1,"N-[4-acetamido-6-(5-nitrofuran-2-yl)-1,3,5-triazin-2-yl]acetamide",C11H10N6O5
CC(=O)Nc1nc2c3cccnc3cc(C)c2n1C,"N-(3,4-dimethylimidazo[4,5-f]quinolin-2-yl)acetamide",C14H14N4O
CC(=O)Nc1nc2c3cccnc3ccc2n1C,"N-(3-methylimidazo[4,5-f]quinolin-2-yl)acetamide",C13H12N4O
CC(=O)Nc1nnc(-c2ccc([N+](=O)[O-])o2)s1,"N-[5-(5-nitrofuran-2-yl)-1,3,4-thiadiazol-2-yl]acetamide",C8H6N4O4S
CC(=O)Nc1snc2c(Cl)cc(Cl)cc12,"N-(5,7-dichloro-2,1-benzothiazol-3-yl)acetamide",C9H6Cl2N2OS
CC(=O)Nc1snc2ccc(Cl)cc12,"N-(5-chloro-2,1-benzothiazol-3-yl)acetamide",C9H7ClN2OS
CC(=O)Nc1snc2ccccc12,"N-(2,1-benzothiazol-3-yl)acetamide",C9H8N2OS
CC(=O)O,acetic acid,C2H4O2
CC(=O)OC(C(=O)c1ccccc1)c1ccccc1,"(2-oxo-1,2-diphenylethyl) acetate",C16H14O3
CC(=O)OC(C(C)=O)N(C)N=O,[1-[methyl(nitroso)amino]-2-oxopropyl] acetate,C6H10N2O4
CC(=O)OC(C)=O,acetyl acetate,C4H6O3
CC(=O)OC(C)C,propan-2-yl acetate,C5H10O2
CC(=O)OC(C)CN(CC(C)OC(C)=O)N=O,1-[2-acetyloxypropyl(nitroso)amino]propan-2-yl acetate,C10H18N2O5
CC(=O)OC(OC(C)=O)c1ccc([N+](=O)[O-])o1,[acetyloxy-(5-nitrofuran-2-yl)methyl] acetate,C9H9NO7
CC(=O)OC(c1ccc2c(c1)OCO2)C1CO1,"[1,3-benzodioxol-5-yl(oxiran-2-yl)methyl] acetate",C12H12O5
CC(=O)OC(c1ccccc1)N(C)N=O,[[methyl(nitroso)amino]-phenylmethyl] acetate,C10H12N2O3
CC(=O)OC/C=C(/C)CCC=C(C)C,"[(2Z)-3,7-dimethylocta-2,6-dienyl] acetate",C12H20O2
CC(=O)OC/C=C(C)/C=C/C=C(C)/C=C/C1=C(C)CCCC1(C)C,"[(2E,4E,6E,8E)-3,7-dimethyl-9-(2,6,6-trimethylcyclohexen-1-yl)nona-2,4,6,8-tetraenyl] acetate",C22H32O2
CC(=O)OC1(C(C)=O)CCC2C3C4CC4(Cl)C4=CC(=O)C5CC5C4(C)C3CCC21C,,C25H31ClO4
CC(=O)OC1(C(C)=O)CCC2C3C=C(Cl)C4=CC(=O)C5CC5C4(C)C3CCC21C,"(15-acetyl-9-chloro-2,16-dimethyl-6-oxo-15-pentacyclo[9.7.0.02,8.03,5.012,16]octadeca-7,9-dienyl) acetate",C24H29ClO4
CC(=O)OC1(C(C)=O)CCC2C3C=C(Cl)C4=CC(=O)OCC4(C)C3CCC21C,"(1-acetyl-5-chloro-9a,11a-dimethyl-7-oxo-2,3,3a,3b,9,9b,10,11-octahydroindeno[4,5-h]isochromen-1-yl) acetate",C22H27ClO5
CC(=O)OC1(C(C)=O)CCC2C3CC(C)=C4CC(=O)CCC4(C)C3CCC21C,"(17-acetyl-6,10,13-trimethyl-3-oxo-2,4,7,8,9,11,12,14,15,16-decahydro-1H-cyclopenta[a]phenanthren-17-yl) acetate",C24H34O4
CC(=O)OC1C(=O)OC2C(OC(C)=O)C(=O)OC12,"(6-acetyloxy-2,5-dioxo-3,3a,6,6a-tetrahydrofuro[3,2-b]furan-3-yl) acetate",C10H10O8
CC(=O)OC1(C(C)=O)CCC2C3CC(C)C4=CC(=O)CCC4(C)C3CCC21C,"(17-acetyl-6,10,13-trimethyl-3-oxo-2,6,7,8,9,11,12,14,15,16-decahydro-1H-cyclopenta[a]phenanthren-17-yl) acetate",C24H34O4
CC(=O)OC1C(O)C2OC3C=C(C)C(=O)C(O)C3(CO)C1(C)C21CO1,"[3,10-dihydroxy-2-(hydroxymethyl)-1,5-dimethyl-4-oxospiro[8-oxatricyclo[7.2.1.02,7]dodec-5-ene-12,2'-oxirane]-11-yl] acetate",C17H22O8
CC(=O)OC1C(O)C2OC3C=C(C)C(OC(=O)CC(C)C)CC3(OC(C)=O)C1(C)C21CO1,,C23H32O9
CC(=O)OC1C(O)C2OC3CC(C)C(=O)C(=O)C3(CO)C1(C)C21CO1,,C17H22O8
CC(=O)OC1C(OC23C=C(C)C4(CC4)C(C)(O)C2C(=O)C(C)(C)C3)OC(CO)C(OC(=O)/C=C/c2ccc(O)cc2)C1O,"[5-acetyloxy-4-hydroxy-2-(hydroxymethyl)-6-(7-hydroxy-2,2,5,7-tetramethyl-1-oxospiro[3,7a-dihydroindene-6,1'-cyclopropane]-3a-yl)oxyoxan-3-yl] (E)-3-(4-hydroxyphenyl)prop-2-enoate",C32H40O11
CC(=O)OC1C2CC(C)(C)CC2=C(C=O)C2(C=O)CC12C,"(1a,2-diformyl-4,4,6a-trimethyl-3,5,5a,6-tetrahydro-1H-cyclopropa[f]inden-6-yl) acetate",C17H22O4
CC(=O)OC1CC(C)OC(C)O1,"(2,6-dimethyl-1,3-dioxan-4-yl) acetate",C8H14O4
CC(=O)OC1C2OC2C2=CC(=O)C3(CC2(C)C1C)OC3(C)C=O,"(3'-formyl-3,3',3a-trimethyl-6-oxospiro[2,3,4,7b-tetrahydro-1aH-naphtho[1,2-b]oxirene-5,2'-oxirane]-2-yl) acetate",C17H20O6
CC(=O)OC1CC2C3(C)CCCC(C)(C)C3CCC2(C)C2(O)CC(C=O)=C(C=O)C12C,,C26H38O5
CC(=O)OC1CC2C(COC(=O)CC(C)C)=COC(OC(=O)CC(C)C)C2C12CO2,"[6-acetyloxy-1-(3-methylbutanoyloxy)spiro[4a,5,6,7a-tetrahydro-1H-cyclopenta[c]pyran-7,2'-oxirane]-4-yl]methyl 3-methylbutanoate",C22H32O8
CC(=O)OC1CC2C3(C)CCCC(C)(C)C3CCC2(C)C2CC=C(C=O)C(C=O)C12C,"(7,8-diformyl-1,1,4a,6a,10b-pentamethyl-2,3,4,4b,5,6,7,10,10a,11,12,12a-dodecahydrochrysen-6-yl) acetate",C27H40O4
CC(=O)OC1CCC2(C)C(=CCC3C2CCC2(C)C(C(C)CCCC(C)C)CCC32)C1,"[10,13-dimethyl-17-(6-methylheptan-2-yl)-2,3,4,7,8,9,11,12,14,15,16,17-dodecahydro-1H-cyclopenta[a]phenanthren-3-yl] acetate",C29H48O2
CC(=O)OC1COC(Nc2ccc([N+](=O)[O-])cc2)C(OC(C)=O)C1OC(C)=O,"[4,5-diacetyloxy-6-(4-nitroanilino)oxan-3-yl] acetate",C17H20N2O9
CC(=O)OC1COC(Nc2ccc(C(=O)O)cc2)C(OC(C)=O)C1OC(C)=O,"4-[(3,4,5-triacetyloxyoxan-2-yl)amino]benzoic acid",C18H21NO9
CC(=O)OC1Cc2c(C)ccc3cc4c(ccc5ccccc54)c1c23,"(3-methyl-1,2-dihydrobenzo[j]aceanthrylen-1-yl) acetate",C23H18O2
CC(=O)OC1Cc2c3ccc4ccccc4c3cc3ccc(C)c1c23,"(3-methyl-1,2-dihydrobenzo[j]aceanthrylen-2-yl) acetate",C23H18O2
CC(=O)OC1Cc2ccc3ccc4cccc5cc1c2c3c45,"2-pentacyclo[12.3.1.04,17.07,16.010,15]octadeca-1(18),4(17),5,7(16),8,10(15),11,13-octaenyl acetate",C20H14O2
CC(=O)OC1Cc2cc3cccc4ccc5ccc1c2c5c43,"3-pentacyclo[12.3.1.04,17.07,16.010,15]octadeca-1(18),4(17),5,7(16),8,10(15),11,13-octaenyl acetate",C20H14O2
CC(=O)OCC(=O)CN(C)N=O,[3-[methyl(nitroso)amino]-2-oxopropyl] acetate,C6H10N2O4
CC(=O)OCC(=O)NCCCOc1cccc(CN2CCCCC2)c1,[2-oxo-2-[3-[3-(piperidin-1-ylmethyl)phenoxy]propylamino]ethyl] acetate,C19H28N2O4
CC(=O)OCC(=O)[C@@]1(OC(C)=O)CC[C@H]2[C@@H]3C[C@@H](F)C4=CC(=O)C(Br)=C[C@]4(C)[C@@]3(F)[C@@H](O)C[C@@]21C,"[2-[(6R,8S,9R,10S,11S,13S,14S,17R)-17-acetyloxy-2-bromo-6,9-difluoro-11-hydroxy-10,13-dimethyl-3-oxo-6,7,8,11,12,14,15,16-octahydrocyclopenta[a]phenanthren-17-yl]-2-oxoethyl] acetate",C25H29BrF2O7
CC(=O)OCC(O)CO,"2,3-dihydroxypropyl acetate",C5H10O4
CC(=O)OCC12CCC(C)=CC1OC1C(O)C(OC(C)=O)C2(C)C12CO2,"(11-acetyloxy-10-hydroxy-1,5-dimethylspiro[8-oxatricyclo[7.2.1.02,7]dodec-5-ene-12,2'-oxirane]-2-yl)methyl acetate",C19H26O7
CC(=O)OCC12CC(OC(=O)CC(C)C)C(C)=CC1OC1C(O)C(OC(C)=O)C2(C)C12CO2,"[11-acetyloxy-2-(acetyloxymethyl)-10-hydroxy-1,5-dimethylspiro[8-oxatricyclo[7.2.1.02,7]dodec-5-ene-12,2'-oxirane]-4-yl] 3-methylbutanoate",C24H34O9
CC(=O)OCC12OOC1(C)c1ccccc1O2,"(7b-methyldioxeto[3,4-b][1]benzofuran-2a-yl)methyl acetate",C12H12O5
CC(=O)OCC1=COC(OC(=O)CC(C)C)C2C1=CC(OC(=O)CC(C)C)C21CO1,"[4-(acetyloxymethyl)-1-(3-methylbutanoyloxy)spiro[6,7a-dihydro-1H-cyclopenta[c]pyran-7,2'-oxirane]-6-yl] 3-methylbutanoate",C22H30O8
CC(=O)OCC1=CO[C@@H](OC(=O)CC(C)C)[C@H]2C1=C[C@H](OC(=O)CC(C)C)[C@]21CO1,"[(1S,6S,7R,7aS)-4-(acetyloxymethyl)-1-(3-methylbutanoyloxy)spiro[6,7a-dihydro-1H-cyclopenta[c]pyran-7,2'-oxirane]-6-yl] 3-methylbutanoate",C22H30O8
CC(=O)OCC1OC(Oc2cccc3c2C(=O)c2c(O)cccc2C3=O)C(OC(C)=O)C(OC(C)=O)C1OC(C)=O,,C28H26O13
CC(=O)OCCC(C)C,3-methylbutyl acetate,C7H14O2
CC(=O)OCCC(C=O)c1c(O)cc2c(c1O)C(=O)c1c(O)cc(O)cc1C2=O,"[4-oxo-3-(1,3,6,8-tetrahydroxy-9,10-dioxoanthracen-2-yl)butyl] acetate",C20H16O9
CC(=O)OCCN(CCOC(C)=O)c1ccc([N+](=O)[O-])c2c(NCCCN(C)C)c3ccccc3nc12,2-[2-acetyloxyethyl-[9-[3-(dimethylamino)propylamino]-1-nitroacridin-4-yl]amino]ethyl acetate,C26H33N5O6
CC(=O)OCCOCCOCCOC(C)=O,2-[2-(2-acetyloxyethoxy)ethoxy]ethyl acetate,C10H18O6
CC(=O)OCC[C@@H](C=O)c1c(O)cc2c(c1O)C(=O)c1c(O)cc(O)cc1C2=O,,C20H16O9
CC(=O)OCN(C)N=O,[methyl(nitroso)amino]methyl acetate,C4H8N2O3
CC(=O)OCN(C)[N+](=O)[O-],[methyl(nitro)amino]methyl acetate,C4H8N2O4
CC(=O)OCN(CCCCCl)N=O,[4-chlorobutyl(nitroso)amino]methyl acetate,C7H13ClN2O3
CC(=O)OCN(CCCCl)N=O,[3-chloropropyl(nitroso)amino]methyl acetate,C6H11ClN2O3
CC(=O)OCN(CCCl)N=O,[2-chloroethyl(nitroso)amino]methyl acetate,C5H9ClN2O3
CC(=O)OCN(N=O)c1ccccc1,(N-nitrosoanilino)methyl acetate,C9H10N2O3
CC(=O)OCN=[N+](C)[O-],acetyloxymethylimino-methyl-oxidoazanium,C4H8N2O3
CC(=O)OC[C@H](O)CO,"[(2R)-2,3-dihydroxypropyl] acetate",C5H10O4
CC(=O)OCNC(=O)c1ccc(Cl)cc1,[(4-chlorobenzoyl)amino]methyl acetate,C10H10ClNO3
CC(=O)OCc1c(O)cc2c(c1O)C(=O)c1ccccc1C2=O,"(1,3-dihydroxy-9,10-dioxoanthracen-2-yl)methyl acetate",C17H12O6
CC(=O)OC[C@H]1O[C@@H](Oc2cccc3c2C(=O)c2c(O)cccc2C3=O)[C@H](OC(C)=O)[C@@H](OC(C)=O)[C@@H]1OC(C)=O,"[(2R,3R,4S,5R,6S)-3,4,5-triacetyloxy-6-(8-hydroxy-9,10-dioxoanthracen-1-yl)oxyoxan-2-yl]methyl acetate",C28H26O13
CC(=O)OCc1c2cccc3ccc4cc5cccc6ccc1c(c65)c4c32,"12-hexacyclo[11.7.1.14,20.02,11.03,8.017,21]docosa-1,3(8),4,6,9,11,13,15,17(21),18,20(22)-undecaenylmethyl acetate",C25H16O2
CC(=O)OCc1c2ccccc2c(C)c2c1ccc1ccccc12,(12-methylbenzo[a]anthracen-7-yl)methyl acetate,C22H18O2
CC(=O)OCc1c2ccccc2c(C)c2ccc3ccccc3c12,(7-methylbenzo[a]anthracen-12-yl)methyl acetate,C22H18O2
CC(=O)OCc1c2ccccc2c(C)c2ccccc12,(10-methylanthracen-9-yl)methyl acetate,C18H16O2
CC(=O)OCc1c2ccccc2c2ccc3cccc4ccc1c2c43,benzo[b]pyren-6-ylmethyl acetate,C23H16O2
CC(=O)OCc1c2ccccc2cc2c1ccc1ccccc12,benzo[a]anthracen-7-ylmethyl acetate,C21H16O2
CC(=O)OCc1c2ccccc2cc2ccc3ccccc3c12,benzo[a]anthracen-12-ylmethyl acetate,C21H16O2
CC(=O)OCc1c2ccccc2cc2ccccc12,anthracen-9-ylmethyl acetate,C17H14O2
CC(=O)OCc1cc(C(C)=O)ccc1OC(C)=O,(5-acetyl-2-acetyloxyphenyl)methyl acetate,C13H14O5
CC(=O)OCc1ccc(N=Nc2ccc(COC(C)=O)cc2)cc1,[4-[[4-(acetyloxymethyl)phenyl]diazenyl]phenyl]methyl acetate,C18H18N2O4
CC(=O)OCc1ccc(N=Nc2ccc(N(C)C)cc2)cc1,[4-[[4-(dimethylamino)phenyl]diazenyl]phenyl]methyl acetate,C17H19N3O2
CC(=O)OCc1ccc([N+](=O)[O-])cc1,(4-nitrophenyl)methyl acetate,C9H9NO4
CC(=O)OCc1ccc2c(c1)OCO2,"1,3-benzodioxol-5-ylmethyl acetate",C10H10O4
CC(=O)OCc1ccc2ccc3cccc4ccc1c2c34,pyren-1-ylmethyl acetate,C19H14O2
CC(=O)OCc1cccc([N+](=O)[O-])c1,(3-nitrophenyl)methyl acetate,C9H9NO4
CC(=O)OCc1ccccc1,benzyl acetate,C9H10O2
CC(=O)OCc1ccccc1N=Nc1ccc(N(C)C)cc1,[2-[[4-(dimethylamino)phenyl]diazenyl]phenyl]methyl acetate,C17H19N3O2
CC(=O)OCc1ccccc1[N+](=O)[O-],(2-nitrophenyl)methyl acetate,C9H9NO4
CC(=O)OCc1cocc2c(C=O)ccc1-2,(7-formylcyclopenta[c]pyran-4-yl)methyl acetate,C12H10O4
CC(=O)OCc1ccco1,furan-2-ylmethyl acetate,C7H8O3
CC(=O)ON(C(C)=O)c1ccc(-c2ccccc2)cc1,(N-acetyl-4-phenylanilino) acetate,C16H15NO3
CC(=O)ON(C(C)=O)c1ccc(Sc2ccccc2)cc1,(N-acetyl-4-phenylsulfanylanilino) acetate,C16H15NO3S
CC(=O)ON(C(C)=O)c1ccc2c(c1)Cc1ccccc1-2,[acetyl(9H-fluoren-2-yl)amino] acetate,C17H15NO3
CC(=O)ON(C(C)=O)c1ccccc1C,(N-acetyl-2-methylanilino) acetate,C11H13NO3
CC(=O)ON(OC(C)C)C(=O)c1ccccc1,[benzoyl(propan-2-yloxy)amino] acetate,C12H15NO4
CC(=O)ON(C)c1ccc(N=Nc2ccccc2)cc1,(N-methyl-4-phenyldiazenylanilino) acetate,C15H15N3O2
CC(=O)ON(OCc1ccc(-c2ccccc2)cc1)C(=O)c1ccccc1,[benzoyl-[(4-phenylphenyl)methoxy]amino] acetate,C22H19NO4
CC(=O)ON(OCc1ccc(Br)cc1)C(=O)c1ccccc1,[benzoyl-[(4-bromophenyl)methoxy]amino] acetate,C16H14BrNO4
CC(=O)ON(OCc1ccc(C)cc1)C(=O)c1ccccc1,[benzoyl-[(4-methylphenyl)methoxy]amino] acetate,C17H17NO4
CC(=O)ON(OCc1ccc(C(C)(C)C)cc1)C(=O)c1ccccc1,[benzoyl-[(4-tert-butylphenyl)methoxy]amino] acetate,C20H23NO4
CC(=O)ON(OCc1ccc(Cl)cc1)C(=O)c1ccccc1,[benzoyl-[(4-chlorophenyl)methoxy]amino] acetate,C16H14ClNO4
CC(=O)ON(OCc1ccc(Oc2ccccc2)cc1)C(=O)c1ccccc1,[benzoyl-[(4-phenoxyphenyl)methoxy]amino] acetate,C22H19NO5
CC(=O)ON(OCc1ccc([N+](=O)[O-])cc1)C(=O)c1ccccc1,[benzoyl-[(4-nitrophenyl)methoxy]amino] acetate,C16H14N2O6
CC(=O)ON(OCc1ccccc1)C(=O)c1ccccc1,[benzoyl(phenylmethoxy)amino] acetate,C16H15NO4
CC(=O)OO,ethaneperoxoic acid,C2H4O3
CC(=O)OO[N+](=O)[O-],nitro ethaneperoxoate,C2H3NO5
CC(=O)O[C@@H](C)CN(C[C@H](C)OC(C)=O)N=O,,C10H18N2O5
CC(=O)O[C@@H](c1ccc2c(c1)OCO2)[C@@H]1CO1,"[(S)-1,3-benzodioxol-5-yl-[(2S)-oxiran-2-yl]methyl] acetate",C12H12O5
CC(=O)O[C@@H]1Cc2c3ccc4ccccc4c3cc3ccc(C)c1c23,"[(2R)-3-methyl-1,2-dihydrobenzo[j]aceanthrylen-2-yl] acetate",C23H18O2
CC(=O)O[C@H](c1ccccc1)N(C)N=O,,C10H12N2O3
CC(=O)O[C@H]1CC[C@]2(C)[C@H]3CC[C@@]4(C)[C@@H](CC[C@H]4[C@H](C)CCCC(C)C)[C@@H]3C[C@@H]3N(N4C(=O)c5ccccc5C4=O)[C@@]32C1,,C37H52N2O4
CC(=O)O[C@H]1C[C@@H]2C(COC(=O)CC(C)C)=CO[C@@H](OC(=O)CC(C)C)[C@H]2[C@@]12CO2,"[(1S,4aS,6S,7R,7aR)-6-acetyloxy-1-(3-methylbutanoyloxy)spiro[4a,5,6,7a-tetrahydro-1H-cyclopenta[c]pyran-7,2'-oxirane]-4-yl]methyl 3-methylbutanoate",C22H32O8
CC(=O)O[C@H]1C[C@H](C)O[C@@H](C)O1,"[(2R,4S,6S)-2,6-dimethyl-1,3-dioxan-4-yl] acetate",C8H14O4
CC(=O)O[C@H]1[C@@]2(O)CC(C)(C)CC2=C(C=O)[C@@]2(C=O)C[C@@]12C,"[(1aR,2R,2aR,6aR)-6,6a-diformyl-2a-hydroxy-1a,4,4-trimethyl-1,2,3,5-tetrahydrocyclopropa[f]inden-2-yl] acetate",C17H22O5
CC(=O)O[C@H]1[C@H](O)[C@@H]2O[C@H]3C=C(C)C(=O)[C@H](O)[C@@]3(CO)[C@@]1(C)[C@@]21CO1,"[(1R,2S,3R,7S,9S,10S,11R,12R)-3,10-dihydroxy-2-(hydroxymethyl)-1,5-dimethyl-4-oxospiro[8-oxatricyclo[7.2.1.02,7]dodec-5-ene-12,2'-oxirane]-11-yl] acetate",C17H22O8
CC(=O)Oc1c(C)c(C)c2c(c1C)CCC(C)(CCCC(C)CCCC(C)CCCC(C)C)O2,"[2,5,7,8-tetramethyl-2-(4,8,12-trimethyltridecyl)-3,4-dihydrochromen-6-yl] acetate",C31H52O3
CC(=O)Oc1c(OC(C)=O)c2c([N+](=O)[O-])ccc3c4ccccc4c4cccc1c4c23,(5-acetyloxy-6-nitrobenzo[e]pyren-4-yl) acetate,C24H15NO6
CC(=O)Oc1cc(C=O)cc2c1C(COC(N)=O)C1(OC(C)=O)ON2CC2C1N2C(C)=O,"[11-acetyl-9-acetyloxy-8-(carbamoyloxymethyl)-4-formyl-14-oxa-1,11-diazatetracyclo[7.4.1.02,7.010,12]tetradeca-2(7),3,5-trien-6-yl] acetate",C20H21N3O9
CC(=O)Oc1cc([N+](=O)[O-])c2ccc3cccc4ccc1c2c43,(3-nitropyren-1-yl) acetate,C18H11NO4
CC(=O)Oc1ccc(C(c2ccc(OC(C)=O)cc2)c2ccccn2)cc1,[4-[(4-acetyloxyphenyl)-pyridin-2-ylmethyl]phenyl] acetate,C22H19NO4
CC(=O)Oc1ccc(CCl)cc1,[4-(chloromethyl)phenyl] acetate,C9H9ClO2
CC(=O)Oc1ccc(CO)cc1,[4-(hydroxymethyl)phenyl] acetate,C9H10O3
CC(=O)Oc1ccc2c(c1)C1(C)OOC1(C)O2,"(2a,7b-dimethyldioxeto[3,4-b][1]benzofuran-6-yl) acetate",C12H12O5
CC(=O)Oc1ccc2c(CBr)cc(=O)oc2c1,[4-(bromomethyl)-2-oxochromen-7-yl] acetate,C12H9BrO4
CC(=O)Oc1ccc2c(c1)OC1(C)OOC21C,"(2a,7b-dimethyldioxeto[3,4-b][1]benzofuran-5-yl) acetate",C12H12O5
CC(=O)Oc1cccc2cccnc12,quinolin-8-yl acetate,C11H9NO2
CC(=O)Oc1ccccc1C(=O)Oc1ccccc1C(=O)O,2-(2-acetyloxybenzoyl)oxybenzoic acid,C16H12O6
CC(=O)Oc1ccccc1C(=O)O,2-acetyloxybenzoic acid,C9H8O4
CC(=O)[C@@H](C)O,(3R)-3-hydroxybutan-2-one,C4H8O2
CC(=O)[C@@H](N=Nc1ccc(-c2ccc(N=N[C@H](C(C)=O)C(=O)Nc3ccccc3)c(Cl)c2)cc1Cl)C(=O)Nc1ccccc1,"(2R)-2-[[4-[4-[[(2R)-1-anilino-1,3-dioxobutan-2-yl]diazenyl]-3-chlorophenyl]-2-chlorophenyl]diazenyl]-3-oxo-N-phenylbutanamide",C32H26Cl2N6O4
CC(=O)c1c(C)c([N+](=O)[O-])c(C(C)(C)C)c([N+](=O)[O-])c1C,"1-(4-tert-butyl-2,6-dimethyl-3,5-dinitrophenyl)ethanone",C14H18N2O5
CC(=O)[C@H]1CC[C@@H]2[C@@H]3CCC4=CC(=O)CC[C@]4(C)[C@H]3CC[C@]12C,"(8S,9S,10R,13S,14R,17S)-17-acetyl-10,13-dimethyl-1,2,6,7,8,9,11,12,14,15,16,17-dodecahydrocyclopenta[a]phenanthren-3-one",C21H30O2
CC(=O)c1c(O)c2n(c1O)C(C)(C)C1Cc3cccc4[nH]cc(c34)C21,"1-(4,6-dihydroxy-8,8-dimethyl-7,16-diazapentacyclo[9.6.1.02,9.03,7.015,18]octadeca-1(17),3,5,11(18),12,14-hexaen-5-yl)ethanone",C20H20N2O3
CC(=O)c1c(O)c(C)c(O)c2c1OC1=CC(=O)C(C(C)=O)C(=O)C12C,"2,6-diacetyl-7,9-dihydroxy-8,9b-dimethyldibenzofuran-1,3-dione",C18H16O7
CC(=O)c1c(O)cc(O)c2c1C(=O)c1cc(O)cc(O)c1C2=O,"1-acetyl-2,4,5,7-tetrahydroxyanthracene-9,10-dione",C16H10O7
CC(=O)c1c(O)cc(C)oc1=O,3-acetyl-4-hydroxy-6-methylpyran-2-one,C8H8O4
CC(=O)c1c([N+](=O)[O-])cc([N+](=O)[O-])n1[N+](=O)[O-],"1-(1,3,5-trinitropyrrol-2-yl)ethanone",C6H4N4O7
CC(=O)c1cc(C(C)(C)C)cc2c1CCC2(C)C,"1-(6-tert-butyl-1,1-dimethyl-2,3-dihydroinden-4-yl)ethanone",C17H24O
CC(=O)c1cc(Cc2ccc(N)c(C(C)=O)c2)ccc1N,1-[5-[(3-acetyl-4-aminophenyl)methyl]-2-aminophenyl]ethanone,C17H18N2O2
CC(=O)c1cc(N)ccc1OCC(O)CNC(C)(C)C,1-[5-amino-2-[3-(tert-butylamino)-2-hydroxypropoxy]phenyl]ethanone,C15H24N2O3
CC(=O)c1cc(NC(=O)NC(C)(C)C)ccc1OCC(O)CNC(C)(C)C,1-[3-acetyl-4-[3-(tert-butylamino)-2-hydroxypropoxy]phenyl]-3-tert-butylurea,C20H33N3O4
CC(=O)c1cc(NC(=O)Nc2ccc(OCC(O)CNC(C)(C)C)c(C(C)=O)c2)ccc1OCC(O)CNC(C)(C)C,"1,3-bis[3-acetyl-4-[3-(tert-butylamino)-2-hydroxypropoxy]phenyl]urea",C31H46N4O7
CC(=O)c1cc(NC(N)=O)ccc1OCC(O)CNC(C)(C)C,[3-acetyl-4-[3-(tert-butylamino)-2-hydroxypropoxy]phenyl]urea,C16H25N3O4
CC(=O)c1cc(NC(N)=O)ccc1OC[C@H](O)CNC(C)(C)C,[3-acetyl-4-[(2R)-3-(tert-butylamino)-2-hydroxypropoxy]phenyl]urea,C16H25N3O4
CC(=O)c1cc2c(cc1C)C(C)(C)C(C)C2(C)C,"1-(1,1,2,3,3,6-hexamethyl-2H-inden-5-yl)ethanone",C17H24O
CC(=O)c1cc2c(cc1C)C(C)(C)C(C)C2C(C)C,"1-(1,1,2,6-tetramethyl-3-propan-2-yl-2,3-dihydroinden-5-yl)ethanone",C18H26O
CC(=O)c1cc2c(cc1C)C(C)(C)C(C)CC2(C)C,"1-(3,5,5,6,8,8-hexamethyl-6,7-dihydronaphthalen-2-yl)ethanone",C18H26O
CC(=O)c1cc2c(cc1C)C(C)(C)[C@@H](C)C2(C)C,"1-[(2R)-1,1,2,3,3,6-hexamethyl-2H-inden-5-yl]ethanone",C17H24O
CC(=O)c1ccc(CC(C)C)cc1,1-[4-(2-methylpropyl)phenyl]ethanone,C12H16O
CC(=O)c1ccc(Cl)c(Cl)c1Cl,"1-(2,3,4-trichlorophenyl)ethanone",C8H5Cl3O
CC(=O)c1ccc(N=O)cc1,1-(4-nitrosophenyl)ethanone,C8H7NO2
CC(=O)c1ccc(NO)cc1,1-[4-(hydroxyamino)phenyl]ethanone,C8H9NO2
CC(=O)c1ccc(S(=O)(=O)NC(=O)NC2CCCCC2)cc1,1-(4-acetylphenyl)sulfonyl-3-cyclohexylurea,C15H20N2O4S
CC(=O)c1ccc([N+](=O)[O-])[nH]1,1-(5-nitro-1H-pyrrol-2-yl)ethanone,C6H6N2O3
CC(=O)c1ccc([N+](=O)[O-])cc1,1-(4-nitrophenyl)ethanone,C8H7NO3
CC(=O)c1ccc([N+](=O)[O-])s1,1-(5-nitrothiophen-2-yl)ethanone,C6H5NO3S
CC(=O)c1ccc2[nH]c3c(C)cc([N+](=O)[O-])c(C)c3c2c1,"1-(5,8-dimethyl-6-nitro-9H-carbazol-3-yl)ethanone",C16H14N2O3
CC(=O)c1ccc2c(c1)C(=O)C1(CC1)O2,"5-acetylspiro[1-benzofuran-2,1'-cyclopropane]-3-one",C12H10O3
CC(=O)c1ccc2c(c1)CN1C(=O)c3ccccc3C1=N2,,C17H12N2O2
CC(=O)c1ccc2ccccc2c1,1-naphthalen-2-ylethanone,C12H10O
CC(=O)c1ccc[nH]1,1-(1H-pyrrol-2-yl)ethanone,C6H7NO
CC(=O)c1cccc([N+](=O)[O-])c1,1-(3-nitrophenyl)ethanone,C8H7NO3
CC(=O)c1cccc2c1OC1(C)OOC21C,"1-(2a,7b-dimethyldioxeto[3,4-b][1]benzofuran-4-yl)ethanone",C12H12O4
CC(=O)c1ccccc1,1-phenylethanone,C8H8O
CC(=O)c1ccccc1[N+](=O)[O-],1-(2-nitrophenyl)ethanone,C8H7NO3
CC(=O)c1ccccn1,1-pyridin-2-ylethanone,C7H7NO
CC(=O)c1cccn1[N+](=O)[O-],1-(1-nitropyrrol-2-yl)ethanone,C6H6N2O3
CC(=O)c1ccco1,1-(furan-2-yl)ethanone,C6H6O2
CC(=O)c1ccncc1,1-pyridin-4-ylethanone,C7H7NO
CC(=O)c1oc([N+](=O)[O-])c(-c2ccccc2)c1-c1ccccc1,"1-(5-nitro-3,4-diphenylfuran-2-yl)ethanone",C18H13NO4
CC(=O)c1oc([N+](=O)[O-])c(Cl)c1Cl,"1-(3,4-dichloro-5-nitrofuran-2-yl)ethanone",C6H3Cl2NO4
CC(=O)n1ccnc1,1-imidazol-1-ylethanone,C5H6N2O
CC(=O)n1ncc(Cl)c(Cl)c1=O,"2-acetyl-4,5-dichloropyridazin-3-one",C6H4Cl2N2O2
CC(Br)(CBr)COP(=O)(OCC(C)(Br)CBr)OCC(C)(Br)CBr,"tris(2,3-dibromo-2-methylpropyl) phosphate",C12H21Br6O4P
CC(Br)(CCl)CBr,"1,2-dibromo-3-chloro-2-methylpropane",C4H7Br2Cl
CC(Br)(CO)CBr,"2,3-dibromo-2-methylpropan-1-ol",C4H8Br2O
CC(Br)Br,"1,1-dibromoethane",C2H4Br2
CC(Br)C(=O)N(C)Cc1ccccc1,N-benzyl-2-bromo-N-methylpropanamide,C11H14BrNO
CC(Br)C(=O)NC(C)(C)C,2-bromo-N-tert-butylpropanamide,C7H14BrNO
CC(Br)C(=O)NCc1ccc(Cl)cc1,2-bromo-N-[(4-chlorophenyl)methyl]propanamide,C10H11BrClNO
CC(Br)C(=O)NCc1ccccc1,N-benzyl-2-bromopropanamide,C10H12BrNO
CC(Br)C(=O)Nc1ccccc1,2-bromo-N-phenylpropanamide,C9H10BrNO
CC(Br)C(Br)COP(=O)(OCC(Br)C(C)Br)OCC(Br)C(C)Br,"tris(2,3-dibromobutyl) phosphate",C12H21Br6O4P
CC(Br)C(Br)CCl,"2,3-dibromo-1-chlorobutane",C4H7Br2Cl
CC(Br)CBr,"1,2-dibromopropane",C3H6Br2
CC(Br)C(N)=O,2-bromopropanamide,C3H6BrNO
CC(Br)c1ccccc1,1-bromoethylbenzene,C8H9Br
CC(C(=O)O)N(CC1(O)CCC(O)C(O)C1O)N=O,,C10H18N2O7
CC(C#N)CCC#N,2-methylpentanedinitrile,C6H8N2
CC(C(=O)O)c1ccc(Oc2nccs2)cc1,"2-[4-(1,3-thiazol-2-yloxy)phenyl]propanoic acid",C12H11NO3S
CC(C(=O)O)c1ccc2c(c1)[nH]c1ccc(Cl)cc12,2-(6-chloro-9H-carbazol-2-yl)propanoic acid,C15H12ClNO2
CC(C(=O)O)c1cccc(C(=O)c2ccccc2)c1,2-(3-benzoylphenyl)propanoic acid,C16H14O3
CC(C)(Br)C(=O)NCc1ccccc1,N-benzyl-2-bromo-2-methylpropanamide,C11H14BrNO
CC(C)(Br)C(=O)Nc1ccccc1,2-bromo-2-methyl-N-phenylpropanamide,C10H12BrNO
CC(C)(Br)C(Br)CCl,"2,3-dibromo-1-chloro-3-methylbutane",C5H9Br2Cl
CC(C)(C#N)C(C)(C)C#N,"2,2,3,3-tetramethylbutanedinitrile",C8H12N2
CC(C)(Br)C(Br)COP(=O)(OCC(Br)C(C)(C)Br)OCC(Br)C(C)(C)Br,"tris(2,3-dibromo-3-methylbutyl) phosphate",C15H27Br6O4P
CC(C)(C#N)N=NC(C)(C)C#N,2-(2-cyanopropan-2-yldiazenyl)-2-methylpropanenitrile,C8H12N4
CC(C)(C)Br,2-bromo-2-methylpropane,C4H9Br
CC(C)(C)C(=O)C(Oc1ccc(Cl)cc1)n1ccnc1,"1-(4-chlorophenoxy)-1-imidazol-1-yl-3,3-dimethylbutan-2-one",C15H17ClN2O2
CC(C)(C)C(=O)C1C(=O)c2ccccc2C1=O,"2-(2,2-dimethylpropanoyl)indene-1,3-dione",C14H14O3
CC(C)(C)C1=CC(=CC=C2C=C(C(C)(C)C)C(=O)C(C(C)(C)C)=C2)C=C(C(C)(C)C)C1=O,"2,6-ditert-butyl-4-[2-(3,5-ditert-butyl-4-oxocyclohexa-2,5-dien-1-ylidene)ethylidene]cyclohexa-2,5-dien-1-one",C30H42O2
CC(C)(C)C(Br)C(=O)Nc1ccccc1,"2-bromo-3,3-dimethyl-N-phenylbutanamide",C12H16BrNO
CC(C)(C)C1=CC(=O)C=C(C2=CC(=O)C=C(C(C)(C)C)C2=O)C1=O,"2-tert-butyl-6-(5-tert-butyl-3,6-dioxocyclohexa-1,4-dien-1-yl)cyclohexa-2,5-diene-1,4-dione",C20H22O4
CC(C)(C)C1=CC(=O)C=CC1=O,"2-tert-butylcyclohexa-2,5-diene-1,4-dione",C10H12O2
CC(C)(C)CBr,"1-bromo-2,2-dimethylpropane",C5H11Br
CC(C)(C)C1CCC2(CC1)CO2,6-tert-butyl-1-oxaspiro[2.5]octane,C11H20O
CC(C)(C)CC(C)(C)c1ccc(O)cc1,"4-(2,4,4-trimethylpentan-2-yl)phenol",C14H22O
CC(C)(C)CC(C)(C)c1ccc(OCCOCC[N+](C)(C)Cc2ccccc2)cc1,"benzyl-dimethyl-[2-[2-[4-(2,4,4-trimethylpentan-2-yl)phenoxy]ethoxy]ethyl]azanium",C27H42NO2+
CC(C)(C)CCCCCC(=O)OCC1CO1,"oxiran-2-ylmethyl 7,7-dimethyloctanoate",C13H24O3
CC(C)(C)CC(C)(S)CC(C)(C)C,"2,2,4,6,6-pentamethylheptane-4-thiol",C12H26S
CC(C)(C)CNC(=O)/C=C/c1ccc([N+](=O)[O-])o1,"(E)-N-(2,2-dimethylpropyl)-3-(5-nitrofuran-2-yl)prop-2-enamide",C12H16N2O4
CC(C)(C)CCCCCC(=O)OC[C@H]1CO1,"[(2R)-oxiran-2-yl]methyl 7,7-dimethyloctanoate",C13H24O3
CC(C)(C)N,2-methylpropan-2-amine,C4H11N
CC(C)(C)N(CC(=O)c1ccc(O)c(CO)c1)Cc1ccccc1,2-[benzyl(tert-butyl)amino]-1-[4-hydroxy-3-(hydroxymethyl)phenyl]ethanone,C20H25NO3
CC(C)(C)N(CCO)CCO,2-[tert-butyl(2-hydroxyethyl)amino]ethanol,C8H19NO2
CC(C)(C)N(Cc1ccccc1)CC(O)c1ccc(O)c(CO)c1,4-[2-[benzyl(tert-butyl)amino]-1-hydroxyethyl]-2-(hydroxymethyl)phenol,C20H27NO3
CC(C)(C)NC(=O)/C=C/c1ccc([N+](=O)[O-])o1,(E)-N-tert-butyl-3-(5-nitrofuran-2-yl)prop-2-enamide,C11H14N2O4
CC(C)(C)NC(=O)C1CCC2C3CC=C4C=C(C(=O)O)CCC4(C)C3CCC12C,"17-(tert-butylcarbamoyl)-10,13-dimethyl-2,7,8,9,11,12,14,15,16,17-decahydro-1H-cyclopenta[a]phenanthrene-3-carboxylic acid",C25H37NO3
CC(C)(C)NC(=O)SCC(NC(=O)CCC(N)C(=O)O)C(=O)NCC(=O)O,,C15H26N4O7S
CC(C)(C)NCC(O)COc1ccc(O)cc1C1CCCC1,4-[3-(tert-butylamino)-2-hydroxypropoxy]-3-cyclopentylphenol,C18H29NO3
CC(C)(C)NCC(O)COc1cccc2c1CC(O)C(O)C2,"5-[3-(tert-butylamino)-2-hydroxypropoxy]-1,2,3,4-tetrahydronaphthalene-2,3-diol",C17H27NO4
CC(C)(C)NCC(O)COc1ccccc1C1=CCCC1,1-(tert-butylamino)-3-[2-(cyclopenten-1-yl)phenoxy]propan-2-ol,C18H27NO2
CC(C)(C)NCC(O)COc1nsnc1N1CCOCC1,"1-(tert-butylamino)-3-[(4-morpholin-4-yl-1,2,5-thiadiazol-3-yl)oxy]propan-2-ol",C13H24N4O3S
CC(C)(C)NCC(O)COc1ccccc1C1CCCC1,1-(tert-butylamino)-3-(2-cyclopentylphenoxy)propan-2-ol,C18H29NO2
CC(C)(C)NCC(O)c1ccc(O)c(NC(N)=O)c1,[5-[2-(tert-butylamino)-1-hydroxyethyl]-2-hydroxyphenyl]urea,C13H21N3O3
CC(C)(C)NCC(O)c1cc(Cl)c(N)c(C(F)(F)F)c1,1-[4-amino-3-chloro-5-(trifluoromethyl)phenyl]-2-(tert-butylamino)ethanol,C13H18ClF3N2O
CC(C)(C)OC(=O)/C=C/c1ccc([N+](=O)[O-])o1,tert-butyl (E)-3-(5-nitrofuran-2-yl)prop-2-enoate,C11H13NO5
CC(C)(C)O,2-methylpropan-2-ol,C4H10O
CC(C)(C)OC(=O)CN=[N+]=[N-],tert-butyl 2-azidoacetate,C6H11N3O2
CC(C)(C)OC(=O)C(N)CN=[N+]=[N-],tert-butyl 2-amino-3-azidopropanoate,C7H14N4O2
CC(C)(C)OC(=O)N/N=C/C1=CN(O)c2ccccc2N1O,,C14H18N4O4
CC(C)(C)OC(=O)NC(CN=[N+]=[N-])C(=O)O,3-azido-2-[(2-methylpropan-2-yl)oxycarbonylamino]propanoic acid,C8H14N4O4
CC(C)(C)OC(=O)NC(CN=[N+]=[N-])C(=O)OC(C)(C)C,tert-butyl 3-azido-2-[(2-methylpropan-2-yl)oxycarbonylamino]propanoate,C12H22N4O4
CC(C)(C)OC(=O)NN=Cc1c[n+]([O-])c2ccccc2[n+]1[O-],"tert-butyl N-[(1,4-dioxidoquinoxaline-1,4-diium-2-yl)methylideneamino]carbamate",C14H16N4O4
CC(C)(C)OC(=O)O/N=C(\C#N)c1ccccc1,tert-butyl [(Z)-[cyano(phenyl)methylidene]amino] carbonate,C13H14N2O3
CC(C)(C)OC(=O)OC(=O)OC(C)(C)C,tert-butyl (2-methylpropan-2-yl)oxycarbonyl carbonate,C10H18O5
CC(C)(C)OC(=O)[C@H](N)CN=[N+]=[N-],tert-butyl (2R)-2-amino-3-azidopropanoate,C7H14N4O2
CC(C)(C)OCC1CO1,2-[(2-methylpropan-2-yl)oxymethyl]oxirane,C7H14O2
CC(C)(C)OCO,(2-methylpropan-2-yl)oxymethanol,C5H12O2
CC(C)(C)OC[C@H]1CO1,(2R)-2-[(2-methylpropan-2-yl)oxymethyl]oxirane,C7H14O2
CC(C)(C)ON=O,tert-butyl nitrite,C4H9NO2
CC(C)(C)OO,2-hydroperoxy-2-methylpropane,C4H10O2
CC(C)(C)OOC(=O)c1ccccc1,tert-butyl benzenecarboperoxoate,C11H14O3
CC(C)(C)OOC(C)(C)C,2-tert-butylperoxy-2-methylpropane,C8H18O2
CC(C)(C)OOC(C)(C)CCC(C)(C)OOC(C)(C)C,"2,5-bis(tert-butylperoxy)-2,5-dimethylhexane",C16H34O4
CC(C)(C)OOC(C)(C)c1cccc(C(C)(C)OOC(C)(C)C)c1,"1,3-bis(2-tert-butylperoxypropan-2-yl)benzene",C20H34O4
CC(C)(C)OOC1(C)C=C(C(C)(C)C)C(=O)C(C(C)(C)C)=C1,"2,6-ditert-butyl-4-tert-butylperoxy-4-methylcyclohexa-2,5-dien-1-one",C19H32O3
CC(C)(C)[N+](=O)[O-],2-methyl-2-nitropropane,C4H9NO2
CC(C)(C)S(=O)(=O)CC(Cc1ccccc1)C(=O)NC(Cc1c[nH]cn1)C(=O)NC(CC1CCCCC1)C(O)C(O)C1CC1,"2-benzyl-3-tert-butylsulfonyl-N-[1-[(1-cyclohexyl-4-cyclopropyl-3,4-dihydroxybutan-2-yl)amino]-3-(1H-imidazol-5-yl)-1-oxopropan-2-yl]propanamide",C33H50N4O6S
CC(C)(C)c1c(N)ccc2c1Cc1ccccc1-2,1-tert-butyl-9H-fluoren-2-amine,C17H19N
CC(C)(C)c1c(N)ccc2ccccc12,1-tert-butylnaphthalen-2-amine,C14H17N
CC(C)(C)c1cc(-c2ccccc2)ccc1NO,N-(2-tert-butyl-4-phenylphenyl)hydroxylamine,C16H19NO
CC(C)(C)c1cc(-c2ccccc2)ccc1N=O,2-tert-butyl-1-nitroso-4-phenylbenzene,C16H17NO
CC(C)(C)c1cc(C=Cc2cc(C(C)(C)C)c(O)c(C(C)(C)C)c2)cc(C(C)(C)C)c1O,"2,6-ditert-butyl-4-[2-(3,5-ditert-butyl-4-hydroxyphenyl)ethenyl]phenol",C30H44O2
CC(C)(C)c1cc(-c2ccccc2)ccc1[N+](=O)[O-],2-tert-butyl-1-nitro-4-phenylbenzene,C16H17NO2
CC(C)(C)c1cc(Cc2cc(C(C)(C)C)c(O)c(C(C)(C)C)c2)cc(C(C)(C)C)c1O,"2,6-ditert-butyl-4-[(3,5-ditert-butyl-4-hydroxyphenyl)methyl]phenol",C29H44O2
CC(C)(C)c1cc(O)ccc1O,"2-tert-butylbenzene-1,4-diol",C10H14O2
CC(C)(C)c1ccc(-c2ccc(NO)cc2)cc1,N-[4-(4-tert-butylphenyl)phenyl]hydroxylamine,C16H19NO
CC(C)(C)c1ccc(-c2ccc(N=O)cc2)cc1,1-tert-butyl-4-(4-nitrosophenyl)benzene,C16H17NO
CC(C)(C)c1ccc(-c2ccc([N+](=O)[O-])cc2)cc1,1-tert-butyl-4-(4-nitrophenyl)benzene,C16H17NO2
CC(C)(C)c1ccc(/C=C/c2ccc(N)cc2)cc1,4-[(E)-2-(4-tert-butylphenyl)ethenyl]aniline,C18H21N
CC(C)(C)c1ccc(C(=O)ON(OCc2ccccc2)C(=O)c2ccccc2)cc1,[benzoyl(phenylmethoxy)amino] 4-tert-butylbenzoate,C25H25NO4
CC(C)(C)c1ccc(OCC2CO2)cc1,2-[(4-tert-butylphenoxy)methyl]oxirane,C13H18O2
CC(C)(C)c1ccc(O)c(O)c1,"4-tert-butylbenzene-1,2-diol",C10H14O2
CC(C)(C)c1ccc(OC[C@H]2CO2)cc1,(2R)-2-[(4-tert-butylphenoxy)methyl]oxirane,C13H18O2
CC(C)(C)c1ccc(OP(=O)(Oc2ccccc2)Oc2ccccc2)cc1,(4-tert-butylphenyl) diphenyl phosphate,C22H23O4P
CC(C)(C)c1ccc(OP2OCC3(CO2)COP(Oc2ccc(C(C)(C)C)cc2C(C)(C)C)OC3)c(C(C)(C)C)c1,"3,9-bis(2,4-ditert-butylphenoxy)-2,4,8,10-tetraoxa-3,9-diphosphaspiro[5.5]undecane",C33H50O6P2
CC(C)(C)c1cccc(C(C)(C)C)c1O,"2,6-ditert-butylphenol",C14H22O
CC(C)(CO)C(O)C(=O)NCCC(=O)O,"3-[(2,4-dihydroxy-3,3-dimethylbutanoyl)amino]propanoic acid",C9H17NO5
CC(C)(CO)C(O)C(=O)NCCCO,"2,4-dihydroxy-N-(3-hydroxypropyl)-3,3-dimethylbutanamide",C9H19NO4
CC(C)(CO)CO,"2,2-dimethylpropane-1,3-diol",C5H12O2
CC(C)(COCC1CO1)COCC1CO1,"2-[[2,2-dimethyl-3-(oxiran-2-ylmethoxy)propoxy]methyl]oxirane",C11H20O4
CC(C)(COC[C@H]1CO1)COC[C@H]1CO1,"(2R)-2-[[2,2-dimethyl-3-[[(2R)-oxiran-2-yl]methoxy]propoxy]methyl]oxirane",C11H20O4
CC(C)(Cl)Cl,"2,2-dichloropropane",C3H6Cl2
CC(C)(Cl)OC(C)(C)Cl,2-chloro-2-(2-chloropropan-2-yloxy)propane,C6H12Cl2O
CC(C)(Cl)[N+](=O)[O-],2-chloro-2-nitropropane,C3H6ClNO2
CC(C)(N)[C@H]1CC[C@@](C)(N)CC1,4-(2-aminopropan-2-yl)-1-methylcyclohexan-1-amine,C10H22N2
CC(C)(N=NC(C)(C)C(=N)N)C(=N)N,2-[(1-amino-1-imino-2-methylpropan-2-yl)diazenyl]-2-methylpropanimidamide,C8H18N6
CC(C)(N=O)[N+](=O)[O-],2-nitro-2-nitrosopropane,C3H6N2O3
CC(C)(O)C#N,2-hydroxy-2-methylpropanenitrile,C4H7NO
CC(C)(O)C1Cc2cc3ccc(=O)oc3cc2O1,"2-(2-hydroxypropan-2-yl)-2,3-dihydrofuro[3,2-g]chromen-7-one",C14H14O4
CC(C)(O)CCc1ccc(O)c2c(=O)c3c(O)c4c(cc3oc12)OC1OC=CC41,"2,18-dihydroxy-15-(3-hydroxy-3-methylbutyl)-7,9,13-trioxapentacyclo[10.8.0.03,10.04,8.014,19]icosa-1,3(10),5,11,14,16,18-heptaen-20-one",C22H20O7
CC(C)(O)CCc1ccc(O)c2c(=O)c3c(O)c4c(cc3oc12)OC1OC=CC41O,"2,4,18-trihydroxy-15-(3-hydroxy-3-methylbutyl)-7,9,13-trioxapentacyclo[10.8.0.03,10.04,8.014,19]icosa-1,3(10),5,11,14,16,18-heptaen-20-one",C22H20O8
CC(C)(OO)[C@H]1CC[C@H](C)CC1,1-(2-hydroperoxypropan-2-yl)-4-methylcyclohexane,C10H20O2
CC(C)(OO)c1ccccc1,2-hydroperoxypropan-2-ylbenzene,C9H12O2
CC(C)(OOC(C)(C)c1ccccc1)c1ccccc1,2-(2-phenylpropan-2-ylperoxy)propan-2-ylbenzene,C18H22O2
CC(C)(Oc1ccc(C2CC2(Cl)Cl)cc1)C(=O)O,"2-[4-(2,2-dichlorocyclopropyl)phenoxy]-2-methylpropanoic acid",C13H14Cl2O3
CC(C)(Oc1ccc(C(=O)c2ccc(Cl)cc2)cc1)C(=O)O,2-[4-(4-chlorobenzoyl)phenoxy]-2-methylpropanoic acid,C17H15ClO4
CC(C)(Oc1ccc([C@@H]2CC2(Cl)Cl)cc1)C(=O)O,"2-[4-[(1S)-2,2-dichlorocyclopropyl]phenoxy]-2-methylpropanoic acid",C13H14Cl2O3
CC(C)(Oc1ccc(C2CCCc3ccccc32)cc1)C(=O)O,"2-methyl-2-[4-(1,2,3,4-tetrahydronaphthalen-1-yl)phenoxy]propanoic acid",C20H22O3
CC(C)(Oc1ccc([C@H]2CCCc3ccccc32)cc1)C(=O)O,"2-methyl-2-[4-[(1R)-1,2,3,4-tetrahydronaphthalen-1-yl]phenoxy]propanoic acid",C20H22O3
CC(C)(S)C(=O)NC(CS)C(=O)O,2-[(2-methyl-2-sulfanylpropanoyl)amino]-3-sulfanylpropanoic acid,C7H13NO3S2
CC(C)(S)C(N)C(=O)O,2-amino-3-methyl-3-sulfanylbutanoic acid,C5H11NO2S
CC(C)(c1cc(Br)c(O)c(Br)c1)c1cc(Br)c(O)c(Br)c1,"2,6-dibromo-4-[2-(3,5-dibromo-4-hydroxyphenyl)propan-2-yl]phenol",C15H12Br4O2
CC(C)(c1ccc(OCC(O)CCl)cc1)c1ccc(OCC(O)CCl)cc1,1-chloro-3-[4-[2-[4-(3-chloro-2-hydroxypropoxy)phenyl]propan-2-yl]phenoxy]propan-2-ol,C21H26Cl2O4
CC(C)(c1ccc(O)cc1)c1ccc(O)cc1,4-[2-(4-hydroxyphenyl)propan-2-yl]phenol,C15H16O2
CC(C)(c1ccc(OCC(O)CO)cc1)c1ccc(OCC(O)CO)cc1,"3-[4-[2-[4-(2,3-dihydroxypropoxy)phenyl]propan-2-yl]phenoxy]propane-1,2-diol",C21H28O6
CC(C)(c1ccc(OCC(O)CO)cc1)c1ccc(OCC2CO2)cc1,"3-[4-[2-[4-(oxiran-2-ylmethoxy)phenyl]propan-2-yl]phenoxy]propane-1,2-diol",C21H26O5
CC(C)(c1ccc(OCC2CO2)cc1)c1ccc(OCC2CO2)cc1,2-[[4-[2-[4-(oxiran-2-ylmethoxy)phenyl]propan-2-yl]phenoxy]methyl]oxirane,C21H24O4
CC(C)(c1ccc(OC[C@H]2CO2)cc1)c1ccc(OC[C@H]2CO2)cc1,(2R)-2-[[4-[2-[4-[[(2R)-oxiran-2-yl]methoxy]phenyl]propan-2-yl]phenoxy]methyl]oxirane,C21H24O4
CC(C)(c1ccc(OP(O)O)cc1)c1ccc(OP(O)O)cc1,[4-[2-(4-dihydroxyphosphanyloxyphenyl)propan-2-yl]phenyl] dihydrogen phosphite,C15H18O6P2
CC(C)=C(Cl)C=O,2-chloro-3-methylbut-2-enal,C5H7ClO
CC(C)(c1ccccc1)c1ccc(O)cc1,4-(2-phenylpropan-2-yl)phenol,C15H16O
CC(C)=C/C(C)=N/Nc1nncc2ccccc12,N-[(E)-4-methylpent-3-en-2-ylideneamino]phthalazin-1-amine,C14H16N4
CC(C)=C1CCC(C)CC1=O,5-methyl-2-propan-2-ylidenecyclohexan-1-one,C10H16O
CC(C)=C1CC[C@@H](C)CC1=O,(5R)-5-methyl-2-propan-2-ylidenecyclohexan-1-one,C10H16O
CC(C)=CC1C(C(=O)O)C1(C)C,"2,2-dimethyl-3-(2-methylprop-1-enyl)cyclopropane-1-carboxylic acid",C10H16O2
CC(C)=CC1C(C(=O)OCN2C(=O)C3=C(CCCC3)C2=O)C1(C)C,"(1,3-dioxo-4,5,6,7-tetrahydroisoindol-2-yl)methyl 2,2-dimethyl-3-(2-methylprop-1-enyl)cyclopropane-1-carboxylate",C19H25NO4
CC(C)=CC1C(C(=O)OCc2cccc(Oc3ccccc3)c2)C1(C)C,"(3-phenoxyphenyl)methyl 2,2-dimethyl-3-(2-methylprop-1-enyl)cyclopropane-1-carboxylate",C23H26O3
CC(C)=CC=O,3-methylbut-2-enal,C5H8O
CC(C)=CCC/C(C)=C/C=C/C(C)=C/C=C/C(C)=C/C=C/C=C(C)/C=C/C=C(C)/C=C/C=C(\C)CCC=C(C)C,"(6E,8E,10E,12E,14E,16E,18E,20E,22E,24E,26E)-2,6,10,14,19,23,27,31-octamethyldotriaconta-2,6,8,10,12,14,16,18,20,22,24,26,30-tridecaene",C40H56
CC(C)=CCC/C(C)=C/CC/C(C)=C/C(=O)OCC(=O)C1(O)CCC2C3CCC4=CC(=O)C=CC4(C)C3C(O)CC21C,"[2-(11,17-dihydroxy-10,13-dimethyl-3-oxo-7,8,9,11,12,14,15,16-octahydro-6H-cyclopenta[a]phenanthren-17-yl)-2-oxoethyl] (2E,6E)-3,7,11-trimethyldodeca-2,6,10-trienoate",C36H50O6
CC(C)=CCC/C(C)=C/CO,"(2E)-3,7-dimethylocta-2,6-dien-1-ol",C10H18O
CC(C)=CCC/C(C)=C\CC/C(C)=C\CC/C=C(/C)CC/C=C(/C)CCC=C(C)C,"(6Z,10Z,14Z,18Z)-2,6,10,15,19,23-hexamethyltetracosa-2,6,10,14,18,22-hexaene",C30H50
CC(C)=CCC/C(C)=C\C=O,"(2Z)-3,7-dimethylocta-2,6-dienal",C10H16O
CC(C)=CCC1=C(O)C(=O)c2ccccc2C1=O,"4-hydroxy-3-(3-methylbut-2-enyl)naphthalene-1,2-dione",C15H14O3
CC(C)=CCC1C(=O)C(=O)c2ccccc2C1=O,"3-(3-methylbut-2-enyl)naphthalene-1,2,4-trione",C15H14O3
CC(C)=CCC1CCCC1=O,2-(3-methylbut-2-enyl)cyclopentan-1-one,C10H16O
CC(C)=CCCC(C)CC=O,"3,7-dimethyloct-6-enal",C10H18O
CC(C)=CCCC(C)CCO,"3,7-dimethyloct-6-en-1-ol",C10H20O
CC(C)=CCC[C@@](C)(O)[C@H]1CCC=CC1=O,(6R)-6-[(2R)-2-hydroxy-6-methylhept-5-en-2-yl]cyclohex-2-en-1-one,C14H22O2
CC(C)=CCOc1c2occc2cc2ccc(=O)oc12,"9-(3-methylbut-2-enoxy)furo[3,2-g]chromen-7-one",C16H14O4
CC(C)=CCc1ccc(O)c2c(=O)c3c(O)c4c(cc3oc12)OC1OC=CC41O,"2,4,18-trihydroxy-15-(3-methylbut-2-enyl)-7,9,13-trioxapentacyclo[10.8.0.03,10.04,8.014,19]icosa-1,3(10),5,11,14,16,18-heptaen-20-one",C22H18O7
CC(C)=CCl,1-chloro-2-methylprop-1-ene,C4H7Cl
CC(C)=C[C@H]1[C@H](C(=O)OCN2C(=O)C3=C(CCCC3)C2=O)C1(C)C,"cis-(1,3-dioxo-4,5,6,7-tetrahydroisoindol-2-yl)methyl (1S,3S)-2,2-dimethyl-3-(2-methylprop-1-enyl)cyclopropane-1-carboxylate",C19H25NO4
CC(C)=O,propan-2-one,C3H6O
CC(C)=[N+]([O-])[O-],2-nitropropane,C3H6NO2-
CC(C)Br,2-bromopropane,C3H7Br
CC(C)C(=O)/N=c1\sn(C(=O)C(C)C)c2ccc([N+](=O)[O-])cc12,"2-methyl-N-[1-(2-methylpropanoyl)-5-nitro-2,1-benzothiazol-3-ylidene]propanamide",C15H17N3O4S
CC(C)C(=O)N(O)c1ccc(Cl)cc1,N-(4-chlorophenyl)-N-hydroxy-2-methylpropanamide,C10H12ClNO2
CC(C)C(=O)Nc1ccccc1,2-methyl-N-phenylpropanamide,C10H13NO
CC(C)C(=O)Nc1snc2cc(Cl)ccc12,"N-(6-chloro-2,1-benzothiazol-3-yl)-2-methylpropanamide",C11H11ClN2OS
CC(C)C(=O)Nc1snc2ccccc12,"N-(2,1-benzothiazol-3-yl)-2-methylpropanamide",C11H12N2OS
CC(C)C(C(=O)OC(C#N)c1cccc(Oc2ccccc2)c1)c1ccc(Cl)cc1,[cyano-(3-phenoxyphenyl)methyl] 2-(4-chlorophenyl)-3-methylbutanoate,C25H22ClNO3
CC(C)C(C)C,"2,3-dimethylbutane",C6H14
CC(C)C(N)C(=O)O,2-amino-3-methylbutanoic acid,C5H11NO2
CC(C)C(O)(C(=O)OCC1=CCN2CCC(O)C12)C(C)O,"(7-hydroxy-5,6,7,8-tetrahydro-3H-pyrrolizin-1-yl)methyl 2-hydroxy-2-(1-hydroxyethyl)-3-methylbutanoate",C15H25NO5
CC(C)C(O)(C(=O)OCC1CCN2CCCC12)C(C)O,"2,3,5,6,7,8-hexahydro-1H-pyrrolizin-1-ylmethyl 2-hydroxy-2-(1-hydroxyethyl)-3-methylbutanoate",C15H27NO4
CC(C)C1(NC(=O)C2CC3c4cccc5[nH]cc(c45)CC3N(C)C2)OC2(O)C3CCCN3C(=O)C(Cc3ccccc3)N2C1=O,"N-(7-benzyl-2-hydroxy-5,8-dioxo-4-propan-2-yl-3-oxa-6,9-diazatricyclo[7.3.0.02,6]dodecan-4-yl)-7-methyl-6,6a,8,9,10,10a-hexahydro-4H-indolo[4,3-fg]quinoline-9-carboxamide",C35H41N5O5
CC(C)C1=CC2=CCC3C(C)(C(=O)O)CCCC3(C)C2CC1,"1,4a-dimethyl-7-propan-2-yl-2,3,4,4b,5,6,10,10a-octahydrophenanthrene-1-carboxylic acid",C20H30O2
CC(C)C=O,2-methylpropanal,C4H8O
CC(C)CC(=O)/N=c1\sn(C(=O)CC(C)C)c2ccc([N+](=O)[O-])cc12,"3-methyl-N-[1-(3-methylbutanoyl)-5-nitro-2,1-benzothiazol-3-ylidene]butanamide",C17H21N3O4S
CC(C)CC(=O)CC(C)C,"2,6-dimethylheptan-4-one",C9H18O
CC(C)CC(=O)Nc1snc2ccc(Cl)cc12,"N-(5-chloro-2,1-benzothiazol-3-yl)-3-methylbutanamide",C12H13ClN2OS
CC(C)CC(=O)Nc1snc2ccccc12,"N-(2,1-benzothiazol-3-yl)-3-methylbutanamide",C12H14N2OS
CC(C)CC(=O)OCc1cocc2c(C=O)ccc1-2,(7-formylcyclopenta[c]pyran-4-yl)methyl 3-methylbutanoate,C15H16O4
CC(C)CC(C)N,4-methylpentan-2-amine,C6H15N
CC(C)CC(C)Nc1ccc(Nc2ccccc2)cc1,"4-N-(4-methylpentan-2-yl)-1-N-phenylbenzene-1,4-diamine",C18H24N2
CC(C)CC(C)O,4-methylpentan-2-ol,C6H14O
CC(C)CC(NC(=O)C(Cc1ccccc1)NC(=O)CNC(=O)CN)C(=O)O,2-[[2-[[2-[(2-aminoacetyl)amino]acetyl]amino]-3-phenylpropanoyl]amino]-4-methylpentanoic acid,C19H28N4O5
CC(C)CC(NC(=O)COc1ccc(Cl)cc1Cl)C(=O)O,"2-[[2-(2,4-dichlorophenoxy)acetyl]amino]-4-methylpentanoic acid",C14H17Cl2NO4
CC(C)CC(NC(=O)COc1cc(Cl)c(Cl)cc1Cl)C(=O)O,"4-methyl-2-[[2-(2,4,5-trichlorophenoxy)acetyl]amino]pentanoic acid",C14H16Cl3NO4
CC(C)CC1NC(=O)C(C)N(C)C(=O)CNC(=O)/C(=C\c2ccccc2)N(C)C1=O,"(12E)-12-benzylidene-1,6,7-trimethyl-3-(2-methylpropyl)-1,4,7,10-tetrazacyclododecane-2,5,8,11-tetrone",C22H30N4O4
CC(C)CC1NC(=O)CNC1=O,"3-(2-methylpropyl)piperazine-2,5-dione",C8H14N2O2
CC(C)CC=O,3-methylbutanal,C5H10O
CC(C)CCC(C)Nc1ccc(NC(C)CCC(C)C)cc1,"1-N,4-N-bis(5-methylhexan-2-yl)benzene-1,4-diamine",C20H36N2
CC(C)CCCC(C)C1CCC2C3C(OO)C=C4CC(O)CCC4(C)C3CCC12C,"7-hydroperoxy-10,13-dimethyl-17-(6-methylheptan-2-yl)-2,3,4,7,8,9,11,12,14,15,16,17-dodecahydro-1H-cyclopenta[a]phenanthren-3-ol",C27H46O3
CC(C)CCCC(C)C1CCC2C3C=CC4(OO)CC(O)CCC4(C)C3CCC12C,"5-hydroperoxy-10,13-dimethyl-17-(6-methylheptan-2-yl)-1,2,3,4,8,9,11,12,14,15,16,17-dodecahydrocyclopenta[a]phenanthren-3-ol",C27H46O3
CC(C)CCCC(C)C1CCC2C3CC(O)C4(O)CC(O)CCC4(C)C3CCC12C,"10,13-dimethyl-17-(6-methylheptan-2-yl)-1,2,3,4,6,7,8,9,11,12,14,15,16,17-tetradecahydrocyclopenta[a]phenanthrene-3,5,6-triol",C27H48O3
CC(C)CCCC(C)C1CCC2C3CC4N(N5C(=O)c6ccccc6C5=O)C45CC(Cl)CCC5(C)C3CCC12C,"2-[5-chloro-2,16-dimethyl-15-(6-methylheptan-2-yl)-8-azapentacyclo[9.7.0.02,7.07,9.012,16]octadecan-8-yl]isoindole-1,3-dione",C35H49ClN2O2
CC(C)CCCC(C)C1CCC2C3CC4OC45CC(O)CCC5(C)C3CCC12C,"2,16-dimethyl-15-(6-methylheptan-2-yl)-8-oxapentacyclo[9.7.0.02,7.07,9.012,16]octadecan-5-ol",C27H46O2
CC(C)CCCC(C)C1CCC2C3CC=C4CC(OCCOCCO)CCC4(C)C3CCC12C,"2-[2-[[10,13-dimethyl-17-(6-methylheptan-2-yl)-2,3,4,7,8,9,11,12,14,15,16,17-dodecahydro-1H-cyclopenta[a]phenanthren-3-yl]oxy]ethoxy]ethanol",C31H54O3
CC(C)CCCC(C)C1CCC2C3CC=C4CC(OC(=O)Cc5ccc(N(CCCl)CCCl)cc5)CCC4(C)C3CCC12C,"[10,13-dimethyl-17-(6-methylheptan-2-yl)-2,3,4,7,8,9,11,12,14,15,16,17-dodecahydro-1H-cyclopenta[a]phenanthren-3-yl] 2-[4-[bis(2-chloroethyl)amino]phenyl]acetate",C39H59Cl2NO2
CC(C)CCCCCCCOC(=O)c1ccccc1C(=O)OCCCCCCCC(C)C,"bis(8-methylnonyl) benzene-1,2-dicarboxylate",C28H46O4
CC(C)CCCC(C)C1CCC2C3CC=C4CCCCC4(C)C3CCC12C,"10,13-dimethyl-17-(6-methylheptan-2-yl)-2,3,4,7,8,9,11,12,14,15,16,17-dodecahydro-1H-cyclopenta[a]phenanthrene",C27H46
CC(C)CCCCCCCOP(=O)(Oc1ccccc1)Oc1ccccc1,8-methylnonyl diphenyl phosphate,C22H31O4P
CC(C)CCCCCCOC(=O)CCCCC(=O)OCCCCCCC(C)C,bis(7-methyloctyl) hexanedioate,C24H46O4
CC(C)CCCCCCOC(=O)c1ccccc1C(=O)OCCCCCCC(C)C,"bis(7-methyloctyl) benzene-1,2-dicarboxylate",C26H42O4
CC(C)CCCCCOC(=O)COc1ccc(Cl)cc1Cl,"6-methylheptyl 2-(2,4-dichlorophenoxy)acetate",C16H22Cl2O3
CC(C)CCCCCOC(=O)Cc1cc(Cl)c(Cl)cc1Cl,,C16H21Cl3O2
CC(C)CCCCCOC(=O)Cc1ccc(Cl)cc1Cl,"6-methylheptyl 2-(2,4-dichlorophenyl)acetate",C16H22Cl2O2
CC(C)CCCCCOC(=O)c1ccccc1C(=O)OCCCCCC(C)C,"bis(6-methylheptyl) benzene-1,2-dicarboxylate",C24H38O4
CC(C)CCC[C@@H](C)[C@@H]1CC[C@@H]2[C@@H]3CC4([C@@H]5C[C@@H](Br)CC[C@]5(C)[C@@H]3CC[C@]12C)S(=O)(=O)CCS4(=O)=O,,C29H49BrO4S2
CC(C)CCO,3-methylbutan-1-ol,C5H12O
CC(C)CCNc1snc2ccccc12,"N-(3-methylbutyl)-2,1-benzothiazol-3-amine",C12H16N2S
CC(C)CCOC(=O)CC(C)C,3-methylbutyl 3-methylbutanoate,C10H20O2
CC(C)CCOC(=O)/C=C\c1ccccc1,3-methylbutyl (Z)-3-phenylprop-2-enoate,C14H18O2
CC(C)CCON=O,3-methylbutyl nitrite,C5H11NO2
CC(C)CCOS(C)(=O)=O,3-methylbutyl methanesulfonate,C6H14O3S
CC(C)CC[C@@H](C)Nc1ccc(N[C@H](C)CCC(C)C)cc1,"1-N,4-N-bis[(2R)-5-methylhexan-2-yl]benzene-1,4-diamine",C20H36N2
CC(C)CN,2-methylpropan-1-amine,C4H11N
CC(C)CN(C(=O)CCCl)c1snc2ccccc12,"N-(2,1-benzothiazol-3-yl)-3-chloro-N-(2-methylpropyl)propanamide",C14H17ClN2OS
CC(C)CN(CC(C)C)CC(C)C,"2-methyl-N,N-bis(2-methylpropyl)propan-1-amine",C12H27N
CC(C)CN(N)CC(C)C,"1,1-bis(2-methylpropyl)hydrazine",C8H20N2
CC(C)CN(N=O)C(=N)NN(O)O,1-(hydroxyamino)-1-(2-methylpropyl)-2-nitroguanidine,C5H13N5O3
CC(C)CN(N=O)C(=N)N[N+](=O)[O-],1-(2-methylpropyl)-3-nitro-1-nitrosoguanidine,C5H11N5O3
CC(C)CNCC(C)C,2-methyl-N-(2-methylpropyl)propan-1-amine,C8H19N
CC(C)CNC(=O)/C=C/c1ccc([N+](=O)[O-])o1,(E)-N-(2-methylpropyl)-3-(5-nitrofuran-2-yl)prop-2-enamide,C11H14N2O4
CC(C)CNc1snc2ccccc12,"N-(2-methylpropyl)-2,1-benzothiazol-3-amine",C11H14N2S
CC(C)CO,2-methylpropan-1-ol,C4H10O
CC(C)COC(=O)/C=C/c1ccc([N+](=O)[O-])o1,2-methylpropyl (E)-3-(5-nitrofuran-2-yl)prop-2-enoate,C11H13NO5
CC(C)COC(=O)CCCCC(=O)OCC(C)C,bis(2-methylpropyl) hexanedioate,C14H26O4
CC(C)COC(=O)COc1cc(Cl)c(Cl)cc1Cl,"2-methylpropyl 2-(2,4,5-trichlorophenoxy)acetate",C12H13Cl3O3
CC(C)COC(=O)Cc1ccccc1,2-methylpropyl 2-phenylacetate,C12H16O2
CC(C)COC(=O)c1ccccc1C(=O)OCC(C)C,"bis(2-methylpropyl) benzene-1,2-dicarboxylate",C16H22O4
CC(C)COC(=O)c1ccccc1N,2-methylpropyl 2-aminobenzoate,C11H15NO2
CC(C)CON=O,2-methylpropyl nitrite,C4H9NO2
CC(C)COP(=S)(OCC(C)C)SCCl,chloromethylsulfanyl-bis(2-methylpropoxy)-sulfanylidene-lambda5-phosphane,C9H20ClO2PS2
CC(C)COS(=O)(=O)c1ccccc1,2-methylpropyl benzenesulfonate,C10H14O3S
CC(C)COS(C)(=O)=O,2-methylpropyl methanesulfonate,C5H12O3S
CC(C)C[C@@H](C)N,(2R)-4-methylpentan-2-amine,C6H15N
CC(C)C[C@@H](C)Nc1ccc(Nc2ccccc2)cc1,"4-N-[(2R)-4-methylpentan-2-yl]-1-N-phenylbenzene-1,4-diamine",C18H24N2
CC(C)Cc1ccc(C(C)C(=O)O)cc1,2-[4-(2-methylpropyl)phenyl]propanoic acid,C13H18O2
CC(C)Cc1nccs1,"2-(2-methylpropyl)-1,3-thiazole",C7H11NS
CC(C)Cl,2-chloropropane,C3H7Cl
CC(C)N,propan-2-amine,C3H9N
CC(C)N(C(=O)SC/C(Cl)=C/Cl)C(C)C,"S-[(Z)-2,3-dichloroprop-2-enyl] N,N-di(propan-2-yl)carbamothioate",C10H17Cl2NOS
CC(C)N(C(=O)SCC(Cl)=C(Cl)Cl)C(C)C,"S-(2,3,3-trichloroprop-2-enyl) N,N-di(propan-2-yl)carbamothioate",C10H16Cl3NOS
CC(C)N(N)C(C)C,"1,1-di(propan-2-yl)hydrazine",C6H16N2
CC(C)N1C(=O)c2ccccc2NS1(=O)=O,"2,2-dioxo-3-propan-2-yl-1H-2lambda6,1,3-benzothiadiazin-4-one",C10H12N2O3S
CC(C)N=C(NC(C)C)OCc1ccc([N+](=O)[O-])cc1,"(4-nitrophenyl)methyl N,N'-di(propan-2-yl)carbamimidate",C14H21N3O3
CC(C)NC(=O)/C=C\c1ccc([N+](=O)[O-])o1,(Z)-3-(5-nitrofuran-2-yl)-N-propan-2-ylprop-2-enamide,C10H12N2O4
CC(C)N=C=NC(C)C,"N,N'-di(propan-2-yl)methanediimine",C7H14N2
CC(C)NC(C)C,N-propan-2-ylpropan-2-amine,C6H15N
CC(C)NCC(O)COc1ccc(CC(N)=O)cc1,2-[4-[2-hydroxy-3-(propan-2-ylamino)propoxy]phenyl]acetamide,C14H22N2O3
CC(C)NCC(O)COc1cccc2[nH]c3ccccc3c12,1-(9H-carbazol-4-yloxy)-3-(propan-2-ylamino)propan-2-ol,C18H22N2O2
CC(C)NCC(O)COc1cccc2[nH]ccc12,1-(1H-indol-4-yloxy)-3-(propan-2-ylamino)propan-2-ol,C14H20N2O2
CC(C)NCC(O)COc1cccc2c1C=CC2,1-(1H-inden-4-yloxy)-3-(propan-2-ylamino)propan-2-ol,C15H21NO2
CC(C)NCC(O)COc1cccc2c1OCC(O)C2,"8-[2-hydroxy-3-(propan-2-ylamino)propoxy]-3,4-dihydro-2H-chromen-3-ol",C15H23NO4
CC(C)NCC(O)COc1cccc2ccccc12,1-naphthalen-1-yloxy-3-(propan-2-ylamino)propan-2-ol,C16H21NO2
CC(C)NCC(O)COc1cccc2c1OCC(O[N+](=O)[O-])C2,"[8-[2-hydroxy-3-(propan-2-ylamino)propoxy]-3,4-dihydro-2H-chromen-3-yl] nitrate",C15H22N2O6
CC(C)NCC(O)c1ccc(O)c(O)c1,"4-[1-hydroxy-2-(propan-2-ylamino)ethyl]benzene-1,2-diol",C11H17NO3
CC(C)NCC(O)c1ccc(NS(C)(=O)=O)cc1,N-[4-[1-hydroxy-2-(propan-2-ylamino)ethyl]phenyl]methanesulfonamide,C12H20N2O3S
CC(C)NCC(O)c1ccc2ccccc2c1,1-naphthalen-2-yl-2-(propan-2-ylamino)ethanol,C15H19NO
CC(C)NCC1CCc2cc(CO)c([N+](=O)[O-])cc2N1,"[7-nitro-2-[(propan-2-ylamino)methyl]-1,2,3,4-tetrahydroquinolin-6-yl]methanol",C14H21N3O3
CC(C)NC[C@@H](O)COc1cccc2c1OC[C@@H](O[N+](=O)[O-])C2,"[(3S)-8-[(2R)-2-hydroxy-3-(propan-2-ylamino)propoxy]-3,4-dihydro-2H-chromen-3-yl] nitrate",C15H22N2O6
CC(C)NC[C@@H](O)COc1cccc2ccccc12,(2R)-1-naphthalen-1-yloxy-3-(propan-2-ylamino)propan-2-ol,C16H21NO2
CC(C)NC[C@@H]1CCc2cc(CO)c([N+](=O)[O-])cc2N1,"[(2S)-7-nitro-2-[(propan-2-ylamino)methyl]-1,2,3,4-tetrahydroquinolin-6-yl]methanol",C14H21N3O3
CC(C)Nc1ccc(Nc2ccccc2)cc1,"1-N-phenyl-4-N-propan-2-ylbenzene-1,4-diamine",C15H18N2
CC(C)Nc1cccc2c1C(=O)c1ccccc1C2=O,"1-(propan-2-ylamino)anthracene-9,10-dione",C17H15NO2
CC(C)Nc1ccccc1,N-propan-2-ylaniline,C9H13N
CC(C)Nc1nc(Cl)nc(NC(C)C)n1,"6-chloro-2-N,4-N-di(propan-2-yl)-1,3,5-triazine-2,4-diamine",C9H16ClN5
CC(C)Nc1snc2ccccc12,"N-propan-2-yl-2,1-benzothiazol-3-amine",C10H12N2S
CC(C)Nc1nc(N)nc(Cl)n1,"6-chloro-2-N-propan-2-yl-1,3,5-triazine-2,4-diamine",C6H10ClN5
CC(C)O,propan-2-ol,C3H8O
CC(C)OC(=O)C(C)(C)Oc1ccc(C(=O)c2ccc(Cl)cc2)cc1,propan-2-yl 2-[4-(4-chlorobenzoyl)phenoxy]-2-methylpropanoate,C20H21ClO4
CC(C)OC(=O)/C=C/c1ccc([N+](=O)[O-])o1,propan-2-yl (E)-3-(5-nitrofuran-2-yl)prop-2-enoate,C10H11NO5
CC(C)OC(=O)CC(=O)OC(C)C,dipropan-2-yl propanedioate,C9H16O4
CC(C)OC(=O)CC(O)(CC(=O)O)C(=O)O,2-hydroxy-2-(2-oxo-2-propan-2-yloxyethyl)butanedioic acid,C9H14O7
CC(C)OC(=O)CCl,propan-2-yl 2-chloroacetate,C5H9ClO2
CC(C)OC(=O)COc1ccc(Cl)cc1Cl,"propan-2-yl 2-(2,4-dichlorophenoxy)acetate",C11H12Cl2O3
CC(C)OC(=O)C[C@@](O)(CC(=O)O)C(=O)O,(2S)-2-hydroxy-2-(2-oxo-2-propan-2-yloxyethyl)butanedioic acid,C9H14O7
CC(C)OC(=O)Cc1ccccc1,propan-2-yl 2-phenylacetate,C11H14O2
CC(C)OC(=O)c1cc(Cc2ccc(N)c(C(=O)OC(C)C)c2)ccc1N,propan-2-yl 2-amino-5-[(4-amino-3-propan-2-yloxycarbonylphenyl)methyl]benzoate,C21H26N2O4
CC(C)OC1OC(=O)C(Cl)=C1Cl,"3,4-dichloro-2-propan-2-yloxy-2H-furan-5-one",C7H8Cl2O3
CC(C)OC[C@H]1CO1,(2R)-2-(propan-2-yloxymethyl)oxirane,C6H12O2
CC(C)OCC1CO1,2-(propan-2-yloxymethyl)oxirane,C6H12O2
CC(C)OS(C)(=O)=O,propan-2-yl methanesulfonate,C4H10O3S
CC(C)OP(C)(=O)F,2-[fluoro(methyl)phosphoryl]oxypropane,C4H10FO2P
CC(C)Oc1ccc(Nc2ccccc2)cc1,N-phenyl-4-propan-2-yloxyaniline,C15H17NO
CC(C)Oc1ccc2c(=O)c(-c3ccccc3)coc2c1,3-phenyl-7-propan-2-yloxychromen-4-one,C18H16O3
CC(C)Oc1ccccc1OC(=O)N(C)N=O,(2-propan-2-yloxyphenyl) N-methyl-N-nitrosocarbamate,C11H14N2O4
CC(C)S,propane-2-thiol,C3H8S
CC(C)S(=O)(=O)Cl,propane-2-sulfonyl chloride,C3H7ClO2S
CC(C)Sc1cc(Cc2ccc(N)c(SC(C)C)c2)ccc1N,4-[(4-amino-3-propan-2-ylsulfanylphenyl)methyl]-2-propan-2-ylsulfanylaniline,C19H26N2S2
CC(C)[C@@H]1CC[C@@H](C)CC1=O,"trans-(2S,5R)-5-methyl-2-propan-2-ylcyclohexan-1-one",C10H18O
CC(C)[C@@H]1CC[C@H](C)[C@@H]2CC[C@H](C)C[C@@H]12,"(1S,4S,4aS,6S,8aS)-1,6-dimethyl-4-propan-2-yl-1,2,3,4,4a,5,6,7,8,8a-decahydronaphthalene",C15H28
CC(C)[C@H]1CC[C@H](C)CC1,1-methyl-4-propan-2-ylcyclohexane,C10H20
CC(C)[C@H]1CC[C@H](C)C[C@@H]1O,"(1S,2R,5S)-5-methyl-2-propan-2-ylcyclohexan-1-ol",C10H20O
CC(C)[C@](O)(C(=O)O)[C@@H](C)O,(2R)-2-hydroxy-2-[(1R)-1-hydroxyethyl]-3-methylbutanoic acid,C7H14O4
CC(C)[C@]12CC(=O)[C@@H](C)[C@H]1C2,"(1S,4S,5R)-4-methyl-1-propan-2-ylbicyclo[3.1.0]hexan-3-one",C10H16O
CC(C)[N+](=O)[O-],2-nitropropane,C3H7NO2
CC(C)[N+](C)(CCOC(=O)C1c2ccccc2Oc2ccccc21)C(C)C,methyl-di(propan-2-yl)-[2-(9H-xanthene-9-carbonyloxy)ethyl]azanium,C23H30NO3+
CC(C)c1c(C(=O)Nc2ccccc2)c(-c2ccccc2)c(-c2ccc(F)cc2)n1CCC(O)CC(O)CC(=O)O,"7-[2-(4-fluorophenyl)-3-phenyl-4-(phenylcarbamoyl)-5-propan-2-ylpyrrol-1-yl]-3,5-dihydroxyheptanoic acid",C33H35FN2O5
CC(C)c1c(N)ccc2c1Cc1ccccc1-2,1-propan-2-yl-9H-fluoren-2-amine,C16H17N
CC(C)c1cc(-c2ccccc2)cc(C(C)C)c1N,"4-phenyl-2,6-di(propan-2-yl)aniline",C18H23N
CC(C)c1cc(-c2ccccc2)ccc1N,4-phenyl-2-propan-2-ylaniline,C15H17N
CC(C)c1cc(N)c([N+](=O)[O-])cc1N,"2-nitro-5-propan-2-ylbenzene-1,4-diamine",C9H13N3O2
CC(C)c1cc(N)cc([N+](=O)[O-])c1N,"2-nitro-6-propan-2-ylbenzene-1,4-diamine",C9H13N3O2
CC(C)c1ccc(OP(=O)(Oc2ccccc2)Oc2ccccc2)cc1,diphenyl (4-propan-2-ylphenyl) phosphate,C21H21O4P
CC(C)c1ccc2oc3nc(N)c(C(=O)O)cc3c(=O)c2c1,"2-amino-5-oxo-7-propan-2-ylchromeno[2,3-b]pyridine-3-carboxylic acid",C16H14N2O4
CC(C)c1ccccc1,cumene,C9H12
CC(C)n1c(/C=C/[C@H](O)C[C@@H](O)CC(=O)O)c(-c2ccc(F)cc2)c2ccccc21,"(E,3R,5R)-7-[3-(4-fluorophenyl)-1-propan-2-ylindol-2-yl]-3,5-dihydroxyhept-6-enoic acid",C24H26FNO4
CC(CC(=O)O)C(=O)O,2-methylbutanedioic acid,C5H8O4
CC(C)n1c(C=CC(O)CC(O)CC(=O)O)c(-c2ccc(F)cc2)c2ccccc21,"7-[3-(4-fluorophenyl)-1-propan-2-ylindol-2-yl]-3,5-dihydroxyhept-6-enoic acid",C24H26FNO4
CC(CC1=C(C=O)COC1O)C1=CCC(C)(C)C1,"4-[2-(4,4-dimethylcyclopenten-1-yl)propyl]-5-hydroxy-2,5-dihydrofuran-3-carbaldehyde",C15H22O3
CC(CC=O)c1ccc(C(C)(C)C)cc1,3-(4-tert-butylphenyl)butanal,C14H20O
CC(CCC(=O)O)C1CCC2C3C(=O)CC4CC(=O)CCC4(C)C3CCC12C,"4-(10,13-dimethyl-3,7-dioxo-2,4,5,6,8,9,11,12,14,15,16,17-dodecahydro-1H-cyclopenta[a]phenanthren-17-yl)pentanoic acid",C24H36O4
CC(CCC(=O)O)C1CCC2C3C(=O)CC4CC(O)CCC4(C)C3CCC12C,"4-(3-hydroxy-10,13-dimethyl-7-oxo-1,2,3,4,5,6,8,9,11,12,14,15,16,17-tetradecahydrocyclopenta[a]phenanthren-17-yl)pentanoic acid",C24H38O4
CC(CCC(=O)O)C1CCC2C3C(O)CC4CC(O)CCC4(C)C3CCC12C,"4-(3,7-dihydroxy-10,13-dimethyl-2,3,4,5,6,7,8,9,11,12,14,15,16,17-tetradecahydro-1H-cyclopenta[a]phenanthren-17-yl)pentanoic acid",C24H40O4
CC(CCC(=O)O)C1CCC2C3CCC4CC(=O)CCC4(C)C3CC(=O)C12C,"4-(10,13-dimethyl-3,12-dioxo-2,4,5,6,7,8,9,11,14,15,16,17-dodecahydro-1H-cyclopenta[a]phenanthren-17-yl)pentanoic acid",C24H36O4
CC(CCC(=O)O)C1CCC2C3CCC4CC(O)CCC4(C)C3CC(=O)C12C,"4-(3-hydroxy-10,13-dimethyl-12-oxo-1,2,3,4,5,6,7,8,9,11,14,15,16,17-tetradecahydrocyclopenta[a]phenanthren-17-yl)pentanoic acid",C24H38O4
CC(CCC(=O)O)C1CCC2C3CCC4CC(O)CCC4(C)C3CCC12C,"4-(3-hydroxy-10,13-dimethyl-2,3,4,5,6,7,8,9,11,12,14,15,16,17-tetradecahydro-1H-cyclopenta[a]phenanthren-17-yl)pentanoic acid",C24H40O3
CC(CCC(=O)O)C1CCC2C3CCc4cc(O)ccc4C3CCC12C,"4-(3-hydroxy-13-methyl-6,7,8,9,11,12,14,15,16,17-decahydrocyclopenta[a]phenanthren-17-yl)pentanoic acid",C23H32O3
CC(CCN(C)C)N(C)C,"1-N,1-N,3-N,3-N-tetramethylbutane-1,3-diamine",C8H20N2
CC(CCN=[N+]=[N-])c1ccccc1,4-azidobutan-2-ylbenzene,C10H13N3
CC(CCc1ccccc1)NCC(O)c1ccc(O)c(C(N)=O)c1,2-hydroxy-5-[1-hydroxy-2-(4-phenylbutan-2-ylamino)ethyl]benzamide,C19H24N2O3
CC(CCc1ccccc1)c1ccccc1,4-phenylbutan-2-ylbenzene,C16H18
CC(CCl)OC(C)CCl,1-chloro-2-(1-chloropropan-2-yloxy)propane,C6H12Cl2O
CC(CCl)OP(=O)(OC(C)CCl)OC(C)CCl,tris(1-chloropropan-2-yl) phosphate,C9H18Cl3O4P
CC(CN1CC(=O)NC(=O)C1)N1CC(=O)NC(=O)C1,"4-[2-(3,5-dioxopiperazin-1-yl)propyl]piperazine-2,6-dione",C11H16N4O4
CC(CN1c2ccccc2Sc2ccccc21)N(C)C,"N,N-dimethyl-1-phenothiazin-10-ylpropan-2-amine",C17H20N2S
CC(CN=[N+]=[N-])c1ccccc1,1-azidopropan-2-ylbenzene,C9H11N3
CC(CNC(=O)c1cccnc1)NC(=O)c1cccnc1,N-[2-(pyridine-3-carbonylamino)propyl]pyridine-3-carboxamide,C15H16N4O2
CC(CO)=[N+]([O-])O,,C3H7NO3
CC(COC(=O)c1ccccc1)(COC(=O)c1ccccc1)COC(=O)c1ccccc1,[3-benzoyloxy-2-(benzoyloxymethyl)-2-methylpropyl] benzoate,C26H24O6
CC(CO[N+](=O)[O-])(CO[N+](=O)[O-])CO[N+](=O)[O-],[2-methyl-3-nitrooxy-2-(nitrooxymethyl)propyl] nitrate,C5H9N3O9
CC(COc1ccccc1)N(CCCl)Cc1ccccc1,N-benzyl-N-(2-chloroethyl)-1-phenoxypropan-2-amine,C18H22ClNO
CC(Cc1ccc(O)c(O)c1)(NN)C(=O)O,"3-(3,4-dihydroxyphenyl)-2-hydrazinyl-2-methylpropanoic acid",C10H14N2O4
CC(Cc1ccc(O)c(O)c1)C(C)Cc1ccc(O)c(O)c1,"4-[4-(3,4-dihydroxyphenyl)-2,3-dimethylbutyl]benzene-1,2-diol",C18H22O4
CC(Cc1ccccc1)NOS(=O)(=O)ONC(C)Cc1ccccc1,,C18H24N2O4S
CC(Cl)(Cl)C(=O)O,"2,2-dichloropropanoic acid",C3H4Cl2O2
CC(Cl)(Cl)[N+](=O)[O-],"1,1-dichloro-1-nitroethane",C2H3Cl2NO2
CC(Cl)C(=O)NCc1ccccc1,N-benzyl-2-chloropropanamide,C10H12ClNO
CC(Cl)C(=O)O,2-chloropropanoic acid,C3H5ClO2
CC(Cl)C(Br)CBr,"1,2-dibromo-3-chlorobutane",C4H7Br2Cl
CC(Cl)CCl,"1,2-dichloropropane",C3H6Cl2
CC(Cl)CN(C)C,"2-chloro-N,N-dimethylpropan-1-amine",C5H12ClN
CC(Cl)CO,2-chloropropan-1-ol,C3H7ClO
CC(Cl)Cl,"1,1-dichloroethane",C2H4Cl2
CC(Cl)c1ccccc1,1-chloroethylbenzene,C8H9Cl
CC(F)(F)F,"1,1,1-trifluoroethane",C2H3F3
CC(I)C1OCC(CO)O1,"[2-(1-iodoethyl)-1,3-dioxolan-4-yl]methanol",C6H11IO3
CC(N)(CN=[N+]=[N-])C(=O)O,2-amino-3-azido-2-methylpropanoic acid,C4H8N4O2
CC(N)(Cc1ccc(O)c(O)c1)C(=O)O,"2-amino-3-(3,4-dihydroxyphenyl)-2-methylpropanoic acid",C10H13NO4
CC(N)=O,acetamide,C2H5NO
CC(N)C(=O)O,2-aminopropanoic acid,C3H7NO2
CC(N)C(O)c1ccccc1,2-amino-1-phenylpropan-1-ol,C9H13NO
CC(N)CCN,"butane-1,3-diamine",C4H12N2
CC(N)CN,"propane-1,2-diamine",C3H10N2
CC(N)Cc1ccccc1,1-phenylpropan-2-amine,C9H13N
CC(NC(=O)COc1ccc(Cl)cc1Cl)C(=O)O,"2-[[2-(2,4-dichlorophenoxy)acetyl]amino]propanoic acid",C11H11Cl2NO4
CC(NC(=O)Cc1cnc(C)nc1N)=C(CCOC(=O)c1ccccc1)SC(=O)c1ccccc1,[4-[[2-(4-amino-2-methylpyrimidin-5-yl)acetyl]amino]-3-benzoylsulfanylpent-3-enyl] benzoate,C26H26N4O4S
CC(O)/C=C/C=O,(E)-4-hydroxypent-2-enal,C5H8O2
CC(NCc1ccccc1)C(=O)NCc1ccccc1,N-benzyl-2-(benzylamino)propanamide,C17H20N2O
CC(O)C(=O)NCCO,2-hydroxy-N-(2-hydroxyethyl)propanamide,C5H11NO3
CC(O)C#N,2-hydroxypropanenitrile,C3H5NO
CC(O)C(=O)O,2-hydroxypropanoic acid,C3H6O3
CC(O)C(C)O,"butane-2,3-diol",C4H10O2
CC(O)C(O)C(O)C(O)C1SCCN1N=O,"1-(3-nitroso-1,3-thiazolidin-2-yl)pentane-1,2,3,4-tetrol",C8H16N2O5S
CC(O)C(C)[N+](=O)[O-],3-nitrobutan-2-ol,C4H9NO3
CC(O)C1C(=O)N2C(C(=O)O)=C(C3CCCO3)SC12,6-(1-hydroxyethyl)-7-oxo-3-(oxolan-2-yl)-4-thia-1-azabicyclo[3.2.0]hept-2-ene-2-carboxylic acid,C12H15NO5S
CC(O)CBr,1-bromopropan-2-ol,C3H7BrO
CC(O)CC(=O)Nc1ccc(O)cc1,3-hydroxy-N-(4-hydroxyphenyl)butanamide,C10H13NO3
CC(O)CCC(=O)c1ccoc1,1-(furan-3-yl)-4-hydroxypentan-1-one,C9H12O3
CC(O)CCl,1-chloropropan-2-ol,C3H7ClO
CC(O)CN,1-aminopropan-2-ol,C3H9NO
CC(O)CN(C)N=O,N-(2-hydroxypropyl)-N-methylnitrous amide,C4H10N2O2
CC(O)CN(C)c1ccc(NN)nn1,1-[(6-hydrazinylpyridazin-3-yl)-methylamino]propan-2-ol,C8H15N5O
CC(O)CN(CC(C)O)CC(C)O,1-[bis(2-hydroxypropyl)amino]propan-2-ol,C9H21NO3
CC(O)CN(CC(C)O)N=O,"N,N-bis(2-hydroxypropyl)nitrous amide",C6H14N2O3
CC(O)CN(CCN(CC(C)O)CC(C)O)CC(C)O,1-[2-[bis(2-hydroxypropyl)amino]ethyl-(2-hydroxypropyl)amino]propan-2-ol,C14H32N2O4
CC(O)CN(CC(O)CO)N=O,"N-(2,3-dihydroxypropyl)-N-(2-hydroxypropyl)nitrous amide",C6H14N2O4
CC(O)CNCC(C)O,1-(2-hydroxypropylamino)propan-2-ol,C6H15NO2
CC(O)CN1CC(C)OC1=O,"3-(2-hydroxypropyl)-5-methyl-1,3-oxazolidin-2-one",C7H13NO3
CC(O)CO,"propane-1,2-diol",C3H8O2
CC(O)COC(C)(C)C,1-[(2-methylpropan-2-yl)oxy]propan-2-ol,C7H16O2
CC(O)COCC(C)O,1-(2-hydroxypropoxy)propan-2-ol,C6H14O3
CC(O)Cc1cc(N)cc([N+](=O)[O-])c1N,"1-(2,5-diamino-3-nitrophenyl)propan-2-ol",C9H13N3O3
CC(O)c1cc2ccc3cccc4ccc(c1)c2c34,1-pyren-2-ylethanol,C18H14O
CC(O)c1ccc2ccc3cccc4ccc1c2c34,1-pyren-1-ylethanol,C18H14O
CC(O)c1ccccc1,1-phenylethanol,C8H10O
CC(OP(=O)(OC(C)C(Br)CBr)OC(C)C(Br)CBr)C(Br)CBr,"tris(3,4-dibromobutan-2-yl) phosphate",C12H21Br6O4P
CC(OP(C)(=O)Cl)C(C)(C)C,"3-[chloro(methyl)phosphoryl]oxy-2,2-dimethylbutane",C7H16ClO2P
CC(OP(C)(=O)F)C(C)(C)C,"3-[fluoro(methyl)phosphoryl]oxy-2,2-dimethylbutane",C7H16FO2P
CC(Oc1cc(Cl)c(Cl)cc1Cl)C(=O)O,"2-(2,4,5-trichlorophenoxy)propanoic acid",C9H7Cl3O3
CC(Oc1ccc(Cl)cc1Cl)C(=O)O,"2-(2,4-dichlorophenoxy)propanoic acid",C9H8Cl2O3
CC(S)C(=O)NCC(=O)O,2-(2-sulfanylpropanoylamino)acetic acid,C5H9NO3S
CC(c1ccccc1)N(C)C,"N,N-dimethyl-1-phenylethanamine",C10H15N
CC/C(=C(/CC)c1ccc(O)cc1)c1ccc(O)cc1,4-[(E)-4-(4-hydroxyphenyl)hex-3-en-3-yl]phenol,C18H20O2
CC/C(=C(/CC)c1ccc(OP(=O)(O)O)cc1)c1ccc(OP(=O)(O)O)cc1,[4-[(E)-4-(4-phosphonooxyphenyl)hex-3-en-3-yl]phenyl] dihydrogen phosphate,C18H22O8P2
CC/C(=C(/c1ccc(OCCN(C)C)cc1)c1ccc(OP(=O)(O)O)cc1)c1ccc(C(C)C)cc1,[4-[(E)-1-[4-[2-(dimethylamino)ethoxy]phenyl]-2-(4-propan-2-ylphenyl)but-1-enyl]phenyl] dihydrogen phosphate,C29H36NO5P
CC/C(=C(/c1ccccc1)c1ccc(OCCN(C)C)cc1)c1ccccc1,"2-[4-[(E)-1,2-diphenylbut-1-enyl]phenoxy]-N,N-dimethylethanamine",C26H29NO
CC/C(C)=N\O,(NZ)-N-butan-2-ylidenehydroxylamine,C4H9NO
CC/C=C/C/C=C/C/C=C/CCCCCCCC(=O)O,"(9E,12E,15E)-octadeca-9,12,15-trienoic acid",C18H30O2
CC/C=C/C=C/C=C/C=C/C=C/C=C/OCC(O)CO,"3-[(1E,3E,5E,7E,9E,11E)-tetradeca-1,3,5,7,9,11-hexaenoxy]propane-1,2-diol",C17H24O3
CC/C=C/C=C/C=C/C=C/C=C/OC,"(1E,3E,5E,7E,9E)-1-methoxydodeca-1,3,5,7,9-pentaene",C13H18O
CC/C=C/C=C/C=C/C=C/C=C/OCC(C)O,"1-[(1E,3E,5E,7E,9E)-dodeca-1,3,5,7,9-pentaenoxy]propan-2-ol",C15H22O2
CC/C=C/C=C/C=C/C=C/C=C/OCC(O)CO,"3-[(1E,3E,5E,7E,9E)-dodeca-1,3,5,7,9-pentaenoxy]propane-1,2-diol",C15H22O3
CC/C=C/C=C/C=C/C=C/C=C/OCC(O)c1ccccc1,"2-[(1E,3E,5E,7E,9E)-dodeca-1,3,5,7,9-pentaenoxy]-1-phenylethanol",C20H24O2
CC/C=C/C=C/C=C/C=C/C=C/OCCC,"(1E,3E,5E,7E,9E)-1-propoxydodeca-1,3,5,7,9-pentaene",C15H22O
CC/C=C/C=C/C=C/C=C/C=C/OCCCO,"3-[(1E,3E,5E,7E,9E)-dodeca-1,3,5,7,9-pentaenoxy]propan-1-ol",C15H22O2
CC/C=C/C=C/C=C/C=C/C=C/SCC(O)CO,"3-[(1E,3E,5E,7E,9E)-dodeca-1,3,5,7,9-pentaenyl]sulfanylpropane-1,2-diol",C15H22O2S
CC/C=C/C=C/C=C/C=C/C=O,"(2E,4E,6E,8E)-undeca-2,4,6,8-tetraenal",C11H14O
CC/C=C/C=C/C=C/C=C/OCC(O)CO,"3-[(1E,3E,5E,7E)-deca-1,3,5,7-tetraenoxy]propane-1,2-diol",C13H20O3
CC/C=C/C=O,(E)-pent-2-enal,C5H8O
CC/C=C/CC/C=C/C=O,"(2E,6E)-nona-2,6-dienal",C9H14O
CC/C=C1\OC(=O)c2ccccc21,(3Z)-3-propylidene-2-benzofuran-1-one,C11H10O2
CC/C=C/[C@H](C=O)CC,"(E,2R)-2-ethylhex-3-enal",C8H14O
CC/C=C\C#N,(Z)-pent-2-enenitrile,C5H7N
CC/C=C\C/C=C\C/C=C\CCCCCCCC(=O)OCC,"ethyl (9Z,12Z,15Z)-octadeca-9,12,15-trienoate",C20H34O2
CC/N=c1\cc2oc3cc(NCC)c(C)cc3c(-c3ccccc3C(=O)OC)c-2cc1C,"methyl 2-[3-(ethylamino)-6-ethylimino-2,7-dimethylxanthen-9-yl]benzoate",C27H28N2O3
CC1(C(=O)NCc2ccccc2)CO1,N-benzyl-2-methyloxirane-2-carboxamide,C11H13NO2
CC1(C(=O)Nc2ccccc2)CO1,2-methyl-N-phenyloxirane-2-carboxamide,C10H11NO2
CC1(C(=O)O)CCCC2(C)C3CCC4(O)CC3(CCC12)CC41CO1,"13'-hydroxy-5',9'-dimethylspiro[oxirane-2,14'-tetracyclo[11.2.1.01,10.04,9]hexadecane]-5'-carboxylic acid",C20H30O4
CC1(C(Cl)Cl)C2C(Cl)C(Cl)C1(C(Cl)Cl)C(Cl)C2Cl,"2,3,5,6-tetrachloro-1,7-bis(dichloromethyl)-7-methylbicyclo[2.2.1]heptane",C10H10Cl8
CC1(C(N)=O)CO1,2-methyloxirane-2-carboxamide,C4H7NO2
CC1(C)C(=O)N(Cl)C(=O)N1Cl,"1,3-dichloro-5,5-dimethylimidazolidine-2,4-dione",C5H6Cl2N2O2
CC1(C)C(=O)[C@@]2(C)CC[C@@H]1C2,"(1S,4R)-1,3,3-trimethylbicyclo[2.2.1]heptan-2-one",C10H16O
CC1(C)C(C(=O)OC(C#N)c2cccc(Oc3ccccc3)c2)C1(C)C,"[cyano-(3-phenoxyphenyl)methyl] 2,2,3,3-tetramethylcyclopropane-1-carboxylate",C22H23NO3
CC1(C)C(C=C(Cl)Cl)C1C(=O)OC(C#N)c1cccc(Oc2ccccc2)c1,"[cyano-(3-phenoxyphenyl)methyl] 3-(2,2-dichloroethenyl)-2,2-dimethylcyclopropane-1-carboxylate",C22H19Cl2NO3
CC1(C)C(C=C(Br)Br)C1C(=O)OC(C#N)c1cccc(Oc2ccccc2)c1,"[cyano-(3-phenoxyphenyl)methyl] 3-(2,2-dibromoethenyl)-2,2-dimethylcyclopropane-1-carboxylate",C22H19Br2NO3
CC1(C)C2CC3OC3(C)C1C2,"2,7,7-trimethyl-3-oxatricyclo[4.1.1.02,4]octane",C10H16O
CC1(C)C(C=C(Cl)Cl)C1C(=O)OCc1cccc(Oc2ccccc2)c1,"(3-phenoxyphenyl)methyl 3-(2,2-dichloroethenyl)-2,2-dimethylcyclopropane-1-carboxylate",C21H20Cl2O3
CC1(C)C2CCC1(C)C(O)C2,"1,7,7-trimethylbicyclo[2.2.1]heptan-2-ol",C10H18O
CC1(C)C2CCC3(CO3)C1C2,"6,6-dimethylspiro[bicyclo[3.1.1]heptane-2,2'-oxirane]",C10H16O
CC1(C)CC(C(=O)NC(CO)C(O)CO)C(C)(C)[N+]1=O,"2,2,5,5-tetramethyl-1-oxo-N-(1,3,4-trihydroxybutan-2-yl)pyrrolidin-1-ium-3-carboxamide",C13H25N2O5+
CC1(C)C=C(C(=O)O)C(C)(C)N1O,"1-hydroxy-2,2,5,5-tetramethylpyrrole-3-carboxylic acid",C9H15NO3
CC1(C)CC(C(=O)NCCCCCCCCCCCC(=O)O)C(C)(C)N1O,"12-[(1-hydroxy-2,2,5,5-tetramethylpyrrolidine-3-carbonyl)amino]dodecanoic acid",C21H40N2O4
CC1(C)CC(C(=O)O)C(C)(C)N1O,"1-hydroxy-2,2,5,5-tetramethylpyrrolidine-3-carboxylic acid",C9H17NO3
CC1(C)CC(C(N)=O)C(C)(C)N1O,"1-hydroxy-2,2,5,5-tetramethylpyrrolidine-3-carboxamide",C9H18N2O2
CC1(C)CC(N)CC(C)(C)N1O,"1-hydroxy-2,2,6,6-tetramethylpiperidin-4-amine",C9H20N2O
CC1(C)CC(N)CC(C)(CN)C1,"3-(aminomethyl)-3,5,5-trimethylcyclohexan-1-amine",C10H22N2
CC1(C)CC(N=C=O)CC(C)(CN=C=O)C1,"5-isocyanato-1-(isocyanatomethyl)-1,3,3-trimethylcyclohexane",C12H18N2O2
CC1(C)CC(O)CC(C)(C)N1O,"1-hydroxy-2,2,6,6-tetramethylpiperidin-4-ol",C9H19NO2
CC1(C)CC2=C(C1)C(C=O)C1(C=O)CC1(C)C2O,,C15H20O3
CC1(C)CC2=C(C=O)C3(C=O)CC3(C)C(O)C2(O)C1,"2,2a-dihydroxy-1a,4,4-trimethyl-1,2,3,5-tetrahydrocyclopropa[f]indene-6,6a-dicarbaldehyde",C15H20O4
CC1(C)CC2C(O)(C=C(C=O)C3(C=O)CC23C)C1,"3a-hydroxy-5,5,6b-trimethyl-1,4,6,6a-tetrahydrocyclopropa[e]indene-1a,2-dicarbaldehyde",C15H20O3
CC1(C)CC2C(O)(C=C(C=O)C34CC23C(=O)OC4O)C1,"6,10-dihydroxy-4,4-dimethyl-12-oxo-11-oxatetracyclo[7.3.1.01,9.02,6]tridec-7-ene-8-carbaldehyde",C15H18O5
CC1(C)CC2C=C(C=O)C3(C=O)CC3(C)C2C1,"5,5,6b-trimethyl-3a,4,6,6a-tetrahydro-1H-cyclopropa[e]indene-1a,2-dicarbaldehyde",C15H20O2
CC1(C)CC2C=C(C=O)C34CC3(C(=O)OC4O)C2C1,"10-hydroxy-4,4-dimethyl-12-oxo-11-oxatetracyclo[7.3.1.01,9.02,6]tridec-7-ene-8-carbaldehyde",C15H18O4
CC1(C)CCC2(C(=O)O)CCC3(C)C(=CCC4C5(C)CC(O)C(O)C(C)(C(=O)O)C5CCC43C)C2C1,"2,3-dihydroxy-4,6a,6b,11,11,14b-hexamethyl-1,2,3,4a,5,6,7,8,9,10,12,12a,14,14a-tetradecahydropicene-4,8a-dicarboxylic acid",C30H46O6
CC1(C)CC2C=C(CO)C3(C=O)CC3(C)C2C1,"2-(hydroxymethyl)-5,5,6b-trimethyl-3a,4,6,6a-tetrahydro-1H-cyclopropa[e]indene-1a-carbaldehyde",C15H22O2
CC1(C)CCCC(C)(C)N1O,"1-hydroxy-2,2,6,6-tetramethylpiperidine",C9H19NO
CC1(C)CCC2(C(=O)O)CCC3(C)C(=CCC4C5(C)CC(O)C(OC6OC(CO)C(O)C(O)C6O)C(C)(C(=O)O)C5CCC43C)C2C1,"2-hydroxy-4,6a,6b,11,11,14b-hexamethyl-3-[3,4,5-trihydroxy-6-(hydroxymethyl)oxan-2-yl]oxy-1,2,3,4a,5,6,7,8,9,10,12,12a,14,14a-tetradecahydropicene-4,8a-dicarboxylic acid",C36H56O11
CC1(C)CCCC2(C)C(C=O)C(C=O)=CCC12,"5,5,8a-trimethyl-1,4,4a,6,7,8-hexahydronaphthalene-1,2-dicarbaldehyde",C15H22O2
CC1(C)CCCC2(C)C1CCC1(C)C(C=O)C(C=O)=CCC12,"4b,8,8,10a-tetramethyl-4,4a,5,6,7,8a,9,10-octahydro-1H-phenanthrene-1,2-dicarbaldehyde",C20H30O2
CC1(C)COC1=O,"3,3-dimethyloxetan-2-one",C5H8O2
CC1(C)C[C@@H](N=C=O)C[C@](C)(CN=C=O)C1,"trans-(1R,5R)-5-isocyanato-1-(isocyanatomethyl)-1,3,3-trimethylcyclohexane",C12H18N2O2
CC1(C)C[C@H]2C=C(CO)[C@@]3(C=O)C[C@@]3(C)[C@@H]2C1,,C15H22O2
CC1(C)Cc2ncccc2-c2nc(N)sc21,"4,4-dimethyl-5H-[1,3]thiazolo[4,5-f]quinolin-2-amine",C12H13N3S
CC1(C)OC1COc1c2ccoc2cc2oc(=O)ccc12,"4-[(3,3-dimethyloxiran-2-yl)methoxy]furo[3,2-g]chromen-7-one",C16H14O5
CC1(C)OC1COc1c2occc2cc2ccc(=O)oc12,"9-[(3,3-dimethyloxiran-2-yl)methoxy]furo[3,2-g]chromen-7-one",C16H14O5
CC1(C)O[C@]2(C)CC[C@H]1CC2,"1,3,3-trimethyl-2-oxabicyclo[2.2.2]octane",C10H18O
CC1(C)SC2C(NC(=O)C(N)c3ccccc3)C(=O)N2C1C(=O)O,"6-[(2-amino-2-phenylacetyl)amino]-3,3-dimethyl-7-oxo-4-thia-1-azabicyclo[3.2.0]heptane-2-carboxylic acid",C16H19N3O4S
CC1(C)SC2C(NC(=O)COc3ccccc3)C(=O)N2C1C(=O)O,"3,3-dimethyl-7-oxo-6-[(2-phenoxyacetyl)amino]-4-thia-1-azabicyclo[3.2.0]heptane-2-carboxylic acid",C16H18N2O5S
CC1(C)SC2C(NC(=O)Cc3ccccc3)C(=O)N2C1C(=O)O,"3,3-dimethyl-7-oxo-6-[(2-phenylacetyl)amino]-4-thia-1-azabicyclo[3.2.0]heptane-2-carboxylic acid",C16H18N2O4S
CC1(C)SSCC(C(=O)O)NC1=O,"7,7-dimethyl-6-oxo-1,2,5-dithiazepane-4-carboxylic acid",C7H11NO3S2
CC1(C)S[C@@H]2[C@@H](NC(=O)Cc3ccccc3)C(=O)N2[C@H]1C(=O)O,"(2S,5R,6S)-3,3-dimethyl-7-oxo-6-[(2-phenylacetyl)amino]-4-thia-1-azabicyclo[3.2.0]heptane-2-carboxylic acid",C16H18N2O4S
CC1(C)S[C@@H]2[C@@H](NC(=O)[C@@H](N)c3ccccc3)C(=O)N2[C@H]1C(=O)O,"(2S,5R,6S)-6-[[(2S)-2-amino-2-phenylacetyl]amino]-3,3-dimethyl-7-oxo-4-thia-1-azabicyclo[3.2.0]heptane-2-carboxylic acid",C16H19N3O4S
CC1(C)[C@H]2CC[C@]1(C)C(=O)C2,"(1S,4S)-1,7,7-trimethylbicyclo[2.2.1]heptan-2-one",C10H16O
CC1(C2CO2)CO1,2-methyl-2-(oxiran-2-yl)oxirane,C5H8O2
CC1(CO)C(O)CCC2(C)C1CCC1CC3CC12CCC3(O)CO,"6,13-bis(hydroxymethyl)-2,6-dimethyltetracyclo[10.3.1.01,10.02,7]hexadecane-5,13-diol",C20H34O4
CC1(Cn2ccnn2)C(C(=O)O)N2C(=O)CC2S1(=O)=O,"3-methyl-4,4,7-trioxo-3-(triazol-1-ylmethyl)-4lambda6-thia-1-azabicyclo[3.2.0]heptane-2-carboxylic acid",C10H12N4O5S
CC1(N)CCC(C(C)(C)N)CC1,4-(2-aminopropan-2-yl)-1-methylcyclohexan-1-amine,C10H22N2
CC1(O)C=Cc2cc3c(ccc4ccccc43)c3c2C1(O)CC3,"3-methyl-1,2-dihydrobenzo[j]aceanthrylene-2a,3-diol",C21H18O2
CC1(O)CC2CCC1(C)C2(C)C,"1,2,7,7-tetramethylbicyclo[2.2.1]heptan-2-ol",C11H20O
CC1(OO)c2ccccc2-c2ccccc21,9-hydroperoxy-9-methylfluorene,C14H12O2
CC1(c2ccc(-c3ccccc3)cc2)CO1,2-methyl-2-(4-phenylphenyl)oxirane,C15H14O
CC1(c2ccc(C#N)cc2)CO1,4-(2-methyloxiran-2-yl)benzonitrile,C10H9NO
CC1(c2ccc(Br)cc2)CO1,2-(4-bromophenyl)-2-methyloxirane,C9H9BrO
CC1(c2ccc([N+](=O)[O-])cc2)CO1,2-methyl-2-(4-nitrophenyl)oxirane,C9H9NO3
CC1(c2ccc(Cl)cc2)CO1,2-(4-chlorophenyl)-2-methyloxirane,C9H9ClO
CC1(c2ccccc2)/C(=N/c2ccccc2)c2ccccc2N1O,"1-hydroxy-2-methyl-N,2-diphenylindol-3-imine",C21H18N2O
CC1(c2ccccc2)C(=O)c2ccccc2N1O,1-hydroxy-2-methyl-2-phenylindol-3-one,C15H13NO2
CC1(c2ccccc2)CO1,2-methyl-2-phenyloxirane,C9H10O
CC12C=CC(=O)C=C1CCC1C2C(=O)CC2(C)C1CCC2(O)C(=O)CO,"17-hydroxy-17-(2-hydroxyacetyl)-10,13-dimethyl-6,7,8,9,12,14,15,16-octahydrocyclopenta[a]phenanthrene-3,11-dione",C21H26O5
CC12C/C(=C/O)C(=O)CC1CCC1C2CCC2(C)C1CCC2(C)O,"(2Z)-17-hydroxy-2-(hydroxymethylidene)-10,13,17-trimethyl-1,4,5,6,7,8,9,11,12,14,15,16-dodecahydrocyclopenta[a]phenanthren-3-one",C21H32O3
CC12C=CC(=O)C=C1CCC1C2C(O)CC2(C)C1CCC2(O)C(O)C=O,,C21H28O5
CC12C=CC(=O)C=C1CCC1C2C(O)CC2(C)C1CCC2(O)C(=O)CO,"11,17-dihydroxy-17-(2-hydroxyacetyl)-10,13-dimethyl-7,8,9,11,12,14,15,16-octahydro-6H-cyclopenta[a]phenanthren-3-one",C21H28O5
CC12C=CC3=C4CCC(=O)CC4=CCC3C1CCC2O,,C18H22O2
CC12C=CC3=C4CCC(=O)C=C4CCC3C1CCC2O,"17-hydroxy-13-methyl-2,6,7,8,14,15,16,17-octahydro-1H-cyclopenta[a]phenanthren-3-one",C18H22O2
CC12CC(C=O)C(=O)CC1CCC1C2CCC2(C)C1CCC2(C)O,"17-hydroxy-10,13,17-trimethyl-3-oxo-2,4,5,6,7,8,9,11,12,14,15,16-dodecahydro-1H-cyclopenta[a]phenanthrene-2-carbaldehyde",C21H32O3
CC12CCC(=O)C=C1C1CC1C1C2CCC2(C)C1C1CC1C21CCC(=O)O1,"10,14-dimethylspiro[hexacyclo[9.8.0.02,4.05,10.014,19.016,18]nonadec-5-ene-15,5'-oxolane]-2',7-dione",C24H30O3
CC12CCC(C(=O)C1=O)C2(C)C,"1,7,7-trimethylbicyclo[2.2.1]heptane-2,3-dione",C10H14O2
CC12CCC(=O)CC1=C1CC1C1C2CCC2(C)C1C1CC1C21CCC(=O)O1,"10,14-dimethylspiro[hexacyclo[9.8.0.02,4.05,10.014,19.016,18]nonadec-4-ene-15,5'-oxolane]-2',7-dione",C24H30O3
CC12CCC(C1)C(C)(C)C2=O,"1,3,3-trimethylbicyclo[2.2.1]heptan-2-one",C10H16O
CC12CCC(CC1)C(C)(C)O2,"1,3,3-trimethyl-2-oxabicyclo[2.2.2]octane",C10H18O
CC12CCC3C(CC=C4CC(O)CCC43C)C1CCC2=O,"3-hydroxy-10,13-dimethyl-1,2,3,4,7,8,9,11,12,14,15,16-dodecahydrocyclopenta[a]phenanthren-17-one",C19H28O2
CC12CCC(CC1=O)C2(C)C,"1,7,7-trimethylbicyclo[2.2.1]heptan-2-one",C10H16O
CC12CCC3C(CCC4=CC(=O)CCC43C)C1CCC2=O,"10,13-dimethyl-2,6,7,8,9,11,12,14,15,16-decahydro-1H-cyclopenta[a]phenanthrene-3,17-dione",C19H26O2
CC12CCC3C(CCC4CC(O)CCC43C)C1CCC(=O)N2,"8-hydroxy-10a,12a-dimethyl-3,4,4a,4b,5,6,6a,7,8,9,10,10b,11,12-tetradecahydro-1H-naphtho[2,1-f]quinolin-2-one",C19H31NO2
CC12CCC3C(CCC4CC(OC(=O)/C=C/c5cccc(N(CCCl)CCCl)c5)CCC43C)C1CCC(=O)N2,"(10a,12a-dimethyl-2-oxo-3,4,4a,4b,5,6,6a,7,8,9,10,10b,11,12-tetradecahydro-1H-naphtho[2,1-f]quinolin-8-yl) (E)-3-[3-[bis(2-chloroethyl)amino]phenyl]prop-2-enoate",C32H44Cl2N2O3
CC12CCC3c4ccc(O)cc4CCC3C13CCC2(O)C(O)C3,"14-methylpentacyclo[13.2.2.01,14.02,11.05,10]nonadeca-5(10),6,8-triene-7,15,16-triol",C20H26O3
CC12CCC3c4ccc(O)cc4CCC3C1CC(O)C2O,"13-methyl-6,7,8,9,11,12,14,15,16,17-decahydrocyclopenta[a]phenanthrene-3,16,17-triol",C18H24O3
CC12CCC=C(C=O)C1(C=O)C2,"6-methylbicyclo[4.1.0]hept-2-ene-1,2-dicarbaldehyde",C10H12O2
CC12CCC3c4ccc(O)cc4CCC3C1CCC2O,"13-methyl-6,7,8,9,11,12,14,15,16,17-decahydrocyclopenta[a]phenanthrene-3,17-diol",C18H24O2
CC12CCNC(=O)C=C1CCC1C2CCC2(C)C(OC(=O)/C=C/c3cccc(N(CCCl)CCCl)c3)CCC12,,C32H42Cl2N2O3
CC12OC1C1CCCCC1c1ccccc12,"9b-methyl-1b,2,3,4,5,5a-hexahydro-1aH-phenanthro[9,10-b]oxirene",C15H18O
CC12OOC1(C)c1c(ccc3ccccc13)O2,"12,15-dimethyl-11,13,14-trioxatetracyclo[8.5.0.02,7.012,15]pentadeca-1(10),2,4,6,8-pentaene",C14H12O3
CC12OOC1(C)c1ccc3cccnc3c1O2,"11,14-dimethyl-12,13,15-trioxa-3-azatetracyclo[8.5.0.02,7.011,14]pentadeca-1(10),2(7),3,5,8-pentaene",C13H11NO3
CC12OOC1(C)c1ccccc1O2,"2a,7b-dimethyldioxeto[3,4-b][1]benzofuran",C10H10O3
CC12OOC1(CO)Oc1ccccc12,"(7b-methyldioxeto[3,4-b][1]benzofuran-2a-yl)methanol",C10H10O4
CC12OOC1Oc1ccccc12,"7b-methyl-2aH-dioxeto[3,4-b][1]benzofuran",C9H8O3
CC12OOC1(COC(=O)Nc1ccc(Cl)cc1)Oc1ccccc12,"(7b-methyldioxeto[3,4-b][1]benzofuran-2a-yl)methyl N-(4-chlorophenyl)carbamate",C17H14ClNO5
CC1=C(/C=C/C(C)=C/C=C/C(C)=C/C=C/C=C(C)/C=C/C=C(C)/C=C/C2=C(C)C(=O)CCC2(C)C)C(C)(C)CCC1=O,"2,4,4-trimethyl-3-[(1E,3E,5E,7E,9E,11E,13E,15E,17E)-3,7,12,16-tetramethyl-18-(2,6,6-trimethyl-3-oxocyclohexen-1-yl)octadeca-1,3,5,7,9,11,13,15,17-nonaenyl]cyclohex-2-en-1-one",C40H52O2
CC1=C(/C=C/C(C)=C/C=C/C(C)=C/C=C/C=C(C)/C=C/C=C(C)/C=C/C2=C(C)CCCC2(C)C)C(C)(C)CCC1,"1,3,3-trimethyl-2-[(1E,3E,5E,7E,9E,11E,13E,15E,17E)-3,7,12,16-tetramethyl-18-(2,6,6-trimethylcyclohexen-1-yl)octadeca-1,3,5,7,9,11,13,15,17-nonaenyl]cyclohexene",C40H56
CC1=C(/C=C/C(C)=C/C=C/C(C)=C/C=C/C=C(C)/C=C/C=C(\C)C=O)C(C)(C)CCC1,"(2E,4E,6E,8E,10E,12E,14E,16E)-2,6,11,15-tetramethyl-17-(2,6,6-trimethylcyclohexen-1-yl)heptadeca-2,4,6,8,10,12,14,16-octaenal",C30H40O
CC1=C(/C=C\C(C)=C/C=C\C(C)=C/C=O)C(C)(C)CCC1,"(2Z,4Z,6Z,8Z)-3,7-dimethyl-9-(2,6,6-trimethylcyclohexen-1-yl)nona-2,4,6,8-tetraenal",C20H28O
CC1=C(/C=C\C(C)=C/C=C\C(C)=C/CO)C(C)(C)CCC1,"(2Z,4Z,6Z,8Z)-3,7-dimethyl-9-(2,6,6-trimethylcyclohexen-1-yl)nona-2,4,6,8-tetraen-1-ol",C20H30O
CC1=C(C(=O)Nc2ccccc2)SCCO1,"6-methyl-N-phenyl-2,3-dihydro-1,4-oxathiine-5-carboxamide",C12H13NO2S
CC1=C(C(=O)OC(C)C)C(c2cccc([N+](=O)[O-])c2)C(=C(O)OC2CN(C(c3ccccc3)c3ccccc3)C2)C(N)=N1,"3-O-(1-benzhydrylazetidin-3-yl) 5-O-propan-2-yl 2-amino-6-methyl-4-(3-nitrophenyl)-1,4-dihydropyridine-3,5-dicarboxylate",C33H34N4O6
CC1=C(Cl)C(=O)OC1O,4-chloro-2-hydroxy-3-methyl-2H-furan-5-one,C5H5ClO3
CC1=C(C)C(=O)C(C)=C(C)C1=O,"2,3,5,6-tetramethylcyclohexa-2,5-diene-1,4-dione",C10H12O2
CC1=C(O)C(=O)C(O)CO1,"3,5-dihydroxy-6-methyl-2,3-dihydropyran-4-one",C6H8O4
CC1=C(O)C(=O)CC1,2-hydroxy-3-methylcyclopent-2-en-1-one,C6H8O2
CC1=C(O)C(=O)CO1,4-hydroxy-5-methylfuran-3-one,C5H6O3
CC1=C(O)C(O)=C(C2=C(O)C(O)=C(C)C(=O)C2=O)C(=O)C1=O,"2-(2,5-dihydroxy-4-methyl-3,6-dioxocyclohexa-1,4-dien-1-yl)-3,6-dihydroxy-5-methylcyclohexa-2,5-diene-1,4-dione",C14H10O8
CC1=C2C(=CC(C)(C)C2O)C(=O)C(C)(O)C12CC2,"1,5-dihydroxy-2,2,5,7-tetramethylspiro[1H-indene-6,1'-cyclopropane]-4-one",C15H20O3
CC1=C2C(=CC(C)(CO)C2O)C(=O)C(C)(O)C12CC2,"1,5-dihydroxy-2-(hydroxymethyl)-2,5,7-trimethylspiro[1H-indene-6,1'-cyclopropane]-4-one",C15H20O4
CC1=C2C(=COC(C)C2C)C(=O)C(C(=O)O)C1=O,"3,4,5-trimethyl-6,8-dioxo-3,4-dihydroisochromene-7-carboxylic acid",C13H14O5
CC1=C2C(=COC(C)C2C)C(O)=C(C(=O)O)C1=O,"6-hydroxy-3,4,5-trimethyl-8-oxo-3,4-dihydroisochromene-7-carboxylic acid",C13H14O5
CC1=C2C(=CO[C@H](C)[C@H]2C)C(O)=C(C(=O)O)C1=O,"(3R,4S)-6-hydroxy-3,4,5-trimethyl-8-oxo-3,4-dihydroisochromene-7-carboxylic acid",C13H14O5
CC1=CC(=C(C#N)C#N)C=C(/C=C/c2ccc(N(C)C)cc2)O1,2-[2-[(E)-2-[4-(dimethylamino)phenyl]ethenyl]-6-methylpyran-4-ylidene]propanedinitrile,C19H17N3O
CC1=CC(=O)C(C(C)C)=CC1=O,"2-methyl-5-propan-2-ylcyclohexa-2,5-diene-1,4-dione",C10H12O2
CC1=CC(=O)C(C)=CC1=O,"2,5-dimethylcyclohexa-2,5-diene-1,4-dione",C8H8O2
CC1=CC(=O)C=C(C)C1=O,"2,6-dimethylcyclohexa-2,5-diene-1,4-dione",C8H8O2
CC1=CC(=O)C=C2CCC3C4CCC(=O)C4(C)CCC3C12C,"1,10,13-trimethyl-7,8,9,11,12,14,15,16-octahydro-6H-cyclopenta[a]phenanthrene-3,17-dione",C20H26O2
CC1=CC(=O)C=CC1=O,"2-methylcyclohexa-2,5-diene-1,4-dione",C7H6O2
CC1=CC(=O)c2[nH]c(C)c3c4ccccc4nc-3c2C1=O,"2,6-dimethyl-11H-indolo[3,2-c]quinoline-1,4-dione",C17H12N2O2
CC1=CC(=O)CC(C)(C)C1,"3,5,5-trimethylcyclohex-2-en-1-one",C9H14O
CC1=CC(=O)c2c(O)cccc2C1=O,"5-hydroxy-2-methylnaphthalene-1,4-dione",C11H8O3
CC1=CC(=O)c2ccccc2C1=O,"2-methylnaphthalene-1,4-dione",C11H8O2
CC1=CC(C)(C)Nc2ccccc21,"2,2,4-trimethyl-1H-quinoline",C12H15N
CC1=CC(O)C2CC1C2(C)C,"4,6,6-trimethylbicyclo[3.1.1]hept-3-en-2-ol",C10H16O
CC1=CC2=C(C=O)C(=O)C(C)(O)C(O)C2=CO1,"7,8-dihydroxy-3,7-dimethyl-6-oxo-8H-isochromene-5-carbaldehyde",C12H12O5
CC1=CC2(OC3OC(CO)C(O)C(O)C3O)CC(C)C(=O)C2C(C)(O)C12CC2,"7-hydroxy-2,5,7-trimethyl-3a-[3,4,5-trihydroxy-6-(hydroxymethyl)oxan-2-yl]oxyspiro[3,7a-dihydro-2H-indene-6,1'-cyclopropane]-1-one",C20H30O8
CC1=CC2CCCCC2c2ccccc21,"9-methyl-1,2,3,4,4a,10a-hexahydrophenanthrene",C15H18
CC1=CC2=C(C=O)C(=O)[C@](C)(O)[C@H](O)C2=CO1,"(7R,8R)-7,8-dihydroxy-3,7-dimethyl-6-oxo-8H-isochromene-5-carbaldehyde",C12H12O5
CC1=CC2OC3C(O)CC(C)(C34CO4)C2(CO)C(O)C1=O,"3,10-dihydroxy-2-(hydroxymethyl)-1,5-dimethylspiro[8-oxatricyclo[7.2.1.02,7]dodec-5-ene-12,2'-oxirane]-4-one",C15H20O6
CC1=CC2OC3C(O)C(O)C(C)(C34CO4)C2(CO)C(O)C1=O,"3,10,11-trihydroxy-2-(hydroxymethyl)-1,5-dimethylspiro[8-oxatricyclo[7.2.1.02,7]dodec-5-ene-12,2'-oxirane]-4-one",C15H20O7
CC1=CCC(=O)O1,5-methyl-3H-furan-2-one,C5H6O2
CC1=CC2c3cccc4[nH]cc(c34)CC2N(C)C1,"7,9-dimethyl-6,6a,8,10a-tetrahydro-4H-indolo[4,3-fg]quinoline",C16H18N2
CC1=CCC2C(C)=CCC(C(C)(C)C)C2C1,"1-tert-butyl-4,7-dimethyl-1,2,4a,5,8,8a-hexahydronaphthalene",C16H26
CC1=CCC(C(C)(C)O)CC1,2-(4-methylcyclohex-3-en-1-yl)propan-2-ol,C10H18O
CC1=CCC2CC1C2(C)C,"2,6,6-trimethylbicyclo[3.1.1]hept-2-ene",C10H16
CC1=CCCc2c1cc(C)c1c2ccc2ccccc21,"1,11-dimethyl-3,4-dihydrochrysene",C20H18
CC1=CC[C@@H]2C(C)=CC[C@@H](C(C)C)[C@H]2C1,"(1S,4aS,8aR)-4,7-dimethyl-1-propan-2-yl-1,2,4a,5,8,8a-hexahydronaphthalene",C15H24
CC1=CC[C@@H]2C(C)=CC[C@H](C(C)(C)C)[C@H]2C1,,C16H26
CC1=CC[C@H]2C[C@@H]1C2(C)C,"(1S,5S)-2,6,6-trimethylbicyclo[3.1.1]hept-2-ene",C10H16
CC1=C[C@H]2c3cccc4[nH]cc(c34)C[C@H]2N(C)C1,"(6aR,10aS)-7,9-dimethyl-6,6a,8,10a-tetrahydro-4H-indolo[4,3-fg]quinoline",C16H18N2
CC1=CCc2c1cc(C)c1c2ccc2ccccc21,"11,17-dimethyl-15H-cyclopenta[a]phenanthrene",C19H16
CC1=Cc2nc3c(ccc4ccccc43)c(C)c2C(O)C1O,"7,10-dimethyl-8,9-dihydronaphtho[1,2-b]quinoline-8,9-diol",C19H17NO2
CC1=NC(N)=CC2c3ccccc3NC12,,C12H13N3
CC1=NC(N)=C[C@@H]2c3ccccc3N[C@H]12,,C12H13N3
CC1=NCCc2c1[nH]c1cc(O)ccc21,"1-methyl-4,9-dihydro-3H-pyrido[3,4-b]indol-7-ol",C12H12N2O
CC1=NN(c2ccccc2)C(=O)C1,5-methyl-2-phenyl-4H-pyrazol-3-one,C10H10N2O
CC1=Nc2ccccc2C1(C)C,"2,3,3-trimethylindole",C11H13N
CC1C(=O)OC2CCN3CC=C(COC(=O)C(C)(O)C1(C)O)C23,"5,6-dihydroxy-4,5,6-trimethyl-2,8-dioxa-13-azatricyclo[8.5.1.013,16]hexadec-10-ene-3,7-dione",C16H23NO6
CC1C(=O)CC2(C(C)C)CC12,4-methyl-1-propan-2-ylbicyclo[3.1.0]hexan-3-one,C10H16O
CC1C(C)(C)C2=C(C(=O)CCC2)C1(C)C,"1,1,2,3,3-pentamethyl-2,5,6,7-tetrahydroinden-4-one",C14H22O
CC1C(C)(C)Nc2ccccc2C1(C)C1C(C)(C)Nc2ccccc2C1(C)C,,C26H36N2
CC1C(O)CCC2=CC(=O)C3(C4(CO)CO4)OC3C21C,"6-hydroxy-1a-[2-(hydroxymethyl)oxiran-2-yl]-7,7a-dimethyl-5,6,7,7b-tetrahydro-4H-naphtho[1,2-b]oxiren-2-one",C15H20O5
CC1C(O)CCC2=CC(=O)C3(C4OC4CO)OC3C21C,,C15H20O5
CC1C=C(C=O)C(C=O)=CC2(O)CC(C)(C)CC12,"3a-hydroxy-2,2,8-trimethyl-1,3,8,8a-tetrahydroazulene-5,6-dicarbaldehyde",C15H20O3
CC1C=C(C=O)C(C=O)=CC2CC(C)(C)CC12,"2,2,8-trimethyl-3,3a,8,8a-tetrahydro-1H-azulene-5,6-dicarbaldehyde",C15H20O2
CC1C=C(C=O)C(C=O)C(O)C2CC(C)(C)CC12,"4-hydroxy-2,2,8-trimethyl-3,3a,4,5,8,8a-hexahydro-1H-azulene-5,6-dicarbaldehyde",C15H22O3
CC1C=Cc2c1ccc1c2ccc2ccccc21,17-methyl-17H-cyclopenta[a]phenanthrene,C18H14
CC1C=Cc2ccc3ccc4ccccc4c3c21,1-methyl-1H-cyclopenta[c]phenanthrene,C18H14
CC1CC(=O)O1,4-methyloxetan-2-one,C4H6O2
CC1CC(C)C(=O)C(C(O)CC2CC(=O)NC(=O)C2)C1,"4-[2-(3,5-dimethyl-2-oxocyclohexyl)-2-hydroxyethyl]piperidine-2,6-dione",C15H23NO4
CC1CC(OC(=O)c2ccccc2O)CC(C)(C)C1,"(3,3,5-trimethylcyclohexyl) 2-hydroxybenzoate",C16H22O3
CC1CC2(C)C(CCC3C4CCC(O)C4(C)CCC32)CC1=O,"17-hydroxy-2,10,13-trimethyl-1,2,4,5,6,7,8,9,11,12,14,15,16,17-tetradecahydrocyclopenta[a]phenanthren-3-one",C20H32O2
CC1CC2(OC2C)C(=O)OC2CCN(C)CC=C(COC(=O)C1(C)O)C2=O,"7-hydroxy-3',6,7,14-tetramethylspiro[2,9-dioxa-14-azabicyclo[9.5.1]heptadec-11-ene-4,2'-oxirane]-3,8,17-trione",C19H27NO7
CC1CC23CCC4C(C)(C(=O)O)CCCC4(C)C2CCC1(O)C3,"13-hydroxy-5,9,14-trimethyltetracyclo[11.2.1.01,10.04,9]hexadecane-5-carboxylic acid",C20H32O3
CC1CC2OC(=O)C(C)C2CC2(C)C(O)CC(O)CC12,,C16H26O4
CC1CC2OC(=O)C3(C)C2C(OC3(C)O)C2(C)C(=O)C=CC12,"13-hydroxy-2,7,12,13-tetramethyl-10,14-dioxatetracyclo[7.5.1.02,6.012,15]pentadec-4-ene-3,11-dione",C17H22O5
CC1CC2OC3C(O)C(O)C(C)(C34CO4)C2(CO)C(=O)C1=O,"10,11-dihydroxy-2-(hydroxymethyl)-1,5-dimethylspiro[8-oxatricyclo[7.2.1.02,7]dodecane-12,2'-oxirane]-3,4-dione",C15H20O7
CC1CC2OC3C(O)CC(C)(C34CO4)C2(CO)C(=O)C1=O,"10-hydroxy-2-(hydroxymethyl)-1,5-dimethylspiro[8-oxatricyclo[7.2.1.02,7]dodecane-12,2'-oxirane]-3,4-dione",C15H20O6
CC1CC2c3cc(Br)cc4c3c(cn4CC3CC3)CC2N(C)C1,"2-bromo-4-(cyclopropylmethyl)-7,9-dimethyl-6,6a,8,9,10,10a-hexahydroindolo[4,3-fg]quinoline",C20H25BrN2
CC1CC2c3cccc4[nH]cc(c34)CC2N(C)C1,"7,9-dimethyl-6,6a,8,9,10,10a-hexahydro-4H-indolo[4,3-fg]quinoline",C16H20N2
CC1CC2c3cccc4c3c(cn4C3CCCC3)CC2N(C)C1,"4-cyclopentyl-7,9-dimethyl-6,6a,8,9,10,10a-hexahydroindolo[4,3-fg]quinoline",C21H28N2
CC1CCC(C(C)(C)OO)CC1,1-(2-hydroperoxypropan-2-yl)-4-methylcyclohexane,C10H20O2
CC1CCC(=O)C1=O,"3-methylcyclopentane-1,2-dione",C6H8O2
CC1CCC(C(C)C)C(=O)C1,5-methyl-2-propan-2-ylcyclohexan-1-one,C10H18O
CC1CCC(C(C)C)C(O)C1,5-methyl-2-propan-2-ylcyclohexan-1-ol,C10H20O
CC1CCC(C(C)C)CC1,1-methyl-4-propan-2-ylcyclohexane,C10H20
CC1CCC(C(C)C)C(OC(=O)c2ccccc2N)C1,(5-methyl-2-propan-2-ylcyclohexyl) 2-aminobenzoate,C17H25NO2
CC1CCC(C(C)CS)CC1S,2-methyl-5-(1-sulfanylpropan-2-yl)cyclohexane-1-thiol,C10H20S2
CC1CCC(NC(=O)N(CCCl)N=O)CC1,1-(2-chloroethyl)-3-(4-methylcyclohexyl)-1-nitrosourea,C10H18ClN3O2
CC1CCC2(OC1)OC1CC3C4CC=C5CC(O)CCC5(C)C4CCC3(C)C1C2C,"5',7,9,13-tetramethylspiro[5-oxapentacyclo[10.8.0.02,9.04,8.013,18]icos-18-ene-6,2'-oxane]-16-ol",C27H42O3
CC1CCC2C(C)C3C(CC4C5CC=C6CC(O)CCC6(C)C5CCC43C)N2C1,"10,14,16,20-tetramethyl-22-azahexacyclo[12.10.0.02,11.05,10.015,23.017,22]tetracos-4-en-7-ol",C27H43NO
CC1CCC2CC1C2(C)C,"2,6,6-trimethylbicyclo[3.1.1]heptane",C10H18
CC1CCCC(=O)CCCC=Cc2cc(O)cc(O)c2C(=O)O1,"16,18-dihydroxy-4-methyl-3-oxabicyclo[12.4.0]octadeca-1(14),12,15,17-tetraene-2,8-dione",C18H22O5
CC1CCCC(=O)CCCCCc2cc(O)cc(O)c2C(=O)O1,"16,18-dihydroxy-4-methyl-3-oxabicyclo[12.4.0]octadeca-1(14),15,17-triene-2,8-dione",C18H24O5
CC1CCCC(C)N1CCCC(O)(c1ccccc1)c1ccccn1,"4-(2,6-dimethylpiperidin-1-yl)-1-phenyl-1-pyridin-2-ylbutan-1-ol",C22H30N2O
CC1CCCC(O)CCCCCc2cc(O)cc(O)c2C(=O)O1,"8,16,18-trihydroxy-4-methyl-3-oxabicyclo[12.4.0]octadeca-1(14),15,17-trien-2-one",C18H26O5
CC1CCCC1,methylcyclopentane,C6H12
CC1CCCC2(C)CCCCC12O,"4,8a-dimethyl-1,2,3,4,5,6,7,8-octahydronaphthalen-4a-ol",C12H22O
CC1CCCCC1NC(=O)Nc1ccccc1,1-(2-methylcyclohexyl)-3-phenylurea,C14H20N2O
CC1CCCCN1N=O,2-methyl-1-nitrosopiperidine,C6H12N2O
CC1CCCN(N=O)C1,3-methyl-1-nitrosopiperidine,C6H12N2O
CC1CCCO1,2-methyloxolane,C5H10O
CC1CCN(N=O)CC1,4-methyl-1-nitrosopiperidine,C6H12N2O
CC1CCOS(=O)(=O)O1,"4-methyl-1,3,2-dioxathiane 2,2-dioxide",C4H8O4S
CC1CCc2c(N3CCC(O)CC3)c(F)cc3c(=O)c(C(=O)O)cn1c23,"7-fluoro-8-(4-hydroxypiperidin-1-yl)-12-methyl-4-oxo-1-azatricyclo[7.3.1.05,13]trideca-2,5,7,9(13)-tetraene-3-carboxylic acid",C19H21FN2O4
CC1CN(/N=C/c2ccc([N+](=O)[O-])o2)C(=O)N1,4-methyl-1-[(E)-(5-nitrofuran-2-yl)methylideneamino]imidazolidin-2-one,C9H10N4O4
CC1CCc2c1ccc1c2ccc2ccccc21,"17-methyl-16,17-dihydro-15H-cyclopenta[a]phenanthrene",C18H16
CC1CN(N=O)C(=O)NC1=O,"5-methyl-1-nitroso-1,3-diazinane-2,4-dione",C5H7N3O3
CC1CN(N=O)C(C)CN1N=O,"2,5-dimethyl-1,4-dinitrosopiperazine",C6H12N4O2
CC1CN(N=O)CC(C)N1C(=O)c1ccccc1,"(2,6-dimethyl-4-nitrosopiperazin-1-yl)-phenylmethanone",C13H17N3O2
CC1CN(N=O)CC(C)N1N=O,"2,6-dimethyl-1,4-dinitrosopiperazine",C6H12N4O2
CC1CN(N=O)CC(C)O1,"2,6-dimethyl-4-nitrosomorpholine",C6H12N2O2
CC1CN(N=O)CCN1N=O,"2-methyl-1,4-dinitrosopiperazine",C5H10N4O2
CC1CN(c2cc3c(cc2F)c(=O)c(C(=O)O)cn3-c2ccc(F)cc2F)CCN1,"1-(2,4-difluorophenyl)-6-fluoro-7-(3-methylpiperazin-1-yl)-4-oxoquinoline-3-carboxylic acid",C21H18F3N3O3
CC1CN1,2-methylaziridine,C3H7N
CC1CNC(=O)N1c1ncc([N+](=O)[O-])s1,"5-methyl-1-(5-nitro-1,3-thiazol-2-yl)imidazolidin-2-one",C7H8N4O3S
CC1CO1,2-methyloxirane,C3H6O
CC1CNCC(C)O1,"2,6-dimethylmorpholine",C6H13NO
CC1COc2c(C3(N)CC3)c(F)cc3c(=O)c(C(=O)O)cn1c23,"6-(1-aminocyclopropyl)-7-fluoro-2-methyl-10-oxo-4-oxa-1-azatricyclo[7.3.1.05,13]trideca-5(13),6,8,11-tetraene-11-carboxylic acid",C16H15FN2O4
CC1COCc2cc3c(cc21)C(C)(C)C(C)C3(C)C,"4,6,6,7,8,8-hexamethyl-1,3,4,7-tetrahydrocyclopenta[g]isochromene",C18H26O
CC1COc2c(N3CCN(C)CC3)c(F)c(C(=O)O)c3c(=O)ccn1c23,,C18H20FN3O4
CC1COc2c(N3CCN(C)CC3)c(F)cc3c(=O)c(C(=O)O)cn1c23,"7-fluoro-2-methyl-6-(4-methylpiperazin-1-yl)-10-oxo-4-oxa-1-azatricyclo[7.3.1.05,13]trideca-5(13),6,8,11-tetraene-11-carboxylic acid",C18H20FN3O4
CC1CS(=O)(=O)CCN1N=Cc1ccc([N+](=O)[O-])o1,"N-(3-methyl-1,1-dioxo-1,4-thiazinan-4-yl)-1-(5-nitrofuran-2-yl)methanimine",C10H13N3O5S
CC1CS1,2-methylthiirane,C3H6S
CC1Cc2c(Cl)cc(C(=O)NC(Cc3ccccc3)C(=O)O)c(O)c2C(=O)O1,"2-[(5-chloro-8-hydroxy-3-methyl-1-oxo-3,4-dihydroisochromene-7-carbonyl)amino]-3-phenylpropanoic acid",C20H18ClNO6
CC1Cc2ccc(C(=O)NC(Cc3ccccc3)C(=O)O)c(O)c2C(=O)O1,"2-[(8-hydroxy-3-methyl-1-oxo-3,4-dihydroisochromene-7-carbonyl)amino]-3-phenylpropanoic acid",C20H19NO6
CC1NC(C(=O)O)Cc2c1[nH]c1ccccc21,"1-methyl-2,3,4,9-tetrahydro-1H-pyrido[3,4-b]indole-3-carboxylic acid",C13H14N2O2
CC1OC(OCC2OC(Oc3c(-c4ccc(O)c(O)c4)oc4cc(O)cc(O)c4c3=O)C(O)C(O)C2O)C(O)C(O)C1O,"2-(3,4-dihydroxyphenyl)-5,7-dihydroxy-3-[3,4,5-trihydroxy-6-[(3,4,5-trihydroxy-6-methyloxan-2-yl)oxymethyl]oxan-2-yl]oxychromen-4-one",C27H30O16
CC1OC(OCC2OC(Oc3c(-c4ccc(OCCO)c(OCCO)c4)oc4cc(OCCO)cc(O)c4c3=O)C(O)C(O)C2O)C(O)C(O)C1O,"2-[3,4-bis(2-hydroxyethoxy)phenyl]-5-hydroxy-7-(2-hydroxyethoxy)-3-[3,4,5-trihydroxy-6-[(3,4,5-trihydroxy-6-methyloxan-2-yl)oxymethyl]oxan-2-yl]oxychromen-4-one",C33H42O19
CC1OC1C,"2,3-dimethyloxirane",C4H8O
CC1OCC(=O)C(=O)C1O,"5-hydroxy-6-methyloxane-3,4-dione",C6H8O4
CC1SCC(C(=O)NC(Cc2c[nH]cn2)C(=O)N2CCCC2C(N)=O)NC1=O,N-[1-(2-carbamoylpyrrolidin-1-yl)-3-(1H-imidazol-5-yl)-1-oxopropan-2-yl]-6-methyl-5-oxothiomorpholine-3-carboxamide,C17H24N6O4S
CC1OCCc2cc3c(cc21)C(C)(C)C(C)C3(C)C,"1,6,6,7,8,8-hexamethyl-1,3,4,7-tetrahydrocyclopenta[g]isochromene",C18H26O
CC1c2cc(F)ccc2-c2ccc(F)cc21,"2,7-difluoro-9-methyl-9H-fluorene",C14H10F2
CC1c2ccccc2-c2ccc(F)cc21,2-fluoro-9-methyl-9H-fluorene,C14H11F
CC1c2ccccc2-c2ccccc21,9-methyl-9H-fluorene,C14H12
CC1c2ccccc2N(C)C2=Nc3ccccc3C21,,C17H16N2
CC=C(C)C(=O)OC1CCN2CC=C(COC(=O)C(O)(C(C)OC)C(C)(C)O)C12,"[7-(2-methylbut-2-enoyloxy)-5,6,7,8-tetrahydro-3H-pyrrolizin-1-yl]methyl 2,3-dihydroxy-2-(1-methoxyethyl)-3-methylbutanoate",C21H33NO7
CC=C(C=C(C)C=C(C)C=CC=C(C)C(=O)C12OC1C(O)(CCO)NC2=O)C(=O)OC,"methyl 2-ethylidene-11-[4-hydroxy-4-(2-hydroxyethyl)-2-oxo-6-oxa-3-azabicyclo[3.1.0]hexan-1-yl]-4,6,10-trimethyl-11-oxoundeca-3,5,7,9-tetraenoate",C23H29NO7
CC=C1CC(C)C(O)(CO)C(=O)OCC2=CC[N+]3([O-])CCC(OC1=O)C23,"4-ethylidene-7-hydroxy-7-(hydroxymethyl)-6-methyl-14-oxido-2,9-dioxa-14-azoniatricyclo[9.5.1.014,17]heptadec-11-ene-3,8-dione",C18H25NO7
CC=C1CC2C=CC1C2,5-ethylidenebicyclo[2.2.1]hept-2-ene,C9H12
CC=CC(=O)OC1CC2OC3=CC(C)C(=O)CC3(C)C1(C)C21CO1,,C19H24O5
CC=CCC=O,pent-3-enal,C5H8O
CC=O,acetaldehyde,C2H4O
CC=[N+]([O-])O,N-hydroxyethanimine oxide,C2H5NO2
CCBr,bromoethane,C2H5Br
CCC#N,propanenitrile,C3H5N
CCC(=O)/C=C/C1C(C)=CCCC1(C)C,"(E)-1-(2,6,6-trimethylcyclohex-2-en-1-yl)pent-1-en-3-one",C14H22O
CCC(=O)/N=c1\sn(C(=O)CC)c2ccc([N+](=O)[O-])cc12,"N-(5-nitro-1-propanoyl-2,1-benzothiazol-3-ylidene)propanamide",C13H13N3O4S
CCC(=O)C(=O)CC,"hexane-3,4-dione",C6H10O2
CCC(=O)C(C)=O,"pentane-2,3-dione",C5H8O2
CCC(=O)C1c2cccc(O)c2C(=O)c2c(O)cccc21,"1,8-dihydroxy-10-propanoyl-10H-anthracen-9-one",C17H14O4
CCC(=O)N(O)c1ccc(-c2ccccc2)cc1,N-hydroxy-N-(4-phenylphenyl)propanamide,C15H15NO2
CCC(=O)N(O)c1ccc(/C=C/c2ccccc2)cc1,N-hydroxy-N-[4-[(E)-2-phenylethenyl]phenyl]propanamide,C17H17NO2
CCC(=O)N(O)c1ccc2ccccc2c1,N-hydroxy-N-naphthalen-2-ylpropanamide,C13H13NO2
CCC(=O)N(c1ccc(Cl)c(Cl)c1)C1CCCC1N(C)C,"N-(3,4-dichlorophenyl)-N-[2-(dimethylamino)cyclopentyl]propanamide",C16H22Cl2N2O
CCC(=O)NCc1ccccc1,N-benzylpropanamide,C10H13NO
CCC(=O)Nc1ccc(Cl)c(Cl)c1,"N-(3,4-dichlorophenyl)propanamide",C9H9Cl2NO
CCC(=O)Nc1snc2ccc(C)cc12,"N-(5-methyl-2,1-benzothiazol-3-yl)propanamide",C11H12N2OS
CCC(=O)Nc1snc2ccccc12,"N-(2,1-benzothiazol-3-yl)propanamide",C10H10N2OS
CCC(=O)O,propanoic acid,C3H6O2
CCC(=O)OCC(=O)C1(OC(=O)CC)C(C)CC2C3C(Cl)CC4=CC(=O)C=CC4(C)C3C(O)CC21C,"[2-(7-chloro-11-hydroxy-10,13,16-trimethyl-3-oxo-17-propanoyloxy-7,8,9,11,12,14,15,16-octahydro-6H-cyclopenta[a]phenanthren-17-yl)-2-oxoethyl] propanoate",C28H37ClO7
CCC(=O)OCc1ccc([N+](=O)[O-])cc1,(4-nitrophenyl)methyl propanoate,C10H11NO4
CCC(=O)OCc1cccc([N+](=O)[O-])c1,(3-nitrophenyl)methyl propanoate,C10H11NO4
CCC(=O)Oc1ccc(/C(CC)=C(\CC)c2ccc(OC(=O)CC)cc2)cc1,[4-[(E)-4-(4-propanoyloxyphenyl)hex-3-en-3-yl]phenyl] propanoate,C24H28O4
CCC(=O)c1c2cccc(O)c2c(O)c2c(O)cccc12,"1-(4,5,10-trihydroxyanthracen-9-yl)propan-1-one",C17H14O4
CCC(=O)OCc1ccccc1[N+](=O)[O-],(2-nitrophenyl)methyl propanoate,C10H11NO4
CCC(=O)n1ncc(Cl)c(Cl)c1=O,"4,5-dichloro-2-propanoylpyridazin-3-one",C7H6Cl2N2O2
CCC(Br)(CC)C(=O)NC(N)=O,2-bromo-N-carbamoyl-2-ethylbutanamide,C7H13BrN2O2
CCC(C(C)O)=[N+]([O-])O,,C5H11NO3
CCC(C)(C)C,"2,2-dimethylbutane",C6H14
CCC(C)(C)OC,2-methoxy-2-methylbutane,C6H14O
CCC(C)(C)c1cc(-n2nc3ccccc3n2)c(O)c(C(C)(C)CC)c1,"2-(benzotriazol-2-yl)-4,6-bis(2-methylbutan-2-yl)phenol",C22H29N3O
CCC(C)(C)c1cc(N2Nc3ccccc3N2)c(O)c(C(C)(C)CC)c1,"2-(1,3-dihydrobenzotriazol-2-yl)-4,6-bis(2-methylbutan-2-yl)phenol",C22H31N3O
CCC(C)(C)c1ccc(O)cc1,4-(2-methylbutan-2-yl)phenol,C11H16O
CCC(C)=O,butan-2-one,C4H8O
CCC(C)=[N+]([O-])O,N-hydroxybutan-2-imine oxide,C4H9NO2
CCC(C)C,2-methylbutane,C5H12
CCC(C)C(C(CC(=O)N1CCCC1C(OC)C(C)C(=O)NC(Cc1ccccc1)c1nccs1)OC)N(C)C(=O)C(NC(=O)C(C(C)C)N(C)C)C(C)C,"2-[[2-(dimethylamino)-3-methylbutanoyl]amino]-N-[3-methoxy-1-[2-[1-methoxy-2-methyl-3-oxo-3-[[2-phenyl-1-(1,3-thiazol-2-yl)ethyl]amino]propyl]pyrrolidin-1-yl]-5-methyl-1-oxoheptan-4-yl]-N,3-dimethylbutanamide",C42H68N6O6S
CCC(C)C(C)CO,"2,3-dimethylpentan-1-ol",C7H16O
CCC(C)C1NC(=O)C(C(C)=O)=C1O,"4-acetyl-2-butan-2-yl-3-hydroxy-1,2-dihydropyrrol-5-one",C10H15NO3
CCC(C)C=O,2-methylbutanal,C5H10O
CCC(C)N,butan-2-amine,C4H11N
CCC(C)COC(=O)C=Cc1ccc(N=Cc2ccc(OC)cc2)cc1,2-methylbutyl 3-[4-[(4-methoxyphenyl)methylideneamino]phenyl]prop-2-enoate,C22H25NO3
CCC(C)NC(=O)C=Cc1ccc([N+](=O)[O-])o1,N-butan-2-yl-3-(5-nitrofuran-2-yl)prop-2-enamide,C11H14N2O4
CCC(C)Nc1ccc(NC(C)CC)cc1,"1-N,4-N-di(butan-2-yl)benzene-1,4-diamine",C14H24N2
CCC(C)Nc1snc2ccccc12,"N-butan-2-yl-2,1-benzothiazol-3-amine",C11H14N2S
CCC(C)ON=O,butan-2-yl nitrite,C4H9NO2
CCC(C)OC(=O)C=Cc1ccc([N+](=O)[O-])o1,butan-2-yl 3-(5-nitrofuran-2-yl)prop-2-enoate,C11H13NO5
CCC(C)OS(C)(=O)=O,butan-2-yl methanesulfonate,C5H12O3S
CCC(C)c1cc([N+](=O)[O-])cc([N+](=O)[O-])c1O,"2-butan-2-yl-4,6-dinitrophenol",C10H12N2O5
CCC(C)c1cccc(C(C)CC(CC)c2ccc(C[N+](C)(C)C)cc2)c1,,C26H40N+
CCC(C)c1ccccc1O,2-butan-2-ylphenol,C10H14O
CCC(C)n1c(=O)[nH]c(C)c(Br)c1=O,"5-bromo-3-butan-2-yl-6-methyl-1H-pyrimidine-2,4-dione",C9H13BrN2O2
CCC(CC)[N+](=O)[O-],3-nitropentane,C5H11NO2
CCC(CC)c1cccc(OC(=O)N(C)N=O)c1,(3-pentan-3-ylphenyl) N-methyl-N-nitrosocarbamate,C13H18N2O3
CCC(CCC(C)=O)COC(=O)CCCCC(=O)O,6-(2-ethyl-5-oxohexoxy)-6-oxohexanoic acid,C14H24O5
CCC(CCC(C)=O)COC(=O)c1ccccc1C(=O)O,2-(2-ethyl-5-oxohexoxy)carbonylbenzoic acid,C16H20O5
CCC(CCC(C)C1CCC2C3CC=C4CC(O)CCC4(C)C3CCC12C)C(C)C,"17-(5-ethyl-6-methylheptan-2-yl)-10,13-dimethyl-2,3,4,7,8,9,11,12,14,15,16,17-dodecahydro-1H-cyclopenta[a]phenanthren-3-ol",C29H50O
CCC(CCC(C)O)COC(=O)c1ccccc1C(=O)O,2-(2-ethyl-5-hydroxyhexoxy)carbonylbenzoic acid,C16H22O5
CCC(CCC(C)O)COC(=O)CCCCC(=O)O,6-(2-ethyl-5-hydroxyhexoxy)-6-oxohexanoic acid,C14H26O5
CCC(CCCC(=O)O)COC(=O)c1ccccc1C(=O)O,2-(5-carboxy-2-ethylpentoxy)carbonylbenzoic acid,C16H20O6
CCC(CCOCN1C=CN(C)C1/C=N/O)[N+](=O)[O-],,C11H20N4O4
CCC(CO)(CO)CO,"2-ethyl-2-(hydroxymethyl)propane-1,3-diol",C6H14O3
CCC(CO)=[N+]([O-])O,"N,1-dihydroxybutan-2-imine oxide",C4H9NO3
CCC(Cl)=[N+]([O-])O,,C3H6ClNO2
CCC(CO)NCCNC(CC)CO,2-[2-(1-hydroxybutan-2-ylamino)ethylamino]butan-1-ol,C10H24N2O2
CCC(Cl)CC(Cl)CC(C)Cl,"2,4,6-trichlorooctane",C8H15Cl3
CCC(O)C=CC=CC=CC=CC=O,"10-hydroxydodeca-2,4,6,8-tetraenal",C12H16O2
CCC(O)CN,1-aminobutan-2-ol,C4H11NO
CCC/C=C(\C=O)CC,(Z)-2-ethylhex-2-enal,C8H14O
CCC/C=C/C(=O)OC1C(C)(C)CC2C1(O)C=C(C=O)C13CC21C(=O)OC3O,"(8-formyl-6,10-dihydroxy-4,4-dimethyl-12-oxo-11-oxatetracyclo[7.3.1.01,9.02,6]tridec-7-en-5-yl) (E)-hex-2-enoate",C21H26O7
CCC/C=C/C=O,(E)-hex-2-enal,C6H10O
CCC/C=N\O,(NZ)-N-butylidenehydroxylamine,C4H9NO
CCC1(C(C)O)OC1(C(N)=O)C(=O)OC,methyl 2-carbamoyl-3-ethyl-3-(1-hydroxyethyl)oxirane-2-carboxylate,C9H15NO5
CCC1(CC(=O)O)OCCc2c1[nH]c1c(C(C)O)cccc21,"2-[1-ethyl-8-(1-hydroxyethyl)-4,9-dihydro-3H-pyrano[3,4-b]indol-1-yl]acetic acid",C17H21NO4
CCC1(C)CO1,2-ethyl-2-methyloxirane,C5H10O
CCC1(CC(=O)O)OCCc2c1n(C)c1ccccc21,"2-(1-ethyl-9-methyl-3,4-dihydropyrano[3,4-b]indol-1-yl)acetic acid",C16H19NO3
CCC1(CC(=O)O)OCCc2c1[nH]c1c(C)cccc21,"2-(1-ethyl-8-methyl-4,9-dihydro-3H-pyrano[3,4-b]indol-1-yl)acetic acid",C16H19NO3
CCC1(O)CC(O)c2c(cc3c(c2O)C(=O)c2c(O)cccc2C3=O)C1C(=O)OC,"methyl 2-ethyl-2,4,5,7-tetrahydroxy-6,11-dioxo-3,4-dihydro-1H-tetracene-1-carboxylate",C22H20O8
CCC1(O)CC(OC2CC(N(C)C)C(O)C(C)O2)c2c(cc3c(c2O)C(=O)c2c(O)ccc(O)c2C3=O)C1C(=O)OC,"methyl 4-[4-(dimethylamino)-5-hydroxy-6-methyloxan-2-yl]oxy-2-ethyl-2,5,7,10-tetrahydroxy-6,11-dioxo-3,4-dihydro-1H-tetracene-1-carboxylate",C30H35NO11
CCC1(O)CC(OC2CC(N(C)C)C(O)C(C)O2)c2c(cc3c(c2O)C(=O)c2c(O)cccc2C3=O)C1C(=O)OC,"methyl 4-[4-(dimethylamino)-5-hydroxy-6-methyloxan-2-yl]oxy-2-ethyl-2,5,7-trihydroxy-6,11-dioxo-3,4-dihydro-1H-tetracene-1-carboxylate",C30H35NO10
CCC1(O)CC(OC2CC(N(C)C)C(OC3CC(O)C(O)C(C)O3)C(C)O2)c2c(cc3c(c2O)C(=O)c2c(O)ccc(O)c2C3=O)C1C(=O)OC,"methyl 4-[5-(4,5-dihydroxy-6-methyloxan-2-yl)oxy-4-(dimethylamino)-6-methyloxan-2-yl]oxy-2-ethyl-2,5,7,10-tetrahydroxy-6,11-dioxo-3,4-dihydro-1H-tetracene-1-carboxylate",C36H45NO14
CCC1(O)CC(OC2CC(N)C(O)C(C)O2)c2c(cc3c(c2O)C(=O)c2c(O)ccc(O)c2C3=O)C1C(=O)OC,,C28H31NO11
CCC1(c2ccccc2)C(=O)NCNC1=O,"5-ethyl-5-phenyl-1,3-diazinane-4,6-dione",C12H14N2O2
CCC12OC1(C(=O)OC)C(=O)NC2(C)O,methyl 5-ethyl-4-hydroxy-4-methyl-2-oxo-6-oxa-3-azabicyclo[3.1.0]hexane-1-carboxylate,C9H13NO5
CCC12OC1(C(=O)OC)C(=O)OC2C,"methyl 5-ethyl-4-methyl-2-oxo-3,6-dioxabicyclo[3.1.0]hexane-1-carboxylate",C9H12O5
CCC12OC1O2,"1-ethyl-2,4-dioxabicyclo[1.1.0]butane",C4H6O2
CCC1=C(C(=O)OC)C(=O)OC1C,methyl 3-ethyl-2-methyl-5-oxo-2H-furan-4-carboxylate,C9H12O4
CCC1=C(CC2NCCc3cc(OC)c(OC)cc32)CC2c3cc(OC)c(OC)cc3CCN2C1,"2-[(6,7-dimethoxy-1,2,3,4-tetrahydroisoquinolin-1-yl)methyl]-3-ethyl-9,10-dimethoxy-4,6,7,11b-tetrahydro-1H-benzo[a]quinolizine",C29H38N2O4
CCC1=C(OC)C(=O)c2c(O)c(OC)c(OC)c(O)c2C1=O,"2-ethyl-5,8-dihydroxy-3,6,7-trimethoxynaphthalene-1,4-dione",C15H16O7
CCC1=C(O)C(=O)c2c(O)c(O)c(O)c(O)c2C1=O,"7-ethyl-3,4,5,6,8-pentahydroxynaphthalene-1,2-dione",C12H10O7
CCC1=C(c2ccc(O)cc2)C(C)c2cc(O)ccc21,1-ethyl-2-(4-hydroxyphenyl)-3-methyl-3H-inden-5-ol,C18H18O2
CCC1C(c2ccc(O)cc2)=C(C)c2cc(O)ccc21,1-ethyl-2-(4-hydroxyphenyl)-3-methyl-1H-inden-5-ol,C18H18O2
CCC1CO1,2-ethyloxirane,C4H8O
CCC1CN2CCc3cc(OC)c(OC)cc3C2CC1CC1NCCc2cc(OC)c(OC)cc21,"2-[(6,7-dimethoxy-1,2,3,4-tetrahydroisoquinolin-1-yl)methyl]-3-ethyl-9,10-dimethoxy-2,3,4,6,7,11b-hexahydro-1H-benzo[a]quinolizine",C29H40N2O4
CCC1NC(=O)c2cc(S(N)(=O)=O)c(Cl)cc2N1,"7-chloro-2-ethyl-4-oxo-2,3-dihydro-1H-quinazoline-6-sulfonamide",C10H12ClN3O3S
CCC1OC(=O)C(C)C(OC2CC(C)(OC)C(O)C(C)O2)C(C)C(O)(C2OC(C)CC(N(C)C)C2O)C(C)(O)CC(C)C(=O)C(C)C(C)(O)C1O,"6-[4-(dimethylamino)-3-hydroxy-6-methyloxan-2-yl]-14-ethyl-6,7,12,13-tetrahydroxy-4-(5-hydroxy-4-methoxy-4,6-dimethyloxan-2-yl)oxy-3,5,7,9,11,12-hexamethyl-oxacyclotetradecane-2,10-dione",C37H67NO13
CCC1OC(=O)C(C)C(OC2CC(C)(OC)C(O)C(C)O2)C(C)C(OC2OC(C)CC(N(C)C)C2O)C(C)(O)CC(C)CN(C)C(C)C(O)C1(C)O,"11-[4-(dimethylamino)-3-hydroxy-6-methyloxan-2-yl]oxy-2-ethyl-3,4,10-trihydroxy-13-(5-hydroxy-4-methoxy-4,6-dimethyloxan-2-yl)oxy-3,5,6,8,10,12,14-heptamethyl-1-oxa-6-azacyclopentadecan-15-one",C38H72N2O12
CCC1OC(CO)C(COCC2OC(COC3OC(CO)C(O)C(O)C3O)C(OC)C(O)C2O)C(O)C1O,,C23H42O15
CCC1OC1c1ccccc1,2-ethyl-3-phenyloxirane,C10H12O
CCC=O,propanal,C3H6O
CCC=[N+]([O-])O,N-hydroxypropan-1-imine oxide,C3H7NO2
CCCBr,1-bromopropane,C3H7Br
CCCC,butane,C4H10
CCCC(=O)/N=c1\sn(C(=O)CCC)c2ccc([N+](=O)[O-])cc12,"N-(1-butanoyl-5-nitro-2,1-benzothiazol-3-ylidene)butanamide",C15H17N3O4S
CCCC(=O)C1c2cccc(O)c2C(=O)c2c(O)cccc21,"10-butanoyl-1,8-dihydroxy-10H-anthracen-9-one",C18H16O4
CCCC(=O)Cl,butanoyl chloride,C4H7ClO
CCCC(=O)Nc1ccc(OCC(O)CNC(C)C)c(C(C)=O)c1,N-[3-acetyl-4-[2-hydroxy-3-(propan-2-ylamino)propoxy]phenyl]butanamide,C18H28N2O4
CCCC(=O)Nc1ccc(OC[C@H](O)CNC(C)C)c(C(C)=O)c1,N-[3-acetyl-4-[(2R)-2-hydroxy-3-(propan-2-ylamino)propoxy]phenyl]butanamide,C18H28N2O4
CCCC(=O)Nc1ncnc2c1ncn2C1OC2COP(=O)(O)OC2C1OC(=O)CCC,"[6-[6-(butanoylamino)purin-9-yl]-2-hydroxy-2-oxo-4a,6,7,7a-tetrahydro-4H-furo[3,2-d][1,3,2]dioxaphosphinin-7-yl] butanoate",C18H24N5O8P
CCCC(=O)Nc1snc2cc(Cl)ccc12,"N-(6-chloro-2,1-benzothiazol-3-yl)butanamide",C11H11ClN2OS
CCCC(=O)Nc1snc2ccc(C)cc12,"N-(5-methyl-2,1-benzothiazol-3-yl)butanamide",C12H14N2OS
CCCC(=O)Nc1snc2ccc(Cl)cc12,"N-(5-chloro-2,1-benzothiazol-3-yl)butanamide",C11H11ClN2OS
CCCC(=O)Nc1snc2ccccc12,"N-(2,1-benzothiazol-3-yl)butanamide",C11H12N2OS
CCCC(=O)O,butanoic acid,C4H8O2
CCCC(=O)OC1CCCCC1,cyclohexyl butanoate,C10H18O2
CCCC(=O)OCC,ethyl butanoate,C6H12O2
CCCC(=O)OCCC(C)C,3-methylbutyl butanoate,C9H18O2
CCCC(=O)OCc1ccc([N+](=O)[O-])cc1,(4-nitrophenyl)methyl butanoate,C11H13NO4
CCCC(=O)OCc1ccccc1[N+](=O)[O-],(2-nitrophenyl)methyl butanoate,C11H13NO4
CCCC(=O)OCc1cccc([N+](=O)[O-])c1,(3-nitrophenyl)methyl butanoate,C11H13NO4
CCCC(=O)c1c2cccc(O)c2c(O)c2c(O)cccc12,"1-(4,5,10-trihydroxyanthracen-9-yl)butan-1-one",C18H16O4
CCCC(=O)c1cc(O)c(O)cc1O,"1-(2,4,5-trihydroxyphenyl)butan-1-one",C10H12O4
CCCC(C)(COC(N)=O)COC(=O)NC(C)C,[2-(carbamoyloxymethyl)-2-methylpentyl] N-propan-2-ylcarbamate,C12H24N2O4
CCCC(C)=O,pentan-2-one,C5H10O
CCCC(CCC)C(=O)O,2-propylpentanoic acid,C8H16O2
CCCC(O)C(CC)CO,"2-ethylhexane-1,3-diol",C8H18O2
CCCC(c1cc(C(C)(C)C)c(O)cc1C)c1cc(C(C)(C)C)c(O)cc1C,2-tert-butyl-4-[1-(5-tert-butyl-4-hydroxy-2-methylphenyl)butyl]-5-methylphenol,C26H38O2
CCCC/C=C/C=C/C=C/C=C/C=C/OC,"(1E,3E,5E,7E,9E)-1-methoxytetradeca-1,3,5,7,9-pentaene",C15H22O
CCCC/C=C/C=C/C=C/C=C/C=C/OCC(O)CO,"3-[(1E,3E,5E,7E,9E)-tetradeca-1,3,5,7,9-pentaenoxy]propane-1,2-diol",C17H26O3
CCCC/C=C/C=O,(E)-hept-2-enal,C7H12O
CCCC1(O)CCC2C3CCC4CC(=O)CC(C)C4(C)C3CCC21C,"17-hydroxy-1,10,13-trimethyl-17-propyl-2,4,5,6,7,8,9,11,12,14,15,16-dodecahydro-1H-cyclopenta[a]phenanthren-3-one",C23H38O2
CCCC=CCC=O,hept-3-enal,C7H12O
CCCC=O,butanal,C4H8O
CCCC=[N+]([O-])O,N-hydroxybutan-1-imine oxide,C4H9NO2
CCCCBr,1-bromobutane,C4H9Br
CCCCC,pentane,C5H12
CCCCC#N,pentanenitrile,C5H9N
CCCCC(=O)/N=c1\sn(C(=O)CCCC)c2ccc([N+](=O)[O-])cc12,"N-(5-nitro-1-pentanoyl-2,1-benzothiazol-3-ylidene)pentanamide",C17H21N3O4S
CCCCC(=O)N(C)C,"N,N-dimethylpentanamide",C7H15NO
CCCCC(=O)Nc1snc2ccc(Cl)cc12,"N-(5-chloro-2,1-benzothiazol-3-yl)pentanamide",C12H13ClN2OS
CCCCC(=O)n1ncc(Cl)c(Cl)c1=O,"4,5-dichloro-2-pentanoylpyridazin-3-one",C9H10Cl2N2O2
CCCCC(C)C(OC(=O)CC(CC(=O)O)C(=O)O)C(CC(C)CC(O)CCCCCCC(O)C(C)N)OC(=O)CC(CC(=O)O)C(=O)O,"2-[2-[19-amino-6-(3,4-dicarboxybutanoyloxy)-11,18-dihydroxy-5,9-dimethylicosan-7-yl]oxy-2-oxoethyl]butanedioic acid",C34H59NO14
CCCCC(C)C(OC(=O)CC(CC(=O)O)C(=O)O)C(CC(C)CC(O)CCCCC(O)CC(O)C(C)N)OC(=O)CC(CC(=O)O)C(=O)O,"2-[2-[19-amino-6-(3,4-dicarboxybutanoyloxy)-11,16,18-trihydroxy-5,9-dimethylicosan-7-yl]oxy-2-oxoethyl]butanedioic acid",C34H59NO15
CCCCC(C)C(OC(=O)CC(CC(=O)O)C(=O)O)C(CC(C)CCCCCCC(O)CC(O)C(C)N)OC(=O)CC(CC(=O)O)C(=O)O,"2-[2-[19-amino-6-(3,4-dicarboxybutanoyloxy)-16,18-dihydroxy-5,9-dimethylicosan-7-yl]oxy-2-oxoethyl]butanedioic acid",C34H59NO14
CCCCC(C=O)CC,2-ethylhexanal,C8H16O
CCCCC(CC)C(=O)O,2-ethylhexanoic acid,C8H16O2
CCCCC(CC)CN,2-ethylhexan-1-amine,C8H19N
CCCCC(CC)CNCC(CC)CCCC,2-ethyl-N-(2-ethylhexyl)hexan-1-amine,C16H35N
CCCCC(CC)CO,2-ethylhexan-1-ol,C8H18O
CCCCC(CC)COC(=O)C(C#N)=C(c1ccccc1)c1ccccc1,"2-ethylhexyl 2-cyano-3,3-diphenylprop-2-enoate",C24H27NO2
CCCCC(CC)COC(=O)C=Cc1ccc(OC)cc1,2-ethylhexyl 3-(4-methoxyphenyl)prop-2-enoate,C18H26O3
CCCCC(CC)COC(=O)CCCCC(=O)O,6-(2-ethylhexoxy)-6-oxohexanoic acid,C14H26O4
CCCCC(CC)COC(=O)CCCCC(=O)OCC(CC)CCCC,bis(2-ethylhexyl) hexanedioate,C22H42O4
CCCCC(CC)COC(=O)CCCCCCCCC(=O)OCC(CC)CCCC,bis(2-ethylhexyl) decanedioate,C26H50O4
CCCCC(CC)COC(=O)COc1ccc(Cl)cc1Cl,"2-ethylhexyl 2-(2,4-dichlorophenoxy)acetate",C16H22Cl2O3
CCCCC(CC)COC(=O)c1ccc(C(=O)O)cc1,4-(2-ethylhexoxycarbonyl)benzoic acid,C16H22O4
CCCCC(CC)COC(=O)c1ccc(C(=O)OCC(CC)CCCC)c(C(=O)OCC(CC)CCCC)c1,"tris(2-ethylhexyl) benzene-1,2,4-tricarboxylate",C33H54O6
CCCCC(CC)COC(=O)c1ccc(C(=O)OCC(CC)CCCC)cc1,"bis(2-ethylhexyl) benzene-1,4-dicarboxylate",C24H38O4
CCCCC(CC)COC(=O)c1ccc(N(C)N=O)cc1,2-ethylhexyl 4-[methyl(nitroso)amino]benzoate,C16H24N2O3
CCCCC(CC)COC(=O)c1ccc(N(C)C)c([N+](=O)[O-])c1,2-ethylhexyl 4-(dimethylamino)-3-nitrobenzoate,C17H26N2O4
CCCCC(CC)COC(=O)c1cccc(C(=O)OCC(CC)CCCC)c1,"bis(2-ethylhexyl) benzene-1,3-dicarboxylate",C24H38O4
CCCCC(CC)COC(=O)c1ccccc1C(=O)O,2-(2-ethylhexoxycarbonyl)benzoic acid,C16H22O4
CCCCC(CC)COC(=O)c1ccccc1C(=O)OCC(CC)CCCC,"bis(2-ethylhexyl) benzene-1,2-dicarboxylate",C24H38O4
CCCCC(CC)COCC1CO1,2-(2-ethylhexoxymethyl)oxirane,C11H22O2
CCCCC(CC)COCCC#N,3-(2-ethylhexoxy)propanenitrile,C11H21NO
CCCCC(CC)COCCCN,3-(2-ethylhexoxy)propan-1-amine,C11H25NO
CCCCC(CC)COP(=O)(OCC(CC)CCCC)OCC(CC)CCCC,tris(2-ethylhexyl) phosphate,C24H51O4P
CCCCC(CC)COP(=O)(Oc1ccccc1)Oc1ccccc1,2-ethylhexyl diphenyl phosphate,C20H27O4P
CCCCC(CC)COP(OCC(CC)CCCC)OCC(CC)CCCC,tris(2-ethylhexyl) phosphite,C24H51O3P
CCCCC(CC)COS(=O)(=O)O,2-ethylhexyl hydrogen sulfate,C8H18O4S
CCCCC(S)(CCC)CCCC,5-propylnonane-5-thiol,C12H26S
CCCCC/C(C=O)=C/c1ccccc1,(2Z)-2-benzylideneheptanal,C14H18O
CCCCC/C=C/C(=O)CCc1ccc(O)c(OC)c1,(E)-1-(4-hydroxy-3-methoxyphenyl)dec-4-en-3-one,C17H24O3
CCCCC/C=C/C/C=C/CCCCCCCC(=O)O,"(9E,12E)-octadeca-9,12-dienoic acid",C18H32O2
CCCCC/C=C\C=C/C=O,"(2Z,4Z)-deca-2,4-dienal",C10H16O
CCCCC1C(=O)N(c2ccccc2)N(c2ccc(O)cc2)C1=O,"4-butyl-1-(4-hydroxyphenyl)-2-phenylpyrazolidine-3,5-dione",C19H20N2O3
CCCCC1CO1,2-butyloxirane,C6H12O
CCCCC1C(=O)N(c2ccccc2)N(c2ccccc2)C1=O,"4-butyl-1,2-diphenylpyrazolidine-3,5-dione",C19H20N2O2
CCCCC=O,pentanal,C5H10O
CCCCCC,hexane,C6H14
CCCCCC(=O)/N=c1\sn(C(=O)CCCCC)c2ccc([N+](=O)[O-])cc12,"N-(1-hexanoyl-5-nitro-2,1-benzothiazol-3-ylidene)hexanamide",C19H25N3O4S
CCCCCC(=O)Cc1cc(O)cc2c1C(=O)Oc1cc(O)c(C(=O)O)c(CCCCC)c1O2,"3,9-dihydroxy-6-oxo-7-(2-oxoheptyl)-1-pentylbenzo[b][1,4]benzodioxepine-2-carboxylic acid",C26H30O8
CCCCCC(=O)O,hexanoic acid,C6H12O2
CCCCCC(=O)OC1(C(C)=O)CCC2C3CCC4=C(CCC(=O)C4)C3CCC21C,,C26H38O4
CCCCCC(=O)OC1(C(C)=O)CCC2C3CCC4=CC(=O)CCC4C3CCC21C,"(17-acetyl-13-methyl-3-oxo-1,2,6,7,8,9,10,11,12,14,15,16-dodecahydrocyclopenta[a]phenanthren-17-yl) hexanoate",C26H38O4
CCCCCC(C)(O)/C=C/C1C(O)CC(=O)C1C/C=C/CCCC(=O)O,(E)-7-[3-hydroxy-2-[(E)-3-hydroxy-3-methyloct-1-enyl]-5-oxocyclopentyl]hept-5-enoic acid,C21H34O5
CCCCCC(=O)OCC,ethyl hexanoate,C8H16O2
CCCCCC(CC)OC(=O)c1cccc(C(=O)OC(CC)CCCCC)c1,"dioctan-3-yl benzene-1,3-dicarboxylate",C24H38O4
CCCCCC(N)=O,hexanamide,C6H13NO
CCCCCC(O)/C=C/C=O,(E)-4-hydroxynon-2-enal,C9H16O2
CCCCCC/C=C\CCCCCCOC(C)=O,[(Z)-tetradec-7-enyl] acetate,C16H30O2
CCCCCCC(=O)O,heptanoic acid,C7H14O2
CCCCCC=[N+]([O-])O,N-hydroxyhexan-1-imine oxide,C6H13NO2
CCCCCCC(=O)OCC,ethyl heptanoate,C9H18O2
CCCCCCC(=O)OCCN1CCN(CCCN2c3ccccc3Sc3ccc(C(F)(F)F)cc32)CC1,2-[4-[3-[2-(trifluoromethyl)phenothiazin-10-yl]propyl]piperazin-1-yl]ethyl heptanoate,C29H38F3N3O2S
CCCCCCC(C)(C)C(=O)OCC1CO1,"oxiran-2-ylmethyl 2,2-dimethyloctanoate",C13H24O3
CCCCCCC(C/C=C/CCCCCCCC(=O)OC)OC(C)=O,methyl (E)-12-acetyloxyoctadec-9-enoate,C21H38O4
CCCCCCC(C)(C)C(=O)OC[C@@H]1CO1,"[(2S)-oxiran-2-yl]methyl 2,2-dimethyloctanoate",C13H24O3
CCCCCCC(CCCC)COc1ccc(-c2ccc(-c3ccc(-c4ccc(OCC(CCCC)CCCCCC)cc4)cc3)cc2)cc1,1-(2-butyloctoxy)-4-[4-[4-[4-(2-butyloctoxy)phenyl]phenyl]phenyl]benzene,C48H66O2
CCCCCCC(O)CC=CCCCCCCCC(=O)O,12-hydroxyoctadec-9-enoic acid,C18H34O3
CCCCCCC=O,heptanal,C7H14O
CCCCCCC1CO1,2-hexyloxirane,C8H16O
CCCCCCCC(=O)/N=c1\sn(C(=O)CCCCCCC)c2ccc([N+](=O)[O-])cc12,"N-(5-nitro-1-octanoyl-2,1-benzothiazol-3-ylidene)octanamide",C23H33N3O4S
CCCCCCCC(=O)CCc1ccc(O)c(OC)c1,1-(4-hydroxy-3-methoxyphenyl)decan-3-one,C17H26O3
CCCCCCCC(=O)Nc1snc2ccccc12,"N-(2,1-benzothiazol-3-yl)octanamide",C15H20N2OS
CCCCCCCC(=O)Cl,octanoyl chloride,C8H15ClO
CCCCCCCC(=O)OCC(COC(=O)CCCCCCC)OC(=O)CCCCCCC,"2,3-di(octanoyloxy)propyl octanoate",C27H50O6
CCCCCCCC(=O)O,octanoic acid,C8H16O2
CCCCCCCC/C=C/CCCCCCCC(=O)O,(E)-octadec-9-enoic acid,C18H34O2
CCCCCCCC/C=C/CCCCCCCC(=O)OCCOCC1(OCCOC)OCC(OCCOC)C1OCCOC,,C34H64O10
CCCCCCCC/C=C/CCCCCCCCCCCC(=O)NCCCCCCCCCCCCCCCCCC,(E)-N-octadecyldocos-13-enamide,C40H79NO
CCCCCCCC/C=C\CCCCCCCCN,(Z)-octadec-9-en-1-amine,C18H37N
CCCCCCCC/C=C\CCCCCCCC(=O)OC,methyl (Z)-octadec-9-enoate,C19H36O2
CCCCCCCCBr,1-bromooctane,C8H17Br
CCCCCCCC1CCC(=O)O1,5-heptyloxolan-2-one,C11H20O2
CCCCCCCCC(Cl)CCC(Cl)CC(Cl)C(Cl)C(Cl)CC(=O)OC,,C19H33Cl5O2
CCCCCCCCC,nonane,C9H20
CCCCCCCCC1CO1,2-octyloxirane,C10H20O
CCCCCCCCC/C=C/C[C@H]1CC(=O)OC1=O,"(3S)-3-[(E)-dodec-2-enyl]oxolane-2,5-dione",C16H26O3
CCCCCCCCC1OC1CCCCCCCC(=O)OCC(CC)CCCC,2-ethylhexyl 8-(3-octyloxiran-2-yl)octanoate,C26H50O3
CCCCCCCCCC,decane,C10H22
CCCCCCCCC=O,nonanal,C9H18O
CCCCCCCCCC(=O)/N=c1\sn(C(=O)CCCCCCCCC)c2ccc([N+](=O)[O-])cc12,"N-(1-decanoyl-5-nitro-2,1-benzothiazol-3-ylidene)decanamide",C27H41N3O4S
CCCCCCCCCC(=O)O,decanoic acid,C10H20O2
CCCCCCCCCC(=O)OCCN1CCN(CCCN2c3ccccc3Sc3ccc(C(F)(F)F)cc32)CC1,2-[4-[3-[2-(trifluoromethyl)phenothiazin-10-yl]propyl]piperazin-1-yl]ethyl decanoate,C32H44F3N3O2S
CCCCCCCCCC/C=C/[C@H]1CC(=O)OC1=O,"(3R)-3-[(E)-dodec-1-enyl]oxolane-2,5-dione",C16H26O3
CCCCCCCCCC=CCC1CC(=O)OC1=O,"3-dodec-2-enyloxolane-2,5-dione",C16H26O3
CCCCCCCCCCC,undecane,C11H24
CCCCCCCCCCC1CO1,2-decyloxirane,C12H24O
CCCCCCCCCCC=CC1CC(=O)OC1=O,"3-dodec-1-enyloxolane-2,5-dione",C16H26O3
CCCCCCCCCCCC(=O)NCCO,N-(2-hydroxyethyl)dodecanamide,C14H29NO2
CCCCCCCCCCCC(=O)N(CCO)CCO,"N,N-bis(2-hydroxyethyl)dodecanamide",C16H33NO3
CCCCCCCCCCCC(=O)O,dodecanoic acid,C12H24O2
CCCCCCCCCCCC(=O)OCCS(=O)(=O)O,2-dodecanoyloxyethanesulfonic acid,C14H28O5S
CCCCCCCCCCCC(C)=O,tridecan-2-one,C13H26O
CCCCCCCCCCCC(=O)OOC(=O)CCCCCCCCCCC,dodecanoyl dodecaneperoxoate,C24H46O4
CCCCCCCCCCCCC1CO1,2-dodecyloxirane,C14H28O
CCCCCCCCCCCCCC(=O)N(O)c1ccc2c(c1)Cc1ccccc1-2,N-(9H-fluoren-2-yl)-N-hydroxytetradecanamide,C27H37NO2
CCCCCCCCCCCCCC(=O)O,tetradecanoic acid,C14H28O2
CCCCCCCCCCCCCC(=O)OC1C(C)C2(O)C(C=C(CO)CC3(O)C(=O)C(C)=CC32)C2C(C)(C)C12OC(C)=O,"[13-acetyloxy-1,6-dihydroxy-8-(hydroxymethyl)-4,12,12,15-tetramethyl-5-oxo-14-tetracyclo[8.5.0.02,6.011,13]pentadeca-3,8-dienyl] tetradecanoate",C36H56O8
CCCCCCCCCCCCCC(=O)ON(C(C)=O)c1ccc2c(c1)Cc1ccccc1-2,[acetyl(9H-fluoren-2-yl)amino] tetradecanoate,C29H39NO3
CCCCCCCCCCCCCC(=O)O[C@@H]1[C@H](C)[C@]2(O)[C@@H](C=C(CO)C[C@@]3(O)C(=O)C(C)=C[C@H]32)[C@H]2C(C)(C)[C@]21OC(C)=O,,C36H56O8
CCCCCCCCCCCCCC(=O)[N-][N+](C)(C)CC(C)O,N-[2-hydroxypropyl(dimethyl)azaniumyl]tetradecanimidate,C19H40N2O2
CCCCCCCCCCCCCCCC(=O)O,hexadecanoic acid,C16H32O2
CCCCCCCCCCCCCCC1CO1,2-tetradecyloxirane,C16H32O
CCCCCCCCCCCCCCCC(=O)OC/C=C(C)/C=C/C=C(C)/C=C/C1=C(C)CCCC1(C)C,"[(2E,4E,6E,8E)-3,7-dimethyl-9-(2,6,6-trimethylcyclohexen-1-yl)nona-2,4,6,8-tetraenyl] hexadecanoate",C36H60O2
CCCCCCCCCCCCCCCC(=O)OCC(O)C1OC(O)=C(O)C1=O,"[2-(3,4-dihydroxy-5-oxo-2H-furan-2-yl)-2-hydroxyethyl] hexadecanoate",C22H38O7
CCCCCCCCCCCCCCCC(=O)OCC(O)c1oc(O)c(O)c1O,"[2-hydroxy-2-(3,4,5-trihydroxyfuran-2-yl)ethyl] hexadecanoate",C22H38O7
CCCCCCCCCCCCCCCC(=O)OCC1(O)CC23CCC4c5ccoc5C=CC4(C)C2CCC1C3,"(17-hydroxy-12-methyl-8-oxapentacyclo[14.2.1.01,13.04,12.05,9]nonadeca-5(9),6,10-trien-17-yl)methyl hexadecanoate",C36H56O4
CCCCCCCCCCCCCCCCC1CO1,2-hexadecyloxirane,C18H36O
CCCCCCCCCCCCCCCCCC(=O)NCCNC(=O)CCCCCCCCCCCCCCCCC,N-[2-(octadecanoylamino)ethyl]octadecanamide,C38H76N2O2
CCCCCCCCCCCCCCCCCC(=O)O,octadecanoic acid,C18H36O2
CCCCCCCCCCCCCCCCCC(=O)OCC(O)CO,"2,3-dihydroxypropyl octadecanoate",C21H42O4
CCCCCCCCCCCCCCCCCC(N)=O,octadecanamide,C18H37NO
CCCCCCCCCCCCCCCCCC1=NCCN1CCO,"2-(2-heptadecyl-4,5-dihydroimidazol-1-yl)ethanol",C22H44N2O
CCCCCCCCCCCCCCCCCCCC,icosane,C20H42
CCCCCCCCCCCCCCCCCCCCCCCCCCCCO,octacosan-1-ol,C28H58O
CCCCCCCCCCCCCCCCCCCCCCCCCCCC(=O)OCCC(C)O,3-hydroxybutyl octacosanoate,C32H64O3
CCCCCCCCCCCCCCCCCCO,octadecan-1-ol,C18H38O
CCCCCCCCCCCCCCCCCCN,octadecan-1-amine,C18H39N
CCCCCCCCCCCCCCCCCCOC(=O)CCc1cc(C(C)(C)C)c(O)c(C(C)(C)C)c1,"octadecyl 3-(3,5-ditert-butyl-4-hydroxyphenyl)propanoate",C35H62O3
CCCCCCCCCCCCCCCCCCOC(=O)CCCCCCCCCCCCCCC,octadecyl hexadecanoate,C34H68O2
CCCCCCCCCCCCCCCCCC[N+](C)(C)CCCCCCCCCCCCCCCCCC,dimethyl(dioctadecyl)azanium,C38H80N+
CCCCCCCCCCCCCCCCCC[N+](C)(C)Cc1ccccc1,benzyl-dimethyl-octadecylazanium,C27H50N+
CCCCCCCCCCCCCCCCN,hexadecan-1-amine,C16H35N
CCCCCCCCCCCCCCCC[C@H]1CO1,(2S)-2-hexadecyloxirane,C18H36O
CCCCCCCCCCCCCC[C@H]1CO1,(2S)-2-tetradecyloxirane,C16H32O
CCCCCCCCCCCCCCN(OC(C)=O)c1ccc2c(c1)Cc1ccccc1-2,,C29H41NO2
CCCCCCCCCCCCCC[N+](C)(C)Cc1ccccc1,benzyl-dimethyl-tetradecylazanium,C23H42N+
CCCCCCCCCCCCCN1CC(C)OC(C)C1,"2,6-dimethyl-4-tridecylmorpholine",C19H39NO
CCCCCCCCCCCCCOC(=O)C[N+](CC)(CC)CC,triethyl-(2-oxo-2-tridecoxyethyl)azanium,C21H44NO2+
CCCCCCCCCCCCCO,tridecan-1-ol,C13H28O
CCCCCCCCCCCCCOC(=O)c1ccccc1C(=O)OCCCCCCCCCCCCC,"ditridecyl benzene-1,2-dicarboxylate",C34H58O4
CCCCCCCCCCCCCl,1-chlorododecane,C12H25Cl
CCCCCCCCCCCCN(C)N=O,N-dodecyl-N-methylnitrous amide,C13H28N2O
CCCCCCCCCCCCO,dodecan-1-ol,C12H26O
CCCCCCCCCCCCOC(=O)CCSCCC(=O)OCCCCCCCCCCCC,dodecyl 3-(3-dodecoxy-3-oxopropyl)sulfanylpropanoate,C30H58O4S
CCCCCCCCCCCCOCC1CO1,2-(dodecoxymethyl)oxirane,C15H30O2
CCCCCCCCCCCCOCCO,2-dodecoxyethanol,C14H30O2
CCCCCCCCCCCCOCCOCCOCCOCCOCCOCCOCCO,2-[2-[2-[2-[2-[2-(2-dodecoxyethoxy)ethoxy]ethoxy]ethoxy]ethoxy]ethoxy]ethanol,C26H54O8
CCCCCCCCCCCCOC[C@H]1CO1,(2R)-2-(dodecoxymethyl)oxirane,C15H30O2
CCCCCCCCCCCCOS(=O)(=O)O,dodecyl hydrogen sulfate,C12H26O4S
CCCCCCCCCCCCS,dodecane-1-thiol,C12H26S
CCCCCCCCCCCC[C@H]1CO1,(2S)-2-dodecyloxirane,C14H28O
CCCCCCCCCCCCc1ccc(S(=O)(=O)O)cc1,4-dodecylbenzenesulfonic acid,C18H30O3S
CCCCCCCCCCCCc1ccccc1,dodecylbenzene,C18H30
CCCCCCCCCCCOC(=O)c1ccccc1C(=O)OCCCCCCCCCCC,"diundecyl benzene-1,2-dicarboxylate",C30H50O4
CCCCCCCCCCCl,1-chlorodecane,C10H21Cl
CCCCCCCCCCO,decan-1-ol,C10H22O
CCCCCCCCCCSCn1cc[n+](C)c1,1-(decylsulfanylmethyl)-3-methylimidazol-3-ium,C15H29N2S+
CCCCCCCCCC[C@H]1CO1,(2S)-2-decyloxirane,C12H24O
CCCCCCCCCc1ccc(O)cc1,4-nonylphenol,C15H24O
CCCCCCCCCc1ccccc1C(CO)OS(=O)(=O)O,,C17H28O5S
CCCCCCCCCc1ccc(OP(=O)(Oc2ccccc2)Oc2ccccc2)cc1,(4-nonylphenyl) diphenyl phosphate,C27H33O4P
CCCCCCCCO,octan-1-ol,C8H18O
CCCCCCCCOC(=O)c1ccccc1C(=O)OCCCCCCCC,"dioctyl benzene-1,2-dicarboxylate",C24H38O4
CCCCCCCCON(OC(C)=O)C(=O)c1ccccc1,[benzoyl(octoxy)amino] acetate,C17H25NO4
CCCCCCCCOP(=O)(OCCCCCCCC)OCCCCCCCC,trioctyl phosphate,C24H51O4P
CCCCCCCCS(=O)C(C)Cc1ccc2c(c1)OCO2,"5-(2-octylsulfinylpropyl)-1,3-benzodioxole",C18H28O3S
CCCCCCCCOc1ccc(C(=O)O)cc1,4-octoxybenzoic acid,C15H22O3
CCCCCCCCS(=O)[C@H](C)Cc1ccc2c(c1)OCO2,,C18H28O3S
CCCCCCCCSCN1C=CN(C)C1,1-methyl-3-(octylsulfanylmethyl)-2H-imidazole,C13H26N2S
CCCCCCCC[C@H]1CO1,(2S)-2-octyloxirane,C10H20O
CCCCCCCCc1ccc(Nc2ccc(CCCCCCCC)cc2)cc1,4-octyl-N-(4-octylphenyl)aniline,C28H43N
CCCCCCCCn1sccc1=O,"2-octyl-1,2-thiazol-3-one",C11H19NOS
CCCCCCCOc1ccccc1NC(=O)OC(C)CN(CC)CC,1-(diethylamino)propan-2-yl N-(2-heptoxyphenyl)carbamate,C21H36N2O3
CCCCCCCOc1ccccc1NC(=O)OCCN1CCCCC1,2-piperidin-1-ylethyl N-(2-heptoxyphenyl)carbamate,C21H34N2O3
CCCCCCN(N=O)C(=N)N[N+](=O)[O-],1-hexyl-3-nitro-1-nitrosoguanidine,C7H15N5O3
CCCCCCNC(=O)n1cc(F)c(=O)[nH]c1=O,"5-fluoro-N-hexyl-2,4-dioxopyrimidine-1-carboxamide",C11H16FN3O3
CCCCCCN(N=O)C(N)=O,1-hexyl-1-nitrosourea,C7H15N3O2
CCCCCCOC(=O)c1ccccc1,hexyl benzoate,C13H18O2
CCCCCCOC(=O)c1ccccc1C(=O)OCCCCCC,"dihexyl benzene-1,2-dicarboxylate",C20H30O4
CCCCCCNCCCCCC,N-hexylhexan-1-amine,C12H27N
CCCCCCOC[C@H]1CO1,(2R)-2-(hexoxymethyl)oxirane,C9H18O2
CCCCCCOCC1CO1,2-(hexoxymethyl)oxirane,C9H18O2
CCCCCC[C@H](O)C/C=C\CCCCCCCC(=O)O,"(Z,12S)-12-hydroxyoctadec-9-enoic acid",C18H34O3
CCCCCC[N+](=O)[O-],1-nitrohexane,C6H13NO2
CCCCCCc1ccc(-c2ccc(C#N)cc2)cc1,4-(4-hexylphenyl)benzonitrile,C19H21N
CCCCCCc1ccc(O)cc1O,"4-hexylbenzene-1,3-diol",C12H18O2
CCCCCN,pentan-1-amine,C5H13N
CCCCCN(CCCC)N=O,N-butyl-N-pentylnitrous amide,C9H20N2O
CCCCCN(CCCCC)CCCCC,"N,N-dipentylpentan-1-amine",C15H33N
CCCCCN(CCCCC)N=O,"N,N-dipentylnitrous amide",C10H22N2O
CCCCCN(CCCCO)N=O,N-(4-hydroxybutyl)-N-pentylnitrous amide,C9H20N2O2
CCCCCN(CCCOC)C(=O)C(CCC(=O)O)NC(=O)c1ccc(Cl)c(Cl)c1,"4-[(3,4-dichlorobenzoyl)amino]-5-[3-methoxypropyl(pentyl)amino]-5-oxopentanoic acid",C21H30Cl2N2O5
CCCCCN(N=O)C(=N)N[N+](=O)[O-],3-nitro-1-nitroso-1-pentylguanidine,C6H13N5O3
CCCCCN(N=O)C(=N)NN(O)O,1-(hydroxyamino)-2-nitro-1-pentylguanidine,C6H15N5O3
CCCCCN1C2c3ccccc3-c3ccccc3C21,"1-pentyl-1a,9b-dihydrophenanthro[9,10-b]azirine",C19H21N
CCCCCNC(=O)/C=C/c1ccc([N+](=O)[O-])o1,(E)-3-(5-nitrofuran-2-yl)-N-pentylprop-2-enamide,C12H16N2O4
CCCCCNCCCCC,N-pentylpentan-1-amine,C10H23N
CCCCCNc1snc2ccccc12,"N-pentyl-2,1-benzothiazol-3-amine",C12H16N2S
CCCCCO,pentan-1-ol,C5H12O
CCCCCOC(=O)/C=C/c1ccc([N+](=O)[O-])o1,pentyl (E)-3-(5-nitrofuran-2-yl)prop-2-enoate,C12H15NO5
CCCCCON=O,pentyl nitrite,C5H11NO2
CCCCCOc1ccc(N=O)cc1,1-nitroso-4-pentoxybenzene,C11H15NO2
CCCCCOc1cccc(NC(=O)OC2CCCCC2N2CCCC2)c1,(2-pyrrolidin-1-ylcyclohexyl) N-(3-pentoxyphenyl)carbamate,C22H34N2O3
CCCCC[C@@H](CC)OC(=O)c1cccc(C(=O)O[C@H](CC)CCCCC)c1,"bis[(3R)-octan-3-yl] benzene-1,3-dicarboxylate",C24H38O4
CCCCCc1cc(O)c2c(c1)OC(C)(C)C1CCC(C)=CC21,"6,6,9-trimethyl-3-pentyl-6a,7,8,10a-tetrahydrobenzo[c]chromen-1-ol",C21H30O2
CCCCCc1cc(O)cc(O)c1,"5-pentylbenzene-1,3-diol",C11H16O2
CCCCCl,1-chlorobutane,C4H9Cl
CCCCCn1cc2c3c(cccc31)[C@H]1C=C(C)CN(C)[C@@H]1C2,"(6aR,10aR)-7,9-dimethyl-4-pentyl-6,6a,8,10a-tetrahydroindolo[4,3-fg]quinoline",C21H28N2
CCCCCn1cc2c3c(cccc31)C1C=C(C)CN(C)C1C2,"7,9-dimethyl-4-pentyl-6,6a,8,10a-tetrahydroindolo[4,3-fg]quinoline",C21H28N2
CCCCN(C)N=O,N-butyl-N-methylnitrous amide,C5H12N2O
CCCCN,butan-1-amine,C4H11N
CCCCN(CC(=O)CC)N=O,N-butyl-N-(2-oxobutyl)nitrous amide,C8H16N2O2
CCCCN(CC(C)=O)N=O,N-butyl-N-(2-oxopropyl)nitrous amide,C7H14N2O2
CCCCN(CC(CO)OCc1ccccc1)N=O,N-butyl-N-(3-hydroxy-2-phenylmethoxypropyl)nitrous amide,C14H22N2O3
CCCCN(CC(O)C1=CC(=[N+]=[N-])C(=O)C=C1)N=O,4-[2-[butyl(nitroso)amino]-1-hydroxyethyl]-2-diazoniophenolate,C12H16N4O3
CCCCN(CC(O)CC)N=O,N-butyl-N-(2-hydroxybutyl)nitrous amide,C8H18N2O2
CCCCN(CC(O)CCO)N=O,"N-butyl-N-(2,4-dihydroxybutyl)nitrous amide",C8H18N2O3
CCCCN(CC(O)c1ccc(O)cc1)N=O,N-butyl-N-[2-hydroxy-2-(4-hydroxyphenyl)ethyl]nitrous amide,C12H18N2O3
CCCCN(CC)CC,"N,N-diethylbutan-1-amine",C8H19N
CCCCN(CCC(=O)O)N=O,3-[butyl(nitroso)amino]propanoic acid,C7H14N2O3
CCCCN(CCC(=O)OC)N=O,methyl 3-[butyl(nitroso)amino]propanoate,C8H16N2O3
CCCCN(CCC(C)=O)N=O,N-butyl-N-(3-oxobutyl)nitrous amide,C8H16N2O2
CCCCN(CCC(C)O)N=O,N-butyl-N-(3-hydroxybutyl)nitrous amide,C8H18N2O2
CCCCN(CCC)N=O,N-butyl-N-propylnitrous amide,C7H16N2O
CCCCN(CCCC(=O)O)N=O,4-[butyl(nitroso)amino]butanoic acid,C8H16N2O3
CCCCN(CCCC)CCCC,"N,N-dibutylbutan-1-amine",C12H27N
CCCCN(CCCC)N=O,"N,N-dibutylnitrous amide",C8H18N2O
CCCCN(CCCCO)N=O,N-butyl-N-(4-hydroxybutyl)nitrous amide,C8H18N2O2
CCCCN(CCCO)N=O,N-butyl-N-(3-hydroxypropyl)nitrous amide,C7H16N2O2
CCCCN(CCO)CCCC,2-(dibutylamino)ethanol,C10H23NO
CCCCN(CCO)N=O,N-butyl-N-(2-hydroxyethyl)nitrous amide,C6H14N2O2
CCCCN(CC[C@@H](C)O)N=O,,C8H18N2O2
CCCCN(CCO[N+](=O)[O-])[N+](=O)[O-],2-[butyl(nitro)amino]ethyl nitrate,C6H13N3O5
CCCCN(COC(C)=O)N=O,[butyl(nitroso)amino]methyl acetate,C7H14N2O3
CCCCN(C[C@@H](O)C1=CC(=[N+]=[N-])C(=O)C=C1)N=O,4-[(1S)-2-[butyl(nitroso)amino]-1-hydroxyethyl]-2-diazoniophenolate,C12H16N4O3
CCCCN(C[C@H](O)CC)N=O,N-butyl-N-[(2R)-2-hydroxybutyl]nitrous amide,C8H18N2O2
CCCCN(C[C@H](O)CCO)N=O,,C8H18N2O3
CCCCN(N)CCCC,"1,1-dibutylhydrazine",C8H20N2
CCCCN(N=O)C(=N)NN(O)O,1-butyl-1-(hydroxyamino)-2-nitroguanidine,C5H13N5O3
CCCCN(N=O)/C(C=O)=N/O,N-butyl-N'-hydroxy-N-nitroso-2-oxoethanimidamide,C6H11N3O3
CCCCN(N=O)C(CCC)OC(C)=O,1-[butyl(nitroso)amino]butyl acetate,C10H20N2O3
CCCCN(N=O)C(=N)N[N+](=O)[O-],1-butyl-3-nitro-1-nitrosoguanidine,C5H11N5O3
CCCCN(N=O)[C@@H](CCC)OC(C)=O,,C10H20N2O3
CCCCN(N=O)C(N)=O,1-butyl-1-nitrosourea,C5H11N3O2
CCCCN1C2c3ccccc3-c3ccccc3C21,"1-butyl-1a,9b-dihydrophenanthro[9,10-b]azirine",C18H19N
CCCCN=NC(C)(C)OO,butyl(2-hydroperoxypropan-2-yl)diazene,C7H16N2O2
CCCCNC(=O)/C=C/c1ccc([N+](=O)[O-])o1,(E)-N-butyl-3-(5-nitrofuran-2-yl)prop-2-enamide,C11H14N2O4
CCCCNC(=O)NS(=O)(=O)c1ccc(C)cc1,1-butyl-3-(4-methylphenyl)sulfonylurea,C12H18N2O3S
CCCCNC(=O)n1c(NC(=O)OC)nc2ccccc21,methyl N-[1-(butylcarbamoyl)benzimidazol-2-yl]carbamate,C14H18N4O3
CCCCNCC,N-ethylbutan-1-amine,C6H15N
CCCCNCCCC,N-butylbutan-1-amine,C8H19N
CCCCNc1snc2ccccc12,"N-butyl-2,1-benzothiazol-3-amine",C11H14N2S
CCCCO,butan-1-ol,C4H10O
CCCCOC(=O)/C=C\C(=O)OCCCC,dibutyl (Z)-but-2-enedioate,C12H20O4
CCCCOC(=O)/C=C/c1ccc([N+](=O)[O-])o1,butyl (E)-3-(5-nitrofuran-2-yl)prop-2-enoate,C11H13NO5
CCCCOC(=O)CCC,butyl butanoate,C8H16O2
CCCCOC(=O)CC(CC(=O)OCCCC)(OC(C)=O)C(=O)OCCCC,"tributyl 2-acetyloxypropane-1,2,3-tricarboxylate",C20H34O8
CCCCOC(=O)COc1cc(Cl)c(Cl)cc1Cl,"butyl 2-(2,4,5-trichlorophenoxy)acetate",C12H13Cl3O3
CCCCOC(=O)CCCCCCCCC(=O)OCCCC,dibutyl decanedioate,C18H34O4
CCCCOC(=O)COc1ccc(Cl)cc1Cl,"butyl 2-(2,4-dichlorophenoxy)acetate",C12H14Cl2O3
CCCCOC(=O)c1ccc(O)cc1,butyl 4-hydroxybenzoate,C11H14O3
CCCCOC(=O)c1ccc(N)cc1,butyl 4-aminobenzoate,C11H15NO2
CCCCOC(=O)c1cccc2cccnc12,butyl quinoline-8-carboxylate,C14H15NO2
CCCCOC(=O)c1ccccc1C(=O)OC1CCCCC1,"1-O-butyl 2-O-cyclohexyl benzene-1,2-dicarboxylate",C18H24O4
CCCCOC(=O)c1ccccc1C(=O)OCCCC,"dibutyl benzene-1,2-dicarboxylate",C16H22O4
CCCCOC(=O)c1ccccc1C(=O)OCc1ccccc1,"2-O-benzyl 1-O-butyl benzene-1,2-dicarboxylate",C19H20O4
CCCCOC(=O)c1ccccc1N,butyl 2-aminobenzoate,C11H15NO2
CCCCOC(C)=O,butyl acetate,C6H12O2
CCCCOCC(=O)O,2-butoxyacetic acid,C6H12O3
CCCCOCC1CO1,2-(butoxymethyl)oxirane,C7H14O2
CCCCOCC=O,2-butoxyacetaldehyde,C6H12O2
CCCCOCCO,2-butoxyethanol,C6H14O2
CCCCOCCCC,1-butoxybutane,C8H18O
CCCCOCCOCCO,2-(2-butoxyethoxy)ethanol,C8H18O3
CCCCOCCOC(=O)COc1ccc(Cl)cc1Cl,"2-butoxyethyl 2-(2,4-dichlorophenoxy)acetate",C14H18Cl2O4
CCCCOCCOCCOCCCC,1-[2-(2-butoxyethoxy)ethoxy]butane,C12H26O3
CCCCOCCOCCOCc1cc2c(cc1CCC)OCO2,"5-[2-(2-butoxyethoxy)ethoxymethyl]-6-propyl-1,3-benzodioxole",C19H30O5
CCCCOCCOP(=O)(OCCOCCCC)OCCOCCCC,tris(2-butoxyethyl) phosphate,C18H39O7P
CCCCOCCOCCSC#N,2-(2-butoxyethoxy)ethyl thiocyanate,C9H17NO2S
CCCCOCN(C(=O)CCl)c1c(CC)cccc1CC,"N-(butoxymethyl)-2-chloro-N-(2,6-diethylphenyl)acetamide",C17H26ClNO2
CCCCOC[C@H]1CO1,(2R)-2-(butoxymethyl)oxirane,C7H14O2
CCCCON(OC(C)=O)C(=O)c1ccc(-c2ccccc2)cc1,[butoxy-(4-phenylbenzoyl)amino] acetate,C19H21NO4
CCCCON(OC(C)=O)C(=O)c1ccc(Br)cc1,[(4-bromobenzoyl)-butoxyamino] acetate,C13H16BrNO4
CCCCON(OC(C)=O)C(=O)c1ccc(C(C)(C)C)cc1,[butoxy-(4-tert-butylbenzoyl)amino] acetate,C17H25NO4
CCCCON(OC(C)=O)C(=O)c1ccc(C)cc1,[butoxy-(4-methylbenzoyl)amino] acetate,C14H19NO4
CCCCON(OC(C)=O)C(=O)c1ccc(Cl)cc1,[butoxy-(4-chlorobenzoyl)amino] acetate,C13H16ClNO4
CCCCON(OC(C)=O)C(=O)c1ccc(OC)cc1,[butoxy-(4-methoxybenzoyl)amino] acetate,C14H19NO5
CCCCON(OC(C)=O)C(=O)c1ccc([N+](=O)[O-])cc1,[butoxy-(4-nitrobenzoyl)amino] acetate,C13H16N2O6
CCCCON(OC(C)=O)C(=O)c1ccc2ccccc2c1,[butoxy(naphthalene-2-carbonyl)amino] acetate,C17H19NO4
CCCCON(OC(C)=O)C(=O)c1ccccc1,[benzoyl(butoxy)amino] acetate,C13H17NO4
CCCCOO,1-hydroperoxybutane,C4H10O2
CCCCOP(=O)(OCCCC)OCCCC,tributyl phosphate,C12H27O4P
CCCCON=O,butyl nitrite,C4H9NO2
CCCCOS(C)(=O)=O,butyl methanesulfonate,C5H12O3S
CCCCOP(=O)(OCCCC)Oc1ccccc1,dibutyl phenyl phosphate,C14H23O4P
CCCCOc1cc2c(c3ccc4ccccc4c13)CCC2=O,"11-butoxy-15,16-dihydrocyclopenta[a]phenanthren-17-one",C21H20O2
CCCCOc1ccc(/C=N/c2ccc(CC)cc2)cc1,1-(4-butoxyphenyl)-N-(4-ethylphenyl)methanimine,C19H23NO
CCCCOc1ccc(CC(=O)NO)cc1,2-(4-butoxyphenyl)-N-hydroxyacetamide,C12H17NO3
CCCCOc1ccc(N=Nc2ccc(N(CC)CC)cc2)cn1,"4-[(6-butoxy-3-pyridinyl)diazenyl]-N,N-diethylaniline",C19H26N4O
CCCCOc1ccc(N=O)cc1,1-butoxy-4-nitrosobenzene,C10H13NO2
CCCCOc1ccc2nc3cc(Cl)ccc3c(NCCCN(CC)CCCl)c2n1,"N-(2-butoxy-7-chlorobenzo[b][1,5]naphthyridin-10-yl)-N'-(2-chloroethyl)-N'-ethylpropane-1,3-diamine",C23H30Cl2N4O
CCCCOc1ccc2nc3cc(Cl)ccc3c(NCCCNCCCl)c2n1,"N'-(2-butoxy-7-chlorobenzo[b][1,5]naphthyridin-10-yl)-N-(2-chloroethyl)propane-1,3-diamine",C21H26Cl2N4O
CCCCSCCC(N)C(=O)O,2-amino-4-butylsulfanylbutanoic acid,C8H17NO2S
CCCC[C@@H](CC)CN,(2R)-2-ethylhexan-1-amine,C8H19N
CCCC[C@@H](CC)CNC[C@H](CC)CCCC,(2R)-2-ethyl-N-[(2R)-2-ethylhexyl]hexan-1-amine,C16H35N
CCCC[C@@H](CC)CO,(2R)-2-ethylhexan-1-ol,C8H18O
CCCC[C@@H](CC)COC(=O)/C=C/c1ccc(OC)cc1,[(2R)-2-ethylhexyl] (E)-3-(4-methoxyphenyl)prop-2-enoate,C18H26O3
CCCC[C@@H](CC)COC(=O)C(C#N)=C(c1ccccc1)c1ccccc1,"[(2R)-2-ethylhexyl] 2-cyano-3,3-diphenylprop-2-enoate",C24H27NO2
CCCC[C@@H](CC)COC(=O)CCCCC(=O)O,6-[(2R)-2-ethylhexoxy]-6-oxohexanoic acid,C14H26O4
CCCC[C@@H](CC)COC(=O)CCCCC(=O)OC[C@H](CC)CCCC,bis[(2R)-2-ethylhexyl] hexanedioate,C22H42O4
CCCC[C@@H](CC)COC(=O)CCCCCCCCC(=O)OC[C@H](CC)CCCC,bis[(2R)-2-ethylhexyl] decanedioate,C26H50O4
CCCC[C@@H](CC)COC(=O)c1ccc(C(=O)OC[C@H](CC)CCCC)c(C(=O)OC[C@H](CC)CCCC)c1,"tris[(2R)-2-ethylhexyl] benzene-1,2,4-tricarboxylate",C33H54O6
CCCC[C@@H](CC)COC(=O)c1ccc(N(C)C)c([N+](=O)[O-])c1,[(2R)-2-ethylhexyl] 4-(dimethylamino)-3-nitrobenzoate,C17H26N2O4
CCCC[C@@H](CC)COC(=O)c1ccccc1C(=O)O,2-[(2R)-2-ethylhexoxy]carbonylbenzoic acid,C16H22O4
CCCC[C@@H](CC)COC(=O)c1ccccc1C(=O)OC[C@H](CC)CCCC,"bis[(2R)-2-ethylhexyl] benzene-1,2-dicarboxylate",C24H38O4
CCCC[C@@H](CC)COCCC#N,3-[(2R)-2-ethylhexoxy]propanenitrile,C11H21NO
CCCC[C@@H](CC)COCCCN,3-[(2R)-2-ethylhexoxy]propan-1-amine,C11H25NO
CCCC[C@@H](CC)COC[C@H]1CO1,(2R)-2-[[(2R)-2-ethylhexoxy]methyl]oxirane,C11H22O2
CCCC[C@@H](CC)COP(=O)(OC[C@H](CC)CCCC)OC[C@H](CC)CCCC,tris[(2R)-2-ethylhexyl] phosphate,C24H51O4P
CCCC[C@@H](CC)COP(=O)(Oc1ccccc1)Oc1ccccc1,[(2R)-2-ethylhexyl] diphenyl phosphate,C20H27O4P
CCCC[C@@H](CC)COP(OC[C@H](CC)CCCC)OC[C@H](CC)CCCC,tris[(2R)-2-ethylhexyl] phosphite,C24H51O3P
CCCC[C@@H](CC)COS(=O)(=O)O,[(2R)-2-ethylhexyl] hydrogen sulfate,C8H18O4S
CCCC[C@@H]1C(=O)N(c2ccccc2)N(c2ccc(O)cc2)C1=O,"(4R)-4-butyl-1-(4-hydroxyphenyl)-2-phenylpyrazolidine-3,5-dione",C19H20N2O3
CCCC[C@H](CC)C(=O)O,(2S)-2-ethylhexanoic acid,C8H16O2
CCCC[C@H](C=O)CC,(2R)-2-ethylhexanal,C8H16O
CCCC[C@H](CC)COC(=O)c1cccc(C(=O)OC[C@@H](CC)CCCC)c1,"bis[(2S)-2-ethylhexyl] benzene-1,3-dicarboxylate",C24H38O4
CCCCc1cc(C)cc(CCCC)c1O,"2,6-dibutyl-4-methylphenol",C15H24O
CCCC[CH-][N+](=O)[O-],dioxido(pentylidene)azanium,C5H10NO2-
CCCCc1ccc(/N=C\c2ccc(OC)cc2)cc1,N-(4-butylphenyl)-1-(4-methoxyphenyl)methanimine,C18H21NO
CCCN(C(=O)CCCl)c1snc2ccccc12,"N-(2,1-benzothiazol-3-yl)-3-chloro-N-propylpropanamide",C13H15ClN2OS
CCCN(C(N)=NN=O)[N+](=O)[O-],1-nitro-2-nitroso-1-propylguanidine,C4H9N5O3
CCCN(CCC)CCC,"N,N-dipropylpropan-1-amine",C9H21N
CCCN(CCC)C(=O)SCC,"S-ethyl N,N-dipropylcarbamothioate",C9H19NOS
CCCN(CCC)S(=O)(=O)c1ccc(C(=O)O)cc1,4-(dipropylsulfamoyl)benzoic acid,C13H19NO4S
CCCN(CCC)N=O,"N,N-dipropylnitrous amide",C6H14N2O
CCCN(CCC)c1c([N+](=O)[O-])cc(C(F)(F)F)cc1[N+](=O)[O-],"2,6-dinitro-N,N-dipropyl-4-(trifluoromethyl)aniline",C13H16F3N3O4
CCCN(CCCC(=O)O)N=O,4-[nitroso(propyl)amino]butanoic acid,C7H14N2O3
CCCN(CCCCO)N=O,N-(4-hydroxybutyl)-N-propylnitrous amide,C7H16N2O2
CCCN(N=O)C(=N)N[N+](=O)[O-],3-nitro-1-nitroso-1-propylguanidine,C4H9N5O3
CCCN(N=O)C(=N)NN(O)O,1-(hydroxyamino)-2-nitro-1-propylguanidine,C4H11N5O3
CCCN=NC(C)(C)OO,2-hydroperoxypropan-2-yl(propyl)diazene,C6H14N2O2
CCCN(N=O)C(N)=O,1-nitroso-1-propylurea,C4H9N3O2
CCCNC(=O)/C=C/c1ccc([N+](=O)[O-])o1,(E)-3-(5-nitrofuran-2-yl)-N-propylprop-2-enamide,C10H12N2O4
CCCNC(=O)NS(=O)(=O)c1ccc(Cl)cc1,1-(4-chlorophenyl)sulfonyl-3-propylurea,C10H13ClN2O3S
CCCNCCC,N-propylpropan-1-amine,C6H15N
CCCNN=O,N-propylnitrous amide,C3H8N2O
CCCNc1c([N+](=O)[O-])ccc(Cl)c1C(=O)O,6-chloro-3-nitro-2-(propylamino)benzoic acid,C10H11ClN2O4
CCCNc1snc2ccccc12,"N-propyl-2,1-benzothiazol-3-amine",C10H12N2S
CCCO,propan-1-ol,C3H8O
CCCOC(=O)/C=C/c1ccc([N+](=O)[O-])o1,propyl (E)-3-(5-nitrofuran-2-yl)prop-2-enoate,C10H11NO5
CCCOC(=O)c1cc(Cc2ccc(N)c(C(=O)OCCC)c2)ccc1N,propyl 2-amino-5-[(4-amino-3-propoxycarbonylphenyl)methyl]benzoate,C21H26N2O4
CCCOC(=O)c1cc(O)c(O)c(O)c1,"propyl 3,4,5-trihydroxybenzoate",C10H12O5
CCCOC(=O)c1ccc(O)cc1,propyl 4-hydroxybenzoate,C10H12O3
CCCOC(C(=O)OC1CCN(C)CC1)(c1ccccc1)c1ccccc1,"(1-methylpiperidin-4-yl) 2,2-diphenyl-2-propoxyacetate",C23H29NO3
CCCON(OC(C)=O)C(=O)c1ccccc1,[benzoyl(propoxy)amino] acetate,C12H15NO4
CCCON=O,propyl nitrite,C3H7NO2
CCCOO,1-hydroperoxypropane,C3H8O2
CCCOP(=S)(OCCC)OP(=S)(OCCC)OCCC,dipropoxyphosphinothioyloxy-dipropoxy-sulfanylidene-lambda5-phosphane,C12H28O5P2S2
CCCOS(C)(=O)=O,propyl methanesulfonate,C4H10O3S
CCCOc1cc2c(c3ccc4ccccc4c13)CCC2=O,"11-propoxy-15,16-dihydrocyclopenta[a]phenanthren-17-one",C20H18O2
CCCSC(=O)Cl,S-propyl chloromethanethioate,C4H7ClOS
CCCOc1ccc(N)cc1N,"4-propoxybenzene-1,3-diamine",C9H14N2O
CCC[C@@H](C)C[C@@H](OC(=O)C[C@@H](CC(=O)O)C(=O)O)[C@@H](C[C@H](C)CCCCCC[C@H](O)C[C@H](O)[C@@H](C)N)OC(=O)C[C@@H](CC(=O)O)C(=O)O,,C34H59NO14
CCC[C@@H](C)C[C@H](OC(=O)C[C@@H](CC(=O)O)C(=O)O)[C@H](C[C@H](C)C[C@H](O)CCCC[C@H](O)C[C@H](O)[C@H](C)N)OC(=O)C[C@@H](CC(=O)O)C(=O)O,,C34H59NO15
CCC[C@@H](O)[C@@H](CC)CO,"(2S,3R)-2-ethylhexane-1,3-diol",C8H18O2
CCC[C@](C)(COC(N)=O)COC(=O)NC(C)C,[(2R)-2-(carbamoyloxymethyl)-2-methylpentyl] N-propan-2-ylcarbamate,C12H24N2O4
CCC[N+](=O)[O-],1-nitropropane,C3H7NO2
CCCc1cc(O)nc(S)n1,6-propyl-2-sulfanylidene-1H-pyrimidin-4-one,C7H10N2OS
CCC[CH-][N+](=O)[O-],1-nitrobutane,C4H8NO2-
CCCc1ccc2c(c1)OCO2,"5-propyl-1,3-benzodioxole",C10H12O2
CCCc1cc2ccccc2c2ccc3c(c12)C1OC1C(O)C3O,"19-propyl-4-oxapentacyclo[9.8.0.02,8.03,5.012,17]nonadeca-1(11),2(8),9,12,14,16,18-heptaene-6,7-diol",C21H20O3
CCCn1cc2c3c(cccc31)C1C=C(C)CN(C)C1C2,"7,9-dimethyl-4-propyl-6,6a,8,10a-tetrahydroindolo[4,3-fg]quinoline",C19H24N2
CCCn1cc2c3c(cccc31)C1CC(C)CN(C#N)C1C2,"9-methyl-4-propyl-6,6a,8,9,10,10a-hexahydroindolo[4,3-fg]quinoline-7-carbonitrile",C19H23N3
CCN(C#N)N=O,ethyl(nitroso)cyanamide,C3H5N3O
CCN,ethanamine,C2H7N
CCN(C(=O)CCCCl)c1snc2ccccc12,"N-(2,1-benzothiazol-3-yl)-4-chloro-N-ethylbutanamide",C13H15ClN2OS
CCN(C(=O)CCCl)c1snc2ccccc12,"N-(2,1-benzothiazol-3-yl)-3-chloro-N-ethylpropanamide",C12H13ClN2OS
CCN(C(=O)N(CC)c1ccccc1)c1ccccc1,"1,3-diethyl-1,3-diphenylurea",C17H20N2O
CCN(C(C)=O)c1ccc2c(c1)Cc1ccccc1-2,N-ethyl-N-(9H-fluoren-2-yl)acetamide,C17H17NO
CCN(C)N=O,N-ethyl-N-methylnitrous amide,C3H8N2O
CCN(C=O)N=O,N-ethyl-N-nitrosoformamide,C3H6N2O2
CCN(CC(O)C1=CC(=O)C(=[N+]=[N-])C=C1)N=O,2-diazonio-5-[2-[ethyl(nitroso)amino]-1-hydroxyethyl]phenolate,C10H12N4O3
CCN(CC)C(=O)/C(Cl)=C(/C)OP(=O)(OC)OC,[(E)-3-chloro-4-(diethylamino)-4-oxobut-2-en-2-yl] dimethyl phosphate,C10H19ClNO5P
CCN(CC)C(=O)Cc1ccccc1,"N,N-diethyl-2-phenylacetamide",C12H17NO
CCN(CC)C(=O)Nc1ccc(OCC(O)CNC(C)(C)C)c(C(C)=O)c1,"3-[3-acetyl-4-[3-(tert-butylamino)-2-hydroxypropoxy]phenyl]-1,1-diethylurea",C20H33N3O4
CCN(CC)C(=O)c1cc(Cc2ccc(N)c(C(=O)N(CC)CC)c2)ccc1N,"2-amino-5-[[4-amino-3-(diethylcarbamoyl)phenyl]methyl]-N,N-diethylbenzamide",C23H32N4O2
CCN(CC)C(=O)c1cccc(C)c1,"N,N-diethyl-3-methylbenzamide",C12H17NO
CCN(CC)C(=S)S,diethylcarbamodithioic acid,C5H11NS2
CCN(CC)C(=S)SC1OC(CO)C(O)C(O)C1O,"[3,4,5-trihydroxy-6-(hydroxymethyl)oxan-2-yl] N,N-diethylcarbamodithioate",C11H21NO5S2
CCN(CC)C(=S)SSC(=S)N(CC)CC,"diethylcarbamothioylsulfanyl N,N-diethylcarbamodithioate",C10H20N2S4
CCN(CC)C(=S)SSCC(NC(=O)CCC(N)C(=O)O)C(=O)NCC(=O)O,2-amino-5-[[1-(carboxymethylamino)-3-(diethylcarbamothioyldisulfanyl)-1-oxopropan-2-yl]amino]-5-oxopentanoic acid,C15H26N4O6S3
CCN(CC)C(=S)SSCC(NC(C)=O)C(=O)O,2-acetamido-3-(diethylcarbamothioyldisulfanyl)propanoic acid,C10H18N2O3S3
CCN(CC)CC,"N,N-diethylethanamine",C6H15N
CCN(CC)CC#CC(C)(C)OC(=O)C(O)(c1ccccc1)C1CCCCC1,[5-(diethylamino)-2-methylpent-3-yn-2-yl] 2-cyclohexyl-2-hydroxy-2-phenylacetate,C24H35NO3
CCN(CC)CC#CCOC(=O)C(O)(c1ccccc1)C1CCCCC1,4-(diethylamino)but-2-ynyl 2-cyclohexyl-2-hydroxy-2-phenylacetate,C22H31NO3
CCN(CC)CCCC(C)Nc1c2ccc(Cl)cc2nc2ccc(OC)cc12,"4-N-(6-chloro-2-methoxyacridin-9-yl)-1-N,1-N-diethylpentane-1,4-diamine",C23H30ClN3O
CCN(CC)CCCC(C)Nc1cc(OC)cc2cccnc12,"1-N,1-N-diethyl-4-N-(6-methoxyquinolin-8-yl)pentane-1,4-diamine",C19H29N3O
CCN(CC)CCCC(C)Nc1ccnc2cc(Cl)ccc12,"4-N-(7-chloroquinolin-4-yl)-1-N,1-N-diethylpentane-1,4-diamine",C18H26ClN3
CCN(CC)CCCN,"N',N'-diethylpropane-1,3-diamine",C7H18N2
CCN(CC)CCCN(c1ccccc1)C1Cc2ccccc2C1,"N'-(2,3-dihydro-1H-inden-2-yl)-N,N-diethyl-N'-phenylpropane-1,3-diamine",C22H30N2
CCN(CC)CCC[C@@H](C)Nc1c2ccc(Cl)cc2nc2ccc(OC)cc12,"(4R)-4-N-(6-chloro-2-methoxyacridin-9-yl)-1-N,1-N-diethylpentane-1,4-diamine",C23H30ClN3O
CCN(CC)CCC[C@@H](C)Nc1cc(OC)cc2cccnc12,"(4R)-1-N,1-N-diethyl-4-N-(6-methoxyquinolin-8-yl)pentane-1,4-diamine",C19H29N3O
CCN(CC)CCC[C@@H](C)Nc1ccnc2cc(Cl)ccc12,"(4R)-4-N-(7-chloroquinolin-4-yl)-1-N,1-N-diethylpentane-1,4-diamine",C18H26ClN3
CCN(CC)CCN1C(=O)CN=C(c2ccccc2F)c2cc(Cl)ccc21,"7-chloro-1-[2-(diethylamino)ethyl]-5-(2-fluorophenyl)-3H-1,4-benzodiazepin-2-one",C21H23ClFN3O
CCN(CC)CCNc1ccc(C)c2sc3ccccc3c(=O)c12,1-[2-(diethylamino)ethylamino]-4-methylthioxanthen-9-one,C20H24N2OS
CCN(CC)CCNc1ccc(CO)c2sc3ccccc3c(=O)c12,1-[2-(diethylamino)ethylamino]-4-(hydroxymethyl)thioxanthen-9-one,C20H24N2O2S
CCN(CC)CCNc1ccc(COC(=O)c2ccco2)c2sc3ccccc3c(=O)c12,[1-[2-(diethylamino)ethylamino]-9-oxothioxanthen-4-yl]methyl furan-2-carboxylate,C25H26N2O4S
CCN(CC)CCNc1ccc2nc(C)n3c4ccc(O)cc4c(=O)c1c23,"10-[2-(diethylamino)ethylamino]-5-hydroxy-15-methyl-1,14-diazatetracyclo[7.6.1.02,7.013,16]hexadeca-2(7),3,5,9,11,13(16),14-heptaen-8-one",C21H24N4O2
CCN(CC)CCNc1ccc(COS(C)(=O)=O)c2sc3ccccc3c(=O)c12,[1-[2-(diethylamino)ethylamino]-9-oxothioxanthen-4-yl]methyl methanesulfonate,C21H26N2O4S2
CCN(CC)CCNc1ccc2ncn3c4ccc(O)cc4c(=O)c1c23,"10-[2-(diethylamino)ethylamino]-5-hydroxy-1,14-diazatetracyclo[7.6.1.02,7.013,16]hexadeca-2(7),3,5,9,11,13(16),14-heptaen-8-one",C20H22N4O2
CCN(CC)CCO,2-(diethylamino)ethanol,C6H15NO
CCN(CC)CCOc1ccc2c(c1)C(=O)c1cc(OCCN(CC)CC)ccc1-2,"2,7-bis[2-(diethylamino)ethoxy]fluoren-9-one",C25H34N2O3
CCN(CC)CCn1nc2c3c(c(CO)ccc31)Sc1cc(Cl)ccc1-2,"[5-chloro-14-[2-(diethylamino)ethyl]-8-thia-14,15-diazatetracyclo[7.6.1.02,7.013,16]hexadeca-1(15),2(7),3,5,9,11,13(16)-heptaen-10-yl]methanol",C20H22ClN3OS
CCN(CC)CCn1nc2ccc(C)c3c2c1Sc1cc(Cl)ccc1-3,,C20H22ClN3S
CCN(CC)CCn1nc2ccc(CO)c3c2c1Sc1cc(Cl)ccc1-3,,C20H22ClN3OS
CCN(CC)Cc1cc(Nc2ccnc3cc(Cl)ccc23)ccc1O,4-[(7-chloroquinolin-4-yl)amino]-2-(diethylaminomethyl)phenol,C20H22ClN3O
CCN(CC)N(O)N=O,diethylamino-hydroxyimino-oxidoazanium,C4H11N3O2
CCN(CC)N=O,"N,N-diethylnitrous amide",C4H10N2O
CCN(CC)S(=O)(=O)c1ccc(NC(C)=O)cc1,N-[4-(diethylsulfamoyl)phenyl]acetamide,C12H18N2O3S
CCN(CC)S(=O)(=O)c1ccc(N)cc1,"4-amino-N,N-diethylbenzenesulfonamide",C10H16N2O2S
CCN(CC)[N+]([O-])=NO,diethylamino-hydroxyimino-oxidoazanium,C4H11N3O2
CCN(CC)c1cc(NC(C)=O)c(N=Nc2c(Br)cc([N+](=O)[O-])cc2[N+](=O)[O-])cc1OC,"N-[2-[(2-bromo-4,6-dinitrophenyl)diazenyl]-5-(diethylamino)-4-methoxyphenyl]acetamide",C19H21BrN6O6
CCN(CC)c1cc(NC(C)=O)c(N=Nc2ccc([N+](=O)[O-])cc2)cc1OC,N-[5-(diethylamino)-4-methoxy-2-[(4-nitrophenyl)diazenyl]phenyl]acetamide,C19H23N5O4
CCN(CC)c1ccc(-c2ccc(-c3ccc(-c4ccc(N(CC)CC)cc4)cc3)cc2)cc1,"4-[4-[4-[4-(diethylamino)phenyl]phenyl]phenyl]-N,N-diethylaniline",C32H36N2
CCN(CC)c1ccc(-c2ccc(-c3ccc(N(CC)CC)cc3)cc2)cc1,"4-[4-[4-(diethylamino)phenyl]phenyl]-N,N-diethylaniline",C26H32N2
CCN(CC)c1ccc(C(=C2C=CC(=[N+](CC)CC)C=C2)c2ccc(N(CC)CC)cc2)cc1,"[4-[bis[4-(diethylamino)phenyl]methylidene]cyclohexa-2,5-dien-1-ylidene]-diethylazanium",C31H42N3+
CCN(CC)c1ccc(C(=C2C=CC(=[N+](CC)CC)C=C2)c2ccccc2)cc1,"[4-[[4-(diethylamino)phenyl]-phenylmethylidene]cyclohexa-2,5-dien-1-ylidene]-diethylazanium",C27H33N2+
CCN(CC)c1ccc(N)cc1,"4-N,4-N-diethylbenzene-1,4-diamine",C10H16N2
CCN(CC)c1ccc(N=Nc2ccc([N+](=O)[O-])cc2C#N)cc1,2-[[4-(diethylamino)phenyl]diazenyl]-5-nitrobenzonitrile,C17H17N5O2
CCN(CC)c1ccc(N=Nc2ccc([N+](=O)[O-])cc2)cc1,"N,N-diethyl-4-[(4-nitrophenyl)diazenyl]aniline",C16H18N4O2
CCN(CC)c1ccc(N=Nc2ccccc2)cc1,"N,N-diethyl-4-phenyldiazenylaniline",C16H19N3
CCN(CC)c1ccc(N=Nc2ccc([N+](=O)[O-])cc2Cl)cc1,"4-[(2-chloro-4-nitrophenyl)diazenyl]-N,N-diethylaniline",C16H17ClN4O2
CCN(CC)c1ccc(N=O)c(O)c1,5-(diethylamino)-2-nitrosophenol,C10H14N2O2
CCN(CC)c1ccc(N=Nc2cccnc2)cc1,"N,N-diethyl-4-(pyridin-3-yldiazenyl)aniline",C15H18N4
CCN(CC)c1ccc(N=O)cc1,"N,N-diethyl-4-nitrosoaniline",C10H14N2O
CCN(CC)c1ccc([N+]#N)cc1,4-(diethylamino)benzenediazonium,C10H14N3+
CCN(CC)c1ccc([N+](=O)[O-])cc1,"N,N-diethyl-4-nitroaniline",C10H14N2O2
CCN(CC)c1ccc2c(-c3ccc(S(=O)(=O)O)cc3S(=O)(=O)O)c3ccc(=[N+](CC)CC)cc-3oc2c1,"[6-(diethylamino)-9-(2,4-disulfophenyl)xanthen-3-ylidene]-diethylazanium",C27H31N2O7S2+
CCN(CC)c1ccc2c(-c3ccccc3C(=O)O)c3ccc(=[N+](CC)CC)cc-3oc2c1,[9-(2-carboxyphenyl)-6-(diethylamino)xanthen-3-ylidene]-diethylazanium,C28H31N2O3+
CCN(CC)c1ccc2c(C(F)(F)F)cc(=O)oc2c1,7-(diethylamino)-4-(trifluoromethyl)chromen-2-one,C14H14F3NO2
CCN(CC)c1ccc2c(-c3ccccc3C(=O)O)c3ccc(N(CC)CC)cc3[o+]c2c1,[9-(2-carboxyphenyl)-6-(diethylamino)xanthen-3-ylidene]-diethylazanium,C28H31N2O3+
CCN(CC)c1ccc2c(C)cc(=O)oc2c1,7-(diethylamino)-4-methylchromen-2-one,C14H17NO2
CCN(CC)c1ccc2c(c1)Oc1cc(N(CC)CC)ccc1C2c1ccccc1C(=O)O,"2-[3,6-bis(diethylamino)-9H-xanthen-9-yl]benzoic acid",C28H32N2O3
CCN(CC)c1ccc2cc(-c3nc4ccccc4n3C)c(=O)oc2c1,7-(diethylamino)-3-(1-methylbenzimidazol-2-yl)chromen-2-one,C21H21N3O2
CCN(CC)c1ccc2nc3ccc(N(CC)CC)cc3[o+]c2c1,[7-(diethylamino)phenoxazin-3-ylidene]-diethylazanium,C20H26N3O+
CCN(CC)c1ccccc1,"N,N-diethylaniline",C10H15N
CCN(CC)c1cccc(O)c1,3-(diethylamino)phenol,C10H15NO
CCN(CCC#N)c1cc(NC(C)=O)c(-n2nc3c(Br)cc(N)c(Cl)c3n2)cc1OC,N-[2-(5-amino-7-bromo-4-chlorobenzotriazol-2-yl)-5-[2-cyanoethyl(ethyl)amino]-4-methoxyphenyl]acetamide,C20H21BrClN7O2
CCN(CCCC(=O)O)N=O,4-[ethyl(nitroso)amino]butanoic acid,C6H12N2O3
CCN(CCC#N)c1ccc(N=Nc2c(Cl)cc([N+](=O)[O-])cc2Cl)cc1,"3-[4-[(2,6-dichloro-4-nitrophenyl)diazenyl]-N-ethylanilino]propanenitrile",C17H15Cl2N5O2
CCN(CCCO)N=O,N-ethyl-N-(3-hydroxypropyl)nitrous amide,C5H12N2O2
CCN(CCCCO)N=O,N-ethyl-N-(4-hydroxybutyl)nitrous amide,C6H14N2O2
CCN(CCCl)CCCNc1c2c(nc3ccccc13)CCCC2,"N'-(2-chloroethyl)-N'-ethyl-N-(1,2,3,4-tetrahydroacridin-9-yl)propane-1,3-diamine",C20H28ClN3
CCN(CCCl)CCCNc1c2ccc(Cl)cc2nc2ccc(OC)cc12,"N'-(2-chloroethyl)-N-(6-chloro-2-methoxyacridin-9-yl)-N'-ethylpropane-1,3-diamine",C21H25Cl2N3O
CCN(CCCl)CCCNc1c2ccc(Cl)cc2nc2ccc(OC)nc12,"N'-(2-chloroethyl)-N-(7-chloro-2-methoxybenzo[b][1,5]naphthyridin-10-yl)-N'-ethylpropane-1,3-diamine",C20H24Cl2N4O
CCN(CCCl)CCCNc1c2ccccc2nc2c(OC)cccc12,"N'-(2-chloroethyl)-N'-ethyl-N-(4-methoxyacridin-9-yl)propane-1,3-diamine",C21H26ClN3O
CCN(CCCl)CCCNc1c2ccccc2nc2c1ccc1ccccc12,"N-benzo[c]acridin-7-yl-N'-(2-chloroethyl)-N'-ethylpropane-1,3-diamine",C24H26ClN3
CCN(CCCl)CCCNc1c2ccccc2nc2c1ccc1cccnc12,"N-benzo[b][1,10]phenanthrolin-7-yl-N'-(2-chloroethyl)-N'-ethylpropane-1,3-diamine",C23H25ClN4
CCN(CCCl)CCCNc1c2ccccc2nc2ccccc12,"N-acridin-9-yl-N'-(2-chloroethyl)-N'-ethylpropane-1,3-diamine",C20H24ClN3
CCN(CCCl)c1ccc(-c2nc3cc(-c4nc5cc(N6CCN(C)CC6)ccc5[nH]4)ccc3[nH]2)cc1,N-(2-chloroethyl)-N-ethyl-4-[6-[6-(4-methylpiperazin-1-yl)-1H-benzimidazol-2-yl]-1H-benzimidazol-2-yl]aniline,C29H32ClN7
CCN(CCCl)c1ccc(CCCNc2c3ccccc3nc3ccccc23)cc1,N-[3-[4-[2-chloroethyl(ethyl)amino]phenyl]propyl]acridin-9-amine,C26H28ClN3
CCN(CCCl)c1ccc(OCCCCCNc2c3ccccc3nc3ccccc23)cc1,N-[5-[4-[2-chloroethyl(ethyl)amino]phenoxy]pentyl]acridin-9-amine,C28H32ClN3O
CCN(CCO[N+](=O)[O-])[N+](=O)[O-],2-[ethyl(nitro)amino]ethyl nitrate,C4H9N3O5
CCN(CCO)N=O,N-ethyl-N-(2-hydroxyethyl)nitrous amide,C4H10N2O2
CCN(CC[N+](C)(C)C)c1ccc(N=Nc2ccc([N+](=O)[O-])cc2Cl)cc1,2-[4-[(2-chloro-4-nitrophenyl)diazenyl]-N-ethylanilino]ethyl-trimethylazanium,C19H25ClN5O2+
CCN(Cc1cccc(S(=O)(=O)O)c1)c1ccc(C(=C2C=CC(=[N+](CC)Cc3cccc(S(=O)(=O)O)c3)C=C2)c2ccc(O)cc2S(=O)(=O)O)cc1,"ethyl-[4-[[4-[ethyl-[(3-sulfophenyl)methyl]amino]phenyl]-(4-hydroxy-2-sulfophenyl)methylidene]cyclohexa-2,5-dien-1-ylidene]-[(3-sulfophenyl)methyl]azanium",C37H37N2O10S3+
CCN(Cc1cccc(S(=O)(=O)O)c1)c1ccc(C(=C2C=CC(=[N+](CC)Cc3cccc(S(=O)(=O)O)c3)C=C2)c2ccc(S(=O)(=O)O)cc2)cc1,"ethyl-[4-[[4-[ethyl-[(3-sulfophenyl)methyl]amino]phenyl]-(4-sulfophenyl)methylidene]cyclohexa-2,5-dien-1-ylidene]-[(3-sulfophenyl)methyl]azanium",C37H37N2O9S3+
CCN(Cc1cccc(S(=O)(=O)O)c1)c1ccc(C(=C2C=CC(=[N+](CC)Cc3cccc(S(=O)(=O)O)c3)C=C2)c2ccccc2S(=O)(=O)O)cc1,"ethyl-[4-[[4-[ethyl-[(3-sulfophenyl)methyl]amino]phenyl]-(2-sulfophenyl)methylidene]cyclohexa-2,5-dien-1-ylidene]-[(3-sulfophenyl)methyl]azanium",C37H37N2O9S3+
CCN(Cc1ccccc1)c1ccccc1,N-benzyl-N-ethylaniline,C15H17N
CCN(N)CC,"1,1-diethylhydrazine",C4H12N2
CCN(N)c1ccccc1,1-ethyl-1-phenylhydrazine,C8H12N2
CCN(N=O)C(=N)N[N+](=O)[O-],1-ethyl-3-nitro-1-nitrosoguanidine,C3H7N5O3
CCN(N=O)/C(C=O)=N/O,N-ethyl-N'-hydroxy-N-nitroso-2-oxoethanimidamide,C4H7N3O3
CCN(N=O)C(=O)N(C)C,"1-ethyl-3,3-dimethyl-1-nitrosourea",C5H11N3O2
CCN(N=O)C(N)=O,1-ethyl-1-nitrosourea,C3H7N3O2
CCN(N=O)c1ccccc1,N-ethyl-N-phenylnitrous amide,C8H10N2O
CCN1CCN(c2cc3c(cc2F)c(=O)c(C(=O)O)cn3C2CC2)CC1,1-cyclopropyl-7-(4-ethylpiperazin-1-yl)-6-fluoro-4-oxoquinoline-3-carboxylic acid,C19H22FN3O3
CCN1CCN=N1,"1-ethyl-4,5-dihydrotriazole",C4H9N3
CCN1CCN(C(=O)NC(C(=O)NC2C(=O)N3C2SC(C)(C)C3C(=O)O)c2ccccc2)C(=O)C1=O,"6-[[2-[(4-ethyl-2,3-dioxopiperazine-1-carbonyl)amino]-2-phenylacetyl]amino]-3,3-dimethyl-7-oxo-4-thia-1-azabicyclo[3.2.0]heptane-2-carboxylic acid",C23H27N5O7S
CCN1CCNC(=O)C1=O,"1-ethylpiperazine-2,3-dione",C6H10N2O2
CCN1CCOCC1,4-ethylmorpholine,C6H13NO
CCN=C=S,isothiocyanatoethane,C3H5NS
CCN1c2cc(N)ccc2-c2ccc(N)cc2C1c1ccccc1,"5-ethyl-6-phenyl-6H-phenanthridine-3,8-diamine",C21H21N3
CCN=NC(C)(C)OO,ethyl(2-hydroperoxypropan-2-yl)diazene,C5H12N2O2
CCN=NNCC,N-(ethyldiazenyl)ethanamine,C4H11N3
CCN=NO,N-ethylnitrous amide,C2H6N2O
CCN=[N+](C)[O-],ethylimino-methyl-oxidoazanium,C3H8N2O
CCN=[N+]([O-])CC,ethyl-ethylimino-oxidoazanium,C4H10N2O
CCN=c1cc2oc3cc(NCC)c(C)cc3c(-c3ccccc3C(=O)OCC)c-2cc1C,"ethyl 2-[3-(ethylamino)-6-ethylimino-2,7-dimethylxanthen-9-yl]benzoate",C28H30N2O3
CCNC(=N)N(N=O)[N+](=O)[O-],2-ethyl-1-nitro-1-nitrosoguanidine,C3H7N5O3
CCNC(=O)/C=C/c1ccc([N+](=O)[O-])o1,(E)-N-ethyl-3-(5-nitrofuran-2-yl)prop-2-enamide,C9H10N2O4
CCNC(=O)CCC(N)C(=O)O,2-amino-5-(ethylamino)-5-oxopentanoic acid,C7H14N2O3
CCNC(=O)Nc1ccc(OCC(O)CNC(C)(C)C)c(C(C)=O)c1,1-[3-acetyl-4-[3-(tert-butylamino)-2-hydroxypropoxy]phenyl]-3-ethylurea,C18H29N3O4
CCNC(=O)Nc1ncc([N+](=O)[O-])s1,"1-ethyl-3-(5-nitro-1,3-thiazol-2-yl)urea",C6H8N4O3S
CCNC(=S)NCC,"1,3-diethylthiourea",C5H12N2S
CCNCC,N-ethylethanamine,C4H11N
CCNCC#CC(C)(C)OC(=O)C(O)(c1ccccc1)C1CCCCC1,[5-(ethylamino)-2-methylpent-3-yn-2-yl] 2-cyclohexyl-2-hydroxy-2-phenylacetate,C22H31NO3
CCNCCN,"N'-ethylethane-1,2-diamine",C4H12N2
CCNS(=O)(=O)c1ccccc1C,N-ethyl-2-methylbenzenesulfonamide,C9H13NO2S
CCNS(=O)(=O)c1ccc(C)cc1,N-ethyl-4-methylbenzenesulfonamide,C9H13NO2S
CCNc1cc(O)ccc1C,3-(ethylamino)-4-methylphenol,C9H13NO
CCNc1cccc(O)c1,3-(ethylamino)phenol,C8H11NO
CCNc1ccccc1,N-ethylaniline,C8H11N
CCNc1cc2oc(=O)cc(C)c2cc1C,"7-(ethylamino)-4,6-dimethylchromen-2-one",C13H15NO2
CCNc1nc(Cl)nc(NC(C)C)n1,"6-chloro-4-N-ethyl-2-N-propan-2-yl-1,3,5-triazine-2,4-diamine",C8H14ClN5
CCNc1nc(Cl)nc(NCC)n1,"6-chloro-2-N,4-N-diethyl-1,3,5-triazine-2,4-diamine",C7H12ClN5
CCNc1nc(O)nc(NC(C)C)n1,"4-(ethylamino)-6-(propan-2-ylamino)-1H-1,3,5-triazin-2-one",C8H15N5O
CCNc1nc(N)nc(Cl)n1,"6-chloro-2-N-ethyl-1,3,5-triazine-2,4-diamine",C5H8ClN5
CCNc1snc2ccccc12,"N-ethyl-2,1-benzothiazol-3-amine",C9H10N2S
CCO,ethanol,C2H6O
CCOC(/C=C(/C)CCC=C(C)C)OCC,"(2Z)-1,1-diethoxy-3,7-dimethylocta-2,6-diene",C14H26O2
CCOC(=O)/C=C/c1ccc([N+](=O)[O-])o1,ethyl (E)-3-(5-nitrofuran-2-yl)prop-2-enoate,C9H9NO5
CCOC(=O)C(=NNc1ccc(-c2ccc(NN=C(C(=O)OCC)C(=O)OCC)c(Cl)c2)cc1Cl)C(=O)OCC,"diethyl 2-[[2-chloro-4-[3-chloro-4-[2-(1,3-diethoxy-1,3-dioxopropan-2-ylidene)hydrazinyl]phenyl]phenyl]hydrazinylidene]propanedioate",C26H28Cl2N4O8
CCOC(=O)C(=NNc1ccc(-c2ccc(NN=C(C(=O)OCC)C(=O)OCC)c(OC)c2)cc1OC)C(=O)OCC,"diethyl 2-[[4-[4-[2-(1,3-diethoxy-1,3-dioxopropan-2-ylidene)hydrazinyl]-3-methoxyphenyl]-2-methoxyphenyl]hydrazinylidene]propanedioate",C28H34N4O10
CCOC(=O)C(=NNc1ccc(-c2ccc(NN=C(C(=O)OCC)C(=O)OCC)cc2)cc1)C(=O)OCC,"diethyl 2-[[4-[4-[2-(1,3-diethoxy-1,3-dioxopropan-2-ylidene)hydrazinyl]phenyl]phenyl]hydrazinylidene]propanedioate",C26H30N4O8
CCOC(=O)C(C#N)c1snc2c([N+](=O)[O-])cccc12,"ethyl 2-cyano-2-(7-nitro-2,1-benzothiazol-3-yl)acetate",C12H9N3O4S
CCOC(=O)C(C#N)c1snc2ccc([N+](=O)[O-])cc12,"ethyl 2-cyano-2-(5-nitro-2,1-benzothiazol-3-yl)acetate",C12H9N3O4S
CCOC(=O)C(C)(C#N)c1snc2ccc([N+](=O)[O-])cc12,"ethyl 2-cyano-2-(5-nitro-2,1-benzothiazol-3-yl)propanoate",C13H11N3O4S
CCOC(=O)C(C)(C)Oc1ccc(Cl)cc1,ethyl 2-(4-chlorophenoxy)-2-methylpropanoate,C12H15ClO3
CCOC(=O)C(C)Br,ethyl 2-bromopropanoate,C5H9BrO2
CCOC(=O)C(C)=O,ethyl 2-oxopropanoate,C5H8O3
CCOC(=O)C(CCc1ccccc1)NC(C)C(=O)N(CC(=O)O)C1Cc2ccccc2C1,"2-[2,3-dihydro-1H-inden-2-yl-[2-[(1-ethoxy-1-oxo-4-phenylbutan-2-yl)amino]propanoyl]amino]acetic acid",C26H32N2O5
CCOC(=O)C(CCc1ccccc1)NC(C)C(=O)N1C(C(=O)O)CC2CCCCC21,"1-[2-[(1-ethoxy-1-oxo-4-phenylbutan-2-yl)amino]propanoyl]-2,3,3a,4,5,6,7,7a-octahydroindole-2-carboxylic acid",C24H34N2O5
CCOC(=O)C(Cl)C(C)=O,ethyl 2-chloro-3-oxobutanoate,C6H9ClO3
CCOC(=O)C(N)CS,ethyl 2-amino-3-sulfanylpropanoate,C5H11NO2S
CCOC(=O)C(O)(c1ccc(Cl)cc1)c1ccc(Cl)cc1,"ethyl 2,2-bis(4-chlorophenyl)-2-hydroxyacetate",C16H14Cl2O3
CCOC(=O)C(SP(=S)(OC)OC)c1ccccc1,ethyl 2-dimethoxyphosphinothioylsulfanyl-2-phenylacetate,C12H17O4PS2
CCOC(=O)C1=C(C)N=C(C)C(=C(O)OCC2COC3(CCCC3)O2)C1c1cccc(Cl)c1,"5-O-(1,4-dioxaspiro[4.4]nonan-3-ylmethyl) 3-O-ethyl 4-(3-chlorophenyl)-2,6-dimethyl-1,4-dihydropyridine-3,5-dicarboxylate",C25H30ClNO6
CCOC(=O)C1C(C=C(C)C)C1(C)C,"ethyl 2,2-dimethyl-3-(2-methylprop-1-enyl)cyclopropane-1-carboxylate",C12H20O2
CCOC(=O)C1OC1(C)c1ccccc1,ethyl 3-methyl-3-phenyloxirane-2-carboxylate,C12H14O3
CCOC(=O)C1OC1C(=O)NC(CC(C)C)C(=O)NCCC(C)C,ethyl 3-[[4-methyl-1-(3-methylbutylamino)-1-oxopentan-2-yl]carbamoyl]oxirane-2-carboxylate,C17H30N2O5
CCOC(=O)C1OC1c1ccccc1,ethyl 3-phenyloxirane-2-carboxylate,C11H12O3
CCOC(=O)CBr,ethyl 2-bromoacetate,C4H7BrO2
CCOC(=O)CC(=O)CCl,ethyl 4-chloro-3-oxobutanoate,C6H9ClO3
CCOC(=O)CC(C)=O,ethyl 3-oxobutanoate,C6H10O3
CCOC(=O)CC(C)C,ethyl 3-methylbutanoate,C7H14O2
CCOC(=O)CC(C)O,ethyl 3-hydroxybutanoate,C6H12O3
CCOC(=O)CC(SP(=O)(OC)OC)C(=O)OCC,diethyl 2-dimethoxyphosphorylsulfanylbutanedioate,C10H19O7PS
CCOC(=O)CC(SP(=O)(OC)SC)C(=O)OCC,diethyl 2-[methoxy(methylsulfanyl)phosphoryl]sulfanylbutanedioate,C10H19O6PS2
CCOC(=O)CC(SP(=S)(OC)OC)C(=O)OCC,diethyl 2-dimethoxyphosphinothioylsulfanylbutanedioate,C10H19O6PS2
CCOC(=O)CCl,ethyl 2-chloroacetate,C4H7ClO2
CCOC(=O)CNC(=O)C(C)(C)Br,ethyl 2-[(2-bromo-2-methylpropanoyl)amino]acetate,C8H14BrNO3
CCOC(=O)CNC(=O)C(C)Br,ethyl 2-(2-bromopropanoylamino)acetate,C7H12BrNO3
CCOC(=O)CNC(=O)C=[N+]=[N-],ethyl 2-[(2-diazoacetyl)amino]acetate,C6H9N3O3
CCOC(=O)CNC(=O)CBr,ethyl 2-[(2-bromoacetyl)amino]acetate,C6H10BrNO3
CCOC(=O)CNC(=O)CCCCSc1[nH]cnc2ncnc1-2,ethyl 2-[5-(7H-purin-6-ylsulfanyl)pentanoylamino]acetate,C14H19N5O3S
CCOC(=O)COc1ccc2c(=O)cc(-c3ccccc3)oc2c1,ethyl 2-(4-oxo-2-phenylchromen-7-yl)oxyacetate,C19H16O5
CCOC(=O)CSc1ccc2c3c(cccc13)C(=O)c1ccccc1-2,ethyl 2-(7-oxobenzo[a]phenalen-3-yl)sulfanylacetate,C21H16O3S
CCOC(=O)C[C@H](SP(=S)(OC)OC)C(=O)OCC,diethyl (2S)-2-dimethoxyphosphinothioylsulfanylbutanedioate,C10H19O6PS2
CCOC(=O)C[C@@H](SP(=O)(OC)OC)C(=O)OCC,diethyl (2R)-2-dimethoxyphosphorylsulfanylbutanedioate,C10H19O7PS
CCOC(=O)C[n+]1csc2ccccc21,"ethyl 2-(1,3-benzothiazol-3-ium-3-yl)acetate",C11H12NO2S+
CCOC(=O)C[C@H](S[P@@](=O)(OC)SC)C(=O)OCC,diethyl (2S)-2-[methoxy(methylsulfanyl)phosphoryl]sulfanylbutanedioate,C10H19O6PS2
CCOC(=O)Cc1c(C(=O)O)c2ccccc2n1C,2-(2-ethoxy-2-oxoethyl)-1-methylindole-3-carboxylic acid,C14H15NO4
CCOC(=O)N(C)C,"ethyl N,N-dimethylcarbamate",C5H11NO2
CCOC(=O)N(C)N=O,ethyl N-methyl-N-nitrosocarbamate,C4H8N2O3
CCOC(=O)N(CC)N=O,ethyl N-ethyl-N-nitrosocarbamate,C5H10N2O3
CCOC(=O)N(CCC=O)N=O,ethyl N-nitroso-N-(3-oxopropyl)carbamate,C6H10N2O4
CCOC(=O)N(CCCC(=O)c1cccnc1)N=O,ethyl N-nitroso-N-(4-oxo-4-pyridin-3-ylbutyl)carbamate,C12H15N3O4
CCOC(=O)N(CCO)N=O,ethyl N-(2-hydroxyethyl)-N-nitrosocarbamate,C5H10N2O4
CCOC(=O)N(CCOC(C)=O)N=O,2-[ethoxycarbonyl(nitroso)amino]ethyl acetate,C7H12N2O5
CCOC(=O)N(N=O)C(CCC=O)c1cccnc1,ethyl N-nitroso-N-(4-oxo-1-pyridin-3-ylbutyl)carbamate,C12H15N3O4
CCOC(=O)NNc1nncc2ccccc12,ethyl N-(phthalazin-1-ylamino)carbamate,C11H12N4O2
CCOC(=O)OC(=O)OCC,ethoxycarbonyl ethyl carbonate,C6H10O5
CCOC(=O)Nc1cccc2c3c[nH]ccc-3nc12,"ethyl N-(5H-pyrido[4,3-b]indol-6-yl)carbamate",C14H13N3O2
CCOC(=O)OCC,diethyl carbonate,C5H10O3
CCOC(=O)[C@@H](C)C[C@](C)(C[C@H](C[C@@](C)(C[C@@H](C[C@](C)(CC)C(=O)O)C(=O)OCC)C(=O)O)C(=O)OCC)C(=O)O,,C29H48O12
CCOC(=O)[C@@H]1O[C@H]1c1ccccc1,"ethyl (2R,3S)-3-phenyloxirane-2-carboxylate",C11H12O3
CCOC(=O)[C@@H]1O[C@]1(C)c1ccccc1,"ethyl (2R,3R)-3-methyl-3-phenyloxirane-2-carboxylate",C12H14O3
CCOC(=O)[C@H](C)O,ethyl (2S)-2-hydroxypropanoate,C5H10O3
CCOC(=O)[C@H](CCSC)NC(=O)[C@H](Cc1cccc(N(CCCl)CCCl)c1)NC(=O)[C@@H](N)Cc1ccc(F)cc1,ethyl (2S)-2-[[(2S)-2-[[(2S)-2-amino-3-(4-fluorophenyl)propanoyl]amino]-3-[3-[bis(2-chloroethyl)amino]phenyl]propanoyl]amino]-4-methylsulfanylbutanoate,C29H39Cl2FN4O4S
CCOC(=O)[C@H](CCc1ccccc1)N[C@@H](C)C(=O)N(CC(=O)O)C1Cc2ccccc2C1,"2-[2,3-dihydro-1H-inden-2-yl-[(2S)-2-[[(2S)-1-ethoxy-1-oxo-4-phenylbutan-2-yl]amino]propanoyl]amino]acetic acid",C26H32N2O5
CCOC(=O)[C@H](SP(=S)(OC)OC)c1ccccc1,ethyl (2R)-2-dimethoxyphosphinothioylsulfanyl-2-phenylacetate,C12H17O4PS2
CCOC(=O)c1[nH]c2ccccc2c1/N=C/c1cc(OC)c(OC)c(OC)c1,"ethyl 3-[(3,4,5-trimethoxyphenyl)methylideneamino]-1H-indole-2-carboxylate",C21H22N2O5
CCOC(=O)c1[nH]c2ccccc2c1/N=C/c1ccc(C)cc1,ethyl 3-[(4-methylphenyl)methylideneamino]-1H-indole-2-carboxylate,C19H18N2O2
CCOC(=O)c1[nH]c2ccccc2c1/N=C/c1ccc(O)cc1,ethyl 3-[(4-hydroxyphenyl)methylideneamino]-1H-indole-2-carboxylate,C18H16N2O3
CCOC(=O)c1[nH]c2ccccc2c1/N=C/c1ccc(NC(C)=O)cc1,ethyl 3-[(4-acetamidophenyl)methylideneamino]-1H-indole-2-carboxylate,C20H19N3O3
CCOC(=O)c1c2c(nn[n+]1[O-])c1ccccc1n2C,"ethyl 5-methyl-3-oxidotriazino[5,4-b]indol-3-ium-4-carboxylate",C13H12N4O3
CCOC(=O)c1[nH]c2ccccc2c1/N=C/c1ccc([N+](=O)[O-])cc1,ethyl 3-[(4-nitrophenyl)methylideneamino]-1H-indole-2-carboxylate,C18H15N3O4
CCOC(=O)c1cc2cc3c4c(c2oc1=O)CCCN4CCC3,"ethyl 4-oxo-3-oxa-13-azatetracyclo[7.7.1.02,7.013,17]heptadeca-1,5,7,9(17)-tetraene-5-carboxylate",C18H19NO4
CCOC(=O)c1ccc(N(O)C=O)cc1,ethyl 4-[formyl(hydroxy)amino]benzoate,C10H11NO4
CCOC(=O)c1cccc2cccnc12,ethyl quinoline-8-carboxylate,C12H11NO2
CCOC(=O)c1ccccc1C(=O)OCC,"diethyl benzene-1,2-dicarboxylate",C12H14O4
CCOC(=O)c1ccccc1N,ethyl 2-aminobenzoate,C9H11NO2
CCOC(C)(C)C,2-ethoxy-2-methylpropane,C6H14O
CCOC(C)=O,ethyl acetate,C4H8O2
CCOC(C)C(=O)C(O)O,"3-ethoxy-1,1-dihydroxybutan-2-one",C6H12O4
CCOC(N)=O,ethyl carbamate,C3H7NO2
CCOC1=CC(=O)C(=NC(C)=O)CC1=O,,C10H11NO4
CCOC1=CC(=O)C(NC(C)=O)=CC1=O,"N-(4-ethoxy-3,6-dioxocyclohexa-1,4-dien-1-yl)acetamide",C10H11NO4
CCOC1=CC(c2ccccc2)(c2ccccc2)N(O)c2ccccc21,"4-ethoxy-1-hydroxy-2,2-diphenylquinoline",C23H21NO2
CCOCC,ethoxyethane,C4H10O
CCOCC(=O)O,2-ethoxyacetic acid,C4H8O3
CCOCC1CO1,2-(ethoxymethyl)oxirane,C5H10O2
CCOCC=O,2-ethoxyacetaldehyde,C4H8O2
CCOCCO,2-ethoxyethanol,C4H10O2
CCOCCOC(=O)/C=C\c1ccc(OC)cc1,2-ethoxyethyl (Z)-3-(4-methoxyphenyl)prop-2-enoate,C14H18O4
CCOCCOC(=O)c1cc(Cc2ccc(N)c(C(=O)OCCOCC)c2)ccc1N,2-ethoxyethyl 2-amino-5-[[4-amino-3-(2-ethoxyethoxycarbonyl)phenyl]methyl]benzoate,C23H30N2O6
CCOCCOC(C)=O,2-ethoxyethyl acetate,C6H12O3
CCOCCOCC,"1,2-diethoxyethane",C6H14O2
CCOCCOCCO,2-(2-ethoxyethoxy)ethanol,C6H14O3
CCOCCOCCOCC,1-ethoxy-2-(2-ethoxyethoxy)ethane,C8H18O3
CCOCCc1c(-c2ccccc2)nc(N)n2ncnc12,"8-(2-ethoxyethyl)-7-phenyl-[1,2,4]triazolo[1,5-c]pyrimidin-5-amine",C15H17N5O
CCOCN(C(=O)CCl)c1c(C)cccc1CC,2-chloro-N-(ethoxymethyl)-N-(2-ethyl-6-methylphenyl)acetamide,C14H20ClNO2
CCOCOCC,ethoxymethoxyethane,C5H12O2
CCOC[C@H]1CO1,(2R)-2-(ethoxymethyl)oxirane,C5H10O2
CCOC[C@@H](O)COc1ccc(NC(=O)CC[S+](C)C)cc1,[3-[4-[(2R)-3-ethoxy-2-hydroxypropoxy]anilino]-3-oxopropyl]-dimethylsulfanium,C16H26NO4S+
CCOCc1c(O)cc2c(c1O)C(=O)c1ccccc1C2=O,"2-(ethoxymethyl)-1,3-dihydroxyanthracene-9,10-dione",C17H14O5
CCOCn1cc(F)c(=O)n(C(=O)c2cccc(C(=O)Oc3nc(OC(=O)c4ccccc4)ccc3C#N)c2)c1=O,"(6-benzoyloxy-3-cyano-2-pyridinyl) 3-[3-(ethoxymethyl)-5-fluoro-2,6-dioxopyrimidine-1-carbonyl]benzoate",C28H19FN4O8
CCON(OC(C)=O)C(=O)c1ccccc1,[benzoyl(ethoxy)amino] acetate,C11H13NO4
CCOO,hydroperoxyethane,C2H6O2
CCOP(=O)(C#N)N(C)C,[dimethylamino(ethoxy)phosphoryl]formonitrile,C5H11N2O2P
CCOP(=O)(CC)OCC,1-[ethoxy(ethyl)phosphoryl]oxyethane,C6H15O3P
CCOP(=O)(NC(C)C)Oc1ccc(SC)c(C)c1,N-[ethoxy-(3-methyl-4-methylsulfanylphenoxy)phosphoryl]propan-2-amine,C13H22NO3PS
CCOP(=O)(NC(C)C)Oc1ccccc1C(=O)OC(C)C,propan-2-yl 2-[ethoxy-(propan-2-ylamino)phosphoryl]oxybenzoate,C15H24NO5P
CCOP(=O)(NC(C)CC)Oc1cc(C)ccc1[N+](=O)[O-],N-[ethoxy-(5-methyl-2-nitrophenoxy)phosphoryl]butan-2-amine,C13H21N2O5P
CCOP(=O)(OCC)C(C)NC(=O)N(CCCl)N=O,1-(2-chloroethyl)-3-(1-diethoxyphosphorylethyl)-1-nitrosourea,C9H19ClN3O5P
CCOP(=O)(OCC)O/C(=C\Br)c1ccc(Cl)cc1Cl,"[(Z)-2-bromo-1-(2,4-dichlorophenyl)ethenyl] diethyl phosphate",C12H14BrCl2O4P
CCOP(=O)(OCC)N1C2c3ccccc3-c3ccccc3C21,"1-diethoxyphosphoryl-1a,9b-dihydrophenanthro[9,10-b]azirine",C18H20NO3P
CCOP(=O)(OCC)OCC,triethyl phosphate,C6H15O4P
CCOP(=O)(OCC)Oc1cc(-c2ccccc2)on1,"diethyl (5-phenyl-1,2-oxazol-3-yl) phosphate",C13H16NO5P
CCOP(=O)(OCC)Oc1cc(C)nc(C(C)C)n1,diethyl (6-methyl-2-propan-2-ylpyrimidin-4-yl) phosphate,C12H21N2O4P
CCOP(=O)(OCC)Oc1ccc([N+](=O)[O-])cc1,diethyl (4-nitrophenyl) phosphate,C10H14NO6P
CCOP(=O)(OCC)Oc1nc(Cl)c(Cl)cc1Cl,"diethyl (3,5,6-trichloro-2-pyridinyl) phosphate",C9H11Cl3NO4P
CCOP(=O)(OCC)[C@@H](C)NC(=O)N(CCCl)N=O,1-(2-chloroethyl)-3-[(1S)-1-diethoxyphosphorylethyl]-1-nitrosourea,C9H19ClN3O5P
CCOP(=O)(Oc1ccc([N+](=O)[O-])cc1)c1ccccc1,1-[ethoxy(phenyl)phosphoryl]oxy-4-nitrobenzene,C14H14NO5P
CCOP(=S)(CC)Sc1ccccc1,ethoxy-ethyl-phenylsulfanyl-sulfanylidene-lambda5-phosphane,C10H15OPS2
CCOP(=S)(OCC(C)C)SCCl,chloromethylsulfanyl-ethoxy-(2-methylpropoxy)-sulfanylidene-lambda5-phosphane,C7H16ClO2PS2
CCOP(=S)(OCC)OCCSCC,diethoxy-(2-ethylsulfanylethoxy)-sulfanylidene-lambda5-phosphane,C8H19O3PS2
CCOP(=S)(OCC)Oc1cc(C)nc(C(C)C)n1,diethoxy-(6-methyl-2-propan-2-ylpyrimidin-4-yl)oxy-sulfanylidene-lambda5-phosphane,C12H21N2O3PS
CCOP(=S)(OCC)OP(=S)(OCC)OCC,diethoxyphosphinothioyloxy-diethoxy-sulfanylidene-lambda5-phosphane,C8H20O5P2S2
CCOP(=S)(OCC)Oc1ccc(S(C)=O)cc1,diethoxy-(4-methylsulfinylphenoxy)-sulfanylidene-lambda5-phosphane,C11H17O4PS2
CCOP(=S)(OCC)Oc1ccc([N+](=O)[O-])cc1,diethoxy-(4-nitrophenoxy)-sulfanylidene-lambda5-phosphane,C10H14NO5PS
CCOP(=S)(OCC)Oc1ccc2c(C)c(Cl)c(=O)oc2c1,3-chloro-7-diethoxyphosphinothioyloxy-4-methylchromen-2-one,C14H16ClO5PS
CCOP(=S)(OCC)Oc1cnc2ccccc2n1,diethoxy-quinoxalin-2-yloxy-sulfanylidene-lambda5-phosphane,C12H15N2O3PS
CCOP(=S)(OCC)Oc1nc(Cl)c(Cl)cc1Cl,"diethoxy-sulfanylidene-[(3,5,6-trichloro-2-pyridinyl)oxy]-lambda5-phosphane",C9H11Cl3NO3PS
CCOP(=S)(OCC)SC1OCCOC1SP(=S)(OCC)OCC,"(3-diethoxyphosphinothioylsulfanyl-1,4-dioxan-2-yl)sulfanyl-diethoxy-sulfanylidene-lambda5-phosphane",C12H26O6P2S4
CCOP(=S)(OCC)Oc1nc(Cl)n(C(C)C)n1,"(5-chloro-1-propan-2-yl-1,2,4-triazol-3-yl)oxy-diethoxy-sulfanylidene-lambda5-phosphane",C9H17ClN3O3PS
CCOP(=S)(OCC)SCCSCC,diethoxy-(2-ethylsulfanylethylsulfanyl)-sulfanylidene-lambda5-phosphane,C8H19O2PS3
CCOP(=S)(OCC)SCCl,chloromethylsulfanyl-diethoxy-sulfanylidene-lambda5-phosphane,C5H12ClO2PS2
CCOP(=S)(OCC)SCSC(C)(C)C,tert-butylsulfanylmethylsulfanyl-diethoxy-sulfanylidene-lambda5-phosphane,C9H21O2PS3
CCOP(=S)(OCC)SCSCC,diethoxy-(ethylsulfanylmethylsulfanyl)-sulfanylidene-lambda5-phosphane,C7H17O2PS3
CCOP(=S)(OCC)SCSP(=S)(OCC)OCC,diethoxyphosphinothioylsulfanylmethylsulfanyl-diethoxy-sulfanylidene-lambda5-phosphane,C9H22O4P2S4
CCOP(=S)(OCC)SCn1c(=O)oc2cc(Cl)ccc21,"6-chloro-3-(diethoxyphosphinothioylsulfanylmethyl)-1,3-benzoxazol-2-one",C12H15ClNO4PS2
CCOP(=S)(OCC)S[C@@H]1OCCO[C@H]1SP(=S)(OCC)OCC,"[(2S,3S)-3-diethoxyphosphinothioylsulfanyl-1,4-dioxan-2-yl]sulfanyl-diethoxy-sulfanylidene-lambda5-phosphane",C12H26O6P2S4
CCOP(C)(=O)SCCN(C(C)C)C(C)C,N-[2-[ethoxy(methyl)phosphoryl]sulfanylethyl]-N-propan-2-ylpropan-2-amine,C11H26NO2PS
CCOP(O)(=NC(C)C)Oc1ccc(SC)c(C)c1,,C13H22NO3PS
CCOS(=O)(=O)OCC,diethyl sulfate,C4H10O4S
CCOS(=O)(=O)c1ccc(C)cc1,ethyl 4-methylbenzenesulfonate,C9H12O3S
CCOS(=O)(=O)c1ccccc1,ethyl benzenesulfonate,C8H10O3S
CCO[P@](=O)(NC(C)C)Oc1ccc(SC)c(C)c1,N-[ethoxy-(3-methyl-4-methylsulfanylphenoxy)phosphoryl]propan-2-amine,C13H22NO3PS
CCOS(C)(=O)=O,ethyl methanesulfonate,C3H8O3S
CCO[P@](=S)(CC)Sc1ccccc1,ethoxy-ethyl-phenylsulfanyl-sulfanylidene-lambda5-phosphane,C10H15OPS2
CCO[P@](=O)(Oc1ccc([N+](=O)[O-])cc1)c1ccccc1,1-[ethoxy(phenyl)phosphoryl]oxy-4-nitrobenzene,C14H14NO5P
CCOc1cc(C=O)ccc1O,3-ethoxy-4-hydroxybenzaldehyde,C9H10O3
CCOc1cc2c(c3ccc4ccccc4c13)CCC2=O,"11-ethoxy-15,16-dihydrocyclopenta[a]phenanthren-17-one",C19H16O2
CCOc1ccc(C(C)(C)C)cc1NC(=O)C(=O)Nc1ccccc1CC,N'-(5-tert-butyl-2-ethoxyphenyl)-N-(2-ethylphenyl)oxamide,C22H28N2O3
CCOc1ccc(N(O)C(C)=O)cc1,N-(4-ethoxyphenyl)-N-hydroxyacetamide,C10H13NO3
CCOc1ccc(N)cc1,4-ethoxyaniline,C8H11NO
CCOc1ccc(N)cc1N,"4-ethoxybenzene-1,3-diamine",C8H12N2O
CCOc1ccc(N=O)cc1,1-ethoxy-4-nitrosobenzene,C8H9NO2
CCOc1ccc(N=[N+]([O-])c2ccc(OCC)cc2)cc1,(4-ethoxyphenyl)-(4-ethoxyphenyl)imino-oxidoazanium,C16H18N2O3
CCOc1ccc(NC(=O)CC(C)O)cc1,N-(4-ethoxyphenyl)-3-hydroxybutanamide,C12H17NO3
CCOc1ccc(NC(C)=O)cc1N,N-(3-amino-4-ethoxyphenyl)acetamide,C10H14N2O2
CCOc1ccc(NC(=O)C[C@@H](C)O)cc1,(3R)-N-(4-ethoxyphenyl)-3-hydroxybutanamide,C12H17NO3
CCOc1ccc(NC(N)=O)cc1,(4-ethoxyphenyl)urea,C9H12N2O2
CCOc1ccc(NC(C)=O)cc1[N+](=O)[O-],N-(4-ethoxy-3-nitrophenyl)acetamide,C10H12N2O4
CCOc1ccc([N+](=O)[O-])cc1,1-ethoxy-4-nitrobenzene,C8H9NO3
CCOc1ccc(NO)cc1,N-(4-ethoxyphenyl)hydroxylamine,C8H11NO2
CCOc1ccc2nc(N)sc2c1,"6-ethoxy-1,3-benzothiazol-2-amine",C9H10N2OS
CCOc1ccc2c(c1)C(C)=CC(C)(C)N2,"6-ethoxy-2,2,4-trimethyl-1H-quinoline",C14H19NO
CCOc1ccc2nc3cc(N)ccc3c(N)c2c1,"7-ethoxyacridine-3,9-diamine",C15H15N3O
CCOc1cccc(N)c1,3-ethoxyaniline,C8H11NO
CCOc1cccc([N+](=O)[O-])c1,1-ethoxy-3-nitrobenzene,C8H9NO3
CCOc1cccc2cccnc12,8-ethoxyquinoline,C11H11NO
CCOc1ccccc1C(N)=O,2-ethoxybenzamide,C9H11NO2
CCOc1ccccc1N,2-ethoxyaniline,C8H11NO
CCOc1ccccc1OCC1CNCCO1,2-[(2-ethoxyphenoxy)methyl]morpholine,C13H19NO3
CCOc1ccccc1[N+](=O)[O-],1-ethoxy-2-nitrobenzene,C8H9NO3
CCS,ethanethiol,C2H6S
CCS(=O)(=O)CCn1c([N+](=O)[O-])cnc1C,1-(2-ethylsulfonylethyl)-2-methyl-5-nitroimidazole,C8H13N3O4S
CCS(=O)CCSP(=O)(OC)OC,1-dimethoxyphosphorylsulfanyl-2-ethylsulfinylethane,C6H15O4PS2
CCSC(=O)Cl,S-ethyl chloromethanethioate,C3H5ClOS
CCSC(=O)N1CCCCCC1,S-ethyl azepane-1-carbothioate,C9H17NOS
CCSCCC(N)C(=O)O,2-amino-4-ethylsulfanylbutanoic acid,C6H13NO2S
CCSCCOP(=S)(OC)OC,2-ethylsulfanylethoxy-dimethoxy-sulfanylidene-lambda5-phosphane,C6H15O3PS2
CCSCCSP(=O)(OC)OC,1-dimethoxyphosphorylsulfanyl-2-ethylsulfanylethane,C6H15O3PS2
CCSCCSP(=S)(OC)OC,2-ethylsulfanylethylsulfanyl-dimethoxy-sulfanylidene-lambda5-phosphane,C6H15O2PS3
CCSCC[C@H](N)C(=O)O,(2S)-2-amino-4-ethylsulfanylbutanoic acid,C6H13NO2S
CCSc1cc(Cc2ccc(N)c(SCC)c2)ccc1N,4-[(4-amino-3-ethylsulfanylphenyl)methyl]-2-ethylsulfanylaniline,C17H22N2S2
CC[C@@H](C)N,(2R)-butan-2-amine,C4H11N
CC[C@@H](C)COC(=O)/C=C/c1ccc(/N=C/c2ccc(OC)cc2)cc1,[(2R)-2-methylbutyl] (E)-3-[4-[(4-methoxyphenyl)methylideneamino]phenyl]prop-2-enoate,C22H25NO3
CC[C@@H](C)NC(=O)/C=C/c1ccc([N+](=O)[O-])o1,,C11H14N2O4
CC[C@@H](C)Nc1ccc(N[C@H](C)CC)cc1,"1-N,4-N-bis[(2R)-butan-2-yl]benzene-1,4-diamine",C14H24N2
CC[C@@H](C)OC(=O)/C=C/c1ccc([N+](=O)[O-])o1,,C11H13NO5
CC[C@@H](C)ON=O,[(2R)-butan-2-yl] nitrite,C4H9NO2
CC[C@@H](C)[C@H](C)CO,"(2S,3R)-2,3-dimethylpentan-1-ol",C7H16O
CC[C@@H](C)c1ccccc1O,2-[(2R)-butan-2-yl]phenol,C10H14O
CC[C@@H](CO)[N+](=O)[O-],(2S)-2-nitrobutan-1-ol,C4H9NO3
CC[C@@H](Cl)[N+](=O)[O-],(1R)-1-chloro-1-nitropropane,C3H6ClNO2
CC[C@@H](O)/C=C/C=C/C=C/C=C/C=O,,C12H16O2
CC[C@@H]([C@@H](C)O)[N+](=O)[O-],"(2R,3S)-3-nitropentan-2-ol",C5H11NO3
CC[C@@H]1NC(=O)c2cc(S(N)(=O)=O)c(Cl)cc2N1,"(2S)-7-chloro-2-ethyl-4-oxo-2,3-dihydro-1H-quinazoline-6-sulfonamide",C10H12ClN3O3S
CC[C@@H]1OC(=O)[C@H](C)[C@@H](O[C@H]2C[C@@](C)(OC)[C@@H](O)[C@@H](C)O2)[C@H](C)[C@@H](O[C@@H]2O[C@H](C)C[C@H](N(C)C)[C@H]2O)[C@](C)(O)C[C@@H](C)C(=O)[C@H](C)[C@@H](O)[C@]1(C)O,,C37H67NO13
CC[C@@]1(CC(=O)O)OCCc2c1n(C)c1ccccc21,,C16H19NO3
CC[C@@]12O[C@]1(C(=O)OC)C(=O)O[C@H]2C,,C9H12O5
CC[C@@]12O[C@]1(C(=O)OC)C(=O)N[C@]2(C)O,,C9H13NO5
CC[C@H](CO)NCCN[C@H](CC)CO,(2R)-2-[2-[[(2R)-1-hydroxybutan-2-yl]amino]ethylamino]butan-1-ol,C10H24N2O2
CC[C@H](CC[C@@H](C)[C@H]1CC[C@H]2[C@@H]3CC=C4C[C@@H](O)CC[C@]4(C)[C@H]3CC[C@@]21C)C(C)C,"(3S,8S,9S,10R,13R,14S,17R)-17-[(2R,5R)-5-ethyl-6-methylheptan-2-yl]-10,13-dimethyl-2,3,4,7,8,9,11,12,14,15,16,17-dodecahydro-1H-cyclopenta[a]phenanthren-3-ol",C29H50O
CC[C@H](O)CN,(2S)-1-aminobutan-2-ol,C4H11NO
CC[C@H]1CN2CCc3cc(OC)c(OC)cc3[C@H]2C[C@H]1C[C@H]1NCCc2cc(OC)c(OC)cc21,"(2R,3R,11bR)-2-[[(1R)-6,7-dimethoxy-1,2,3,4-tetrahydroisoquinolin-1-yl]methyl]-3-ethyl-9,10-dimethoxy-2,3,4,6,7,11b-hexahydro-1H-benzo[a]quinolizine",C29H40N2O4
CC[C@H]1CO1,(2S)-2-ethyloxirane,C4H8O
CC[C@]1(O)C[C@@H](O)c2c(cc3c(c2O)C(=O)c2c(O)cccc2C3=O)[C@@H]1C(=O)OC,"methyl (1S,2S,4R)-2-ethyl-2,4,5,7-tetrahydroxy-6,11-dioxo-3,4-dihydro-1H-tetracene-1-carboxylate",C22H20O8
CC[N+](CC)=c1ccc2nc3c(cc(N)c4ccccc43)oc-2c1,(5-aminobenzo[a]phenoxazin-9-ylidene)-diethylazanium,C20H20N3O+
CC[N+]([O-])(CC)CCNc1ccc(CO)c2sc3ccccc3c(=O)c12,"N,N-diethyl-2-[[4-(hydroxymethyl)-9-oxothioxanthen-1-yl]amino]ethanamine oxide",C20H24N2O3S
CC[C@]1(O)C[C@H](O[C@@H]2C[C@H](N)[C@@H](O)[C@H](C)O2)c2c(cc3c(c2O)C(=O)c2c(O)ccc(O)c2C3=O)[C@H]1C(=O)OC,,C28H31NO11
CC[N+]([O-])(CC)CCn1nc2c3c(c(CO)ccc31)Sc1cc(Cl)ccc1-2,"2-[5-chloro-10-(hydroxymethyl)-8-thia-14,15-diazatetracyclo[7.6.1.02,7.013,16]hexadeca-1(15),2(7),3,5,9,11,13(16)-heptaen-14-yl]-N,N-diethylethanamine oxide",C20H22ClN3O2S
CC[N+]([O-])=NC,ethyl-methylimino-oxidoazanium,C3H8N2O
CC[n+]1c(-c2ccccc2)c2cc(N)ccc2c2ccc(N)cc21,"5-ethyl-6-phenylphenanthridin-5-ium-3,8-diamine",C21H20N3+
CC[n+]1c2ccccc2nc2ccccc21,5-ethylphenazin-5-ium,C14H13N2+
CCc1c(O)ccc2c3c([nH]c12)C(CC)(CC(=O)O)OCC3,"2-(1,8-diethyl-7-hydroxy-4,9-dihydro-3H-pyrano[3,4-b]indol-1-yl)acetic acid",C17H21NO4
CCc1c(Br)c(Br)c(Br)c(Br)c1Br,"1,2,3,4,5-pentabromo-6-ethylbenzene",C8H5Br5
CCc1c2c(cc3ccccc13)-c1ccccc1C1NC21,,C20H17N
CCc1c(O)ccc2c3c([nH]c12)[C@](CC)(CC(=O)O)OCC3,"2-[(1S)-1,8-diethyl-7-hydroxy-4,9-dihydro-3H-pyrano[3,4-b]indol-1-yl]acetic acid",C17H21NO4
CCc1c2c(cc3ccccc13)-c1ccccc1C1OC21,,C20H16O
CCc1c2ccccc2c(C)c2c1ccc1ccccc12,7-ethyl-12-methylbenzo[a]anthracene,C21H18
CCc1c2ccccc2c(CC)c2c1ccc1ccccc12,"7,12-diethylbenzo[a]anthracene",C22H20
CCc1c2ccccc2c(C)c2ccc3ccccc3c12,12-ethyl-7-methylbenzo[a]anthracene,C21H18
CCc1c2ccccc2cc2c3c(ccc12)C(O)C(O)C1OC31,"12-ethyl-4-oxapentacyclo[9.8.0.02,8.03,5.013,18]nonadeca-1(19),2(8),9,11,13,15,17-heptaene-6,7-diol",C20H18O3
CCc1c2ccccc2cc2c1ccc1ccccc12,7-ethylbenzo[a]anthracene,C20H16
CCc1cc(-c2ccccc2)cc(CC)c1N,"2,6-diethyl-4-phenylaniline",C16H19N
CCc1c2ccccc2cc2ccc3ccccc3c12,12-ethylbenzo[a]anthracene,C20H16
CCc1cc(C(C)(C)C)c(O)c(C(C)(C)C)c1,"2,6-ditert-butyl-4-ethylphenol",C16H26O
CCc1cc(C(N)=S)ccn1,2-ethylpyridine-4-carbothioamide,C8H10N2S
CCc1cc(Cc2cc(C)c(N)c(CC)c2)cc(C)c1N,4-[(4-amino-3-ethyl-5-methylphenyl)methyl]-2-ethyl-6-methylaniline,C19H26N2
CCc1cc(N)cc(C)c1Cc1c(C)cc(N)cc1CC,4-[(4-amino-2-ethyl-6-methylphenyl)methyl]-3-ethyl-5-methylaniline,C19H26N2
CCc1cc(O)cc2c3c([nH]c12)[C@](CC)(CC(=O)O)OCC3,"2-[(1S)-1,8-diethyl-6-hydroxy-4,9-dihydro-3H-pyrano[3,4-b]indol-1-yl]acetic acid",C17H21NO4
CCc1cc(O)cc2c3c([nH]c12)C(CC)(CC(=O)O)OCC3,"2-(1,8-diethyl-6-hydroxy-4,9-dihydro-3H-pyrano[3,4-b]indol-1-yl)acetic acid",C17H21NO4
CCc1cc2c(c3ccc4ccccc4c13)CCC2=O,"11-ethyl-15,16-dihydrocyclopenta[a]phenanthren-17-one",C19H16O
CCc1cc2ccccc2c2ccc3c(c12)C1OC1C(O)C3O,"19-ethyl-4-oxapentacyclo[9.8.0.02,8.03,5.012,17]nonadeca-1(11),2(8),9,12,14,16,18-heptaene-6,7-diol",C20H18O3
CCc1ccc(/C=C/c2ccc([N+](=O)[O-])cc2)cc1,1-ethyl-4-[(E)-2-(4-nitrophenyl)ethenyl]benzene,C16H15NO2
CCc1ccc(C(c2ccc(CC)cc2)C(Cl)Cl)cc1,"1-[2,2-dichloro-1-(4-ethylphenyl)ethyl]-4-ethylbenzene",C18H20Cl2
CCc1ccc(C)cc1,1-ethyl-4-methylbenzene,C9H12
CCc1ccc(C)nc1,5-ethyl-2-methylpyridine,C8H11N
CCc1ccc(NC(=O)c2csc([N+](=O)[O-])c2)cc1,N-(4-ethylphenyl)-5-nitrothiophene-3-carboxamide,C13H12N2O3S
CCc1ccc([N+](=O)[O-])cc1,1-ethyl-4-nitrobenzene,C8H9NO2
CCc1ccc2c(c1[N+](=O)[O-])C(=O)c1ccccc1C2=O,"2-ethyl-1-nitroanthracene-9,10-dione",C16H11NO4
CCc1cccc(C)c1N,2-ethyl-6-methylaniline,C9H13N
CCc1ccc2c3c(cccc13)-c1ccccc1-2,3-ethylfluoranthene,C18H14
CCc1cccc(CC)c1N,"2,6-diethylaniline",C10H15N
CCc1cccc(CC)c1N(COC)C(=O)CCl,"2-chloro-N-(2,6-diethylphenyl)-N-(methoxymethyl)acetamide",C14H20ClNO2
CCc1cccc(CC)c1N(COC)C(=O)CO,"N-(2,6-diethylphenyl)-2-hydroxy-N-(methoxymethyl)acetamide",C14H21NO3
CCc1cccc(CC)c1N=O,"1,3-diethyl-2-nitrosobenzene",C10H13NO
CCc1cccc(CC)c1NC(=O)CCl,"2-chloro-N-(2,6-diethylphenyl)acetamide",C12H16ClNO
CCc1cccc(CC)c1NC(=O)CO,"N-(2,6-diethylphenyl)-2-hydroxyacetamide",C12H17NO2
CCc1cccc(CC)c1NC(C)=O,"N-(2,6-diethylphenyl)acetamide",C12H17NO
CCc1cccc(NC(=O)c2csc([N+](=O)[O-])c2)c1,N-(3-ethylphenyl)-5-nitrothiophene-3-carboxamide,C13H12N2O3S
CCc1cccc2c(CCO)c[nH]c12,2-(7-ethyl-1H-indol-3-yl)ethanol,C12H15NO
CCc1cccc2c3c([nH]c12)C(C)(CC)OCC3,"1,8-diethyl-1-methyl-4,9-dihydro-3H-pyrano[3,4-b]indole",C16H21NO
CCc1cccc2c3c([nH]c12)C(CC)(CC(=O)O)OCC3,"2-(1,8-diethyl-4,9-dihydro-3H-pyrano[3,4-b]indol-1-yl)acetic acid",C17H21NO3
CCc1cccc2cc(C(O)CNC(C)(C)C)oc12,2-(tert-butylamino)-1-(7-ethyl-1-benzofuran-2-yl)ethanol,C16H23NO2
CCc1cccc2cc([C@H](O)CNC(C)(C)C)oc12,(1R)-2-(tert-butylamino)-1-(7-ethyl-1-benzofuran-2-yl)ethanol,C16H23NO2
CCc1cccc2cccnc12,8-ethylquinoline,C11H11N
CCc1ccccc1,ethylbenzene,C8H10
CCc1ccccc1N,2-ethylaniline,C8H11N
CCc1ccccc1NC(=O)c1csc([N+](=O)[O-])c1,N-(2-ethylphenyl)-5-nitrothiophene-3-carboxamide,C13H12N2O3S
CCc1ccccc1Nc1ccc(Nc2ccccc2CC)c2c1C(=O)c1c(O)ccc(O)c1C2=O,,C30H26N2O4
CCc1ccccc1O,2-ethylphenol,C8H10O
CCc1ccccc1[N+](=O)[O-],1-ethyl-2-nitrobenzene,C8H9NO2
CCc1ccco1,2-ethylfuran,C6H8O
CCc1ccnc2ccccc12,4-ethylquinoline,C11H11N
CCc1cnccn1,2-ethylpyrazine,C6H8N2
CCc1cn(C2CC(O)C(CO)O2)c(=O)[nH]c1=O,"5-ethyl-1-[4-hydroxy-5-(hydroxymethyl)oxolan-2-yl]pyrimidine-2,4-dione",C11H16N2O5
CCc1nc2c(ccc3ccc4ccc(O)cc4c32)[nH]1,"2-ethyl-3H-naphtho[1,2-e]benzimidazol-10-ol",C17H14N2O
CCc1nc(N)nc(N)c1-c1ccc(Cl)cc1,"5-(4-chlorophenyl)-6-ethylpyrimidine-2,4-diamine",C12H13ClN4
CCc1nc2ccc(NC)c(C)c2nc1CC,"2,3-diethyl-N,5-dimethylquinoxalin-6-amine",C14H19N3
CCl,chloromethane,CH3Cl
CCn1c(N)nc2c3cccnc3cc(C)c21,"3-ethyl-4-methylimidazo[4,5-f]quinolin-2-amine",C13H14N4
CCn1c(N)nc2c3cccnc3ccc21,"3-ethylimidazo[4,5-f]quinolin-2-amine",C12H12N4
CCn1c(N)nc2c3nc(C)cnc3ccc21,"3-ethyl-8-methylimidazo[4,5-f]quinoxalin-2-amine",C12H13N5
CCn1c(N)nc2c3ncc(C)nc3ccc21,"3-ethyl-7-methylimidazo[4,5-f]quinoxalin-2-amine",C12H13N5
CCn1c2ccccc2c2cc(N)ccc21,9-ethylcarbazol-3-amine,C14H14N2
CCn1cc(C(=O)O)c(=O)c2cc(F)c(-c3ccc(O)cc3)c(F)c21,"1-ethyl-6,8-difluoro-7-(4-hydroxyphenyl)-4-oxoquinoline-3-carboxylic acid",C18H13F2NO4
CCn1cc(C(=O)O)c(=O)c2cc(F)c(N3CCN(C)CC3)cc21,1-ethyl-6-fluoro-7-(4-methylpiperazin-1-yl)-4-oxoquinoline-3-carboxylic acid,C17H20FN3O3
CCn1cc(C(=O)O)c(=O)c2cc(F)c(-c3ccncc3)c(F)c21,"1-ethyl-6,8-difluoro-4-oxo-7-pyridin-4-ylquinoline-3-carboxylic acid",C17H12F2N2O3
CCn1cc(C(=O)O)c(=O)c2cc(F)c(N3CCNC(C)C3)c(F)c21,"1-ethyl-6,8-difluoro-7-(3-methylpiperazin-1-yl)-4-oxoquinoline-3-carboxylic acid",C17H19F2N3O3
CCn1cc(C(=O)O)c(=O)c2cc(F)c(N3CCNCC3)cc21,1-ethyl-6-fluoro-4-oxo-7-piperazin-1-ylquinoline-3-carboxylic acid,C16H18FN3O3
CCn1cc(C(=O)O)c(=O)c2cc(F)c(N3CCNCC3)nc21,"1-ethyl-6-fluoro-4-oxo-7-piperazin-1-yl-1,8-naphthyridine-3-carboxylic acid",C15H17FN4O3
CCn1cc(C(=O)O)c(=O)c2cc3c(cc21)OCO3,"5-ethyl-8-oxo-[1,3]dioxolo[4,5-g]quinoline-7-carboxylic acid",C13H11NO5
CCn1cc(C(=O)O)c(=O)c2ccc(C)nc21,"1-ethyl-7-methyl-4-oxo-1,8-naphthyridine-3-carboxylic acid",C12H12N2O3
CCn1cc(C(=O)O)c(=O)c2cnc(N3CCNCC3)nc21,"8-ethyl-5-oxo-2-piperazin-1-ylpyrido[2,3-d]pyrimidine-6-carboxylic acid",C14H17N5O3
CCn1nc(C(=O)O)c(=O)c2cc3c(cc21)OCO3,"1-ethyl-4-oxo-[1,3]dioxolo[4,5-g]cinnoline-3-carboxylic acid",C12H10N2O5
CN(C#N)N=O,methyl(nitroso)cyanamide,C2H3N3O
CN(C(=O)CCCCl)c1snc2ccccc12,"N-(2,1-benzothiazol-3-yl)-4-chloro-N-methylbutanamide",C12H13ClN2OS
CN(C(=O)CCCl)c1snc2ccccc12,"N-(2,1-benzothiazol-3-yl)-3-chloro-N-methylpropanamide",C11H11ClN2OS
CN(C(=O)CCl)c1snc2ccccc12,"N-(2,1-benzothiazol-3-yl)-2-chloro-N-methylacetamide",C10H9ClN2OS
CN(C(=O)CN(CCO)CC(=O)N(C)C(C)(C)Cc1ccccc1)C(C)(C)Cc1ccccc1,2-[2-hydroxyethyl-[2-[methyl-(2-methyl-1-phenylpropan-2-yl)amino]-2-oxoethyl]amino]-N-methyl-N-(2-methyl-1-phenylpropan-2-yl)acetamide,C28H41N3O3
CN(C(=O)c1csc([N+](=O)[O-])c1)c1ccccc1,N-methyl-5-nitro-N-phenylthiophene-3-carboxamide,C12H10N2O3S
CN(C)C,"N,N-dimethylmethanamine",C3H9N
CN(C)C#N,dimethylcyanamide,C3H6N2
CN(C)C(=N)N(C)C,"1,1,3,3-tetramethylguanidine",C5H13N3
CN(C)C(=O)/C=C/c1ccc([N+](=O)[O-])o1,"(E)-N,N-dimethyl-3-(5-nitrofuran-2-yl)prop-2-enamide",C9H10N2O4
CN(C)C(=O)Cl,"N,N-dimethylcarbamoyl chloride",C3H6ClNO
CN(C)C(=O)N(C)C=O,N-(dimethylcarbamoyl)-N-methylformamide,C5H10N2O2
CN(C)C(=O)N(C)N=O,"1,1,3-trimethyl-3-nitrosourea",C4H9N3O2
CN(C)C(=O)Nc1ccc(Cl)c(Cl)c1,"3-(3,4-dichlorophenyl)-1,1-dimethylurea",C9H10Cl2N2O
CN(C)C(=O)Nc1ccc(Cl)cc1,"3-(4-chlorophenyl)-1,1-dimethylurea",C9H11ClN2O
CN(C)C(=O)Oc1ccc[n+](C)c1,"(1-methylpyridin-1-ium-3-yl) N,N-dimethylcarbamate",C9H13N2O2+
CN(C)C(=O)Nc1cccc(C(F)(F)F)c1,"1,1-dimethyl-3-[3-(trifluoromethyl)phenyl]urea",C10H11F3N2O
CN(C)C(=O)c1nc2n(n1)-c1ccc(Cl)cc1C(c1ccccc1Cl)=NC2,"8-chloro-6-(2-chlorophenyl)-N,N-dimethyl-4H-[1,2,4]triazolo[1,5-a][1,4]benzodiazepine-2-carboxamide",C19H15Cl2N5O
CN(C)C(=O)c1nc(CNC(=O)CN)n(-c2ccc(Cl)cc2C(=O)c2ccccc2Cl)n1,"5-[[(2-aminoacetyl)amino]methyl]-1-[4-chloro-2-(2-chlorobenzoyl)phenyl]-N,N-dimethyl-1,2,4-triazole-3-carboxamide",C21H20Cl2N6O3
CN(C)C(=S)SNCCNSC(=S)N(C)C,"[2-(dimethylcarbamothioylsulfanylamino)ethylamino] N,N-dimethylcarbamodithioate",C8H18N4S4
CN(C)C(=S)N(C)C,"1,1,3,3-tetramethylthiourea",C5H12N2S
CN(C)C(=S)SSC(=S)N(C)C,"dimethylcarbamothioylsulfanyl N,N-dimethylcarbamodithioate",C6H12N2S4
CN(C)C(c1ccccc1)(c1ccccc1)N(C)C,"N,N,N',N'-tetramethyl-1,1-diphenylmethanediamine",C17H22N2
CN(C)C1C(=O)C(C(N)=O)C(=O)C2(O)C(=O)C3C(=O)c4c(O)cccc4C(C)(O)C3C(O)C12,"4-(dimethylamino)-5,6,10,12a-tetrahydroxy-6-methyl-1,3,11,12-tetraoxo-4a,5,5a,11a-tetrahydro-4H-tetracene-2-carboxamide",C22H24N2O9
CN(C)C1C(=O)C(C(N)=O)C(=O)C2(O)C(=O)C3C(=O)c4c(O)cccc4C(C)(O)C3CC12,"4-(dimethylamino)-6,10,12a-trihydroxy-6-methyl-1,3,11,12-tetraoxo-4a,5,5a,11a-tetrahydro-4H-tetracene-2-carboxamide",C22H24N2O8
CN(C)C1C(O)=C(C(N)=O)C(=O)C2(O)C(O)=C3C(=O)c4c(O)cccc4C(C)(O)C3C(O)C12,"4-(dimethylamino)-1,5,6,10,11,12a-hexahydroxy-6-methyl-3,12-dioxo-4,4a,5,5a-tetrahydrotetracene-2-carboxamide",C22H24N2O9
CN(C)C1C(O)=C(C(N)=O)C(=O)C2(O)C(O)=C3C(=O)c4c(O)cccc4C(C)(O)C3CC12,"4-(dimethylamino)-1,6,10,11,12a-pentahydroxy-6-methyl-3,12-dioxo-4,4a,5,5a-tetrahydrotetracene-2-carboxamide",C22H24N2O8
CN(C)C1CCCCC1,"N,N-dimethylcyclohexanamine",C8H17N
CN(C)C=O,"N,N-dimethylformamide",C3H7NO
CN(C)C1Cc2cccc3cccc(c23)C1,"N,N-dimethyl-2,3-dihydro-1H-phenalen-2-amine",C15H17N
CN(C)CC(=O)O,2-(dimethylamino)acetic acid,C4H9NO2
CN(C)CC/C=C1\c2ccccc2COc2ccccc21,"(3E)-3-(6H-benzo[c][1]benzoxepin-11-ylidene)-N,N-dimethylpropan-1-amine",C19H21NO
CN(C)CCC(c1ccc(Cl)cc1)c1ccccn1,"3-(4-chlorophenyl)-N,N-dimethyl-3-pyridin-2-ylpropan-1-amine",C16H19ClN2
CN(C)CCC=C1c2ccccc2CCc2ccccc21,"N,N-dimethyl-3-(2-tricyclo[9.4.0.03,8]pentadeca-1(15),3,5,7,11,13-hexaenylidene)propan-1-amine",C20H23N
CN(C)CCCCl,"3-chloro-N,N-dimethylpropan-1-amine",C5H12ClN
CN(C)CCCN,"N',N'-dimethylpropane-1,3-diamine",C5H14N2
CN(C)CCCN1C=CN(C)C1/C=N/O,,C10H20N4O
CN(C)CCCN1c2ccccc2CCc2ccccc21,"3-(5,6-dihydrobenzo[b][1]benzazepin-11-yl)-N,N-dimethylpropan-1-amine",C19H24N2
CN(C)CCCN1c2ccccc2Sc2ccc(Cl)cc21,"3-(2-chlorophenothiazin-10-yl)-N,N-dimethylpropan-1-amine",C17H19ClN2S
CN(C)CCCNc1c2ccccc2nc2c(Cl)ccc([N+](=O)[O-])c12,"N-(4-chloro-1-nitroacridin-9-yl)-N',N'-dimethylpropane-1,3-diamine",C18H19ClN4O2
CN(C)CCCNc1c2ccccc2nc2c(F)ccc([N+](=O)[O-])c12,"N-(4-fluoro-1-nitroacridin-9-yl)-N',N'-dimethylpropane-1,3-diamine",C18H19FN4O2
CN(C)CCCNc1c2ccccc2nc2c(N(C)C)ccc([N+](=O)[O-])c12,"9-N-[3-(dimethylamino)propyl]-4-N,4-N-dimethyl-1-nitroacridine-4,9-diamine",C20H25N5O2
CN(C)CCCNc1c2ccccc2nc2c(N(CCO)CCO)ccc([N+](=O)[O-])c12,2-[[9-[3-(dimethylamino)propylamino]-1-nitroacridin-4-yl]-(2-hydroxyethyl)amino]ethanol,C22H29N5O4
CN(C)CCCNc1c2ccccc2nc2c([N+](=O)[O-])cccc12,"N',N'-dimethyl-N-(4-nitroacridin-9-yl)propane-1,3-diamine",C18H20N4O2
CN(C)CCCNc1c2ccccc2nc2cc([N+](=O)[O-])ccc12,"N',N'-dimethyl-N-(3-nitroacridin-9-yl)propane-1,3-diamine",C18H20N4O2
CN(C)CCCNc1c2ccccc2nc2ccc([N+](=O)[O-])cc12,"N',N'-dimethyl-N-(2-nitroacridin-9-yl)propane-1,3-diamine",C18H20N4O2
CN(C)CCCNc1c2ccccc2nc2cccc([N+](=O)[O-])c12,"N',N'-dimethyl-N-(1-nitroacridin-9-yl)propane-1,3-diamine",C18H20N4O2
CN(C)CCCNc1c2ccccc2nc2ccccc12,"N-acridin-9-yl-N',N'-dimethylpropane-1,3-diamine",C18H21N3
CN(C)CCCl,"2-chloro-N,N-dimethylethanamine",C4H10ClN
CN(C)CCN(C)C,"N,N,N',N'-tetramethylethane-1,2-diamine",C6H16N2
CN(C)CCN(C)N=O,N-[2-(dimethylamino)ethyl]-N-methylnitrous amide,C5H13N3O
CN(C)CCN(Cc1ccc(Cl)s1)c1ccccn1,"N'-[(5-chlorothiophen-2-yl)methyl]-N,N-dimethyl-N'-pyridin-2-ylethane-1,2-diamine",C14H18ClN3S
CN(C)CCN(Cc1ccc(O)cc1)c1ccccn1,4-[[2-(dimethylamino)ethyl-pyridin-2-ylamino]methyl]phenol,C16H21N3O
CN(C)CCN(Cc1ccccc1)c1ccccc1,"N'-benzyl-N,N-dimethyl-N'-phenylethane-1,2-diamine",C17H22N2
CN(C)CCN(Cc1ccccc1)c1ccccn1,"N'-benzyl-N,N-dimethyl-N'-pyridin-2-ylethane-1,2-diamine",C16H21N3
CN(C)CCN(Cc1ccsc1)c1ccccn1,"N,N-dimethyl-N'-pyridin-2-yl-N'-(thiophen-3-ylmethyl)ethane-1,2-diamine",C14H19N3S
CN(C)CCN(Cc1cccs1)c1ccccn1,"N,N-dimethyl-N'-pyridin-2-yl-N'-(thiophen-2-ylmethyl)ethane-1,2-diamine",C14H19N3S
CN(C)CCN1C=CN(C)C1/C=N/O,,C9H18N4O
CN(C)CCNC(=O)c1cc2ccccc2c2cccnc12,N-[2-(dimethylamino)ethyl]benzo[f]quinoline-5-carboxamide,C18H19N3O
CN(C)CCNC(=O)c1ccc2ccc3cccnc3c2n1,"N-[2-(dimethylamino)ethyl]-1,10-phenanthroline-2-carboxamide",C17H18N4O
CN(C)CCNC(=O)c1ccc2c(N)c3ccccc3nc2c1,9-amino-N-[2-(dimethylamino)ethyl]acridine-3-carboxamide,C18H20N4O
CN(C)CCNC(=O)c1ccc2nc3ccccc3c(N)c2c1,9-amino-N-[2-(dimethylamino)ethyl]acridine-2-carboxamide,C18H20N4O
CN(C)CCNC(=O)c1cccc2[nH]c(-c3ccccc3)nc12,N-[2-(dimethylamino)ethyl]-2-phenyl-1H-benzimidazole-4-carboxamide,C18H20N4O
CN(C)CCNC(=O)c1cccc2c(=O)c3ccccc3oc12,N-[2-(dimethylamino)ethyl]-9-oxoxanthene-4-carboxamide,C18H18N2O3
CN(C)CCNC(=O)c1cccc2c(=O)c3ccccc3sc12,N-[2-(dimethylamino)ethyl]-9-oxothioxanthene-4-carboxamide,C18H18N2O2S
CN(C)CCNC(=O)c1cccc2c(N)c3ccccc3nc12,9-amino-N-[2-(dimethylamino)ethyl]acridine-4-carboxamide,C18H20N4O
CN(C)CCNC(=O)c1cccc2c1C(=O)c1ccccc1C2=O,"N-[2-(dimethylamino)ethyl]-9,10-dioxoanthracene-1-carboxamide",C19H18N2O3
CN(C)CCNC(=O)c1cccc2c(O)c3ccccc3nc12,N-[2-(dimethylamino)ethyl]-9-oxo-10H-acridine-4-carboxamide,C18H19N3O2
CN(C)CCNC(=O)c1cccc2c1Nc1ccccc1O2,N-[2-(dimethylamino)ethyl]-10H-phenoxazine-1-carboxamide,C17H19N3O2
CN(C)CCNC(=O)c1cccc2c1Oc1ccccc1O2,N-[2-(dimethylamino)ethyl]dibenzo-p-dioxin-1-carboxamide,C17H18N2O3
CN(C)CCNC(=O)c1cccc2c1ncc1ccccc12,N-[2-(dimethylamino)ethyl]phenanthridine-4-carboxamide,C18H19N3O
CN(C)CCNC(=O)c1cccc2cc(-c3ccccc3)oc12,N-[2-(dimethylamino)ethyl]-2-phenyl-1-benzofuran-7-carboxamide,C19H20N2O2
CN(C)CCNC(=O)c1cccc2cc3ccccc3cc12,N-[2-(dimethylamino)ethyl]anthracene-1-carboxamide,C19H20N2O
CN(C)CCNC(=O)c1cccc2cc3ccccc3nc12,N-[2-(dimethylamino)ethyl]acridine-4-carboxamide,C18H19N3O
CN(C)CCNC(=O)c1cccc2ccc(-c3ccccc3)nc12,N-[2-(dimethylamino)ethyl]-2-phenylquinoline-8-carboxamide,C20H21N3O
CN(C)CCNC(=O)c1cccc2nc(-c3ccccc3)oc12,"N-[2-(dimethylamino)ethyl]-2-phenyl-1,3-benzoxazole-7-carboxamide",C18H19N3O2
CN(C)CCNC(=O)c1cccc2nc3ccccc3nc12,N-[2-(dimethylamino)ethyl]phenazine-1-carboxamide,C17H18N4O
CN(C)CCNC(=O)c1cccc2nc3ccccc3cc12,N-[2-(dimethylamino)ethyl]acridine-1-carboxamide,C18H19N3O
CN(C)CCNC(=O)c1cccc2ncc(-c3ccccc3)nc12,N-[2-(dimethylamino)ethyl]-3-phenylquinoxaline-5-carboxamide,C19H20N4O
CN(C)CCNC(=O)c1cccc2oc(-c3ccccc3)nc12,"N-[2-(dimethylamino)ethyl]-2-phenyl-1,3-benzoxazole-4-carboxamide",C18H19N3O2
CN(C)CCNC(=O)c1cccn2cc(-c3ccccc3)nc12,"N-[2-(dimethylamino)ethyl]-2-phenylimidazo[1,2-a]pyridine-8-carboxamide",C18H20N4O
CN(C)CCNC(=O)c1cccn2c(=O)c3ccccc3nc12,"N-[2-(dimethylamino)ethyl]-11-oxopyrido[2,1-b]quinazoline-6-carboxamide",C17H18N4O2
CN(C)CCNC(=O)n1c2ccccc2c(=O)c2ccccc21,,C18H19N3O2
CN(C)CCNS(=O)(=O)c1cccc2cccnc12,N-[2-(dimethylamino)ethyl]quinoline-8-sulfonamide,C13H17N3O2S
CN(C)CCO,2-(dimethylamino)ethanol,C4H11NO
CN(C)CCOC(c1ccccc1)c1ccccc1,"2-benzhydryloxy-N,N-dimethylethanamine",C17H21NO
CN(C)CCO[C@@](C)(c1ccccc1)c1ccccn1,"N,N-dimethyl-2-[(1S)-1-phenyl-1-pyridin-2-ylethoxy]ethanamine",C17H22N2O
CN(C)CC[C@@H](c1ccccc1)c1ccccn1,"(3S)-N,N-dimethyl-3-phenyl-3-pyridin-2-ylpropan-1-amine",C16H20N2
CN(C)CNc1nnc(/C=C/c2ccc([N+](=O)[O-])o2)o1,"N',N'-dimethyl-N-[5-[(E)-2-(5-nitrofuran-2-yl)ethenyl]-1,3,4-oxadiazol-2-yl]methanediamine",C11H13N5O4
CN(C)Cc1ccccc1,"N,N-dimethyl-1-phenylmethanamine",C9H13N
CN(C)N,"1,1-dimethylhydrazine",C2H8N2
CN(C)N=Nc1ccc(C(=O)O)cc1,4-(dimethylaminodiazenyl)benzoic acid,C9H11N3O2
CN(C)N=Nc1ccc(Br)cc1,N-[(4-bromophenyl)diazenyl]-N-methylmethanamine,C8H10BrN3
CN(C)N=Nc1ccc(Cl)cc1,N-[(4-chlorophenyl)diazenyl]-N-methylmethanamine,C8H10ClN3
CN(C)N=Nc1ccc([N+](=O)[O-])cc1,N-methyl-N-[(4-nitrophenyl)diazenyl]methanamine,C8H10N4O2
CN(C)N=Nc1nc[nH]c1C(N)=O,4-(dimethylaminodiazenyl)-1H-imidazole-5-carboxamide,C6H10N6O
CN(C)N=Nc1ccccc1,N-methyl-N-phenyldiazenylmethanamine,C8H11N3
CN(C)NC(=O)CCC(=O)O,"4-(2,2-dimethylhydrazinyl)-4-oxobutanoic acid",C6H12N2O3
CN(C)N=O,"N,N-dimethylnitrous amide",C2H6N2O
CN(C)Nc1nc(-c2ccc([N+](=O)[O-])o2)cs1,"1,1-dimethyl-2-[4-(5-nitrofuran-2-yl)-1,3-thiazol-2-yl]hydrazine",C9H10N4O3S
CN(C)OC(=O)COc1ccc(Cl)cc1Cl,"dimethylamino 2-(2,4-dichlorophenoxy)acetate",C10H11Cl2NO3
CN(C)P(=O)(N(C)C)N(C)C,N-[bis(dimethylamino)phosphoryl]-N-methylmethanamine,C6H18N3OP
CN(C)S(=O)(=O)CCNC(=O)N(CCCl)N=O,1-(2-chloroethyl)-3-[2-(dimethylsulfamoyl)ethyl]-1-nitrosourea,C7H15ClN4O4S
CN(C)S(=O)(=O)N(SC(F)(Cl)Cl)c1ccccc1,N-[dichloro(fluoro)methyl]sulfanyl-N-(dimethylsulfamoyl)aniline,C9H11Cl2FN2O2S2
CN(C)[C@@H]1C(=O)C(C(N)=O)=C(O)[C@@]2(O)C(O)=C3C(=O)c4c(O)cccc4[C@@](C)(O)[C@H]3C[C@H]12,"(4S,4aR,5aS,6S,12aR)-4-(dimethylamino)-1,6,10,11,12a-pentahydroxy-6-methyl-3,12-dioxo-4,4a,5,5a-tetrahydrotetracene-2-carboxamide",C22H24N2O8
CN(C)[C@H]1C(=O)C(C(N)=O)=C(O)[C@]2(O)C(O)=C3C(=O)c4c(O)cccc4[C@](C)(O)[C@H]3[C@@H](O)[C@@H]12,,C22H24N2O9
CN(C)[N+](=O)[O-],"N,N-dimethylnitramide",C2H6N2O2
CN(C)[P+](On1nnc2ccccc21)(N(C)C)N(C)C,benzotriazol-1-yloxy-tris(dimethylamino)phosphanium,C12H22N6OP+
CN(C)c1[nH]cnc2ncnc1-2,"N,N-dimethyl-7H-purin-6-amine",C7H9N5
CN(C)c1ccc(/C=C/C(=O)c2ccccc2)cc1,(E)-3-[4-(dimethylamino)phenyl]-1-phenylprop-2-en-1-one,C17H17NO
CN(C)c1ccc(-c2ccc(N(C)C)cc2)cc1,"4-[4-(dimethylamino)phenyl]-N,N-dimethylaniline",C16H20N2
CN(C)c1ccc(/C=C/C=O)cc1,(E)-3-[4-(dimethylamino)phenyl]prop-2-enal,C11H13NO
CN(C)c1ccc(/C=C/c2ccc([N+](=O)[O-])cc2)cc1,"N,N-dimethyl-4-[(E)-2-(4-nitrophenyl)ethenyl]aniline",C16H16N2O2
CN(C)c1ccc(/C=C/c2ccccc2)cc1,"N,N-dimethyl-4-[(E)-2-phenylethenyl]aniline",C16H17N
CN(C)c1ccc(C(=C2C=CC(=N)C=C2)c2ccc(N(C)C)cc2)cc1,"4-[[4-(dimethylamino)phenyl]-(4-iminocyclohexa-2,5-dien-1-ylidene)methyl]-N,N-dimethylaniline",C23H25N3
CN(C)c1ccc(C(=C2C=CC(=[N+](C)C)C=C2)c2ccc(N(C)C)cc2)cc1,"[4-[bis[4-(dimethylamino)phenyl]methylidene]cyclohexa-2,5-dien-1-ylidene]-dimethylazanium",C25H30N3+
CN(C)c1ccc(C(=C2C=CC(=[N+](C)C)C=C2)c2c(O)c(S(=O)(=O)O)cc3cc(S(=O)(=O)O)ccc23)cc1,"[4-[[4-(dimethylamino)phenyl]-(2-hydroxy-3,6-disulfonaphthalen-1-yl)methylidene]cyclohexa-2,5-dien-1-ylidene]-dimethylazanium",C27H27N2O7S2+
CN(C)c1ccc(C(=C2C=CC(=[N+](C)C)C=C2)c2ccccc2)cc1,"[4-[[4-(dimethylamino)phenyl]-phenylmethylidene]cyclohexa-2,5-dien-1-ylidene]-dimethylazanium",C23H25N2+
CN(C)c1ccc(C(=N)c2ccc(N(C)C)cc2)cc1,"4-[4-(dimethylamino)benzenecarboximidoyl]-N,N-dimethylaniline",C17H21N3
CN(C)c1ccc(C(=O)c2ccc(N(C)C)cc2)cc1,bis[4-(dimethylamino)phenyl]methanone,C17H20N2O
CN(C)c1ccc(C(c2ccccc2)c2ccc(N(C)C)cc2)cc1,"4-[[4-(dimethylamino)phenyl]-phenylmethyl]-N,N-dimethylaniline",C23H26N2
CN(C)c1ccc(C2(c3ccc(N(C)C)cc3)OC(=O)c3cc(N(C)C)ccc32)cc1,"6-(dimethylamino)-3,3-bis[4-(dimethylamino)phenyl]-2-benzofuran-1-one",C26H29N3O2
CN(C)c1ccc(C2CC3(C)C(CCC3(O)/C=C/CO)C3CCC4=CC(=O)CCC4=C23)cc1,"11-[4-(dimethylamino)phenyl]-17-hydroxy-17-[(E)-3-hydroxyprop-1-enyl]-13-methyl-1,2,6,7,8,11,12,14,15,16-decahydrocyclopenta[a]phenanthren-3-one",C29H37NO3
CN(C)c1ccc(C2CC3(C)C(CCC3(O)C=CCO)C3CC=C4CC(=O)CCC4=C23)cc1,,C29H37NO3
CN(C)c1ccc(C2CC3(C)C(CCC3(O)CCCO)C3CC=C4CC(=O)CCC4=C23)cc1,,C29H39NO3
CN(C)c1ccc(C2CC3(C)C(CCC3(O)CCCO)C3CCC4=CC(=O)CCC4=C23)cc1,"11-[4-(dimethylamino)phenyl]-17-hydroxy-17-(3-hydroxypropyl)-13-methyl-1,2,6,7,8,11,12,14,15,16-decahydrocyclopenta[a]phenanthren-3-one",C29H39NO3
CN(C)c1ccc(CCO)cc1,2-[4-(dimethylamino)phenyl]ethanol,C10H15NO
CN(C)c1ccc(Cc2ccc(N(C)C)cc2)cc1,"4-[[4-(dimethylamino)phenyl]methyl]-N,N-dimethylaniline",C17H22N2
CN(C)c1ccc(N(C)C)c2c1C(=O)c1c(O)ccc(O)c1C2=O,"1,4-bis(dimethylamino)-5,8-dihydroxyanthracene-9,10-dione",C18H18N2O4
CN(C)c1ccc(N(C)C)cc1,"1-N,1-N,4-N,4-N-tetramethylbenzene-1,4-diamine",C10H16N2
CN(C)c1ccc(N)cc1,"4-N,4-N-dimethylbenzene-1,4-diamine",C8H12N2
CN(C)c1ccc(N=NS(=O)(=O)O)cc1,[4-(dimethylamino)phenyl]iminosulfamic acid,C8H11N3O3S
CN(C)c1ccc(N=Nc2ccc(C=O)cc2)cc1,4-[[4-(dimethylamino)phenyl]diazenyl]benzaldehyde,C15H15N3O
CN(C)c1ccc(N=Nc2ccc(N(C)C)cc2)cc1,"4-[[4-(dimethylamino)phenyl]diazenyl]-N,N-dimethylaniline",C16H20N4
CN(C)c1ccc(N=Nc2ccc(OC3OC(CO)C(O)C(O)C3O)cc2)cc1,,C20H25N3O6
CN(C)c1ccc(N=Nc2ccc(S(=O)(=O)O)cc2)cc1,4-[[4-(dimethylamino)phenyl]diazenyl]benzenesulfonic acid,C14H15N3O3S
CN(C)c1ccc(N=Nc2ccc3[nH]ncc3c2)cc1,"4-(1H-indazol-5-yldiazenyl)-N,N-dimethylaniline",C15H15N5
CN(C)c1ccc(N=Nc2ccc3ccccc3c2)cc1,"N,N-dimethyl-4-(naphthalen-2-yldiazenyl)aniline",C18H17N3
CN(C)c1ccc(N=Nc2ccc3ncsc3c2)cc1,"4-(1,3-benzothiazol-6-yldiazenyl)-N,N-dimethylaniline",C15H14N4S
CN(C)c1ccc(N=Nc2cccc(CCl)c2)cc1,"4-[[3-(chloromethyl)phenyl]diazenyl]-N,N-dimethylaniline",C15H16ClN3
CN(C)c1ccc(N=Nc2cccc3ccccc23)cc1,"N,N-dimethyl-4-(naphthalen-1-yldiazenyl)aniline",C18H17N3
CN(C)c1ccc(N=Nc2ccccc2)cc1,"N,N-dimethyl-4-phenyldiazenylaniline",C14H15N3
CN(C)c1ccc(N=Nc2ccccc2C(=O)O)cc1,2-[[4-(dimethylamino)phenyl]diazenyl]benzoic acid,C15H15N3O2
CN(C)c1ccc(N=Nc2ccccc2CO)cc1,[2-[[4-(dimethylamino)phenyl]diazenyl]phenyl]methanol,C15H17N3O
CN(C)c1ccc(N=O)cc1,"N,N-dimethyl-4-nitrosoaniline",C8H10N2O
CN(C)c1ccc(N=Nc2cccnc2)cc1,"N,N-dimethyl-4-(pyridin-3-yldiazenyl)aniline",C13H14N4
CN(C)c1ccc2cc3ccc(N(C)C)cc3nc2c1,"3-N,3-N,6-N,6-N-tetramethylacridine-3,6-diamine",C17H19N3
CN(C)c1ccc2nc3ccc(N(C)C)cc3[s+]c2c1,[7-(dimethylamino)phenothiazin-3-ylidene]-dimethylazanium,C16H18N3S+
CN(C)c1cccc(O)c1,3-(dimethylamino)phenol,C8H11NO
CN(C)c1ccccc1,"N,N-dimethylaniline",C8H11N
CN(C)c1nc(N(C)C)nc(N(C)C)n1,"2-N,2-N,4-N,4-N,6-N,6-N-hexamethyl-1,3,5-triazine-2,4,6-triamine",C9H18N6
CN(C)c1ccncc1,"N,N-dimethylpyridin-4-amine",C7H10N2
CN(C)c1nc2c3cccnc3ccc2n1C,"N,N,3-trimethylimidazo[4,5-f]quinolin-2-amine",C13H14N4
CN(C=O)N=O,N-methyl-N-nitrosoformamide,C2H4N2O2
CN(CC(=O)NN)c1ccc2ccccc2c1,2-[methyl(naphthalen-2-yl)amino]acetohydrazide,C13H15N3O
CN(CC(O)CO)N=O,"N-(2,3-dihydroxypropyl)-N-methylnitrous amide",C4H10N2O3
CN(CCC#N)c1ccc(N=Nc2ccc3ncsc3c2)cc1,"3-[4-(1,3-benzothiazol-6-yldiazenyl)-N-methylanilino]propanenitrile",C17H15N5S
CN(CCC#N)c1ccc(N=Nc2ccccc2)cc1,3-(N-methyl-4-phenyldiazenylanilino)propanenitrile,C16H16N4
CN(CCCC(=O)c1cccnc1)N=O,N-methyl-N-(4-oxo-4-pyridin-3-ylbutyl)nitrous amide,C10H13N3O2
CN(CCCC(O)c1cccnc1)N=O,N-(4-hydroxy-4-pyridin-3-ylbutyl)-N-methylnitrous amide,C10H15N3O2
CN(CCCCO)N=O,N-(4-hydroxybutyl)-N-methylnitrous amide,C5H12N2O2
CN(CCCl)CCCl,2-chloro-N-(2-chloroethyl)-N-methylethanamine,C5H11Cl2N
CN(CCO)C(=O)Nc1ccccc1,1-(2-hydroxyethyl)-1-methyl-3-phenylurea,C10H14N2O2
CN(CCO)C(=O)Nc1ccc(Cl)c(Cl)c1,"3-(3,4-dichlorophenyl)-1-(2-hydroxyethyl)-1-methylurea",C10H12Cl2N2O2
CN(CCO)CCO,2-[2-hydroxyethyl(methyl)amino]ethanol,C5H13NO2
CN(CCO[N+](=O)[O-])[N+](=O)[O-],2-[methyl(nitro)amino]ethyl nitrate,C3H7N3O5
CN(C[C@H](O)CO)N=O,"N-[(2S)-2,3-dihydroxypropyl]-N-methylnitrous amide",C4H10N2O3
CN(Cc1ccc(C(=O)O)cc1)N=O,4-[[methyl(nitroso)amino]methyl]benzoic acid,C9H10N2O3
CN(Cc1ccc(Br)cc1)N=O,N-[(4-bromophenyl)methyl]-N-methylnitrous amide,C8H9BrN2O
CN(Cc1ccc(F)cc1)N=O,N-[(4-fluorophenyl)methyl]-N-methylnitrous amide,C8H9FN2O
CN(Cc1ccc(Cl)cc1)N=O,N-[(4-chlorophenyl)methyl]-N-methylnitrous amide,C8H9ClN2O
CN(Cc1cccc(Br)c1)N=O,N-[(3-bromophenyl)methyl]-N-methylnitrous amide,C8H9BrN2O
CN(Cc1ccc([N+](=O)[O-])cc1)N=O,N-methyl-N-[(4-nitrophenyl)methyl]nitrous amide,C8H9N3O3
CN(Cc1cccc(C(F)(F)F)c1)N=O,N-methyl-N-[[3-(trifluoromethyl)phenyl]methyl]nitrous amide,C9H9F3N2O
CN(Cc1cccc(C#N)c1)N=O,N-[(3-cyanophenyl)methyl]-N-methylnitrous amide,C9H9N3O
CN(Cc1ccccc1)N=O,N-benzyl-N-methylnitrous amide,C8H10N2O
CN(Cc1ccccc1)C(=O)CBr,N-benzyl-2-bromo-N-methylacetamide,C10H12BrNO
CN(Cc1cnc2nc(N)nc(N)c2n1)c1c(Cl)cc(C(=O)N[C@@H](CCC(=O)O)C(=O)O)cc1Cl,"(2S)-2-[[3,5-dichloro-4-[(2,4-diaminopteridin-6-yl)methyl-methylamino]benzoyl]amino]pentanedioic acid",C20H20Cl2N8O5
CN(Cc1cnc2nc(N)nc(N)c2n1)c1ccc(C(=O)NC(CCC(=O)O)C(=O)O)cc1,"2-[[4-[(2,4-diaminopteridin-6-yl)methyl-methylamino]benzoyl]amino]pentanedioic acid",C20H22N8O5
CN(N)C=O,N-amino-N-methylformamide,C2H6N2O
CN(N=O)C(=N)NN(O)O,1-(hydroxyamino)-1-methyl-2-nitroguanidine,C2H7N5O3
CN(N=O)C(=N)N[N+](=O)[O-],1-methyl-3-nitro-1-nitrosoguanidine,C2H5N5O3
CN(N=O)C(=O)NC(C=O)C(O)C(O)C(O)CO,"1-methyl-1-nitroso-3-(3,4,5,6-tetrahydroxy-1-oxohexan-2-yl)urea",C8H15N3O7
CN(N=O)C(=O)NC1C(O)OC(CO)C(O)C1O,"1-methyl-1-nitroso-3-[2,4,5-trihydroxy-6-(hydroxymethyl)oxan-3-yl]urea",C8H15N3O7
CN(N=O)C(=O)Oc1cccc2ccccc12,naphthalen-1-yl N-methyl-N-nitrosocarbamate,C12H10N2O3
CN(N=O)C(=O)c1c(N(C)C(=O)OC(C)(C)C)ncn1C,tert-butyl N-methyl-N-[1-methyl-5-[methyl(nitroso)carbamoyl]imidazol-4-yl]carbamate,C12H19N5O4
CN(N=O)C(=O)c1c(N(C)N=O)ncn1C,"N,3-dimethyl-5-[methyl(nitroso)amino]-N-nitrosoimidazole-4-carboxamide",C7H10N6O3
CN(N=O)C(=O)c1ccccc1,N-methyl-N-nitrosobenzamide,C8H8N2O2
CN(N=O)C(N)=O,1-methyl-1-nitrosourea,C2H5N3O2
CN(N=O)c1ccccc1,N-methyl-N-phenylnitrous amide,C7H8N2O
CN(N=O)c1ccccn1,N-methyl-N-pyridin-2-ylnitrous amide,C6H7N3O
CN(N=O)c1cccnc1,N-methyl-N-pyridin-3-ylnitrous amide,C6H7N3O
CN(N=O)c1ccncc1,N-methyl-N-pyridin-4-ylnitrous amide,C6H7N3O
CN(NO)C(=O)c1ccccc1,,C8H10N2O2
CN(c1c([N+](=O)[O-])cc([N+](=O)[O-])cc1[N+](=O)[O-])[N+](=O)[O-],"N-methyl-N-(2,4,6-trinitrophenyl)nitramide",C7H5N5O8
CN/C(=C/[N+](=O)[O-])NCCSCc1ccc(CN(C)C)o1,"(Z)-1-N'-[2-[[5-[(dimethylamino)methyl]furan-2-yl]methylsulfanyl]ethyl]-1-N-methyl-2-nitroethene-1,1-diamine",C13H22N4O3S
CN(c1nccc(O)n1)C1CCN(c2nc3ccccc3n2Cc2ccc(F)cc2)CC1,2-[[1-[1-[(4-fluorophenyl)methyl]benzimidazol-2-yl]piperidin-4-yl]-methylamino]-1H-pyrimidin-6-one,C24H25FN6O
CN1C(=O)C(O)CC1c1cccnc1,3-hydroxy-1-methyl-5-pyridin-3-ylpyrrolidin-2-one,C10H12N2O2
CN1C(=O)C23CC4=CC=CC(O)C4N2C(=O)C1(CO)SS3,"7-hydroxy-11-(hydroxymethyl)-15-methyl-12,13-dithia-9,15-diazatetracyclo[9.2.2.01,9.03,8]pentadeca-3,5-diene-10,14-dione",C13H14N2O4S2
CN1C(=O)CC(=O)N(c2ccccc2)c2cc(Cl)ccc21,"7-chloro-1-methyl-5-phenyl-1,5-benzodiazepine-2,4-dione",C16H13ClN2O2
CN1C(=O)CCC1c1ccc[n+]([O-])c1,1-methyl-5-(1-oxidopyridin-1-ium-3-yl)pyrrolidin-2-one,C10H12N2O2
CN1C(=O)CCC1c1cccnc1,1-methyl-5-pyridin-3-ylpyrrolidin-2-one,C10H12N2O
CN1C(=O)CN=C(c2ccccc2F)c2cc([N+](=O)[O-])ccc21,"5-(2-fluorophenyl)-1-methyl-7-nitro-3H-1,4-benzodiazepin-2-one",C16H12FN3O3
CN1C(=O)CN=C(c2ccccc2)c2cc(Cl)ccc21,"7-chloro-1-methyl-5-phenyl-3H-1,4-benzodiazepin-2-one",C16H13ClN2O
CN1C(C(=O)Nc2ccccn2)=C(O)c2sccc2S1(=O)=O,"4-hydroxy-2-methyl-1,1-dioxo-N-pyridin-2-ylthieno[2,3-e]thiazine-3-carboxamide",C13H11N3O4S2
CN1C(C(=O)Nc2ccccn2)C(=O)c2sccc2S1(=O)=O,"2-methyl-1,1,4-trioxo-N-pyridin-2-yl-3H-thieno[2,3-e]thiazine-3-carboxamide",C13H11N3O4S2
CN1C(CSCC(F)(F)F)Nc2cc(Cl)c(S(N)(=O)=O)cc2S1(=O)=O,"6-chloro-2-methyl-1,1-dioxo-3-(2,2,2-trifluoroethylsulfanylmethyl)-3,4-dihydro-1lambda6,2,4-benzothiadiazine-7-sulfonamide",C11H13ClF3N3O4S3
CN1C2CC(OC(=O)C(CO)c3ccccc3)CC1C1OC12,"(9-methyl-3-oxa-9-azatricyclo[3.3.1.02,4]nonan-7-yl) 3-hydroxy-2-phenylpropanoate",C17H21NO4
CN1C=CN(CCC[n+]2ccc(C(N)=O)cc2)C1/C=N/O,,C14H20N5O2+
CN1C=CN(CCS(C)(=O)=O)C1/C=N/O,,C8H15N3O3S
CN1C=CN(COCCC(C)(C)[N+](=O)[O-])C1/C=N/O,,C11H20N4O4
CN1CC(CBr)CC2c3cccc4[nH]cc(c34)CC21,"9-(bromomethyl)-7-methyl-6,6a,8,9,10,10a-hexahydro-4H-indolo[4,3-fg]quinoline",C16H19BrN2
CN1CC(O)c2cc3c(c4c2C1Cc1ccccc1-4)OCO3,"11-methyl-3,5-dioxa-11-azapentacyclo[10.7.1.02,6.08,20.014,19]icosa-1(20),2(6),7,14,16,18-hexaen-9-ol",C18H17NO3
CN1CC=C(c2ccccc2)CC1,"1-methyl-4-phenyl-3,6-dihydro-2H-pyridine",C12H15N
CN1CCC(=C2c3ccccc3C=Cc3ccccc32)CC1,"1-methyl-4-(2-tricyclo[9.4.0.03,8]pentadeca-1(15),3,5,7,9,11,13-heptaenylidene)piperidine",C21H21N
CN1CCC(CN2c3ccccc3Sc3ccccc32)C1,10-[(1-methylpyrrolidin-3-yl)methyl]phenothiazine,C18H20N2S
CN1CCC23c4c5ccc(O)c4OC2C(O)C=CC3C1C5,"3-methyl-2,4,4a,7,7a,13-hexahydro-1H-4,12-methanobenzofuro[3,2-e]isoquinoline-7,9-diol",C17H19NO3
CN1CCC=C2c3nc(N)sc3CCC21,"6-methyl-5,5a,7,8-tetrahydro-4H-[1,3]thiazolo[4,5-f]quinolin-2-amine",C11H15N3S
CN1CCCC1=O,1-methylpyrrolidin-2-one,C5H9NO
CN1CCCN(C)C1=O,"1,3-dimethyl-1,3-diazinan-2-one",C6H12N2O
CN1CCCC1c1cccnc1,3-(1-methylpyrrolidin-2-yl)pyridine,C10H14N2
CN1CCC[C@@H]1c1cccnc1,3-[(2R)-1-methylpyrrolidin-2-yl]pyridine,C10H14N2
CN1CCN(C)CC1,"1,4-dimethylpiperazine",C6H14N2
CN1CCN(C2=Nc3cc(Cl)ccc3Nc3ccccc32)CC1,"3-chloro-6-(4-methylpiperazin-1-yl)-11H-benzo[b][1,4]benzodiazepine",C18H19ClN4
CN1CCN(C2=Nc3ccccc3Oc3ccc(Cl)cc32)CC1,"8-chloro-6-(4-methylpiperazin-1-yl)benzo[b][1,4]benzoxazepine",C18H18ClN3O
CN1CCN(N=O)CC1,1-methyl-4-nitrosopiperazine,C5H11N3O
CN1CCN(c2c(F)cc3c(=O)c(C(=O)O)cn(CCF)c3c2F)CC1,"6,8-difluoro-1-(2-fluoroethyl)-7-(4-methylpiperazin-1-yl)-4-oxoquinoline-3-carboxylic acid",C17H18F3N3O3
CN1CCN(c2c(F)cc3c(=O)c(C(=O)O)cn4c3c2OCN4C)CC1,"7-fluoro-2-methyl-6-(4-methylpiperazin-1-yl)-10-oxo-4-oxa-1,2-diazatricyclo[7.3.1.05,13]trideca-5(13),6,8,11-tetraene-11-carboxylic acid",C17H19FN4O4
CN1CCN(c2cc3c(cc2F)n2c(=O)[nH]c(=O)cc2n3C2CC2)CC1,"5-cyclopropyl-8-fluoro-7-(4-methylpiperazin-1-yl)pyrimido[1,6-a]benzimidazole-1,3-dione",C18H20FN5O2
CN1CCN(c2ccc3[nH]c(-c4ccc5[nH]c(-c6ccc(N(CCCl)CCCl)cc6)nc5c4)nc3c2)CC1,"N,N-bis(2-chloroethyl)-4-[6-[6-(4-methylpiperazin-1-yl)-1H-benzimidazol-2-yl]-1H-benzimidazol-2-yl]aniline",C29H31Cl2N7
CN1CCN(c2cc3c(cc2F)n2c(=O)n(O)c(=O)cc2n3C2CC2)CC1,"5-cyclopropyl-8-fluoro-2-hydroxy-7-(4-methylpiperazin-1-yl)pyrimido[1,6-a]benzimidazole-1,3-dione",C18H20FN5O3
CN1CCN(c2ccc3[nH]c(-c4ccc5[nH]c(-c6ccc(O)cc6)nc5c4)nc3c2)CC1,4-[6-[6-(4-methylpiperazin-1-yl)-1H-benzimidazol-2-yl]-1H-benzimidazol-2-yl]phenol,C25H24N6O
CN1CCN(c2ccc3[nH]c(Cc4ccc5[nH]c(-c6ccc(N(CCCl)CCCl)cc6)nc5c4)nc3c2)CC1,"N,N-bis(2-chloroethyl)-4-[6-[[6-(4-methylpiperazin-1-yl)-1H-benzimidazol-2-yl]methyl]-1H-benzimidazol-2-yl]aniline",C30H33Cl2N7
CN1CCN(c2ccc3[nH]c(CCCCCCc4ccc5[nH]c(-c6ccc(N(CCCl)CCCl)cc6)nc5c4)nc3c2)CC1,"N,N-bis(2-chloroethyl)-4-[6-[6-[6-(4-methylpiperazin-1-yl)-1H-benzimidazol-2-yl]hexyl]-1H-benzimidazol-2-yl]aniline",C35H43Cl2N7
CN1CCN=N1,"1-methyl-4,5-dihydrotriazole",C3H7N3
CN1CCN=C(c2ccccc2)c2cc(Cl)ccc21,"7-chloro-1-methyl-5-phenyl-2,3-dihydro-1,4-benzodiazepine",C16H15ClN2
CN1CCOCC1,4-methylmorpholine,C5H11NO
CN1CCNCC1,1-methylpiperazine,C5H12N2
CN1CCc2c1ccc1ccc3ccc(O)cc3c21,"3-methyl-1,2-dihydronaphtho[1,2-e]indol-10-ol",C17H15NO
CN1CC[C@@H](CN2c3ccccc3Sc3ccccc32)C1,10-[[(3R)-1-methylpyrrolidin-3-yl]methyl]phenothiazine,C18H20N2S
CN1CCc2cc3c(c4c2C1Cc1ccccc1-4)OCO3,"11-methyl-3,5-dioxa-11-azapentacyclo[10.7.1.02,6.08,20.014,19]icosa-1(20),2(6),7,14,16,18-hexaene",C18H17NO2
CN1CCc2cc3c(c4c2C1C(O)c1ccccc1-4)OCO3,"11-methyl-3,5-dioxa-11-azapentacyclo[10.7.1.02,6.08,20.014,19]icosa-1(20),2(6),7,14,16,18-hexaen-13-ol",C18H17NO3
CN1CN=C2C1=N[C-][N+](O)=C2N,,C6H8N5O
CN1CSC(=S)N(C)C1,"3,5-dimethyl-1,3,5-thiadiazinane-2-thione",C5H10N2S2
CN1C[C@H](C(=O)N[C@@]2(C)O[C@]3(O)[C@H]4CCCN4C(=O)[C@@H](Cc4ccccc4)N3C2=O)C=C2c3cccc4[nH]cc(c34)C[C@@H]21,,C33H35N5O5
CN1[C@@H](CSCC(F)(F)F)Nc2cc(Cl)c(S(N)(=O)=O)cc2S1(=O)=O,"(3S)-6-chloro-2-methyl-1,1-dioxo-3-(2,2,2-trifluoroethylsulfanylmethyl)-3,4-dihydro-1lambda6,2,4-benzothiadiazine-7-sulfonamide",C11H13ClF3N3O4S3
CN1Cc2c(N)cccc2[C@H](c2ccccc2)C1,"(4S)-2-methyl-4-phenyl-3,4-dihydro-1H-isoquinolin-8-amine",C16H18N2
CN=C1C=CC(=C(c2ccc(N(C)C)cc2)c2ccc(N(C)C)cc2)C=C1,"4-[[4-(dimethylamino)phenyl]-(4-methyliminocyclohexa-2,5-dien-1-ylidene)methyl]-N,N-dimethylaniline",C24H27N3
CN1[C@H]2C[C@@H](OC(=O)[C@@H](CO)c3ccccc3)C[C@@H]1[C@@H]1O[C@@H]12,"[(1R,2S,4R,5S)-9-methyl-3-oxa-9-azatricyclo[3.3.1.02,4]nonan-7-yl] (2R)-3-hydroxy-2-phenylpropanoate",C17H21NO4
CN=C=O,methylimino(oxo)methane,C2H3NO
CN=C1C=CC(=C(c2ccc(NC)cc2)c2ccc(N(C)C)cc2)C=C1,"4-[[4-(dimethylamino)phenyl]-(4-methyliminocyclohexa-2,5-dien-1-ylidene)methyl]-N-methylaniline",C23H25N3
CN=NC(C)(C)OO,2-hydroperoxypropan-2-yl(methyl)diazene,C4H10N2O2
CN=NNC,N-(methyldiazenyl)methanamine,C2H7N3
CN=[N+](C)[O-],methyl-methylimino-oxidoazanium,C2H6N2O
CN=NO,N-methylnitrous amide,CH4N2O
CNC,N-methylmethanamine,C2H7N
CNC(=O)/C=C(\C)OP(=O)(OC)OC,dimethyl [(E)-4-(methylamino)-4-oxobut-2-en-2-yl] phosphate,C7H14NO5P
CNC(=O)/C=C/c1ccc([N+](=O)[O-])o1,(E)-N-methyl-3-(5-nitrofuran-2-yl)prop-2-enamide,C8H8N2O4
CNC(=O)C(C)SCCSP(=O)(OC)OC,2-(2-dimethoxyphosphorylsulfanylethylsulfanyl)-N-methylpropanamide,C8H18NO4PS2
CNC(=O)CC(N)C(=O)NC(C(=O)NC1C(=O)N2C1SC(C)(C)C2C(=O)O)c1ccc(O)cc1,"6-[[2-[[2-amino-4-(methylamino)-4-oxobutanoyl]amino]-2-(4-hydroxyphenyl)acetyl]amino]-3,3-dimethyl-7-oxo-4-thia-1-azabicyclo[3.2.0]heptane-2-carboxylic acid",C21H27N5O7S
CNC(=O)CSP(=S)(OC)OC,2-dimethoxyphosphinothioylsulfanyl-N-methylacetamide,C5H12NO3PS2
CNC(=O)N(C)N=O,"1,3-dimethyl-1-nitrosourea",C3H7N3O2
CNC(=O)N(C)c1nc2ccccc2s1,"1-(1,3-benzothiazol-2-yl)-1,3-dimethylurea",C10H11N3OS
CNC(=O)N(O)C(=O)NC,1-hydroxy-3-methyl-1-(methylcarbamoyl)urea,C4H9N3O3
CNC(=O)N(O)C(C)=O,N-hydroxy-N-(methylcarbamoyl)acetamide,C4H8N2O3
CNC(=O)N(c1ccccc1)c1ccccc1,"3-methyl-1,1-diphenylurea",C14H14N2O
CNC(=O)NC,"1,3-dimethylurea",C3H8N2O
CNC(=O)NO,1-hydroxy-3-methylurea,C2H6N2O2
CNC(=O)NOC(=O)NC,(methylcarbamoylamino) N-methylcarbamate,C4H9N3O3
CNC(=O)Nc1ccccc1,1-methyl-3-phenylurea,C8H10N2O
CNC(=O)O/N=C\C(C)(C)SC,[(Z)-(2-methyl-2-methylsulfanylpropylidene)amino] N-methylcarbamate,C7H14N2O2S
CNC(=O)ON,amino N-methylcarbamate,C2H6N2O2
CNC(=O)ON(C(=O)NC)C(=O)NC,[bis(methylcarbamoyl)amino] N-methylcarbamate,C6H12N4O4
CNC(=O)ONC(C)=O,acetamido N-methylcarbamate,C4H8N2O3
CNC(=O)ON(C(C)=O)C(=O)NC,[acetyl(methylcarbamoyl)amino] N-methylcarbamate,C6H11N3O4
CNC(=O)Oc1ccc(-c2ccccc2)cc1,(4-phenylphenyl) N-methylcarbamate,C14H13NO2
CNC(=O)Oc1cc2ccccc2c2ccccc12,phenanthren-9-yl N-methylcarbamate,C16H13NO2
CNC(=O)Oc1cccc2c1OC(C)(C)C2,"(2,2-dimethyl-3H-1-benzofuran-7-yl) N-methylcarbamate",C12H15NO3
CNC(=O)Oc1ccc2c(c1)C1(C)CCN(C)C1N2C,"(3,4,8b-trimethyl-2,3a-dihydro-1H-pyrrolo[2,3-b]indol-7-yl) N-methylcarbamate",C15H21N3O2
CNC(=O)Oc1cccc2ccccc12,naphthalen-1-yl N-methylcarbamate,C12H11NO2
CNC(=O)Oc1ccccc1,phenyl N-methylcarbamate,C8H9NO2
CNC(=O)Oc1ccccc1OC(C)C,(2-propan-2-yloxyphenyl) N-methylcarbamate,C11H15NO3
CNC(=O)[C@@H](C)SCCSP(=O)(OC)OC,(2R)-2-(2-dimethoxyphosphorylsulfanylethylsulfanyl)-N-methylpropanamide,C8H18NO4PS2
CNC(=O)c1c(N(C)N=O)ncn1C,"N,3-dimethyl-5-[methyl(nitroso)amino]imidazole-4-carboxamide",C7H11N5O2
CNC(=O)c1cccc(NCC(=O)NCCc2ccc(OC)c(OC)c2)c1,"3-[[2-[2-(3,4-dimethoxyphenyl)ethylamino]-2-oxoethyl]amino]-N-methylbenzamide",C20H25N3O4
CNC(=O)c1ccccc1,N-methylbenzamide,C8H9NO
CNC(=S)N(C)C,"1,1,3-trimethylthiourea",C4H10N2S
CNC(C)C(O)c1ccccc1,2-(methylamino)-1-phenylpropan-1-ol,C10H15NO
CNC(C)Cc1ccccc1,N-methyl-1-phenylpropan-2-amine,C10H15N
CNC(C=[N+]([O-])O)=NCCSCc1ccc(CN(C)C)o1,"1-N'-[2-[[5-[(dimethylamino)methyl]furan-2-yl]methylsulfanyl]ethyl]-1-N-methyl-2-nitroethene-1,1-diamine",C13H22N4O3S
CNC(CC(=O)O)C(=O)N(C(C(N)=O)c1ccc(O)cc1)C1C(=O)N2C1SC(C)(C)C2C(=O)O,,C21H26N4O8S
CNC1=C2CC(=O)C(OC)=CC=C2c2c(cc(OC)c(OC)c2OC)CC1,,C21H25NO5
CNC1C(O)C(OC2C(NC(=O)C(O)CN)CC(N)C(OC3CC(CN)C(O)C(O)C3O)C2O)CCC1(C)O,,C24H47N5O10
CNC1CC(OC2CC(O)(C(C)=O)Cc3c(O)c4c(c(O)c32)C(=O)c2c(OC)cccc2C4=O)OC(C)C1O,"9-acetyl-6,9,11-trihydroxy-7-[5-hydroxy-6-methyl-4-(methylamino)oxan-2-yl]oxy-4-methoxy-8,10-dihydro-7H-tetracene-5,12-dione",C28H31NO10
CNC1C(OC2C(OC3C(O)C(O)C(N=C(N)N)C(O)C3N=C(N)N)OC(C)C2(O)C=O)OC(CO)C(O)C1O,"2-[3-(diaminomethylideneamino)-4-[3-[4,5-dihydroxy-6-(hydroxymethyl)-3-(methylamino)oxan-2-yl]oxy-4-formyl-4-hydroxy-5-methyloxolan-2-yl]oxy-2,5,6-trihydroxycyclohexyl]guanidine",C21H39N7O12
CNC1Cc2cccc3cccc(c23)C1,"N-methyl-2,3-dihydro-1H-phenalen-2-amine",C14H15N
CNC1CCc2cc(OC)c(OC)c(OC)c2-c2ccc(OC)c(=O)cc21,"1,2,3,10-tetramethoxy-7-(methylamino)-6,7-dihydro-5H-benzo[a]heptalen-9-one",C21H25NO5
CNC=O,N-methylformamide,C2H5NO
CNCC(=O)O,2-(methylamino)acetic acid,C3H7NO2
CNCC(O)c1cccc(O)c1,3-[1-hydroxy-2-(methylamino)ethyl]phenol,C9H13NO2
CNCCCC(=O)O,4-(methylamino)butanoic acid,C5H11NO2
CNCCCN1c2ccccc2CCc2ccccc21,"3-(5,6-dihydrobenzo[b][1]benzazepin-11-yl)-N-methylpropan-1-amine",C18H22N2
CNCCN(Cc1ccc(OC)cc1)c1ccccn1,"N'-[(4-methoxyphenyl)methyl]-N-methyl-N'-pyridin-2-ylethane-1,2-diamine",C16H21N3O
CNCCO,2-(methylamino)ethanol,C3H9NO
CNCCS(=O)(=O)O,2-(methylamino)ethanesulfonic acid,C3H9NO3S
CNC[C@@H](O)c1cccc(O)c1,3-[(1S)-1-hydroxy-2-(methylamino)ethyl]phenol,C9H13NO2
CNCc1ccc(CSCCN=C(NC[C@H](O)c2ccc(O)cc2)NS(C)(=O)=O)o1,2-[(2R)-2-hydroxy-2-(4-hydroxyphenyl)ethyl]-1-[2-[[5-(methylaminomethyl)furan-2-yl]methylsulfanyl]ethyl]-3-methylsulfonylguanidine,C19H28N4O5S2
CNCc1ccc(CSCCNC(=NCC(O)c2ccc(O)cc2)NS(C)(=O)=O)o1,2-[2-hydroxy-2-(4-hydroxyphenyl)ethyl]-1-[2-[[5-(methylaminomethyl)furan-2-yl]methylsulfanyl]ethyl]-3-methylsulfonylguanidine,C19H28N4O5S2
CNN,methylhydrazine,CH6N2
CNNCc1ccc(C(=O)NC(C)C)cc1,4-[(2-methylhydrazinyl)methyl]-N-propan-2-ylbenzamide,C12H19N3O
CNP(=O)(N(C)C)N(C)C,N-[bis(dimethylamino)phosphoryl]methanamine,C5H16N3OP
CNP(=S)(N1CC1)N1CC1,N-[bis(aziridin-1-yl)phosphinothioyl]methanamine,C5H12N3PS
CNP1(NC)=NP(NC)(NC)=NP(NC)(NC)=N1,"2-N,2-N',4-N,4-N',6-N,6-N'-hexamethyl-1,3,5-triaza-2lambda5,4lambda5,6lambda5-triphosphacyclohexa-1,3,5-triene-2,2,4,4,6,6-hexamine",C6H24N9P3
CNS(=O)(=O)c1ccc(N)cc1,4-amino-N-methylbenzenesulfonamide,C7H10N2O2S
CNS(=O)(=O)c1ccc(NC(C)=O)cc1,N-[4-(methylsulfamoyl)phenyl]acetamide,C9H12N2O3S
CN[C@@H](C)Cc1ccccc1,(2S)-N-methyl-1-phenylpropan-2-amine,C10H15N
CN[C@H](C)[C@@H](O)c1ccccc1,"(1S,2R)-2-(methylamino)-1-phenylpropan-1-ol",C10H15NO
CN[C@H]1C[C@@H](O[C@H]2C[C@@](O)(C(C)=O)Cc3c(O)c4c(c(O)c32)C(=O)c2c(OC)cccc2C4=O)O[C@@H](C)[C@@H]1O,,C28H31NO10
CN[N+](=O)[O-],N-methylnitramide,CH4N2O2
CN[PH]1(NC)N[PH](NC)(NC)N[PH](NC)(NC)N1,,C6H30N9P3
CNc1c(C)cc2ncccc2c1N,"6-N,7-dimethylquinoline-5,6-diamine",C11H13N3
CNc1cc(Oc2ccc(N)cc2)ncn1,6-(4-aminophenoxy)-N-methylpyrimidin-4-amine,C11H12N4O
CNc1ccc(C(=C2C=CC(=[N+](C)C)C=C2)c2ccc(N(C)C)cc2)cc1,"[4-[[4-(dimethylamino)phenyl]-[4-(methylamino)phenyl]methylidene]cyclohexa-2,5-dien-1-ylidene]-dimethylazanium",C24H28N3+
CNc1ccc(N(CCO)CCO)cc1[N+](=O)[O-],2-[N-(2-hydroxyethyl)-4-(methylamino)-3-nitroanilino]ethanol,C11H17N3O4
CNc1ccc(N=Nc2ccc(N(C)C(C)=O)cc2)cc1,N-methyl-N-[4-[[4-(methylamino)phenyl]diazenyl]phenyl]acetamide,C16H18N4O
CNc1ccc(N=Nc2ccc(NC)cc2)cc1,N-methyl-4-[[4-(methylamino)phenyl]diazenyl]aniline,C14H16N4
CNc1ccc(N=Nc2ccc3ncsc3c2)cc1,"4-(1,3-benzothiazol-6-yldiazenyl)-N-methylaniline",C14H12N4S
CNc1ccc(N=Nc2ccccc2)cc1,N-methyl-4-phenyldiazenylaniline,C13H13N3
CNc1ccc(NCCO)c2c1C(=O)c1ccccc1C2=O,"1-(2-hydroxyethylamino)-4-(methylamino)anthracene-9,10-dione",C17H16N2O3
CNc1ccc(O)cc1,4-(methylamino)phenol,C7H9NO
CNc1ccc(Nc2c3ccccc3nc3ccccc23)cc1,"4-N-acridin-9-yl-1-N-methylbenzene-1,4-diamine",C20H17N3
CNc1ccc2ccc3ccc(O)cc3c2c1,6-(methylamino)phenanthren-3-ol,C15H13NO
CNc1ccc([N+](=O)[O-])cc1,N-methyl-4-nitroaniline,C7H8N2O2
CNc1ccc2nc(C)c(C)nc2c1C,"N,2,3,5-tetramethylquinoxalin-6-amine",C12H15N3
CNc1ccc2nc(C)cnc2c1C,"N,2,5-trimethylquinoxalin-6-amine",C11H13N3
CNc1ccc2ncc(-c3ccccc3)nc2c1C,"N,5-dimethyl-3-phenylquinoxalin-6-amine",C16H15N3
CNc1ccc2ncc(C)nc2c1C,"N,3,5-trimethylquinoxalin-6-amine",C11H13N3
CNc1ccc2ncc(C)nc2c1N,"6-N,3-dimethylquinoxaline-5,6-diamine",C10H12N4
CNc1ccc2ncccc2c1N,"6-N-methylquinoline-5,6-diamine",C10H11N3
CNc1ccc2nccnc2c1C,"N,5-dimethylquinoxalin-6-amine",C10H11N3
CNc1ccccc1,N-methylaniline,C7H9N
CNc1ccccc1C(=O)OC,methyl 2-(methylamino)benzoate,C9H11NO2
CNc1ccccc1N,"2-N-methylbenzene-1,2-diamine",C7H10N2
CNc1nc2c3cccnc3ccc2n1C,"N,3-dimethylimidazo[4,5-f]quinolin-2-amine",C12H12N4
CNc1ncn(C)c1C(=O)N(C)N=O,"N,3-dimethyl-5-(methylamino)-N-nitrosoimidazole-4-carboxamide",C7H11N5O2
CNc1snc2ccccc12,"N-methyl-2,1-benzothiazol-3-amine",C8H8N2S
CO/N=C(\C(=O)NC1C(=O)N2C(C(=O)O)=C(CSC(=O)c3ccco3)CSC12)c1csc(N)n1,"7-[[(2Z)-2-(2-amino-1,3-thiazol-4-yl)-2-methoxyiminoacetyl]amino]-3-(furan-2-carbonylsulfanylmethyl)-8-oxo-5-thia-1-azabicyclo[4.2.0]oct-2-ene-2-carboxylic acid",C19H17N5O7S3
CO/N=C(\C(=O)NC1C(=O)N2C(C(=O)O)=C(C[n+]3ccn4ncccc43)CSC12)c1nsc(N)n1,"7-[[(2Z)-2-(5-amino-1,2,4-thiadiazol-3-yl)-2-methoxyiminoacetyl]amino]-3-(imidazo[1,2-b]pyridazin-1-ium-1-ylmethyl)-8-oxo-5-thia-1-azabicyclo[4.2.0]oct-2-ene-2-carboxylic acid",C19H18N9O5S2+
CO/N=C(\C(=O)NC1C(=O)N2C(C(=O)OCOC(=O)C(C)(C)C)=C(/C=C/c3scnc3C)CSC12)c1csc(N)n1,"2,2-dimethylpropanoyloxymethyl 7-[[(2Z)-2-(2-amino-1,3-thiazol-4-yl)-2-methoxyiminoacetyl]amino]-3-[(E)-2-(4-methyl-1,3-thiazol-5-yl)ethenyl]-8-oxo-5-thia-1-azabicyclo[4.2.0]oct-2-ene-2-carboxylate",C25H28N6O7S3
COC(=COC(N)=O)c1c(O)c(N2CC2)c(C)c(O)c1N1CC1,"[2-[2,5-bis(aziridin-1-yl)-3,6-dihydroxy-4-methylphenyl]-2-methoxyethenyl] carbamate",C15H19N3O5
COC(=O)/C(=C/c1ccc(Br)o1)[N+](=O)[O-],methyl (Z)-3-(5-bromofuran-2-yl)-2-nitroprop-2-enoate,C8H6BrNO5
COC(=O)/C(=C/c1ccc([N+](=O)[O-])o1)[N+](=O)[O-],methyl (Z)-2-nitro-3-(5-nitrofuran-2-yl)prop-2-enoate,C8H6N2O7
COC(=O)/C(=C/c1ccco1)[N+](=O)[O-],methyl (Z)-3-(furan-2-yl)-2-nitroprop-2-enoate,C8H7NO5
COC(=O)/C(Br)=C(\OP(=O)(OC)OC)c1ccc(Cl)cc1Cl,"methyl (E)-2-bromo-3-(2,4-dichlorophenyl)-3-dimethoxyphosphoryloxyprop-2-enoate",C12H12BrCl2O6P
COC(=O)/C(C#N)=C/c1ccc(Br)o1,methyl (E)-3-(5-bromofuran-2-yl)-2-cyanoprop-2-enoate,C9H6BrNO3
COC(=O)/C(C#N)=C/c1ccc([N+](=O)[O-])o1,methyl (E)-2-cyano-3-(5-nitrofuran-2-yl)prop-2-enoate,C9H6N2O5
COC(=O)/C(C#N)=C/c1ccco1,methyl (E)-2-cyano-3-(furan-2-yl)prop-2-enoate,C9H7NO3
COC(=O)/C(C#N)=C/c1ccccc1Br,methyl (E)-3-(2-bromophenyl)-2-cyanoprop-2-enoate,C11H8BrNO2
COC(=O)/C(C)=C/C=C/C(C)=C/C=C/C=C(C)/C=C/C=C(C)/C=C/C1=C(C)CCCC1(C)C,"methyl (2E,4E,6E,8E,10E,12E,14E,16E)-2,6,11,15-tetramethyl-17-(2,6,6-trimethylcyclohexen-1-yl)heptadeca-2,4,6,8,10,12,14,16-octaenoate",C31H42O2
COC(=O)/C(C)=C/c1ccc([N+](=O)[O-])o1,methyl (E)-2-methyl-3-(5-nitrofuran-2-yl)prop-2-enoate,C9H9NO5
COC(=O)/C(Cl)=C(\OP(=O)(OC)OC)c1cc(Cl)ccc1Cl,"methyl (E)-2-chloro-3-(2,5-dichlorophenyl)-3-dimethoxyphosphoryloxyprop-2-enoate",C12H12Cl3O6P
COC(=O)/C=C/C(C)=C\C=C\C(C)=C\C=C\C=C(C)\C=C\C=C(C)\C=C\C(=O)OC,"dimethyl (2E,4E,6E,8E,10E,12E,14E,16Z,18E)-4,8,13,17-tetramethylicosa-2,4,6,8,10,12,14,16,18-nonaenedioate",C26H32O4
COC(=O)/C=C/c1ccc([N+](=O)[O-])o1,methyl (E)-3-(5-nitrofuran-2-yl)prop-2-enoate,C8H7NO5
COC(=O)C(=C\CO)/C=C(C)/C=C(C)/C=C/C=C(\C)C(=O)C12OC1C(O)(CCO)NC2=O,,C23H29NO8
COC(=O)C(C)(C)Oc1ccc(-c2ccc(Cl)cc2)cc1,methyl 2-[4-(4-chlorophenyl)phenoxy]-2-methylpropanoate,C17H17ClO3
COC(=O)C(C)CN=[N+]=[N-],methyl 3-azido-2-methylpropanoate,C5H9N3O2
COC(=O)C(C)Cl,methyl 2-chloropropanoate,C4H7ClO2
COC(=O)C(CSCC(C)Br)NC(C)=O,methyl 2-acetamido-3-(2-bromopropylsulfanyl)propanoate,C9H16BrNO3S
COC(=O)C(CSCC(Br)c1ccccc1)NC(C)=O,methyl 2-acetamido-3-(2-bromo-2-phenylethyl)sulfanylpropanoate,C14H18BrNO3S
COC(=O)C(Cl)Cl,"methyl 2,2-dichloroacetate",C3H4Cl2O2
COC(=O)C(CSCCBr)NC(C)=O,methyl 2-acetamido-3-(2-bromoethylsulfanyl)propanoate,C8H14BrNO3S
COC(=O)C(N)CSCCCl,methyl 2-amino-3-(2-chloroethylsulfanyl)propanoate,C6H12ClNO2S
COC(=O)C(N)Cc1ccc(Cl)cc1,methyl 2-amino-3-(4-chlorophenyl)propanoate,C10H12ClNO2
COC(=O)C(c1ccccc1)C1CCCCN1,methyl 2-phenyl-2-piperidin-2-ylacetate,C14H19NO2
COC(=O)C1(C(N)=O)OC1(C)C(O)C(C)C,methyl 2-carbamoyl-3-(1-hydroxy-2-methylpropyl)-3-methyloxirane-2-carboxylate,C10H17NO5
COC(=O)C12CC1(C=O)C(C=O)C=C1CC(C)(C)CC12,,C16H20O4
COC(=O)C12CC1(C=O)C(C=O)=CC1CC(C)(C)CC12,"methyl 1a,2-diformyl-5,5-dimethyl-3a,4,6,6a-tetrahydro-1H-cyclopropa[e]indene-6b-carboxylate",C16H20O4
COC(=O)C12OC1(C)C(C(C)C)OC2=O,"methyl 5-methyl-2-oxo-4-propan-2-yl-3,6-dioxabicyclo[3.1.0]hexane-1-carboxylate",C10H14O5
COC(=O)C12OC1(C)C(C)(O)NC2=O,"methyl 4-hydroxy-4,5-dimethyl-2-oxo-6-oxa-3-azabicyclo[3.1.0]hexane-1-carboxylate",C8H11NO5
COC(=O)C12OC1(C)C(C)OC2=O,"methyl 4,5-dimethyl-2-oxo-3,6-dioxabicyclo[3.1.0]hexane-1-carboxylate",C8H10O5
COC(=O)C12OC1(C)C(C)(O)OC2=O,"methyl 4-hydroxy-4,5-dimethyl-2-oxo-3,6-dioxabicyclo[3.1.0]hexane-1-carboxylate",C8H10O6
COC(=O)C12OC1(C)C(O)(C(C)C)NC2=O,methyl 4-hydroxy-5-methyl-2-oxo-4-propan-2-yl-6-oxa-3-azabicyclo[3.1.0]hexane-1-carboxylate,C10H15NO5
COC(=O)C12Oc3ccc(-c4ccc5c(c4O)C(O)=C4C(=O)CC(C)C(O)C4(C(=O)OC)O5)c(O)c3C(O)=C1C(=O)CC(C)C2O,"methyl 4,8,9-trihydroxy-3-methyl-1-oxo-7-(1,5,9-trihydroxy-10a-methoxycarbonyl-6-methyl-8-oxo-6,7-dihydro-5H-xanthen-2-yl)-3,4-dihydro-2H-xanthene-4a-carboxylate",C32H30O14
COC(=O)C1=C(C)C(C(C)C)OC1=O,methyl 3-methyl-5-oxo-2-propan-2-yl-2H-furan-4-carboxylate,C10H14O4
COC(=O)C1=C(C)C(C)(O)OC1=O,"methyl 5-hydroxy-4,5-dimethyl-2-oxofuran-3-carboxylate",C8H10O5
COC(=O)C1=C(C)N=C(C)C(=C(O)OC)C1c1ccccc1[N+](=O)[O-],"dimethyl 2,6-dimethyl-4-(2-nitrophenyl)-1,4-dihydropyridine-3,5-dicarboxylate",C17H18N2O6
COC(=O)C1=C(C)N=C(C)C(=C(O)OCCc2ccc(N3CCN(C(c4ccccc4)c4ccccc4)CC3)cc2)C1c1cccc([N+](=O)[O-])c1,"5-O-[2-[4-(4-benzhydrylpiperazin-1-yl)phenyl]ethyl] 3-O-methyl 2,6-dimethyl-4-(3-nitrophenyl)-1,4-dihydropyridine-3,5-dicarboxylate",C41H42N4O6
COC(=O)C1=C(C)NC(C)=C(C(=O)OCC(C)=O)C1c1ccccc1[N+](=O)[O-],"3-O-methyl 5-O-(2-oxopropyl) 2,6-dimethyl-4-(2-nitrophenyl)-1,4-dihydropyridine-3,5-dicarboxylate",C19H20N2O7
COC(=O)C1=C(C)NC(C)=C(C(=O)OCC=Cc2ccccc2)C1c1cccc([N+](=O)[O-])c1,"3-O-methyl 5-O-(3-phenylprop-2-enyl) 2,6-dimethyl-4-(3-nitrophenyl)-1,4-dihydropyridine-3,5-dicarboxylate",C25H24N2O6
COC(=O)C1=C(C)NC(COC(N)=O)=C(C(=O)OC(C)C)C1c1cccc(Cl)c1Cl,"5-O-methyl 3-O-propan-2-yl 2-(carbamoyloxymethyl)-4-(2,3-dichlorophenyl)-6-methyl-1,4-dihydropyridine-3,5-dicarboxylate",C20H22Cl2N2O6
COC(=O)C1=C(c2ccccc2)C(C)OC1=O,methyl 2-methyl-5-oxo-3-phenyl-2H-furan-4-carboxylate,C13H12O4
COC(=O)C1=CCCN(C)C1,"methyl 1-methyl-3,6-dihydro-2H-pyridine-5-carboxylate",C8H13NO2
COC(=O)C1=CCCN(N=O)C1,"methyl 1-nitroso-3,6-dihydro-2H-pyridine-5-carboxylate",C7H10N2O3
COC(=O)C1C2CC3c4[nH]c5cc(OC)ccc5c4CCN3CC2CC(OC(=O)c2cc(OC)c(OC)c(OC)c2)C1OC,"methyl 6,18-dimethoxy-17-(3,4,5-trimethoxybenzoyl)oxy-1,3,11,12,14,15,16,17,18,19,20,21-dodecahydroyohimban-19-carboxylate",C33H40N2O9
COC(=O)C1CSC2C(Cl)=C(Cl)C(=O)N12,"methyl 6,7-dichloro-5-oxo-3,7a-dihydro-2H-pyrrolo[2,1-b][1,3]thiazole-3-carboxylate",C8H7Cl2NO3S
COC(=O)C1O/C(=N\O)C(Cl)=C1Cl,"methyl (5Z)-3,4-dichloro-5-hydroxyimino-2H-furan-2-carboxylate",C6H5Cl2NO4
COC(=O)C1Cc2c([nH]c3ccc([N+](=O)[O-])cc23)C(C)N1N=O,"methyl 1-methyl-6-nitro-2-nitroso-1,3,4,9-tetrahydropyrido[3,4-b]indole-3-carboxylate",C14H14N4O5
COC(=O)CC(=O)OC,dimethyl propanedioate,C5H8O4
COC(=O)C1OC1c1ccccc1,methyl 3-phenyloxirane-2-carboxylate,C10H10O3
COC(=O)CC(C)=O,methyl 3-oxobutanoate,C5H8O3
COC(=O)CC1Cc2cc3cc(OC)c(-c4c(OC)cc5cc6c(c(O)c5c4O)C(=O)OC(CC(=O)OC)C6)c(O)c3c(O)c2C(=O)O1,"methyl 2-[8-[9,10-dihydroxy-7-methoxy-3-(2-methoxy-2-oxoethyl)-1-oxo-3,4-dihydrobenzo[g]isochromen-8-yl]-9,10-dihydroxy-7-methoxy-1-oxo-3,4-dihydrobenzo[g]isochromen-3-yl]acetate",C34H30O14
COC(=O)CCC(=O)OC,dimethyl butanedioate,C6H10O4
COC(=O)CCCC(=O)OC,dimethyl pentanedioate,C7H12O4
COC(=O)CCl,methyl 2-chloroacetate,C3H5ClO2
COC(=O)CCCCC(=O)OC,dimethyl hexanedioate,C8H14O4
COC(=O)COc1ccc(Cl)cc1Cl,"methyl 2-(2,4-dichlorophenoxy)acetate",C9H8Cl2O3
COC(=O)CNC(=O)C(CSCCCl)NC(=O)CCC(N)C(=O)O,,C13H22ClN3O6S
COC(=O)C[C@@H]1[C@@]2(C)C(=O)C=C[C@@]3(C)C(=O)O[C@H](C32)[C@H]2OC3C[C@@H](c4ccoc4)C(C)=C3[C@]21C,"methyl 2-[(1R,2S,6R,9R,10S,11R,15R)-6-(furan-3-yl)-7,9,11,15-tetramethyl-12,16-dioxo-3,17-dioxapentacyclo[9.6.1.02,9.04,8.015,18]octadeca-7,13-dien-10-yl]acetate",C27H30O7
COC(=O)NC(=S)Nc1ccccc1NC(=S)NC(=O)OC,methyl N-[[2-(methoxycarbonylcarbamothioylamino)phenyl]carbamothioyl]carbamate,C12H14N4O4S2
COC(=O)NN=Cc1c[n+]([O-])c2ccccc2[n+]1[O-],"methyl N-[(1,4-dioxidoquinoxaline-1,4-diium-2-yl)methylideneamino]carbamate",C11H10N4O4
COC(=O)Nc1cccc(OC(=O)Nc2cccc(C)c2)c1,[3-(methoxycarbonylamino)phenyl] N-(3-methylphenyl)carbamate,C16H16N2O4
COC(=O)Nc1nc2cc(/C(=N/O)c3ccc(F)cc3)ccc2[nH]1,methyl N-[6-[(E)-C-(4-fluorophenyl)-N-hydroxycarbonimidoyl]-1H-benzimidazol-2-yl]carbamate,C16H13FN4O3
COC(=O)Nc1nc2cc(C(=O)c3ccc(F)cc3)ccc2[nH]1,methyl N-[6-(4-fluorobenzoyl)-1H-benzimidazol-2-yl]carbamate,C16H12FN3O3
COC(=O)Nc1nc2cc(C(=O)c3ccccc3)ccc2[nH]1,methyl N-(6-benzoyl-1H-benzimidazol-2-yl)carbamate,C16H13N3O3
COC(=O)Nc1nc2cc(O)ccc2[nH]1,methyl N-(6-hydroxy-1H-benzimidazol-2-yl)carbamate,C9H9N3O3
COC(=O)Nc1nc2cc(OS(=O)(=O)c3ccc(F)cc3)ccc2[nH]1,[2-(methoxycarbonylamino)-3H-benzimidazol-5-yl] 4-fluorobenzenesulfonate,C15H12FN3O5S
COC(=O)Nc1nc2cc(Sc3ccccc3)ccc2[nH]1,methyl N-(6-phenylsulfanyl-1H-benzimidazol-2-yl)carbamate,C15H13N3O2S
COC(=O)Nc1nc2ccccc2[nH]1,methyl N-(1H-benzimidazol-2-yl)carbamate,C9H9N3O2
COC(=O)[C@@H](c1ccccc1)[C@H]1CCCCN1,methyl (2S)-2-phenyl-2-[(2R)-piperidin-2-yl]acetate,C14H19NO2
COC(=O)[C@H]1[C@H]2C[C@@H]3c4[nH]c5cc(OC)ccc5c4CCN3C[C@@H]2C[C@@H](OC(=O)/C=C/c2cc(OC)c(OC)c(OC)c2)[C@@H]1OC,,C35H42N2O9
COC(=O)[C@H]1[C@H]2C[C@@H]3c4[nH]c5cc(OC)ccc5c4CCN3C[C@@H]2C[C@@H](OC(=O)c2cc(OC)c(OC)c(OC)c2)[C@@H]1OC,"methyl (1R,15R,17R,18R,19S,20S)-6,18-dimethoxy-17-(3,4,5-trimethoxybenzoyl)oxy-1,3,11,12,14,15,16,17,18,19,20,21-dodecahydroyohimban-19-carboxylate",C33H40N2O9
COC(=O)[C@]1(C(N)=O)O[C@@]1(C)[C@H](O)C(C)C,,C10H17NO5
COC(=O)[C@]12O[C@@]1(C)[C@@](C)(O)NC2=O,,C8H11NO5
COC(=O)[C@]12O[C@@]1(C)[C@@](C)(O)OC2=O,,C8H10O6
COC(=O)[C@]12O[C@@]1(C)[C@H](C(C)C)OC2=O,,C10H14O5
COC(=O)[C@]12O[C@@]1(C)[C@](O)(C(C)C)NC2=O,,C10H15NO5
COC(=O)c1c2c(c3ccccc3c1O)OC(C)(C)C=C2,"methyl 6-hydroxy-2,2-dimethylbenzo[h]chromene-5-carboxylate",C17H16O4
COC(=O)c1cc(-c2ccc(N)c(C(=O)OC)c2)ccc1N,methyl 2-amino-5-(4-amino-3-methoxycarbonylphenyl)benzoate,C16H16N2O4
COC(=O)c1cc(Cc2ccc(N)c(C(=O)OC)c2)ccc1N,methyl 2-amino-5-[(4-amino-3-methoxycarbonylphenyl)methyl]benzoate,C17H18N2O4
COC(=O)c1cc(Oc2ccc(Cl)cc2Cl)ccc1[N+](=O)[O-],"methyl 5-(2,4-dichlorophenoxy)-2-nitrobenzoate",C14H9Cl2NO5
COC(=O)c1cc(OC)c2c(c1-c1c(C(=O)OC)cc(OC)c3c1OCO3)OCO2,"methyl 7-methoxy-4-(7-methoxy-5-methoxycarbonyl-1,3-benzodioxol-4-yl)-1,3-benzodioxole-5-carboxylate",C20H18O10
COC(=O)c1cc2c(c3c1c([N+](=O)[O-])cc1c(OC)cccc13)OCO2,"methyl 8-methoxy-6-nitronaphtho[2,1-g][1,3]benzodioxole-5-carboxylate",C18H13NO7
COC(=O)c1cc2c([nH]c3ccccc32)c(-c2ccc3c(n2)C(=O)C=CC3=O)n1,"methyl 1-(5,8-dioxoquinolin-2-yl)-9H-pyrido[3,4-b]indole-3-carboxylate",C22H13N3O4
COC(=O)c1cc2c(c3c1ccc1c(OC)cccc13)OCO2,"methyl 8-methoxynaphtho[2,1-g][1,3]benzodioxole-5-carboxylate",C18H14O5
COC(=O)c1cc2ccc3cccnc3c2[nH]1,"methyl 1H-pyrrolo[3,2-h]quinoline-2-carboxylate",C13H10N2O2
COC(=O)c1ccc(/C=N/n2nnc3c4ccccc4nc-3c2O)cc1,"methyl 4-[(E)-(4-oxo-5H-triazino[5,4-b]indol-3-yl)iminomethyl]benzoate",C18H13N5O3
COC(=O)c1ccc(C(=O)OC)cc1,"dimethyl benzene-1,4-dicarboxylate",C10H10O4
COC(=O)c1ccc(C)cc1,methyl 4-methylbenzoate,C9H10O2
COC(=O)c1ccc(C=Nn2nnc3c([nH]c4ccccc43)c2=O)cc1,"methyl 4-[(4-oxo-5H-triazino[5,4-b]indol-3-yl)iminomethyl]benzoate",C18H13N5O3
COC(=O)c1ccc(C=O)cc1,methyl 4-formylbenzoate,C9H8O3
COC(=O)c1ccc(CN(C)N=O)cc1,methyl 4-[[methyl(nitroso)amino]methyl]benzoate,C10H12N2O3
COC(=O)c1ccc(N=Nc2ccc(N(C)OC(C)=O)cc2)cc1,methyl 4-[[4-[acetyloxy(methyl)amino]phenyl]diazenyl]benzoate,C17H17N3O4
COC(=O)c1ccc(O)cc1,methyl 4-hydroxybenzoate,C8H8O3
COC(=O)c1ccc([N+](=O)[O-])c2c(NCCCN(C)C)c3ccccc3nc12,methyl 9-[3-(dimethylamino)propylamino]-1-nitroacridine-4-carboxylate,C20H22N4O4
COC(=O)c1ccc([N+](=O)[O-])o1,methyl 5-nitrofuran-2-carboxylate,C6H5NO5
COC(=O)c1cccc2oc3c4c(cc(OC)c3c(=O)c12)OC1OC=CC41,,C20H14O7
COC(=O)c1cccc2oc3c4c(cc(OC)c3c(=O)c12)O[C@@H]1OC=C[C@@H]41,,C20H14O7
COC(=O)c1ccccc1,methyl benzoate,C8H8O2
COC(=O)c1ccccc1C(=O)OC,"dimethyl benzene-1,2-dicarboxylate",C10H10O4
COC(=O)c1ccccc1N,methyl 2-aminobenzoate,C8H9NO2
COC(=O)c1ccccc1O,methyl 2-hydroxybenzoate,C8H8O3
COC(=O)c1ccco1,methyl furan-2-carboxylate,C6H6O3
COC(=O)c1oc(N(O)C(C)=O)c(-c2ccccc2)c1-c1ccccc1,"methyl 5-[acetyl(hydroxy)amino]-3,4-diphenylfuran-2-carboxylate",C20H17NO5
COC(=O)c1oc(N(OC(C)=O)C(C)=O)c(-c2ccccc2)c1-c1ccccc1,"methyl 5-[acetyl(acetyloxy)amino]-3,4-diphenylfuran-2-carboxylate",C22H19NO6
COC(=O)c1oc(NO)c(-c2ccccc2)c1-c1ccccc1,"methyl 5-(hydroxyamino)-3,4-diphenylfuran-2-carboxylate",C18H15NO4
COC(=O)c1oc(N)c(Cl)c1Cl,"methyl 5-amino-3,4-dichlorofuran-2-carboxylate",C6H5Cl2NO3
COC(=O)c1oc(NOC(C)=O)c(-c2ccccc2)c1-c1ccccc1,"methyl 5-(acetyloxyamino)-3,4-diphenylfuran-2-carboxylate",C20H17NO5
COC(=O)c1oc([N+](=O)[O-])c(-c2ccccc2)c1-c1ccccc1,"methyl 5-nitro-3,4-diphenylfuran-2-carboxylate",C18H13NO5
COC(=O)c1oc([N+](=O)[O-])c(Cl)c1Cl,"methyl 3,4-dichloro-5-nitrofuran-2-carboxylate",C6H3Cl2NO5
COC(=O)c1occ(-c2ccccc2)c1-c1ccccc1,"methyl 3,4-diphenylfuran-2-carboxylate",C18H14O3
COC(C)(C)C,2-methoxy-2-methylpropane,C5H12O
COC(C)(C)CC(C)=O,4-methoxy-4-methylpentan-2-one,C7H14O2
COC(C)=O,methyl acetate,C3H6O2
COC(C)CCO,3-methoxybutan-1-ol,C5H12O2
COC(C)CCOC(C)=O,3-methoxybutyl acetate,C7H14O3
COC(COC(N)=O)C1=C(N2CC2)C(=O)C(C)=C(N2CC2)C1=O,"[2-[2,5-bis(aziridin-1-yl)-4-methyl-3,6-dioxocyclohexa-1,4-dien-1-yl]-2-methoxyethyl] carbamate",C15H19N3O5
COC(F)(F)C(Cl)Cl,"2,2-dichloro-1,1-difluoro-1-methoxyethane",C3H4Cl2F2O
COC(N)=O,methyl carbamate,C2H5NO2
COC(O)=C1C(C)=NC(C)=C(C(=O)OC/C=C/c2ccccc2)[C@@H]1c1cccc([N+](=O)[O-])c1,"3-O-methyl 5-O-[(E)-3-phenylprop-2-enyl] (4R)-2,6-dimethyl-4-(3-nitrophenyl)-1,4-dihydropyridine-3,5-dicarboxylate",C25H24N2O6
COC(O)=C1C(C)=NC(C)=C(C(=O)OCC(C)=O)[C@@H]1c1ccccc1[N+](=O)[O-],"3-O-methyl 5-O-(2-oxopropyl) (4R)-2,6-dimethyl-4-(2-nitrophenyl)-1,4-dihydropyridine-3,5-dicarboxylate",C19H20N2O7
COC(O)=C1C(C)=NC(COC(N)=O)=C(C(=O)OC(C)C)[C@H]1c1cccc(Cl)c1Cl,"5-O-methyl 3-O-propan-2-yl (4S)-2-(carbamoyloxymethyl)-4-(2,3-dichlorophenyl)-6-methyl-1,4-dihydropyridine-3,5-dicarboxylate",C20H22Cl2N2O6
COC1(NC(=O)CSCC(N)C(=O)O)C(=O)N2C(C(=O)O)=C(CSc3nnnn3C)CSC21,7-[[2-(2-amino-2-carboxyethyl)sulfanylacetyl]amino]-7-methoxy-3-[(1-methyltetrazol-5-yl)sulfanylmethyl]-8-oxo-5-thia-1-azabicyclo[4.2.0]oct-2-ene-2-carboxylic acid,C16H21N7O7S3
COC1(OC2CCC3C4CCC5CC6SC6CC5(C)C4CCC23C)CCCC1,"15-(1-methoxycyclopentyl)oxy-2,16-dimethyl-5-thiapentacyclo[9.7.0.02,8.04,6.012,16]octadecane",C25H40O2S
COC12C(=COC(N)=O)c3c(O)c(N)c(C)c(O)c3N1CC1NC12,"(11-amino-10,13-dihydroxy-7-methoxy-12-methyl-2,5-diazatetracyclo[7.4.0.02,7.04,6]trideca-1(13),9,11-trien-8-ylidene)methyl carbamate",C15H18N4O5
COC12C(COC(N)=O)C3=C(C(=O)C(C)=C(N)C3=O)N1CC1NC12,"(11-amino-7-methoxy-12-methyl-10,13-dioxo-2,5-diazatetracyclo[7.4.0.02,7.04,6]trideca-1(9),11-dien-8-yl)methyl carbamate",C15H18N4O5
COC12OOC1(C)Oc1ccccc12,"7b-methoxy-2a-methyldioxeto[3,4-b][1]benzofuran",C10H10O4
COC1=C(N)C(=O)c2nc(-c3nc(C(=O)O)c(C)c(-c4ccc(OC)c(OC)c4O)c3N)ccc2C1=O,"5-amino-6-(7-amino-6-methoxy-5,8-dioxoquinolin-2-yl)-4-(2-hydroxy-3,4-dimethoxyphenyl)-3-methylpyridine-2-carboxylic acid",C25H22N4O8
COC1=C(OC)C(=O)C(C)=CC1=O,"2,3-dimethoxy-5-methylcyclohexa-2,5-diene-1,4-dione",C9H10O4
COC1=CC(=O)C(=O)C(C(C)(C)C)=C1,"3-tert-butyl-5-methoxycyclohexa-3,5-diene-1,2-dione",C11H14O3
COC1=CC(=O)C=CC1=O,"2-methoxycyclohexa-2,5-diene-1,4-dione",C7H6O3
COC1=CC(=O)C=C/C1=N\c1c2ccccc2nc2ccccc12,"4-acridin-9-ylimino-3-methoxycyclohexa-2,5-dien-1-one",C20H14N2O2
COC1=CC(=O)C[C@@H](C)[C@]12Oc1c(Cl)c(OC)cc(OC)c1C2=O,"(2S,5'R)-7-chloro-3',4,6-trimethoxy-5'-methylspiro[1-benzofuran-2,4'-cyclohex-2-ene]-1',3-dione",C17H17ClO6
COC1=CC(=O)CC(C)C12Oc1c(Cl)c(OC)cc(OC)c1C2=O,"7-chloro-3',4,6-trimethoxy-5'-methylspiro[1-benzofuran-2,4'-cyclohex-2-ene]-1',3-dione",C17H17ClO6
COC1=CC(=O)c2c(nc(C)c3c2[nH]c2ccccc23)C1=O,"3-methoxy-6-methyl-11H-indolo[3,2-c]quinoline-1,4-dione",C17H12N2O3
COC1=CC(=O)c2[nH]c(C)c3c4ccccc4nc-3c2C1=O,"2-methoxy-6-methyl-11H-indolo[3,2-c]quinoline-1,4-dione",C17H12N2O3
COC1=CC(=O)c2c(nc(C)c3c4c([nH]c23)CCCC4)C1=O,"3-methoxy-6-methyl-8,9,10,11-tetrahydro-7H-indolo[3,2-c]quinoline-1,4-dione",C17H16N2O3
COC1=CC(=O)c2c(nc(C)c3c4c[nH]ccc-4nc23)C1=O,"5-methoxy-9-methyl-8,13,17-triazatetracyclo[8.7.0.02,7.011,16]heptadeca-1,4,7,9,11(16),12,14-heptaene-3,6-dione",C16H11N3O3
COC1=CC(=O)c2c3nc4c(c-3c[nH]c2C1=O)CCCC4,"3-methoxy-8,9,10,11-tetrahydro-7H-indolo[3,2-c]quinoline-1,4-dione",C16H14N2O3
COC1=CC(=O)c2c3nc4ccccc4c-3c[nH]c2C1=O,"3-methoxy-11H-indolo[3,2-c]quinoline-1,4-dione",C16H10N2O3
COC1=CC(=O)c2c3nc4ccncc4c-3c[nH]c2C1=O,"5-methoxy-8,13,17-triazatetracyclo[8.7.0.02,7.011,16]heptadeca-1,4,7,9,11(16),12,14-heptaene-3,6-dione",C15H9N3O3
COC1=CC2C3Cc4ccc(OC)c(O)c4C2(CCN3C)CC1=O,"3-hydroxy-4,12-dimethoxy-17-methyl-17-azatetracyclo[7.5.3.01,10.02,7]heptadeca-2(7),3,5,11-tetraen-13-one",C19H23NO4
COC1=CC=CC=CC1,"1-methoxycyclohepta-1,3,5-triene",C8H10O
COC1=C[C@@H]2[C@@H]3Cc4ccc(OC)c(O)c4[C@]2(CCN3C)CC1=O,"(1R,9S,10S)-3-hydroxy-4,12-dimethoxy-17-methyl-17-azatetracyclo[7.5.3.01,10.02,7]heptadeca-2(7),3,5,11-tetraen-13-one",C19H23NO4
COC1COC(COCC2COC(OC)C(OS(=O)(=O)O)C2OS(=O)(=O)O)C(OS(=O)(=O)O)C1OS(=O)(=O)O,"[2-methoxy-5-[(5-methoxy-3,4-disulfooxyoxan-2-yl)methoxymethyl]-3-sulfooxyoxan-4-yl] hydrogen sulfate",C14H26O21S4
COC1OC(=O)C(Cl)=C1C(Cl)Cl,4-chloro-3-(dichloromethyl)-2-methoxy-2H-furan-5-one,C6H5Cl3O3
COC1OC1(C)C,"3-methoxy-2,2-dimethyloxirane",C5H10O2
COC=O,methyl formate,C2H4O2
COCC(=O)O,2-methoxyacetic acid,C3H6O3
COCC(COC(=O)c1ccccc1)(COC(=O)c1ccccc1)COC(=O)c1ccccc1,,C27H26O7
COCC(O)Cn1cc([N+](=O)[O-])nc1Cl,1-(2-chloro-4-nitroimidazol-1-yl)-3-methoxypropan-2-ol,C7H10ClN3O4
COCC12OOC1(C)c1ccccc1O2,"2a-(methoxymethyl)-7b-methyldioxeto[3,4-b][1]benzofuran",C11H12O4
COCC1C=C2c3cccc4c3c(cn4C)CC2N(C)C1,"9-(methoxymethyl)-4,7-dimethyl-6,6a,8,9-tetrahydroindolo[4,3-fg]quinoline",C18H22N2O
COCC1CN(c2ccc3nc(C(O)CCC#N)sc3c2)C(=O)O1,"4-hydroxy-4-[6-[5-(methoxymethyl)-2-oxo-1,3-oxazolidin-3-yl]-1,3-benzothiazol-2-yl]butanenitrile",C16H17N3O4S
COCC1CO1,2-(methoxymethyl)oxirane,C4H8O2
COCC=O,2-methoxyacetaldehyde,C3H6O2
COCCCN,3-methoxypropan-1-amine,C4H11NO
COCCN(CCOC)c1cc(NC(C)=O)c(-n2nc3c(Br)cc(N)c(Cl)c3n2)cc1OC,N-[2-(5-amino-7-bromo-4-chlorobenzotriazol-2-yl)-5-[bis(2-methoxyethyl)amino]-4-methoxyphenyl]acetamide,C21H26BrClN6O4
COCCO,2-methoxyethanol,C3H8O2
COCCOC,"1,2-dimethoxyethane",C4H10O2
COCCOC(=O)c1ccccc1C(=O)OCCOC,"bis(2-methoxyethyl) benzene-1,2-dicarboxylate",C14H18O6
COCCOC(C)=O,2-methoxyethyl acetate,C5H10O3
COCCOCCO,2-(2-methoxyethoxy)ethanol,C5H12O3
COCCOCCOC,1-methoxy-2-(2-methoxyethoxy)ethane,C6H14O3
COCCc1ccc(OCC(O)CNC(C)C)cc1,1-[4-(2-methoxyethyl)phenoxy]-3-(propan-2-ylamino)propan-2-ol,C15H25NO3
COCCOCCOCCOC,1-methoxy-2-[2-(2-methoxyethoxy)ethoxy]ethane,C8H18O4
COCCl,chloro(methoxy)methane,C2H5ClO
COCOC,dimethoxymethane,C3H8O2
COC[C@@H](O)Cn1cc([N+](=O)[O-])nc1Cl,(2S)-1-(2-chloro-4-nitroimidazol-1-yl)-3-methoxypropan-2-ol,C7H10ClN3O4
COC[C@H](O)Cn1ccnc1[N+](=O)[O-],(2R)-1-methoxy-3-(2-nitroimidazol-1-yl)propan-2-ol,C7H11N3O4
COC[C@H]1CO1,(2R)-2-(methoxymethyl)oxirane,C4H8O2
CON,O-methylhydroxylamine,CH5NO
COCc1c(O)cc2c(c1O)C(=O)c1ccccc1C2=O,"1,3-dihydroxy-2-(methoxymethyl)anthracene-9,10-dione",C16H12O5
CON(C)C(=O)Nc1ccc(Cl)c(Cl)c1,"3-(3,4-dichlorophenyl)-1-methoxy-1-methylurea",C9H10Cl2N2O2
COO,hydroperoxymethane,CH4O2
CON(C)C(=O)Nc1ccc(Br)cc1,3-(4-bromophenyl)-1-methoxy-1-methylurea,C9H11BrN2O2
COP(=O)(O)O,methyl dihydrogen phosphate,CH5O4P
COP(=O)(NC(C)=O)SC,N-[methoxy(methylsulfanyl)phosphoryl]acetamide,C4H10NO3PS
COP(=O)(O)OC,dimethyl hydrogen phosphate,C2H7O4P
COP(=O)(OC)C(O)C(Cl)(Cl)Cl,"2,2,2-trichloro-1-dimethoxyphosphorylethanol",C4H8Cl3O4P
COP(=O)(OC)C(OC(=O)CCl)C(Cl)(Cl)Cl,"(2,2,2-trichloro-1-dimethoxyphosphorylethyl) 2-chloroacetate",C6H9Cl4O5P
COP(=O)(OC)N1CCOCC1,4-dimethoxyphosphorylmorpholine,C6H14NO4P
COP(=O)(OC)O/C(=C\Cl)c1cc(Cl)c(Cl)cc1Cl,"[(Z)-2-chloro-1-(2,4,5-trichlorophenyl)ethenyl] dimethyl phosphate",C10H9Cl4O4P
COP(=O)(OC)O/C(=C\Br)c1ccc(Cl)cc1Cl,"[(Z)-2-bromo-1-(2,4-dichlorophenyl)ethenyl] dimethyl phosphate",C10H10BrCl2O4P
COP(=O)(OC)O/C(C)=C\C(=O)O[C@@H](C)c1ccccc1,[(1S)-1-phenylethyl] (Z)-3-dimethoxyphosphoryloxybut-2-enoate,C14H19O6P
COP(=O)(OC)O/C(C)=C/C(=O)OC(C)c1ccccc1,1-phenylethyl (E)-3-dimethoxyphosphoryloxybut-2-enoate,C14H19O6P
COP(=O)(OC)OC,trimethyl phosphate,C3H9O4P
COP(=O)(OC)OC=C(Cl)Cl,"2,2-dichloroethenyl dimethyl phosphate",C4H7Cl2O4P
COP(=O)(OC)Oc1ccc([N+](=O)[O-])c(C)c1,dimethyl (3-methyl-4-nitrophenyl) phosphate,C9H12NO6P
COP(=O)(OC)Oc1c(Cl)cc(C)cc1Cl,"(2,6-dichloro-4-methylphenyl) dimethyl phosphate",C9H11Cl2O4P
COP(=O)(OC)SC,[methoxy(methylsulfanyl)phosphoryl]oxymethane,C3H9O3PS
COP(=O)(OC)[C@H](O)C(Cl)(Cl)Cl,"(1S)-2,2,2-trichloro-1-dimethoxyphosphorylethanol",C4H8Cl3O4P
COP(=O)(SC)SC,bis(methylsulfanyl)phosphoryloxymethane,C3H9O2PS2
COP(=S)(Cl)OC,chloro-dimethoxy-sulfanylidene-lambda5-phosphane,C2H6ClO2PS
COP(=S)(NC(C)C)Oc1ccccc1C(=O)OC(C)C,propan-2-yl 2-[methoxy-(propan-2-ylamino)phosphinothioyl]oxybenzoate,C14H22NO4PS
COP(=S)(OC)OC,trimethoxy(sulfanylidene)-lambda5-phosphane,C3H9O3PS
COP(=S)(OC)Oc1ccc(N)c(C)c1,4-dimethoxyphosphinothioyloxy-2-methylaniline,C9H14NO3PS
COP(=S)(OC)Oc1ccc(N=O)c(C)c1,dimethoxy-(3-methyl-4-nitrosophenoxy)-sulfanylidene-lambda5-phosphane,C9H12NO4PS
COP(=S)(OC)Oc1ccc(SC)c(C)c1,dimethoxy-(3-methyl-4-methylsulfanylphenoxy)-sulfanylidene-lambda5-phosphane,C10H15O3PS2
COP(=S)(OC)Oc1ccc([N+](=O)[O-])cc1,dimethoxy-(4-nitrophenoxy)-sulfanylidene-lambda5-phosphane,C8H10NO5PS
COP(=S)(OC)Oc1nc(Cl)c(Cl)cc1Cl,"dimethoxy-sulfanylidene-[(3,5,6-trichloro-2-pyridinyl)oxy]-lambda5-phosphane",C7H7Cl3NO3PS
COP(=S)(OC)SCC(=O)N(C)C=O,2-dimethoxyphosphinothioylsulfanyl-N-formyl-N-methylacetamide,C6H12NO4PS2
COP(=S)(OC)SCC(=O)NCC=O,2-dimethoxyphosphinothioylsulfanyl-N-(2-oxoethyl)acetamide,C6H12NO4PS2
COP(=S)(OC)SCN1C(=O)c2ccccc2C1=O,"2-(dimethoxyphosphinothioylsulfanylmethyl)isoindole-1,3-dione",C11H12NO4PS2
COP(=S)(OC)SCn1nnc2ccccc2c1=O,"3-(dimethoxyphosphinothioylsulfanylmethyl)-1,2,3-benzotriazin-4-one",C10H12N3O3PS2
COP(O)(=NC(C)=O)SC,,C4H10NO3PS
COP(C)(=O)OC,[methoxy(methyl)phosphoryl]oxymethane,C3H9O3P
COP1(=S)OCc2ccccc2O1,"2-methoxy-2-sulfanylidene-4H-1,3,2lambda5-benzodioxaphosphinine",C8H9O3PS
COS(=O)(=O)C(F)(F)F,methyl trifluoromethanesulfonate,C2H3F3O3S
COS(=O)(=O)F,fluorosulfonyloxymethane,CH3FO3S
COS(C)(=O)=O,methyl methanesulfonate,C2H6O3S
COS(=O)(=O)OC,dimethyl sulfate,C2H6O4S
CO[C@@H]1C[C@](C)(O)Cc2cc3c(c(O)c21)C(=O)c1c(O)cc2c(c1C3=O)O[C@@H]1O[C@@]2(C)[C@H](O)[C@@H](N(C)C)[C@H]1O,,C28H31NO10
CO[C@]12[C@H]3N[C@H]3CN1C1=C(C(=O)C(N)=C(C)C1=O)[C@@H]2COC(N)=O,"[(4S,6S,7R,8R)-11-amino-7-methoxy-12-methyl-10,13-dioxo-2,5-diazatetracyclo[7.4.0.02,7.04,6]trideca-1(9),11-dien-8-yl]methyl carbamate",C15H18N4O5
CO[PH](=O)OC,dimethoxy(oxo)phosphanium,C2H7O3P
COc1c(C(=O)O)c(O)nc2ccccc12,4-methoxy-2-oxo-1H-quinoline-3-carboxylic acid,C11H9NO4
COc1c(C(C)(C)C)cc([N+](=O)[O-])c(C)c1[N+](=O)[O-],"1-tert-butyl-2-methoxy-4-methyl-3,5-dinitrobenzene",C12H16N2O5
COc1c(C=O)c(O)cc2c1C(=O)c1ccccc1C2=O,"3-hydroxy-1-methoxy-9,10-dioxoanthracene-2-carbaldehyde",C16H10O5
COc1c(CO)c(O)cc2c1C(=O)c1ccccc1C2=O,"3-hydroxy-2-(hydroxymethyl)-1-methoxyanthracene-9,10-dione",C16H12O5
COc1c(Cl)c(Cl)c(Cl)c(Cl)c1Cl,"1,2,3,4,5-pentachloro-6-methoxybenzene",C7H3Cl5O
COc1c(Cl)c(Cl)c([N+](=O)[O-])c(Cl)c1Cl,"1,2,4,5-tetrachloro-3-methoxy-6-nitrobenzene",C7H3Cl4NO3
COc1c(Cl)cc2c(c1OC)N(C)C1N3C(=O)C4(C)SSC3(C(=O)N4C)C(O)C21O,"6-chloro-2,3-dihydroxy-7,8-dimethoxy-10,14,18-trimethyl-15,16-dithia-10,12,18-triazapentacyclo[12.2.2.01,12.03,11.04,9]octadeca-4,6,8-triene-13,17-dione",C18H20ClN3O6S2
COc1c(Cl)ccc(Cl)c1C(=O)O,"3,6-dichloro-2-methoxybenzoic acid",C8H6Cl2O3
COc1c(Cl)ccc2oc3cc4c(c(OC)c3c(=O)c12)C1C=COC1O4,"17-chloro-2,18-dimethoxy-7,9,13-trioxapentacyclo[10.8.0.03,10.04,8.014,19]icosa-1,3(10),5,11,14(19),15,17-heptaen-20-one",C19H13ClO6
COc1c(N)cc(C)c(N)c1C,"2-methoxy-3,5-dimethylbenzene-1,4-diamine",C9H14N2O
COc1c(O)c2c(c3cc(C(=O)N4CCc5c4c(O)c(OC)c4[nH]c(C(=O)N6CC7CC78C6=CC(=O)c6[nH]cc(C)c68)cc54)[nH]c13)CCN2C(N)=O,"5-hydroxy-2-[5-hydroxy-4-methoxy-2-(3-methyl-7-oxo-5,10-diazatetracyclo[7.4.0.01,12.02,6]trideca-2(6),3,8-triene-10-carbonyl)-7,8-dihydro-3H-pyrrolo[3,2-e]indole-6-carbonyl]-4-methoxy-7,8-dihydro-3H-pyrrolo[3,2-e]indole-6-carboxamide",C37H33N7O8
COc1c(O)c2c(c3oc(=O)c4c(c13)CCC4=O)C1C=COC1O2,,C17H12O7
COc1c(O)cc2c3c1-c1ccccc1CC3N(C)CC2,"1-methoxy-6-methyl-5,6,6a,7-tetrahydro-4H-dibenzo[de,g]quinolin-2-ol",C18H19NO2
COc1c(OC)c2occc2c2oc(=O)ccc12,"5,6-dimethoxyfuro[2,3-h]chromen-2-one",C13H10O5
COc1c(O)cc2oc(-c3ccc(O)cc3)cc(=O)c2c1O,"5,7-dihydroxy-2-(4-hydroxyphenyl)-6-methoxychromen-4-one",C16H12O6
COc1c([N+](=O)[O-])cc([N+](=O)[O-])cc1[N+](=O)[O-],"2-methoxy-1,3,5-trinitrobenzene",C7H5N3O7
COc1c2c(cc3oc4c(CCC(C)(C)O)ccc(O)c4c(=O)c13)OC1OC=CC21,"18-hydroxy-15-(3-hydroxy-3-methylbutyl)-2-methoxy-7,9,13-trioxapentacyclo[10.8.0.03,10.04,8.014,19]icosa-1,3(10),5,11,14,16,18-heptaen-20-one",C23H22O7
COc1c2c(cc3oc4c(CCC(C)(C)O)ccc(O)c4c(=O)c13)O[C@@H]1OC=C[C@@H]21,"(4S,8S)-18-hydroxy-15-(3-hydroxy-3-methylbutyl)-2-methoxy-7,9,13-trioxapentacyclo[10.8.0.03,10.04,8.014,19]icosa-1,3(10),5,11,14,16,18-heptaen-20-one",C23H22O7
COc1c2cc3c(cc2nc2occc12)OCO3,"8-methoxy-4,12,14-trioxa-2-azatetracyclo[7.7.0.03,7.011,15]hexadeca-1(16),2,5,7,9,11(15)-hexaene",C13H9NO4
COc1c2ccc(O)cc2nc2occc12,"4-methoxyfuro[2,3-b]quinolin-7-ol",C12H9NO3
COc1c2ccccc2[n+]([O-])c2occc12,"4-methoxy-9-oxidofuro[2,3-b]quinolin-9-ium",C12H9NO3
COc1c2ccccc2nc2occc12,"4-methoxyfuro[2,3-b]quinoline",C12H9NO2
COc1c2ccoc2c(OC)c2oc(=O)ccc12,"4,9-dimethoxyfuro[3,2-g]chromen-7-one",C13H10O5
COc1c2ccoc2cc2oc(=O)ccc12,"4-methoxyfuro[3,2-g]chromen-7-one",C12H8O4
COc1c2ccoc2nc2c(O)c3c(c(CC=C(C)C)c12)OCO3,"8-methoxy-10-(3-methylbut-2-enyl)-4,12,14-trioxa-2-azatetracyclo[7.7.0.03,7.011,15]hexadeca-1(16),2,5,7,9,11(15)-hexaen-16-ol",C18H17NO5
COc1c2ccoc2nc2c(O)cccc12,"4-methoxyfuro[2,3-b]quinolin-8-ol",C12H9NO3
COc1c2ccoc2nc2c(OC)c(OCC3OC3(C)C)ccc12,"7-[(3,3-dimethyloxiran-2-yl)methoxy]-4,8-dimethoxyfuro[2,3-b]quinoline",C18H19NO5
COc1c2ccoc2nc2c(OC)c3c(cc12)OCO3,"8,16-dimethoxy-4,12,14-trioxa-2-azatetracyclo[7.7.0.03,7.011,15]hexadeca-1(16),2,5,7,9,11(15)-hexaene",C14H11NO5
COc1c2ccoc2nc2c(OC)cccc12,"4,8-dimethoxyfuro[2,3-b]quinoline",C13H11NO3
COc1c2occc2cc2ccc(=O)oc12,"9-methoxyfuro[3,2-g]chromen-7-one",C12H8O4
COc1cc(-c2cc(OC)cc(C(C)(C)C)c2O)c(O)c(C(C)(C)C)c1,2-tert-butyl-6-(3-tert-butyl-2-hydroxy-5-methoxyphenyl)-4-methoxyphenol,C22H30O4
COc1cc(-c2ccc(N)c(OC)c2)ccc1N,4-(4-amino-3-methoxyphenyl)-2-methoxyaniline,C14H16N2O2
COc1cc(-c2ccc(N=Nc3c(S(=O)(=O)O)cc4cc(N)ccc4c3O)c(OC)c2)ccc1N=Nc1cc(S(=O)(=O)O)c2ccccc2c1O,7-amino-4-hydroxy-3-[[4-[4-[(1-hydroxy-4-sulfonaphthalen-2-yl)diazenyl]-3-methoxyphenyl]-2-methoxyphenyl]diazenyl]naphthalene-2-sulfonic acid,C34H27N5O10S2
COc1cc(-c2ccc(N=C=O)c(OC)c2)ccc1N=C=O,1-isocyanato-4-(4-isocyanato-3-methoxyphenyl)-2-methoxybenzene,C16H12N2O4
COc1cc(-c2ccc(N=Nc3cc(S(=O)(=O)O)c4ccccc4c3O)c(OC)c2)ccc1N=Nc1cc(S(=O)(=O)O)c2ccccc2c1O,4-hydroxy-3-[[4-[4-[(1-hydroxy-4-sulfonaphthalen-2-yl)diazenyl]-3-methoxyphenyl]-2-methoxyphenyl]diazenyl]naphthalene-1-sulfonic acid,C34H26N4O10S2
COc1cc(-c2nc(-c3ccccc3)c(-c3ccccc3)[nH]2)ccc1O,"4-(4,5-diphenyl-1H-imidazol-2-yl)-2-methoxyphenol",C22H18N2O2
COc1cc(/C=C/C(=O)CC(=O)/C=C/c2ccc(O)c(OC)c2)ccc1O,"(1E,6E)-1,7-bis(4-hydroxy-3-methoxyphenyl)hepta-1,6-diene-3,5-dione",C21H20O6
COc1cc(-c2oc3cc(O)cc(O)c3c(=O)c2O)ccc1O,"3,5,7-trihydroxy-2-(4-hydroxy-3-methoxyphenyl)chromen-4-one",C16H12O7
COc1cc(/C=C/C(=O)O)ccc1O,(E)-3-(4-hydroxy-3-methoxyphenyl)prop-2-enoic acid,C10H10O4
COc1cc(/C=C/C(=O)OC2CCC34CC35CCC3(C)C(C(C)CCC=C(C)C)CCC3(C)C5CCC4C2(C)C)ccc1O,"[7,7,12,16-tetramethyl-15-(6-methylhept-5-en-2-yl)-6-pentacyclo[9.7.0.01,3.03,8.012,16]octadecanyl] (E)-3-(4-hydroxy-3-methoxyphenyl)prop-2-enoate",C40H58O4
COc1cc(C(=O)OCCCN2CCCN(CCCOC(=O)c3cc(OC)c(OC)c(OC)c3)CC2)cc(OC)c1OC,"3-[4-[3-(3,4,5-trimethoxybenzoyl)oxypropyl]-1,4-diazepan-1-yl]propyl 3,4,5-trimethoxybenzoate",C31H44N2O10
COc1cc(C(C)=O)cc(OC)c1O,"1-(4-hydroxy-3,5-dimethoxyphenyl)ethanone",C10H12O4
COc1cc(C(C)=O)ccc1O,1-(4-hydroxy-3-methoxyphenyl)ethanone,C9H10O3
COc1cc(C)cc2c(O)c(-c3c(C)cc4c(O)ccc(O)c4c3OC)cc(O)c12,"6-(1,4-dihydroxy-5-methoxy-7-methylnaphthalen-2-yl)-5-methoxy-7-methylnaphthalene-1,4-diol",C24H22O6
COc1cc(C(O)c2ncc([N+](=O)[O-])n2C)c(O)c(C(C)(C)C)c1,2-tert-butyl-6-[hydroxy-(1-methyl-5-nitroimidazol-2-yl)methyl]-4-methoxyphenol,C16H21N3O5
COc1cc(C)cc2c(OC(C)=O)c(-c3c(C)cc4c(OC(C)=O)ccc(OC(C)=O)c4c3OC)cc(OC(C)=O)c12,"[4-acetyloxy-6-(1,4-diacetyloxy-5-methoxy-7-methylnaphthalen-2-yl)-5-methoxy-7-methylnaphthalen-1-yl] acetate",C32H30O10
COc1cc(C)cc2c1C(=O)C=C(c1c(C)cc3c(c1OC)C(=O)C=CC3=O)C2=O,"5-methoxy-6-(5-methoxy-7-methyl-1,4-dioxonaphthalen-2-yl)-7-methylnaphthalene-1,4-dione",C24H18O6
COc1cc(C2OCC3C(c4cc(OC)c(OC)c(OC)c4)OCC23)cc(OC)c1OC,"3,6-bis(3,4,5-trimethoxyphenyl)-1,3,3a,4,6,6a-hexahydrofuro[3,4-c]furan",C24H30O8
COc1cc(C2Oc3cc(C4Oc5cc(O)cc(O)c5C(=O)C4O)ccc3OC2CO)ccc1O,"3,5,7-trihydroxy-2-[3-(4-hydroxy-3-methoxyphenyl)-2-(hydroxymethyl)-2,3-dihydro-1,4-benzodioxin-6-yl]-2,3-dihydrochromen-4-one",C25H22O10
COc1cc(C2Oc3cc(O)cc(O)c3C(=O)C2=O)ccc1O,"5,7-dihydroxy-2-(4-hydroxy-3-methoxyphenyl)chromene-3,4-dione",C16H12O7
COc1cc(C2c3cc4c(cc3C(O)C3COC(=O)C23)OCO4)cc(OC)c1OC,"5-hydroxy-9-(3,4,5-trimethoxyphenyl)-5a,6,8a,9-tetrahydro-5H-[2]benzofuro[5,6-f][1,3]benzodioxol-8-one",C22H22O8
COc1cc(C2c3cc4c(cc3C(OC3OC5COC(C)OC5C(O)C3O)C3COC(=O)C23)OCO4)cc(OC)c1O,"5-[(7,8-dihydroxy-2-methyl-4,4a,6,7,8,8a-hexahydropyrano[3,2-d][1,3]dioxin-6-yl)oxy]-9-(4-hydroxy-3,5-dimethoxyphenyl)-5a,6,8a,9-tetrahydro-5H-[2]benzofuro[6,5-f][1,3]benzodioxol-8-one",C29H32O13
COc1cc(C=O)ccc1O,4-hydroxy-3-methoxybenzaldehyde,C8H8O3
COc1cc(CC2CO2)ccc1O,2-methoxy-4-(oxiran-2-ylmethyl)phenol,C10H12O3
COc1cc(CC2NCCc3cc(O)c(O)cc32)cc(OC)c1OC,"1-[(3,4,5-trimethoxyphenyl)methyl]-1,2,3,4-tetrahydroisoquinoline-6,7-diol",C19H23NO5
COc1cc(CCC(C)=O)ccc1O,4-(4-hydroxy-3-methoxyphenyl)butan-2-one,C11H14O3
COc1cc(CNC(=O)CCCCCCC(C)C)ccc1O,N-[(4-hydroxy-3-methoxyphenyl)methyl]-8-methylnonanamide,C18H29NO3
COc1cc(CNC(=O)C(C)Br)ccc1O,2-bromo-N-[(4-hydroxy-3-methoxyphenyl)methyl]propanamide,C11H14BrNO3
COc1cc(Cl)c(OC)cc1Cl,"1,4-dichloro-2,5-dimethoxybenzene",C8H8Cl2O2
COc1cc(Cc2cnc(N)nc2N)cc(OC)c1OC,"5-[(3,4,5-trimethoxyphenyl)methyl]pyrimidine-2,4-diamine",C14H18N4O3
COc1cc(F)ccc1[N+](=O)[O-],4-fluoro-2-methoxy-1-nitrobenzene,C7H6FNO3
COc1cc(N)c(C)cc1N,"2-methoxy-5-methylbenzene-1,4-diamine",C8H12N2O
COc1cc(N)c([N+](=O)[O-])cc1N,"2-methoxy-5-nitrobenzene-1,4-diamine",C7H9N3O3
COc1cc(N)c(OC)cc1N,"2,5-dimethoxybenzene-1,4-diamine",C8H12N2O2
COc1cc(N)c2c(c1N)C(=O)c1ccccc1C2=O,"1,4-diamino-2-methoxyanthracene-9,10-dione",C15H12N2O3
COc1cc(N)cc(OC)c1N,"2,6-dimethoxybenzene-1,4-diamine",C8H12N2O2
COc1cc(N)ccc1C,3-methoxy-4-methylaniline,C8H11NO
COc1cc(N)ccc1NC(C)=O,N-(4-amino-2-methoxyphenyl)acetamide,C9H12N2O2
COc1cc(N)ccc1N,"2-methoxybenzene-1,4-diamine",C7H10N2O
COc1cc(N=Nc2ccccc2)ccc1N,2-methoxy-4-phenyldiazenylaniline,C13H13N3O
COc1cc(N=Nc2ccc(N)cc2)c(C)cc1N=Nc1c(S(=O)(=O)O)cc2ccc(N)cc2c1O,6-amino-3-[[4-[(4-aminophenyl)diazenyl]-2-methoxy-5-methylphenyl]diazenyl]-4-hydroxynaphthalene-2-sulfonic acid,C24H22N6O5S
COc1cc(NC(C)=O)ccc1NC(C)=O,N-(4-acetamido-3-methoxyphenyl)acetamide,C11H14N2O3
COc1cc(N=Nc2ccccc2)ccc1[N+](=O)[O-],(3-methoxy-4-nitrophenyl)-phenyldiazene,C13H11N3O3
COc1cc(NC(C)CCCN)c2ncccc2c1,"4-N-(6-methoxyquinolin-8-yl)pentane-1,4-diamine",C15H21N3O
COc1cc(NS(C)(=O)=O)ccc1Nc1c2ccc(N=[N+]=[N-])cc2nc2c(C)cccc12,N-[4-[(3-azido-5-methylacridin-9-yl)amino]-3-methoxyphenyl]methanesulfonamide,C22H20N6O3S
COc1cc(NS(C)(=O)=O)ccc1Nc1c2ccccc2nc2cc(N=[N+]=[N-])ccc12,N-[4-[(3-azidoacridin-9-yl)amino]-3-methoxyphenyl]methanesulfonamide,C21H18N6O3S
COc1cc(NS(C)(=O)=O)ccc1Nc1c2ccccc2nc2ccc(N=[N+]=[N-])cc12,N-[4-[(2-azidoacridin-9-yl)amino]-3-methoxyphenyl]methanesulfonamide,C21H18N6O3S
COc1cc(NS(C)(=O)=O)ccc1Nc1c2ccccc2nc2ccccc12,N-[4-(acridin-9-ylamino)-3-methoxyphenyl]methanesulfonamide,C21H19N3O3S
COc1cc(N[C@H](C)CCCN)c2ncccc2c1,"(4R)-4-N-(6-methoxyquinolin-8-yl)pentane-1,4-diamine",C15H21N3O
COc1cc(O)c2c(=O)c(O)c(-c3ccc(O)c(O)c3)oc2c1,"2-(3,4-dihydroxyphenyl)-3,5-dihydroxy-7-methoxychromen-4-one",C16H12O7
COc1cc(O)c2c(=O)c3c(O)ccc(O)c3oc2c1,"1,5,8-trihydroxy-3-methoxyxanthen-9-one",C14H10O6
COc1cc(O)c2c(=O)c3c(OC)cc4c(c3oc2c1OC)C1C=COC1O4,"15-hydroxy-11,17,18-trimethoxy-6,8,20-trioxapentacyclo[10.8.0.02,9.03,7.014,19]icosa-1,4,9,11,14(19),15,17-heptaen-13-one",C20H16O8
COc1cc(O)c2c(=O)c3c(OC)cc4c(c3oc2c1OC)C1CCOC1O4,"15-hydroxy-11,17,18-trimethoxy-6,8,20-trioxapentacyclo[10.8.0.02,9.03,7.014,19]icosa-1,9,11,14(19),15,17-hexaen-13-one",C20H18O8
COc1cc(O)c2c(=O)c3c(OC)cc4c(c3oc2c1OC)[C@@H]1C=CO[C@H]1O4,,C20H16O8
COc1cc(O)c2c(=O)c3cc(OC)ccc3oc2c1,"1-hydroxy-3,7-dimethoxyxanthen-9-one",C15H12O5
COc1cc(O)c2c(=O)c3cc(O)ccc3oc2c1,"1,7-dihydroxy-3-methoxyxanthen-9-one",C14H10O5
COc1cc(O)c2c(O)c3c(=O)oc(C)cc3c(OC)c2c1,"9,10-dihydroxy-5,7-dimethoxy-3-methylbenzo[g]isochromen-1-one",C16H14O6
COc1cc(O)c2c(=O)oc3cc(O)cc(C)c3c2c1,"3,7-dihydroxy-9-methoxy-1-methylbenzo[c]chromen-6-one",C15H12O5
COc1cc(O)c2c(O)c3c(O)cc(C)cc3cc2c1,"3-methoxy-6-methylanthracene-1,8,9-triol",C16H14O4
COc1cc(O)c2c(c1)C(=O)c1c(O)c(C)cc(O)c1C2=O,"1,4,5-trihydroxy-7-methoxy-2-methylanthracene-9,10-dione",C16H12O6
COc1cc(O)c2c(c1)C(=O)c1cc(C)cc(O)c1C2=O,"1,8-dihydroxy-3-methoxy-6-methylanthracene-9,10-dione",C16H12O5
COc1cc(O)c2c(c1)C1=CC(O)C(O)CC1(C)OC2=O,"2,3,7-trihydroxy-9-methoxy-4a-methyl-3,4-dihydro-2H-benzo[c]chromen-6-one",C15H16O6
COc1cc(O)c2c(c1)OC(c1ccc(O)c(O)c1)C(=O)C2=O,"2-(3,4-dihydroxyphenyl)-5-hydroxy-7-methoxychromene-3,4-dione",C16H12O7
COc1cc(O)c2c(c1)Cc1cc(C)cc(O)c1C2=O,"1,8-dihydroxy-3-methoxy-6-methyl-10H-anthracen-9-one",C16H14O4
COc1cc(O)cc2c1cc([N+](=O)[O-])c1c(C(=O)O)cc3c(c12)OCO3,"10-hydroxy-8-methoxy-6-nitronaphtho[2,1-g][1,3]benzodioxole-5-carboxylic acid",C17H11NO8
COc1cc(O)ccc1Nc1c2ccccc2nc2ccccc12,4-(acridin-9-ylamino)-3-methoxyphenol,C20H16N2O2
COc1cc(OC)c(C2OC2C)cc1OC,"2-methyl-3-(2,4,5-trimethoxyphenyl)oxirane",C12H16O4
COc1cc(OC)c(Cl)c(-n2c(-c3ccccc3)cc(=O)c(C)c2-c2ccc(F)cc2)c1,"1-(2-chloro-3,5-dimethoxyphenyl)-2-(4-fluorophenyl)-3-methyl-6-phenylpyridin-4-one",C26H21ClFNO3
COc1cc(OC)c(OC)cc1C=O,"2,4,5-trimethoxybenzaldehyde",C10H12O4
COc1cc(OC)c2c(=O)c3c(O)ccc(OC)c3oc2c1,"8-hydroxy-1,3,5-trimethoxyxanthen-9-one",C16H14O6
COc1cc(OC)c2c(=O)c3cc(OC)ccc3oc2c1,"1,3,7-trimethoxyxanthen-9-one",C16H14O5
COc1cc(OC)c2c(c1)OC1OC3OC3C21,"11,13-dimethoxy-4,6,8-trioxatetracyclo[7.4.0.02,7.03,5]trideca-1(9),10,12-triene",C12H12O5
COc1cc(OC)c2c(c1)OC1OC=CC21,"6,8-dimethoxy-3a,8b-dihydrofuro[2,3-b][1]benzofuran",C12H12O4
COc1cc(OC)c2cc([N+](=O)[O-])c3c(C(=O)O)cc4c(c3c2c1)OCO4,"8,10-dimethoxy-6-nitronaphtho[2,1-g][1,3]benzodioxole-5-carboxylic acid",C18H13NO8
COc1cc(OC)c2nc3occc3c(OC)c2c1,"4,6,8-trimethoxyfuro[2,3-b]quinoline",C14H13NO4
COc1cc(OC2OC(CO)C(O)C(O)C2O)c2c(=O)c3c(O)ccc(O)c3oc2c1,"5,8-dihydroxy-3-methoxy-1-[3,4,5-trihydroxy-6-(hydroxymethyl)oxan-2-yl]oxyxanthen-9-one",C20H20O11
COc1cc(O[C@@H]2O[C@H](CO)[C@@H](O)[C@H](O)[C@H]2O)c2c(=O)c3c(O)ccc(O)c3oc2c1,"5,8-dihydroxy-3-methoxy-1-[(2S,3R,4S,5S,6R)-3,4,5-trihydroxy-6-(hydroxymethyl)oxan-2-yl]oxyxanthen-9-one",C20H20O11
COc1cc(Oc2ccc(Cl)cc2Cl)cc([N+](=O)[O-])c1,"2,4-dichloro-1-(3-methoxy-5-nitrophenoxy)benzene",C13H9Cl2NO4
COc1cc(S(=O)(=O)O)c(C)cc1N=Nc1c(O)ccc2cc(S(=O)(=O)O)ccc12,6-hydroxy-5-[(2-methoxy-5-methyl-4-sulfophenyl)diazenyl]naphthalene-2-sulfonic acid,C18H16N2O8S2
COc1cc([C@@H]2c3cc4c(cc3[C@@H](O[C@@H]3O[C@@H]5CO[C@@H](c6cccs6)O[C@H]5[C@H](O)[C@@H]3O)[C@H]3COC(=O)[C@@H]23)OCO4)cc(OC)c1O,,C32H32O13S
COc1cc([N+](=O)[O-])c2ncccc2c1,6-methoxy-8-nitroquinoline,C10H8N2O3
COc1cc([N+](=O)[O-])c(O)c(C(C)(C)C)c1,2-tert-butyl-4-methoxy-6-nitrophenol,C11H15NO4
COc1cc([N+](=O)[O-])ccc1N,2-methoxy-4-nitroaniline,C7H8N2O3
COc1cc([N+](=O)[O-])ccc1N=N[C@H](C(C)=O)C(=O)Nc1ccccc1OC,(2R)-2-[(2-methoxy-4-nitrophenyl)diazenyl]-N-(2-methoxyphenyl)-3-oxobutanamide,C18H18N4O6
COc1cc([N+](=O)[O-])ccc1NC(C)=O,N-(2-methoxy-4-nitrophenyl)acetamide,C9H10N2O4
COc1cc2c(CCNC(C)=O)c[nH]c2cc1O,N-[2-(6-hydroxy-5-methoxy-1H-indol-3-yl)ethyl]acetamide,C13H16N2O3
COc1cc2c(c(O)c1O)C(=O)c1c(O)cc(C)cc1C2=O,"1,2,8-trihydroxy-3-methoxy-6-methylanthracene-9,10-dione",C16H12O6
COc1cc2c(c(OC)c1CO)C(=O)c1ccccc1C2=O,"2-(hydroxymethyl)-1,3-dimethoxyanthracene-9,10-dione",C17H14O5
COc1cc2c(c(OC)c1OC)-c1ccc(OC)c(=O)cc1C(NC(C)=O)CC2,"N-(1,2,3,10-tetramethoxy-9-oxo-6,7-dihydro-5H-benzo[a]heptalen-7-yl)acetamide",C22H25NO6
COc1cc2c(c3c(C)cc4ccccc4c13)CCC2=O,"11-methoxy-7-methyl-15,16-dihydrocyclopenta[a]phenanthren-17-one",C19H16O2
COc1cc2c(c(OC)c1OC)-c1ccc(OC)c(=O)cc1[C@H](NC(C)=O)CC2,"N-[(7R)-1,2,3,10-tetramethoxy-9-oxo-6,7-dihydro-5H-benzo[a]heptalen-7-yl]acetamide",C22H25NO6
COc1cc2c(c3ccc4ccccc4c13)CCC2=O,"11-methoxy-15,16-dihydrocyclopenta[a]phenanthren-17-one",C18H14O2
COc1cc2c(c3ccc4ccccc4c13)CCC2C,"11-methoxy-17-methyl-16,17-dihydro-15H-cyclopenta[a]phenanthrene",C19H18O
COc1cc2c(c3oc(=O)c4c(c13)C(Cl)C(Cl)C4=O)C1C=COC1O2,,C17H10Cl2O6
COc1cc2c(c3oc(=O)c4c(c13)C(O)CC4=O)C1C=COC1O2,"14-hydroxy-11-methoxy-6,8,19-trioxapentacyclo[10.7.0.02,9.03,7.013,17]nonadeca-1,4,9,11,13(17)-pentaene-16,18-dione",C17H12O7
COc1cc2c(c3oc(=O)c4c(c13)CCC4=O)C1(C)C3OC3OC1(C)O2,,C19H16O7
COc1cc2c(c3oc(=O)c4c(c13)C(O)CC4O)C1C=COC1O2,"14,16-dihydroxy-11-methoxy-6,8,19-trioxapentacyclo[10.7.0.02,9.03,7.013,17]nonadeca-1,4,9,11,13(17)-pentaen-18-one",C17H14O7
COc1cc2c(c3oc(=O)c4c(c13)CCC4=O)C1(O)C=COC1O2,"3-hydroxy-11-methoxy-6,8,19-trioxapentacyclo[10.7.0.02,9.03,7.013,17]nonadeca-1,4,9,11,13(17)-pentaene-16,18-dione",C17H12O7
COc1cc2c(c3oc(=O)c4c(c13)CCC4=O)C1C=COC1O2,"11-methoxy-6,8,19-trioxapentacyclo[10.7.0.02,9.03,7.013,17]nonadeca-1,4,9,11,13(17)-pentaene-16,18-dione",C17H12O6
COc1cc2c(c3oc(=O)c4c(c13)CCC4=O)C1C(O2)OC2OC21,"12-methoxy-5,7,9,20-tetraoxahexacyclo[11.7.0.02,10.03,8.04,6.014,18]icosa-1,10,12,14(18)-tetraene-17,19-dione",C17H12O7
COc1cc2c(c3oc(=O)c4c(c13)CCC4=O)[C@@H]1C=CO[C@@H]1O2,"(3S,7R)-11-methoxy-6,8,19-trioxapentacyclo[10.7.0.02,9.03,7.013,17]nonadeca-1,4,9,11,13(17)-pentaene-16,18-dione",C17H12O6
COc1cc2c(c3oc(=O)c4c(c13)CCC4=O)C1CCOC1O2,"11-methoxy-6,8,19-trioxapentacyclo[10.7.0.02,9.03,7.013,17]nonadeca-1,9,11,13(17)-tetraene-16,18-dione",C17H14O6
COc1cc2c(c3oc(=O)c4c(c13)CCOC4=O)C1C=COC1O2,"11-methoxy-6,8,16,20-tetraoxapentacyclo[10.8.0.02,9.03,7.013,18]icosa-1,4,9,11,13(18)-pentaene-17,19-dione",C17H12O7
COc1cc2c(c3oc(=O)c4c(c13)CCC4O)C1C=COC1O2,"16-hydroxy-11-methoxy-6,8,19-trioxapentacyclo[10.7.0.02,9.03,7.013,17]nonadeca-1,4,9,11,13(17)-pentaen-18-one",C17H14O6
COc1cc2c(c3oc(=O)c4c(c13)CC[C@@H]4O)[C@@H]1C=CO[C@@H]1O2,"(3S,7R,16S)-16-hydroxy-11-methoxy-6,8,19-trioxapentacyclo[10.7.0.02,9.03,7.013,17]nonadeca-1,4,9,11,13(17)-pentaen-18-one",C17H14O6
COc1cc2c(c3oc(=O)c4c(c13)CCOC4=O)C1CCOC1O2,"11-methoxy-6,8,16,20-tetraoxapentacyclo[10.8.0.02,9.03,7.013,18]icosa-1,9,11,13(18)-tetraene-17,19-dione",C17H14O7
COc1cc2c(c3oc(=O)c4c(c13)[C@@H](O)C[C@@H]4O)[C@@H]1C=CO[C@@H]1O2,,C17H14O7
COc1cc2c(c3oc(=O)c4c(c13)[C@@H](Cl)[C@@H](Cl)C4=O)[C@@H]1C=CO[C@@H]1O2,,C17H10Cl2O6
COc1cc2c(c3oc(O)c4c(O)cc(O)c-4c13)C1C=COC1O2,,C17H12O7
COc1cc2c(c3oc(O)c4c(O)ccc-4c13)C1(O)C=COC1O2,,C17H12O7
COc1cc2c(c3oc(O)c4c(O)ccc-4c13)C1C(O2)OC2OC21,,C17H12O7
COc1cc2c(c3oc(O)c4c(O)ccc-4c13)C1C=COC1O2,,C17H12O6
COc1cc2c(c3oc(O)c4c(O)ccc-4c13)C1CCOC1O2,,C17H14O6
COc1cc2c(c3oc4cccc(O)c4c(=O)c13)C1CCOC1O2,"15-hydroxy-11-methoxy-6,8,20-trioxapentacyclo[10.8.0.02,9.03,7.014,19]icosa-1,9,11,14,16,18-hexaen-13-one",C18H14O6
COc1cc2c(c3oc4cccc(O)c4c(=O)c13)C1C=COC1O2,"15-hydroxy-11-methoxy-6,8,20-trioxapentacyclo[10.8.0.02,9.03,7.014,19]icosa-1,4,9,11,14,16,18-heptaen-13-one",C18H12O6
COc1cc2c(c3oc4cccc(O)c4c(=O)c13)[C@@H]1C=CO[C@H]1O2,"(3S,7S)-15-hydroxy-11-methoxy-6,8,20-trioxapentacyclo[10.8.0.02,9.03,7.014,19]icosa-1,4,9,11,14,16,18-heptaen-13-one",C18H12O6
COc1cc2c(cc1O)CC1c3c(cc(OC)c(O)c3-2)CC[N+]1(C)C,"2,10-dimethoxy-6,6-dimethyl-5,6,6a,7-tetrahydro-4H-dibenzo[de,g]quinolin-6-ium-1,9-diol",C20H24NO4+
COc1cc2c(cc1OC)-c1c3c(cc4c1C(C2)N(C)CC4)OCO3,"16,17-dimethoxy-11-methyl-3,5-dioxa-11-azapentacyclo[10.7.1.02,6.08,20.014,19]icosa-1(20),2(6),7,14,16,18-hexaene",C20H21NO4
COc1cc2c(cc1O)CCN[C@]21CSC2c3c(OC(C)=O)c(C)c4c(c3[C@H](COC1=O)N1[C@@H](O)[C@@H]3Cc5cc(C)c(OC)c(O)c5[C@H]([C@H]21)N3C)OCO4,"[(2R,3R,11S,12S,14R,26R)-5,6',12-trihydroxy-6,7'-dimethoxy-7,21,30-trimethyl-27-oxospiro[17,19,28-trioxa-24-thia-13,30-diazaheptacyclo[12.9.6.13,11.02,13.04,9.015,23.016,20]triaconta-4(9),5,7,15,20,22-hexaene-26,1'-3,4-dihydro-2H-isoquinoline]-22-yl] acetate",C39H43N3O11S
COc1cc2c(cc1OC)C13CCN4CC5=CCOC6CC(=O)N2C1C6C5CC43,"10,11-dimethoxy-4a,5,5a,7,8,13a,15,15a,15b,16-decahydro-2H-4,6-methanoindolo[3,2,1-ij]oxepino[2,3,4-de]pyrrolo[2,3-h]quinolin-14-one",C23H26N2O4
COc1cc2c(cc1OC)CN(N=O)CC2,"6,7-dimethoxy-2-nitroso-3,4-dihydro-1H-isoquinoline",C11H14N2O3
COc1cc2c(cc1OC)[C@@]13CCN4CC5=CCO[C@@H]6CC(=O)N2[C@H]1[C@H]6[C@@H]5C[C@@H]43,,C23H26N2O4
COc1cc2c3c(c1)Oc1c(OC)c(OC)cc4c1[C@H](Cc1ccc(OC)c(c1)Oc1ccc(cc1)C[C@@H]3N(C)CC2)N(C)CC4,"(9S,27S)-4,15,16,21-tetramethoxy-10,26-dimethyl-2,18-dioxa-10,26-diazaheptacyclo[27.2.2.13,7.19,13.119,23.017,35.027,34]hexatriaconta-1(31),3,5,7(36),13,15,17(35),19,21,23(34),29,32-dodecaene",C38H42N2O6
COc1cc2c3c(c1O)-c1cc4c(cc1CC3N(C)CC2)OCO4,"18-methoxy-13-methyl-5,7-dioxa-13-azapentacyclo[10.7.1.02,10.04,8.016,20]icosa-1(20),2,4(8),9,16,18-hexaen-19-ol",C19H19NO4
COc1cc2c3c(c1OC)-c1cc4c(cc1CC3N(C)CC2)OCO4,"18,19-dimethoxy-13-methyl-5,7-dioxa-13-azapentacyclo[10.7.1.02,10.04,8.016,20]icosa-1(20),2,4(8),9,16,18-hexaene",C20H21NO4
COc1cc2c3c(cc(C)c2c2ccccc12)C(=O)CC3,"6-methoxy-11-methyl-15,16-dihydrocyclopenta[a]phenanthren-17-one",C19H16O2
COc1cc2c3c(cc4ccccc4c3c1OC)N(C=O)CC2,"15,16-dimethoxy-10-azatetracyclo[7.7.1.02,7.013,17]heptadeca-1(17),2,4,6,8,13,15-heptaene-10-carbaldehyde",C19H17NO3
COc1cc2c3c(cc4cc5c(cc4c3c1OC)OCO5)N(C)CC2,"18,19-dimethoxy-13-methyl-5,7-dioxa-13-azapentacyclo[10.7.1.02,10.04,8.016,20]icosa-1,3,8,10,12(20),16,18-heptaene",C20H19NO4
COc1cc2ccnc3c2c(c1OC)-c1ccccc1C3=O,"15,16-dimethoxy-10-azatetracyclo[7.7.1.02,7.013,17]heptadeca-1(17),2,4,6,9,11,13,15-octaen-8-one",C18H13NO3
COc1cc2nc3cc(N)c(OC)cc3nc2cc1N,"3,8-dimethoxyphenazine-2,7-diamine",C14H14N4O2
COc1cc2nc3ccccc3c(O)c2cc1OC,"2,3-dimethoxy-10H-acridin-9-one",C15H13NO3
COc1cc2nc3cc(N)ccc3nc2cc1N,"3-methoxyphenazine-2,7-diamine",C13H12N4O
COc1cc2nc3occc3c(OC)c2cc1OC,"4,6,7-trimethoxyfuro[2,3-b]quinoline",C14H13NO4
COc1cc2oc(-c3ccc(O)cc3)c(O)c(=O)c2cc1OC,"3-hydroxy-2-(4-hydroxyphenyl)-6,7-dimethoxychromen-4-one",C17H14O6
COc1ccc(-c2nc(-c3ccc(C)cc3)c(-c3ccc(C)cc3)[nH]2)cc1OC,"2-(3,4-dimethoxyphenyl)-4,5-bis(4-methylphenyl)-1H-imidazole",C25H24N2O2
COc1ccc(-c2coc3cc(O)cc(O)c3c2=O)cc1,"5,7-dihydroxy-3-(4-methoxyphenyl)chromen-4-one",C16H12O5
COc1ccc(-c2nc(-c3ccc(C)cc3C)[nH]c2-c2ccc(OC)cc2)cc1,"2-(2,4-dimethylphenyl)-4,5-bis(4-methoxyphenyl)-1H-imidazole",C25H24N2O2
COc1ccc(-c2nc(-c3ccc(OC)cc3)c(-c3ccc(OC)cc3)[nH]2)cc1,"2,4,5-tris(4-methoxyphenyl)-1H-imidazole",C24H22N2O3
COc1ccc(-c2nc(-c3ccccc3)c(-c3ccccc3)[nH]2)cc1,"2-(4-methoxyphenyl)-4,5-diphenyl-1H-imidazole",C22H18N2O
COc1ccc(-c2noc(CC(=O)O)c2-c2ccc(OC)cc2)cc1,"2-[3,4-bis(4-methoxyphenyl)-1,2-oxazol-5-yl]acetic acid",C19H17NO5
COc1ccc(-c2nc(-c3ccccc3)c(-c3ccccc3)[nH]2)cc1OC,"2-(3,4-dimethoxyphenyl)-4,5-diphenyl-1H-imidazole",C23H20N2O2
COc1ccc(-c2oc3ccccc3c(=O)c2N)cc1N,3-amino-2-(3-amino-4-methoxyphenyl)chromen-4-one,C16H14N2O3
COc1ccc(-c2oc3ccccc3c(=O)c2[N+](=O)[O-])cc1[N+](=O)[O-],2-(4-methoxy-3-nitrophenyl)-3-nitrochromen-4-one,C16H10N2O7
COc1ccc(/C(Br)=C\C(=O)O)cc1,,C10H9BrO3
COc1ccc(/C=C/C(=O)c2ccccc2)cc1,(E)-3-(4-methoxyphenyl)-1-phenylprop-2-en-1-one,C16H14O2
COc1ccc(/C=C/c2ccc(N)cc2)cc1,4-[(E)-2-(4-methoxyphenyl)ethenyl]aniline,C15H15NO
COc1ccc(/C=C/c2ccc([N+](=O)[O-])cc2)cc1,1-[(E)-2-(4-methoxyphenyl)ethenyl]-4-nitrobenzene,C15H13NO3
COc1ccc(C(=C(C#N)CCC(=O)O)c2ccc(OC)cc2)cc1,"4-cyano-5,5-bis(4-methoxyphenyl)pent-4-enoic acid",C20H19NO4
COc1ccc(/C=N/n2nnc3c4ccccc4nc-3c2O)cc1,"3-[(E)-(4-methoxyphenyl)methylideneamino]-5H-triazino[5,4-b]indol-4-one",C17H13N5O2
COc1ccc(C(=O)/C=C/c2ccccc2)cc1,(E)-1-(4-methoxyphenyl)-3-phenylprop-2-en-1-one,C16H14O2
COc1ccc(C(=O)C2OC2c2ccccc2)cc1,(4-methoxyphenyl)-(3-phenyloxiran-2-yl)methanone,C16H14O3
COc1ccc(C(=O)N2CCN(c3ccc4c(c3)CCC(=O)N4)CC2)cc1OC,"6-[4-(3,4-dimethoxybenzoyl)piperazin-1-yl]-3,4-dihydro-1H-quinolin-2-one",C22H25N3O4
COc1ccc(C(=O)Nc2ccccc2)cc1[N+](=O)[O-],4-methoxy-3-nitro-N-phenylbenzamide,C14H12N2O4
COc1ccc(C(=O)ON(OCc2ccccc2)C(=O)c2ccccc2)cc1,[benzoyl(phenylmethoxy)amino] 4-methoxybenzoate,C22H19NO5
COc1ccc(C(=O)c2ccccc2)c(O)c1,(2-hydroxy-4-methoxyphenyl)-phenylmethanone,C14H12O3
COc1ccc(C(=O)c2ccccc2O)c(O)c1,(2-hydroxy-4-methoxyphenyl)-(2-hydroxyphenyl)methanone,C14H12O4
COc1ccc(C(Cl)=C(c2ccc(OC)cc2)c2ccc(OC)cc2)cc1,"1-[1-chloro-2,2-bis(4-methoxyphenyl)ethenyl]-4-methoxybenzene",C23H21ClO3
COc1ccc(C(=O)n2ncc(Cl)c(Cl)c2=O)cc1,"4,5-dichloro-2-(4-methoxybenzoyl)pyridazin-3-one",C12H8Cl2N2O3
COc1ccc(C(c2ccc(OC)cc2)C(Cl)(Cl)Cl)cc1,"1-methoxy-4-[2,2,2-trichloro-1-(4-methoxyphenyl)ethyl]benzene",C16H15Cl3O2
COc1ccc(C)cc1N,2-methoxy-5-methylaniline,C8H11NO
COc1ccc(C2CC(=O)c3c(O)cc(OC4OC(COC5OC(C)C(O)C(O)C5O)C(O)C(O)C4O)cc3O2)cc1O,"5-hydroxy-2-(3-hydroxy-4-methoxyphenyl)-7-[3,4,5-trihydroxy-6-[(3,4,5-trihydroxy-6-methyloxan-2-yl)oxymethyl]oxan-2-yl]oxy-2,3-dihydrochromen-4-one",C28H34O15
COc1ccc(C2OC2C(=O)c2ccccc2)cc1,[3-(4-methoxyphenyl)oxiran-2-yl]-phenylmethanone,C16H14O3
COc1ccc(C2OC2C)cc1,2-(4-methoxyphenyl)-3-methyloxirane,C10H12O2
COc1ccc(C=Nn2nnc3c([nH]c4ccccc43)c2=O)cc1,"3-[(4-methoxyphenyl)methylideneamino]-5H-triazino[5,4-b]indol-4-one",C17H13N5O2
COc1ccc(C=O)cc1,4-methoxybenzaldehyde,C8H8O2
COc1ccc(C=O)cc1OC,"3,4-dimethoxybenzaldehyde",C9H10O3
COc1ccc(CC2CO2)cc1OC,"2-[(3,4-dimethoxyphenyl)methyl]oxirane",C11H14O3
COc1ccc(CC2CO2)cc1,2-[(4-methoxyphenyl)methyl]oxirane,C10H12O2
COc1ccc(CCC(=O)c2c(O)cc(O[C@@H]3O[C@H](CO)[C@@H](O)[C@H](O)[C@H]3O[C@@H]3O[C@@H](C)[C@H](O)[C@@H](O)[C@H]3O)cc2O)cc1O,"1-[4-[(2S,3R,4S,5S,6R)-4,5-dihydroxy-6-(hydroxymethyl)-3-[(2S,3R,4R,5R,6S)-3,4,5-trihydroxy-6-methyloxan-2-yl]oxyoxan-2-yl]oxy-2,6-dihydroxyphenyl]-3-(3-hydroxy-4-methoxyphenyl)propan-1-one",C28H36O15
COc1ccc(CCC2CO2)cc1,2-[2-(4-methoxyphenyl)ethyl]oxirane,C11H14O2
COc1ccc(CCl)cc1,1-(chloromethyl)-4-methoxybenzene,C8H9ClO
COc1ccc(CN(C)N=O)cc1,N-[(4-methoxyphenyl)methyl]-N-methylnitrous amide,C9H12N2O2
COc1ccc(CN(CCN(C)C)c2ccccn2)cc1,"N'-[(4-methoxyphenyl)methyl]-N,N-dimethyl-N'-pyridin-2-ylethane-1,2-diamine",C17H23N3O
COc1ccc(CN(CCN(C)C)c2ncccn2)cc1,"N'-[(4-methoxyphenyl)methyl]-N,N-dimethyl-N'-pyrimidin-2-ylethane-1,2-diamine",C16H22N4O
COc1ccc(CN(CC[N+](C)(C)[O-])c2ccccn2)cc1,"2-[(4-methoxyphenyl)methyl-pyridin-2-ylamino]-N,N-dimethylethanamine oxide",C17H23N3O2
COc1ccc(CNC(=O)C(C)Br)cc1,2-bromo-N-[(4-methoxyphenyl)methyl]propanamide,C11H14BrNO2
COc1ccc(CN2C3c4ccccc4-c4ccccc4C32)cc1,"1-[(4-methoxyphenyl)methyl]-1a,9b-dihydrophenanthro[9,10-b]azirine",C22H19NO
COc1ccc(CNC(=O)C(C)Br)cc1OC,"2-bromo-N-[(3,4-dimethoxyphenyl)methyl]propanamide",C12H16BrNO3
COc1ccc(CNCC(O)COc2ccc3nc(O)ccc3c2)cc1OC,"6-[3-[(3,4-dimethoxyphenyl)methylamino]-2-hydroxypropoxy]-1H-quinolin-2-one",C21H24N2O5
COc1ccc(CO)cc1,(4-methoxyphenyl)methanol,C8H10O2
COc1ccc(CON(OC(C)=O)C(=O)c2ccccc2)cc1,[benzoyl-[(4-methoxyphenyl)methoxy]amino] acetate,C17H17NO5
COc1ccc(Cc2nccc3cc(OC)c(OC)cc23)cc1OC,"1-[(3,4-dimethoxyphenyl)methyl]-6,7-dimethoxyisoquinoline",C20H21NO4
COc1ccc(Cc2cnc(N)nc2N)cc1OC,"5-[(3,4-dimethoxyphenyl)methyl]pyrimidine-2,4-diamine",C13H16N4O2
COc1ccc(N(CCCl)CCCl)c2oc([N+](=O)[O-])cc12,"N,N-bis(2-chloroethyl)-4-methoxy-2-nitro-1-benzofuran-7-amine",C13H14Cl2N2O4
COc1ccc(N(CCCl)CCCl)c2cc([N+](=O)[O-])oc12,"N,N-bis(2-chloroethyl)-7-methoxy-2-nitro-1-benzofuran-4-amine",C13H14Cl2N2O4
COc1ccc(N)c(OC)c1,"2,4-dimethoxyaniline",C8H11NO2
COc1ccc(N)c(C)c1,4-methoxy-2-methylaniline,C8H11NO
COc1ccc(N)c2c1C(=O)c1ccccc1C2=O,"1-amino-4-methoxyanthracene-9,10-dione",C15H11NO3
COc1ccc(N)cc1,4-methoxyaniline,C7H9NO
COc1ccc(N)cc1N,"4-methoxybenzene-1,3-diamine",C7H10N2O
COc1ccc(N=Nc2ccc(N(C)C)cc2)cn1,"4-[(6-methoxy-3-pyridinyl)diazenyl]-N,N-dimethylaniline",C14H16N4O
COc1ccc(N=Nc2ccc(N(C)C)cc2)cc1,"4-[(4-methoxyphenyl)diazenyl]-N,N-dimethylaniline",C15H17N3O
COc1ccc(N=O)cc1,1-methoxy-4-nitrosobenzene,C7H7NO2
COc1ccc(N=[N+]([O-])c2ccc(OC)cc2)cc1,(4-methoxyphenyl)-(4-methoxyphenyl)imino-oxidoazanium,C14H14N2O3
COc1ccc(NC(=O)c2csc([N+](=O)[O-])c2)cc1,N-(4-methoxyphenyl)-5-nitrothiophene-3-carboxamide,C12H10N2O4S
COc1ccc(NOS(=O)(=O)O)cc1N,,C7H10N2O5S
COc1ccc(Nc2c3ccccc3nc3ccccc23)cc1,N-(4-methoxyphenyl)acridin-9-amine,C20H16N2O
COc1ccc(Nc2ccc(OC)cc2)cc1,4-methoxy-N-(4-methoxyphenyl)aniline,C14H15NO2
COc1ccc(O)c2c(=O)c3c(OC)cc4c(c3oc12)C1C=COC1O4,"15-hydroxy-11,18-dimethoxy-6,8,20-trioxapentacyclo[10.8.0.02,9.03,7.014,19]icosa-1,4,9,11,14,16,18-heptaen-13-one",C19H14O7
COc1ccc(O)c(C(C)(C)C)c1,2-tert-butyl-4-methoxyphenol,C11H16O2
COc1ccc(O)c2c(=O)c3c(OC)cc4c(c3oc12)[C@@H]1C=CO[C@H]1O4,"(3S,7S)-15-hydroxy-11,18-dimethoxy-6,8,20-trioxapentacyclo[10.8.0.02,9.03,7.014,19]icosa-1,4,9,11,14,16,18-heptaen-13-one",C19H14O7
COc1ccc(O)c2c(=O)c3c(OC)cc4c(c3oc12)C1CCOC1O4,"15-hydroxy-11,18-dimethoxy-6,8,20-trioxapentacyclo[10.8.0.02,9.03,7.014,19]icosa-1,9,11,14,16,18-hexaen-13-one",C19H16O7
COc1ccc(O)cc1C(C)(C)C,3-tert-butyl-4-methoxyphenol,C11H16O2
COc1ccc(O)cc1,4-methoxyphenol,C7H8O2
COc1ccc(OC)c(N=Nc2c(O)ccc3ccccc23)c1,"1-[(2,5-dimethoxyphenyl)diazenyl]naphthalen-2-ol",C18H16N2O3
COc1ccc(OC)cc1,"1,4-dimethoxybenzene",C8H10O2
COc1ccc(S(=O)(=O)n2ncc(Cl)c(Cl)c2=O)cc1,"4,5-dichloro-2-(4-methoxyphenyl)sulfonylpyridazin-3-one",C11H8Cl2N2O4S
COc1ccc([C@H]2O[C@@H]2C(=O)c2ccccc2)cc1,"[(2S,3R)-3-(4-methoxyphenyl)oxiran-2-yl]-phenylmethanone",C16H14O3
COc1ccc([N+](=O)[O-])c2c(NCCCN(C)C)c3ccccc3nc12,"N-(4-methoxy-1-nitroacridin-9-yl)-N',N'-dimethylpropane-1,3-diamine",C19H22N4O3
COc1ccc([N+](=O)[O-])cc1,1-methoxy-4-nitrobenzene,C7H7NO3
COc1ccc([N+](=O)[O-])cc1N,2-methoxy-5-nitroaniline,C7H8N2O3
COc1ccc([N+](=O)[O-])cc1N=Nc1c(O)c(C(=O)Nc2cccc([N+](=O)[O-])c2)cc2ccccc12,3-hydroxy-4-[(2-methoxy-5-nitrophenyl)diazenyl]-N-(3-nitrophenyl)naphthalene-2-carboxamide,C24H17N5O7
COc1ccc([N+](=O)[O-])cc1[N+](=O)[O-],"1-methoxy-2,4-dinitrobenzene",C7H6N2O5
COc1ccc([N+](=O)[O-])ccc1=O,"2-methoxy-5-nitrocyclohepta-2,4,6-trien-1-one",C8H7NO4
COc1ccc2[nH]c(N)nc2c1,6-methoxy-1H-benzimidazol-2-amine,C8H9N3O
COc1ccc2[nH]c3c(C)cc(N)c(C)c3c2c1,"6-methoxy-1,4-dimethyl-9H-carbazol-3-amine",C15H16N2O
COc1ccc2[nH]cc(CCNC(C)=O)c2c1,N-[2-(5-methoxy-1H-indol-3-yl)ethyl]acetamide,C13H16N2O2
COc1ccc2c(CBr)cc(=O)oc2c1,4-(bromomethyl)-7-methoxychromen-2-one,C11H9BrO3
COc1ccc2c(OC)c3c(nc2c1OC)OCC3,"4,7,8-trimethoxy-2,3-dihydrofuro[2,3-b]quinoline",C14H15NO4
COc1ccc2c(OC)c3ccoc3nc2c1,"4,7-dimethoxyfuro[2,3-b]quinoline",C13H11NO3
COc1ccc2c(c1)-c1c(OC)c(OC)cc3ccnc(c13)C2=O,"4,15,16-trimethoxy-10-azatetracyclo[7.7.1.02,7.013,17]heptadeca-1(17),2(7),3,5,9,11,13,15-octaen-8-one",C19H15NO4
COc1ccc2c(c1)-c1nccc3cc(OC)c(O)c(c13)C2=O,"10-hydroxy-4,11-dimethoxy-16-azatetracyclo[7.7.1.02,7.013,17]heptadeca-1(16),2(7),3,5,9(17),10,12,14-octaen-8-one",C18H13NO4
COc1ccc2c(c1)-c1nccc3cc(OC)c(OC)c(c13)C2=O,"4,10,11-trimethoxy-16-azatetracyclo[7.7.1.02,7.013,17]heptadeca-1(16),2(7),3,5,9(17),10,12,14-octaen-8-one",C19H15NO4
COc1ccc2c(c1)C(=O)c1c(OC)c(OC)cc3ccnc-2c13,"5,10,11-trimethoxy-16-azatetracyclo[7.7.1.02,7.013,17]heptadeca-1(16),2(7),3,5,9(17),10,12,14-octaen-8-one",C19H15NO4
COc1ccc2c(c1)C(=O)c1nccc3cc(OC)c(OC)c-2c13,"5,15,16-trimethoxy-10-azatetracyclo[7.7.1.02,7.013,17]heptadeca-1(17),2(7),3,5,9,11,13,15-octaen-8-one",C19H15NO4
COc1ccc2c(c1)C(=O)c1nccc3cc4c(c-2c13)OCO4,"16-methoxy-3,5-dioxa-11-azapentacyclo[10.7.1.02,6.08,20.014,19]icosa-1(20),2(6),7,9,11,14(19),15,17-octaen-13-one",C18H11NO4
COc1ccc2c(c1)C1CCCCC1C=C2,"6-methoxy-1,2,3,4,4a,10a-hexahydrophenanthrene",C15H18O
COc1ccc2c(c1)C1CCCCC1C1OC21,"7-methoxy-1a,1b,2,3,4,5,5a,9b-octahydrophenanthro[9,10-b]oxirene",C15H18O2
COc1ccc2c(c1)[nH]c1c(C)nccc12,"7-methoxy-1-methyl-9H-pyrido[3,4-b]indole",C13H12N2O
COc1ccc2c(c1)c(CC(=O)O)c(C)n2C(=O)c1ccc(Cl)cc1,2-[1-(4-chlorobenzoyl)-5-methoxy-2-methylindol-3-yl]acetic acid,C19H16ClNO4
COc1ccc2c(c1)c1cc(OC)ccc1c1c3ccc(OC)cc3c3cc(OC)ccc3c21,"5,10,18,23-tetramethoxyhexacyclo[12.12.0.02,7.08,13.015,20.021,26]hexacosa-1(14),2(7),3,5,8(13),9,11,15(20),16,18,21(26),22,24-tridecaene",C30H24O4
COc1ccc2c(c1)nc(N)n2C,5-methoxy-1-methylbenzimidazol-2-amine,C9H11N3O
COc1ccc2c(c1OC)C(=O)OC2C1c2cc3c(cc2CCN1C)OCO3,"6,7-dimethoxy-3-(6-methyl-7,8-dihydro-5H-[1,3]dioxolo[4,5-g]isoquinolin-5-yl)-3H-2-benzofuran-1-one",C21H21NO6
COc1ccc2c(c1OC)C(=O)O[C@@H]2[C@H]1c2cc3c(cc2CCN1C)OCO3,"(3S)-6,7-dimethoxy-3-[(5R)-6-methyl-7,8-dihydro-5H-[1,3]dioxolo[4,5-g]isoquinolin-5-yl]-3H-2-benzofuran-1-one",C21H21NO6
COc1ccc2c(c1OC)c(=O)n(C)c1c3cc4c(cc3ccc21)OCO4,"1,2-dimethoxy-12-methyl-[1,3]benzodioxolo[5,6-c]phenanthridin-13-one",C21H17NO5
COc1ccc2c(c1OC)CN1CCc3cc4c(cc3C1=C2)OCO4,"16,17-dimethoxy-5,7-dioxa-13-azapentacyclo[11.8.0.02,10.04,8.015,20]henicosa-1(21),2,4(8),9,15(20),16,18-heptaene",C20H19NO4
COc1ccc2c(cc3c4c(cc5c(c42)OCO5)C(=O)C(=O)N3C)c1OC,"15,16-dimethoxy-11-methyl-3,5-dioxa-11-azapentacyclo[10.7.1.02,6.08,20.014,19]icosa-1(19),2(6),7,12(20),13,15,17-heptaene-9,10-dione",C20H15NO6
COc1ccc2c(cc3c4c(cc5c(c42)OCO5)CCN3C)c1OC,"15,16-dimethoxy-11-methyl-3,5-dioxa-11-azapentacyclo[10.7.1.02,6.08,20.014,19]icosa-1(19),2(6),7,12(20),13,15,17-heptaene",C20H19NO4
COc1ccc2c(ccc3c4c(ccc32)C(C)=CC4)c1,3-methoxy-17-methyl-15H-cyclopenta[a]phenanthrene,C19H16O
COc1ccc2c(ccc3oc([N+](=O)[O-])cc32)c1,7-methoxy-2-nitrobenzo[e][1]benzofuran,C13H9NO4
COc1ccc2c3c([nH]c2c1)C(C)=NCC3,"7-methoxy-1-methyl-4,9-dihydro-3H-pyrido[3,4-b]indole",C13H14N2O
COc1ccc2c3c([nH]c2c1)C1CC2C(CN1CC3)C(OC(=O)/C=C/c1cc(OC)c(OC)c(OC)c1)CC(OC)C2OC(C)=O,,C35H42N2O9
COc1ccc2c3c(cccc13)C(=O)c1ccccc1-2,3-methoxybenzo[b]phenalen-7-one,C18H12O2
COc1ccc2c3c(cccc13)OC([N+](=O)[O-])=C2,"8-methoxy-3-nitro-2-oxatricyclo[7.3.1.05,13]trideca-1(12),3,5(13),6,8,10-hexaene",C13H9NO4
COc1ccc2c3c1O[C@@H]1[C@@H](O)C=C[C@H]4[C@@H](C2)N(C)CC[C@]314,"(4R,4aR,7S,7aS,12bS)-9-methoxy-3-methyl-2,4,4a,7,7a,13-hexahydro-1H-4,12-methanobenzofuro[3,2-e]isoquinolin-7-ol",C18H21NO3
COc1ccc2c3c1OC1C(O)C=CC4C(C2)N(C)CCC341,"9-methoxy-3-methyl-2,4,4a,7,7a,13-hexahydro-1H-4,12-methanobenzofuro[3,2-e]isoquinolin-7-ol",C18H21NO3
COc1ccc2cc(C(C)C(=O)O)ccc2c1,2-(6-methoxynaphthalen-2-yl)propanoic acid,C14H14O3
COc1ccc2cc(CCC(C)=O)ccc2c1,4-(6-methoxynaphthalen-2-yl)butan-2-one,C15H16O2
COc1ccc2cc([N+](=O)[O-])c3ccc(=O)oc3c2c1,9-methoxy-5-nitrobenzo[h]chromen-2-one,C14H9NO5
COc1ccc2cc1Oc1ccc(cc1)C[C@H]1c3c(cc4c(c3Oc3cc5c(cc3OC)CCN(C)[C@@H]5C2)OCO4)CCN1C,"(14S,27R)-22,33-dimethoxy-13,28-dimethyl-2,5,7,20-tetraoxa-13,28-diazaoctacyclo[25.6.2.216,19.13,10.121,25.04,8.031,35.014,39]nonatriaconta-1(33),3(39),4(8),9,16(38),17,19(37),21,23,25(36),31,34-dodecaene",C37H38N2O6
COc1ccc2cc3[n+](cc2c1OC)CCc1cc2c(cc1-3)OCO2,"16,17-dimethoxy-5,7-dioxa-13-azoniapentacyclo[11.8.0.02,10.04,8.015,20]henicosa-1(13),2,4(8),9,14,16,18,20-octaene",C20H18NO4+
COc1ccc2cc3c4c(cc(OC)c(OC)c4c2c1)CCN3C,"4,15,16-trimethoxy-10-methyl-10-azatetracyclo[7.7.1.02,7.013,17]heptadeca-1,3,5,7,9(17),13,15-heptaene",C20H21NO3
COc1ccc2cccc3c2c1C(=O)N(C)C3=O,"4-methoxy-2-methylbenzo[de]isoquinoline-1,3-dione",C14H11NO3
COc1ccc2nc(N)sc2c1,"6-methoxy-1,3-benzothiazol-2-amine",C8H8N2OS
COc1ccc2nc3c(cc2c1)-c1cccc2cccc-3c12,"10-methoxyacenaphthyleno[2,1-b]quinoline",C20H13NO
COc1ccc2nc3cc(Cl)ccc3c(NC(C)CCCN(CCCl)CCCl)c2c1,"1-N,1-N-bis(2-chloroethyl)-4-N-(6-chloro-2-methoxyacridin-9-yl)pentane-1,4-diamine",C23H28Cl3N3O
COc1ccc2nc3cc(Cl)ccc3c(NCCCNCCCl)c2c1,"N-(2-chloroethyl)-N'-(6-chloro-2-methoxyacridin-9-yl)propane-1,3-diamine",C19H21Cl2N3O
COc1ccc2nc3occc3c(OC)c2c1,"4,6-dimethoxyfuro[2,3-b]quinoline",C13H11NO3
COc1ccc2nc3cc(Cl)ccc3c(NCCCNCCCl)c2n1,"N-(2-chloroethyl)-N'-(7-chloro-2-methoxybenzo[b][1,5]naphthyridin-10-yl)propane-1,3-diamine",C18H20Cl2N4O
COc1ccc2oc([N+](=O)[O-])cc2c1N(CCCl)CCCl,"N,N-bis(2-chloroethyl)-5-methoxy-2-nitro-1-benzofuran-4-amine",C13H14Cl2N2O4
COc1ccc2oc3cc(O)cc(O)c3c(=O)c2c1,"1,3-dihydroxy-7-methoxyxanthen-9-one",C14H10O5
COc1cccc(/C=C/c2ccc(N)cc2)c1,4-[(E)-2-(3-methoxyphenyl)ethenyl]aniline,C15H15NO
COc1cccc(/C=C/c2ccc([N+](=O)[O-])cc2)c1,1-methoxy-3-[(E)-2-(4-nitrophenyl)ethenyl]benzene,C15H13NO3
COc1cccc(C(=O)CBr)c1,2-bromo-1-(3-methoxyphenyl)ethanone,C9H9BrO2
COc1cccc(C(=O)ON(OCc2ccccc2)C(=O)c2ccccc2)c1,[benzoyl(phenylmethoxy)amino] 3-methoxybenzoate,C22H19NO5
COc1cccc(C=O)c1O,2-hydroxy-3-methoxybenzaldehyde,C8H8O3
COc1cccc(CN(C)N=O)c1,N-[(3-methoxyphenyl)methyl]-N-methylnitrous amide,C9H12N2O2
COc1cccc(N)c1,3-methoxyaniline,C7H9NO
COc1cccc(CN2C3c4ccccc4-c4ccccc4C32)c1,"1-[(3-methoxyphenyl)methyl]-1a,9b-dihydrophenanthro[9,10-b]azirine",C22H19NO
COc1cccc(NC(=O)c2csc([N+](=O)[O-])c2)c1,N-(3-methoxyphenyl)-5-nitrothiophene-3-carboxamide,C12H10N2O4S
COc1cccc([N+](=O)[O-])c1,1-methoxy-3-nitrobenzene,C7H7NO3
COc1cccc2c(NCCCNCCCl)c3ccccc3nc12,"N-(2-chloroethyl)-N'-(4-methoxyacridin-9-yl)propane-1,3-diamine",C19H22ClN3O
COc1cccc2c(O)c3c(O)c4c(c(O)c3c(O)c12)C(=O)CC(O)(C(C)=O)C4,,C21H18O8
COc1cccc2c1C(=O)c1c(O)c3c(c(O)c1C2=O)C(OC1CC(N(C)C)C(O)C(C)O1)CC(O)(C(=O)CO)C3,,C29H33NO11
COc1cccc2c1C(=O)c1c(O)c3c(c(O)c1C2=O)CC(O)(C(=O)CO)CC3O,"6,7,9,11-tetrahydroxy-9-(2-hydroxyacetyl)-4-methoxy-8,10-dihydro-7H-tetracene-5,12-dione",C21H18O9
COc1cccc2c1C(=O)c1c(O)c3c(c(O)c1C2=O)CC(O)(C(=O)CO)CC3OC1CC(N)C(O)C(C)O1,"7-(4-amino-5-hydroxy-6-methyloxan-2-yl)oxy-6,9,11-trihydroxy-9-(2-hydroxyacetyl)-4-methoxy-8,10-dihydro-7H-tetracene-5,12-dione",C27H29NO11
COc1cccc2c1C(=O)c1c(O)c3c(c(O)c1C2=O)CC(O)(C(=O)CO)CC3OC1CC(N)C(OC)C(C)O1,"7-(4-amino-5-methoxy-6-methyloxan-2-yl)oxy-6,9,11-trihydroxy-9-(2-hydroxyacetyl)-4-methoxy-8,10-dihydro-7H-tetracene-5,12-dione",C28H31NO11
COc1cccc2c1C(=O)c1c(O)c3c(c(O)c1C2=O)CC(O)(C(=O)CO)CC3OC1CC(N)CC(C)O1,"7-(4-amino-6-methyloxan-2-yl)oxy-6,9,11-trihydroxy-9-(2-hydroxyacetyl)-4-methoxy-8,10-dihydro-7H-tetracene-5,12-dione",C27H29NO10
COc1cccc2c1C(=O)c1c(O)c3c(c(O)c1C2=O)CC(O)(C(C)=O)CC3OC1CC(N)C(O)C(C)O1,"9-acetyl-7-(4-amino-5-hydroxy-6-methyloxan-2-yl)oxy-6,9,11-trihydroxy-4-methoxy-8,10-dihydro-7H-tetracene-5,12-dione",C27H29NO10
COc1cccc2c1C(=O)c1c(O)c3c(c(O)c1C2=O)C[C@@](O)(/C(C)=N/NC(=O)c1ccccc1)C[C@@H]3O[C@H]1C[C@H](N)[C@H](O)[C@H](C)O1,"N-[(E)-1-[(2S,4S)-4-[(2R,4S,5S,6S)-4-amino-5-hydroxy-6-methyloxan-2-yl]oxy-2,5,12-trihydroxy-7-methoxy-6,11-dioxo-3,4-dihydro-1H-tetracen-2-yl]ethylideneamino]benzamide",C34H35N3O10
COc1cccc2c1C(=O)c1c(O)c3c(c(O)c1C2=O)C[C@@](O)(C(=O)CO)C[C@@H]3O[C@H]1C[C@H](N2CCOC[C@H]2C#N)[C@H](O)[C@H](C)O1,"(3R)-4-[(2S,3S,4S,6R)-3-hydroxy-2-methyl-6-[[(1S,3S)-3,5,12-trihydroxy-3-(2-hydroxyacetyl)-10-methoxy-6,11-dioxo-2,4-dihydro-1H-tetracen-1-yl]oxy]oxan-4-yl]morpholine-3-carbonitrile",C32H34N2O12
COc1cccc2c1C(=O)c1c(O)c3c(c(O)c1C2=O)C[C@@](O)(C(C)=O)C[C@@H]3O,"(7S,9S)-9-acetyl-6,7,9,11-tetrahydroxy-4-methoxy-8,10-dihydro-7H-tetracene-5,12-dione",C21H18O8
COc1cccc2c1C(=O)c1c(O)c3c(c(O)c1C2=O)C[C@@](O)(C(C)=O)C[C@@H]3O[C@H]1C[C@H](N(C)C)[C@@H](O)[C@H](C)O1,,C29H33NO10
COc1cccc2c1C(=O)c1ccccc1C2=O,"1-methoxyanthracene-9,10-dione",C15H10O3
COc1cccc2c1C1(C)OOC1(C)O2,"7-methoxy-2a,7b-dimethyldioxeto[3,4-b][1]benzofuran",C11H12O4
COc1cccc2c1CC([N+](=O)[O-])c1ccc3c(c1-2)OCO3,"8-methoxy-6-nitro-6,7-dihydronaphtho[2,1-g][1,3]benzodioxole",C16H13NO5
COc1cccc2c1OC1(C)OOC21C,"4-methoxy-2a,7b-dimethyldioxeto[3,4-b][1]benzofuran",C11H12O4
COc1cccc2c1cc([N+](=O)[O-])c1c(C(=O)O)cc3c(c12)OCO3,"8-methoxy-6-nitronaphtho[2,1-g][1,3]benzodioxole-5-carboxylic acid",C17H11NO7
COc1cccc2c1cc1c3c(cc4c(c32)OCO4)C(=O)N1,"14-methoxy-3,5-dioxa-10-azapentacyclo[9.7.1.02,6.08,19.013,18]nonadeca-1(18),2(6),7,11(19),12,14,16-heptaen-9-one",C17H11NO4
COc1cccc2c1cc1c3c(cc4c(c32)OCO4)C(=O)N1[C@@H]1O[C@H](CO)[C@@H](O)[C@H](O)[C@H]1O,"14-methoxy-10-[(2R,3R,4S,5S,6R)-3,4,5-trihydroxy-6-(hydroxymethyl)oxan-2-yl]-3,5-dioxa-10-azapentacyclo[9.7.1.02,6.08,19.013,18]nonadeca-1(18),2(6),7,11(19),12,14,16-heptaen-9-one",C23H21NO9
COc1cccc2c1ccc1c(C(=O)O)cc3c(c12)OCO3,"8-methoxynaphtho[2,1-g][1,3]benzodioxole-5-carboxylic acid",C17H12O5
COc1cccc2sc(N)nc12,"4-methoxy-1,3-benzothiazol-2-amine",C8H8N2OS
COc1ccccc1-c1ccccc1,1-methoxy-2-phenylbenzene,C13H12O
COc1ccccc1/C=C\C=O,(Z)-3-(2-methoxyphenyl)prop-2-enal,C10H10O2
COc1ccccc1CC1CO1,2-[(2-methoxyphenyl)methyl]oxirane,C10H12O2
COc1ccccc1N,2-methoxyaniline,C7H9NO
COc1ccccc1N=Nc1c(O)ccc2ccccc12,1-[(2-methoxyphenyl)diazenyl]naphthalen-2-ol,C17H14N2O2
COc1ccccc1NC(=O)C(N=Nc1ccc(-c2ccc(N=NC(C(C)=O)C(=O)Nc3ccccc3OC)c(Cl)c2)cc1Cl)C(C)=O,"2-[[2-chloro-4-[3-chloro-4-[[1-(2-methoxyanilino)-1,3-dioxobutan-2-yl]diazenyl]phenyl]phenyl]diazenyl]-N-(2-methoxyphenyl)-3-oxobutanamide",C34H30Cl2N6O6
COc1ccccc1NC(=O)c1csc([N+](=O)[O-])c1,N-(2-methoxyphenyl)-5-nitrothiophene-3-carboxamide,C12H10N2O4S
COc1ccccc1NCSC,2-methoxy-N-(methylsulfanylmethyl)aniline,C9H13NOS
COc1ccccc1O,2-methoxyphenol,C7H8O2
COc1ccccc1[N+](=O)[O-],1-methoxy-2-nitrobenzene,C7H7NO3
COc1ccn(CC(O)CN=[N+]=[N-])c(=O)n1,1-(3-azido-2-hydroxypropyl)-4-methoxypyrimidin-2-one,C8H11N5O3
COc1nc2cc([N+](=O)[O-])cc(CBr)c2nc1OC,"5-(bromomethyl)-2,3-dimethoxy-7-nitroquinoxaline",C11H10BrN3O4
COc1nc(=O)n(CC(O)CN=[N+]=[N-])cc1C,1-(3-azido-2-hydroxypropyl)-4-methoxy-5-methylpyrimidin-2-one,C9H13N5O3
COc1nc2cccc(CBr)c2nc1OC,"5-(bromomethyl)-2,3-dimethoxyquinoxaline",C11H11BrN2O2
COc1nncc2ccccc12,1-methoxyphthalazine,C9H8N2O
COc1nncc2ccncc12,"4-methoxypyrido[3,4-d]pyridazine",C8H7N3O
COc1nncc2cccnc12,"8-methoxypyrido[2,3-d]pyridazine",C8H7N3O
COc1nncc2cnccc12,"1-methoxypyrido[3,4-d]pyridazine",C8H7N3O
COc1nncc2ncccc12,"5-methoxypyrido[2,3-d]pyridazine",C8H7N3O
COc1nsc2c(N)cccc12,"3-methoxy-1,2-benzothiazol-7-amine",C8H8N2OS
COc1nsc2c(OCC3CO3)cccc12,"3-methoxy-7-(oxiran-2-ylmethoxy)-1,2-benzothiazole",C11H11NO3S
COc1nsc2c([N+](=O)[O-])cccc12,"3-methoxy-7-nitro-1,2-benzothiazole",C8H6N2O3S
COc1nsc2cc(N)ccc12,"3-methoxy-1,2-benzothiazol-6-amine",C8H8N2OS
COc1nsc2cc(OCC3CO3)ccc12,"3-methoxy-6-(oxiran-2-ylmethoxy)-1,2-benzothiazole",C11H11NO3S
COc1nsc2ccc(N)cc12,"3-methoxy-1,2-benzothiazol-5-amine",C8H8N2OS
COc1nsc2cc([N+](=O)[O-])ccc12,"3-methoxy-6-nitro-1,2-benzothiazole",C8H6N2O3S
COc1nsc2ccc(OCC3CO3)cc12,"3-methoxy-5-(oxiran-2-ylmethoxy)-1,2-benzothiazole",C11H11NO3S
COc1nsc2ccc([N+](=O)[O-])cc12,"3-methoxy-5-nitro-1,2-benzothiazole",C8H6N2O3S
COc1nsc2cccc([N+](=O)[O-])c12,"3-methoxy-4-nitro-1,2-benzothiazole",C8H6N2O3S
CS(=N)(=O)CCC(N)C(=O)O,2-amino-4-(methylsulfonimidoyl)butanoic acid,C5H12N2O3S
CS(=O)(=O)N1C2c3ccccc3-c3ccccc3C21,"1-methylsulfonyl-1a,9b-dihydrophenanthro[9,10-b]azirine",C15H13NO2S
CS(=O)(=O)Nc1ccc(Nc2c3ccc(N=[N+]=[N-])cc3nc3cc(N=[N+]=[N-])ccc23)cc1,"N-[4-[(3,6-diazidoacridin-9-yl)amino]phenyl]methanesulfonamide",C20H15N9O2S
CS(=O)(=O)Nc1ccc(Nc2c3ccc(N=[N+]=[N-])cc3nc3ccc(N=[N+]=[N-])cc23)cc1,"N-[4-[(2,6-diazidoacridin-9-yl)amino]phenyl]methanesulfonamide",C20H15N9O2S
CS(=O)(=O)Nc1ccc(Nc2c3ccccc3nc3cc(N=[N+]=[N-])ccc23)cc1,N-[4-[(3-azidoacridin-9-yl)amino]phenyl]methanesulfonamide,C20H16N6O2S
CS(=O)(=O)Nc1ccc(Nc2c3ccccc3nc3ccc(N=[N+]=[N-])cc23)cc1,N-[4-[(2-azidoacridin-9-yl)amino]phenyl]methanesulfonamide,C20H16N6O2S
CS(=O)(=O)Nc1ccc(Nc2c3ccccc3nc3ccccc23)cc1,N-[4-(acridin-9-ylamino)phenyl]methanesulfonamide,C20H17N3O2S
CS(=O)(=O)O,methanesulfonic acid,CH4O3S
CS(=O)(=O)OC1CN(C(c2ccccc2)c2ccccc2)C1,(1-benzhydrylazetidin-3-yl) methanesulfonate,C17H19NO3S
CS(=O)(=O)OCC(O)C(O)COS(C)(=O)=O,"(2,3-dihydroxy-4-methylsulfonyloxybutyl) methanesulfonate",C6H14O8S2
CS(=O)(=O)OCCCCOS(C)(=O)=O,4-methylsulfonyloxybutyl methanesulfonate,C6H14O6S2
CS(=O)(=O)OCCCNCCCOS(C)(=O)=O,3-(3-methylsulfonyloxypropylamino)propyl methanesulfonate,C8H19NO6S2
CS(=O)(=O)OC[C@@H](O)[C@H](O)COS(C)(=O)=O,"[(2R,3R)-2,3-dihydroxy-4-methylsulfonyloxybutyl] methanesulfonate",C6H14O8S2
CS(=O)(=O)OCCc1ccc(OCc2ccccc2)cc1,2-(4-phenylmethoxyphenyl)ethyl methanesulfonate,C16H18O4S
CS(=O)(=O)c1ccc(Cl)cc1,1-chloro-4-methylsulfonylbenzene,C7H7ClO2S
CS(=O)(=O)c1ccc(O)c(N)c1,2-amino-4-methylsulfonylphenol,C7H9NO3S
CS(=O)CCC(=O)N1C(C(=O)O)CSC1c1ccccc1O,"2-(2-hydroxyphenyl)-3-(3-methylsulfinylpropanoyl)-1,3-thiazolidine-4-carboxylic acid",C14H17NO5S2
CS(=O)(=O)n1ncc(Cl)c(Cl)c1=O,"4,5-dichloro-2-methylsulfonylpyridazin-3-one",C5H4Cl2N2O3S
CS(=O)c1ccc(Cl)cc1,1-chloro-4-methylsulfinylbenzene,C7H7ClOS
CS(C)(=O)=O,methylsulfonylmethane,C2H6O2S
CS(C)=O,methylsulfinylmethane,C2H6OS
CS/C(C)=N\OC(=O)N(C)N=O,methyl (1Z)-N-[methyl(nitroso)carbamoyl]oxyethanimidothioate,C5H9N3O3S
CSC(C)(C)/C=N\O,(NZ)-N-(2-methyl-2-methylsulfanylpropylidene)hydroxylamine,C5H11NOS
CSC(C)(C)C(=O)NC(CS)C(=O)O,2-[(2-methyl-2-methylsulfanylpropanoyl)amino]-3-sulfanylpropanoic acid,C8H15NO3S2
CSCC(N)C(=O)O,2-amino-3-methylsulfanylpropanoic acid,C4H9NO2S
CSCC(NC(=O)C(C)(C)SC)C(=O)O,2-[(2-methyl-2-methylsulfanylpropanoyl)amino]-3-methylsulfanylpropanoic acid,C9H17NO3S2
CSCC(NC(=O)COc1cccc2cnccc12)C(=O)NC(Cc1ccccc1)C(O)C(=O)N1CSCC1C(=O)NC(C)(C)C,"N-tert-butyl-3-[2-hydroxy-3-[[2-[(2-isoquinolin-5-yloxyacetyl)amino]-3-methylsulfanylpropanoyl]amino]-4-phenylbutanoyl]-1,3-thiazolidine-4-carboxamide",C33H41N5O6S2
CSCCC(=O)N1C(C(=O)O)CSC1c1ccccc1O,"2-(2-hydroxyphenyl)-3-(3-methylsulfanylpropanoyl)-1,3-thiazolidine-4-carboxylic acid",C14H17NO4S2
CSCCC(N)C(=O)O,2-amino-4-methylsulfanylbutanoic acid,C5H11NO2S
CSCCC(NC(=O)C(N)Cc1c[nH]c2ccccc12)C(=O)NC(CC(=O)O)C(=O)NC(Cc1ccccc1)C(N)=O,3-[[2-[[2-amino-3-(1H-indol-3-yl)propanoyl]amino]-4-methylsulfanylbutanoyl]amino]-4-[(1-amino-1-oxo-3-phenylpropan-2-yl)amino]-4-oxobutanoic acid,C29H36N6O6S
CSCCC(NC(=O)COc1cc(Cl)c(Cl)cc1Cl)C(=O)O,"4-methylsulfanyl-2-[[2-(2,4,5-trichlorophenoxy)acetyl]amino]butanoic acid",C13H14Cl3NO4S
CSCCC(NC(=O)COc1ccc(Cl)cc1Cl)C(=O)O,"2-[[2-(2,4-dichlorophenoxy)acetyl]amino]-4-methylsulfanylbutanoic acid",C13H15Cl2NO4S
CSCCC(NC=O)C(=O)NC(Cc1ccccc1)C(=O)O,2-[(2-formamido-4-methylsulfanylbutanoyl)amino]-3-phenylpropanoic acid,C15H20N2O4S
CSCCC=O,3-methylsulfanylpropanal,C4H8OS
CSCCl,chloro(methylsulfanyl)methane,C2H5ClS
CSCNc1ccccc1,N-(methylsulfanylmethyl)aniline,C8H11NS
CSCNc1ccccc1C(C)=O,1-[2-(methylsulfanylmethylamino)phenyl]ethanone,C10H13NOS
CSSC,(methyldisulfanyl)methane,C2H6S2
CSc1ccc(Cl)cc1,1-chloro-4-methylsulfanylbenzene,C7H7ClS
CSc1cc(SC)c(N)c(C)c1N,"2-methyl-4,6-bis(methylsulfanyl)benzene-1,3-diamine",C9H14N2S2
CSc1ncnc2c1ncn2CC(O)CN=[N+]=[N-],1-azido-3-(6-methylsulfanylpurin-9-yl)propan-2-ol,C9H11N7OS
CSc1ccc([N+](=O)[O-])cc1[N+](=O)[O-],"1-methylsulfanyl-2,4-dinitrobenzene",C7H6N2O4S
C[C@@H](Br)CBr,"(2R)-1,2-dibromopropane",C3H6Br2
C[C@@H](C#N)CCC#N,(2R)-2-methylpentanedinitrile,C6H8N2
C[C@@H](CC(=O)O)C(=O)O,(2S)-2-methylbutanedioic acid,C5H8O4
C[C@@H](CCC(=O)O)[C@H]1CC[C@H]2[C@@H]3CC[C@H]4C[C@@H](O)CC[C@]4(C)[C@H]3CC[C@@]21C,"(4S)-4-[(3S,5S,8R,9S,10S,13R,14S,17R)-3-hydroxy-10,13-dimethyl-2,3,4,5,6,7,8,9,11,12,14,15,16,17-tetradecahydro-1H-cyclopenta[a]phenanthren-17-yl]pentanoic acid",C24H40O3
C[C@@H](CCN(C)C)N(C)C,"(3S)-1-N,1-N,3-N,3-N-tetramethylbutane-1,3-diamine",C8H20N2
C[C@@H](CN1c2ccccc2Sc2ccccc21)N(C)C,"(2S)-N,N-dimethyl-1-phenothiazin-10-ylpropan-2-amine",C17H20N2S
C[C@@H](Cl)CCl,"(2R)-1,2-dichloropropane",C3H6Cl2
C[C@@H](N)[C@@H](O)c1ccccc1,"(1S,2R)-2-amino-1-phenylpropan-1-ol",C9H13NO
C[C@@H](N)CN,"(2R)-propane-1,2-diamine",C3H10N2
C[C@@H](O)C(=O)O,(2R)-2-hydroxypropanoic acid,C3H6O3
C[C@@H](Nc1[nH]cnc2nc(-c3ccc(CCl)cc3)cc1-2)c1ccccc1,"6-[4-(chloromethyl)phenyl]-N-[(1R)-1-phenylethyl]-7H-pyrrolo[2,3-d]pyrimidin-4-amine",C21H19ClN4
C[C@@H](O)CBr,(2R)-1-bromopropan-2-ol,C3H7BrO
C[C@@H](O)CCC(=O)c1ccoc1,(4R)-1-(furan-3-yl)-4-hydroxypentan-1-one,C9H12O3
C[C@@H](O)CCl,(2R)-1-chloropropan-2-ol,C3H7ClO
C[C@@H](O)CN,(2R)-1-aminopropan-2-ol,C3H9NO
C[C@@H](O)CN(C)N=O,N-[(2R)-2-hydroxypropyl]-N-methylnitrous amide,C4H10N2O2
C[C@@H](O)CN(C)c1ccc(NN)nn1,(2R)-1-[(6-hydrazinylpyridazin-3-yl)-methylamino]propan-2-ol,C8H15N5O
C[C@@H](O)CN(C[C@@H](C)O)C[C@@H](C)O,(2R)-1-[bis[(2R)-2-hydroxypropyl]amino]propan-2-ol,C9H21NO3
C[C@@H](O)CN(C[C@@H](C)O)N=O,"N,N-bis[(2R)-2-hydroxypropyl]nitrous amide",C6H14N2O3
C[C@@H](O)CN(C[C@H](O)CO)N=O,"N-[(2S)-2,3-dihydroxypropyl]-N-[(2R)-2-hydroxypropyl]nitrous amide",C6H14N2O4
C[C@@H](O)CNC[C@@H](C)O,(2R)-1-[[(2R)-2-hydroxypropyl]amino]propan-2-ol,C6H15NO2
C[C@@H](O)COC(C)(C)C,(2R)-1-[(2-methylpropan-2-yl)oxy]propan-2-ol,C7H16O2
C[C@@H](O)CO,"(2R)-propane-1,2-diol",C3H8O2
C[C@@H](O)COC[C@@H](C)O,(2R)-1-[(2R)-2-hydroxypropoxy]propan-2-ol,C6H14O3
C[C@@H](O)[C@@H](N)[C@H](O)[C@H](O)C=O,"(2S,3S,4R,5R)-4-amino-2,3,5-trihydroxyhexanal",C6H13NO4
C[C@@H](O)c1cc2ccc3cccc4ccc(c1)c2c34,(1R)-1-pyren-2-ylethanol,C18H14O
C[C@@H](O)c1ccccc1,(1R)-1-phenylethanol,C8H10O
C[C@@H](O)c1ccc2ccc3cccc4ccc1c2c34,(1R)-1-pyren-1-ylethanol,C18H14O
C[C@@H](S)C(=O)NCC(=O)O,2-[[(2R)-2-sulfanylpropanoyl]amino]acetic acid,C5H9NO3S
C[C@@H]1C=Cc2c1ccc1c2ccc2ccccc21,,C18H14
C[C@@H]1CC2C3CCC4=CC(=O)C=C[C@]4(C)[C@@]3(F)[C@@H](O)C[C@]2(C)[C@@]1(O)C(=O)CO,"(9R,10S,11S,13S,16R,17R)-9-fluoro-11,17-dihydroxy-17-(2-hydroxyacetyl)-10,13,16-trimethyl-6,7,8,11,12,14,15,16-octahydrocyclopenta[a]phenanthren-3-one",C22H29FO5
C[C@@H]1CCCCN1N=O,(2R)-2-methyl-1-nitrosopiperidine,C6H12N2O
C[C@@H]1CCCC[C@H]1NC(=O)Nc1ccccc1,"1-[(1R,2R)-2-methylcyclohexyl]-3-phenylurea",C14H20N2O
C[C@@H]1CCc2c1ccc1c2ccc2ccccc21,"(17R)-17-methyl-16,17-dihydro-15H-cyclopenta[a]phenanthrene",C18H16
C[C@@H]1CNC(=O)N1c1ncc([N+](=O)[O-])s1,,C7H8N4O3S
C[C@@H]1CNC[C@@H](C)O1,"(2R,6R)-2,6-dimethylmorpholine",C6H13NO
C[C@@H]1COc2c(N3CCN(C)CC3)c(F)c(C(=O)O)c3c(=O)ccn1c23,,C18H20FN3O4
C[C@@H]1C[C@H]2OC(=O)[C@]3(C)[C@H]2[C@@H](O[C@]3(C)O)[C@@]2(C)C(=O)C=C[C@@H]12,,C17H22O5
C[C@@H]1OCCc2cc3c(cc21)C(C)(C)[C@@H](C)C3(C)C,"(1S,7S)-1,6,6,7,8,8-hexamethyl-1,3,4,7-tetrahydrocyclopenta[g]isochromene",C18H26O
C[C@@H]1O[C@@H](O[C@H]2C[C@](O)(C(=O)CO)Cc3c(O)c4c(c(O)c32)C(=O)c2ccccc2C4=O)C[C@H](N)[C@H]1O,"(7S,9S)-7-[(2R,4S,5R,6S)-4-amino-5-hydroxy-6-methyloxan-2-yl]oxy-6,9,11-trihydroxy-9-(2-hydroxyacetyl)-8,10-dihydro-7H-tetracene-5,12-dione",C26H27NO10
C[C@@H]1O[C@@H](O[C@H]2C[C@](O)(CO)Cc3c(O)c4c(c(O)c32)C(=O)c2ccccc2C4=O)[C@H](I)[C@H](O)[C@@H]1O,"(7S,9S)-7-[(2R,3R,4R,5S,6S)-4,5-dihydroxy-3-iodo-6-methyloxan-2-yl]oxy-6,9,11-trihydroxy-9-(hydroxymethyl)-8,10-dihydro-7H-tetracene-5,12-dione",C25H25IO10
C[C@@H]1O[C@@H]1C,"(2S,3R)-2,3-dimethyloxirane",C4H8O
C[C@@H]1O[C@H]1c1ccccc1,"(2S,3S)-2-methyl-3-phenyloxirane",C9H10O
C[C@@H]1[C@H](O)CCC2=CC(=O)[C@@]3([C@H]4O[C@H]4CO)O[C@H]3[C@]21C,,C15H20O5
C[C@@]12CCC3[C@]4(C)CCC[C@@](C)(C(=O)O)C4CC[C@]3(CC1=O)C2,"(1R,5R,9S,13S)-5,9,13-trimethyl-14-oxotetracyclo[11.2.1.01,10.04,9]hexadecane-5-carboxylic acid",C20H30O3
C[C@@]12CCc3occc3C1CC[C@@]13CC(CCC12)C(O)(CO)C3,"(1S,12S)-17-(hydroxymethyl)-12-methyl-8-oxapentacyclo[14.2.1.01,13.04,12.05,9]nonadeca-5(9),6-dien-17-ol",C20H28O3
C[C@H](CCc1ccccc1)NC[C@@H](O)c1ccc(O)c(C(N)=O)c1,2-hydroxy-5-[(1S)-1-hydroxy-2-[[(2R)-4-phenylbutan-2-yl]amino]ethyl]benzamide,C19H24N2O3
C[C@H](CCl)OP(=O)(O[C@H](C)CCl)O[C@H](C)CCl,tris[(2R)-1-chloropropan-2-yl] phosphate,C9H18Cl3O4P
C[C@H](CCc1ccccc1)c1ccccc1,[(2R)-4-phenylbutan-2-yl]benzene,C16H18
C[C@H](CCl)O[C@H](C)CCl,(2R)-1-chloro-2-[(2R)-1-chloropropan-2-yl]oxypropane,C6H12Cl2O
C[C@H](CO)[N+](=O)[O-],(2R)-2-nitropropan-1-ol,C3H7NO3
C[C@H](COc1ccccc1)N(CCCl)Cc1ccccc1,(2R)-N-benzyl-N-(2-chloroethyl)-1-phenoxypropan-2-amine,C18H22ClNO
C[C@H](CS)[C@@H]1CC[C@@H](C)[C@H](S)C1,"(1R,2R,5R)-2-methyl-5-[(2S)-1-sulfanylpropan-2-yl]cyclohexane-1-thiol",C10H20S2
C[C@H](Cl)CN(C)C,"(2S)-2-chloro-N,N-dimethylpropan-1-amine",C5H12ClN
C[C@H](I)[C@@H]1OC[C@@H](CO)O1,"[(2R,4R)-2-[(1S)-1-iodoethyl]-1,3-dioxolan-4-yl]methanol",C6H11IO3
C[C@H]1CC(=O)O1,(4S)-4-methyloxetan-2-one,C4H6O2
C[C@H]1C(=O)O[C@H]2CCN3CC=C(COC(=O)[C@](C)(O)[C@]1(C)O)[C@H]23,"(1S,4R,5R,6R,16R)-5,6-dihydroxy-4,5,6-trimethyl-2,8-dioxa-13-azatricyclo[8.5.1.013,16]hexadec-10-ene-3,7-dione",C16H23NO6
C[C@H]1CCCC(=O)CCC/C=C\c2cc(O)cc(O)c2C(=O)O1,"(4S,12Z)-16,18-dihydroxy-4-methyl-3-oxabicyclo[12.4.0]octadeca-1(14),12,15,17-tetraene-2,8-dione",C18H22O5
C[C@H]1CCCN(N=O)C1,(3S)-3-methyl-1-nitrosopiperidine,C6H12N2O
C[C@H]1CCOS(=O)(=O)O1,"(4S)-4-methyl-1,3,2-dioxathiane 2,2-dioxide",C4H8O4S
C[C@H]1CCC[C@@H](O)CCCCCc2cc(O)cc(O)c2C(=O)O1,"(4S,8S)-8,16,18-trihydroxy-4-methyl-3-oxabicyclo[12.4.0]octadeca-1(14),15,17-trien-2-one",C18H26O5
C[C@H]1CN(N=O)C(=O)NC1=O,,C5H7N3O3
C[C@H]1CN(N=O)CCN1N=O,"(2S)-2-methyl-1,4-dinitrosopiperazine",C5H10N4O2
C[C@H]1CN(N=O)C[C@@H](C)N1N=O,"(2S,6R)-2,6-dimethyl-1,4-dinitrosopiperazine",C6H12N4O2
C[C@H]1CN(N=O)[C@H](C)CN1N=O,"(2R,5S)-2,5-dimethyl-1,4-dinitrosopiperazine",C6H12N4O2
C[C@H]1CO1,(2S)-2-methyloxirane,C3H6O
C[C@H]1CN1,(2S)-2-methylaziridine,C3H7N
C[C@H]1CS(=O)(=O)CCN1/N=C/c1ccc([N+](=O)[O-])o1,"(E)-N-[(3S)-3-methyl-1,1-dioxo-1,4-thiazinan-4-yl]-1-(5-nitrofuran-2-yl)methanimine",C10H13N3O5S
C[C@H]1C[C@@H](C)C(=O)[C@@H]([C@@H](O)CC2CC(=O)NC(=O)C2)C1,"4-[(2S)-2-[(1R,3R,5S)-3,5-dimethyl-2-oxocyclohexyl]-2-hydroxyethyl]piperidine-2,6-dione",C15H23NO4
C[C@H]1C[C@@H](OC(=O)c2ccccc2O)CC(C)(C)C1,"[(1R,5R)-3,3,5-trimethylcyclohexyl] 2-hydroxybenzoate",C16H22O3
C[C@H]1C[C@H]2OC(=O)[C@H](C)[C@H]2C[C@@]2(C)[C@H](O)C[C@H](O)C[C@H]12,,C16H26O4
C[C@]1(c2ccc([N+](=O)[O-])cc2)CO1,(2S)-2-methyl-2-(4-nitrophenyl)oxirane,C9H9NO3
C[C@H]1Cc2c(Cl)cc(C(=O)N[C@H](Cc3ccccc3)C(=O)O)c(O)c2C(=O)O1,"(2R)-2-[[(3S)-5-chloro-8-hydroxy-3-methyl-1-oxo-3,4-dihydroisochromene-7-carbonyl]amino]-3-phenylpropanoic acid",C20H18ClNO6
C[C@]12CC(C=O)=C(O)C[C@@H]1CC[C@@H]1[C@@H]2CC[C@@]2(C)[C@@H]1CC[C@]2(C)O,,C21H32O3
C[C@]12CC[C@H]3[C@@H](CC=C4C[C@@H](OC(=O)/C=C/c5cccc(N(CCCl)CCCl)c5)CC[C@@]43C)[C@@H]1CCC(=O)N2,"[(4aS,4bR,8S,10aR,10bS,12aS)-10a,12a-dimethyl-2-oxo-3,4,4a,4b,5,7,8,9,10,10b,11,12-dodecahydro-1H-naphtho[2,1-f]quinolin-8-yl] (E)-3-[3-[bis(2-chloroethyl)amino]phenyl]prop-2-enoate",C32H42Cl2N2O3
C[C@]12CC[C@H]3[C@@H](CC=C4NC(=O)CC[C@@]43C)[C@@H]1CC[C@@H]2OC(=O)CCCc1ccc(N(CCCl)CCCl)cc1,"[(1S,3aS,3bR,9aR,9bS,11aS)-9a,11a-dimethyl-7-oxo-1,2,3,3a,3b,4,6,8,9,9b,10,11-dodecahydroindeno[5,4-f]quinolin-1-yl] 4-[4-[bis(2-chloroethyl)amino]phenyl]butanoate",C32H44Cl2N2O3
C[C@]12CC[C@H]3[C@@H](CC[C@H]4C[C@@H](OC(=O)COc5ccc(N(CCCl)CCCl)cc5)CC[C@@]43C)[C@@H]1CCC(=O)N2,"[(4aS,4bR,6aS,8S,10aS,10bS,12aS)-10a,12a-dimethyl-2-oxo-3,4,4a,4b,5,6,6a,7,8,9,10,10b,11,12-tetradecahydro-1H-naphtho[2,1-f]quinolin-8-yl] 2-[4-[bis(2-chloroethyl)amino]phenoxy]acetate",C31H44Cl2N2O4
C[C@]12CC[C@H]3c4ccc(O)cc4CC[C@H]3[C@H]1CC[C@@H]2O,"(8R,9R,13S,14R,17S)-13-methyl-6,7,8,9,11,12,14,15,16,17-decahydrocyclopenta[a]phenanthrene-3,17-diol",C18H24O2
C[C@]12CC[C@H]3[C@@H](CC[C@H]4C[C@@H](OC(=O)Cc5ccc(N(CCCl)CCCl)cc5)CC[C@@]43C)[C@@H]1CCC(=O)N2,"[(4aS,4bR,6aS,8S,10aS,10bS,12aS)-10a,12a-dimethyl-2-oxo-3,4,4a,4b,5,6,6a,7,8,9,10,10b,11,12-tetradecahydro-1H-naphtho[2,1-f]quinolin-8-yl] 2-[4-[bis(2-chloroethyl)amino]phenyl]acetate",C31H44Cl2N2O3
C[C@]12C[C@H](O)[C@H]3[C@@H](CCC4=CC(=O)C=C[C@@]43C)[C@@H]1CC[C@]2(O)C(=O)CO,"(8S,9S,10R,11S,13S,14S,17R)-11,17-dihydroxy-17-(2-hydroxyacetyl)-10,13-dimethyl-7,8,9,11,12,14,15,16-octahydro-6H-cyclopenta[a]phenanthren-3-one",C21H28O5
C[CH-][N+](=O)[O-],ethylidene(dioxido)azanium,C2H4NO2-
C[N+](C)(C)CC(=O)O,carboxymethyl(trimethyl)azanium,C5H12NO2+
C[N+](C)(C)CC1CO1,trimethyl(oxiran-2-ylmethyl)azanium,C6H14NO+
C[N+](C)(C)CCCl,2-chloroethyl(trimethyl)azanium,C5H13ClN+
C[N+](C)(C)CCNCCc1ccc(N=Nc2ccc([N+](=O)[O-])cc2Cl)cc1,2-[2-[4-[(2-chloro-4-nitrophenyl)diazenyl]phenyl]ethylamino]ethyl-trimethylazanium,C19H25ClN5O2+
C[N+](C)(C)CCO,2-hydroxyethyl(trimethyl)azanium,C5H14NO+
C[N+](C)(C)Cc1ccccc1,benzyl(trimethyl)azanium,C10H16N+
C[N+](C)(C)NCCC(=O)O,(2-carboxyethylamino)-trimethylazanium,C6H15N2O2+
C[N+]([O-])(CCCl)CCCl,2-chloro-N-(2-chloroethyl)-N-methylethanamine oxide,C5H11Cl2NO
C[N+]([O-])=NC[C@H]1O[C@@H](CO)[C@H](O)[C@@H](O)[C@@H]1O,,C8H16N2O6
C[N+]1(C)CCOCC1,"4,4-dimethylmorpholin-4-ium",C6H14NO+
C[N+]1([O-])CC=C(c2ccccc2)CC1,"1-methyl-1-oxido-4-phenyl-3,6-dihydro-2H-pyridin-1-ium",C12H15NO
C[N+]1=CC=C(c2ccccc2)CC1,"1-methyl-4-phenyl-2,3-dihydropyridin-1-ium",C12H14N+
C[N+]1([O-])CCCC1c1cccnc1,3-(1-methyl-1-oxidopyrrolidin-1-ium-2-yl)pyridine,C10H14N2O
C[PH]1(C)N[PH](C)(C)N[PH](C)(C)N1,,C6H24N3P3
C[N@+]1([O-])CCC[C@@H]1c1cccnc1,"3-[(1S,2R)-1-methyl-1-oxidopyrrolidin-1-ium-2-yl]pyridine",C10H14N2O
C[n+]1c(-c2ccc(N)cc2)c2cc(N)ccc2c2ccc(N)cc21,"6-(4-aminophenyl)-5-methylphenanthridin-5-ium-3,8-diamine",C20H19N4+
C[n+]1c2cc(N)ccc2cc2ccc(N)cc21,"10-methylacridin-10-ium-3,6-diamine",C14H14N3+
C[n+]1c2ccccc2c(N)c2ccccc21,10-methylacridin-10-ium-9-amine,C14H13N2+
C[n+]1c2ccccc2cc2c(N)cccc21,10-methylacridin-10-ium-1-amine,C14H13N2+
C[n+]1c2ccccc2cc2cc(N)ccc21,10-methylacridin-10-ium-2-amine,C14H13N2+
C[n+]1c2ccccc2cc2ccc(N)cc21,10-methylacridin-10-ium-3-amine,C14H13N2+
C[n+]1c2ccccc2nc2ccccc21,5-methylphenazin-5-ium,C13H11N2+
C[n+]1c2ccccc2cc2ccccc21,10-methylacridin-10-ium,C14H12N+
C[n+]1ccc(-c2cc[n+](C)cc2)cc1,1-methyl-4-(1-methylpyridin-1-ium-4-yl)pyridin-1-ium,C12H14N2+2
C[n+]1ccc(-c2ccccc2)cc1,1-methyl-4-phenylpyridin-1-ium,C12H12N+
C[n+]1cccc(C(=O)O)c1,1-methylpyridin-1-ium-3-carboxylic acid,C7H8NO2+
C[n+]1cccc2c1C=CC1OC21,"4-methyl-1a,7b-dihydrooxireno[2,3-f]quinolin-4-ium",C10H10NO+
C[n+]1cccc2c1C=C[C@H]1O[C@@H]21,"(1aR,7bS)-4-methyl-1a,7b-dihydrooxireno[2,3-f]quinolin-4-ium",C10H10NO+
Cc1[nH]c2c(c3nc4ccccc4c1-3)C(=O)C(N1CC1)=CC2=O,"2-(aziridin-1-yl)-6-methyl-11H-indolo[3,2-c]quinoline-1,4-dione",C18H13N3O2
Cc1c(-c2ccccc2)oc2c(C(=O)OCCN3CCCCC3)cccc2c1=O,2-piperidin-1-ylethyl 3-methyl-4-oxo-2-phenylchromene-8-carboxylate,C24H25NO4
Cc1[nH]c2c(c3nc4ccccc4c1-3)C(=O)C(N1CCN(C)CC1)=CC2=O,"6-methyl-2-(4-methylpiperazin-1-yl)-11H-indolo[3,2-c]quinoline-1,4-dione",C21H20N4O2
Cc1c(-c2cnccn2)ssc1=S,4-methyl-5-pyrazin-2-yldithiole-3-thione,C8H6N2S3
Cc1c(/C=N/OCc2ccc(Cl)cc2)c2cc([N+](=O)[O-])ccc2n1Cc1ccccc1,(E)-1-(1-benzyl-2-methyl-5-nitroindol-3-yl)-N-[(4-chlorophenyl)methoxy]methanimine,C24H20ClN3O3
Cc1c(/C=N/OCc2ccc(Cl)cc2Cl)c2cc([N+](=O)[O-])ccc2n1Cc1ccc(Cl)cc1,"(E)-1-[1-[(4-chlorophenyl)methyl]-2-methyl-5-nitroindol-3-yl]-N-[(2,4-dichlorophenyl)methoxy]methanimine",C24H18Cl3N3O3
Cc1c(/C=N/OCc2cccc([N+](=O)[O-])c2)c2cc([N+](=O)[O-])ccc2n1Cc1ccccc1,(E)-1-(1-benzyl-2-methyl-5-nitroindol-3-yl)-N-[(3-nitrophenyl)methoxy]methanimine,C24H20N4O5
Cc1c(Br)c(Br)c(Br)c(Br)c1Br,"1,2,3,4,5-pentabromo-6-methylbenzene",C7H3Br5
Cc1c(/C=N/OCc2ccccc2)c2cc([N+](=O)[O-])ccc2n1Cc1cccc([N+](=O)[O-])c1,(E)-1-[2-methyl-5-nitro-1-[(3-nitrophenyl)methyl]indol-3-yl]-N-phenylmethoxymethanimine,C24H20N4O5
Cc1c(C(=O)NCCO)[n+]([O-])c2ccccc2[n+]1[O-],N-(2-hydroxyethyl)-3-methyl-4-oxido-1-oxoquinoxalin-1-ium-2-carboxamide,C12H13N3O4
Cc1c(C(=O)O)c(O)cc2c1C(=O)c1c(O)c(C3OC(CO)C(O)C(O)C3O)c(O)c(O)c1C2=O,"3,5,6,8-tetrahydroxy-1-methyl-9,10-dioxo-7-[3,4,5-trihydroxy-6-(hydroxymethyl)oxan-2-yl]anthracene-2-carboxylic acid",C22H20O13
Cc1c(C(=O)O)c(O)cc2c1C(=O)c1c(O)c([C@H]3O[C@@H](CO)[C@H](O)[C@@H](O)[C@@H]3O)c(O)c(O)c1C2=O,"3,5,6,8-tetrahydroxy-1-methyl-9,10-dioxo-7-[(2R,3S,4S,5R,6S)-3,4,5-trihydroxy-6-(hydroxymethyl)oxan-2-yl]anthracene-2-carboxylic acid",C22H20O13
Cc1c(C(=O)O)cccc1[N+](=O)[O-],2-methyl-3-nitrobenzoic acid,C8H7NO4
Cc1c(C(C)C)c(=O)n(-c2ccccc2)n1C,"1,5-dimethyl-2-phenyl-4-propan-2-ylpyrazol-3-one",C14H18N2O
Cc1c(C)c(Br)c(Br)c(Br)c1Br,"1,2,3,4-tetrabromo-5,6-dimethylbenzene",C8H6Br4
Cc1c(C)c(N)c(C)c(C)c1N,"2,3,5,6-tetramethylbenzene-1,4-diamine",C10H16N2
Cc1c(C)c([N+](=O)[O-])c(C(C)(C)C)c([N+](=O)[O-])c1C,"1-tert-butyl-3,4,5-trimethyl-2,6-dinitrobenzene",C13H18N2O4
Cc1c(C)c2c(Cl)c3ccccc3nc2c2ccccc12,"7-chloro-5,6-dimethylbenzo[c]acridine",C19H14ClN
Cc1c(C)c2c(N)c3ccccc3nc2c2ccccc12,"5,6-dimethylbenzo[c]acridin-7-amine",C19H16N2
Cc1c(C)c2c(c(C)c1O)CCC(C)(CCCC(C)CCCC(C)CCCC(C)C)O2,"2,5,7,8-tetramethyl-2-(4,8,12-trimethyltridecyl)-3,4-dihydrochromen-6-ol",C29H50O2
Cc1c(C)c2c(nc(N)n2C)c2nccnc12,"3,4,5-trimethylimidazo[4,5-f]quinoxalin-2-amine",C12H13N5
Cc1c(C)c2c3c(ccc2c2ccccc12)C(O)C(O)C1OC31,"18,19-dimethyl-4-oxapentacyclo[9.8.0.02,8.03,5.012,17]nonadeca-1(11),2(8),9,12,14,16,18-heptaene-6,7-diol",C20H18O3
Cc1c(Cn2ccnc2)c2cc([N+](=O)[O-])ccc2n1Cc1ccccc1,1-benzyl-3-(imidazol-1-ylmethyl)-2-methyl-5-nitroindole,C20H18N4O2
Cc1c(Cl)cnc2ccccc12,3-chloro-4-methylquinoline,C10H8ClN
Cc1c(F)c(N2CCNC(C)C2)cc2c1c(=O)c(C(=O)O)cn2C1CC1,1-cyclopropyl-6-fluoro-5-methyl-7-(3-methylpiperazin-1-yl)-4-oxoquinoline-3-carboxylic acid,C19H22FN3O3
Cc1c(N(C)C)c(=O)n(-c2ccccc2)n1C,"4-(dimethylamino)-1,5-dimethyl-2-phenylpyrazol-3-one",C13H17N3O
Cc1c(N)c(=O)n(-c2ccccc2)n1C,"4-amino-1,5-dimethyl-2-phenylpyrazol-3-one",C11H13N3O
Cc1c(N(C)CS(=O)(=O)O)c(=O)n(-c2ccccc2)n1C,"[(1,5-dimethyl-3-oxo-2-phenylpyrazol-4-yl)-methylamino]methanesulfonic acid",C13H17N3O4S
Cc1c(N)cc(N)cc1[N+](=O)[O-],"4-methyl-5-nitrobenzene-1,3-diamine",C7H9N3O2
Cc1c(N)cc([N+](=O)[O-])c(N)c1C,"2,3-dimethyl-5-nitrobenzene-1,4-diamine",C8H11N3O2
Cc1c(N)cc([N+](=O)[O-])cc1N,"2-methyl-5-nitrobenzene-1,3-diamine",C7H9N3O2
Cc1c(N)cc([N+](=O)[O-])cc1[N+](=O)[O-],"2-methyl-3,5-dinitroaniline",C7H7N3O4
Cc1c(N)ccc(N)c1C,"2,3-dimethylbenzene-1,4-diamine",C8H12N2
Cc1c(N)ccc(N=Nc2ccccc2)c1N,"2-methyl-4-phenyldiazenylbenzene-1,3-diamine",C13H14N4
Cc1c(N)cccc1Cl,3-chloro-2-methylaniline,C7H8ClN
Cc1c(N)cccc1N,"2-methylbenzene-1,3-diamine",C7H10N2
Cc1c(N)cccc1N=Nc1cccc(N)c1C,3-[(3-amino-2-methylphenyl)diazenyl]-2-methylaniline,C14H16N4
Cc1c(N)cccc1N=[N+]([O-])c1cccc(N)c1C,(3-amino-2-methylphenyl)-(3-amino-2-methylphenyl)imino-oxidoazanium,C14H16N4O
Cc1c(N)cnc2c1nc1c(C)cccn12,"6,10-dimethyl-1,3,8-triazatricyclo[7.4.0.02,7]trideca-2,4,6,8,10,12-hexaen-5-amine",C12H12N4
Cc1c(N)cccc1[N+](=O)[O-],2-methyl-3-nitroaniline,C7H8N2O2
Cc1c(N)nc(C)c2c1[nH]c1ccccc12,"1,4-dimethyl-5H-pyrido[4,3-b]indol-3-amine",C13H13N3
Cc1c(N=C=O)cccc1N=C=O,"1,3-diisocyanato-2-methylbenzene",C9H6N2O2
Cc1c(N=O)c(=O)n(-c2ccccc2)n1C,"1,5-dimethyl-4-nitroso-2-phenylpyrazol-3-one",C11H11N3O2
Cc1c(N=O)cccc1[N+](=O)[O-],2-methyl-1-nitro-3-nitrosobenzene,C7H6N2O3
Cc1c(N=[N+]([O-])c2cc([N+](=O)[O-])c(C)c([N+](=O)[O-])c2)cc([N+](=O)[O-])cc1[N+](=O)[O-],"(4-methyl-3,5-dinitrophenyl)-(2-methyl-3,5-dinitrophenyl)imino-oxidoazanium",C14H10N6O9
Cc1c(N=[N+]([O-])c2cc([N+](=O)[O-])cc([N+](=O)[O-])c2C)cc([N+](=O)[O-])cc1[N+](=O)[O-],"(2-methyl-3,5-dinitrophenyl)-(2-methyl-3,5-dinitrophenyl)imino-oxidoazanium",C14H10N6O9
Cc1c(N=[N+]([O-])c2cccc([N+](=O)[O-])c2C)cccc1[N+](=O)[O-],(2-methyl-3-nitrophenyl)-(2-methyl-3-nitrophenyl)imino-oxidoazanium,C14H12N4O5
Cc1c(NO)cc(NO)cc1[N+](=O)[O-],N-[3-(hydroxyamino)-4-methyl-5-nitrophenyl]hydroxylamine,C7H9N3O4
Cc1c(NO)cc([N+](=O)[O-])cc1[N+](=O)[O-],"N-(2-methyl-3,5-dinitrophenyl)hydroxylamine",C7H7N3O5
Cc1c(NO)cnc2c1nc1c(C)cccn12,"N-(6,10-dimethyl-1,3,8-triazatricyclo[7.4.0.02,7]trideca-2,4,6,8,10,12-hexaen-5-yl)hydroxylamine",C12H12N4O
Cc1c(O)cc2c(c1O)C(=O)c1ccccc1C2=O,"1,3-dihydroxy-2-methylanthracene-9,10-dione",C15H10O4
Cc1c(O)cc([N+](=O)[O-])cc1[N+](=O)[O-],"2-methyl-3,5-dinitrophenol",C7H6N2O5
Cc1c(O)cccc1O,"2-methylbenzene-1,3-diol",C7H8O2
Cc1c([N+](=O)[O-])c(C)c([N+](=O)[O-])c(C(C)(C)C)c1[N+](=O)[O-],"1-tert-butyl-3,5-dimethyl-2,4,6-trinitrobenzene",C12H15N3O6
Cc1c([N+](=O)[O-])c2ccccc2c2ccc3ccccc3c12,5-methyl-6-nitrochrysene,C19H13NO2
Cc1c([N+](=O)[O-])cc(C)c2c1c1ccccc1n2C,"1,4,9-trimethyl-3-nitrocarbazole",C15H14N2O2
Cc1c([N+](=O)[O-])cc(N)cc1[N+](=O)[O-],"4-methyl-3,5-dinitroaniline",C7H7N3O4
Cc1c([N+](=O)[O-])cc(N=[N+]([O-])c2cc([N+](=O)[O-])c(C)c([N+](=O)[O-])c2)cc1[N+](=O)[O-],"(4-methyl-3,5-dinitrophenyl)-(4-methyl-3,5-dinitrophenyl)imino-oxidoazanium",C14H10N6O9
Cc1c([N+](=O)[O-])cc([N+](=O)[O-])c(N)c1[N+](=O)[O-],"3-methyl-2,4,6-trinitroaniline",C7H6N4O6
Cc1c([N+](=O)[O-])cc([N+](=O)[O-])cc1[N+](=O)[O-],"2-methyl-1,3,5-trinitrobenzene",C7H5N3O6
Cc1c([N+](=O)[O-])cc2c(c1[N+](=O)[O-])C(C)(C)CC2(C)C,"1,1,3,3,5-pentamethyl-4,6-dinitro-2H-indene",C14H18N2O4
Cc1c([N+](=O)[O-])cccc1[N+](=O)[O-],"2-methyl-1,3-dinitrobenzene",C7H6N2O4
Cc1c([N+](=O)[O-])ccc2ccccc12,1-methyl-2-nitronaphthalene,C11H9NO2
Cc1c([N+](=O)[O-])cnc2c1nc1c(C)cccn12,"6,10-dimethyl-5-nitro-1,3,8-triazatricyclo[7.4.0.02,7]trideca-2,4,6,8,10,12-hexaene",C12H10N4O2
Cc1c2c(c(C)c3ccccc13)-c1cccc3cccc-2c13,"7,12-dimethylbenzo[k]fluoranthene",C22H16
Cc1c2c(c(C)c3ccccc13)C1NC1c1ccccc1-2,"12,19-dimethyl-3-azapentacyclo[9.8.0.02,4.05,10.013,18]nonadeca-1(19),5,7,9,11,13,15,17-octaene",C20H17N
Cc1c2c(c(C)c3ccccc13)C1OC1c1ccccc1-2,"12,19-dimethyl-3-oxapentacyclo[9.8.0.02,4.05,10.013,18]nonadeca-1(19),5,7,9,11,13,15,17-octaene",C20H16O
Cc1c2c(c3ccc4ccccc4c3c1C)CCC2C,"11,12,17-trimethyl-16,17-dihydro-15H-cyclopenta[a]phenanthrene",C20H20
Cc1c2c(c3ccc4ccccc4c3c1C)CCC2=O,"11,12-dimethyl-15,16-dihydrocyclopenta[a]phenanthren-17-one",C19H16O
Cc1c2c(cc3ccccc13)-c1ccccc1C(O)C2O,"7-methyl-5,6-dihydrobenzo[a]anthracene-5,6-diol",C19H16O2
Cc1c2c(cc3ccccc13)-c1ccccc1C1NC21,"19-methyl-3-azapentacyclo[9.8.0.02,4.05,10.013,18]nonadeca-1(19),5,7,9,11,13,15,17-octaene",C19H15N
Cc1c2c(cc3ccccc13)-c1ccccc1C1OC21,"19-methyl-3-oxapentacyclo[9.8.0.02,4.05,10.013,18]nonadeca-1(19),5,7,9,11,13,15,17-octaene",C19H14O
Cc1c2c(cc3ccccc13)-c1ccccc1[C@@H]1N[C@H]21,"(2R,4S)-19-methyl-3-azapentacyclo[9.8.0.02,4.05,10.013,18]nonadeca-1(19),5,7,9,11,13,15,17-octaene",C19H15N
Cc1c2c(nc3ccc(CO)cc13)-c1ccccc1C1OC21,"(19-methyl-3-oxa-12-azapentacyclo[9.8.0.02,4.05,10.013,18]nonadeca-1(11),5,7,9,12,14,16,18-octaen-16-yl)methanol",C19H15NO2
Cc1c2cc(CO)ccc2nc2c1ccc1ccccc12,"(7-methylnaphtho[1,2-b]quinolin-9-yl)methanol",C19H15NO
Cc1c2cc(CO)ccc2nc2c3c(ccc12)C(O)C(O)C=C3,"9-(hydroxymethyl)-7-methyl-3,4-dihydrobenzo[c]acridine-3,4-diol",C19H17NO3
Cc1c2ccc(CO)cc2nc2c1ccc1ccccc12,(7-methylbenzo[c]acridin-10-yl)methanol,C19H15NO
Cc1c2ccc3ccccc3c2cc2ccc(O)c(O)c12,,C19H14O2
Cc1c2cccc(C)c2nc2c1ccc1ccccc12,"7,11-dimethylbenzo[c]acridine",C19H15N
Cc1c2ccccc2c(C)c2c1ccc1ccccc12,"7,12-dimethylbenzo[a]anthracene",C20H16
Cc1c2ccccc2c(C)c2c3c(ccc12)C(=O)C(=O)C=C3,"7,12-dimethylbenzo[a]anthracene-3,4-dione",C20H14O2
Cc1c2ccccc2c(C)c2ccccc12,"9,10-dimethylanthracene",C16H14
Cc1c2ccccc2c(C2CO2)c2ccccc12,2-(10-methylanthracen-9-yl)oxirane,C17H14O
Cc1c2ccccc2c(CBr)c2c1ccc1ccccc12,12-(bromomethyl)-7-methylbenzo[a]anthracene,C20H15Br
Cc1c2ccccc2c(CBr)c2ccc3ccccc3c12,7-(bromomethyl)-12-methylbenzo[a]anthracene,C20H15Br
Cc1c2ccccc2c(CBr)c2ccccc12,9-(bromomethyl)-10-methylanthracene,C16H13Br
Cc1c2ccccc2c(CCl)c2ccc3ccccc3c12,7-(chloromethyl)-12-methylbenzo[a]anthracene,C20H15Cl
Cc1c2ccccc2c(CCl)c2ccccc12,9-(chloromethyl)-10-methylanthracene,C16H13Cl
Cc1c2ccccc2c(CO)c2ccc3ccccc3c12,(12-methylbenzo[a]anthracen-7-yl)methanol,C20H16O
Cc1c2ccccc2c(CO)c2ccccc12,(10-methylanthracen-9-yl)methanol,C16H14O
Cc1c2ccccc2c(COS(=O)(=O)O)c2ccccc12,(10-methylanthracen-9-yl)methyl hydrogen sulfate,C16H14O4S
Cc1c2ccccc2c(COS(=O)(=O)O)c2ccc3ccccc3c12,(12-methylbenzo[a]anthracen-7-yl)methyl hydrogen sulfate,C20H16O4S
Cc1c2ccccc2c([C@@H]2CO2)c2ccccc12,,C17H14O
Cc1c2ccccc2c2ccc3cccc4ccc1c2c43,6-methylbenzo[a]pyrene,C21H14
Cc1c2ccccc2cc2c1ccc1ccccc12,7-methylbenzo[a]anthracene,C19H14
Cc1c2ccccc2cc2c3c(ccc12)C(=O)C(=O)C=C3,"7-methylbenzo[a]anthracene-3,4-dione",C19H12O2
Cc1c2ccccc2cc2c3c(ccc12)C(O)C(O)C1OC31,"12-methyl-4-oxapentacyclo[9.8.0.02,8.03,5.013,18]nonadeca-1(19),2(8),9,11,13,15,17-heptaene-6,7-diol",C19H16O3
Cc1c2ccccc2cc2c3c(ccc12)C(O)C(O)C=C3,"7-methyl-3,4-dihydrobenzo[a]anthracene-3,4-diol",C19H16O2
Cc1c2ccccc2cc2c3c(ccc12)C=CC(O)C3O,"7-methyl-1,2-dihydrobenzo[a]anthracene-1,2-diol",C19H16O2
Cc1c2ccccc2cc2c3c(ccc12)C=C[C@@H](O)[C@H]3O,,C19H16O2
Cc1c2ccccc2cc2c3c(ccc12)[C@@H](O)[C@H](O)C=C3,"(3R,4R)-7-methyl-3,4-dihydrobenzo[a]anthracene-3,4-diol",C19H16O2
Cc1c2ccccc2cc2ccc3c(c12)C=CC(=O)C3=O,"12-methylbenzo[a]anthracene-3,4-dione",C19H12O2
Cc1c2ccccc2cc2ccc3ccccc3c12,12-methylbenzo[a]anthracene,C19H14
Cc1c2ccccc2cc2ccccc12,9-methylanthracene,C15H12
Cc1c2ccccc2nc2c1ccc1ccccc12,7-methylbenzo[c]acridine,C18H13N
Cc1c2ccncc2c(C)c2c1[nH]c1ccc(N)cc12,"5,11-dimethyl-6H-pyrido[4,3-b]carbazol-9-amine",C17H15N3
Cc1c2ccncc2c(C)c2c1[nH]c1ccccc12,"5,11-dimethyl-6H-pyrido[4,3-b]carbazole",C17H14N2
Cc1c[nH]cn1,5-methyl-1H-imidazole,C4H6N2
Cc1cc(-c2cc(C)c(N)c(C)c2)cc(C)c1N,"4-(4-amino-3,5-dimethylphenyl)-2,6-dimethylaniline",C16H20N2
Cc1cc(-c2cc3c(cc2F)n2c(=O)[nH]c(=O)cc2n3C2CC2)cc(C)n1,"5-cyclopropyl-7-(2,6-dimethyl-4-pyridinyl)-8-fluoropyrimido[1,6-a]benzimidazole-1,3-dione",C20H17FN4O2
Cc1cc(-c2cc3c(cc2F)n2c(=O)n(O)c(=O)cc2n3C2CC2)cc(C)n1,"5-cyclopropyl-7-(2,6-dimethyl-4-pyridinyl)-8-fluoro-2-hydroxypyrimido[1,6-a]benzimidazole-1,3-dione",C20H17FN4O3
Cc1cc(-c2ccc(N)c(C)c2)ccc1N,4-(4-amino-3-methylphenyl)-2-methylaniline,C14H16N2
Cc1cc(-c2ccc(N=Nc3cc(S(=O)(=O)O)c4ccccc4c3N)c(C)c2)ccc1N=Nc1cc(S(=O)(=O)O)c2ccccc2c1N,4-amino-3-[[4-[4-[(1-amino-4-sulfonaphthalen-2-yl)diazenyl]-3-methylphenyl]-2-methylphenyl]diazenyl]naphthalene-1-sulfonic acid,C34H28N6O6S2
Cc1cc(-c2ccc(N=Nc3c(N)c(C)cc(S(=O)(=O)O)c3N)c(C)c2)ccc1N=Nc1ccc(O)c(C(=O)O)c1,"5-[[4-[4-[(2,6-diamino-3-methyl-5-sulfophenyl)diazenyl]-3-methylphenyl]-2-methylphenyl]diazenyl]-2-hydroxybenzoic acid",C28H26N6O6S
Cc1cc(-c2ccccc2C)ccc1N,2-methyl-4-(2-methylphenyl)aniline,C14H15N
Cc1cc(/C=C/c2ccc3cc(N(C)C)ccc3[n+]2C)c(C)n1-c1ccccc1,"2-[(E)-2-(2,5-dimethyl-1-phenylpyrrol-3-yl)ethenyl]-N,N,1-trimethylquinolin-1-ium-6-amine",C26H28N3+
Cc1cc(=O)n(-c2ccccc2)n1C,"1,5-dimethyl-2-phenylpyrazol-3-one",C11H12N2O
Cc1cc(=O)oc2c3c(ccc12)C1(C)OOC1(C)O3,"6,11,14-trimethyl-3,12,13,15-tetraoxatetracyclo[8.5.0.02,7.011,14]pentadeca-1(10),2(7),5,8-tetraen-4-one",C14H12O5
Cc1cc(=O)oc2c3c4c(cc12)CCCN4CCC3,"6-methyl-3-oxa-13-azatetracyclo[7.7.1.02,7.013,17]heptadeca-1(17),2(7),5,8-tetraen-4-one",C16H17NO2
Cc1cc(=O)oc2cc(N)ccc12,7-amino-4-methylchromen-2-one,C10H9NO2
Cc1cc(=O)oc2cc(O)cc(O)c12,"5,7-dihydroxy-4-methylchromen-2-one",C10H8O4
Cc1cc(=O)oc2cc(O)ccc12,7-hydroxy-4-methylchromen-2-one,C10H8O3
Cc1cc(=O)oc2cc3c(cc12)C1(C)OOC1(C)O3,"7,11,14-trimethyl-4,12,13,15-tetraoxatetracyclo[8.5.0.03,8.011,14]pentadeca-1(10),2,6,8-tetraen-5-one",C14H12O5
Cc1cc(=O)oc2ccc3c(c12)C1(C)OOC1(C)O3,"3,12,15-trimethyl-6,11,13,14-tetraoxatetracyclo[8.5.0.02,7.012,15]pentadeca-1(10),2(7),3,8-tetraen-5-one",C14H12O5
Cc1cc(C#[N+][O-])cc(C#[N+][O-])c1,"5-methylbenzene-1,3-dicarbonitrile oxide",C9H6N2O2
Cc1cc(C(=C2C=CC(=N)C=C2)c2ccc(N)cc2)ccc1N,"4-[(4-aminophenyl)-(4-imino-3-methylcyclohexa-2,5-dien-1-ylidene)methyl]aniline",C20H19N3
Cc1cc(C(=C2C=CC(N)C=C2)c2ccc(N)cc2)ccc1N,"4-[(4-aminocyclohexa-2,5-dien-1-ylidene)-(4-aminophenyl)methyl]-2-methylaniline",C20H21N3
Cc1cc(C(=O)O)c2ncccc2c1,6-methylquinoline-8-carboxylic acid,C11H9NO2
Cc1cc(C(=O)O)ccc1[N+](=O)[O-],3-methyl-4-nitrobenzoic acid,C8H7NO4
Cc1cc(C(C)(C)C)c(O)c(C(C)(C)C)c1,"2,6-ditert-butyl-4-methylphenol",C15H24O
Cc1cc(C)c(C)c(C)c1,"1,2,3,5-tetramethylbenzene",C10H14
Cc1cc(C(O)c2ncc([N+](=O)[O-])n2C)c(O)c(C(C)(C)C)c1,2-tert-butyl-6-[hydroxy-(1-methyl-5-nitroimidazol-2-yl)methyl]-4-methylphenol,C16H21N3O4
Cc1cc(C)c(C)cc1C,"1,2,4,5-tetramethylbenzene",C10H14
Cc1cc(C)c(CN2C3c4ccccc4-c4ccccc4C32)c(C)c1,"1-[(2,4,6-trimethylphenyl)methyl]-1a,9b-dihydrophenanthro[9,10-b]azirine",C24H23N
Cc1cc(C)c(N)c(C)c1,"2,4,6-trimethylaniline",C9H13N
Cc1cc(C)c(N)c(C)c1N,"2,4,6-trimethylbenzene-1,3-diamine",C9H14N2
Cc1cc(C)c(N)cc1C,"2,4,5-trimethylaniline",C9H13N
Cc1cc(C)c(N=Nc2c(O)c(S(=O)(=O)O)cc3cc(S(=O)(=O)O)ccc23)cc1C,"3-hydroxy-4-[(2,4,5-trimethylphenyl)diazenyl]naphthalene-2,7-disulfonic acid",C19H18N2O7S2
Cc1cc(C)c(S(=O)(=O)O)cc1N=Nc1cc(S(=O)(=O)O)c2ccccc2c1O,"3-[(2,4-dimethyl-5-sulfophenyl)diazenyl]-4-hydroxynaphthalene-1-sulfonic acid",C18H16N2O7S2
Cc1cc(C)c(N=Nc2cc(S(=O)(=O)O)c3ccccc3c2O)c(S(=O)(=O)O)c1,"3-[(2,4-dimethyl-6-sulfophenyl)diazenyl]-4-hydroxynaphthalene-1-sulfonic acid",C18H16N2O7S2
Cc1cc(C)c([N+](=O)[O-])cc1[N+](=O)[O-],"1,5-dimethyl-2,4-dinitrobenzene",C8H8N2O4
Cc1cc(C)c2c(ccc3ccccc32)c1,"2,4-dimethylphenanthrene",C16H14
Cc1cc(C)c2ccc3ccccc3c2c1,"1,3-dimethylphenanthrene",C16H14
Cc1cc(C)c2cc(C)c(N)cc2n1,"2,4,6-trimethylquinolin-7-amine",C12H14N2
Cc1cc(C)c2ccccc2c1,"1,3-dimethylnaphthalene",C12H12
Cc1cc(C)c2nc3c(ccc4ccccc43)c(C)c2c1,"7,9,11-trimethylbenzo[c]acridine",C20H17N
Cc1cc(C)c2nsnc2c1[N+](=O)[O-],"5,7-dimethyl-4-nitro-2,1,3-benzothiadiazole",C8H7N3O2S
Cc1cc(C)c2nsnc2c1N,"5,7-dimethyl-2,1,3-benzothiadiazol-4-amine",C8H9N3S
Cc1cc(C)cc(N)c1,"3,5-dimethylaniline",C8H11N
Cc1cc(C)cc(C)c1,"1,3,5-trimethylbenzene",C9H12
Cc1cc(C)cc(NO)c1,"N-(3,5-dimethylphenyl)hydroxylamine",C8H11NO
Cc1cc(C)cc(N=Nc2c(O)ccc3ccccc23)c1,"1-[(3,5-dimethylphenyl)diazenyl]naphthalen-2-ol",C18H16N2O
Cc1cc(C)cc(O)c1,"3,5-dimethylphenol",C8H10O
Cc1cc(C)cc([N+](=O)[O-])c1,"1,3-dimethyl-5-nitrobenzene",C8H9NO2
Cc1cc(C)n(-c2[nH]nc(NN)c3c4ccccc4nc2-3)n1,"[4-(3,5-dimethylpyrazol-1-yl)-5H-pyridazino[4,5-b]indol-1-yl]hydrazine",C15H15N7
Cc1cc(C)nc(NS(=O)(=O)c2ccc(N)cc2)n1,"4-amino-N-(4,6-dimethylpyrimidin-2-yl)benzenesulfonamide",C12H14N4O2S
Cc1cc(C)nc(SC(=O)OC(C)(C)C)n1,"tert-butyl (4,6-dimethylpyrimidin-2-yl)sulfanylformate",C11H16N2O2S
Cc1cc(C2(c3cc(C)c(O)cc3C)OS(=O)(=O)c3ccccc32)c(C)cc1O,"4-[3-(4-hydroxy-2,5-dimethylphenyl)-1,1-dioxo-2,1lambda6-benzoxathiol-3-yl]-2,5-dimethylphenol",C23H22O5S
Cc1cc(Cc2cc(C)cc(C(C)(C)C)c2O)c(O)c(C(C)(C)C)c1,2-tert-butyl-6-[(3-tert-butyl-2-hydroxy-5-methylphenyl)methyl]-4-methylphenol,C23H32O2
Cc1cc(Cc2ccc(N)c(C)c2)ccc1N,4-[(4-amino-3-methylphenyl)methyl]-2-methylaniline,C15H18N2
Cc1cc(Cl)cc2c1C(=O)/C(=C1/Sc3cc(Cl)cc(C)c3C1=O)S2,(2Z)-6-chloro-2-(6-chloro-4-methyl-3-oxo-1-benzothiophen-2-ylidene)-4-methyl-1-benzothiophen-3-one,C18H10Cl2O2S2
Cc1cc(Cl)ccc1/N=C/N(C)C,"N'-(4-chloro-2-methylphenyl)-N,N-dimethylmethanimidamide",C10H13ClN2
Cc1cc(Cl)ccc1OC(C)C(=O)O,2-(4-chloro-2-methylphenoxy)propanoic acid,C10H11ClO3
Cc1cc(Cl)ccc1O,4-chloro-2-methylphenol,C7H7ClO
Cc1cc(Cl)ccc1OCCCC(=O)O,4-(4-chloro-2-methylphenoxy)butanoic acid,C11H13ClO3
Cc1cc(Cl)ccc1OCC(=O)O,2-(4-chloro-2-methylphenoxy)acetic acid,C9H9ClO3
Cc1cc(N(C)C)ccc1N=Nc1ccccc1,"N,N,3-trimethyl-4-phenyldiazenylaniline",C15H17N3
Cc1cc(Cl)ccc1O[C@H](C)C(=O)O,(2R)-2-(4-chloro-2-methylphenoxy)propanoic acid,C10H11ClO3
Cc1cc(N(CCO)CCO)ccc1N=Nc1ccc(N)cc1,2-[4-[(4-aminophenyl)diazenyl]-N-(2-hydroxyethyl)-3-methylanilino]ethanol,C17H22N4O2
Cc1cc(N(CCO)CCO)ccc1N=Nc1cccnc1,2-[N-(2-hydroxyethyl)-3-methyl-4-(pyridin-3-yldiazenyl)anilino]ethanol,C16H20N4O2
Cc1cc(N)c(C)c([N+](=O)[O-])c1N,"2,5-dimethyl-3-nitrobenzene-1,4-diamine",C8H11N3O2
Cc1cc(N)c(C)c2c1[nH]c1ccc(O)cc12,"6-amino-5,8-dimethyl-9H-carbazol-3-ol",C14H14N2O
Cc1cc(N)c(C)c2c1[nH]c1ccccc12,"1,4-dimethyl-9H-carbazol-3-amine",C14H14N2
Cc1cc(N)c(C)cc1N,"2,5-dimethylbenzene-1,4-diamine",C8H12N2
Cc1cc(N)c(S(=O)(=O)O)cc1Cl,2-amino-5-chloro-4-methylbenzenesulfonic acid,C7H8ClNO3S
Cc1cc(N)c([N+](=O)[O-])c(C)c1N,"3,5-dimethyl-2-nitrobenzene-1,4-diamine",C8H11N3O2
Cc1cc(N)c([N+](=O)[O-])cc1N,"2-methyl-5-nitrobenzene-1,4-diamine",C7H9N3O2
Cc1cc(N)cc(N)c1,"5-methylbenzene-1,3-diamine",C7H10N2
Cc1cc(N)cc([N+](=O)[O-])c1N,"2-methyl-6-nitrobenzene-1,4-diamine",C7H9N3O2
Cc1cc(N)ccc1-c1ccc(N)cc1C,4-(4-amino-2-methylphenyl)-3-methylaniline,C14H16N2
Cc1cc(N)ccc1-c1ccc(O)cc1,4-(4-amino-2-methylphenyl)phenol,C13H13NO
Cc1cc(N)ccc1N,"2-methylbenzene-1,4-diamine",C7H10N2
Cc1cc(N)ccc1NOS(=O)(=O)O,,C7H10N2O4S
Cc1cc(N=Nc2ccc(S(=O)(=O)O)cc2)c(N)cc1N,"4-[(2,4-diamino-5-methylphenyl)diazenyl]benzenesulfonic acid",C13H14N4O3S
Cc1cc(N)sn1,"3-methyl-1,2-thiazol-5-amine",C4H6N2S
Cc1cc(N=Nc2ccccc2)c(N)cc1N,"4-methyl-6-phenyldiazenylbenzene-1,3-diamine",C13H14N4
Cc1cc(N=Nc2ccccc2C)c(N)cc1N,"4-methyl-6-[(2-methylphenyl)diazenyl]benzene-1,3-diamine",C14H16N4
Cc1cc(N=Nc2ccccc2C)ccc1N,2-methyl-4-[(2-methylphenyl)diazenyl]aniline,C14H15N3
Cc1cc(N=Nc2cccnc2)c(N)cc1N,"4-methyl-6-(pyridin-3-yldiazenyl)benzene-1,3-diamine",C12H13N5
Cc1cc(NOS(=O)(=O)O)ccc1N,(4-amino-3-methylanilino) hydrogen sulfate,C7H10N2O4S
Cc1cc(NS(=O)(=O)c2ccc(N)cc2)no1,"4-amino-N-(5-methyl-1,2-oxazol-3-yl)benzenesulfonamide",C10H11N3O3S
Cc1cc(Nc2ccc(O)cc2)ccc1N,4-(4-amino-3-methylanilino)phenol,C13H14N2O
Cc1cc(O)c(C(C)(C)C)cc1Sc1cc(C(C)(C)C)c(O)cc1C,2-tert-butyl-4-(5-tert-butyl-4-hydroxy-2-methylphenyl)sulfanyl-5-methylphenol,C22H30O2S
Cc1cc(O)c2c(=O)c3c(O)cc(O)c4c5c(O)cc(O)c6c(=O)c7c(O)cc(C)c8c1c2c(c34)c(c78)c65,"9,11,13,16,18,20-hexahydroxy-5,24-dimethyloctacyclo[13.11.1.12,10.03,8.04,25.019,27.021,26.014,28]octacosa-1(26),2,4(25),5,8,10,12,14(28),15(27),16,18,20,23-tridecaene-7,22-dione",C30H16O8
Cc1cc(O)c2c(c1)C(=O)C(c1c(C)cc3c(c1O)C(=O)C=CC3=O)=CC2=O,"5-hydroxy-6-(5-hydroxy-7-methyl-1,4-dioxonaphthalen-2-yl)-7-methylnaphthalene-1,4-dione",C22H14O6
Cc1cc(O)c2c(O)c3c(O)cccc3cc2c1,"3-methylanthracene-1,8,9-triol",C15H12O3
Cc1cc(O)c2c(c1)C(=O)C13C4C(=O)C56C(=O)c7c(O)cc(C)cc7C(=O)C57C(C(=O)C16C2=O)C(C)C3C7C4C,,C32H24O8
Cc1cc(O)c2c(c1)C(=O)C13C(=C2O)C(=O)C2C(O)C1C1C(O)C3C(=O)C3=C(O)c4c(O)cc(C)cc4C(=O)C321,"8,10,14,23,25,28-hexahydroxy-6,21-dimethyloctacyclo[14.11.1.02,11.02,15.04,9.013,17.017,26.019,24]octacosa-4(9),5,7,10,19(24),20,22,25-octaene-3,12,18,27-tetrone",C30H22O10
Cc1cc(O)c2c(c1)C(=O)c1c(c(O)cc(O)c1-c1c(O)cc(O)c3c1C(=O)c1cc(C)cc(O)c1C3=O)C2=O,"2,4,5-trihydroxy-7-methyl-1-(2,4,5-trihydroxy-7-methyl-9,10-dioxoanthracen-1-yl)anthracene-9,10-dione",C30H18O10
Cc1cc(O)c2c(c1)C(=O)c1c(O)c(O)cc(O)c1C2=O,"1,2,4,5-tetrahydroxy-7-methylanthracene-9,10-dione",C15H10O6
Cc1cc(O)c2c(c1)C(=O)c1cc(O)cc(O)c1C2=O,"1,3,8-trihydroxy-6-methylanthracene-9,10-dione",C15H10O5
Cc1cc(O)c2c(c1)C(=O)c1cc(O)c(O)c(O)c1C2=O,"1,2,3,8-tetrahydroxy-6-methylanthracene-9,10-dione",C15H10O6
Cc1cc(O)c2c(c1)C(=O)c1cc(OC3OC(C)C(O)C(O)C3O)cc(O)c1C2=O,"1,8-dihydroxy-3-methyl-6-(3,4,5-trihydroxy-6-methyloxan-2-yl)oxyanthracene-9,10-dione",C21H20O9
Cc1cc(O)c2c(c1)C(=O)c1cc(O[C@@H]3O[C@H](C)[C@@H](O)[C@H](O)[C@H]3O)cc(O)c1C2=O,"1,8-dihydroxy-3-methyl-6-[(2S,3R,4S,5S,6R)-3,4,5-trihydroxy-6-methyloxan-2-yl]oxyanthracene-9,10-dione",C21H20O9
Cc1cc(O)c2c(c1)C(=O)c1cccc(O)c1C2=O,"1,8-dihydroxy-3-methylanthracene-9,10-dione",C15H10O4
Cc1cc(O)c2c(c1O)C(=O)c1c(O)ccc(O)c1C2=O,"1,4,5,8-tetrahydroxy-2-methylanthracene-9,10-dione",C15H10O6
Cc1cc(O)c2c(c1O)C(=O)C13C(=C2O)C(=O)C2C(O)C1C1C(O)C3C(=O)C3=C(O)c4c(O)cc(C)c(O)c4C(=O)C321,"5,8,10,14,20,23,25,28-octahydroxy-6,21-dimethyloctacyclo[14.11.1.02,11.02,15.04,9.013,17.017,26.019,24]octacosa-4,6,8,10,19,21,23,25-octaene-3,12,18,27-tetrone",C30H22O12
Cc1cc(O)c2c(c1O)C(=O)c1cc(O)cc(O)c1C2=O,"1,4,5,7-tetrahydroxy-2-methylanthracene-9,10-dione",C15H10O6
Cc1cc(O)c2c(c1O)C(=O)c1ccccc1C2=O,"1,4-dihydroxy-2-methylanthracene-9,10-dione",C15H10O4
Cc1cc(O)ccc1Cl,4-chloro-3-methylphenol,C7H7ClO
Cc1cc(O)cc2oc(=O)c3c(O)cc(O)cc3c12,"3,7,9-trihydroxy-1-methylbenzo[c]chromen-6-one",C14H10O5
Cc1cc(O)ccc1OP(=O)(Oc1cc(O)ccc1C)Oc1c(C)cccc1O,(2-hydroxy-6-methylphenyl) (4-hydroxy-2-methylphenyl) (5-hydroxy-2-methylphenyl) phosphate,C21H21O7P
Cc1cc(O)ccc1O[P@@](=O)(Oc1cc(O)ccc1C)Oc1c(C)cccc1O,,C21H21O7P
Cc1cc(O)nc(S)n1,6-methyl-2-sulfanylidene-1H-pyrimidin-4-one,C5H6N2OS
Cc1cc(S(=O)(=O)O)c(N)cc1Cl,2-amino-4-chloro-5-methylbenzenesulfonic acid,C7H8ClNO3S
Cc1cc(S(=O)(=O)O)c2c(C)ccc(C(C)C)cc1-2,"3,8-dimethyl-5-propan-2-ylazulene-1-sulfonic acid",C15H18O3S
Cc1cc(S(=O)(=O)O)ccc1N,4-amino-3-methylbenzenesulfonic acid,C7H9NO3S
Cc1cc([N+](=O)[O-])c(C)c2c1[nH]c1ccc(O)cc12,"5,8-dimethyl-6-nitro-9H-carbazol-3-ol",C14H12N2O3
Cc1cc([N+](=O)[O-])c(C)c2c1[nH]c1ccc([N+](=O)[O-])cc12,"1,4-dimethyl-3,6-dinitro-9H-carbazole",C14H11N3O4
Cc1cc([N+](=O)[O-])c(C)c2c1[nH]c1ccccc12,"1,4-dimethyl-3-nitro-9H-carbazole",C14H12N2O2
Cc1cc([N+](=O)[O-])c2ccccc2c1,3-methyl-1-nitronaphthalene,C11H9NO2
Cc1cc([N+](=O)[O-])cc([N+](=O)[O-])c1C,"1,2-dimethyl-3,5-dinitrobenzene",C8H8N2O4
Cc1cc([N+](=O)[O-])cc([N+](=O)[O-])c1O,"2-methyl-4,6-dinitrophenol",C7H6N2O5
Cc1cc([N+](=O)[O-])cc2ccccc12,1-methyl-3-nitronaphthalene,C11H9NO2
Cc1cc([N+](=O)[O-])ccc1N,2-methyl-4-nitroaniline,C7H8N2O2
Cc1cc([N+](=O)[O-])ccc1[N+](=O)[O-],"2-methyl-1,4-dinitrobenzene",C7H6N2O4
Cc1cc2[nH]c3cc(C)c4ccccc4c3c2c2ccccc12,"9,15-dimethyl-12-azapentacyclo[11.8.0.02,11.03,8.016,21]henicosa-1(13),2(11),3,5,7,9,14,16,18,20-decaene",C22H17N
Cc1cc2c(C(C)C)c(O)c(O)c(C=O)c2c(O)c1-c1c(C)cc2c(C(C)C)c(O)c(O)c(C=O)c2c1O,"7-(8-formyl-1,6,7-trihydroxy-3-methyl-5-propan-2-ylnaphthalen-2-yl)-2,3,8-trihydroxy-6-methyl-4-propan-2-ylnaphthalene-1-carbaldehyde",C30H30O8
Cc1cc2c(C)c3ccccc3c(C)c2cc1C,"2,3,9,10-tetramethylanthracene",C18H18
Cc1cc2c(C)c3ccccc3nc2c2ccccc12,"5,7-dimethylbenzo[c]acridine",C19H15N
Cc1cc2c(O)cccc2c2cc3c(cc12)C=CC(O)C3O,"6-methyl-10,11-dihydrobenzo[a]anthracene-4,10,11-triol",C19H16O3
Cc1cc2c(O)cccc2c2cc3ccccc3cc12,6-methylbenzo[a]anthracen-4-ol,C19H14O
Cc1cc2c(c(O)c1O)C(=O)c1c(O)cc(O)cc1C2=O,"1,2,6,8-tetrahydroxy-3-methylanthracene-9,10-dione",C15H10O6
Cc1cc2c(c3cc4ccccc4cc13)C=CC(O)C2O,"6-methyl-3,4-dihydrobenzo[a]anthracene-3,4-diol",C19H16O2
Cc1cc2c(c3ccc4c(c13)C1OC1C(O)C4O)CCC2,,C18H18O3
Cc1cc2c(c3ccc4c(c13)C=CC(O)C4O)CCC2,"11-methyl-4,15,16,17-tetrahydro-3H-cyclopenta[a]phenanthrene-3,4-diol",C18H18O2
Cc1cc2c(c3ccc4ccccc4c13)C(=O)CC2,"11-methyl-16,17-dihydrocyclopenta[a]phenanthren-15-one",C18H14O
Cc1cc2c(c3ccc4ccccc4c13)CC(O)C2=O,"16-hydroxy-11-methyl-15,16-dihydrocyclopenta[a]phenanthren-17-one",C18H14O2
Cc1cc2c(c3ccc4ccccc4c13)C1OC1C(O)C2O,"10-methyl-4-oxapentacyclo[9.8.0.02,8.03,5.012,17]nonadeca-1(11),2(8),9,12,14,16,18-heptaene-6,7-diol",C19H16O3
Cc1cc2c(c3ccc4ccccc4c13)CCC2=O,"11-methyl-15,16-dihydrocyclopenta[a]phenanthren-17-one",C18H14O
Cc1cc2c(c3ccc4ccccc4c13)CCC2,"11-methyl-16,17-dihydro-15H-cyclopenta[a]phenanthrene",C18H16
Cc1cc2c(c3ccc4ccccc4c13)CCCC2=O,"11-methyl-3,4-dihydro-2H-chrysen-1-one",C19H16O
Cc1cc2c(c3ccc4ccccc4c13)CCC2C,"11,17-dimethyl-16,17-dihydro-15H-cyclopenta[a]phenanthrene",C19H18
Cc1cc2c(c3ccc4ccccc4c13)C[C@H](O)C2=O,"(16S)-16-hydroxy-11-methyl-15,16-dihydrocyclopenta[a]phenanthren-17-one",C18H14O2
Cc1cc2c(cc1C)-c1ccccc1C2,"2,3-dimethyl-9H-fluorene",C15H14
Cc1cc2c(c3ccc4ccccc4c13)CC[C@H]2C,,C19H18
Cc1cc2c(ccc3ccccc32)c2c1C(C)CC2,,C19H18
Cc1cc2c(cc1C)C(C)c1ccccc1-2,"2,3,9-trimethyl-9H-fluorene",C16H16
Cc1cc2c(nc(N)n2C)c2nc(-c3ccccc3)cnc12,"3,5-dimethyl-8-phenylimidazo[4,5-f]quinoxalin-2-amine",C17H15N5
Cc1cc2c(nc(N)n2C)c2ncc(-c3ccccc3)nc12,"3,5-dimethyl-7-phenylimidazo[4,5-f]quinoxalin-2-amine",C17H15N5
Cc1cc2c(nc(N)n2C)c2nccnc12,"3,5-dimethylimidazo[4,5-f]quinoxalin-2-amine",C11H11N5
Cc1cc2c(nc1N)[nH]c1ccccc12,"3-methyl-9H-pyrido[2,3-b]indol-2-amine",C12H11N3
Cc1cc2c(nc1NO)[nH]c1ccccc12,"N-(3-methyl-9H-pyrido[2,3-b]indol-2-yl)hydroxylamine",C12H11N3O
Cc1cc2c3c(ccc2c2ccccc12)C(O)C(O)C1OC31,"18-methyl-4-oxapentacyclo[9.8.0.02,8.03,5.012,17]nonadeca-1(11),2(8),9,12,14,16,18-heptaene-6,7-diol",C19H16O3
Cc1cc2c3c(cccc3c1)-c1cc3ccccc3cc1-2,5-methylbenzo[k]fluoranthene,C21H14
Cc1cc2c3ccccc3cc3ccc4cccc1c4c32,12-methylbenzo[a]pyrene,C21H14
Cc1cc2c3ccccc3ccc2c2ccccc12,6-methylchrysene,C19H14
Cc1cc2cc3cc(C)c(N)cc3nc2cc1N,"2,7-dimethylacridine-3,6-diamine",C15H15N3
Cc1cc2cc3ccccc3c3ccc4cccc1c4c23,4-methylbenzo[a]pyrene,C21H14
Cc1cc2cc3ccccc3cc2c2ccccc12,5-methylbenzo[a]anthracene,C19H14
Cc1cc2ccc3cc4ccccc4c4ccc(c1)c2c34,2-methylbenzo[a]pyrene,C21H14
Cc1cc2cccc3ccc4c5ccccc5cc1c4c32,5-methylbenzo[a]pyrene,C21H14
Cc1cc2cccc3ccc4cc5ccccc5c1c4c32,11-methylbenzo[a]pyrene,C21H14
Cc1cc2ccccc2c2cc([N+](=O)[O-])c3ccccc3c12,5-methyl-12-nitrochrysene,C19H13NO2
Cc1cc2ccccc2c2cc3c(cc12)C(O)C(O)C=C3,"6-methyl-8,9-dihydrobenzo[a]anthracene-8,9-diol",C19H16O2
Cc1cc2ccccc2c2cc3c(cc12)C=CC(O)C3O,"6-methyl-10,11-dihydrobenzo[a]anthracene-10,11-diol",C19H16O2
Cc1cc2ccccc2c2cc3ccccc3cc12,6-methylbenzo[a]anthracene,C19H14
Cc1cc2ccccc2c2ccc3c(c12)C1OC1C(O)C3O,"19-methyl-4-oxapentacyclo[9.8.0.02,8.03,5.012,17]nonadeca-1(11),2(8),9,12,14,16,18-heptaene-6,7-diol",C19H16O3
Cc1cc2ccccc2c2ccc3c(c12)C=CC(=O)C3=O,"5-methylchrysene-1,2-dione",C19H12O2
Cc1cc2ccccc2c2ccc3c(c12)CCC3=O,"7-methyl-15,16-dihydrocyclopenta[a]phenanthren-17-one",C18H14O
Cc1cc2ccccc2c2ccc3ccccc3c12,5-methylchrysene,C19H14
Cc1cc2ccccc2cc1[N+](=O)[O-],2-methyl-3-nitronaphthalene,C11H9NO2
Cc1cc2nc(N)sc2cc1C,"5,6-dimethyl-1,3-benzothiazol-2-amine",C9H10N2S
Cc1cc2nc3c(=O)[nH]c(=O)nc-3n(C)c2cc1C,"7,8,10-trimethylbenzo[g]pteridine-2,4-dione",C13H12N4O2
Cc1cc2nc3c(ccc4ccccc43)c(C)c2cc1C,"7,9,10-trimethylbenzo[c]acridine",C20H17N
Cc1cc2nc3cc(C)c(N)cc3[n+](-c3ccccc3)c2cc1N,"3,7-dimethyl-10-phenylphenazin-10-ium-2,8-diamine",C20H19N4+
Cc1cc2nc3ccc(C)c(N)c3nc2cc1N,"2,7-dimethylphenazine-1,8-diamine",C14H14N4
Cc1cc2nc3ccc(N(C)C)cc3[s+]c2cc1N,(7-amino-8-methylphenothiazin-3-ylidene)-dimethylazanium,C15H16N3S+
Cc1cc2nc3ccc(N(C)C)cc3nc2cc1N,"8-N,8-N,3-trimethylphenazine-2,8-diamine",C15H16N4
Cc1cc2ncccc2c2nc(N)n(C)c12,"3,4-dimethylimidazo[4,5-f]quinolin-2-amine",C12H12N4
Cc1cc2ncccc2c2nc(N=[N+]=[N-])n(C)c12,"2-azido-3,4-dimethylimidazo[4,5-f]quinoline",C12H10N6
Cc1cc2nccnc2c2nc(N)n(C)c12,"3,4-dimethylimidazo[4,5-f]quinoxalin-2-amine",C11H11N5
Cc1cc2ncccc2c2ncn(C)c12,"3,4-dimethylimidazo[4,5-f]quinoline",C12H11N3
Cc1ccc(-c2nc(-c3ccc(C)cc3C)[nH]c2-c2ccc(C)cc2)cc1,"2-(2,4-dimethylphenyl)-4,5-bis(4-methylphenyl)-1H-imidazole",C25H24N2
Cc1ccc(-c2nc3ccccc3o2)cc1,"2-(4-methylphenyl)-1,3-benzoxazole",C14H11NO
Cc1ccc(-c2nc3n(c2[N+](=O)[O-])CCS3)cc1,"6-(4-methylphenyl)-5-nitro-2,3-dihydroimidazo[2,1-b][1,3]thiazole",C12H11N3O2S
Cc1ccc(/C(=C\CN2CCCC2)c2ccccn2)cc1,2-[(E)-1-(4-methylphenyl)-3-pyrrolidin-1-ylprop-1-enyl]pyridine,C19H22N2
Cc1ccc(/C(C#N)=C/C=C/c2ccccc2[N+](=O)[O-])cc1,"(2Z,4E)-2-(4-methylphenyl)-5-(2-nitrophenyl)penta-2,4-dienenitrile",C18H14N2O2
Cc1ccc(/C=C/c2ccc(N)cc2)cc1,4-[(E)-2-(4-methylphenyl)ethenyl]aniline,C15H15N
Cc1ccc(/C=C/c2ccc([N+](=O)[O-])cc2)cc1,1-methyl-4-[(E)-2-(4-nitrophenyl)ethenyl]benzene,C15H13NO2
Cc1ccc(/N=C/N=C/N(C)c2ccc(C)cc2C)c(C)c1,,C19H23N3
Cc1ccc(/N=C/c2cccc3cccnc23)c(C(=O)O)c1,5-methyl-2-(quinolin-8-ylmethylideneamino)benzoic acid,C18H14N2O2
Cc1ccc(C#N)cc1,4-methylbenzonitrile,C8H7N
Cc1ccc(Br)cc1,1-bromo-4-methylbenzene,C7H7Br
Cc1ccc(C(=O)Cl)cc1,4-methylbenzoyl chloride,C8H7ClO
Cc1ccc(C(=O)O)cc1,4-methylbenzoic acid,C8H8O2
Cc1ccc(C(=O)O)cc1N,3-amino-4-methylbenzoic acid,C8H9NO2
Cc1ccc(C(=O)ON(OCc2ccccc2)C(=O)c2ccccc2)cc1,[benzoyl(phenylmethoxy)amino] 4-methylbenzoate,C22H19NO4
Cc1ccc(C(=O)O)cc1[N+](=O)[O-],4-methyl-3-nitrobenzoic acid,C8H7NO4
Cc1ccc(C(=O)c2cc(O)c(O)c([N+](=O)[O-])c2)cc1,"(3,4-dihydroxy-5-nitrophenyl)-(4-methylphenyl)methanone",C14H11NO5
Cc1ccc(C(=O)n2ncc(Cl)c(Cl)c2=O)cc1,"4,5-dichloro-2-(4-methylbenzoyl)pyridazin-3-one",C12H8Cl2N2O2
Cc1ccc(C(C)(C)C)c(O)c1C(O)c1ncc([N+](=O)[O-])n1C,6-tert-butyl-2-[hydroxy-(1-methyl-5-nitroimidazol-2-yl)methyl]-3-methylphenol,C16H21N3O4
Cc1ccc(C(C)(C)C)cc1,1-tert-butyl-4-methylbenzene,C11H16
Cc1ccc(C(C)(C)O)cc1,2-(4-methylphenyl)propan-2-ol,C10H14O
Cc1ccc(C(C)C)c(O)c1,5-methyl-2-propan-2-ylphenol,C10H14O
Cc1ccc(C(C)C)cc1O,2-methyl-5-propan-2-ylphenol,C10H14O
Cc1ccc(C(O)(P(=O)(O)O)P(=O)(O)O)cc1N(CCCl)CCCl,[[3-[bis(2-chloroethyl)amino]-4-methylphenyl]-hydroxy-phosphonomethyl]phosphonic acid,C12H19Cl2NO7P2
Cc1ccc(C)c(C)c1,"1,2,4-trimethylbenzene",C9H12
Cc1ccc(C)c(C)c1C,"1,2,3,4-tetramethylbenzene",C10H14
Cc1ccc(C)c(N)c1,"2,5-dimethylaniline",C8H11N
Cc1ccc(C)c(NO)c1,"N-(2,5-dimethylphenyl)hydroxylamine",C8H11NO
Cc1ccc(C)c(O)c1,"2,5-dimethylphenol",C8H10O
Cc1ccc(C)c(O)c1C,"2,3,6-trimethylphenol",C9H12O
Cc1ccc(C)c([N+](=O)[O-])c1,"1,4-dimethyl-2-nitrobenzene",C8H9NO2
Cc1ccc(C)c2c1[nH]c1ccc([N+](=O)[O-])cc12,"1,4-dimethyl-6-nitro-9H-carbazole",C14H12N2O2
Cc1ccc(C)c2c1[nH]c1ccccc12,"1,4-dimethyl-9H-carbazole",C14H13N
Cc1ccc(C)c2c1c1ccccc1n2C,"1,4,9-trimethylcarbazole",C15H15N
Cc1ccc(C)c2c1ccc1ccccc12,"1,4-dimethylphenanthrene",C16H14
Cc1ccc(C)c2c3c(ccc12)C(O)C(O)C1OC31,"3,6-dimethyl-14-oxatetracyclo[8.5.0.02,7.013,15]pentadeca-1(10),2,4,6,8-pentaene-11,12-diol",C16H16O3
Cc1ccc(C)cc1,"1,4-xylene",C8H10
Cc1ccc(C)o1,"2,5-dimethylfuran",C6H8O
Cc1ccc(C2CO2)cc1,2-(4-methylphenyl)oxirane,C9H10O
Cc1ccc(C=O)o1,5-methylfuran-2-carbaldehyde,C6H6O2
Cc1ccc(CC2CO2)cc1,2-[(4-methylphenyl)methyl]oxirane,C10H12O
Cc1ccc(C=O)cc1,4-methylbenzaldehyde,C8H8O
Cc1ccc(CCC2CO2)cc1,2-[2-(4-methylphenyl)ethyl]oxirane,C11H14O
Cc1ccc(CC[C@H]2CO2)cc1,(2S)-2-[2-(4-methylphenyl)ethyl]oxirane,C11H14O
Cc1ccc(CCl)cc1,1-(chloromethyl)-4-methylbenzene,C8H9Cl
Cc1ccc(CN(C)N=O)cc1,N-methyl-N-[(4-methylphenyl)methyl]nitrous amide,C9H12N2O
Cc1ccc(CN2C3c4ccccc4-c4ccccc4C32)cc1,"1-[(4-methylphenyl)methyl]-1a,9b-dihydrophenanthro[9,10-b]azirine",C22H19N
Cc1ccc(CO)cc1,(4-methylphenyl)methanol,C8H10O
Cc1ccc(COS(=O)(=O)c2ccc(C)cc2)cc1,(4-methylphenyl)methyl 4-methylbenzenesulfonate,C15H16O3S
Cc1ccc(Cc2ccccc2)cc1,1-benzyl-4-methylbenzene,C14H14
Cc1ccc(Cl)cc1,1-chloro-4-methylbenzene,C7H7Cl
Cc1ccc(Cl)cc1[N+](=O)[O-],4-chloro-1-methyl-2-nitrobenzene,C7H6ClNO2
Cc1ccc(Cl)cc1N,5-chloro-2-methylaniline,C7H8ClN
Cc1ccc(N(CC2(O)OCC(O)C(O)C2O)N=O)cc1,"N-(4-methylphenyl)-N-[(2,3,4,5-tetrahydroxyoxan-2-yl)methyl]nitrous amide",C13H18N2O6
Cc1ccc(N(C)C)cc1,"N,N,4-trimethylaniline",C9H13N
Cc1ccc(N(CCCl)CCCl)cc1,"N,N-bis(2-chloroethyl)-4-methylaniline",C11H15Cl2N
Cc1ccc(N(N)c2ccc(C)cc2)cc1,"1,1-bis(4-methylphenyl)hydrazine",C14H16N2
Cc1ccc(N(CCO)CCO)cc1,2-[N-(2-hydroxyethyl)-4-methylanilino]ethanol,C11H17NO2
Cc1ccc(N(N=O)C2OCC(O)C(O)C2O)cc1,,C12H16N2O5
Cc1ccc(N)c(C)c1,"2,4-dimethylaniline",C8H11N
Cc1ccc(N)c(N)c1,"4-methylbenzene-1,2-diamine",C7H10N2
Cc1ccc(N)c(O)c1,2-amino-5-methylphenol,C7H9NO
Cc1ccc(N)c(S(=O)(=O)O)c1,2-amino-5-methylbenzenesulfonic acid,C7H9NO3S
Cc1ccc(N)c([N+](=O)[O-])c1,4-methyl-2-nitroaniline,C7H8N2O2
Cc1ccc(N)cc1,4-methylaniline,C7H9N
Cc1ccc(N)cc1C,"3,4-dimethylaniline",C8H11N
Cc1ccc(N)cc1N,"4-methylbenzene-1,3-diamine",C7H10N2
Cc1ccc(N)cc1N=Nc1cc(N)ccc1C,3-[(5-amino-2-methylphenyl)diazenyl]-4-methylaniline,C14H16N4
Cc1ccc(N)cc1N=[N+]([O-])c1cc(N)ccc1C,(5-amino-2-methylphenyl)-(5-amino-2-methylphenyl)imino-oxidoazanium,C14H16N4O
Cc1ccc(N)cc1[N+](=O)[O-],4-methyl-3-nitroaniline,C7H8N2O2
Cc1ccc(N=C=O)cc1N=C=O,"2,4-diisocyanato-1-methylbenzene",C9H6N2O2
Cc1ccc(N=NN(C)C)cc1,N-methyl-N-[(4-methylphenyl)diazenyl]methanamine,C9H13N3
Cc1ccc(N)cc1O,5-amino-2-methylphenol,C7H9NO
Cc1ccc(N=Nc2c(O)c(C(=O)O)cc3ccccc23)c(S(=O)(=O)O)c1,3-hydroxy-4-[(4-methyl-2-sulfophenyl)diazenyl]naphthalene-2-carboxylic acid,C18H14N2O6S
Cc1ccc(N=Nc2c(O)c(C(=O)O)cc3ccccc23)cc1S(=O)(=O)O,3-hydroxy-4-[(4-methyl-3-sulfophenyl)diazenyl]naphthalene-2-carboxylic acid,C18H14N2O6S
Cc1ccc(N=Nc2c(O)c(S(=O)(=O)O)cc3cc(S(=O)(=O)O)ccc23)c(C)c1,"4-[(2,4-dimethylphenyl)diazenyl]-3-hydroxynaphthalene-2,7-disulfonic acid",C18H16N2O7S2
Cc1ccc(N=Nc2c(O)ccc3ccccc23)c(C)c1,"1-[(2,4-dimethylphenyl)diazenyl]naphthalen-2-ol",C18H16N2O
Cc1ccc(N=Nc2c(O)ccc3ccccc23)c(S(=O)(=O)O)c1,2-[(2-hydroxynaphthalen-1-yl)diazenyl]-5-methylbenzenesulfonic acid,C17H14N2O4S
Cc1ccc(N=Nc2c(O)ccc3ccccc23)c([N+](=O)[O-])c1,1-[(4-methyl-2-nitrophenyl)diazenyl]naphthalen-2-ol,C17H13N3O3
Cc1ccc(N=Nc2c(O)ccc3ccccc23)cc1,1-[(4-methylphenyl)diazenyl]naphthalen-2-ol,C17H14N2O
Cc1ccc(N=Nc2c(O)ccc3ccccc23)cc1S(=O)(=O)O,5-[(2-hydroxynaphthalen-1-yl)diazenyl]-2-methylbenzenesulfonic acid,C17H14N2O4S
Cc1ccc(N=Nc2c(O)ccc3ccccc23)cc1C,"1-[(3,4-dimethylphenyl)diazenyl]naphthalen-2-ol",C18H16N2O
Cc1ccc(N=Nc2ccc(C)c(N)c2)cc1N,5-[(3-amino-4-methylphenyl)diazenyl]-2-methylaniline,C14H16N4
Cc1ccc(N=Nc2ccc(N(CCO)CCO)cc2)cc1,2-[N-(2-hydroxyethyl)-4-[(4-methylphenyl)diazenyl]anilino]ethanol,C17H21N3O2
Cc1ccc(N=[N+]([O-])c2ccc(C)c(N)c2)cc1N,(3-amino-4-methylphenyl)-(3-amino-4-methylphenyl)imino-oxidoazanium,C14H16N4O
Cc1ccc(N=[N+]([O-])c2ccc(C)c([N+](=O)[O-])c2)cc1[N+](=O)[O-],(4-methyl-3-nitrophenyl)-(4-methyl-3-nitrophenyl)imino-oxidoazanium,C14H12N4O5
Cc1ccc(NC(=O)CBr)cc1,2-bromo-N-(4-methylphenyl)acetamide,C9H10BrNO
Cc1ccc(NC(=O)N(C)C)cc1Cl,"3-(3-chloro-4-methylphenyl)-1,1-dimethylurea",C10H13ClN2O
Cc1ccc(NC(=O)c2csc([N+](=O)[O-])c2)cc1,N-(4-methylphenyl)-5-nitrothiophene-3-carboxamide,C12H10N2O3S
Cc1ccc(NC(N)=O)cc1,(4-methylphenyl)urea,C8H10N2O
Cc1ccc(NC2OC[C@@H](O)[C@H](O)[C@H]2O)cc1,"(3R,4S,5R)-2-(4-methylanilino)oxane-3,4,5-triol",C12H17NO4
Cc1ccc(NCC2(O)OCC(O)C(O)C2O)cc1,"2-[(4-methylanilino)methyl]oxane-2,3,4,5-tetrol",C13H19NO5
Cc1ccc(NCCCl)cc1,N-(2-chloroethyl)-4-methylaniline,C9H12ClN
Cc1ccc(NCCO)cc1O,5-(2-hydroxyethylamino)-2-methylphenol,C9H13NO2
Cc1ccc(NN=NCc2ccc([N+](=O)[O-])cc2)cc1,4-methyl-N-[(4-nitrophenyl)methyldiazenyl]aniline,C14H14N4O2
Cc1ccc(NN=NCc2ccccc2)cc1,N-(benzyldiazenyl)-4-methylaniline,C14H15N3
Cc1ccc(NO)c(C)c1,"N-(2,4-dimethylphenyl)hydroxylamine",C8H11NO
Cc1ccc(NO)cc1,N-(4-methylphenyl)hydroxylamine,C7H9NO
Cc1ccc(NO)cc1C,"N-(3,4-dimethylphenyl)hydroxylamine",C8H11NO
Cc1ccc(NO)cc1[N+](=O)[O-],N-(4-methyl-3-nitrophenyl)hydroxylamine,C7H8N2O3
Cc1ccc(NS(=O)(=O)c2cccc3cccnc23)cc1,N-(4-methylphenyl)quinoline-8-sulfonamide,C16H14N2O2S
Cc1ccc(Nc2ccc(N)c3c2C(=O)c2ccccc2C3=O)c(S(=O)(=O)O)c1,"2-[(4-amino-9,10-dioxoanthracen-1-yl)amino]-5-methylbenzenesulfonic acid",C21H16N2O5S
Cc1ccc(Nc2ccc(O)c3c2C(=O)c2ccccc2C3=O)cc1,"1-hydroxy-4-(4-methylanilino)anthracene-9,10-dione",C21H15NO3
Cc1ccc(Nc2ccc([N+](=O)[O-])cc2)cc1,4-methyl-N-(4-nitrophenyl)aniline,C13H12N2O2
Cc1ccc(O)c(C)c1,"2,4-dimethylphenol",C8H10O
Cc1ccc(O)c(O)c1,"4-methylbenzene-1,2-diol",C7H8O2
Cc1ccc(O)c(N)c1,2-amino-4-methylphenol,C7H9NO
Cc1ccc(O)cc1,4-methylphenol,C7H8O
Cc1ccc(O)cc1C,"3,4-dimethylphenol",C8H10O
Cc1ccc(OC(=O)N(C)N=O)c(C)c1C,"(2,3,4-trimethylphenyl) N-methyl-N-nitrosocarbamate",C11H14N2O3
Cc1ccc(OC[C@H]2CO2)cc1,(2R)-2-[(4-methylphenoxy)methyl]oxirane,C10H12O2
Cc1ccc(OCC2CO2)cc1,2-[(4-methylphenoxy)methyl]oxirane,C10H12O2
Cc1ccc(OP(=O)(Oc2ccc(C)cc2C)Oc2ccc(C)cc2C)c(C)c1,"tris(2,4-dimethylphenyl) phosphate",C24H27O4P
Cc1ccc(OP(=O)(Oc2cccc(C)c2)Oc2cccc(C)c2)cc1,bis(3-methylphenyl) (4-methylphenyl) phosphate,C21H21O4P
Cc1ccc(S(=O)(=O)N2C3c4ccccc4-c4ccccc4C32)cc1,"1-(4-methylphenyl)sulfonyl-1a,9b-dihydrophenanthro[9,10-b]azirine",C21H17NO2S
Cc1ccc(S(=O)(=O)NC(=O)NN2CCCCCC2)cc1,1-(azepan-1-yl)-3-(4-methylphenyl)sulfonylurea,C14H21N3O3S
Cc1ccc(S(=O)(=O)NC(=O)Nc2ncc([N+](=O)[O-])s2)cc1,"1-(4-methylphenyl)sulfonyl-3-(5-nitro-1,3-thiazol-2-yl)urea",C11H10N4O5S2
Cc1ccc(S(=O)(=O)NC2CCCCC2)cc1,N-cyclohexyl-4-methylbenzenesulfonamide,C13H19NO2S
Cc1ccc(S(=O)(=O)NN)cc1,4-methylbenzenesulfonohydrazide,C7H10N2O2S
Cc1ccc(S(=O)(=O)O)c(C)c1,"2,4-dimethylbenzenesulfonic acid",C8H10O3S
Cc1ccc(S(=O)(=O)OC(C)C)cc1,propan-2-yl 4-methylbenzenesulfonate,C10H14O3S
Cc1ccc(S(=O)(=O)O)cc1C,"3,4-dimethylbenzenesulfonic acid",C8H10O3S
Cc1ccc(S(=O)(=O)OCC2CO2)cc1,oxiran-2-ylmethyl 4-methylbenzenesulfonate,C10H12O4S
Cc1ccc(S(=O)(=O)OCC(C)C)cc1,2-methylpropyl 4-methylbenzenesulfonate,C11H16O3S
Cc1ccc(S(=O)(=O)OCc2ccc([N+](=O)[O-])cc2)cc1,(4-nitrophenyl)methyl 4-methylbenzenesulfonate,C14H13NO5S
Cc1ccc(S(=O)(=O)OCc2ccccc2)cc1,benzyl 4-methylbenzenesulfonate,C14H14O3S
Cc1ccc(S(=O)(=O)n2ncc(Cl)c(Cl)c2=O)cc1,"4,5-dichloro-2-(4-methylphenyl)sulfonylpyridazin-3-one",C11H8Cl2N2O3S
Cc1ccc(S(=O)(=O)Oc2ccc(/N=N/c3ccc(-c4ccc(/N=N/c5c(O)ccc6cc(S(=O)(=O)O)cc(S(=O)(=O)O)c56)c(C)c4)cc3C)cc2)cc1,"7-hydroxy-8-[[2-methyl-4-[3-methyl-4-[[4-(4-methylphenyl)sulfonyloxyphenyl]diazenyl]phenyl]phenyl]diazenyl]naphthalene-1,3-disulfonic acid",C37H30N4O10S3
Cc1ccc([C@@H]2CO2)cc1,(2R)-2-(4-methylphenyl)oxirane,C9H10O
Cc1ccc([N+]#N)cc1,4-methylbenzenediazonium,C7H7N2+
Cc1ccc([N+](=O)[O-])c(C(=O)O)c1,5-methyl-2-nitrobenzoic acid,C8H7NO4
Cc1ccc([N+](=O)[O-])c(C)c1,"2,4-dimethyl-1-nitrobenzene",C8H9NO2
Cc1ccc([N+](=O)[O-])c(C)c1[N+](=O)[O-],"1,3-dimethyl-2,4-dinitrobenzene",C8H8N2O4
Cc1ccc([N+](=O)[O-])c(N)c1,5-methyl-2-nitroaniline,C7H8N2O2
Cc1ccc([N+](=O)[O-])c([N+](=O)[O-])c1,"4-methyl-1,2-dinitrobenzene",C7H6N2O4
Cc1ccc([N+](=O)[O-])c2c(NCCCN(C)C)c3ccccc3nc12,"N',N'-dimethyl-N-(4-methyl-1-nitroacridin-9-yl)propane-1,3-diamine",C19H22N4O2
Cc1ccc([N+](=O)[O-])c2ccccc12,1-methyl-4-nitronaphthalene,C11H9NO2
Cc1ccc([N+](=O)[O-])cc1,1-methyl-4-nitrobenzene,C7H7NO2
Cc1ccc([N+](=O)[O-])cc1C,"1,2-dimethyl-4-nitrobenzene",C8H9NO2
Cc1ccc([N+](=O)[O-])cc1C(=O)O,2-methyl-5-nitrobenzoic acid,C8H7NO4
Cc1ccc([N+](=O)[O-])cc1N,2-methyl-5-nitroaniline,C7H8N2O2
Cc1ccc([N+](=O)[O-])cc1N=O,1-methyl-4-nitro-2-nitrosobenzene,C7H6N2O3
Cc1ccc([N+](=O)[O-])cc1N=[N+]([O-])c1cc([N+](=O)[O-])ccc1C,(2-methyl-5-nitrophenyl)-(2-methyl-5-nitrophenyl)imino-oxidoazanium,C14H12N4O5
Cc1ccc([N+](=O)[O-])cc1NO,N-(2-methyl-5-nitrophenyl)hydroxylamine,C7H8N2O3
Cc1ccc([N+](=O)[O-])cc1S(=O)(=O)O,2-methyl-5-nitrobenzenesulfonic acid,C7H7NO5S
Cc1ccc2[nH]c(N)nc2c1,6-methyl-1H-benzimidazol-2-amine,C8H9N3
Cc1ccc([N+](=O)[O-])cc1[N+](=O)[O-],"1-methyl-2,4-dinitrobenzene",C7H6N2O4
Cc1ccc2[nH]c3c(C)ccc(C)c3c2c1,"1,4,6-trimethyl-9H-carbazole",C15H15N
Cc1ccc2[nH]nnc2c1,5-methyl-2H-benzotriazole,C7H7N3
Cc1ccc2c(=O)c3cccc4ccc1c2c43,"4-methyltetracyclo[10.2.1.05,14.08,13]pentadecan-15-one",C16H10O
Cc1ccc2c(C)c3c(nc2c1)-c1ccccc1C(O)C3O,"7,10-dimethyl-5,6-dihydrobenzo[c]acridine-5,6-diol",C19H17NO2
Cc1ccc2c(C)c3ccc4c(c3nc2c1)C=CC(O)C4O,"7,10-dimethyl-3,4-dihydrobenzo[c]acridine-3,4-diol",C19H17NO2
Cc1ccc2c(C)c3ccc4ccccc4c3nc2c1,"7,10-dimethylbenzo[c]acridine",C19H15N
Cc1ccc2c(C)c3ccccc3c(C)c2c1,"2,9,10-trimethylanthracene",C17H16
Cc1ccc2c(CO)c3ccc4ccccc4c3nc2c1,(10-methylbenzo[c]acridin-7-yl)methanol,C19H15NO
Cc1ccc2c(C)cccc2c1,"1,6-dimethylnaphthalene",C12H12
Cc1ccc2c([N+](=O)[O-])cccc2c1,6-methyl-1-nitronaphthalene,C11H9NO2
Cc1ccc2c(c1)-c1cc3ccccc3c3cc4ccccc4c-2c13,"4-methylhexacyclo[14.7.1.02,7.08,24.09,14.017,22]tetracosa-1(23),2(7),3,5,8(24),9,11,13,15,17,19,21-dodecaene",C25H16
Cc1ccc2c(c1)-c1ccccc1C2C,"3,9-dimethyl-9H-fluorene",C15H14
Cc1ccc2c(c1)C(=O)c1ccccc1C2=O,"2-methylanthracene-9,10-dione",C15H10O2
Cc1ccc2c(c1)C(C)C1C(=Nc3ccccc31)N2C,,C18H18N2
Cc1ccc2c(c1)C(C)C1C(=Nc3ccc(C)cc31)N2C,,C19H20N2
Cc1ccc2c(c1)C(C)c1ccccc1-2,"2,9-dimethyl-9H-fluorene",C15H14
Cc1ccc2c(c1)C(C)c1cc(C)ccc1-2,"2,7,9-trimethyl-9H-fluorene",C16H16
Cc1ccc2c(c1)C1C(=N2)N(C)c2ccccc2C1C,,C18H18N2
Cc1ccc2c(c1)Cc1cc(C)ccc1-2,"2,7-dimethyl-9H-fluorene",C15H14
Cc1ccc2c(c1)[C@H](C)c1ccccc1-2,"(9R)-2,9-dimethyl-9H-fluorene",C15H14
Cc1ccc2c(c1)cc1ccc3cccc4ccc2c1c34,8-methylbenzo[a]pyrene,C21H14
Cc1ccc2c(c1)nc(N)n2C,"1,5-dimethylbenzimidazol-2-amine",C9H11N3
Cc1ccc2c(c1N)C(=O)c1ccccc1C2=O,"1-amino-2-methylanthracene-9,10-dione",C15H11NO2
Cc1ccc2c(c1Nc1ccccc1)C(=O)c1ccccc1C2=O,"1-anilino-2-methylanthracene-9,10-dione",C21H15NO2
Cc1ccc2c(c1O)C(=O)c1ccccc1C2=O,"1-hydroxy-2-methylanthracene-9,10-dione",C15H10O3
Cc1ccc2c(c1O)NC(O)C1CC(/C=C/C(N)=O)=CN1C2=O,"(E)-3-(4,6-dihydroxy-3-methyl-11-oxo-5,6,6a,7-tetrahydropyrrolo[2,1-c][1,4]benzodiazepin-8-yl)prop-2-enamide",C16H17N3O4
Cc1ccc2c(c1[N+](=O)[O-])C(=O)c1cccc([N+](=O)[O-])c1C2=O,"2-methyl-1,5-dinitroanthracene-9,10-dione",C15H8N2O6
Cc1ccc2c(c1[N+](=O)[O-])C(=O)c1ccccc1C2=O,"2-methyl-1-nitroanthracene-9,10-dione",C15H9NO4
Cc1ccc2c(ccc3[nH]c4ccc5ccccc5c4c32)c1,"6-methyl-12-azapentacyclo[11.8.0.02,11.03,8.016,21]henicosa-1(13),2(11),3(8),4,6,9,14,16,18,20-decaene",C21H15N
Cc1ccc2c(ccc3c4ccccc4ccc23)c1,2-methylchrysene,C19H14
Cc1ccc2c(ccc3cc4ccccc4cc32)c1,3-methylbenzo[a]anthracene,C19H14
Cc1ccc2c(ccc3ccccc32)c1,2-methylphenanthrene,C15H12
Cc1ccc2c3c1ccc1cccc(c13)C2,"4-methyltetracyclo[10.2.1.05,14.08,13]pentadeca-1(14),2,4,6,8(13),9,11-heptaene",C16H12
Cc1ccc2cc(C)c3c4c(ccc3c2c1)C(O)C(O)C1OC41,"14,19-dimethyl-4-oxapentacyclo[9.8.0.02,8.03,5.012,17]nonadeca-1(11),2(8),9,12(17),13,15,18-heptaene-6,7-diol",C20H18O3
Cc1ccc2cc([N+](=O)[O-])ccc2c1,2-methyl-6-nitronaphthalene,C11H9NO2
Cc1ccc2cc3c(c4c2c1CC4)C(O)C(O)c1ccccc1-3,"3-methyl-1,2,11,12-tetrahydrobenzo[j]aceanthrylene-11,12-diol",C21H18O2
Cc1ccc2cc3c(c4c2c1CC4)C1NC1c1ccccc1-3,"17-methyl-4-azahexacyclo[12.6.1.02,12.03,5.06,11.018,21]henicosa-1(21),2(12),6,8,10,13,15,17-octaene",C21H17N
Cc1ccc2cc3c(c4c2c1CC4)C1OC1c1ccccc1-3,"17-methyl-4-oxahexacyclo[12.6.1.02,12.03,5.06,11.018,21]henicosa-1(21),2(12),6,8,10,13,15,17-octaene",C21H16O
Cc1ccc2cc3c(ccc4ccccc43)c3c2c1C(O)C3,"3-methyl-1,2-dihydrobenzo[j]aceanthrylen-2-ol",C21H16O
Cc1ccc2cc3c(ccc4ccccc43)c3c2c1C(=O)C3,3-methyl-1H-benzo[j]aceanthrylen-2-one,C21H14O
Cc1ccc2cc3c(ccc4ccccc43)c3c2c1CC3,"3-methyl-1,2-dihydrobenzo[j]aceanthrylene",C21H16
Cc1ccc2cc3c(ccc4ccccc43)c3c2c1CC3=O,3-methyl-2H-benzo[j]aceanthrylen-1-one,C21H14O
Cc1ccc2cc3c(ccc4ccccc43)c3c2c1CC3O,"3-methyl-1,2-dihydrobenzo[j]aceanthrylen-1-ol",C21H16O
Cc1ccc2cc3c(ccc4ccccc43)c3c2c1CC3OS(=O)(=O)O,"(3-methyl-1,2-dihydrobenzo[j]aceanthrylen-1-yl) hydrogen sulfate",C21H16O4S
Cc1ccc2cc3c(ccc4ccccc43)c3c2c1C[C@@H]3O,"(1S)-3-methyl-1,2-dihydrobenzo[j]aceanthrylen-1-ol",C21H16O
Cc1ccc2cc3c(ccc4ccccc43)cc2c1,9-methylbenzo[a]anthracene,C19H14
Cc1ccc2cc3c4c(ccc3c3c2c1CC3)C(O)C(O)C=C4,"3-methyl-1,2,9,10-tetrahydrobenzo[j]aceanthrylene-9,10-diol",C21H18O2
Cc1ccc2cc3c4c(ccc3c3c2c1CC3)C=CC(O)C4O,"3-methyl-1,2,7,8-tetrahydrobenzo[j]aceanthrylene-7,8-diol",C21H18O2
Cc1ccc2cc3c4c(ccc3c3c2c1CC3)C=C[C@@H](O)[C@H]4O,,C21H18O2
Cc1ccc2cc3c4c(ccc3c3c2c1CC3)[C@@H](O)[C@H](O)C=C4,"(9R,10R)-3-methyl-1,2,9,10-tetrahydrobenzo[j]aceanthrylene-9,10-diol",C21H18O2
Cc1ccc2cc3ccc4cccc5ccc(c2c1)c3c45,9-methylbenzo[a]pyrene,C21H14
Cc1ccc2cc3ccc4ccccc4c3cc2c1,10-methylbenzo[a]anthracene,C19H14
Cc1ccc2cc3ccc4ccccc4c3nc2c1,10-methylbenzo[c]acridine,C18H13N
Cc1ccc2cc3ccccc3c(C)c2c1,"2,9-dimethylanthracene",C16H14
Cc1ccc2cc3ccccc3cc2c1,2-methylanthracene,C15H12
Cc1ccc2ccc([N+](=O)[O-])cc2c1,2-methyl-7-nitronaphthalene,C11H9NO2
Cc1ccc2ccc3c(ccc4c5cccc(C)c5ccc43)c2c1,"2,9-dimethylpicene",C24H18
Cc1ccc2ccc3c4ccccc4cc4ccc1c2c43,3-methylbenzo[a]pyrene,C21H14
Cc1ccc2ccc3cc4ccccc4c4ccc1c2c34,1-methylbenzo[a]pyrene,C21H14
Cc1ccc2ccc3c4ccccc4ccc3c2c1,3-methylchrysene,C19H14
Cc1ccc2ccc3cc4ccccc4cc3c2c1,2-methylbenzo[a]anthracene,C19H14
Cc1ccc2ccc3ccc(C)cc3c2c1,"3,6-dimethylphenanthrene",C16H14
Cc1ccc2ccc3ccccc3c2c1C,"3,4-dimethylphenanthrene",C16H14
Cc1ccc2ccc3cccc4ccc1c2c34,1-methylpyrene,C17H12
Cc1ccc2cccc([N+](=O)[O-])c2c1,7-methyl-1-nitronaphthalene,C11H9NO2
Cc1ccc2ccccc2c1,2-methylnaphthalene,C11H10
Cc1ccc2ccccc2c1C,"1,2-dimethylnaphthalene",C12H12
Cc1ccc2ccccc2c1[N+](=O)[O-],2-methyl-1-nitronaphthalene,C11H9NO2
Cc1ccc2ccccc2n1,2-methylquinoline,C10H9N
Cc1ccc2cccnc2c1,7-methylquinoline,C10H9N
Cc1ccc2nc(-c3ccc(N)cc3)sc2c1,"4-(6-methyl-1,3-benzothiazol-2-yl)aniline",C14H12N2S
Cc1ccc2nc3c(c(C)c2c1)C(O)C(O)c1ccccc1-3,"7,9-dimethyl-5,6-dihydrobenzo[c]acridine-5,6-diol",C19H17NO2
Cc1ccc2nc(-c3ccc(N)cc3)sc2c1S(=O)(=O)O,"2-(4-aminophenyl)-6-methyl-1,3-benzothiazole-7-sulfonic acid",C14H12N2O3S2
Cc1ccc2nc3c(cc2c1)-c1cccc2cccc-3c12,"10-methylacenaphthyleno[2,1-b]quinoline",C20H13N
Cc1ccc2nc3c(ccc4ccccc43)c(C)c2c1,"7,9-dimethylbenzo[c]acridine",C19H15N
Cc1ccc2nc3c(ccc4ccccc43)c(CO)c2c1,(9-methylbenzo[c]acridin-7-yl)methanol,C19H15NO
Cc1ccc2nc3c(ccc4ccccc43)cc2c1,9-methylbenzo[c]acridine,C18H13N
Cc1ccc2nc3c4c(ccc3c(C)c2c1)C(O)C(O)C=C4,"7,9-dimethyl-3,4-dihydrobenzo[c]acridine-3,4-diol",C19H17NO2
Cc1ccc2nc3c4c(ccc3c(CO)c2c1)C(O)C(O)C=C4,"7-(hydroxymethyl)-9-methyl-3,4-dihydrobenzo[c]acridine-3,4-diol",C19H17NO3
Cc1ccc2nc3ccc(C)cc3c(N)c2c1,"2,7-dimethylacridin-9-amine",C15H14N2
Cc1ccc2nc3ccccc3c(N)c2c1,2-methylacridin-9-amine,C14H12N2
Cc1ccc2ncccc2c1,6-methylquinoline,C10H9N
Cc1ccc2nsc(N)c2c1,"5-methyl-2,1-benzothiazol-3-amine",C8H8N2S
Cc1ccc2nsc(NC(=O)C(Cl)(Cl)Cl)c2c1,"2,2,2-trichloro-N-(5-methyl-2,1-benzothiazol-3-yl)acetamide",C10H7Cl3N2OS
Cc1ccc2nsc(NC(=O)C(Cl)Cl)c2c1,"2,2-dichloro-N-(5-methyl-2,1-benzothiazol-3-yl)acetamide",C10H8Cl2N2OS
Cc1ccc2nsc(NC(=O)CCl)c2c1,"2-chloro-N-(5-methyl-2,1-benzothiazol-3-yl)acetamide",C10H9ClN2OS
Cc1ccc2oc(=O)ccc2c1,6-methylchromen-2-one,C10H8O2
Cc1cccc(-c2nc3ccccc3o2)c1,"2-(3-methylphenyl)-1,3-benzoxazole",C14H11NO
Cc1cccc(C#N)c1,3-methylbenzonitrile,C8H7N
Cc1cccc(C(=O)Cl)c1,3-methylbenzoyl chloride,C8H7ClO
Cc1cccc(Br)c1,1-bromo-3-methylbenzene,C7H7Br
Cc1cccc(C(=O)O)c1,3-methylbenzoic acid,C8H8O2
Cc1cccc(C(=O)O)c1[N+](=O)[O-],3-methyl-2-nitrobenzoic acid,C8H7NO4
Cc1cccc(C)c1,"1,3-xylene",C8H10
Cc1cccc(C)c1C,"1,2,3-trimethylbenzene",C9H12
Cc1cccc(C)c1N,"2,6-dimethylaniline",C8H11N
Cc1cccc(C)c1N=Nc1c(O)ccc2ccccc12,"1-[(2,6-dimethylphenyl)diazenyl]naphthalen-2-ol",C18H16N2O
Cc1cccc(C)c1NO,"N-(2,6-dimethylphenyl)hydroxylamine",C8H11NO
Cc1cccc(C)c1NC(=O)CN1CCCC1=O,"N-(2,6-dimethylphenyl)-2-(2-oxopyrrolidin-1-yl)acetamide",C14H18N2O2
Cc1cccc(C)c1Nc1cc(Cl)nc(SCC(=O)NCCO)n1,,C16H19ClN4O2S
Cc1cccc(C)c1O,"2,6-dimethylphenol",C8H10O
Cc1cccc(C)c1[N+](=O)[O-],"1,3-dimethyl-2-nitrobenzene",C8H9NO2
Cc1cccc(CN(C)N=O)c1,N-methyl-N-[(3-methylphenyl)methyl]nitrous amide,C9H12N2O
Cc1cccc(N)c1,3-methylaniline,C7H9N
Cc1cccc(N)c1C,"2,3-dimethylaniline",C8H11N
Cc1cccc(N)c1N,"3-methylbenzene-1,2-diamine",C7H10N2
Cc1cccc(N=Nc2c(O)ccc3ccccc23)c1C,"1-[(2,3-dimethylphenyl)diazenyl]naphthalen-2-ol",C18H16N2O
Cc1cccc(N=Nc2ccc(N(C)C)cc2)c1,"N,N-dimethyl-4-[(3-methylphenyl)diazenyl]aniline",C15H17N3
Cc1cccc(NC(=O)c2csc([N+](=O)[O-])c2)c1,N-(3-methylphenyl)-5-nitrothiophene-3-carboxamide,C12H10N2O3S
Cc1cccc(N=O)c1,1-methyl-3-nitrosobenzene,C7H7NO
Cc1cccc(NO)c1C,"N-(2,3-dimethylphenyl)hydroxylamine",C8H11NO
Cc1cccc(NO)c1,N-(3-methylphenyl)hydroxylamine,C7H9NO
Cc1cccc(NS(=O)(=O)c2cccc3cccnc23)c1,N-(3-methylphenyl)quinoline-8-sulfonamide,C16H14N2O2S
Cc1cccc(Nc2cc(Cl)nc(SCC(=O)O)n2)c1C,"2-[4-chloro-6-(2,3-dimethylanilino)pyrimidin-2-yl]sulfanylacetic acid",C14H14ClN3O2S
Cc1cccc(O)c1,3-methylphenol,C7H8O
Cc1cccc(Nc2ccncc2S(=O)(=O)NC(=O)NC(C)C)c1,1-[[4-(3-methylanilino)-3-pyridinyl]sulfonyl]-3-propan-2-ylurea,C16H20N4O3S
Cc1cccc(O)c1C,"2,3-dimethylphenol",C8H10O
Cc1cccc(O)c1N,2-amino-3-methylphenol,C7H9NO
Cc1cccc(OCC(O)CNC(C)(C)C)c1C,"1-(tert-butylamino)-3-(2,3-dimethylphenoxy)propan-2-ol",C15H25NO2
Cc1cccc(OC[C@@H](O)CNC(C)(C)C)c1C,"(2S)-1-(tert-butylamino)-3-(2,3-dimethylphenoxy)propan-2-ol",C15H25NO2
Cc1cccc(OP(=O)(Oc2cccc(C)c2)Oc2cccc(C)c2)c1,tris(3-methylphenyl) phosphate,C21H21O4P
Cc1cccc([N+](=O)[O-])c1,1-methyl-3-nitrobenzene,C7H7NO2
Cc1cccc(OP(=O)(Oc2ccccc2)Oc2ccccc2)c1,(3-methylphenyl) diphenyl phosphate,C19H17O4P
Cc1cccc([N+](=O)[O-])c1C,"1,2-dimethyl-3-nitrobenzene",C8H9NO2
Cc1cccc([N+](=O)[O-])c1C(O)O,,C8H9NO4
Cc1cccc([N+](=O)[O-])c1N,2-methyl-6-nitroaniline,C7H8N2O2
Cc1cccc([N+](=O)[O-])c1[N+](=O)[O-],"1-methyl-2,3-dinitrobenzene",C7H6N2O4
Cc1cccc2c([N+](=O)[O-])cccc12,1-methyl-5-nitronaphthalene,C11H9NO2
Cc1cccc2c1-c1cc3ccccc3cc1C1OC21,"9-methyl-3-oxapentacyclo[9.8.0.02,4.05,10.013,18]nonadeca-1(19),5,7,9,11,13,15,17-octaene",C19H14O
Cc1cccc2c1-c1cc3ccccc3cc1C1NC21,,C19H15N
Cc1cccc2c1C(C)c1ccccc1-2,"1,9-dimethyl-9H-fluorene",C15H14
Cc1cccc2c1-c1ccccc1C2C,"4,9-dimethyl-9H-fluorene",C15H14
Cc1cccc2c1N(C)C1=Nc3ccccc3C1C2C,,C18H18N2
Cc1cccc2c1cc(C)c1c3ccccc3ccc21,"1,11-dimethylchrysene",C20H16
Cc1cccc2c1cc(C)c1c3c(ccc12)C(O)C(O)C1OC31,"16,19-dimethyl-4-oxapentacyclo[9.8.0.02,8.03,5.012,17]nonadeca-1(11),2(8),9,12,14,16,18-heptaene-6,7-diol",C20H18O3
Cc1cccc2c1cc1ccc3cccc4ccc2c1c34,7-methylbenzo[a]pyrene,C21H14
Cc1cccc2c1ccc1cc(C(C)C)ccc12,1-methyl-7-propan-2-ylphenanthrene,C18H18
Cc1cccc2c1ccc1cc3ccccc3cc12,4-methylbenzo[a]anthracene,C19H14
Cc1cccc2c1ccc1c3ccccc3ccc21,1-methylchrysene,C19H14
Cc1cccc2c1ccc1ccccc12,1-methylphenanthrene,C15H12
Cc1cccc2cc([N+](=O)[O-])ccc12,1-methyl-6-nitronaphthalene,C11H9NO2
Cc1cccc2cc3c(ccc4ccccc43)cc12,8-methylbenzo[a]anthracene,C19H14
Cc1cccc2cc3ccc4cccc5ccc(c12)c3c45,10-methylbenzo[a]pyrene,C21H14
Cc1cccc2cc3ccc4ccccc4c3cc12,11-methylbenzo[a]anthracene,C19H14
Cc1cccc2cc3ccc4ccccc4c3nc12,11-methylbenzo[c]acridine,C18H13N
Cc1cccc2cc3ccccc3cc12,1-methylanthracene,C15H12
Cc1cccc2ccc([N+](=O)[O-])cc12,1-methyl-7-nitronaphthalene,C11H9NO2
Cc1cccc2ccc3c4ccccc4ccc3c12,4-methylchrysene,C19H14
Cc1cccc2ccc3cc4ccccc4cc3c12,1-methylbenzo[a]anthracene,C19H14
Cc1cccc2ccccc12,1-methylnaphthalene,C11H10
Cc1cccc2cccc([N+](=O)[O-])c12,1-methyl-8-nitronaphthalene,C11H9NO2
Cc1cccc2cccnc12,8-methylquinoline,C10H9N
Cc1cccc2nc(O)c(O)nc12,"5-methyl-1,4-dihydroquinoxaline-2,3-dione",C9H8N2O2
Cc1cccc2nc3c(ccc4ccccc43)cc12,8-methylbenzo[c]acridine,C18H13N
Cc1cccc2ncccc12,5-methylquinoline,C10H9N
Cc1cccc2sc(N)nc12,"4-methyl-1,3-benzothiazol-2-amine",C8H8N2S
Cc1ccccc1,toluene,C7H8
Cc1ccccc1-c1ccc(N)cc1,4-(2-methylphenyl)aniline,C13H13N
Cc1ccccc1-c1ccccc1,1-methyl-2-phenylbenzene,C13H12
Cc1ccccc1-c1nc2ccccc2o1,"2-(2-methylphenyl)-1,3-benzoxazole",C14H11NO
Cc1ccccc1Br,1-bromo-2-methylbenzene,C7H7Br
Cc1ccccc1C#N,2-methylbenzonitrile,C8H7N
Cc1ccccc1C,"1,2-xylene",C8H10
Cc1ccccc1C(=O)Cl,2-methylbenzoyl chloride,C8H7ClO
Cc1ccccc1C(N)=O,2-methylbenzamide,C8H9NO
Cc1ccccc1C(=O)O,2-methylbenzoic acid,C8H8O2
Cc1ccccc1C(OCCN(C)C)c1ccccc1,"N,N-dimethyl-2-[(2-methylphenyl)-phenylmethoxy]ethanamine",C18H23NO
Cc1ccccc1C=O,2-methylbenzaldehyde,C8H8O
Cc1ccccc1Cl,1-chloro-2-methylbenzene,C7H7Cl
Cc1ccccc1N,2-methylaniline,C7H9N
Cc1ccccc1N=Nc1c(O)ccc2ccccc12,1-[(2-methylphenyl)diazenyl]naphthalen-2-ol,C17H14N2O
Cc1ccccc1N=Nc1ccc(N(C)C)cc1,"N,N-dimethyl-4-[(2-methylphenyl)diazenyl]aniline",C15H17N3
Cc1ccccc1N=Nc1ccc(N)c(C)c1N,"2-methyl-4-[(2-methylphenyl)diazenyl]benzene-1,3-diamine",C14H16N4
Cc1ccccc1N=Nc1ccc(N=Nc2c(O)ccc3ccccc23)c(C)c1,1-[[2-methyl-4-[(2-methylphenyl)diazenyl]phenyl]diazenyl]naphthalen-2-ol,C24H20N4O
Cc1ccccc1N=O,1-methyl-2-nitrosobenzene,C7H7NO
Cc1ccccc1NC(=O)c1csc([N+](=O)[O-])c1,N-(2-methylphenyl)-5-nitrothiophene-3-carboxamide,C12H10N2O3S
Cc1ccccc1NS(=O)(=O)c1cccc2cccnc12,N-(2-methylphenyl)quinoline-8-sulfonamide,C16H14N2O2S
Cc1ccccc1NO,N-(2-methylphenyl)hydroxylamine,C7H9NO
Cc1ccccc1O,2-methylphenol,C7H8O
Cc1ccccc1OC[C@H]1CO1,(2R)-2-[(2-methylphenoxy)methyl]oxirane,C10H12O2
Cc1ccccc1OCC1CO1,2-[(2-methylphenoxy)methyl]oxirane,C10H12O2
Cc1ccccc1S(N)(=O)=O,2-methylbenzenesulfonamide,C7H9NO2S
Cc1ccccc1[C@H](OCCN(C)C)c1ccccc1,"N,N-dimethyl-2-[(R)-(2-methylphenyl)-phenylmethoxy]ethanamine",C18H23NO
Cc1ccccc1[N+](=O)[O-],1-methyl-2-nitrobenzene,C7H7NO2
Cc1ccccn1,2-methylpyridine,C6H7N
Cc1cccn2c1nc1ccc(N)nc12,"10-methyl-1,3,8-triazatricyclo[7.4.0.02,7]trideca-2(7),3,5,8,10,12-hexaen-4-amine",C11H10N4
Cc1cccn2c1nc1ccc(NO)nc12,"N-(10-methyl-1,3,8-triazatricyclo[7.4.0.02,7]trideca-2(7),3,5,8,10,12-hexaen-4-yl)hydroxylamine",C11H10N4O
Cc1cccnc1,3-methylpyridine,C6H7N
Cc1ccco1,2-methylfuran,C5H6O
Cc1ccnc2ccccc12,4-methylquinoline,C10H9N
Cc1cccs1,2-methylthiophene,C5H6S
Cc1ccsc1,3-methylthiophene,C5H6S
Cc1ccncc1,4-methylpyridine,C6H7N
Cc1cn(C2CC(N=[N+]=[N-])C(CO)O2)c(=O)[nH]c1=O,"1-[4-azido-5-(hydroxymethyl)oxolan-2-yl]-5-methylpyrimidine-2,4-dione",C10H13N5O4
Cc1cn(C2CC(O)C(CO)O2)c(=O)[nH]c1=O,"1-[4-hydroxy-5-(hydroxymethyl)oxolan-2-yl]-5-methylpyrimidine-2,4-dione",C10H14N2O5
Cc1cn(CC(O)CN=[N+]=[N-])c(=O)[nH]c1=O,"1-(3-azido-2-hydroxypropyl)-5-methylpyrimidine-2,4-dione",C8H11N5O3
Cc1cn([C@@H]2C[C@H](N=[N+]=[N-])[C@@H](CO)O2)c(=O)[nH]c1=O,"1-[(2S,4S,5S)-4-azido-5-(hydroxymethyl)oxolan-2-yl]-5-methylpyrimidine-2,4-dione",C10H13N5O4
Cc1cn2c(N=O)c(-c3ccc([N+](=O)[O-])cc3)nc2s1,"2-methyl-6-(4-nitrophenyl)-5-nitrosoimidazo[2,1-b][1,3]thiazole",C12H8N4O3S
Cc1cn2c([N+](=O)[O-])c(-c3ccc([N+](=O)[O-])cc3)nc2s1,"2-methyl-5-nitro-6-(4-nitrophenyl)imidazo[2,1-b][1,3]thiazole",C12H8N4O4S
Cc1cnc(C)c(C)n1,"2,3,5-trimethylpyrazine",C7H10N2
Cc1cnc(C)cn1,"2,5-dimethylpyrazine",C6H8N2
Cc1cnc2c(C)c(C)c3c(nc(N)n3C)c2n1,"3,4,5,8-tetramethylimidazo[4,5-f]quinoxalin-2-amine",C13H15N5
Cc1cnc(S)nc1O,5-methyl-2-sulfanylidene-1H-pyrimidin-4-one,C5H6N2OS
Cc1cnc2c(cc(C)c3c2nc(N)n3C)n1,"3,4,7-trimethylimidazo[4,5-f]quinoxalin-2-amine",C12H13N5
Cc1cnc2c(C)cc3c(nc(N)n3C)c2n1,"3,5,8-trimethylimidazo[4,5-f]quinoxalin-2-amine",C12H13N5
Cc1cnc2c(n1)c(C)c(C)c1c2nc(N)n1C,"3,4,5,7-tetramethylimidazo[4,5-f]quinoxalin-2-amine",C13H15N5
Cc1cnc2c(ccc3c2nc(N)n3C)n1,"3,7-dimethylimidazo[4,5-f]quinoxalin-2-amine",C11H11N5
Cc1cnc2cc(C)c3c(nc(N)n3C)c2n1,"3,4,8-trimethylimidazo[4,5-f]quinoxalin-2-amine",C12H13N5
Cc1cnc2c(n1)c(C)cc1c2nc(N)n1C,"3,5,7-trimethylimidazo[4,5-f]quinoxalin-2-amine",C12H13N5
Cc1cnc2cc(CO)c3c(nc(N)n3C)c2n1,"(2-amino-3,8-dimethylimidazo[4,5-f]quinoxalin-4-yl)methanol",C12H13N5O
Cc1cnc2cc3nc(N)n(C)c3c(C)c2n1,"3,4,6-trimethylimidazo[4,5-g]quinoxalin-2-amine",C12H13N5
Cc1cnc2ccc3c(nc(NC4OC(C(=O)O)C(O)C(O)C4O)n3C)c2n1,"6-[(3,8-dimethylimidazo[4,5-f]quinoxalin-2-yl)amino]-3,4,5-trihydroxyoxane-2-carboxylic acid",C17H19N5O6
Cc1cnc2ccc3c(nc(N)n3C)c2n1,"3,8-dimethylimidazo[4,5-f]quinoxalin-2-amine",C11H11N5
Cc1cnc2ccc3c(nc(NO)n3C)c2n1,"N-(3,8-dimethylimidazo[4,5-f]quinoxalin-2-yl)hydroxylamine",C11H11N5O
Cc1cnc2ccc3c(nc(NS(=O)(=O)O)n3C)c2n1,"(3,8-dimethylimidazo[4,5-f]quinoxalin-2-yl)sulfamic acid",C11H11N5O3S
Cc1cnc2ccc3c(ncn3C)c2n1,"3,8-dimethylimidazo[4,5-f]quinoxaline",C11H10N4
Cc1cnc2ccccc2n1,2-methylquinoxaline,C9H8N2
Cc1cncc(C)n1,"2,6-dimethylpyrazine",C6H8N2
Cc1cnccn1,2-methylpyrazine,C5H6N2
Cc1coc2c1CCC(C)C2,"3,6-dimethyl-4,5,6,7-tetrahydro-1-benzofuran",C10H14O
Cc1cnc2ccccc2c1,3-methylquinoline,C10H9N
Cc1nc(-c2ccc([N+](=O)[O-])o2)cs1,"2-methyl-4-(5-nitrofuran-2-yl)-1,3-thiazole",C8H6N2O3S
Cc1nc(N)c(C)c2c1[nH]c1ccccc12,"1,4-dimethyl-9H-pyrido[3,4-b]indol-3-amine",C13H13N3
Cc1nc(N)cc2[nH]c3ccccc3c12,"1-methyl-5H-pyrido[4,3-b]indol-3-amine",C12H11N3
Cc1nc(N)nc(N)n1,"6-methyl-1,3,5-triazine-2,4-diamine",C4H7N5
Cc1nc(O)c(C#N)cc1-c1ccncc1,6-methyl-2-oxo-5-pyridin-4-yl-1H-pyridine-3-carbonitrile,C12H9N3O
Cc1nc([N+](=O)[O-])cc2c1[nH]c1c([N+](=O)[O-])cc([N+](=O)[O-])cc12,"1-methyl-3,6,8-trinitro-9H-pyrido[3,4-b]indole",C12H7N5O6
Cc1nc2c(C)c(C)c3c(nc(N)n3C)c2nc1C,"3,4,5,7,8-pentamethylimidazo[4,5-f]quinoxalin-2-amine",C14H17N5
Cc1nc2c(C)cc3c(nc(N)n3C)c2nc1C,"3,5,7,8-tetramethylimidazo[4,5-f]quinoxalin-2-amine",C13H15N5
Cc1nc2c(c3[nH]c4ccccc4c13)C(=O)C=C(N1CC1)C2=O,"3-(aziridin-1-yl)-6-methyl-11H-indolo[3,2-c]quinoline-1,4-dione",C18H13N3O2
Cc1nc2c(c3[nH]c4ccccc4c13)C(=O)C=CC2=O,"6-methyl-11H-indolo[3,2-c]quinoline-1,4-dione",C16H10N2O2
Cc1nc2c(cc(C)c3ccc4ccc(O)cc4c32)[nH]1,"2,5-dimethyl-3H-naphtho[1,2-e]benzimidazol-10-ol",C17H14N2O
Cc1nc2c(ccc3ccc4ccc(O)cc4c32)[nH]1,"2-methyl-3H-naphtho[1,2-e]benzimidazol-10-ol",C16H12N2O
Cc1nc2c3c(ccc4ccc(O)cc43)ccc2n1C,"2,3-dimethylnaphtho[1,2-e]benzimidazol-10-ol",C17H14N2O
Cc1nc2cc(C)c3c(nc(N)n3C)c2nc1C,"3,4,7,8-tetramethylimidazo[4,5-f]quinoxalin-2-amine",C13H15N5
Cc1nc2cc(Cl)ccc2[nH]1,6-chloro-2-methyl-1H-benzimidazole,C8H7ClN2
Cc1nc2ccc(N)c(C)c2nc1C,"2,3,5-trimethylquinoxalin-6-amine",C11H13N3
Cc1nc2ccc(N(C)C)c(C)c2nc1C,"N,N,2,3,5-pentamethylquinoxalin-6-amine",C13H17N3
Cc1nc2ccc(N)cc2nc1C,"2,3-dimethylquinoxalin-6-amine",C10H11N3
Cc1nc2ccc3c(nc(N)n3C)c2nc1C,"3,7,8-trimethylimidazo[4,5-f]quinoxalin-2-amine",C12H13N5
Cc1nc2ccc3ccc4ccc(O)cc4c3c2n1C,"1,2-dimethylnaphtho[1,2-e]benzimidazol-10-ol",C17H14N2O
Cc1nc2ccc3ccc4ccc(O)cc4c3c2o1,"2-methylnaphtho[2,1-g][1,3]benzoxazol-10-ol",C16H11NO2
Cc1nc2ccccc2s1,"2-methyl-1,3-benzothiazole",C8H7NS
Cc1ncc(CNC(=O)N(CCCl)N=O)c(N)n1,3-[(4-amino-2-methylpyrimidin-5-yl)methyl]-1-(2-chloroethyl)-1-nitrosourea,C9H13ClN6O2
Cc1ncc(C[n+]2csc(CCO)c2C)c(N)n1,"2-[3-[(4-amino-2-methylpyrimidin-5-yl)methyl]-4-methyl-1,3-thiazol-3-ium-5-yl]ethanol",C12H17N4OS+
Cc1ncc(CO)c(CO)c1O,"4,5-bis(hydroxymethyl)-2-methylpyridin-3-ol",C8H11NO3
Cc1ncc([N+](=O)[O-])n1CC(=O)O,2-(2-methyl-5-nitroimidazol-1-yl)acetic acid,C6H7N3O4
Cc1ncc([N+](=O)[O-])n1C,"1,2-dimethyl-5-nitroimidazole",C5H7N3O2
Cc1ncc([N+](=O)[O-])n1CCO,2-(2-methyl-5-nitroimidazol-1-yl)ethanol,C6H9N3O3
Cc1ncc2c(n1)CCC2,"2-methyl-6,7-dihydro-5H-cyclopenta[d]pyrimidine",C8H10N2
Cc1ncc[nH]1,2-methyl-1H-imidazole,C4H6N2
Cc1nccc2c1[nH]c1cc(O)ccc12,"1-methyl-2,9-dihydropyrido[3,4-b]indol-7-one",C12H10N2O
Cc1nccnc1C,"2,3-dimethylpyrazine",C6H8N2
Cc1nccc2c1[nH]c1ccccc12,"1-methyl-9H-pyrido[3,4-b]indole",C12H10N2
Cc1nn(C)c(N)c1C(=O)c1ccccc1F,"(5-amino-1,3-dimethylpyrazol-4-yl)-(2-fluorophenyl)methanone",C12H12FN3O
Cc1nn(C)c(NC(=O)CNCCCN2CCCCC2C)c1C(=O)c1ccccc1F,"N-[4-(2-fluorobenzoyl)-1,3-dimethylpyrazol-5-yl]-2-[3-(2-methylpiperidin-1-yl)propylamino]acetamide",C23H32FN5O2
Cc1nn(C)c(NC(=O)CNCCCN2CCCC[C@H]2C)c1C(=O)c1ccccc1F,"N-[4-(2-fluorobenzoyl)-1,3-dimethylpyrazol-5-yl]-2-[3-[(2R)-2-methylpiperidin-1-yl]propylamino]acetamide",C23H32FN5O2
Cc1nnc(NS(=O)(=O)c2ccc(N)cc2)s1,"4-amino-N-(5-methyl-1,3,4-thiadiazol-2-yl)benzenesulfonamide",C9H10N4O2S2
Cc1nnc(O)nc1O,"6-methyl-2H-1,2,4-triazine-3,5-dione",C4H5N3O2
Cc1nnc2n1-c1ccc(Cl)cc1C(c1ccccc1Cl)=NC2,"8-chloro-6-(2-chlorophenyl)-1-methyl-4H-[1,2,4]triazolo[4,3-a][1,4]benzodiazepine",C17H12Cl2N4
Cc1noc(NS(=O)(=O)c2ccc(N)cc2)c1C,"4-amino-N-(3,4-dimethyl-1,2-oxazol-5-yl)benzenesulfonamide",C11H13N3O3S
Cc1oc(=O)oc1CN1CCN(c2cc3c(cc2F)c(=O)c(C(=O)O)c2n3C(C)S2)CC1,"6-fluoro-1-methyl-7-[4-[(5-methyl-2-oxo-1,3-dioxol-4-yl)methyl]piperazin-1-yl]-4-oxo-1H-[1,3]thiazeto[3,2-a]quinoline-3-carboxylic acid",C21H20FN3O6S
Cc1oc(=O)oc1COC(=O)C1N2C(=O)C(NC(=O)C(N)c3ccccc3)C2SC1(C)C,"(5-methyl-2-oxo-1,3-dioxol-4-yl)methyl 6-[(2-amino-2-phenylacetyl)amino]-3,3-dimethyl-7-oxo-4-thia-1-azabicyclo[3.2.0]heptane-2-carboxylate",C21H23N3O7S
Cc1occc(=O)c1O,3-hydroxy-2-methylpyran-4-one,C6H6O3
Cl/C=C(/Cl)COCCCl,"(E)-1,2-dichloro-3-(2-chloroethoxy)prop-1-ene",C5H7Cl3O
Cl/C=C(\Cl)C(Cl)Cl,"(Z)-1,2,3,3-tetrachloroprop-1-ene",C3H2Cl4
Cl/C=C(/Cl)SCc1ccccc1,"[(E)-1,2-dichloroethenyl]sulfanylmethylbenzene",C9H8Cl2S
Cl/C=C(\Cl)c1c(Cl)c(Cl)c(Cl)c(Cl)c1Cl,"1,2,3,4,5-pentachloro-6-[(Z)-1,2-dichloroethenyl]benzene",C8HCl7
Cl/C=C/c1c(Cl)c(Cl)c(Cl)c(Cl)c1Cl,"1,2,3,4,5-pentachloro-6-[(E)-2-chloroethenyl]benzene",C8H2Cl6
Cl/C=C\CCl,"(Z)-1,3-dichloroprop-1-ene",C3H4Cl2
Cl/C=C\C[N+]12CN3CN(CN(C3)C1)C2,"1-[(Z)-3-chloroprop-2-enyl]-3,5,7-triaza-1-azoniatricyclo[3.3.1.13,7]decane",C9H16ClN4+
ClC(Br)Br,dibromo(chloro)methane,CHBr2Cl
Cl/C=C\Cl,"(Z)-1,2-dichloroethene",C2H2Cl2
ClC(COCC(Cl)C(Cl)(Cl)Cl)C(Cl)(Cl)Cl,"1,1,1,2-tetrachloro-3-(2,3,3,3-tetrachloropropoxy)propane",C6H6Cl8O
ClC(Cl)(Cl)Br,bromo(trichloro)methane,CBrCl3
ClC(CBr)CBr,"1,3-dibromo-2-chloropropane",C3H5Br2Cl
ClC(Cl)(Cl)C1CO1,2-(trichloromethyl)oxirane,C3H3Cl3O
ClC(Cl)(Cl)C(Cl)(Cl)Cl,"1,1,1,2,2,2-hexachloroethane",C2Cl6
ClC(Cl)(Cl)C[C@H]1CO1,"(2S)-2-(2,2,2-trichloroethyl)oxirane",C4H5Cl3O
ClC(Cl)(Cl)CC1CO1,"2-(2,2,2-trichloroethyl)oxirane",C4H5Cl3O
ClC(Cl)(Cl)[C@@H]1CO1,(2S)-2-(trichloromethyl)oxirane,C3H3Cl3O
ClC(Cl)(Cl)Cl,tetrachloromethane,CCl4
ClC(Cl)(Cl)c1ccccc1,trichloromethylbenzene,C7H5Cl3
ClC(Cl)=C(Cl)/C(Cl)=C(\Cl)SCc1ccccc1,"[(1E)-1,2,3,4,4-pentachlorobuta-1,3-dienyl]sulfanylmethylbenzene",C11H7Cl5S
ClC(Cl)=C(Cl)C(Cl)=C(Cl)Cl,"1,1,2,3,4,4-hexachlorobuta-1,3-diene",C4Cl6
ClC(Cl)=C(Cl)Cl,"1,1,2,2-tetrachloroethene",C2Cl4
ClC(Cl)=C(Cl)c1c(Cl)c(Cl)c(Cl)c(Cl)c1Cl,"1,2,3,4,5-pentachloro-6-(1,2,2-trichloroethenyl)benzene",C8Cl8
ClC(Cl)=C(c1ccc(Cl)cc1)c1ccc(Cl)cc1,"1-chloro-4-[2,2-dichloro-1-(4-chlorophenyl)ethenyl]benzene",C14H8Cl4
ClC(Cl)=Cc1c(Cl)c(Cl)c(Cl)c(Cl)c1Cl,"1,2,3,4,5-pentachloro-6-(2,2-dichloroethenyl)benzene",C8HCl7
ClC(Cl)Br,bromo(dichloro)methane,CHBrCl2
ClC(Cl)C(Cl)(Cl)Cl,"1,1,1,2,2-pentachloroethane",C2HCl5
ClC(Cl)C(Cl)Cl,"1,1,2,2-tetrachloroethane",C2H2Cl4
ClC(Cl)Cl,chloroform,CHCl3
ClC(Cl)c1ccccc1,dichloromethylbenzene,C7H6Cl2
ClC/C=C/CCl,"(E)-1,4-dichlorobut-2-ene",C4H6Cl2
ClC1(Cl)C2(Cl)C3(Cl)C4(Cl)C(Cl)(Cl)C5(Cl)C3(Cl)C1(Cl)C5(Cl)C24Cl,"1,2,3,4,5,5,6,7,8,9,10,10-dodecachloropentacyclo[5.3.0.02,6.03,9.04,8]decane",C10Cl12
ClC1(Cl)[C@]2(Cl)[C@@]3(Cl)[C@]4(Cl)C(Cl)(Cl)[C@]5(Cl)[C@@]3(Cl)[C@@]1(Cl)[C@]5(Cl)[C@@]42Cl,"1,2,3,4,5,5,6,7,8,9,10,10-dodecachloropentacyclo[5.3.0.02,6.03,9.04,8]decane",C10Cl12
ClC1=C(Cl)C(Cl)(C2(Cl)C(Cl)=C(Cl)C(Cl)=C2Cl)C(Cl)=C1Cl,"1,2,3,4,5-pentachloro-5-(1,2,3,4,5-pentachlorocyclopenta-2,4-dien-1-yl)cyclopenta-1,3-diene",C10Cl10
ClC1=C(Cl)C(Cl)(Cl)C(Cl)=C1Cl,"1,2,3,4,5,5-hexachlorocyclopenta-1,3-diene",C5Cl6
ClC1=C(Cl)C2(Cl)C3C(Cl)C=CC3C1(Cl)C2(Cl)Cl,"1,5,7,8,9,10,10-heptachlorotricyclo[5.2.1.02,6]deca-3,8-diene",C10H5Cl7
ClC1=C(Cl)C2(Cl)C3C4CC(C5OC45)C3C1(Cl)C2(Cl)Cl,"3,4,5,6,13,13-hexachloro-10-oxapentacyclo[6.3.1.13,6.02,7.09,11]tridec-4-ene",C12H8Cl6O
ClC1=C(Cl)C2(Cl)C3C4C=CC(C4)C3C1(Cl)C2(Cl)Cl,"1,8,9,10,11,11-hexachlorotetracyclo[6.2.1.13,6.02,7]dodeca-4,9-diene",C12H8Cl6
ClC1=C(Cl)[C@]2(Cl)[C@@H]3[C@@H](Cl)C=C[C@H]3[C@@]1(Cl)C2(Cl)Cl,"(1S,2R,5S,6S,7R)-1,5,7,8,9,10,10-heptachlorotricyclo[5.2.1.02,6]deca-3,8-diene",C10H5Cl7
ClC1=C(Cl)[C@]2(Cl)[C@H]3[C@@H]4C[C@@H]([C@@H]5O[C@H]45)[C@H]3[C@@]1(Cl)C2(Cl)Cl,"(1R,2R,3S,6R,7S,8S,9R,11S)-3,4,5,6,13,13-hexachloro-10-oxapentacyclo[6.3.1.13,6.02,7.09,11]tridec-4-ene",C12H8Cl6O
ClC1C(Br)C(Br)C(Br)C(Br)C1Br,"1,2,3,4,5-pentabromo-6-chlorocyclohexane",C6H6Br5Cl
ClC1=C(Cl)[C@]2(Cl)[C@H]3[C@H]4C=C[C@H](C4)[C@H]3[C@@]1(Cl)C2(Cl)Cl,"(1S,2R,3S,6R,7S,8R)-1,8,9,10,11,11-hexachlorotetracyclo[6.2.1.13,6.02,7]dodeca-4,9-diene",C12H8Cl6
ClC1C(Cl)C(Cl)C(Cl)C(Cl)C1Cl,"1,2,3,4,5,6-hexachlorocyclohexane",C6H6Cl6
ClC1CO1,2-chlorooxirane,C2H3ClO
ClC1C2(Cl)C3C4C5OC5C5C4C1(Cl)C(Cl)(C53)C2(Cl)Cl,"3,4,5,6,6,7-hexachloro-12-oxahexacyclo[6.5.0.02,10.03,7.05,9.011,13]tridecane",C12H8Cl6O
ClC1OC1CBr,2-(bromomethyl)-3-chlorooxirane,C3H4BrClO
ClC1c2cccc3ccc4c5ccccc5cc1c4c23,"19-chloropentacyclo[14.2.1.03,8.09,18.012,17]nonadeca-1,3,5,7,9(18),10,12(17),13,15-nonaene",C19H11Cl
ClC=C(Cl)Cl,"1,1,2-trichloroethene",C2HCl3
ClCBr,bromo(chloro)methane,CH2BrCl
ClCC(Br)CBr,"1,2-dibromo-3-chloropropane",C3H5Br2Cl
ClCC(Br)CCl,"2-bromo-1,3-dichloropropane",C3H5BrCl2
ClCC(Cl)(Cl)Cl,"1,1,1,2-tetrachloroethane",C2H2Cl4
ClCC(CCl)(CCl)CCl,"1,3-dichloro-2,2-bis(chloromethyl)propane",C5H8Cl4
ClCC(Cl)CBr,"1-bromo-2,3-dichloropropane",C3H5BrCl2
ClCC(Cl)CCl,"1,2,3-trichloropropane",C3H5Cl3
ClCC(Cl)Cl,"1,1,2-trichloroethane",C2H3Cl3
ClCC1(C(Cl)Cl)C2C(Cl)C(Cl)C1(C(Cl)Cl)C(Cl)C2Cl,"2,3,5,6-tetrachloro-7-(chloromethyl)-1,7-bis(dichloromethyl)bicyclo[2.2.1]heptane",C10H9Cl9
ClCC1(C(Cl)Cl)C2CC(Cl)(Cl)C1(C(Cl)Cl)CC2(Cl)Cl,"2,2,5,5-tetrachloro-7-(chloromethyl)-1,7-bis(dichloromethyl)bicyclo[2.2.1]heptane",C10H9Cl9
ClCC1(C(Cl)Cl)C2CC(Cl)(Cl)C1(CCl)C(Cl)C2Cl,"2,2,5,6-tetrachloro-1,7-bis(chloromethyl)-7-(dichloromethyl)bicyclo[2.2.1]heptane",C10H10Cl8
ClCC1(CCl)C2CC(Cl)(Cl)C1(CCl)C(Cl)C2Cl,"2,2,5,6-tetrachloro-1,7,7-tris(chloromethyl)bicyclo[2.2.1]heptane",C10H11Cl7
ClCC1C(CCl)C2(Cl)C(Cl)=C(Cl)C1(Cl)C2(Cl)Cl,"1,2,3,4,7,7-hexachloro-5,6-bis(chloromethyl)bicyclo[2.2.1]hept-2-ene",C9H6Cl8
ClCC1CO1,2-(chloromethyl)oxirane,C3H5ClO
ClCC1OC(CCl)OC(CCl)O1,"2,4,6-tris(chloromethyl)-1,3,5-trioxane",C6H9Cl3O3
ClCCBr,1-bromo-2-chloroethane,C2H4BrCl
ClCCC(Br)CBr,"1,2-dibromo-4-chlorobutane",C4H7Br2Cl
ClCCCBr,1-bromo-3-chloropropane,C3H6BrCl
ClCCCl,"1,2-dichloroethane",C2H4Cl2
ClCCN(CCCl)CCCl,"2-chloro-N,N-bis(2-chloroethyl)ethanamine",C6H12Cl3N
ClCCN(CCCl)c1ccc2ccccc2c1,"N,N-bis(2-chloroethyl)naphthalen-2-amine",C14H15Cl2N
ClCCNCCCNc1c2ccccc2nc2c1ccc1cccnc12,"N'-benzo[b][1,10]phenanthrolin-7-yl-N-(2-chloroethyl)propane-1,3-diamine",C21H21ClN4
ClCCNCCCNc1c2ccccc2nc2ccccc12,"N'-acridin-9-yl-N-(2-chloroethyl)propane-1,3-diamine",C18H20ClN3
ClCCNCCCl,2-chloro-N-(2-chloroethyl)ethanamine,C4H9Cl2N
ClCCOCCCl,1-chloro-2-(2-chloroethoxy)ethane,C4H8Cl2O
ClCCOP(OCCCl)OCCCl,tris(2-chloroethyl) phosphite,C6H12Cl3O3P
ClCCSCCCl,1-chloro-2-(2-chloroethylsulfanyl)ethane,C4H8Cl2S
ClCCSCc1ccccc1,2-chloroethylsulfanylmethylbenzene,C9H11ClS
ClCCl,dichloromethane,CH2Cl2
ClC[C@H](Cl)CBr,"(2S)-1-bromo-2,3-dichloropropane",C3H5BrCl2
ClC[C@H](Br)CBr,"(2S)-1,2-dibromo-3-chloropropane",C3H5Br2Cl
ClC[C@H]1CO1,(2R)-2-(chloromethyl)oxirane,C3H5ClO
ClC[C@H]1O[C@@H](CCl)O[C@@H](CCl)O1,"2,4,6-tris(chloromethyl)-1,3,5-trioxane",C6H9Cl3O3
ClC[C@]1(C(Cl)Cl)[C@@H]2CC(Cl)(Cl)[C@@]1(CCl)[C@H](Cl)[C@@H]2Cl,,C10H10Cl8
ClCc1c2ccccc2c(CCl)c2ccccc12,"9,10-bis(chloromethyl)anthracene",C16H12Cl2
ClCc1c2ccccc2c2ccc3cccc4ccc1c2c43,6-(chloromethyl)benzo[a]pyrene,C21H13Cl
ClCc1c2ccccc2c(Cl)c2ccccc12,9-chloro-10-(chloromethyl)anthracene,C15H10Cl2
ClCc1c2ccccc2cc2c1ccc1ccccc12,7-(chloromethyl)benzo[a]anthracene,C19H13Cl
ClCc1c2ccccc2cc2ccccc12,9-(chloromethyl)anthracene,C15H11Cl
ClCc1cc2c3c(cccc3c1)-c1ccccc1-2,2-(chloromethyl)fluoranthene,C17H11Cl
ClCc1cc2c3ccccc3cc3ccc4cccc1c4c32,12-(chloromethyl)benzo[a]pyrene,C21H13Cl
ClCc1cc2cc3ccccc3c3ccc4cccc1c4c23,4-(chloromethyl)benzo[a]pyrene,C21H13Cl
ClCc1cc2cccc3ccc4c5ccccc5cc1c4c32,5-(chloromethyl)benzo[a]pyrene,C21H13Cl
ClCc1ccc(Br)cc1,1-bromo-4-(chloromethyl)benzene,C7H6BrCl
ClCc1cc2cccc3ccc4cc5ccccc5c1c4c32,11-(chloromethyl)benzo[a]pyrene,C21H13Cl
ClCc1ccc(CCl)cc1,"1,4-bis(chloromethyl)benzene",C8H8Cl2
ClCc1ccc(Cl)cc1,1-chloro-4-(chloromethyl)benzene,C7H6Cl2
ClCc1ccc2c(c1)-c1cccc3cccc-2c13,8-(chloromethyl)fluoranthene,C17H11Cl
ClCc1ccc2c3c(cccc13)-c1ccccc1-2,3-(chloromethyl)fluoranthene,C17H11Cl
ClCc1ccc2ccc3cc4ccccc4c4ccc1c2c34,1-(chloromethyl)benzo[a]pyrene,C21H13Cl
ClCc1ccc2ccc3cccc4ccc1c2c34,1-(chloromethyl)pyrene,C17H11Cl
ClCc1cccc(CCl)c1,"1,3-bis(chloromethyl)benzene",C8H8Cl2
ClCc1ccc2cccc3c2c1-c1ccccc1-3,1-(chloromethyl)fluoranthene,C17H11Cl
ClCc1cccc2c1-c1cccc3cccc-2c13,7-(chloromethyl)fluoranthene,C17H11Cl
ClCc1cccc2cc3ccc4cccc5ccc(c12)c3c45,10-(chloromethyl)benzo[a]pyrene,C21H13Cl
ClCc1ccccc1CCl,"1,2-bis(chloromethyl)benzene",C8H8Cl2
ClCc1ccccc1,chloromethylbenzene,C7H7Cl
ClCc1ccccn1,2-(chloromethyl)pyridine,C6H6ClN
ClCc1cccnc1,3-(chloromethyl)pyridine,C6H6ClN
ClCc1ccncc1,4-(chloromethyl)pyridine,C6H6ClN
ClCc1cnc(Cl)nc1Cl,"2,4-dichloro-5-(chloromethyl)pyrimidine",C5H3Cl3N2
ClCl,molecular chlorine,Cl2
ClN1C2c3ccccc3-c3ccccc3C21,"1-chloro-1a,9b-dihydrophenanthro[9,10-b]azirine",C14H10ClN
ClNc1ccc2c(c1)Cc1ccccc1-2,N-chloro-9H-fluoren-2-amine,C13H10ClN
ClNc1nc(NCl)nc(NCl)n1,"2-N,4-N,6-N-trichloro-1,3,5-triazine-2,4,6-triamine",C3H3Cl3N6
ClSC(Cl)(Cl)Cl,trichloromethyl thiohypochlorite,CCl4S
Cl[C@@H]1CO1,(2R)-2-chlorooxirane,C2H3ClO
Cl[C@H]1[C@H](Cl)[C@H](Cl)[C@H](Cl)[C@@H](Cl)[C@H]1Cl,"1,2,3,4,5,6-hexachlorocyclohexane",C6H6Cl6
Clc1c(Cl)c(Cl)c(Cl)c(Cl)c1Cl,"1,2,3,4,5,6-hexachlorobenzene",C6Cl6
Clc1c(Cl)c(Cl)c2c(Cl)c(Cl)c(Cl)c(Cl)c2c1Cl,"1,2,3,4,5,6,7,8-octachloronaphthalene",C10Cl8
Clc1c(Cl)c(Cl)c2c(c1Cl)Oc1c(Cl)c(Cl)c(Cl)c(Cl)c1O2,"1,2,3,4,6,7,8,9-octachlorodibenzo-p-dioxin",C12Cl8O2
Clc1c(Cl)c(Cl)c2ccccc2c1Cl,"1,2,3,4-tetrachloronaphthalene",C10H4Cl4
Clc1c2ccccc2cc2ccccc12,9-chloroanthracene,C14H9Cl
Clc1c2ccccc2cc2c1ccc1ccccc12,7-chlorobenzo[a]anthracene,C18H11Cl
Clc1cc(Cl)c(Cl)c(Cl)c1Cl,"1,2,3,4,5-pentachlorobenzene",C6HCl5
Clc1cc(Cl)c(Cl)c(Cl)c1,"1,2,3,5-tetrachlorobenzene",C6H2Cl4
Clc1cc(Cl)cc(Cl)c1,"1,3,5-trichlorobenzene",C6H3Cl3
Clc1cc(Cl)c(Cl)cc1Cl,"1,2,4,5-tetrachlorobenzene",C6H2Cl4
Clc1cc(Cl)nc(Cl)n1,"2,4,6-trichloropyrimidine",C4HCl3N2
Clc1cc2c(cc1Cl)Oc1cc(Cl)c(Cl)cc1O2,"2,3,7,8-tetrachlorodibenzo-p-dioxin",C12H4Cl4O2
Clc1cc2c3ccccc3ccc2c2ccccc12,6-chlorochrysene,C18H11Cl
Clc1cc2ccccc2c2ccccc12,9-chlorophenanthrene,C14H9Cl
Clc1ccc(-c2ccc(Cl)c(Cl)c2Cl)cc1Cl,"1,2,3-trichloro-4-(3,4-dichlorophenyl)benzene",C12H5Cl5
Clc1ccc(-c2nc3ccccc3o2)cc1,"2-(4-chlorophenyl)-1,3-benzoxazole",C13H8ClNO
Clc1ccc(Br)cc1,1-bromo-4-chlorobenzene,C6H4BrCl
Clc1ccc(C(Cl)(Cl)Cl)c(Cl)c1,"2,4-dichloro-1-(trichloromethyl)benzene",C7H3Cl5
Clc1ccc(C(Cl)(Cl)Cl)cc1,1-chloro-4-(trichloromethyl)benzene,C7H4Cl4
Clc1ccc(C(c2ccc(Cl)cc2)C(Cl)(Cl)Cl)cc1,"1-chloro-4-[2,2,2-trichloro-1-(4-chlorophenyl)ethyl]benzene",C14H9Cl5
Clc1ccc(C(c2ccc(Cl)cc2)C(Cl)Cl)cc1,"1-chloro-4-[2,2-dichloro-1-(4-chlorophenyl)ethyl]benzene",C14H10Cl4
Clc1ccc(C(Cl)(Cl)Cl)cc1Cl,"1,2-dichloro-4-(trichloromethyl)benzene",C7H3Cl5
Clc1ccc(C(c2ccccc2Cl)C(Cl)Cl)cc1,"1-chloro-2-[2,2-dichloro-1-(4-chlorophenyl)ethyl]benzene",C14H10Cl4
Clc1ccc(CC2CO2)cc1,2-[(4-chlorophenyl)methyl]oxirane,C9H9ClO
Clc1ccc(CCC2CO2)cc1,2-[2-(4-chlorophenyl)ethyl]oxirane,C10H11ClO
Clc1ccc(CC[C@H]2CO2)cc1,(2S)-2-[2-(4-chlorophenyl)ethyl]oxirane,C10H11ClO
Clc1ccc(CN2C3c4ccccc4-c4ccccc4C32)cc1,"1-[(4-chlorophenyl)methyl]-1a,9b-dihydrophenanthro[9,10-b]azirine",C21H16ClN
Clc1ccc(COC(Cn2ccnc2)c2ccc(Cl)cc2Cl)cc1,"1-[2-[(4-chlorophenyl)methoxy]-2-(2,4-dichlorophenyl)ethyl]imidazole",C18H15Cl3N2O
Clc1ccc(CO[C@H](Cn2ccnc2)c2ccc(Cl)cc2Cl)cc1,"1-[(2S)-2-[(4-chlorophenyl)methoxy]-2-(2,4-dichlorophenyl)ethyl]imidazole",C18H15Cl3N2O
Clc1ccc(CSc2ccc(Cl)cc2)cc1,1-chloro-4-[(4-chlorophenyl)methylsulfanyl]benzene,C13H10Cl2S
Clc1ccc(Cl)c(Cl)c1,"1,2,4-trichlorobenzene",C6H3Cl3
Clc1ccc(Cl)c(Cl)c1Cl,"1,2,3,4-tetrachlorobenzene",C6H2Cl4
Clc1ccc(Cl)cc1,"1,4-dichlorobenzene",C6H4Cl2
Clc1ccc(Cl)nc1,"2,5-dichloropyridine",C5H3Cl2N
Clc1ccc(N=Nc2ccc(Cl)c(Cl)c2)cc1Cl,"bis(3,4-dichlorophenyl)diazene",C12H6Cl4N2
Clc1ccc([C@H](c2ccccc2Cl)C(Cl)Cl)cc1,"1-chloro-2-[(1R)-2,2-dichloro-1-(4-chlorophenyl)ethyl]benzene",C14H10Cl4
Clc1ccc2c(c1)C(c1ccccc1)=NC=C1NN=CN12,"8-chloro-6-phenyl-3H-[1,2,4]triazolo[4,3-a][1,4]benzodiazepine",C16H11ClN4
Clc1ccc2c(c1)C(c1ccccc1)=NCc1nncn1-2,"8-chloro-6-phenyl-4H-[1,2,4]triazolo[4,3-a][1,4]benzodiazepine",C16H11ClN4
Clc1ccc2c(c1)Oc1ccc(Cl)cc1O2,"2,7-dichlorodibenzo-p-dioxin",C12H6Cl2O2
Clc1ccc2c(c1)oc1ccccc12,3-chlorodibenzofuran,C12H7ClO
Clc1ccc2cc3ccccc3cc2c1,2-chloroanthracene,C14H9Cl
Clc1ccc2ccc3cccc4ccc1c2c34,1-chloropyrene,C16H9Cl
Clc1ccc2ccccc2c1,2-chloronaphthalene,C10H7Cl
Clc1ccc2ccccc2n1,2-chloroquinoline,C9H6ClN
Clc1ccc2ncccc2c1,6-chloroquinoline,C9H6ClN
Clc1ccc2oc3ccccc3c2c1,2-chlorodibenzofuran,C12H7ClO
Clc1cccc(-c2nc3ccccc3o2)c1,"2-(3-chlorophenyl)-1,3-benzoxazole",C13H8ClNO
Clc1cccc(Br)c1,1-bromo-3-chlorobenzene,C6H4BrCl
Clc1cccc(C(Cl)(Cl)Cl)n1,2-chloro-6-(trichloromethyl)pyridine,C6H3Cl4N
Clc1cccc(Cl)c1,"1,3-dichlorobenzene",C6H4Cl2
Clc1cccc(Cl)c1Cl,"1,2,3-trichlorobenzene",C6H3Cl3
Clc1cccc(Cl)c1NC1=NCCN1,"N-(2,6-dichlorophenyl)-4,5-dihydro-1H-imidazol-2-amine",C9H9Cl2N3
Clc1cccc(Cl)n1,"2,6-dichloropyridine",C5H3Cl2N
Clc1cccc2c1oc1ccccc12,4-chlorodibenzofuran,C12H7ClO
Clc1cccc2cc3ccccc3cc12,1-chloroanthracene,C14H9Cl
Clc1cccc2ccccc12,1-chloronaphthalene,C10H7Cl
Clc1cccc2cccnc12,8-chloroquinoline,C9H6ClN
Clc1cccc2ncccc12,5-chloroquinoline,C9H6ClN
Clc1cccc2oc3ccccc3c12,1-chlorodibenzofuran,C12H7ClO
Clc1ccccc1Cl,"1,2-dichlorobenzene",C6H4Cl2
Clc1ccccc1,chlorobenzene,C6H5Cl
Clc1ccccn1,2-chloropyridine,C5H4ClN
Clc1cccnc1,3-chloropyridine,C5H4ClN
Clc1cccnc1Cl,"2,3-dichloropyridine",C5H3Cl2N
Clc1ccnc2ccccc12,4-chloroquinoline,C9H6ClN
Clc1ccncc1,4-chloropyridine,C5H4ClN
Clc1cnc(Oc2ccc(Oc3ncc(Cl)cc3Cl)cc2)c(Cl)c1,"3,5-dichloro-2-[4-[(3,5-dichloro-2-pyridinyl)oxy]phenoxy]pyridine",C16H8Cl4N2O2
Clc1cnc2ccccc2c1,3-chloroquinoline,C9H6ClN
Clc1cncc(Cl)c1,"3,5-dichloropyridine",C5H3Cl2N
Clc1nc(Cl)nc(Nc2ccccc2Cl)n1,"4,6-dichloro-N-(2-chlorophenyl)-1,3,5-triazin-2-amine",C9H5Cl3N4
Clc1nc2ccccc2nc1Cl,"2,3-dichloroquinoxaline",C8H4Cl2N2
Clc1nnc(Cl)c2ccccc12,"1,4-dichlorophthalazine",C8H4Cl2N2
Clc1nncc2cccnc12,"8-chloropyrido[2,3-d]pyridazine",C7H4ClN3
Clc1nncc2ccccc12,1-chlorophthalazine,C8H5ClN2
Clc1nncc2ccncc12,"4-chloropyrido[3,4-d]pyridazine",C7H4ClN3
Clc1nncc2cnccc12,"1-chloropyrido[3,4-d]pyridazine",C7H4ClN3
Clc1nncc2ncccc12,"5-chloropyrido[2,3-d]pyridazine",C7H4ClN3
Cn1/c(=N/N)sc2ccccc21,"(Z)-(3-methyl-1,3-benzothiazol-2-ylidene)hydrazine",C8H9N3S
Cn1c(-c2ccccc2)c(N=Nc2scc[n+]2C)c2ccccc21,"(1-methyl-2-phenylindol-3-yl)-(3-methyl-1,3-thiazol-3-ium-2-yl)diazene",C19H17N4S+
Cn1c(=O)c2c(ncn2C)n(C)c1=O,"1,3,7-trimethylpurine-2,6-dione",C8H10N4O2
Cn1c(CC(=O)OCCCl)c(C(=O)O)c2ccccc21,2-[2-(2-chloroethoxy)-2-oxoethyl]-1-methylindole-3-carboxylic acid,C14H14ClNO4
Cn1c(=O)c2nc[nH]c2n(C)c1=O,"1,3-dimethyl-7H-purine-2,6-dione",C7H8N4O2
Cn1c(N)nc2c3ccc(O)nc3ccc21,"2-amino-3-methyl-6H-imidazo[4,5-f]quinolin-7-one",C11H10N4O
Cn1c(N)nc2c3cccnc3ccc21,"3-methylimidazo[4,5-f]quinolin-2-amine",C11H10N4
Cn1c(N)nc2c3ccncc3ccc21,"3-methylimidazo[4,5-f]isoquinolin-2-amine",C11H10N4
Cn1c(N)nc2c3cnccc3ccc21,"3-methylimidazo[4,5-h]isoquinolin-2-amine",C11H10N4
Cn1c(N)nc2c3ncccc3ccc21,"3-methylimidazo[4,5-h]quinolin-2-amine",C11H10N4
Cn1c(N)nc2c3nc(-c4ccccc4)c(-c4ccccc4)nc3ccc21,"3-methyl-7,8-diphenylimidazo[4,5-f]quinoxalin-2-amine",C22H17N5
Cn1c(N)nc2cc(C#N)ccc21,2-amino-1-methylbenzimidazole-5-carbonitrile,C9H8N4
Cn1c(N)nc2cc(Cl)ccc21,5-chloro-1-methylbenzimidazol-2-amine,C8H8ClN3
Cn1c(N)nc2cc(O)ccc21,2-amino-1-methylbenzimidazol-5-ol,C8H9N3O
Cn1c(N)nc2ccc(C#N)cc21,2-amino-3-methylbenzimidazole-5-carbonitrile,C9H8N4
Cn1c(N)nc2cc3ccccc3cc21,3-methylbenzo[f]benzimidazol-2-amine,C12H11N3
Cn1c(N)nc2ccccc21,1-methylbenzimidazol-2-amine,C8H9N3
Cn1c(N)nc2ccc3ncccc3c21,"1-methylimidazo[4,5-f]quinolin-2-amine",C11H10N4
Cn1c(N)nc2nc3ccccc3cc21,"1-methylimidazo[4,5-b]quinolin-2-amine",C11H10N4
Cn1c(N)nc2nc3cccnc3cc21,"1-methylimidazo[4,5-b][1,5]naphthyridin-2-amine",C10H9N5
Cn1c(N)nc2nc3ccncc3cc21,"1-methylimidazo[4,5-b][1,6]naphthyridin-2-amine",C10H9N5
Cn1c(N)nc2nc3cnccc3cc21,"1-methylimidazo[4,5-b][1,7]naphthyridin-2-amine",C10H9N5
Cn1c(N)nc2nc3ncccc3cc21,"1-methylimidazo[4,5-b][1,8]naphthyridin-2-amine",C10H9N5
Cn1c(N)nc2ncc(-c3ccccc3)cc21,"1-methyl-6-phenylimidazo[4,5-b]pyridin-2-amine",C13H12N4
Cn1c(N=[N+]=[N-])nc2c3ccccc3ccc21,2-azido-3-methylbenzo[e]benzimidazole,C12H9N5
Cn1c(N=[N+]=[N-])nc2ccc3ccccc3c21,2-azido-1-methylbenzo[e]benzimidazole,C12H9N5
Cn1c(N=[N+]=[N-])nc2ccc3ncccc3c21,"2-azido-1-methylimidazo[4,5-f]quinoline",C11H8N6
Cn1c(N=[N+]=[N-])nc2ccccc21,2-azido-1-methylbenzimidazole,C8H7N5
Cn1c(N=[N+]=[N-])nc2ncc(-c3ccccc3)cc21,"2-azido-1-methyl-6-phenylimidazo[4,5-b]pyridine",C13H10N6
Cn1c(NO)nc2c3cccnc3ccc21,"N-(3-methylimidazo[4,5-f]quinolin-2-yl)hydroxylamine",C11H10N4O
Cn1c(NO)nc2ncc(-c3ccccc3)cc21,"N-(1-methyl-6-phenylimidazo[4,5-b]pyridin-2-yl)hydroxylamine",C13H12N4O
Cn1c(NS(=O)(=O)O)nc2c3nc(CO)cnc3ccc21,"[8-(hydroxymethyl)-3-methylimidazo[4,5-f]quinoxalin-2-yl]sulfamic acid",C11H11N5O4S
Cn1c([N+](=O)[O-])cnc1-c1nnc(N)s1,"5-(1-methyl-5-nitroimidazol-2-yl)-1,3,4-thiadiazol-2-amine",C6H6N6O2S
Cn1c([N+](=O)[O-])cnc1C(O)c1cc(C(C)(C)C)cc(C(C)(C)C)c1O,"2,4-ditert-butyl-6-[hydroxy-(1-methyl-5-nitroimidazol-2-yl)methyl]phenol",C19H27N3O4
Cn1c([N+](=O)[O-])cnc1C1NC(CO)(CO)CO1,"[4-(hydroxymethyl)-2-(1-methyl-5-nitroimidazol-2-yl)-1,3-oxazolidin-4-yl]methanol",C9H14N4O5
Cn1c([N+](=O)[O-])cnc1COC(N)=O,(1-methyl-5-nitroimidazol-2-yl)methyl carbamate,C6H8N4O4
Cn1c([N+](=O)[O-])cnc1[C@H]1NC(CO)(CO)CO1,,C9H14N4O5
Cn1c([N+](=O)[O-])nc2c3cccnc3ccc21,"3-methyl-2-nitroimidazo[4,5-f]quinoline",C11H8N4O2
Cn1c([N+](=O)[O-])nc2ccccc21,1-methyl-2-nitrobenzimidazole,C8H7N3O2
Cn1c([N+](=O)[O-])nc2ncc(-c3ccccc3)cc21,"1-methyl-2-nitro-6-phenylimidazo[4,5-b]pyridine",C13H10N4O2
Cn1c2ccc3ccccc3c2c2c3ccccc3ccc21,"12-methyl-12-azapentacyclo[11.8.0.02,11.03,8.016,21]henicosa-1(13),2(11),3,5,7,9,14,16,18,20-decaene",C21H15N
Cn1c2ccc3cc2c(=S)c2cc(ccc21)OCCOCCOCCOCCOCCOCCO3,"32-methyl-8,11,14,17,20,23,26-heptaoxa-32-azatetracyclo[25.3.1.13,7.14,30]tritriaconta-1(30),3,5,7(33),27(31),28-hexaene-2-thione",C26H33NO7S
Cn1c2ccccc2c2cc(N)ccc21,9-methylcarbazol-3-amine,C13H12N2
Cn1c2ccccc2c(=O)c2c(O)cc3c(c21)CC(C1(C)CO1)O3,"5-hydroxy-11-methyl-2-(2-methyloxiran-2-yl)-1,2-dihydrofuro[2,3-c]acridin-6-one",C19H17NO4
Cn1c2ccccc2c2cc([N+](=O)[O-])ccc21,9-methyl-3-nitrocarbazole,C13H10N2O2
Cn1c2ccccc2c2ccc([N+](=O)[O-])cc21,9-methyl-2-nitrocarbazole,C13H10N2O2
Cn1c2ccccc2c2ccccc21,9-methylcarbazole,C13H11N
Cn1c2ccccc2c2nn[n+]([O-])c(C(=O)OCCCl)c21,"2-chloroethyl 5-methyl-3-oxidotriazino[5,4-b]indol-3-ium-4-carboxylate",C13H11ClN4O3
Cn1cc(CC2(O)C(=O)CC3C(O)COC32O)c2ccccc21,,C17H19NO5
Cn1cc2ccc([N+](=O)[O-])cc2n1,2-methyl-6-nitroindazole,C8H7N3O2
Cn1cc2cccc([N+](=O)[O-])c2n1,2-methyl-7-nitroindazole,C8H7N3O2
Cn1ccc2c3c(ccc4ccc(O)cc43)ccc21,"3-methylnaphtho[1,2-e]indol-10-ol",C17H13NO
Cn1ccc2ccc3ccc4ccc(O)cc4c3c21,"1-methylnaphtho[2,1-g]indol-10-ol",C17H13NO
Cn1cccc1,1-methylpyrrole,C5H7N
Cn1ccnc1N=O,1-methyl-2-nitrosoimidazole,C4H5N3O
Cn1ccnc1S,3-methyl-1H-imidazole-2-thione,C4H6N2S
Cn1ccnc1[N+](=O)[O-],1-methyl-2-nitroimidazole,C4H5N3O2
Cn1cnc(-c2ccccc2)c1N=O,1-methyl-5-nitroso-4-phenylimidazole,C10H9N3O
Cn1cnc(-c2ccccc2)c1[N+](=O)[O-],1-methyl-5-nitro-4-phenylimidazole,C10H9N3O2
Cn1cnc(N=O)c1-c1ccccc1,1-methyl-4-nitroso-5-phenylimidazole,C10H9N3O
Cn1cnc([N+](=O)[O-])c1-c1ccccc1,1-methyl-4-nitro-5-phenylimidazole,C10H9N3O2
Cn1cnc([N+](=O)[O-])c1Sc1[nH]cnc2ncnc1-2,6-(3-methyl-5-nitroimidazol-4-yl)sulfanyl-7H-purine,C9H7N7O2S
Cn1cnc2c(N)ncnc21,9-methylpurin-6-amine,C6H7N5
Cn1cnc2c(=N)[n+](=O)[cH-][nH]c21,1-hydroxy-9-methylpurin-6-imine,C6H7N5O
Cn1cnc2c(NO)ncnc21,N-(9-methylpurin-6-yl)hydroxylamine,C6H7N5O
Cn1cnc2c1c(=O)[nH]c(=O)n2C,"3,7-dimethylpurine-2,6-dione",C7H8N4O2
Cn1cnc2c3cccnc3ccc21,"3-methylimidazo[4,5-f]quinoline",C11H9N3
Cn1cnc2cc([N+](=O)[O-])ccc21,1-methyl-5-nitrobenzimidazole,C8H7N3O2
Cn1cncc1[N+](=O)[O-],1-methyl-5-nitroimidazole,C4H5N3O2
Cn1cnc2ccc([N+](=O)[O-])cc21,1-methyl-6-nitrobenzimidazole,C8H7N3O2
Cn1sc(Cl)cc1=O,"5-chloro-2-methyl-1,2-thiazol-3-one",C4H4ClNOS
Cn1nc(C2CC2)cc1N,3-cyclopropyl-1-methylpyrazol-5-amine,C7H11N3
FC(C(F)(F)F)C(F)(F)F,"1,1,1,2,3,3,3-heptafluoropropane",C3HF7
FC(Cl)(Cl)C(F)(Cl)Cl,"1,1,2,2-tetrachloro-1,2-difluoroethane",C2Cl4F2
FC(Cl)C(F)(F)C(F)(F)Cl,"1,3-dichloro-1,1,2,2,3-pentafluoropropane",C3HCl2F5
FC(Cl)(Cl)Cl,trichloro(fluoro)methane,CCl3F
FC(Cl)C(F)(F)F,"2-chloro-1,1,1,2-tetrafluoroethane",C2HClF4
FC(F)(Cl)C(F)(F)Cl,"1,2-dichloro-1,1,2,2-tetrafluoroethane",C2Cl2F4
FC(F)(Cl)Br,bromo-chloro-difluoromethane,CBrClF2
FC(F)(F)C(Cl)Br,"2-bromo-2-chloro-1,1,1-trifluoroethane",C2HBrClF3
FC(F)(F)C(F)(F)C(Cl)Cl,"3,3-dichloro-1,1,1,2,2-pentafluoropropane",C3HCl2F5
FC(F)(F)C(F)(F)C(F)(F)C(F)(F)I,"1,1,1,2,2,3,3,4,4-nonafluoro-4-iodobutane",C4F9I
FC(F)(F)C(F)(F)Cl,"1-chloro-1,1,2,2,2-pentafluoroethane",C2ClF5
FC(F)(F)CCl,"2-chloro-1,1,1-trifluoroethane",C2H2ClF3
FC(F)(F)I,trifluoro(iodo)methane,CF3I
FC(F)(F)[C@H](Cl)Br,"(2R)-2-bromo-2-chloro-1,1,1-trifluoroethane",C2HBrClF3
FC(F)(F)c1ccc(CCl)cc1,1-(chloromethyl)-4-(trifluoromethyl)benzene,C8H6ClF3
FC(F)(F)c1ccc(Cl)cc1,1-chloro-4-(trifluoromethyl)benzene,C7H4ClF3
FC(F)(F)c1cccc(CN2C3c4ccccc4-c4ccccc4C32)c1,,C22H16F3N
FC(F)(F)c1cccc(Cl)c1,1-chloro-3-(trifluoromethyl)benzene,C7H4ClF3
FC(F)(F)c1ccccc1,trifluoromethylbenzene,C7H5F3
FC(F)(F)c1ccccc1Cl,1-chloro-2-(trifluoromethyl)benzene,C7H4ClF3
FC(F)=C(F)Cl,"1-chloro-1,2,2-trifluoroethene",C2ClF3
FC(F)=C(F)F,"1,1,2,2-tetrafluoroethene",C2F4
FC(F)C(F)(F)F,"1,1,1,2,2-pentafluoroethane",C2HF5
FC(F)C(F)C(F)(F)F,"1,1,1,2,3,3-hexafluoropropane",C3H2F6
FC(F)OC(Cl)C(F)(F)F,"2-chloro-2-(difluoromethoxy)-1,1,1-trifluoroethane",C3H2ClF5O
FC(F)OC(F)(F)C(F)Cl,"2-chloro-1-(difluoromethoxy)-1,1,2-trifluoroethane",C3H2ClF5O
FCC1CO1,2-(fluoromethyl)oxirane,C3H5FO
FCC(F)(F)F,"1,1,1,2-tetrafluoroethane",C2H2F4
Fc1c(F)c(Cl)c(F)c(Cl)c1F,"1,3-dichloro-2,4,5,6-tetrafluorobenzene",C6Cl2F4
FC[C@H]1CO1,(2R)-2-(fluoromethyl)oxirane,C3H5FO
Fc1c(F)c(F)c(Cl)c(F)c1F,"1-chloro-2,3,4,5,6-pentafluorobenzene",C6ClF5
Fc1cc(F)c2cccnc2c1,"5,7-difluoroquinoline",C9H5F2N
Fc1cc(F)c2ncccc2c1,"6,8-difluoroquinoline",C9H5F2N
Fc1cc2ccccc2c2ncccc12,5-fluorobenzo[h]quinoline,C13H8FN
Fc1cc2cccnc2c2ccccc12,6-fluorobenzo[h]quinoline,C13H8FN
Fc1cc2cccnc2c2cccnc12,"6-fluoro-1,7-phenanthroline",C12H7FN2
Fc1cc2cccnc2c2ncccc12,"5-fluoro-1,10-phenanthroline",C12H7FN2
Fc1ccc(CCl)cc1,1-(chloromethyl)-4-fluorobenzene,C7H6ClF
Fc1ccc(CN2C3c4ccccc4-c4ccccc4C32)cc1,"1-[(4-fluorophenyl)methyl]-1a,9b-dihydrophenanthro[9,10-b]azirine",C21H16FN
Fc1ccc(F)c2c1ccc1cccnc12,"7,10-difluorobenzo[h]quinoline",C13H7F2N
Fc1ccc(F)c2c1ccc1ncccc12,"7,10-difluorobenzo[f]quinoline",C13H7F2N
Fc1ccc2c3c(ccc2c1)-c1cccc2cccc-3c12,"6-fluoropentacyclo[10.7.1.02,11.03,8.016,20]icosa-1(19),2(11),3(8),4,6,9,12,14,16(20),17-decaene",C20H11F
Fc1ccc(F)c2ncccc12,"5,8-difluoroquinoline",C9H5F2N
Fc1ccc2c3c(cccc13)-c1c-2ccc2ccccc12,"15-fluoropentacyclo[10.7.1.02,11.03,8.016,20]icosa-1(19),2(11),3,5,7,9,12(20),13,15,17-decaene",C20H11F
Fc1ccc2c3c(cccc13)-c1cc3ccccc3cc1-2,3-fluorobenzo[k]fluoranthene,C20H11F
Fc1ccc2c3c(cccc13)-c1ccc3ccccc3c1-2,"17-fluoropentacyclo[10.7.1.02,11.03,8.016,20]icosa-1(20),2(11),3,5,7,9,12,14,16,18-decaene",C20H11F
Fc1ccc2cc3c(cc2c1)-c1cccc2cccc-3c12,9-fluorobenzo[k]fluoranthene,C20H11F
Fc1ccc2ccc3cccnc3c2c1,9-fluorobenzo[h]quinoline,C13H8FN
Fc1ccc2ccccc2n1,2-fluoroquinoline,C9H6FN
Fc1ccc2cccnc2c1,7-fluoroquinoline,C9H6FN
Fc1ccc2cccnc2c1F,"7,8-difluoroquinoline",C9H5F2N
Fc1ccc2ncccc2c1,6-fluoroquinoline,C9H6FN
Fc1ccc2ncccc2c1F,"5,6-difluoroquinoline",C9H5F2N
Fc1cccc(F)n1,"2,6-difluoropyridine",C5H3F2N
Fc1cccc2c1ccc1cccnc12,7-fluorobenzo[h]quinoline,C13H8FN
Fc1cccc2c1ccc1ncccc12,7-fluorobenzo[f]quinoline,C13H8FN
Fc1cccc2c3c(ccc12)-c1cccc2cccc-3c12,"7-fluoropentacyclo[10.7.1.02,11.03,8.016,20]icosa-1(19),2(11),3(8),4,6,9,12,14,16(20),17-decaene",C20H11F
Fc1cccc2cc3c(cc12)-c1cccc2cccc-3c12,8-fluorobenzo[k]fluoranthene,C20H11F
Fc1cccc2cccnc12,8-fluoroquinoline,C9H6FN
Fc1cccc2ccc3ncccc3c12,10-fluorobenzo[f]quinoline,C13H8FN
Fc1ccccc1,fluorobenzene,C6H5F
Fc1cccc2ncccc12,5-fluoroquinoline,C9H6FN
Fc1ccccc1-c1ccccc1,1-fluoro-2-phenylbenzene,C12H9F
Fc1ccccn1,2-fluoropyridine,C5H4FN
Fc1ccnc2ccccc12,4-fluoroquinoline,C9H6FN
Fc1cccnc1,3-fluoropyridine,C5H4FN
Fc1cnc2c(ccc3ccccc32)c1,3-fluorobenzo[h]quinoline,C13H8FN
Fc1cnc2c(c1)cc(F)c1ccccc12,"3,6-difluorobenzo[h]quinoline",C13H7F2N
Fc1cnc2ccc3ccccc3c2c1,2-fluorobenzo[f]quinoline,C13H8FN
Fc1cnc2c(ccc3ncc(F)cc32)c1,"3,9-difluoro-1,7-phenanthroline",C12H6F2N2
Fc1cnc2ccc3cccnc3c2c1,"9-fluoro-1,7-phenanthroline",C12H7FN2
Fc1cnc2cccc(F)c2c1,"3,5-difluoroquinoline",C9H5F2N
IC(I)I,iodoform,CHI3
ICCc1ccc(OCc2ccccc2)cc1,1-(2-iodoethyl)-4-phenylmethoxybenzene,C15H15IO
Fc1cnc2ccccc2c1,3-fluoroquinoline,C9H6FN
ICI,diiodomethane,CH2I2
N#C/C(=C\C=C\c1ccccc1)c1ccc(Cl)cc1,"(2Z,4E)-2-(4-chlorophenyl)-5-phenylpenta-2,4-dienenitrile",C17H12ClN
ICCc1ccccc1,2-iodoethylbenzene,C8H9I
N#C/C(=C\C=C\c1ccccc1)c1ccc(F)cc1,"(2Z,4E)-2-(4-fluorophenyl)-5-phenylpenta-2,4-dienenitrile",C17H12FN
N#C/C(=C\C=C\c1ccccc1[N+](=O)[O-])c1ccc(Br)cc1,"(2Z,4E)-2-(4-bromophenyl)-5-(2-nitrophenyl)penta-2,4-dienenitrile",C17H11BrN2O2
N#C/C(N)=C(\N)C#N,"(E)-2,3-diaminobut-2-enedinitrile",C4H4N4
N#C/C=C\C#N,(Z)-but-2-enedinitrile,C4H2N2
N#CC(Br)Br,"2,2-dibromoacetonitrile",C2HBr2N
N#CC(=N)C(N)C#N,2-amino-2-cyanoethanimidoyl cyanide,C4H4N4
N#CC(C#N)=C(C#N)C#N,"ethene-1,1,2,2-tetracarbonitrile",C6N4
N#CC(C#N)=Cc1ccc([N+](=O)[O-])o1,2-[(5-nitrofuran-2-yl)methylidene]propanedinitrile,C8H3N3O3
N#CC(C#N)=Cc1ccccc1Cl,2-[(2-chlorophenyl)methylidene]propanedinitrile,C10H5ClN2
N#CC(Cl)(Cl)Cl,"2,2,2-trichloroacetonitrile",C2Cl3N
N#CC(Cl)Br,2-bromo-2-chloroacetonitrile,C2HBrClN
N#CC(Cl)Cl,"2,2-dichloroacetonitrile",C2HCl2N
N#CC(O)c1ccccc1,2-hydroxy-2-phenylacetonitrile,C8H7NO
N#CC1(O)CCCCC1,1-hydroxycyclohexane-1-carbonitrile,C7H11NO
N#CC1=C(C#N)C(=O)C(Cl)=C(Cl)C1=O,"4,5-dichloro-3,6-dioxocyclohexa-1,4-diene-1,2-dicarbonitrile",C8Cl2N2O2
N#CC1=C(C#N)SCCS1,"2,3-dihydro-1,4-dithiine-5,6-dicarbonitrile",C6H4N2S2
N#CC1=Cc2cccc3cccc1c23,acenaphthylene-1-carbonitrile,C13H7N
N#CCBr,2-bromoacetonitrile,C2H2BrN
N#CCC#N,propanedinitrile,C3H2N2
N#CCCC#N,butanedinitrile,C4H4N2
N#CCCC(=O)/C=C/c1ccc(C(=O)O)cc1,4-[(E)-5-cyano-3-oxopent-1-enyl]benzoic acid,C13H11NO3
N#CCCC(=O)CCc1ccc(C(=O)O)cc1,4-(5-cyano-3-oxopentyl)benzoic acid,C13H13NO3
N#CCCC(Br)(C#N)CBr,2-bromo-2-(bromomethyl)pentanedinitrile,C6H6Br2N2
N#CCCCCC#N,hexanedinitrile,C6H8N2
N#CCCN,3-aminopropanenitrile,C3H6N2
N#CCCNCCC#N,3-(2-cyanoethylamino)propanenitrile,C6H9N3
N#CCCO,3-hydroxypropanenitrile,C3H5NO
N#CCC[C@](Br)(C#N)CBr,(2S)-2-bromo-2-(bromomethyl)pentanedinitrile,C6H6Br2N2
N#CCCl,2-chloroacetonitrile,C2H2ClN
N#CCO,2-hydroxyacetonitrile,C2H3NO
N#CCc1ccc(Cl)cc1,2-(4-chlorophenyl)acetonitrile,C8H6ClN
N#CCc1ccccc1[N+](=O)[O-],2-(2-nitrophenyl)acetonitrile,C8H6N2O2
N#CCc1ccccc1,2-phenylacetonitrile,C8H7N
N#CCc1cn(N=O)c2ccccc12,2-(1-nitrosoindol-3-yl)acetonitrile,C10H7N3O
N#CCl,carbononitridic chloride,CClN
N#CNC(=N)N,2-cyanoguanidine,C2H4N4
N#CSCSC#N,thiocyanatomethyl thiocyanate,C3H2N2S2
N#CSc1ccc([N+](=O)[O-])cc1[N+](=O)[O-],"(2,4-dinitrophenyl) thiocyanate",C7H3N3O4S
N#C[C@@H](Cl)Br,(2S)-2-bromo-2-chloroacetonitrile,C2HBrClN
N#Cc1c(Cl)c(Cl)c(Cl)c(C#N)c1Cl,"2,4,5,6-tetrachlorobenzene-1,3-dicarbonitrile",C8Cl4N2
N#C[C@@H](O)c1ccccc1,(2S)-2-hydroxy-2-phenylacetonitrile,C8H7NO
N#Cc1c(Cl)cccc1Cl,"2,6-dichlorobenzonitrile",C7H3Cl2N
N#Cc1cc(Br)c(O)c(Br)c1,"3,5-dibromo-4-hydroxybenzonitrile",C7H3Br2NO
N#Cc1cc(I)c(O)c([N+](=O)[O-])c1,4-hydroxy-3-iodo-5-nitrobenzonitrile,C7H3IN2O3
N#Cc1cc([N+](=O)[O-])ccc1N,2-amino-5-nitrobenzonitrile,C7H5N3O2
N#Cc1ccc(/C=C/c2ccc(N)cc2)cc1,4-[(E)-2-(4-aminophenyl)ethenyl]benzonitrile,C15H12N2
N#Cc1cc([N+](=O)[O-])ccc1N=Nc1ccc(N(CCO)CCO)cc1,2-[[4-[bis(2-hydroxyethyl)amino]phenyl]diazenyl]-5-nitrobenzonitrile,C17H17N5O4
N#Cc1ccc(C(=O)ON(OCc2ccccc2)C(=O)c2ccccc2)cc1,[benzoyl(phenylmethoxy)amino] 4-cyanobenzoate,C22H16N2O4
N#Cc1ccc(/C=C/c2ccc([N+](=O)[O-])cc2)cc1,4-[(E)-2-(4-nitrophenyl)ethenyl]benzonitrile,C15H10N2O2
N#Cc1ccc(CO)cc1,4-(hydroxymethyl)benzonitrile,C8H7NO
N#Cc1ccc(CCl)cc1,4-(chloromethyl)benzonitrile,C8H6ClN
N#Cc1ccc(C[C@@]23C[C@H](N=[N+]=[N-])CN2C(=O)N(c2cc(Cl)cc(Cl)c2)C3=O)cc1,"4-[[(6S,7aS)-6-azido-2-(3,5-dichlorophenyl)-1,3-dioxo-6,7-dihydro-5H-pyrrolo[1,2-c]imidazol-7a-yl]methyl]benzonitrile",C20H14Cl2N6O2
N#Cc1ccc([N+](=O)[O-])cc1,4-nitrobenzonitrile,C7H4N2O2
N#Cc1cccc(/C=C/c2ccc(N)cc2)c1,3-[(E)-2-(4-aminophenyl)ethenyl]benzonitrile,C15H12N2
N#Cc1ccc2[nH]c(N)nc2c1,2-amino-3H-benzimidazole-5-carbonitrile,C8H6N4
N#Cc1cccc(C#N)c1,"benzene-1,3-dicarbonitrile",C8H4N2
N#Cc1cccc(/C=C/c2ccc([N+](=O)[O-])cc2)c1,3-[(E)-2-(4-nitrophenyl)ethenyl]benzonitrile,C15H10N2O2
N#Cc1cccc([N+](=O)[O-])c1,3-nitrobenzonitrile,C7H4N2O2
N#Cc1cccc2c([N+](=O)[O-])cccc12,5-nitronaphthalene-1-carbonitrile,C11H6N2O2
N#Cc1cccc2cccnc12,quinoline-8-carbonitrile,C10H6N2
N#Cc1ccccc1,benzonitrile,C7H5N
N#Cc1ccccc1C#N,"benzene-1,2-dicarbonitrile",C8H4N2
N#Cc1ccccc1[N+](=O)[O-],2-nitrobenzonitrile,C7H4N2O2
N#[N+]c1cccc2c1C(=O)c1ccccc1C2=O,"9,10-dioxoanthracene-1-diazonium",C14H7N2O2+
N#[N+]c1ccc([N+](=O)[O-])cc1,4-nitrobenzenediazonium,C6H4N3O2+
N#[N+]c1nc[nH]c1C(N)=O,5-carbamoyl-1H-imidazole-4-diazonium,C4H4N5O+
N/C(=N\O)c1cc(O)c(O)c(O)c1,"N',3,4,5-tetrahydroxybenzenecarboximidamide",C7H8N2O4
N/C(=N\O)c1ccc(O)c(O)c1,"N',3,4-trihydroxybenzenecarboximidamide",C7H8N2O3
N/C(=N\O)c1ccc([N+](=O)[O-])o1,N'-hydroxy-5-nitrofuran-2-carboximidamide,C5H5N3O4
N/C(=N\O)c1ccccc1,N'-hydroxybenzenecarboximidamide,C7H8N2O
N/C(=N\OC1OC(C(=O)O)C(O)C(O)C1O)c1ccccc1,,C13H16N2O7
N/C(=N\OS(=O)(=O)O)c1ccccc1,,C7H8N2O4S
N/N=C1\N=NC=C2C=CC=C[C@@H]21,(Z)-[(8aS)-8aH-phthalazin-1-ylidene]hydrazine,C8H8N4
N1=NC2C3OC3C1C1OC21,"3,7-dioxa-9,10-diazatetracyclo[3.3.2.02,4.06,8]dec-9-ene",C6H6N2O2
N=C(N)N,guanidine,CH5N3
N=C(N)N=C(N)NCCc1ccccc1,1-(diaminomethylidene)-2-(2-phenylethyl)guanidine,C10H15N5
N=C(N)NC(=O)c1nc(Cl)c(N)nc1N,"3,5-diamino-6-chloro-N-(diaminomethylidene)pyrazine-2-carboxamide",C6H8ClN7O
N=C(N)NNc1ccc(N=NC(N)=S)cc1,[4-[2-(diaminomethylidene)hydrazinyl]phenyl]iminothiourea,C8H11N7S
N=C(N)NN=C(/C=C\c1ccc([N+](=O)[O-])o1)/C=C\c1ccc([N+](=O)[O-])o1,"2-[[(1Z,4Z)-1,5-bis(5-nitrofuran-2-yl)penta-1,4-dien-3-ylidene]amino]guanidine",C14H12N6O6
N=C(N)NS(=O)(=O)c1ccc(N)cc1,2-(4-aminophenyl)sulfonylguanidine,C7H10N4O2S
N=C(N)S(=O)O,amino(imino)methanesulfinic acid,CH4N2O2S
N=C(N)c1cc2ccc(Br)cc2[nH]1,6-bromo-1H-indole-2-carboximidamide,C9H8BrN3
N=C(N)c1ccc(-c2cc3ccc(C(=N)N)cc3[nH]2)cc1,2-(4-carbamimidoylphenyl)-1H-indole-6-carboximidamide,C16H15N5
N=C(N)c1ccc(-c2cc3ccc(C(=N)N)cc3s2)cc1,2-(4-carbamimidoylphenyl)-1-benzothiophene-6-carboximidamide,C16H14N4S
N=C(N)c1ccc(OCCCCCOc2ccc(C(=N)N)cc2)cc1,4-[5-(4-carbamimidoylphenoxy)pentoxy]benzenecarboximidamide,C19H24N4O2
N=C(N)c1ccc2c(N)c(C(=N)N)[nH]c2c1,"3-amino-1H-indole-2,6-dicarboximidamide",C10H12N6
N=C(N)c1ccc2cc(C(=N)N)[nH]c2c1,"1H-indole-2,6-dicarboximidamide",C10H11N5
N=C(N)c1ccccc1,benzenecarboximidamide,C7H8N2
N=C(Nc1ccccc1)Nc1ccccc1,"1,2-diphenylguanidine",C13H13N3
N=C1C=CC(=C(c2ccc(N)cc2)c2ccc(N)cc2)C=C1,"4-[(4-aminophenyl)-(4-iminocyclohexa-2,5-dien-1-ylidene)methyl]aniline",C19H17N3
N=C1CC(=O)C(=O)c2ccccc21,"4-iminonaphthalene-1,2-dione",C10H7NO2
N=C1CCC(=N)c2c1c(O)c1ccccc1c2O,"1,4-diimino-2,3-dihydroanthracene-9,10-diol",C14H12N2O2
N=C1NC(=O)N(C2CC(O)C(CO)O2)CC1=O,,C9H13N3O5
N=C1NC(=O)N(C2OC(CO)C(O)C2O)CC1=O,"6-amino-3-[3,4-dihydroxy-5-(hydroxymethyl)oxolan-2-yl]-4H-pyrimidine-2,5-dione",C9H13N3O6
N=NC1=NNC=C2C=CC=CC21,8aH-phthalazin-1-ylidenehydrazine,C8H8N4
N=NCCCO,3-diazenylpropan-1-ol,C3H8N2O
N=P(O)(O)N(CCCl)CCCl,,C4H11Cl2N2O2P
N=NCO,diazenylmethanol,CH4N2O
N=c1cc2oc3cc(N)ccc3nc-2c2ccccc12,9-iminobenzo[a]phenoxazin-5-amine,C16H11N3O
N=P(O)(OCCC(=O)O)N(CCCl)CCCl,,C7H15Cl2N2O4P
N=c1ccn(C2CCC(CO)O2)c(=O)[nH]1,4-amino-1-[5-(hydroxymethyl)oxolan-2-yl]pyrimidin-2-one,C9H13N3O3
N=c1ccc2c(-c3ccccc3C(=O)O)c3ccc(N)cc3oc-2c1,2-(3-amino-6-iminoxanthen-9-yl)benzoic acid,C20H14N2O3
N=c1ccn2c(n1)O[C@@H]1[C@@H]2O[C@H](CO)[C@H]1O,"(2S,4R,5R,6S)-4-(hydroxymethyl)-10-imino-3,7-dioxa-1,9-diazatricyclo[6.4.0.02,6]dodeca-8,11-dien-5-ol",C9H11N3O4
N=c1ccn2c(n1)OC1C(O)C(CO)OC12,"4-(hydroxymethyl)-10-imino-3,7-dioxa-1,9-diazatricyclo[6.4.0.02,6]dodeca-8,11-dien-5-ol",C9H11N3O4
NC(=O)/C=C/c1ccc([N+](=O)[O-])o1,(E)-3-(5-nitrofuran-2-yl)prop-2-enamide,C7H6N2O4
NC(=O)/C(=C\c1ccc([N+](=O)[O-])o1)c1ccco1,(Z)-2-(furan-2-yl)-3-(5-nitrofuran-2-yl)prop-2-enamide,C11H8N2O5
NC(=O)C1(C(N)=O)O[C@H]1C(=O)c1ccccc1,"(3R)-3-benzoyloxirane-2,2-dicarboxamide",C11H10N2O4
NC(=O)C1(C(N)=O)OC1C(=O)c1ccccc1,"3-benzoyloxirane-2,2-dicarboxamide",C11H10N2O4
NC(=O)C1CCCN1C(=O)C(Cc1c[nH]cn1)NC(=O)C1CCC(=O)N1,N-[1-(2-carbamoylpyrrolidin-1-yl)-3-(1H-imidazol-5-yl)-1-oxopropan-2-yl]-5-oxopyrrolidine-2-carboxamide,C16H22N6O4
NC(=O)C12OC1C(O)(c1ccccc1)NC2=O,4-hydroxy-2-oxo-4-phenyl-6-oxa-3-azabicyclo[3.1.0]hexane-1-carboxamide,C11H10N2O4
NC(=O)C1CO1,oxirane-2-carboxamide,C3H5NO2
NC(=O)CBr,2-bromoacetamide,C2H4BrNO
NC(=O)CC1CO1,2-(oxiran-2-yl)acetamide,C4H7NO2
NC(=O)CCCCC(N)=O,hexanediamide,C6H12N2O2
NC(=O)CI,2-iodoacetamide,C2H4INO
NC(=O)CN1CC(O)CC1=O,2-(4-hydroxy-2-oxopyrrolidin-1-yl)acetamide,C6H10N2O3
NC(=O)CN1C[C@H](O)CC1=O,2-[(4R)-4-hydroxy-2-oxopyrrolidin-1-yl]acetamide,C6H10N2O3
NC(=O)CNC(=O)N(CCCl)N=O,2-[[2-chloroethyl(nitroso)carbamoyl]amino]acetamide,C5H9ClN4O3
NC(=O)Cc1cccc2ccccc12,2-naphthalen-1-ylacetamide,C12H11NO
NC(=O)C[C@H]1CO1,2-[(2S)-oxiran-2-yl]acetamide,C4H7NO2
NC(=O)N(CC(=O)O)N=O,2-[carbamoyl(nitroso)amino]acetic acid,C3H5N3O4
NC(=O)N(CCC(=O)O)N=O,3-[carbamoyl(nitroso)amino]propanoic acid,C4H7N3O4
NC(=O)N(CCCC(=O)O)N=O,4-[carbamoyl(nitroso)amino]butanoic acid,C5H9N3O4
NC(=O)N(CCCC(N)C(=O)O)N=O,2-amino-5-[carbamoyl(nitroso)amino]pentanoic acid,C6H12N4O4
NC(=O)N(CCC[C@@H](N)C(=O)O)N=O,(2R)-2-amino-5-[carbamoyl(nitroso)amino]pentanoic acid,C6H12N4O4
NC(=O)N(CCO)N=O,1-(2-hydroxyethyl)-1-nitrosourea,C3H7N3O3
NC(=O)N(c1ccccc1)c1ccc(C(=O)O)cc1,4-(N-carbamoylanilino)benzoic acid,C14H12N2O3
NC(=O)N(c1ccccc1)c1ccccc1,"1,1-diphenylurea",C13H12N2O
NC(=O)N/N=C/C(=O)O,(2E)-2-(carbamoylhydrazinylidene)acetic acid,C3H5N3O3
NC(=O)N/N=C/c1ccc([N+](=O)[O-])o1,[(E)-(5-nitrofuran-2-yl)methylideneamino]urea,C6H6N4O4
NC(=O)N=NC(N)=O,carbamoyliminourea,C2H4N4O2
NC(=O)NCC(=O)O,2-(carbamoylamino)acetic acid,C3H6N2O3
NC(=O)NNC(N)=O,(carbamoylamino)urea,C2H6N4O2
NC(=O)NO,hydroxyurea,CH4N2O2
NC(=O)Nc1cccc2cccnc12,quinolin-8-ylurea,C10H9N3O
NC(=O)Nc1nc2ccccc2[nH]1,1H-benzimidazol-2-ylurea,C8H8N4O
NC(=O)OC1CO1,oxiran-2-yl carbamate,C3H5NO3
NC(=O)OCC1C(NC(=O)/C(=N\OCC(=O)O)c2csc(N)n2)C(=O)N1S(=O)(=O)O,"2-[(Z)-[1-(2-amino-1,3-thiazol-4-yl)-2-[[2-(carbamoyloxymethyl)-4-oxo-1-sulfoazetidin-3-yl]amino]-2-oxoethylidene]amino]oxyacetic acid",C12H14N6O10S2
NC(=O)c1cc(N2CC2)c([N+](=O)[O-])cc1[N+](=O)[O-],"5-(aziridin-1-yl)-2,4-dinitrobenzamide",C9H8N4O5
NC(=O)c1cc[n+](COC[n+]2ccccc2/C=N/O)cc1,1-[[2-[(E)-hydroxyiminomethyl]pyridin-1-ium-1-yl]methoxymethyl]pyridin-1-ium-4-carboxamide,C14H16N4O3+2
NC(=O)c1ccc([N+](=O)[O-])cc1,4-nitrobenzamide,C7H6N2O3
NC(=O)c1cccc([N+](=O)[O-])c1,3-nitrobenzamide,C7H6N2O3
NC(=O)c1ccc(N)cc1,4-aminobenzamide,C7H8N2O
NC(=O)c1ccccc1C(N)=O,"benzene-1,2-dicarboxamide",C8H8N2O2
NC(=O)c1ccccc1,benzamide,C7H7NO
NC(=O)c1ccccc1O,2-hydroxybenzamide,C7H7NO2
NC(=O)c1ccccc1[N+](=O)[O-],2-nitrobenzamide,C7H6N2O3
NC(=O)c1cccnc1,pyridine-3-carboxamide,C6H6N2O
NC(=O)c1cnccn1,pyrazine-2-carboxamide,C5H5N3O
NC(=O)c1csc([N+](=O)[O-])c1,5-nitrothiophene-3-carboxamide,C5H4N2O3S
NC(=O)c1ncn(C2OC(CO)C(O)C2O)n1,"1-[3,4-dihydroxy-5-(hydroxymethyl)oxolan-2-yl]-1,2,4-triazole-3-carboxamide",C8H12N4O5
NC(=O)c1ncn([C@@H]2O[C@H](CO)[C@@H](O)[C@H]2O)n1,"1-[(2R,3R,4S,5R)-3,4-dihydroxy-5-(hydroxymethyl)oxolan-2-yl]-1,2,4-triazole-3-carboxamide",C8H12N4O5
NC(=S)NNC(N)=S,(carbamothioylamino)thiourea,C2H6N4S2
NC(=S)Nc1cccc2ccccc12,naphthalen-1-ylthiourea,C11H10N2S
NC(=S)Nc1ccccc1,phenylthiourea,C7H8N2S
NC(=S)c1c(Cl)cccc1Cl,"2,6-dichlorobenzenecarbothioamide",C7H5Cl2NS
NC(CC(=O)O)C(=O)O,2-aminobutanedioic acid,C4H7NO4
NC(CCC(=O)NC(CS)C(=O)NCC(=O)O)C(=O)O,2-amino-5-[[1-(carboxymethylamino)-1-oxo-3-sulfanylpropan-2-yl]amino]-5-oxopentanoic acid,C10H17N3O6S
NC(CCC(=O)N(CC(=O)O)C(=O)C(N)CSN=O)C(=O)O,,C10H16N4O7S
NC(CCC(=O)NC(CS/C(Cl)=C/Cl)C(=O)NCC(=O)O)C(=O)O,"2-amino-5-[[1-(carboxymethylamino)-3-[(Z)-1,2-dichloroethenyl]sulfanyl-1-oxopropan-2-yl]amino]-5-oxopentanoic acid",C12H17Cl2N3O6S
NC(CCC(=O)NC(CSC(=O)NCCCCl)C(=O)NCC(=O)O)C(=O)O,,C14H23ClN4O7S
NC(CCC(=O)NC(CSC(=O)NCCO)C(=O)NCC(=O)O)C(=O)O,,C13H22N4O8S
NC(CCC(=O)NC(CSC(=O)NCCCl)C(=O)NCC(=O)O)C(=O)O,2-amino-5-[[1-(carboxymethylamino)-3-(2-chloroethylcarbamoylsulfanyl)-1-oxopropan-2-yl]amino]-5-oxopentanoic acid,C13H21ClN4O7S
NC(CCC(=O)NC(CSC(Cl)=C(Cl)Cl)C(=O)NCC(=O)O)C(=O)O,"2-amino-5-[[1-(carboxymethylamino)-1-oxo-3-(1,2,2-trichloroethenylsulfanyl)propan-2-yl]amino]-5-oxopentanoic acid",C12H16Cl3N3O6S
NC(CCC(=O)NC(CSCCCl)C(=O)NCC(=O)O)C(=O)O,2-amino-5-[[1-(carboxymethylamino)-3-(2-chloroethylsulfanyl)-1-oxopropan-2-yl]amino]-5-oxopentanoic acid,C12H20ClN3O6S
NC(CCC(=O)NC(CSN=O)C(=O)NCC(=O)O)C(=O)O,2-amino-5-[[1-(carboxymethylamino)-3-nitrososulfanyl-1-oxopropan-2-yl]amino]-5-oxopentanoic acid,C10H16N4O7S
NC(CCC(=O)NC(CSCCCl)NC(=O)CC(=O)O)C(=O)O,,C12H20ClN3O6S
NC(CCC(=O)NC(CSc1ccc([N+](=O)[O-])cc1[N+](=O)[O-])C(=O)NCC(=O)O)C(=O)O,"2-amino-5-[[1-(carboxymethylamino)-3-(2,4-dinitrophenyl)sulfanyl-1-oxopropan-2-yl]amino]-5-oxopentanoic acid",C16H19N5O10S
NC(CCC(=O)NNc1ccc(CO)cc1)C(=O)O,2-amino-5-[2-[4-(hydroxymethyl)phenyl]hydrazinyl]-5-oxopentanoic acid,C12H17N3O4
NC(CCC(=O)NNc1ccccc1)C(=O)O,2-amino-5-oxo-5-(2-phenylhydrazinyl)pentanoic acid,C11H15N3O3
NC(CCC(=O)Nc1ccc([N+](=O)[O-])cc1)C(=O)O,2-amino-5-(4-nitroanilino)-5-oxopentanoic acid,C11H13N3O5
NC(CCC(=O)O)C(=O)O,2-aminopentanedioic acid,C5H9NO4
NC(CCCCNC=CC=O)C(=O)O,2-amino-6-(3-oxoprop-1-enylamino)hexanoic acid,C9H16N2O3
NC(CCCCNCC(N)C(=O)O)C(=O)O,2-amino-6-[(2-amino-2-carboxyethyl)amino]hexanoic acid,C9H19N3O4
NC(CCS/C(Cl)=C/Cl)C(=O)O,"2-amino-4-[(Z)-1,2-dichloroethenyl]sulfanylbutanoic acid",C6H9Cl2NO2S
NC(CO)C(=O)NNCc1ccc(O)c(O)c1O,"2-amino-3-hydroxy-N'-[(2,3,4-trihydroxyphenyl)methyl]propanehydrazide",C10H15N3O5
NC(CO)C(=O)O,2-amino-3-hydroxypropanoic acid,C3H7NO3
NC(CS)C(=O)NCC(=O)O,2-[(2-amino-3-sulfanylpropanoyl)amino]acetic acid,C5H10N2O3S
NC(CS)C(=O)O,2-amino-3-sulfanylpropanoic acid,C3H7NO2S
NC(CS/C(Cl)=C(\Cl)C(Cl)(Cl)Cl)C(=O)O,"2-amino-3-[(E)-1,2,3,3,3-pentachloroprop-1-enyl]sulfanylpropanoic acid",C6H6Cl5NO2S
NC(CS/C(Cl)=C(\Cl)C(Cl)=C(Cl)Cl)C(=O)O,"2-amino-3-[(1E)-1,2,3,4,4-pentachlorobuta-1,3-dienyl]sulfanylpropanoic acid",C7H6Cl5NO2S
NC(CSC(Cl)=C(Cl)Cl)C(=O)O,"2-amino-3-(1,2,2-trichloroethenylsulfanyl)propanoic acid",C5H6Cl3NO2S
NC(CSC(=O)NCCCl)C(=O)O,2-amino-3-(2-chloroethylcarbamoylsulfanyl)propanoic acid,C6H11ClN2O3S
NC(CSC(F)(F)C(Br)Br)C(=O)O,"2-amino-3-(2,2-dibromo-1,1-difluoroethyl)sulfanylpropanoic acid",C5H7Br2F2NO2S
NC(CSC(Cl)=CCl)C(=O)O,"2-amino-3-(1,2-dichloroethenylsulfanyl)propanoic acid",C5H7Cl2NO2S
NC(CSC(F)(F)C(Cl)Br)C(=O)O,"2-amino-3-(2-bromo-2-chloro-1,1-difluoroethyl)sulfanylpropanoic acid",C5H7BrClF2NO2S
NC(CSC(F)(F)C(Cl)Cl)C(=O)O,"2-amino-3-(2,2-dichloro-1,1-difluoroethyl)sulfanylpropanoic acid",C5H7Cl2F2NO2S
NC(CSC(F)(F)C(F)(F)C(F)F)C(=O)O,"2-amino-3-(1,1,2,2,3,3-hexafluoropropylsulfanyl)propanoic acid",C6H7F6NO2S
NC(CSC(F)(F)C(F)Cl)C(=O)O,"2-amino-3-(2-chloro-1,1,2-trifluoroethyl)sulfanylpropanoic acid",C5H7ClF3NO2S
NC(CSC(F)(F)C(F)F)C(=O)O,"2-amino-3-(1,1,2,2-tetrafluoroethylsulfanyl)propanoic acid",C5H7F4NO2S
NC(CSC/C=C/Cl)C(=O)O,2-amino-3-[(E)-3-chloroprop-2-enyl]sulfanylpropanoic acid,C6H10ClNO2S
NC(CSCCCl)C(=O)O,2-amino-3-(2-chloroethylsulfanyl)propanoic acid,C5H10ClNO2S
NC(CSCc1ccccc1)C(=O)O,2-amino-3-benzylsulfanylpropanoic acid,C10H13NO2S
NC(CSc1c(Cl)c(Cl)c(Cl)c(Cl)c1Cl)C(=O)O,"2-amino-3-(2,3,4,5,6-pentachlorophenyl)sulfanylpropanoic acid",C9H6Cl5NO2S
NC(CSc1ccc([N+](=O)[O-])cc1[N+](=O)[O-])C(=O)O,"2-amino-3-(2,4-dinitrophenyl)sulfanylpropanoic acid",C9H9N3O6S
NC(Cc1c[nH]c2ccc(O)cc12)C(=O)O,2-amino-3-(5-hydroxy-1H-indol-3-yl)propanoic acid,C11H12N2O3
NC(Cc1c[nH]c2ccccc12)C(=O)O,2-amino-3-(1H-indol-3-yl)propanoic acid,C11H12N2O2
NC(Cc1ccc(F)cc1)C(=O)O,2-amino-3-(4-fluorophenyl)propanoic acid,C9H10FNO2
NC(Cc1ccc(N(CCCl)CCCl)cc1)C(=O)O,2-amino-3-[4-[bis(2-chloroethyl)amino]phenyl]propanoic acid,C13H18Cl2N2O2
NC(Cc1ccc(O)c(O)c1)C(=O)O,"2-amino-3-(3,4-dihydroxyphenyl)propanoic acid",C9H11NO4
NC(Cc1ccc(O)c([N+](=O)[O-])c1)C(=O)O,2-amino-3-(4-hydroxy-3-nitrophenyl)propanoic acid,C9H10N2O5
NC(Cc1ccc(O)cc1)C(=O)O,2-amino-3-(4-hydroxyphenyl)propanoic acid,C9H11NO3
NC(Cc1ccccc1)C(=O)O,2-amino-3-phenylpropanoic acid,C9H11NO2
NC(Cn1ccnc1)C(=O)O,2-amino-3-imidazol-1-ylpropanoic acid,C6H9N3O2
NC(N)=O,urea,CH4N2O
NC(N)=S,thiourea,CH4N2S
NC1(C(=O)O)CCCC1,1-aminocyclopentane-1-carboxylic acid,C6H11NO2
NC(N)=S(=O)=O,sulfonylmethanediamine,CH4N2O2S
NC1=CC(=O)C(=O)c2ccccc21,"4-aminonaphthalene-1,2-dione",C10H7NO2
NC1=NC(C(=O)O)CS1,"2-amino-4,5-dihydro-1,3-thiazole-4-carboxylic acid",C4H6N2O2S
NC1=NCNc2c1ncn2C1OC(CO)C(O)C1=O,,C10H13N5O4
NC1=N[C@H](C(=O)O)CS1,"(4R)-2-amino-4,5-dihydro-1,3-thiazole-4-carboxylic acid",C4H6N2O2S
NC1CCC(CC2CCC(N)CC2)CC1,4-[(4-aminocyclohexyl)methyl]cyclohexan-1-amine,C13H26N2
NC1CCC(N)CC1,"cyclohexane-1,4-diamine",C6H14N2
NC1CCCC(N)C1,"cyclohexane-1,3-diamine",C6H14N2
NC1CCCCC1,cyclohexanamine,C6H13N
NC1CCN(c2nc3c(cc2F)c(=O)c(C(=O)O)cn3-c2ccc(F)cc2F)C1,"7-(3-aminopyrrolidin-1-yl)-1-(2,4-difluorophenyl)-6-fluoro-4-oxo-1,8-naphthyridine-3-carboxylic acid",C19H15F3N4O3
NC1c2ccccc2-c2ccccc21,9H-fluoren-9-amine,C13H11N
NC=O,formamide,CH3NO
NCC(=O)NCC(=O)NCC(=O)NCC(=O)O,2-[[2-[[2-[(2-aminoacetyl)amino]acetyl]amino]acetyl]amino]acetic acid,C8H14N4O5
NCC(=O)Nc1ccccc1,2-amino-N-phenylacetamide,C8H10N2O
NCC(=O)O,2-aminoacetic acid,C2H5NO2
NCC1CCC(C(=O)c2ccc(CCC(=O)O)cc2)CC1,3-[4-[4-(aminomethyl)cyclohexanecarbonyl]phenyl]propanoic acid,C17H23NO3
NCCCCC(N)C(=O)NC(Cc1c[nH]c2ccccc12)C(=O)NC(CCCCN)C(=O)O,"6-amino-2-[[2-(2,6-diaminohexanoylamino)-3-(1H-indol-3-yl)propanoyl]amino]hexanoic acid",C23H36N6O4
NCCCCC(NC(CCc1ccccc1)C(=O)O)C(=O)N1CCCC1C(=O)O,1-[6-amino-2-[(1-carboxy-3-phenylpropyl)amino]hexanoyl]pyrrolidine-2-carboxylic acid,C21H31N3O5
NCCCCC(N)C(=O)O,"2,6-diaminohexanoic acid",C6H14N2O2
NCCCCCCN,"hexane-1,6-diamine",C6H16N2
NCCCCCCCCCCC(=O)O,11-aminoundecanoic acid,C11H23NO2
NCCCN,"propane-1,3-diamine",C3H10N2
NCCCC[C@H](N[C@@H](CCc1ccccc1)C(=O)O)C(=O)N1CCC[C@H]1C(=O)O,(2S)-1-[(2S)-6-amino-2-[[(1S)-1-carboxy-3-phenylpropyl]amino]hexanoyl]pyrrolidine-2-carboxylic acid,C21H31N3O5
NCCCN1CCN(CCCN)CC1,3-[4-(3-aminopropyl)piperazin-1-yl]propan-1-amine,C10H24N4
NCCCNCCCN,"N'-(3-aminopropyl)propane-1,3-diamine",C6H17N3
NCCCNCCCCN(CCCN)N(O)N=O,[3-aminopropyl-[4-(3-aminopropylamino)butyl]amino]-hydroxyimino-oxidoazanium,C10H26N6O2
NCCN,"ethane-1,2-diamine",C2H8N2
NCCCl,2-chloroethanamine,C2H6ClN
NCCN1CCNCC1,2-piperazin-1-ylethanamine,C6H15N3
NCCN(CCCl)c1c2ccccc2nc2c1ccc1ccccc12,,C21H20ClN3
NCCNCCN,"N'-(2-aminoethyl)ethane-1,2-diamine",C4H13N3
NCCNC(=O)c1ccc(Cl)cn1,N-(2-aminoethyl)-5-chloropyridine-2-carboxamide,C8H10ClN3O
NCCNCCNCCNCCN,"N'-[2-[2-(2-aminoethylamino)ethylamino]ethyl]ethane-1,2-diamine",C8H23N5
NCCNCCNCCN,"N'-[2-(2-aminoethylamino)ethyl]ethane-1,2-diamine",C6H18N4
NCCNCCO,2-(2-aminoethylamino)ethanol,C4H12N2O
NCCNCCNCCNCCNCCN,"N'-[2-[2-[2-(2-aminoethylamino)ethylamino]ethylamino]ethyl]ethane-1,2-diamine",C10H28N6
NCCNc1cccc2ccccc12,"N'-naphthalen-1-ylethane-1,2-diamine",C12H14N2
NCCO,2-aminoethanol,C2H7NO
NCCS,2-aminoethanethiol,C2H7NS
NCCS(=O)(=O)O,2-aminoethanesulfonic acid,C2H7NO3S
NCCc1c[nH]c2ccc(O)cc12,3-(2-aminoethyl)-1H-indol-5-ol,C10H12N2O
NCCc1c[nH]c2ccccc12,2-(1H-indol-3-yl)ethanamine,C10H12N2
NCCc1c[nH]cn1,2-(1H-imidazol-5-yl)ethanamine,C5H9N3
NCCc1cc(O)c(O)cc1O,"5-(2-aminoethyl)benzene-1,2,4-triol",C8H11NO3
NCCc1ccc(O)c(O)c1,"4-(2-aminoethyl)benzene-1,2-diol",C8H11NO2
NCN,methanediamine,CH6N2
NC[C@H]1CC[C@H](C(=O)c2ccc(CCC(=O)O)cc2)CC1,3-[4-[4-(aminomethyl)cyclohexanecarbonyl]phenyl]propanoic acid,C17H23NO3
NCc1ccc(CN)cc1,[4-(aminomethyl)phenyl]methanamine,C8H12N2
NCc1cccc(CN)c1,[3-(aminomethyl)phenyl]methanamine,C8H12N2
NN(Cc1ccccc1)Cc1ccccc1,"1,1-dibenzylhydrazine",C14H16N2
NN(c1ccccc1)c1ccccc1,"1,1-diphenylhydrazine",C12H12N2
NN1C(=O)c2ccccc2C1=O,"2-aminoisoindole-1,3-dione",C8H6N2O2
NNC(=O)CNc1ccc2ccccc2c1,2-(naphthalen-2-ylamino)acetohydrazide,C12H13N3O
NNC(=O)c1[nH]c2ccccc2c1N,3-amino-1H-indole-2-carbohydrazide,C9H10N4O
NNC(=O)c1ccncc1,pyridine-4-carbohydrazide,C6H7N3O
NNC(N)=O,aminourea,CH5N3O
NNCCO,2-hydrazinylethanol,C2H8N2O
NNOS(=O)(=O)O,hydrazinyl hydrogen sulfate,H4N2O4S
NNc1ccc(C(=O)O)cc1,4-hydrazinylbenzoic acid,C7H8N2O2
NNc1ccc([N+](=O)[O-])cc1,(4-nitrophenyl)hydrazine,C6H7N3O2
NNc1ccc([N+](=O)[O-])cc1[N+](=O)[O-],"(2,4-dinitrophenyl)hydrazine",C6H6N4O4
NNc1ccccc1,phenylhydrazine,C6H8N2
NNc1ccccc1[N+](=O)[O-],(2-nitrophenyl)hydrazine,C6H7N3O2
NNc1nc(-c2ccc(N)cc2)cs1,"4-(2-hydrazinyl-1,3-thiazol-4-yl)aniline",C9H10N4S
NNc1nc(-c2ccc([N+](=O)[O-])cc2)cs1,"[4-(4-nitrophenyl)-1,3-thiazol-2-yl]hydrazine",C9H8N4O2S
NNc1nc2ccc3nc4ccccc4c(O)c3c2s1,"2-hydrazinyl-6H-[1,3]thiazolo[5,4-a]acridin-11-one",C14H10N4OS
NNc1nncc2ccccc12,phthalazin-1-ylhydrazine,C8H8N4
NNc1nnc(NN)c2ccccc12,(4-hydrazinylphthalazin-1-yl)hydrazine,C8H10N6
NNc1nncc2cccnc12,"pyrido[2,3-d]pyridazin-8-ylhydrazine",C7H7N5
NNc1nncc2ccncc12,"pyrido[3,4-d]pyridazin-4-ylhydrazine",C7H7N5
NNc1nncc2cnccc12,"pyrido[3,4-d]pyridazin-1-ylhydrazine",C7H7N5
NNc1nncc2ncccc12,"pyrido[2,3-d]pyridazin-5-ylhydrazine",C7H7N5
NON(N=O)c1ccccc1,N-aminooxy-N-phenylnitrous amide,C6H7N3O2
NP(=O)(O)N(CCCl)CCCl,amino-[bis(2-chloroethyl)amino]phosphinic acid,C4H11Cl2N2O2P
NP(=O)(OCCC(=O)O)N(CCCl)CCCl,3-[amino-[bis(2-chloroethyl)amino]phosphoryl]oxypropanoic acid,C7H15Cl2N2O4P
NS(=O)(=O)c1cc(C(=O)O)c(NCc2ccco2)cc1Cl,4-chloro-2-(furan-2-ylmethylamino)-5-sulfamoylbenzoic acid,C12H11ClN2O5S
NS(=O)(=O)c1cc2c(cc1Cl)NC=NS2(=O)=O,"6-chloro-1,1-dioxo-4H-1lambda6,2,4-benzothiadiazine-7-sulfonamide",C7H6ClN3O4S2
NS(=O)(=O)c1cc2c(cc1Cl)NCNS2(=O)=O,"6-chloro-1,1-dioxo-3,4-dihydro-2H-1lambda6,2,4-benzothiadiazine-7-sulfonamide",C7H8ClN3O4S2
NS(=O)(=O)c1cccc2cccnc12,quinoline-8-sulfonamide,C9H8N2O2S
N[C@@H](CCC(=O)NNc1ccc(CO)cc1)C(=O)O,(2S)-2-amino-5-[2-[4-(hydroxymethyl)phenyl]hydrazinyl]-5-oxopentanoic acid,C12H17N3O4
N[C@@H](CCC(=O)NNc1ccccc1)C(=O)O,(2S)-2-amino-5-oxo-5-(2-phenylhydrazinyl)pentanoic acid,C11H15N3O3
N[C@@H](CCC(=O)N[C@@H](CS/C(Cl)=C(/Cl)C(Cl)=C(Cl)Cl)C(=O)NCC(=O)O)C(=O)O,,C14H16Cl5N3O6S
N[C@@H](CCC(=O)N[C@@H](CSC(Cl)=C(Cl)Cl)C(=O)NCC(=O)O)C(=O)O,"(2S)-2-amino-5-[[(2R)-1-(carboxymethylamino)-1-oxo-3-(1,2,2-trichloroethenylsulfanyl)propan-2-yl]amino]-5-oxopentanoic acid",C12H16Cl3N3O6S
N[C@@H](CCC(=O)O)C(=O)O,(2S)-2-aminopentanedioic acid,C5H9NO4
N[C@@H](CSCc1ccccc1)C(=O)O,(2R)-2-amino-3-benzylsulfanylpropanoic acid,C10H13NO2S
N[C@@H](CS/C(Cl)=C/Cl)C(=O)O,"(2R)-2-amino-3-[(Z)-1,2-dichloroethenyl]sulfanylpropanoic acid",C5H7Cl2NO2S
N[C@@H]1C[C@H]1c1ccccc1,"trans-(1R,2S)-2-phenylcyclopropan-1-amine",C9H11N
N[C@@H](Cc1ccc(O)c([N+](=O)[O-])c1)C(=O)O,(2S)-2-amino-3-(4-hydroxy-3-nitrophenyl)propanoic acid,C9H10N2O5
N[C@H](CCC(=O)N[C@H](CSc1ccc([N+](=O)[O-])cc1[N+](=O)[O-])C(=O)NCC(=O)O)C(=O)O,"(2R)-2-amino-5-[[(2S)-1-(carboxymethylamino)-3-(2,4-dinitrophenyl)sulfanyl-1-oxopropan-2-yl]amino]-5-oxopentanoic acid",C16H19N5O10S
N[C@H](CS)C(=O)O,(2S)-2-amino-3-sulfanylpropanoic acid,C3H7NO2S
N[C@H](Cc1c[nH]c2ccccc12)C(=O)O,(2R)-2-amino-3-(1H-indol-3-yl)propanoic acid,C11H12N2O2
N[C@H](Cc1ccc(F)cc1)C(=O)O,(2R)-2-amino-3-(4-fluorophenyl)propanoic acid,C9H10FNO2
N[C@H](Cc1ccc(N(CCCl)CCCl)cc1)C(=O)O,(2R)-2-amino-3-[4-[bis(2-chloroethyl)amino]phenyl]propanoic acid,C13H18Cl2N2O2
N[C@H](Cc1ccc(O)c(O)c1)C(=O)O,"(2R)-2-amino-3-(3,4-dihydroxyphenyl)propanoic acid",C9H11NO4
N[C@H]1CC[C@H](C[C@H]2CC[C@H](N)CC2)CC1,4-[(4-aminocyclohexyl)methyl]cyclohexan-1-amine,C13H26N2
N[C@H]1CC[C@H](N)CC1,"cyclohexane-1,4-diamine",C6H14N2
Nc1[nH]c(-c2ccc([N+](=O)[O-])cc2)nc2ncnc1-2,2-(4-nitrophenyl)-7H-purin-6-amine,C11H8N6O2
Nc1[nH]ccc2nc3ccccc3c1-2,"5H-pyrido[4,3-b]indol-1-amine",C11H9N3
Nc1[nH]cnc2ncnc1-2,7H-purin-6-amine,C5H5N5
Nc1c(Br)cc(Br)c2c1C(=O)c1ccccc1C2=O,"1-amino-2,4-dibromoanthracene-9,10-dione",C14H7Br2NO2
Nc1c(Br)cc([N+](=O)[O-])cc1[N+](=O)[O-],"2-bromo-4,6-dinitroaniline",C6H4BrN3O4
Nc1[nH]cnc2nc(-c3ccc([N+](=O)[O-])cc3)nc1-2,8-(4-nitrophenyl)-7H-purin-6-amine,C11H8N6O2
Nc1c(C(=O)O)cc([N+](=O)[O-])c2c1C(=O)c1ccccc1C2=O,"1-amino-4-nitro-9,10-dioxoanthracene-2-carboxylic acid",C15H8N2O6
Nc1c(C(=O)N/N=C/c2ccccc2)[nH]c2ccccc12,3-amino-N-[(E)-benzylideneamino]-1H-indole-2-carboxamide,C16H14N4O
Nc1c(Cl)c(Cl)nc(C(=O)O)c1Cl,"4-amino-3,5,6-trichloropyridine-2-carboxylic acid",C6H3Cl3N2O2
Nc1c(Cl)cc([N+](=O)[O-])cc1Cl,"2,6-dichloro-4-nitroaniline",C6H4Cl2N2O2
Nc1c(Cl)cc(Cl)cc1Cl,"2,4,6-trichloroaniline",C6H4Cl3N
Nc1c(Cl)cc([N+](=O)[O-])cc1[N+](=O)[O-],"2-chloro-4,6-dinitroaniline",C6H4ClN3O4
Nc1c(F)cc(-c2cc(F)c(N)c(F)c2)cc1F,"4-(4-amino-3,5-difluorophenyl)-2,6-difluoroaniline",C12H8F4N2
Nc1c(N=Nc2ccc(-c3ccc(N=Nc4cc(S(=O)(=O)O)c5ccccc5c4N)cc3)cc2)cc(S(=O)(=O)O)c2ccccc12,4-amino-3-[[4-[4-[(1-amino-4-sulfonaphthalen-2-yl)diazenyl]phenyl]phenyl]diazenyl]naphthalene-1-sulfonic acid,C32H24N6O6S2
Nc1c(N=Nc2ccc(-c3ccc(N=Nc4ccc(O)cc4)cc3)cc2)c(S(=O)(=O)O)cc2cc(S(=O)(=O)O)c(N=Nc3ccccc3)c(O)c12,"4-amino-5-hydroxy-3-[[4-[4-[(4-hydroxyphenyl)diazenyl]phenyl]phenyl]diazenyl]-6-phenyldiazenylnaphthalene-2,7-disulfonic acid",C34H25N7O8S2
Nc1c(N=Nc2ccc([N+](=O)[O-])cc2)c(S(=O)(=O)O)cc2cc(S(=O)(=O)O)c(N=Nc3ccccc3)c(O)c12,"4-amino-5-hydroxy-3-[(4-nitrophenyl)diazenyl]-6-phenyldiazenylnaphthalene-2,7-disulfonic acid",C22H16N6O9S2
Nc1c(O)cc(Cc2cc(Cl)c(N)c(OS(=O)(=O)O)c2)cc1Cl,[2-amino-5-[(4-amino-3-chloro-5-hydroxyphenyl)methyl]-3-chlorophenyl] hydrogen sulfate,C13H12Cl2N2O5S
Nc1c(O)ccc2ccccc12,1-aminonaphthalen-2-ol,C10H9NO
Nc1c(O)cccc1C(=O)CC(N)C(=O)O,2-amino-4-(2-amino-3-hydroxyphenyl)-4-oxobutanoic acid,C10H12N2O4
Nc1c(O)cccc1C(=O)O,2-amino-3-hydroxybenzoic acid,C7H7NO3
Nc1c(O)cccc1[N+](=O)[O-],2-amino-3-nitrophenol,C6H6N2O3
Nc1c(Oc2ccccc2)cc(O)c2c1C(=O)c1ccccc1C2=O,"1-amino-4-hydroxy-2-phenoxyanthracene-9,10-dione",C20H13NO4
Nc1c(S(=O)(=O)O)cc(NC2CCCCC2)c2c1C(=O)c1ccccc1C2=O,"1-amino-4-(cyclohexylamino)-9,10-dioxoanthracene-2-sulfonic acid",C20H20N2O5S
Nc1c(S(=O)(=O)O)cc(Nc2cccc(S(=O)(=O)CCOS(=O)(=O)O)c2)c2c1C(=O)c1ccccc1C2=O,"1-amino-9,10-dioxo-4-[3-(2-sulfooxyethylsulfonyl)anilino]anthracene-2-sulfonic acid",C22H18N2O11S3
Nc1c([N+](=O)[O-])cccc1[N+](=O)[O-],"2,6-dinitroaniline",C6H5N3O4
Nc1c2[nH]cnc2nc[n+]1[O-],1-hydroxy-7H-purin-6-imine,C5H5N5O
Nc1c2c(nc3ccccc13)CCCC2,"1,2,3,4-tetrahydroacridin-9-amine",C13H14N2
Nc1c2ccccc2cc2ccccc12,anthracen-9-amine,C14H11N
Nc1c2ccccc2nc2ccc(Br)cc12,2-bromoacridin-9-amine,C13H9BrN2
Nc1c2ccccc2nc2ccc(Cl)cc12,2-chloroacridin-9-amine,C13H9ClN2
Nc1c2ccccc2nc2ccc(I)cc12,2-iodoacridin-9-amine,C13H9IN2
Nc1c2ccccc2nc2ccc(O)cc12,9-aminoacridin-2-ol,C13H10N2O
Nc1c2ccccc2nc2ccc([N+](=O)[O-])cc12,2-nitroacridin-9-amine,C13H9N3O2
Nc1c2ccccc2nc2ccccc12,acridin-9-amine,C13H10N2
Nc1c2ncn(C(c3ccccc3)(c3ccccc3)c3ccccc3)c2nc[n+]1[O-],1-hydroxy-9-tritylpurin-6-imine,C24H19N5O
Nc1c2ncn(C(c3ccccc3)c3ccccc3)c2nc[n+]1[O-],9-benzhydryl-1-hydroxypurin-6-imine,C18H15N5O
Nc1c2ncn(Cc3ccccc3)c2nc[n+]1[O-],9-benzyl-1-hydroxypurin-6-imine,C12H11N5O
Nc1cc(-c2ccncc2)cnc1O,3-amino-5-pyridin-4-yl-1H-pyridin-2-one,C10H9N3O
Nc1cc(C(=O)O)c(O)c(S(=O)(=O)O)c1,5-amino-2-hydroxy-3-sulfobenzoic acid,C7H7NO6S
Nc1cc(C(F)(F)F)ccc1Cl,2-chloro-5-(trifluoromethyl)aniline,C7H5ClF3N
Nc1cc(CCO)c(N)c([N+](=O)[O-])c1,"2-(2,5-diamino-3-nitrophenyl)ethanol",C8H11N3O3
Nc1cc(Cl)c(-c2cc(Cl)c(N)cc2Cl)cc1Cl,"4-(4-amino-2,5-dichlorophenyl)-2,5-dichloroaniline",C12H8Cl4N2
Nc1cc(Cl)c(Cl)c(Cl)c1,"3,4,5-trichloroaniline",C6H4Cl3N
Nc1cc(Cl)c([N+](=O)[O-])cc1O,2-amino-4-chloro-5-nitrophenol,C6H5ClN2O3
Nc1cc(Cl)c(N)c(Cl)c1,"2,6-dichlorobenzene-1,4-diamine",C6H6Cl2N2
Nc1cc(Cl)cc(C(=O)O)c1Cl,"3-amino-2,5-dichlorobenzoic acid",C7H5Cl2NO2
Nc1cc(Cl)cc(Cl)c1,"3,5-dichloroaniline",C6H5Cl2N
Nc1cc(Cl)cc(S(=O)(=O)O)c1O,3-amino-5-chloro-2-hydroxybenzenesulfonic acid,C6H6ClNO4S
Nc1cc(Cl)cc(Cl)c1O,"2-amino-4,6-dichlorophenol",C6H5Cl2NO
Nc1cc(Cl)ccc1Cl,"2,5-dichloroaniline",C6H5Cl2N
Nc1cc(Cl)ccc1O,2-amino-4-chlorophenol,C6H6ClNO
Nc1cc(Cl)ccc1[N+](=O)[O-],5-chloro-2-nitroaniline,C6H5ClN2O2
Nc1cc(N)c(-c2ccccc2)c([N+](=O)[O-])c1,"5-nitro-4-phenylbenzene-1,3-diamine",C12H11N3O2
Nc1cc(N)c(N=Nc2ccc(S(=O)(=O)O)cc2)cc1N=Nc1ccc(-c2ccc(N=Nc3ccc(O)c(C(=O)O)c3)cc2)cc1,"5-[[4-[4-[[2,4-diamino-5-[(4-sulfophenyl)diazenyl]phenyl]diazenyl]phenyl]phenyl]diazenyl]-2-hydroxybenzoic acid",C31H24N8O6S
Nc1cc(N)c(N=Nc2ccc(S(N)(=O)=O)cc2)cc1N=Nc1ccc(S(N)(=O)=O)cc1,"4-[[2,4-diamino-5-[(4-sulfamoylphenyl)diazenyl]phenyl]diazenyl]benzenesulfonamide",C18H18N8O4S2
Nc1cc(S(=O)(=O)O)c2cccc(S(=O)(=O)O)c2c1,"3-aminonaphthalene-1,5-disulfonic acid",C10H9NO6S2
Nc1cc(S(=O)(=O)O)cc2cc(S(=O)(=O)O)c(N=Nc3ccccc3)c(O)c12,"5-amino-4-hydroxy-3-phenyldiazenylnaphthalene-2,7-disulfonic acid",C16H13N3O7S2
Nc1cc(S(=O)(=O)O)ccc1O,3-amino-4-hydroxybenzenesulfonic acid,C6H7NO4S
Nc1cc([N+](=O)[O-])c(-c2ccccc2)c([N+](=O)[O-])c1,"3,5-dinitro-4-phenylaniline",C12H9N3O4
Nc1cc([N+](=O)[O-])c(N)cc1Cl,"2-chloro-5-nitrobenzene-1,4-diamine",C6H6ClN3O2
Nc1cc([N+](=O)[O-])c(N)cc1F,"2-fluoro-5-nitrobenzene-1,4-diamine",C6H6FN3O2
Nc1cc([N+](=O)[O-])cc(Cl)c1O,2-amino-6-chloro-4-nitrophenol,C6H5ClN2O3
Nc1cc([N+](=O)[O-])cc(S(=O)(=O)O)c1O,3-amino-2-hydroxy-5-nitrobenzenesulfonic acid,C6H6N2O6S
Nc1cc([N+](=O)[O-])cc([N+](=O)[O-])c1,"3,5-dinitroaniline",C6H5N3O4
Nc1cc([N+](=O)[O-])cc([N+](=O)[O-])c1O,"2-amino-4,6-dinitrophenol",C6H5N3O5
Nc1cc([N+](=O)[O-])ccc1-c1ccc([N+](=O)[O-])cc1,5-nitro-2-(4-nitrophenyl)aniline,C12H9N3O4
Nc1cc([N+](=O)[O-])ccc1C(=O)O,2-amino-4-nitrobenzoic acid,C7H6N2O4
Nc1cc([N+](=O)[O-])ccc1CO,(2-amino-4-nitrophenyl)methanol,C7H8N2O3
Nc1cc([N+](=O)[O-])ccc1O,2-amino-4-nitrophenol,C6H6N2O3
Nc1cc2[nH]c3ccccc3c2cc1[N+](=O)[O-],3-nitro-9H-carbazol-2-amine,C12H9N3O2
Nc1cc2c(O)c(N=Nc3ccc(N=Nc4ccc(S(=O)(=O)O)cc4)c4ccc(S(=O)(=O)O)cc34)c(S(=O)(=O)O)cc2cc1S(=O)(=O)O,"6-amino-4-hydroxy-3-[[7-sulfo-4-[(4-sulfophenyl)diazenyl]naphthalen-1-yl]diazenyl]naphthalene-2,7-disulfonic acid",C26H19N5O13S4
Nc1cc2c(cc1[N+](=O)[O-])[nH]c1ccccc12,2-nitro-9H-carbazol-3-amine,C12H9N3O2
Nc1cc2c3c(ccc2c2ccccc12)C(O)C(O)C=C3,"6-amino-1,2-dihydrochrysene-1,2-diol",C18H15NO2
Nc1cc2c3c(ccc2c2ccccc12)[C@@H](O)[C@H](O)C=C3,"(1R,2R)-6-amino-1,2-dihydrochrysene-1,2-diol",C18H15NO2
Nc1cc2c3c(cccc3c1)-c1ccccc1-2,fluoranthen-2-amine,C16H11N
Nc1cc2c3ccccc3ccc2c2ccccc12,chrysen-6-amine,C18H13N
Nc1cc2ccc3cccc4ccc(c1)c2c34,pyren-2-amine,C16H11N
Nc1cc2cccc3ccc4cccc1c4c32,pyren-4-amine,C16H11N
Nc1cc2ccccc2c2ccccc12,phenanthren-9-amine,C14H11N
Nc1cc2ccccc2cc1N,"naphthalene-2,3-diamine",C10H10N2
Nc1cc2nc3ccccc3nc2cc1N,"phenazine-2,3-diamine",C12H10N4
Nc1cc2nc3ccc(Cl)cc3nc2cc1N,"7-chlorophenazine-2,3-diamine",C12H9ClN4
Nc1cc2nc3ccccc3nc2cc1O,3-aminophenazin-2-ol,C12H9N3O
Nc1ccc(-c2cc(Cl)c(N)c(Cl)c2)cc1,"4-(4-aminophenyl)-2,6-dichloroaniline",C12H10Cl2N2
Nc1ccc(-c2ccc(-c3ccc(-c4ccc(N)cc4)cc3)cc2)cc1,4-[4-[4-(4-aminophenyl)phenyl]phenyl]aniline,C24H20N2
Nc1ccc(-c2cc(Cl)c(N)c(Cl)c2)cc1Cl,"4-(4-amino-3-chlorophenyl)-2,6-dichloroaniline",C12H9Cl3N2
Nc1ccc(-c2ccc(-c3ccc(N)cc3)cc2)cc1,4-[4-(4-aminophenyl)phenyl]aniline,C18H16N2
Nc1ccc(-c2ccc(Cl)cc2)cc1,4-(4-chlorophenyl)aniline,C12H10ClN
Nc1ccc(-c2ccc(N)c(Br)c2)cc1Br,4-(4-amino-3-bromophenyl)-2-bromoaniline,C12H10Br2N2
Nc1ccc(-c2ccc(N)c(Cl)c2)c(Cl)c1,4-(4-amino-2-chlorophenyl)-2-chloroaniline,C12H10Cl2N2
Nc1ccc(-c2ccc(N)c(Cl)c2)cc1Cl,4-(4-amino-3-chlorophenyl)-2-chloroaniline,C12H10Cl2N2
Nc1ccc(-c2ccc(N)c(F)c2)cc1F,4-(4-amino-3-fluorophenyl)-2-fluoroaniline,C12H10F2N2
Nc1ccc(-c2ccc(N)c(N)c2)cc1N,"4-(3,4-diaminophenyl)benzene-1,2-diamine",C12H14N4
Nc1ccc(-c2ccc(N)c(O)c2)cc1O,2-amino-5-(4-amino-3-hydroxyphenyl)phenol,C12H12N2O2
Nc1ccc(-c2ccc(N)c([N+](=O)[O-])c2)cc1,4-(4-aminophenyl)-2-nitroaniline,C12H11N3O2
Nc1ccc(-c2ccc(N)c([N+](=O)[O-])c2)cc1[N+](=O)[O-],4-(4-amino-3-nitrophenyl)-2-nitroaniline,C12H10N4O4
Nc1ccc(-c2ccc(N)cc2)cc1,4-(4-aminophenyl)aniline,C12H12N2
Nc1ccc(-c2ccc(N)cc2Cl)c(Cl)c1,4-(4-amino-2-chlorophenyl)-3-chloroaniline,C12H10Cl2N2
Nc1ccc(-c2ccc(N)cc2S(=O)(=O)O)c(S(=O)(=O)O)c1,5-amino-2-(4-amino-2-sulfophenyl)benzenesulfonic acid,C12H12N2O6S2
Nc1ccc(-c2ccc(N)cc2[N+](=O)[O-])c([N+](=O)[O-])c1,4-(4-amino-2-nitrophenyl)-3-nitroaniline,C12H10N4O4
Nc1ccc(-c2ccc(N)cc2[N+](=O)[O-])cc1,4-(4-aminophenyl)-3-nitroaniline,C12H11N3O2
Nc1ccc(-c2ccc([N+](=O)[O-])cc2)cc1,4-(4-nitrophenyl)aniline,C12H10N2O2
Nc1ccc(-c2ccc([N+](=O)[O-])cc2N)c([N+](=O)[O-])c1,4-(2-amino-4-nitrophenyl)-3-nitroaniline,C12H10N4O4
Nc1ccc(-c2ccccc2)cc1,4-phenylaniline,C12H11N
Nc1ccc(/C=C/c2ccc(Cl)cc2)cc1,4-[(E)-2-(4-chlorophenyl)ethenyl]aniline,C14H12ClN
Nc1ccc(/C=C/C(=O)O)cc1,(E)-3-(4-aminophenyl)prop-2-enoic acid,C9H9NO2
Nc1ccc(/C=C/c2ccc([N+](=O)[O-])cc2)cc1,4-[(E)-2-(4-nitrophenyl)ethenyl]aniline,C14H12N2O2
Nc1ccc(/C=C/c2ccc(N)cc2)cc1,4-[(E)-2-(4-aminophenyl)ethenyl]aniline,C14H14N2
Nc1ccc(/C=C/c2cccc(Cl)c2)cc1,4-[(E)-2-(3-chlorophenyl)ethenyl]aniline,C14H12ClN
Nc1ccc(/C=C/c2ccccc2)cc1,4-[(E)-2-phenylethenyl]aniline,C14H13N
Nc1ccc(/C=C/c2cccc(N)c2)cc1,3-[(E)-2-(4-aminophenyl)ethenyl]aniline,C14H14N2
Nc1ccc(/C=C\c2ccc(N)cc2S(=O)(=O)O)c(S(=O)(=O)O)c1,5-amino-2-[(Z)-2-(4-amino-2-sulfophenyl)ethenyl]benzenesulfonic acid,C14H14N2O6S2
Nc1ccc(/N=N/c2ccc(S(=O)(=O)O)cc2)c(N)c1,"4-[(2,4-diaminophenyl)diazenyl]benzenesulfonic acid",C12H12N4O3S
Nc1ccc(Br)cc1,4-bromoaniline,C6H6BrN
Nc1ccc(C(=O)O)cc1,4-aminobenzoic acid,C7H7NO2
Nc1ccc(C(=O)OCCCOC(=O)c2ccc(N)cc2)cc1,3-(4-aminobenzoyl)oxypropyl 4-aminobenzoate,C17H18N2O4
Nc1ccc(C=O)cc1,4-aminobenzaldehyde,C7H7NO
Nc1ccc(CC(=O)O)cc1,2-(4-aminophenyl)acetic acid,C8H9NO2
Nc1ccc(CCc2ccc(N)cc2)cc1,4-[2-(4-aminophenyl)ethyl]aniline,C14H16N2
Nc1ccc(CCc2ccccc2)cc1,4-(2-phenylethyl)aniline,C14H15N
Nc1ccc(CO)c([N+](=O)[O-])c1,(4-amino-2-nitrophenyl)methanol,C7H8N2O3
Nc1ccc(Cc2cc(O)c(N)c(Cl)c2)cc1Cl,2-amino-5-[(4-amino-3-chlorophenyl)methyl]-3-chlorophenol,C13H12Cl2N2O
Nc1ccc(Cc2ccc(N)c(Cc3ccc(N)cc3)c2)cc1,"2,4-bis[(4-aminophenyl)methyl]aniline",C20H21N3
Nc1ccc(Cc2ccc(N)c(C(=O)O)c2)cc1C(=O)O,2-amino-5-[(4-amino-3-carboxyphenyl)methyl]benzoic acid,C15H14N2O4
Nc1ccc(Cc2ccc(N)c(Cl)c2)cc1Cl,4-[(4-amino-3-chlorophenyl)methyl]-2-chloroaniline,C13H12Cl2N2
Nc1ccc(Cc2ccc(N)cc2)cc1,4-[(4-aminophenyl)methyl]aniline,C13H14N2
Nc1ccc(Cc2ccc(N)cc2[N+](=O)[O-])c([N+](=O)[O-])c1,4-[(4-amino-2-nitrophenyl)methyl]-3-nitroaniline,C13H12N4O4
Nc1ccc(Cc2ccc(N=O)c(Cl)c2)cc1Cl,2-chloro-4-[(3-chloro-4-nitrosophenyl)methyl]aniline,C13H10Cl2N2O
Nc1ccc(Cc2ccc(NO)c(Cl)c2)cc1Cl,N-[4-[(4-amino-3-chlorophenyl)methyl]-2-chlorophenyl]hydroxylamine,C13H12Cl2N2O
Nc1ccc(Cl)c(C(F)(F)F)c1,4-chloro-3-(trifluoromethyl)aniline,C7H5ClF3N
Nc1ccc(Cl)c(Cl)c1,"3,4-dichloroaniline",C6H5Cl2N
Nc1ccc(Cl)c(Cl)c1Cl,"2,3,4-trichloroaniline",C6H4Cl3N
Nc1ccc(Cl)c(N)c1,"4-chlorobenzene-1,3-diamine",C6H7ClN2
Nc1ccc(Cl)cc1,4-chloroaniline,C6H6ClN
Nc1ccc(Cl)cc1Cl,"2,4-dichloroaniline",C6H5Cl2N
Nc1ccc(Cl)cc1[N+](=O)[O-],4-chloro-2-nitroaniline,C6H5ClN2O2
Nc1ccc(Cl)cc1N,"4-chlorobenzene-1,2-diamine",C6H7ClN2
Nc1ccc(F)cc1,4-fluoroaniline,C6H6FN
Nc1ccc(F)cc1F,"2,4-difluoroaniline",C6H5F2N
Nc1ccc(N)c(Cl)c1,"2-chlorobenzene-1,4-diamine",C6H7ClN2
Nc1ccc(N(c2ccc3ccccc3c2)c2ccc3ccccc3c2)cc1,"4-N,4-N-dinaphthalen-2-ylbenzene-1,4-diamine",C26H20N2
Nc1ccc(N)c(S(=O)(=O)O)c1,"2,5-diaminobenzenesulfonic acid",C6H8N2O3S
Nc1ccc(N)c([N+](=O)[O-])c1,"2-nitrobenzene-1,4-diamine",C6H7N3O2
Nc1ccc(N)c2c1C(=O)c1c(N)ccc(N)c1C2=O,"1,4,5,8-tetraaminoanthracene-9,10-dione",C14H12N4O2
Nc1ccc(N)c2c(O)c3ccccc3c(O)c12,"1,4-diaminoanthracene-9,10-diol",C14H12N2O2
Nc1ccc(N)c2c1C(=O)c1ccccc1C2=O,"1,4-diaminoanthracene-9,10-dione",C14H10N2O2
Nc1ccc(N)c2c1C(=O)c1cccc([N+](=O)[O-])c1C2=O,"1,4-diamino-5-nitroanthracene-9,10-dione",C14H9N3O4
Nc1ccc(N)cc1,"benzene-1,4-diamine",C6H8N2
Nc1ccc(N)c2ccccc12,"naphthalene-1,4-diamine",C10H10N2
Nc1ccc(N=Nc2ccc(N)cc2)cc1,4-[(4-aminophenyl)diazenyl]aniline,C12H12N4
Nc1ccc(N=Nc2ccc(N=Nc3c(S(=O)(=O)O)cc4cc(S(=O)(=O)O)c(N=Nc5ccc(N=Nc6ccc(N)cc6N)cc5)c(O)c4c3N)cc2)c(N)c1,"4-amino-3,6-bis[[4-[(2,4-diaminophenyl)diazenyl]phenyl]diazenyl]-5-hydroxynaphthalene-2,7-disulfonic acid",C34H29N13O7S2
Nc1ccc(N=Nc2cccc(N)c2N)cc1,"3-[(4-aminophenyl)diazenyl]benzene-1,2-diamine",C12H13N5
Nc1ccc(N=Nc2cccc(N=Nc3ccc(N)cc3N)c2)c(N)c1,"4-[[3-[(2,4-diaminophenyl)diazenyl]phenyl]diazenyl]benzene-1,3-diamine",C18H18N8
Nc1ccc(N=Nc2ccccc2)c(N)c1,"4-phenyldiazenylbenzene-1,3-diamine",C12H12N4
Nc1ccc(N=Nc2ccccc2)cc1,4-phenyldiazenylaniline,C12H11N3
Nc1ccc(NC(=O)c2ccc(C(=O)O)cc2)cc1,4-[(4-aminophenyl)carbamoyl]benzoic acid,C14H12N2O3
Nc1ccc(NCCO)c([N+](=O)[O-])c1,2-(4-amino-2-nitroanilino)ethanol,C8H11N3O3
Nc1ccc(NOS(=O)(=O)O)cc1Cl,,C6H7ClN2O4S
Nc1ccc(Nc2c3ccccc3nc3ccccc23)cc1,"4-N-acridin-9-ylbenzene-1,4-diamine",C19H15N3
Nc1ccc(Nc2ccc([N+](=O)[O-])cc2)cc1,"4-N-(4-nitrophenyl)benzene-1,4-diamine",C12H11N3O2
Nc1ccc(Nc2ccccc2)cc1,"4-N-phenylbenzene-1,4-diamine",C12H12N2
Nc1ccc(O)c(C(=O)O)c1,5-amino-2-hydroxybenzoic acid,C7H7NO3
Nc1ccc(O)c(N)c1,"2,4-diaminophenol",C6H8N2O
Nc1ccc(O)c([N+](=O)[O-])c1,4-amino-2-nitrophenol,C6H6N2O3
Nc1ccc(O)c2c1C(=O)c1c(O)ccc(N)c1C2=O,"1,5-diamino-4,8-dihydroxyanthracene-9,10-dione",C14H10N2O4
Nc1ccc(O)c2c1C(=O)c1ccccc1C2=O,"1-amino-4-hydroxyanthracene-9,10-dione",C14H9NO3
Nc1ccc(O)cc1,4-aminophenol,C6H7NO
Nc1ccc(Oc2c(Cl)cc(Cl)cc2Cl)cc1,"4-(2,4,6-trichlorophenoxy)aniline",C12H8Cl3NO
Nc1ccc(Oc2ccc(N)c(Cl)c2)cc1Cl,4-(4-amino-3-chlorophenoxy)-2-chloroaniline,C12H10Cl2N2O
Nc1ccc(Oc2ccc(Cl)cc2Cl)cc1,"4-(2,4-dichlorophenoxy)aniline",C12H9Cl2NO
Nc1ccc(Oc2ccc(N)c(N)c2)cc1,"4-(4-aminophenoxy)benzene-1,2-diamine",C12H13N3O
Nc1ccc(Oc2ccc(N)cc2)cc1,4-(4-aminophenoxy)aniline,C12H12N2O
Nc1ccc(Oc2ccc(Oc3ccc(N)cc3)cc2)cc1,4-[4-(4-aminophenoxy)phenoxy]aniline,C18H16N2O2
Nc1ccc(Oc2ccc([N+](=O)[O-])cc2)cc1,4-(4-nitrophenoxy)aniline,C12H10N2O3
Nc1ccc(Oc2cccc(Oc3ccc(N)cc3)c2)cc1,4-[3-(4-aminophenoxy)phenoxy]aniline,C18H16N2O2
Nc1ccc(Oc2ccccc2)cc1,4-phenoxyaniline,C12H11NO
Nc1ccc(S(=O)(=O)Nc2ccccn2)cc1,4-amino-N-pyridin-2-ylbenzenesulfonamide,C11H11N3O2S
Nc1ccc(S(=O)(=O)Nc2cnc3c(Cl)cccc3n2)cc1,4-amino-N-(5-chloroquinoxalin-2-yl)benzenesulfonamide,C14H11ClN4O2S
Nc1ccc(S(=O)(=O)Nc2nccs2)cc1,"4-amino-N-(1,3-thiazol-2-yl)benzenesulfonamide",C9H9N3O2S2
Nc1ccc(S(=O)(=O)O)c2ccccc12,4-aminonaphthalene-1-sulfonic acid,C10H9NO3S
Nc1ccc(S(=O)(=O)O)cc1,4-aminobenzenesulfonic acid,C6H7NO3S
Nc1ccc(S(=O)(=O)O)cc1C(=O)O,2-amino-5-sulfobenzoic acid,C7H7NO5S
Nc1ccc(S(=O)(=O)c2ccc(N)cc2)cc1,4-(4-aminophenyl)sulfonylaniline,C12H12N2O2S
Nc1ccc(S(N)(=O)=O)cc1,4-aminobenzenesulfonamide,C6H8N2O2S
Nc1ccc(Sc2ccc(N)cc2)cc1,4-(4-aminophenyl)sulfanylaniline,C12H12N2S
Nc1ccc(Sc2ccc([N+](=O)[O-])cc2)cc1,4-(4-nitrophenyl)sulfanylaniline,C12H10N2O2S
Nc1ccc(Sc2ccccc2)cc1,4-phenylsulfanylaniline,C12H11NS
Nc1ccc([N+](=O)[O-])c(N)c1,"4-nitrobenzene-1,3-diamine",C6H7N3O2
Nc1ccc([N+](=O)[O-])c(O)c1,5-amino-2-nitrophenol,C6H6N2O3
Nc1ccc([N+](=O)[O-])cc1,4-nitroaniline,C6H6N2O2
Nc1ccc([N+](=O)[O-])cc1Cl,2-chloro-4-nitroaniline,C6H5ClN2O2
Nc1ccc([N+](=O)[O-])cc1N,"4-nitrobenzene-1,2-diamine",C6H7N3O2
Nc1ccc([N+](=O)[O-])cc1O,2-amino-5-nitrophenol,C6H6N2O3
Nc1ccc([N+](=O)[O-])cc1[N+](=O)[O-],"2,4-dinitroaniline",C6H5N3O4
Nc1ccc2[nH]c3ccccc3c2c1,9H-carbazol-3-amine,C12H10N2
Nc1ccc2[nH]c3ccccc3c2c1[N+](=O)[O-],4-nitro-9H-carbazol-3-amine,C12H9N3O2
Nc1ccc2c(-c3ccccc3C(=O)O)c3ccc(N)cc3[o+]c2c1,[6-amino-9-(2-carboxyphenyl)xanthen-3-ylidene]azanium,C20H15N2O3+
Nc1ccc2c(N)c3ccccc3nc2c1,"acridine-3,9-diamine",C13H11N3
Nc1ccc2c(=O)[nH]sc2c1,"6-amino-1,2-benzothiazol-3-one",C7H6N2OS
Nc1ccc2c([nH]c3ccccc32)c1[N+](=O)[O-],1-nitro-9H-carbazol-2-amine,C12H9N3O2
Nc1ccc2c(c1)-c1cccc3cccc-2c13,fluoranthen-8-amine,C16H11N
Nc1ccc2c(c1)-c1ccccc1C2,9H-fluoren-3-amine,C13H11N
Nc1ccc2c(c1)C(=O)c1ccc(N)cc1C2=O,"2,6-diaminoanthracene-9,10-dione",C14H10N2O2
Nc1ccc2c(c1)C(=O)c1ccccc1C2=O,"2-aminoanthracene-9,10-dione",C14H9NO2
Nc1ccc2c(c1)CN1C(=O)c3ccccc3C1=N2,"8-amino-10H-isoindolo[1,2-b]quinazolin-12-one",C15H11N3O
Nc1ccc2c(c1)Cc1cc(N)ccc1-2,"9H-fluorene-2,7-diamine",C13H12N2
Nc1ccc2c(c1)Cc1cc([N+](=O)[O-])ccc1-2,7-nitro-9H-fluoren-2-amine,C13H10N2O2
Nc1ccc2c(c1)Cc1ccccc1-2,9H-fluoren-2-amine,C13H11N
Nc1ccc2c(c1)Cn1c-2nc2ccccc2c1=O,"2-amino-12H-isoindolo[1,2-b]quinazolin-10-one",C15H11N3O
Nc1ccc2c(c1)[nH]c1ccccc12,9H-carbazol-2-amine,C12H10N2
Nc1ccc2c(c1)oc1ccccc12,dibenzofuran-3-amine,C12H9NO
Nc1ccc2c(ccc3c4ccccc4ccc23)c1,chrysen-2-amine,C18H13N
Nc1ccc2c(c1N)C(=O)c1ccccc1C2=O,"1,2-diaminoanthracene-9,10-dione",C14H10N2O2
Nc1ccc2c(ccc3ccccc32)c1,phenanthren-2-amine,C14H11N
Nc1ccc2c(n1)[nH]c1ccccc12,"9H-pyrido[2,3-b]indol-2-amine",C11H9N3
Nc1ccc2c(no[n+]2[O-])n1,"1-oxido-[1,2,5]oxadiazolo[3,4-b]pyridin-1-ium-5-amine",C5H4N4O2
Nc1ccc2c3c(cccc13)-c1ccccc1-2,fluoranthen-3-amine,C16H11N
Nc1ccc2cc(S(=O)(=O)O)c(N=Nc3ccc(-c4ccc(N=Nc5c(S(=O)(=O)O)cc6cc(S(=O)(=O)O)cc(N)c6c5O)cc4)cc3)c(O)c2c1,"5-amino-3-[[4-[4-[(7-amino-1-hydroxy-3-sulfonaphthalen-2-yl)diazenyl]phenyl]phenyl]diazenyl]-4-hydroxynaphthalene-2,7-disulfonic acid",C32H24N6O11S3
Nc1ccc2cc(S(=O)(=O)O)c(N=Nc3ccc(-c4ccc(N=Nc5ccc(O)c(C(=O)O)c5)cc4)cc3)c(O)c2c1,5-[[4-[4-[(7-amino-1-hydroxy-3-sulfonaphthalen-2-yl)diazenyl]phenyl]phenyl]diazenyl]-2-hydroxybenzoic acid,C29H21N5O7S
Nc1ccc2cc(S(=O)(=O)O)cc(O)c2c1N=Nc1ccc(-c2ccc(N=Nc3c(N)ccc4cc(S(=O)(=O)O)cc(O)c34)cc2)cc1,6-amino-5-[[4-[4-[(2-amino-8-hydroxy-6-sulfonaphthalen-1-yl)diazenyl]phenyl]phenyl]diazenyl]-4-hydroxynaphthalene-2-sulfonic acid,C32H24N6O8S2
Nc1ccc2cc(S(=O)(=O)O)cc(O)c2c1N=Nc1ccc(-c2ccc(N=Nc3cc(S(=O)(=O)O)c4ccccc4c3N)cc2)cc1,6-amino-5-[[4-[4-[(1-amino-4-sulfonaphthalen-2-yl)diazenyl]phenyl]phenyl]diazenyl]-4-hydroxynaphthalene-2-sulfonic acid,C32H24N6O7S2
Nc1ccc2cc3ccc(N)cc3nc2c1,"acridine-3,6-diamine",C13H11N3
Nc1ccc2cc(S(=O)(=O)O)cc(O)c2c1N=Nc1ccc([N+](=O)[O-])cc1S(=O)(=O)O,6-amino-4-hydroxy-5-[(4-nitro-2-sulfophenyl)diazenyl]naphthalene-2-sulfonic acid,C16H12N4O9S2
Nc1ccc2cc3ccccc3cc2c1,anthracen-2-amine,C14H11N
Nc1ccc2cc3ccccc3nc2c1,acridin-3-amine,C13H10N2
Nc1ccc2ccc3c4ccccc4cc4ccc1c2c43,benzo[a]pyren-3-amine,C20H13N
Nc1ccc2ccc3ccc([N+](=O)[O-])c4ccc1c2c34,8-nitropyren-1-amine,C16H10N2O2
Nc1ccc2ccc3cc4ccccc4c4ccc1c2c34,benzo[a]pyren-1-amine,C20H13N
Nc1ccc2ccc3cccc4ccc1c2c34,pyren-1-amine,C16H11N
Nc1ccc2ccc3ccccc3c2c1,phenanthren-3-amine,C14H11N
Nc1ccc2ccc3ccccc3c2n1,benzo[h]quinolin-2-amine,C13H10N2
Nc1ccc2ccccc2c1,naphthalen-2-amine,C10H9N
Nc1ccc2ccccc2c1N=Nc1ccc([N+](=O)[O-])cc1,1-[(4-nitrophenyl)diazenyl]naphthalen-2-amine,C16H12N4O2
Nc1ccc2cccc3c2c1-c1ccccc1-3,fluoranthen-1-amine,C16H11N
Nc1ccc2ccccc2c1N=Nc1ccccc1,1-phenyldiazenylnaphthalen-2-amine,C16H13N3
Nc1ccc2ccccc2c1S(=O)(=O)O,2-aminonaphthalene-1-sulfonic acid,C10H9NO3S
Nc1ccc2ccccc2n1,quinolin-2-amine,C9H8N2
Nc1ccc2nc3c(N)cccc3nc2c1,"phenazine-1,7-diamine",C12H10N4
Nc1ccc2cccnc2c1,quinolin-7-amine,C9H8N2
Nc1ccc2nc3cc(N)ccc3nc2c1,"phenazine-2,7-diamine",C12H10N4
Nc1ccc2nc3ccc(N)cc3[s+]c2c1,(7-aminophenothiazin-3-ylidene)azanium,C12H10N3S+
Nc1ccc2nc3ccc(N)cc3nc2c1,"phenazine-2,8-diamine",C12H10N4
Nc1ccc2nc3ccccc3c(N)c2c1,"acridine-2,9-diamine",C13H11N3
Nc1ccc2nc3ccccc3cc2c1,acridin-2-amine,C13H10N2
Nc1ccc2nc3ccccc3nc2c1,phenazin-2-amine,C12H9N3
Nc1ccc2nc3ccccn3c2n1,"1,3,8-triazatricyclo[7.4.0.02,7]trideca-2(7),3,5,8,10,12-hexaen-4-amine",C10H8N4
Nc1ccc2ncsc2c1,"1,3-benzothiazol-6-amine",C7H6N2S
Nc1ccc2ncccc2c1,quinolin-6-amine,C9H8N2
Nc1ccc2snc(Cl)c2c1,"3-chloro-1,2-benzothiazol-5-amine",C7H5ClN2S
Nc1ccc2sncc2c1,"1,2-benzothiazol-5-amine",C7H6N2S
Nc1cccc(-c2ccccc2)c1,3-phenylaniline,C12H11N
Nc1cccc(C(F)(F)F)c1,3-(trifluoromethyl)aniline,C7H6F3N
Nc1cccc(Cl)c1,3-chloroaniline,C6H6ClN
Nc1cccc(N)c1,"benzene-1,3-diamine",C6H8N2
Nc1cccc(N)c1C(=O)O,"2,6-diaminobenzoic acid",C7H8N2O2
Nc1cccc(N)n1,"pyridine-2,6-diamine",C5H7N3
Nc1cccc(O)c1,3-aminophenol,C6H7NO
Nc1cccc(S(=O)(=O)O)c1,3-aminobenzenesulfonic acid,C6H7NO3S
Nc1cccc(O)c1[N+](=O)[O-],3-amino-2-nitrophenol,C6H6N2O3
Nc1cccc([N+](=O)[O-])c1CO,(2-amino-6-nitrophenyl)methanol,C7H8N2O3
Nc1cccc([N+](=O)[O-])c1,3-nitroaniline,C6H6N2O2
Nc1cccc([N+](=O)[O-])c1N,"3-nitrobenzene-1,2-diamine",C6H7N3O2
Nc1cccc([N+](=O)[O-])c1O,2-amino-6-nitrophenol,C6H6N2O3
Nc1cccc2c(Cl)nsc12,"3-chloro-1,2-benzothiazol-7-amine",C7H5ClN2S
Nc1cccc2c(N)cccc12,"naphthalene-1,5-diamine",C10H10N2
Nc1cccc2c1-c1cccc3cccc-2c13,fluoranthen-7-amine,C16H11N
Nc1cccc2c(O)nnc(O)c12,"5-amino-2,3-dihydrophthalazine-1,4-dione",C8H7N3O2
Nc1cccc2c1-c1ccccc1C2,9H-fluoren-4-amine,C13H11N
Nc1cccc2c1C(=O)c1cccc(N)c1C2=O,"1,5-diaminoanthracene-9,10-dione",C14H10N2O2
Nc1cccc2c1C(=O)c1ccccc1C2=O,"1-aminoanthracene-9,10-dione",C14H9NO2
Nc1cccc2c1Cc1ccccc1-2,9H-fluoren-1-amine,C13H11N
Nc1cccc2c1ccc1ccccc12,phenanthren-1-amine,C14H11N
Nc1cccc2cc3c(nc12)CCCC3,"5,6,7,8-tetrahydroacridin-4-amine",C13H14N2
Nc1cccc2cc3ccccc3cc12,anthracen-1-amine,C14H11N
Nc1cccc2ccc3ccccc3c12,phenanthren-4-amine,C14H11N
Nc1cccc2cccc(N)c12,"naphthalene-1,8-diamine",C10H10N2
Nc1cccc2ccccc12,naphthalen-1-amine,C10H9N
Nc1cccc2cccnc12,quinolin-8-amine,C9H8N2
Nc1cccc2cnsc12,"1,2-benzothiazol-7-amine",C7H6N2S
Nc1cccc2nc3c(N)cccc3nc12,"phenazine-1,6-diamine",C12H10N4
Nc1cccc2nc3cccc(N)c3nc12,"phenazine-1,9-diamine",C12H10N4
Nc1cccc2nc3ccccc3c(N)c12,"acridine-1,9-diamine",C13H11N3
Nc1cccc2nc3ccccc3cc12,acridin-1-amine,C13H10N2
Nc1cccc2nc3ccccc3nc12,phenazin-1-amine,C12H9N3
Nc1cccc2ncc(F)cc12,3-fluoroquinolin-5-amine,C9H7FN2
Nc1cccc2ncccc12,quinolin-5-amine,C9H8N2
Nc1ccccc1,aniline,C6H7N
Nc1ccccc1-c1ccccc1,2-phenylaniline,C12H11N
Nc1ccccc1C(=O)CC(N)C(=O)O,2-amino-4-(2-aminophenyl)-4-oxobutanoic acid,C10H12N2O3
Nc1ccccc1C(=O)O,2-aminobenzoic acid,C7H7NO2
Nc1ccccc1C(=O)OC/C=C/c1ccccc1,[(E)-3-phenylprop-2-enyl] 2-aminobenzoate,C16H15NO2
Nc1ccccc1C(=O)OC1CCCCC1,cyclohexyl 2-aminobenzoate,C13H17NO2
Nc1ccccc1C(=O)OCCc1ccccc1,2-phenylethyl 2-aminobenzoate,C15H15NO2
Nc1ccccc1C(F)(F)F,2-(trifluoromethyl)aniline,C7H6F3N
Nc1ccccc1N,"benzene-1,2-diamine",C6H8N2
Nc1ccccc1Cl,2-chloroaniline,C6H6ClN
Nc1ccccc1S,2-aminobenzenethiol,C6H7NS
Nc1ccccc1O,2-aminophenol,C6H7NO
Nc1ccccc1S(=O)(=O)O,2-aminobenzenesulfonic acid,C6H7NO3S
Nc1ccccc1SCCSc1ccccc1N,2-[2-(2-aminophenyl)sulfanylethylsulfanyl]aniline,C14H16N2S2
Nc1ccccc1SCSc1ccccc1N,2-[(2-aminophenyl)sulfanylmethylsulfanyl]aniline,C13H14N2S2
Nc1ccccc1[N+](=O)[O-],2-nitroaniline,C6H6N2O2
Nc1ccccn1,pyridin-2-amine,C5H6N2
Nc1ccn(C2C=C(CO)C(O)C2O)c(=O)n1,"4-amino-1-[4,5-dihydroxy-3-(hydroxymethyl)cyclopent-2-en-1-yl]pyrimidin-2-one",C10H13N3O4
Nc1ccn(C2OC(CO)C(O)C2O)c(=O)n1,"4-amino-1-[3,4-dihydroxy-5-(hydroxymethyl)oxolan-2-yl]pyrimidin-2-one",C9H13N3O5
Nc1ccn(C2OC(COP(=O)(O)O)C(O)C2O)c(=O)n1,"[5-(4-amino-2-oxopyrimidin-1-yl)-3,4-dihydroxyoxolan-2-yl]methyl dihydrogen phosphate",C9H14N3O8P
Nc1ccn([C@@H]2CC[C@H](CO)O2)c(=O)n1,"4-amino-1-[(2S,5R)-5-(hydroxymethyl)oxolan-2-yl]pyrimidin-2-one",C9H13N3O3
Nc1ccn([C@@H]2O[C@H](COP(=O)(O)O[C@@H]3[C@@H](CO)O[C@@H](n4cnc5c(N)ncnc54)[C@@H]3O)[C@@H](O)[C@H]2O)c(=O)n1,"[(2R,3S,4R,5R)-5-(4-amino-2-oxopyrimidin-1-yl)-3,4-dihydroxyoxolan-2-yl]methyl [(2R,3S,4R,5R)-5-(6-aminopurin-9-yl)-4-hydroxy-2-(hydroxymethyl)oxolan-3-yl] hydrogen phosphate",C19H25N8O11P
Nc1ccn([C@H]2O[C@@H](COP(=O)(O)O)[C@H](O)[C@H]2O)c(=O)n1,"[(2S,3R,4R,5S)-5-(4-amino-2-oxopyrimidin-1-yl)-3,4-dihydroxyoxolan-2-yl]methyl dihydrogen phosphate",C9H14N3O8P
Nc1ccnc2ccccc12,quinolin-4-amine,C9H8N2
Nc1cnc2c(c1)nc1ccccn12,"1,3,8-triazatricyclo[7.4.0.02,7]trideca-2(7),3,5,8,10,12-hexaen-5-amine",C10H8N4
Nc1cnc2ccc3ccccc3c2c1,benzo[f]quinolin-2-amine,C13H10N2
Nc1cnc2ccccc2c1,quinolin-3-amine,C9H8N2
Nc1cnn(-c2ccccc2)c(=O)c1Cl,5-amino-4-chloro-2-phenylpyridazin-3-one,C10H8ClN3O
Nc1n[nH]c(N)n1,"1H-1,2,4-triazole-3,5-diamine",C2H5N5
Nc1nc(-c2cc([N+](=O)[O-])cs2)cs1,"4-(4-nitrothiophen-2-yl)-1,3-thiazol-2-amine",C7H5N3O2S2
Nc1nc(-c2ccc([N+](=O)[O-])cc2)nc2c1ncn2-c1ccc([N+](=O)[O-])cc1,"2,9-bis(4-nitrophenyl)purin-6-amine",C17H11N7O4
Nc1nc(-c2ccc([N+](=O)[O-])cc2)nc2c1ncn2C1CC(O)C(CO)O1,5-[6-amino-2-(4-nitrophenyl)purin-9-yl]-2-(hydroxymethyl)oxolan-3-ol,C16H16N6O5
Nc1nc(-c2ccc([N+](=O)[O-])cc2)nc2c1ncn2C1OC(CO)C(O)C1O,"2-[6-amino-2-(4-nitrophenyl)purin-9-yl]-5-(hydroxymethyl)oxolane-3,4-diol",C16H16N6O6
Nc1nc(-c2ccc([N+](=O)[O-])o2)cs1,"4-(5-nitrofuran-2-yl)-1,3-thiazol-2-amine",C7H5N3O3S
Nc1nc(-c2ccc([N+](=O)[O-])s2)cs1,"4-(5-nitrothiophen-2-yl)-1,3-thiazol-2-amine",C7H5N3O2S2
Nc1nc(-c2cccc([N+](=O)[O-])c2)nc2c1ncn2C1OC(CO)C(O)C1O,"2-[6-amino-2-(3-nitrophenyl)purin-9-yl]-5-(hydroxymethyl)oxolane-3,4-diol",C16H16N6O6
Nc1nc(-c2ccccc2)c(CCO)c2ncnn12,"2-(5-amino-7-phenyl-[1,2,4]triazolo[1,5-c]pyrimidin-8-yl)ethanol",C13H13N5O
Nc1nc(-c2ccccc2)cs1,"4-phenyl-1,3-thiazol-2-amine",C9H8N2S
Nc1nc(-c2cccnc2)cs1,"4-pyridin-3-yl-1,3-thiazol-2-amine",C8H7N3S
Nc1nc(=O)n(C2CC(O)C(CO)O2)cc1CCCl,4-amino-5-(2-chloroethyl)-1-[4-hydroxy-5-(hydroxymethyl)oxolan-2-yl]pyrimidin-2-one,C11H16ClN3O4
Nc1nc(/C=C\c2ccc([N+](=O)[O-])o2)cs1,"4-[(Z)-2-(5-nitrofuran-2-yl)ethenyl]-1,3-thiazol-2-amine",C9H7N3O3S
Nc1nc(=O)n(C2CC(O)C(CO)O2)cc1I,4-amino-1-[4-hydroxy-5-(hydroxymethyl)oxolan-2-yl]-5-iodopyrimidin-2-one,C9H12IN3O4
Nc1nc(=O)n(C2CC(O)C(CO)O2)cc1O,4-amino-5-hydroxy-1-[4-hydroxy-5-(hydroxymethyl)oxolan-2-yl]pyrimidin-2-one,C9H13N3O5
Nc1nc(Cl)cc(Cl)n1,"4,6-dichloropyrimidin-2-amine",C4H3Cl2N3
Nc1nc(=O)n(C2OC(CO)C(O)C2O)cc1O,"4-amino-1-[3,4-dihydroxy-5-(hydroxymethyl)oxolan-2-yl]-5-hydroxypyrimidin-2-one",C9H13N3O6
Nc1nc(N)c2[nH]cnc2n1,"7H-purine-2,6-diamine",C5H6N6
Nc1nc(N)c2nc(-c3ccccc3)c(N)nc2n1,"6-phenylpteridine-2,4,7-triamine",C12H11N7
Nc1nc(N)nc(-c2ccc([N+](=O)[O-])o2)n1,"6-(5-nitrofuran-2-yl)-1,3,5-triazine-2,4-diamine",C7H6N6O3
Nc1nc(N)nc(Cl)n1,"6-chloro-1,3,5-triazine-2,4-diamine",C3H4ClN5
Nc1nc(N)nc(N)n1,"1,3,5-triazine-2,4,6-triamine",C3H6N6
Nc1nc(NO)c2[nH]cnc2n1,N-(2-amino-7H-purin-6-yl)hydroxylamine,C5H6N6O
Nc1nc(NO)c2ncn(C3OC(CO)C(O)C3O)c2n1,"2-[2-amino-6-(hydroxyamino)purin-9-yl]-5-(hydroxymethyl)oxolane-3,4-diol",C10H14N6O5
Nc1nc(O)c2[nH]nnc2n1,"5-amino-2,6-dihydrotriazolo[4,5-d]pyrimidin-7-one",C4H4N6O
Nc1nc(O)c2nc(CNc3ccc(C(=O)NC(CCC(=O)O)C(=O)O)cc3)cnc2n1,2-[[4-[(2-amino-4-oxo-3H-pteridin-6-yl)methylamino]benzoyl]amino]pentanedioic acid,C19H19N7O6
Nc1nc(O)c2nc(CNc3ccc(C(=O)N[C@@H](CCC(=O)O)C(=O)O)cc3)cnc2n1,(2S)-2-[[4-[(2-amino-4-oxo-3H-pteridin-6-yl)methylamino]benzoyl]amino]pentanedioic acid,C19H19N7O6
Nc1nc(O)c2nc(O)n(C3OC(CO)C(O)C3O)c2n1,"2-amino-9-[3,4-dihydroxy-5-(hydroxymethyl)oxolan-2-yl]-1,7-dihydropurine-6,8-dione",C10H13N5O6
Nc1nc(O)c2nc(O)n(C3CC(O)C(CO)O3)c2n1,"2-amino-9-[4-hydroxy-5-(hydroxymethyl)oxolan-2-yl]-1,7-dihydropurine-6,8-dione",C10H13N5O5
Nc1nc(O)c2ncn(C3C=CC(CO)C3)c2n1,2-amino-9-[4-(hydroxymethyl)cyclopent-2-en-1-yl]-1H-purin-6-one,C11H13N5O2
Nc1nc(O)c2ncn(C3OC(COP(=O)(O)O)C(O)C3O)c2n1,"[5-(2-amino-6-oxo-1H-purin-9-yl)-3,4-dihydroxyoxolan-2-yl]methyl dihydrogen phosphate",C10H14N5O8P
Nc1nc(O)nc2c1ncn2C1CC(O)C(CO)O1,6-amino-9-[4-hydroxy-5-(hydroxymethyl)oxolan-2-yl]-1H-purin-2-one,C10H13N5O4
Nc1nc(O)nc2c1ncn2C1OC(CO)C(O)C1O,"6-amino-9-[3,4-dihydroxy-5-(hydroxymethyl)oxolan-2-yl]-1H-purin-2-one",C10H13N5O5
Nc1nc2c(Cl)cccc2s1,"4-chloro-1,3-benzothiazol-2-amine",C7H5ClN2S
Nc1nc2c(ccc3ncccc32)s1,"[1,3]thiazolo[4,5-f]quinolin-2-amine",C10H7N3S
Nc1nc2c(s1)CCC1NCCCC21,"4,5,5a,6,7,8,9,9a-octahydro-[1,3]thiazolo[4,5-f]quinolin-2-amine",C10H15N3S
Nc1nc2c(s1)CCc1ncccc1-2,"4,5-dihydro-[1,3]thiazolo[4,5-f]quinolin-2-amine",C10H9N3S
Nc1nc2cc(Cl)c(Cl)cc2s1,"5,6-dichloro-1,3-benzothiazol-2-amine",C7H4Cl2N2S
Nc1nc2cc(Cl)ccc2[nH]1,6-chloro-1H-benzimidazol-2-amine,C7H6ClN3
Nc1nc2cc(O)ccc2[nH]1,2-amino-3H-benzimidazol-5-ol,C7H7N3O
Nc1nc2ccccc2[nH]1,1H-benzimidazol-2-amine,C7H7N3
Nc1nc2ccc([N+](=O)[O-])cc2s1,"6-nitro-1,3-benzothiazol-2-amine",C7H5N3O2S
Nc1nc2ccccc2s1,"1,3-benzothiazol-2-amine",C7H6N2S
Nc1nc2ncnc-2c[nH]1,7H-purin-2-amine,C5H5N5
Nc1nc[nH]n1,"1H-1,2,4-triazol-5-amine",C2H4N4
Nc1ncc([N+](=O)[O-])s1,"5-nitro-1,3-thiazol-2-amine",C3H3N3O2S
Nc1nccs1,"1,3-thiazol-2-amine",C3H4N2S
Nc1ncn(C2OC(CO)C(O)C2O)c(=O)n1,"4-amino-1-[3,4-dihydroxy-5-(hydroxymethyl)oxolan-2-yl]-1,3,5-triazin-2-one",C8H12N4O5
Nc1ncn([C@@H]2O[C@H](CO)[C@@H](O)[C@H]2O)c(=O)n1,"4-amino-1-[(2R,3R,4S,5R)-3,4-dihydroxy-5-(hydroxymethyl)oxolan-2-yl]-1,3,5-triazin-2-one",C8H12N4O5
Nc1ncnc2c1nc(-c1ccc([N+](=O)[O-])cc1)n2-c1ccc([N+](=O)[O-])cc1,"8,9-bis(4-nitrophenyl)purin-6-amine",C17H11N7O4
Nc1ncnc2c1ncn2-c1ccc([N+](=O)[O-])cc1,9-(4-nitrophenyl)purin-6-amine,C11H8N6O2
Nc1ncnc2c1ncn2-c1ccc([N+](=O)[O-])cc1[N+](=O)[O-],"9-(2,4-dinitrophenyl)purin-6-amine",C11H7N7O4
Nc1ncnc2c1ncn2C(c1ccccc1)(c1ccccc1)c1ccccc1,9-tritylpurin-6-amine,C24H19N5
Nc1ncnc2c1ncn2C(c1ccccc1)c1ccccc1,9-benzhydrylpurin-6-amine,C18H15N5
Nc1ncnc2c1ncn2C1CC(O)C(CO)O1,5-(6-aminopurin-9-yl)-2-(hydroxymethyl)oxolan-3-ol,C10H13N5O3
Nc1ncnc2c1ncn2C1CCC(CO)O1,[5-(6-aminopurin-9-yl)oxolan-2-yl]methanol,C10H13N5O2
Nc1ncnc2c1ncn2C1OC(CO)C(O)C1O,"2-(6-aminopurin-9-yl)-5-(hydroxymethyl)oxolane-3,4-diol",C10H13N5O4
Nc1ncnc2c1ncn2Cc1ccc([N+](=O)[O-])cc1,9-[(4-nitrophenyl)methyl]purin-6-amine,C12H10N6O2
Nc1ncnc2c1ncn2Cc1ccccc1,9-benzylpurin-6-amine,C12H11N5
Nc1ncnc2c1ncn2C1OC(CO)CC1O,2-(6-aminopurin-9-yl)-5-(hydroxymethyl)oxolan-3-ol,C10H13N5O3
Nc1nnc(S)s1,"5-amino-3H-1,3,4-thiadiazole-2-thione",C2H3N3S2
Nc1ncnc2c1ncn2[C@@H]1CC[C@H](CO)O1,"[(2R,5S)-5-(6-aminopurin-9-yl)oxolan-2-yl]methanol",C10H13N5O2
Nc1snc2c(Cl)cc(Cl)cc12,"5,7-dichloro-2,1-benzothiazol-3-amine",C7H4Cl2N2S
Nc1snc2cc(Cl)ccc12,"6-chloro-2,1-benzothiazol-3-amine",C7H5ClN2S
Nc1snc2ccc(Cl)cc12,"5-chloro-2,1-benzothiazol-3-amine",C7H5ClN2S
Nc1snc2ccc([N+](=O)[O-])cc12,"5-nitro-2,1-benzothiazol-3-amine",C7H5N3O2S
Nn1c2ccccc2c2cnccc21,"pyrido[4,3-b]indol-5-amine",C11H9N3
Nn1nnc2c3ccccc3nc-2c1O,"3-amino-5H-triazino[5,4-b]indol-4-one",C9H7N5O
O/N=C/C=N/O,(NE)-N-[(2E)-2-hydroxyiminoethylidene]hydroxylamine,C2H4N2O2
O/N=C/c1ccccn1,(NE)-N-(pyridin-2-ylmethylidene)hydroxylamine,C6H6N2O
O/N=C/c1ccncc1,(NE)-N-(pyridin-4-ylmethylidene)hydroxylamine,C6H6N2O
O=C(/C=C/C=C/c1ccc2c(c1)OCO2)N1CCCCC1,"(2E,4E)-5-(1,3-benzodioxol-5-yl)-1-piperidin-1-ylpenta-2,4-dien-1-one",C17H19NO3
O=C(/C=C/c1ccc(-c2ccccc2)cc1)c1ccccc1,(E)-1-phenyl-3-(4-phenylphenyl)prop-2-en-1-one,C21H16O
O=C(/C=C/c1ccc(Br)cc1)c1ccccc1,(E)-3-(4-bromophenyl)-1-phenylprop-2-en-1-one,C15H11BrO
O=C(/C=C/c1ccc(F)cc1)c1ccccc1,(E)-3-(4-fluorophenyl)-1-phenylprop-2-en-1-one,C15H11FO
O=C(/C=C/c1ccc(O)cc1)c1ccccc1,(E)-3-(4-hydroxyphenyl)-1-phenylprop-2-en-1-one,C15H12O2
O=C(/C=C/c1ccc(Oc2ccccc2)cc1)c1ccccc1,(E)-3-(4-phenoxyphenyl)-1-phenylprop-2-en-1-one,C21H16O2
O=C(/C=C/c1ccc([N+](=O)[O-])cc1)c1ccc([N+](=O)[O-])cc1,"(E)-1,3-bis(4-nitrophenyl)prop-2-en-1-one",C15H10N2O5
O=C(/C=C/c1ccc([N+](=O)[O-])cc1)c1ccccc1,(E)-3-(4-nitrophenyl)-1-phenylprop-2-en-1-one,C15H11NO3
O=C(/C=C/c1ccc([N+](=O)[O-])o1)N/N=C/c1ccc([N+](=O)[O-])o1,(E)-3-(5-nitrofuran-2-yl)-N-[(E)-(5-nitrofuran-2-yl)methylideneamino]prop-2-enamide,C12H8N4O7
O=C(/C=C/c1cccc([N+](=O)[O-])c1)c1ccccc1,(E)-3-(3-nitrophenyl)-1-phenylprop-2-en-1-one,C15H11NO3
O=C(/C=C/c1ccccc1)OC/C=C/c1ccccc1,[(E)-3-phenylprop-2-enyl] (E)-3-phenylprop-2-enoate,C18H16O2
O=C(/C=C/c1ccccc1)c1ccc(-c2ccccc2)cc1,(E)-3-phenyl-1-(4-phenylphenyl)prop-2-en-1-one,C21H16O
O=C(/C=C/c1ccccc1)c1ccc(Br)cc1,(E)-1-(4-bromophenyl)-3-phenylprop-2-en-1-one,C15H11BrO
O=C(/C=C/c1ccccc1)c1ccc(F)cc1,(E)-1-(4-fluorophenyl)-3-phenylprop-2-en-1-one,C15H11FO
O=C(/C=C/c1ccccc1)c1ccc(O)cc1,(E)-1-(4-hydroxyphenyl)-3-phenylprop-2-en-1-one,C15H12O2
O=C(/C=C/c1ccccc1)c1ccc([N+](=O)[O-])cc1,(E)-1-(4-nitrophenyl)-3-phenylprop-2-en-1-one,C15H11NO3
O=C(/C=C/c1ccccc1)c1ccccc1,"(E)-1,3-diphenylprop-2-en-1-one",C15H12O
O=C(/C=C\c1ccc(O)c(O)c1)O[C@@H]1C[C@](O)(C(=O)O)C[C@H](O)[C@H]1O,"(1S,3R,4R,5S)-3-[(Z)-3-(3,4-dihydroxyphenyl)prop-2-enoyl]oxy-1,4,5-trihydroxycyclohexane-1-carboxylic acid",C16H18O9
O=C(/C=C/c1ccccc1[N+](=O)[O-])c1ccccc1,(E)-3-(2-nitrophenyl)-1-phenylprop-2-en-1-one,C15H11NO3
O=C(/N=c1\sn(C(=O)c2ccc(Cl)c(Cl)c2)c2ccc([N+](=O)[O-])cc12)c1ccc(Cl)c(Cl)c1,"3,4-dichloro-N-[1-(3,4-dichlorobenzoyl)-5-nitro-2,1-benzothiazol-3-ylidene]benzamide",C21H9Cl4N3O4S
O=C(/C=N/O)Nc1ccccc1,(2E)-2-hydroxyimino-N-phenylacetamide,C8H8N2O2
O=C(/N=c1\sn(C(=O)c2ccc(Cl)cc2)c2ccc([N+](=O)[O-])cc12)c1ccc(Cl)cc1,"4-chloro-N-[1-(4-chlorobenzoyl)-5-nitro-2,1-benzothiazol-3-ylidene]benzamide",C21H11Cl2N3O4S
O=C(/N=c1\sn(C(=O)c2cccc(Cl)c2)c2ccc([N+](=O)[O-])cc12)c1cccc(Cl)c1,"3-chloro-N-[1-(3-chlorobenzoyl)-5-nitro-2,1-benzothiazol-3-ylidene]benzamide",C21H11Cl2N3O4S
O=C(/N=c1\sn(C(=O)c2ccc([N+](=O)[O-])cc2)c2ccc([N+](=O)[O-])cc12)c1ccc([N+](=O)[O-])cc1,"4-nitro-N-[5-nitro-1-(4-nitrobenzoyl)-2,1-benzothiazol-3-ylidene]benzamide",C21H11N5O8S
O=C(/N=c1\sn(C(=O)c2cccc([N+](=O)[O-])c2)c2ccc([N+](=O)[O-])cc12)c1cccc([N+](=O)[O-])c1,"3-nitro-N-[5-nitro-1-(3-nitrobenzoyl)-2,1-benzothiazol-3-ylidene]benzamide",C21H11N5O8S
O=C(/N=c1\sn(C(=O)c2ccccc2)c2ccc([N+](=O)[O-])cc12)c1ccccc1,"N-(1-benzoyl-5-nitro-2,1-benzothiazol-3-ylidene)benzamide",C21H13N3O4S
O=C(/N=c1\sn(C(=O)c2ccccc2Cl)c2ccc([N+](=O)[O-])cc12)c1ccccc1Cl,"2-chloro-N-[1-(2-chlorobenzoyl)-5-nitro-2,1-benzothiazol-3-ylidene]benzamide",C21H11Cl2N3O4S
O=C(/N=c1\sn(C(=O)c2ccccc2[N+](=O)[O-])c2ccc([N+](=O)[O-])cc12)c1ccccc1[N+](=O)[O-],"2-nitro-N-[5-nitro-1-(2-nitrobenzoyl)-2,1-benzothiazol-3-ylidene]benzamide",C21H11N5O8S
O=C(C(=O)c1ccccc1)c1ccccc1,"1,2-diphenylethane-1,2-dione",C14H10O2
O=C(C(Cl)Cl)C(Cl)(Cl)Cl,"1,1,1,3,3-pentachloropropan-2-one",C3HCl5O
O=C(C(Cl)Cl)C(Cl)Cl,"1,1,3,3-tetrachloropropan-2-one",C3H2Cl4O
O=C(C(Cl)Cl)N1CCN(c2ncc([N+](=O)[O-])s2)C1=O,"1-(2,2-dichloroacetyl)-3-(5-nitro-1,3-thiazol-2-yl)imidazolidin-2-one",C8H6Cl2N4O4S
O=C(C(F)(F)F)C(F)(F)F,"1,1,1,3,3,3-hexafluoropropan-2-one",C3F6O
O=C(C1CCCCC1)N1CC(=O)N2CCc3ccccc3C2C1,"2-(cyclohexanecarbonyl)-3,6,7,11b-tetrahydro-1H-pyrazino[2,1-a]isoquinolin-4-one",C19H24N2O2
O=C(C1CCCCC1)N1CC(=O)N2CCc3ccccc3[C@H]2C1,"(11bS)-2-(cyclohexanecarbonyl)-3,6,7,11b-tetrahydro-1H-pyrazino[2,1-a]isoquinolin-4-one",C19H24N2O2
O=C(C=Cc1ccc(O)c(O)c1)OC1CC(O)(C(=O)O)CC(O)C1O,"3-[3-(3,4-dihydroxyphenyl)prop-2-enoyloxy]-1,4,5-trihydroxycyclohexane-1-carboxylic acid",C16H18O9
O=C(CBr)NCc1ccccc1,N-benzyl-2-bromoacetamide,C9H10BrNO
O=C(CBr)Nc1ccccc1,2-bromo-N-phenylacetamide,C8H8BrNO
O=C(CBr)c1ccc(Br)cc1,2-bromo-1-(4-bromophenyl)ethanone,C8H6Br2O
O=C(CBr)c1ccc(-c2ccccc2)cc1,2-bromo-1-(4-phenylphenyl)ethanone,C14H11BrO
O=C(CBr)c1oc([N+](=O)[O-])c(-c2ccccc2)c1-c1ccccc1,"2-bromo-1-(5-nitro-3,4-diphenylfuran-2-yl)ethanone",C18H12BrNO4
O=C(CBr)c1ccccc1,2-bromo-1-phenylethanone,C8H7BrO
O=C(CBr)c1oc([N+](=O)[O-])c(Cl)c1Cl,"2-bromo-1-(3,4-dichloro-5-nitrofuran-2-yl)ethanone",C6H2BrCl2NO4
O=C(CC(O)(CC(=O)OCCBr)C(=O)OCCBr)OCCBr,"tris(2-bromoethyl) 2-hydroxypropane-1,2,3-tricarboxylate",C12H17Br3O7
O=C(CC(O)C(=O)OCCBr)OCCBr,bis(2-bromoethyl) 2-hydroxybutanedioate,C8H12Br2O5
O=C(CCBr)N1CCN(C(=O)CCBr)CC1,3-bromo-1-[4-(3-bromopropanoyl)piperazin-1-yl]propan-1-one,C10H16Br2N2O2
O=C(CCCCl)/N=c1\sn(C(=O)CCCCl)c2ccc([N+](=O)[O-])cc12,"4-chloro-N-[1-(4-chlorobutanoyl)-5-nitro-2,1-benzothiazol-3-ylidene]butanamide",C15H15Cl2N3O4S
O=C(CCCN1CCC(O)(c2ccc(Cl)cc2)CC1)c1ccc(F)cc1,4-[4-(4-chlorophenyl)-4-hydroxypiperidin-1-yl]-1-(4-fluorophenyl)butan-1-one,C21H23ClFNO2
O=C(CCCCl)/N=c1\sn(C(=O)CCCCl)c2ccccc12,"4-chloro-N-[1-(4-chlorobutanoyl)-2,1-benzothiazol-3-ylidene]butanamide",C15H16Cl2N2O2S
O=C(CCCl)/N=c1\sn(C(=O)CCCl)c2ccc([N+](=O)[O-])cc12,"3-chloro-N-[1-(3-chloropropanoyl)-5-nitro-2,1-benzothiazol-3-ylidene]propanamide",C13H11Cl2N3O4S
O=C(CCCN1CCN(c2ccccn2)CC1)c1ccc(F)cc1,1-(4-fluorophenyl)-4-(4-pyridin-2-ylpiperazin-1-yl)butan-1-one,C19H22FN3O
O=C(CCNNC(=O)c1ccncc1)NCc1ccccc1,N-benzyl-3-[2-(pyridine-4-carbonyl)hydrazinyl]propanamide,C16H18N4O2
O=C(CCCl)/N=c1\sn(C(=O)CCCl)c2ccccc12,"3-chloro-N-[1-(3-chloropropanoyl)-2,1-benzothiazol-3-ylidene]propanamide",C13H12Cl2N2O2S
O=C(CCc1ccc(O)cc1)c1c(O)cc(O)cc1O,"3-(4-hydroxyphenyl)-1-(2,4,6-trihydroxyphenyl)propan-1-one",C15H14O5
O=C(CCl)CCl,"1,3-dichloropropan-2-one",C3H4Cl2O
O=C(CCl)NCO,2-chloro-N-(hydroxymethyl)acetamide,C3H6ClNO2
O=C(CCl)NCc1ccccc1,N-benzyl-2-chloroacetamide,C9H10ClNO
O=C(CCl)Nc1snc2cc(Cl)ccc12,"2-chloro-N-(6-chloro-2,1-benzothiazol-3-yl)acetamide",C9H6Cl2N2OS
O=C(CCl)Nc1snc2ccc(Cl)cc12,"2-chloro-N-(5-chloro-2,1-benzothiazol-3-yl)acetamide",C9H6Cl2N2OS
O=C(CCl)Nc1snc2ccccc12,"N-(2,1-benzothiazol-3-yl)-2-chloroacetamide",C9H7ClN2OS
O=C(CCl)c1ccc(Cl)cc1Cl,"2-chloro-1-(2,4-dichlorophenyl)ethanone",C8H5Cl3O
O=C(CCl)c1ccccc1,2-chloro-1-phenylethanone,C8H7ClO
O=C(CNC(=O)c1ccccc1)NO,N-[2-(hydroxyamino)-2-oxoethyl]benzamide,C9H10N2O3
O=C(CO)CO,"1,3-dihydroxypropan-2-one",C3H6O3
O=C(CO)N(O)c1ccc(Cl)cc1,"N-(4-chlorophenyl)-N,2-dihydroxyacetamide",C8H8ClNO3
O=C(COc1cc(Cl)c(Cl)cc1Cl)NC(Cc1c[nH]c2ccccc12)C(=O)O,"3-(1H-indol-3-yl)-2-[[2-(2,4,5-trichlorophenoxy)acetyl]amino]propanoic acid",C19H15Cl3N2O4
O=C(COc1ccc(Cl)cc1Cl)NC(Cc1c[nH]c2ccccc12)C(=O)O,"2-[[2-(2,4-dichlorophenoxy)acetyl]amino]-3-(1H-indol-3-yl)propanoic acid",C19H16Cl2N2O4
O=C(Cc1ccccc1)OCc1ccccc1,benzyl 2-phenylacetate,C15H14O2
O=C(Cl)C(Cl)Cl,"2,2-dichloroacetyl chloride",C2HCl3O
O=C(Cl)CCc1ccccc1,3-phenylpropanoyl chloride,C9H9ClO
O=C(Cl)C(Cl)c1ccccc1,2-chloro-2-phenylacetyl chloride,C8H6Cl2O
O=C(Cl)OCC1c2ccccc2-c2ccccc21,9H-fluoren-9-ylmethyl carbonochloridate,C15H11ClO2
O=C(Cl)Cc1ccccc1,2-phenylacetyl chloride,C8H7ClO
O=C(Cl)OCc1ccccc1,benzyl carbonochloridate,C8H7ClO2
O=C(Cl)OCCCl,2-chloroethyl carbonochloridate,C3H4Cl2O2
O=C(Cl)c1c(Cl)cccc1Cl,"2,6-dichlorobenzoyl chloride",C7H3Cl3O
O=C(Cl)c1cc([N+](=O)[O-])cc([N+](=O)[O-])c1,"3,5-dinitrobenzoyl chloride",C7H3ClN2O5
O=C(Cl)c1ccc(C(=O)Cl)cc1,"benzene-1,4-dicarbonyl chloride",C8H4Cl2O2
O=C(Cl)c1ccc(Cl)cc1,4-chlorobenzoyl chloride,C7H4Cl2O
O=C(Cl)c1ccc(Cl)cc1Cl,"2,4-dichlorobenzoyl chloride",C7H3Cl3O
O=C(Cl)c1ccc([N+](=O)[O-])cc1,4-nitrobenzoyl chloride,C7H4ClNO3
O=C(Cl)c1cccc(Cl)c1,3-chlorobenzoyl chloride,C7H4Cl2O
O=C(Cl)c1cccc([N+](=O)[O-])c1,3-nitrobenzoyl chloride,C7H4ClNO3
O=C(Cl)c1ccccc1C(=O)Cl,"benzene-1,2-dicarbonyl chloride",C8H4Cl2O2
O=C(Cl)c1ccccc1,benzoyl chloride,C7H5ClO
O=C(Cl)c1ccccc1Cl,2-chlorobenzoyl chloride,C7H4Cl2O
O=C(Cl)c1ccccc1F,2-fluorobenzoyl chloride,C7H4ClFO
O=C(Cl)c1ccccc1[N+](=O)[O-],2-nitrobenzoyl chloride,C7H4ClNO3
O=C(Cn1c(=O)sc2ccccc21)OCc1ccccc1,"benzyl 2-(2-oxo-1,3-benzothiazol-3-yl)acetate",C16H13NO3S
O=C(Cn1ccnc1[N+](=O)[O-])NCc1ccccc1,N-benzyl-2-(2-nitroimidazol-1-yl)acetamide,C12H12N4O3
O=C(N/N=C/c1ccc([N+](=O)[O-])o1)c1ccc(O)cc1,4-hydroxy-N-[(E)-(5-nitrofuran-2-yl)methylideneamino]benzamide,C12H9N3O5
O=C(NC(=O)c1c(F)cccc1F)Nc1cc(Cl)c(Oc2ncc(C(F)(F)F)cc2Cl)c(Cl)c1,"N-[[3,5-dichloro-4-[[3-chloro-5-(trifluoromethyl)-2-pyridinyl]oxy]phenyl]carbamoyl]-2,6-difluorobenzamide",C20H9Cl3F5N3O3
O=C(NC(=O)c1c(F)cccc1F)Nc1ccc(Cl)cc1,"N-[(4-chlorophenyl)carbamoyl]-2,6-difluorobenzamide",C14H9ClF2N2O2
O=C(NC(CO)C(O)c1ccc([N+](=O)[O-])cc1)C(Cl)Cl,"2,2-dichloro-N-[1,3-dihydroxy-1-(4-nitrophenyl)propan-2-yl]acetamide",C11H12Cl2N2O5
O=C(NC(Cc1cc(O)nc2ccccc12)C(=O)O)c1ccc(Cl)cc1,2-[(4-chlorobenzoyl)amino]-3-(2-oxo-1H-quinolin-4-yl)propanoic acid,C19H15ClN2O4
O=C(NC(S)c1nc2ccccc2s1)NC(S)c1nc2ccccc2s1,"1,3-bis[1,3-benzothiazol-2-yl(sulfanyl)methyl]urea",C17H14N4OS4
O=C(NCCCl)Nc1ccc([N+](=O)[O-])s1,,C7H8ClN3O3S
O=C(NCCCl)Nc1ncc([N+](=O)[O-])s1,"1-(2-chloroethyl)-3-(5-nitro-1,3-thiazol-2-yl)urea",C6H7ClN4O3S
O=C(NCCCl)Sc1[nH]cnc2ncnc1-2,S-(7H-purin-6-yl) N-(2-chloroethyl)carbamothioate,C8H8ClN5OS
O=C(NCO)NCO,"1,3-bis(hydroxymethyl)urea",C3H8N2O3
O=C(NCO)c1ccc(Cl)cc1,4-chloro-N-(hydroxymethyl)benzamide,C8H8ClNO2
O=C(NCc1ccccc1)C(Br)c1ccccc1,N-benzyl-2-bromo-2-phenylacetamide,C15H14BrNO
O=C(NCc1ccccc1)C(Cl)c1ccccc1,N-benzyl-2-chloro-2-phenylacetamide,C15H14ClNO
O=C(NCc1ccccc1)C1CO1,N-benzyloxirane-2-carboxamide,C10H11NO2
O=C(NO)c1ccc(O)c(O)c1,"N,3,4-trihydroxybenzamide",C7H7NO4
O=C(NO)c1ccc2ccccc2c1,N-hydroxynaphthalene-2-carboxamide,C11H9NO2
O=C(NO)c1ccccc1,N-hydroxybenzamide,C7H7NO2
O=C(NO)c1ccccc1O,"N,2-dihydroxybenzamide",C7H7NO3
O=C(Nc1cc(Cl)cc(Cl)c1O)c1c(O)c(Cl)cc(Cl)c1Cl,"2,3,5-trichloro-N-(3,5-dichloro-2-hydroxyphenyl)-6-hydroxybenzamide",C13H6Cl5NO3
O=C(Nc1ccc(Br)cc1)c1cc(Br)cc(Br)c1O,"3,5-dibromo-N-(4-bromophenyl)-2-hydroxybenzamide",C13H8Br3NO2
O=C(Nc1ccc(Br)cc1)c1csc([N+](=O)[O-])c1,N-(4-bromophenyl)-5-nitrothiophene-3-carboxamide,C11H7BrN2O3S
O=C(Nc1ccc(Cl)cc1)Nc1ccc(Cl)c(Cl)c1,"1-(4-chlorophenyl)-3-(3,4-dichlorophenyl)urea",C13H9Cl3N2O
O=C(Nc1ccc(Cl)cc1)c1csc([N+](=O)[O-])c1,N-(4-chlorophenyl)-5-nitrothiophene-3-carboxamide,C11H7ClN2O3S
O=C(Nc1ccc(F)cc1)c1csc([N+](=O)[O-])c1,N-(4-fluorophenyl)-5-nitrothiophene-3-carboxamide,C11H7FN2O3S
O=C(Nc1ccc([N+](=O)[O-])cc1)c1csc([N+](=O)[O-])c1,5-nitro-N-(4-nitrophenyl)thiophene-3-carboxamide,C11H7N3O5S
O=C(Nc1ccc([N+](=O)[O-])cc1Cl)c1cc(Cl)ccc1O,5-chloro-N-(2-chloro-4-nitrophenyl)-2-hydroxybenzamide,C13H8Cl2N2O4
O=C(Nc1ccc2c(c1)Cc1ccccc1-2)c1ccccc1,N-(9H-fluoren-2-yl)benzamide,C20H15NO
O=C(Nc1cccc(Br)c1)c1csc([N+](=O)[O-])c1,N-(3-bromophenyl)-5-nitrothiophene-3-carboxamide,C11H7BrN2O3S
O=C(Nc1cccc(Cl)c1)c1csc([N+](=O)[O-])c1,N-(3-chlorophenyl)-5-nitrothiophene-3-carboxamide,C11H7ClN2O3S
O=C(Nc1cccc(F)c1)c1csc([N+](=O)[O-])c1,N-(3-fluorophenyl)-5-nitrothiophene-3-carboxamide,C11H7FN2O3S
O=C(Nc1cccc([N+](=O)[O-])c1)c1csc([N+](=O)[O-])c1,5-nitro-N-(3-nitrophenyl)thiophene-3-carboxamide,C11H7N3O5S
O=C(Nc1cccc2c(=O)c3c(ccc4c5cc(NC(=O)c6ccccc6)c6c(=O)c7ccccc7c(=O)c6c5[nH]c43)c(=O)c12)c1ccccc1,"N-(28-benzamido-6,13,19,26-tetraoxo-16-azaheptacyclo[15.12.0.02,15.05,14.07,12.018,27.020,25]nonacosa-1(29),2(15),3,5(14),7(12),8,10,17,20,22,24,27-dodecaen-8-yl)benzamide",C42H23N3O6
O=C(Nc1cccc2c1C(=O)c1cccc(Cl)c1C2=O)c1ccccc1,"N-(5-chloro-9,10-dioxoanthracen-1-yl)benzamide",C21H12ClNO3
O=C(Nc1ccccc1)C1CO1,N-phenyloxirane-2-carboxamide,C9H9NO2
O=C(Nc1ccccc1)Nc1ccccc1,"1,3-diphenylurea",C13H12N2O
O=C(Nc1ccccc1)Nc1snc2ccccc12,"1-(2,1-benzothiazol-3-yl)-3-phenylurea",C14H11N3OS
O=C(Nc1ccccc1)c1cc2ccccc2c(N=Nc2cc(Cl)ccc2Cl)c1O,"4-[(2,5-dichlorophenyl)diazenyl]-3-hydroxy-N-phenylnaphthalene-2-carboxamide",C23H15Cl2N3O2
O=C(Nc1ccccc1)c1csc([N+](=O)[O-])c1,5-nitro-N-phenylthiophene-3-carboxamide,C11H8N2O3S
O=C(Nc1ccccc1Br)c1csc([N+](=O)[O-])c1,N-(2-bromophenyl)-5-nitrothiophene-3-carboxamide,C11H7BrN2O3S
O=C(Nc1ccccc1Cl)c1csc([N+](=O)[O-])c1,N-(2-chlorophenyl)-5-nitrothiophene-3-carboxamide,C11H7ClN2O3S
O=C(Nc1ccccc1F)c1csc([N+](=O)[O-])c1,N-(2-fluorophenyl)-5-nitrothiophene-3-carboxamide,C11H7FN2O3S
O=C(Nc1ccccc1[N+](=O)[O-])c1csc([N+](=O)[O-])c1,5-nitro-N-(2-nitrophenyl)thiophene-3-carboxamide,C11H7N3O5S
O=C(Nc1nc(-c2ccc([N+](=O)[O-])o2)cs1)C(F)(F)F,"2,2,2-trifluoro-N-[4-(5-nitrofuran-2-yl)-1,3-thiazol-2-yl]acetamide",C9H4F3N3O4S
O=C(Nc1snc2ccccc12)c1ccccc1,"N-(2,1-benzothiazol-3-yl)benzamide",C14H10N2OS
O=C(O)/C(Cl)=C(/CCl)C(Cl)Cl,"(E)-2,4,4-trichloro-3-(chloromethyl)but-2-enoic acid",C5H4Cl4O2
O=C(O)/C(Cl)=C(\C(=O)O)C(Cl)Cl,(Z)-2-chloro-3-(dichloromethyl)but-2-enedioic acid,C5H3Cl3O4
O=C(O)/C(Cl)=C(\CCl)C(=O)O,(E)-2-chloro-3-(chloromethyl)but-2-enedioic acid,C5H4Cl2O4
O=C(O)/C(Cl)=C(\CO)C(Cl)Cl,"(Z)-2,4,4-trichloro-3-(hydroxymethyl)but-2-enoic acid",C5H5Cl3O3
O=C(O)/C=C(/CC(=O)O)C(=O)O,"(Z)-prop-1-ene-1,2,3-tricarboxylic acid",C6H6O6
O=C(O)/C=C(\Br)C(=O)c1ccccc1,(Z)-3-bromo-4-oxo-4-phenylbut-2-enoic acid,C10H7BrO3
O=C(O)/C=C/C=C/C(=O)O,"(2E,4E)-hexa-2,4-dienedioic acid",C6H6O4
O=C(O)/C=C/Cl,(E)-3-chloroprop-2-enoic acid,C3H3ClO2
O=C(O)/C=C/c1c[nH]cn1,(E)-3-(1H-imidazol-5-yl)prop-2-enoic acid,C6H6N2O2
O=C(O)/C=C/c1ccc(/C=C/C(=O)O)cc1,(E)-3-[4-[(E)-2-carboxyethenyl]phenyl]prop-2-enoic acid,C12H10O4
O=C(O)/C=C/c1ccc(Cl)cc1,(E)-3-(4-chlorophenyl)prop-2-enoic acid,C9H7ClO2
O=C(O)/C=C/c1ccc(O)c(O)c1,"(E)-3-(3,4-dihydroxyphenyl)prop-2-enoic acid",C9H8O4
O=C(O)/C=C/c1ccc([N+](=O)[O-])cc1,(E)-3-(4-nitrophenyl)prop-2-enoic acid,C9H7NO4
O=C(O)/C=C/c1ccc([N+](=O)[O-])o1,(E)-3-(5-nitrofuran-2-yl)prop-2-enoic acid,C7H5NO5
O=C(O)/C=C/c1cccc([N+](=O)[O-])c1,(E)-3-(3-nitrophenyl)prop-2-enoic acid,C9H7NO4
O=C(O)/C=C/c1ccccc1,(E)-3-phenylprop-2-enoic acid,C9H8O2
O=C(O)/C=C/c1ccccc1[N+](=O)[O-],(E)-3-(2-nitrophenyl)prop-2-enoic acid,C9H7NO4
O=C(O)/C=C\C(=O)O,(Z)-but-2-enedioic acid,C4H4O4
O=C(O)C(=O)C(=O)O,2-oxopropanedioic acid,C3H2O5
O=C(O)C(=O)Nc1cccc(-c2nn[nH]n2)c1,2-oxo-2-[3-(2H-tetrazol-5-yl)anilino]acetic acid,C9H7N5O3
O=C(O)C(=O)O,oxalic acid,C2H2O4
O=C(O)C(Br)(Br)Br,"2,2,2-tribromoacetic acid",C2HBr3O2
O=C(O)C(Br)Br,"2,2-dibromoacetic acid",C2H2Br2O2
O=C(O)C(Cl)(Cl)Cl,"2,2,2-trichloroacetic acid",C2HCl3O2
O=C(O)C(Cl)=C(C(Cl)Cl)C(Cl)Cl,"2,4,4-trichloro-3-(dichloromethyl)but-2-enoic acid",C5H3Cl5O2
O=C(O)C(Cl)Br,2-bromo-2-chloroacetic acid,C2H2BrClO2
O=C(O)C(Cl)CCl,"2,3-dichloropropanoic acid",C3H4Cl2O2
O=C(O)C(Cl)Cl,"2,2-dichloroacetic acid",C2H2Cl2O2
O=C(O)C(F)(F)C(F)(Cl)C(F)(F)C(F)(Cl)C(F)(F)C(F)(Cl)C(F)(F)Cl,"3,5,7,8-tetrachloro-2,2,3,4,4,5,6,6,7,8,8-undecafluorooctanoic acid",C8HCl4F11O2
O=C(O)C(F)(F)C(F)(Cl)C(F)(F)C(F)(Cl)C(F)(F)Cl,"3,5,6-trichloro-2,2,3,4,4,5,6,6-octafluorohexanoic acid",C6HCl3F8O2
O=C(O)C(F)(F)C(F)(F)C(F)(F)C(F)(F)C(F)(F)C(F)(F)C(F)(F)C(F)(F)C(F)(F)F,"2,2,3,3,4,4,5,5,6,6,7,7,8,8,9,9,10,10,10-nonadecafluorodecanoic acid",C10HF19O2
O=C(O)C(O)C(O)C(=O)O,"2,3-dihydroxybutanedioic acid",C4H6O6
O=C(O)C(O)C(O)C(O)C(O)CO,"2,3,4,5,6-pentahydroxyhexanoic acid",C6H12O7
O=C(O)C1(O)CC(O)C(O)C(O)C1,"1,3,4,5-tetrahydroxycyclohexane-1-carboxylic acid",C7H12O6
O=C(O)C1=CC(O)C(O)C(O)C1,"3,4,5-trihydroxycyclohexene-1-carboxylic acid",C7H10O5
O=C(O)C1=C[C@@H](O)[C@H](O)[C@@H](O)C1,"(3R,4R,5S)-3,4,5-trihydroxycyclohexene-1-carboxylic acid",C7H10O5
O=C(O)C1=NN(c2ccc(S(=O)(=O)O)cc2)C(=O)C1N=Nc1ccc(S(=O)(=O)O)cc1,5-oxo-1-(4-sulfophenyl)-4-[(4-sulfophenyl)diazenyl]-4H-pyrazole-3-carboxylic acid,C16H12N4O9S2
O=C(O)C1=NN(c2ccc(S(=O)(=O)O)cc2)C(=O)[C@H]1N=Nc1ccc(S(=O)(=O)O)cc1,(4S)-5-oxo-1-(4-sulfophenyl)-4-[(4-sulfophenyl)diazenyl]-4H-pyrazole-3-carboxylic acid,C16H12N4O9S2
O=C(O)C1C(C(=O)O)C2(Cl)C(Cl)=C(Cl)C1(Cl)C2(Cl)Cl,"1,4,5,6,7,7-hexachlorobicyclo[2.2.1]hept-5-ene-2,3-dicarboxylic acid",C9H4Cl6O4
O=C(O)C1CSC(c2ccccc2O)N1C(=O)CCS,"2-(2-hydroxyphenyl)-3-(3-sulfanylpropanoyl)-1,3-thiazolidine-4-carboxylic acid",C13H15NO4S2
O=C(O)C1CSC(c2ccccc2O)N1C(=O)CCSSCCC(=O)N1C(C(=O)O)CSC1c1ccccc1O,"3-[3-[[3-[4-carboxy-2-(2-hydroxyphenyl)-1,3-thiazolidin-3-yl]-3-oxopropyl]disulfanyl]propanoyl]-2-(2-hydroxyphenyl)-1,3-thiazolidine-4-carboxylic acid",C26H28N2O8S4
O=C(O)C1CSCN1,"1,3-thiazolidine-4-carboxylic acid",C4H7NO2S
O=C(O)C1Cc2c([nH]c3ccccc23)C(CO)N1,"1-(hydroxymethyl)-2,3,4,9-tetrahydro-1H-pyrido[3,4-b]indole-3-carboxylic acid",C13H14N2O3
O=C(O)C1Cc2c([nH]c3ccccc23)C(Cc2ccccc2O)N1,"1-[(2-hydroxyphenyl)methyl]-2,3,4,9-tetrahydro-1H-pyrido[3,4-b]indole-3-carboxylic acid",C19H18N2O3
O=C(O)C1Cc2c([nH]c3ccccc23)C(c2ccccc2)N1,"1-phenyl-2,3,4,9-tetrahydro-1H-pyrido[3,4-b]indole-3-carboxylic acid",C18H16N2O2
O=C(O)C1Cc2c([nH]c3ccccc23)CN1,"2,3,4,9-tetrahydro-1H-pyrido[3,4-b]indole-3-carboxylic acid",C12H12N2O2
O=C(O)C1OC(N(O)c2ccc(-c3ccccc3)cc2)C(O)C(O)C1O,"3,4,5-trihydroxy-6-(N-hydroxy-4-phenylanilino)oxane-2-carboxylic acid",C18H19NO7
O=C(O)C1OC(Oc2c3ccccc3c3ccc4cccc5ccc2c3c54)C(O)C(O)C1O,"6-benzo[b]pyren-6-yloxy-3,4,5-trihydroxyoxane-2-carboxylic acid",C26H20O7
O=C(O)C1OC(Oc2ccc3cc4ccc5cccc6ccc(c3c2)c4c56)C(O)C(O)C1O,"6-benzo[a]pyren-9-yloxy-3,4,5-trihydroxyoxane-2-carboxylic acid",C26H20O7
O=C(O)C1OC(Oc2ccc3ccc4cc5ccccc5c5ccc2c3c45)C(O)C(O)C1O,"6-benzo[a]pyren-1-yloxy-3,4,5-trihydroxyoxane-2-carboxylic acid",C26H20O7
O=C(O)C1OC(Oc2cccc3c2cc2ccc4cccc5ccc3c2c45)C(O)C(O)C1O,"6-benzo[a]pyren-7-yloxy-3,4,5-trihydroxyoxane-2-carboxylic acid",C26H20O7
O=C(O)C1OC1C(=O)O,"oxirane-2,3-dicarboxylic acid",C4H4O5
O=C(O)C=C(C(Cl)Cl)C(Cl)Cl,"4,4-dichloro-3-(dichloromethyl)but-2-enoic acid",C5H4Cl4O2
O=C(O)C=Cc1cnc[nH]1,3-(1H-imidazol-5-yl)prop-2-enoic acid,C6H6N2O2
O=C(O)CBr,2-bromoacetic acid,C2H3BrO2
O=C(O)CC(=O)O,propanedioic acid,C3H4O4
O=C(O)CC(Cl)C(=O)O,2-chlorobutanedioic acid,C4H5ClO4
O=C(O)CC(C(=O)O)C(CC(=O)O)C(=O)O,"butane-1,2,3,4-tetracarboxylic acid",C8H10O8
O=C(O)CC(NC(=O)COc1cc(Cl)c(Cl)cc1Cl)C(=O)O,"2-[[2-(2,4,5-trichlorophenoxy)acetyl]amino]butanedioic acid",C12H10Cl3NO6
O=C(O)CC(NC(=O)COc1ccc(Cl)cc1Cl)C(=O)O,"2-[[2-(2,4-dichlorophenoxy)acetyl]amino]butanedioic acid",C12H11Cl2NO6
O=C(O)CC(O)(CC(=O)O)C(=O)O,"2-hydroxypropane-1,2,3-tricarboxylic acid",C6H8O7
O=C(O)CC(O)C(=O)O,2-hydroxybutanedioic acid,C4H6O5
O=C(O)CC=[N+]([O-])O,"N,3-dihydroxy-3-oxopropan-1-imine oxide",C3H5NO4
O=C(O)CCC(=O)Nc1cc(Cl)c(Cl)c(Cl)c1,"4-oxo-4-(3,4,5-trichloroanilino)butanoic acid",C10H8Cl3NO3
O=C(O)CCC(=O)Nc1cc(Cl)cc(Cl)c1,"4-(3,5-dichloroanilino)-4-oxobutanoic acid",C10H9Cl2NO3
O=C(O)CCC(=O)Nc1ccc(Cl)c(Cl)c1,"4-(3,4-dichloroanilino)-4-oxobutanoic acid",C10H9Cl2NO3
O=C(O)CCC(=O)Nc1ccc(Cl)c(Cl)c1Cl,"4-oxo-4-(2,3,4-trichloroanilino)butanoic acid",C10H8Cl3NO3
O=C(O)CCC(=O)O,butanedioic acid,C4H6O4
O=C(O)CCC(=O)Nc1ccc(Cl)cc1,4-(4-chloroanilino)-4-oxobutanoic acid,C10H10ClNO3
O=C(O)CCC(=O)OCC(NC(=O)C(Cl)Cl)C(O)c1ccc([N+](=O)[O-])cc1,"4-[2-[(2,2-dichloroacetyl)amino]-3-hydroxy-3-(4-nitrophenyl)propoxy]-4-oxobutanoic acid",C15H16Cl2N2O8
O=C(O)CCC(=O)OC[C@H](NC(=O)C(Cl)Cl)[C@@H](O)c1ccc([N+](=O)[O-])cc1,"4-[(2S,3S)-2-[(2,2-dichloroacetyl)amino]-3-hydroxy-3-(4-nitrophenyl)propoxy]-4-oxobutanoic acid",C15H16Cl2N2O8
O=C(O)CCCC(=O)O,pentanedioic acid,C5H8O4
O=C(O)CCC(NC(=O)COc1cc(Cl)c(Cl)cc1Cl)C(=O)O,"2-[[2-(2,4,5-trichlorophenoxy)acetyl]amino]pentanedioic acid",C13H12Cl3NO6
O=C(O)CCCCC(=O)O,hexanedioic acid,C6H10O4
O=C(O)CCCCC1CCSS1,5-(dithiolan-3-yl)pentanoic acid,C8H14O2S2
O=C(O)CCCCCCCBr,8-bromooctanoic acid,C8H15BrO2
O=C(O)CCCCC1SCC2NC(=O)NC21,"5-(2-oxo-1,3,3a,4,6,6a-hexahydrothieno[3,4-d]imidazol-4-yl)pentanoic acid",C10H16N2O3S
O=C(O)CCCCCCCCC(=O)O,decanedioic acid,C10H18O4
O=C(O)CCCCCCCCCCCCCCCCCO,18-hydroxyoctadecanoic acid,C18H36O3
O=C(O)CCCC[C@@H]1CCSS1,5-[(3R)-dithiolan-3-yl]pentanoic acid,C8H14O2S2
O=C(O)CCCOc1ccc(Cl)cc1Cl,"4-(2,4-dichlorophenoxy)butanoic acid",C10H10Cl2O3
O=C(O)CCCc1c[nH]c2ccccc12,4-(1H-indol-3-yl)butanoic acid,C12H13NO2
O=C(O)CCCc1ccc(N(CCCl)CCCl)cc1,4-[4-[bis(2-chloroethyl)amino]phenyl]butanoic acid,C14H19Cl2NO2
O=C(O)CCCc1ccc(NCCCl)cc1,4-[4-(2-chloroethylamino)phenyl]butanoic acid,C12H16ClNO2
O=C(O)CC[N+](=O)[O-],3-nitropropanoic acid,C3H5NO4
O=C(O)CCc1c[nH]c2ccccc12,3-(1H-indol-3-yl)propanoic acid,C11H11NO2
O=C(O)CCc1ccccc1,3-phenylpropanoic acid,C9H10O2
O=C(O)CCl,2-chloroacetic acid,C2H3ClO2
O=C(O)CI,2-iodoacetic acid,C2H3IO2
O=C(O)CN(CC(=O)O)CC(=O)O,2-[bis(carboxymethyl)amino]acetic acid,C6H9NO6
O=C(O)CNC(=O)c1ccc([N+](=O)[O-])cc1,2-[(4-nitrobenzoyl)amino]acetic acid,C9H8N2O5
O=C(O)CN(CCN(CC(=O)O)CC(=O)O)CC(=O)O,2-[2-[bis(carboxymethyl)amino]ethyl-(carboxymethyl)amino]acetic acid,C10H16N2O8
O=C(O)CNCP(=O)(O)O,2-(phosphonomethylamino)acetic acid,C3H8NO5P
O=C(O)CO,2-hydroxyacetic acid,C2H4O3
O=C(O)COc1cc(Cl)c(Cl)cc1Cl,"2-(2,4,5-trichlorophenoxy)acetic acid",C8H5Cl3O3
O=C(O)COc1ccc(C(=O)c2cccs2)c(Cl)c1Cl,"2-[2,3-dichloro-4-(thiophene-2-carbonyl)phenoxy]acetic acid",C13H8Cl2O4S
O=C(O)COc1ccc(Cl)cc1,2-(4-chlorophenoxy)acetic acid,C8H7ClO3
O=C(O)COc1ccc(Cl)cc1Cl,"2-(2,4-dichlorophenoxy)acetic acid",C8H6Cl2O3
O=C(O)COc1ccc(N(CCCl)CCCl)cc1,2-[4-[bis(2-chloroethyl)amino]phenoxy]acetic acid,C12H15Cl2NO3
O=C(O)COc1ccc2ccccc2c1,2-naphthalen-2-yloxyacetic acid,C12H10O3
O=C(O)COc1ccccc1,2-phenoxyacetic acid,C8H8O3
O=C(O)CS,2-sulfanylacetic acid,C2H4O2S
O=C(O)C[C@H](C(=O)O)[C@@H](CC(=O)O)C(=O)O,"(2R,3S)-butane-1,2,3,4-tetracarboxylic acid",C8H10O8
O=C(O)CSc1ccc2c3c(cccc13)C(=O)c1ccccc1-2,2-(7-oxobenzo[a]phenalen-3-yl)sulfanylacetic acid,C19H12O3S
O=C(O)C[C@H](Cl)C(=O)O,(2S)-2-chlorobutanedioic acid,C4H5ClO4
O=C(O)Cc1c[nH]c2ccc(O)cc12,2-(5-hydroxy-1H-indol-3-yl)acetic acid,C10H9NO3
O=C(O)Cc1c[nH]c2ccccc12,2-(1H-indol-3-yl)acetic acid,C10H9NO2
O=C(O)Cc1ccc(Cl)cc1,2-(4-chlorophenyl)acetic acid,C8H7ClO2
O=C(O)Cc1ccc(O)c(O)c1,"2-(3,4-dihydroxyphenyl)acetic acid",C8H8O4
O=C(O)Cc1cccc([N+](=O)[O-])c1,2-(3-nitrophenyl)acetic acid,C8H7NO4
O=C(O)Cc1ccc([N+](=O)[O-])cc1,2-(4-nitrophenyl)acetic acid,C8H7NO4
O=C(O)Cc1cccc2ccccc12,2-naphthalen-1-ylacetic acid,C12H10O2
O=C(O)Cc1ccccc1Cl,2-(2-chlorophenyl)acetic acid,C8H7ClO2
O=C(O)Cc1ccccc1Nc1c(Cl)cccc1Cl,"2-[2-(2,6-dichloroanilino)phenyl]acetic acid",C14H11Cl2NO2
O=C(O)O,carbonic acid,CH2O3
O=C(O)Cc1ccccc1[N+](=O)[O-],2-(2-nitrophenyl)acetic acid,C8H7NO4
O=C(O)[C@@H](Cl)Br,(2S)-2-bromo-2-chloroacetic acid,C2H2BrClO2
O=C(O)[C@@H](O)[C@H](O)C(=O)O,"(2S,3S)-2,3-dihydroxybutanedioic acid",C4H6O6
O=C(O)[C@@H]1O[C@H](N(O)c2ccc(-c3ccccc3)cc2)[C@@H](O)[C@H](O)[C@H]1O,,C18H19NO7
O=C(O)[C@@H]1CSCN1,"(4R)-1,3-thiazolidine-4-carboxylic acid",C4H7NO2S
O=C(O)[C@]1(O)C[C@H](O)[C@@H](O)[C@H](O)C1,"cis-(3S,5R)-1,3,4,5-tetrahydroxycyclohexane-1-carboxylic acid",C7H12O6
O=C(O)[C@@H]1[C@H](C(=O)O)[C@]2(Cl)C(Cl)=C(Cl)[C@@]1(Cl)C2(Cl)Cl,"(1R,2S,3R,4S)-1,4,5,6,7,7-hexachlorobicyclo[2.2.1]hept-5-ene-2,3-dicarboxylic acid",C9H4Cl6O4
O=C(O)c1c(Cl)c(Cl)c(Cl)c2oc3c(Br)c(O)c(Br)cc3c(=O)c12,"5,7-dibromo-2,3,4-trichloro-6-hydroxy-9-oxoxanthene-1-carboxylic acid",C14H3Br2Cl3O5
O=C(O)c1c(Br)c(Br)c(Br)c(Br)c1C(=O)O,"3,4,5,6-tetrabromophthalic acid",C8H2Br4O4
O=C(O)c1c(Cl)cccc1Cl,"2,6-dichlorobenzoic acid",C7H4Cl2O2
O=C(O)c1c[n+]([O-])c2ccccc2[n+]1[O-],1-oxido-4-oxoquinoxalin-4-ium-2-carboxylic acid,C9H6N2O4
O=C(O)c1cc(Br)cc2cccnc12,6-bromoquinoline-8-carboxylic acid,C10H6BrNO2
O=C(O)c1cc(=O)c2c(OCC(O)COc3cccc4oc(C(=O)O)cc(=O)c34)cccc2o1,5-[3-(2-carboxy-4-oxochromen-5-yl)oxy-2-hydroxypropoxy]-4-oxochromene-2-carboxylic acid,C23H16O11
O=C(O)c1cc(Cl)cc(Cl)c1,"3,5-dichlorobenzoic acid",C7H4Cl2O2
O=C(O)c1cc(Cl)ccc1Cl,"2,5-dichlorobenzoic acid",C7H4Cl2O2
O=C(O)c1cc(Cl)ccc1O,5-chloro-2-hydroxybenzoic acid,C7H5ClO3
O=C(O)c1cc(I)cc2cccnc12,6-iodoquinoline-8-carboxylic acid,C10H6INO2
O=C(O)c1cc(N=Nc2ccc(-c3ccc(N=Nc4ccc(N=Nc5ccc(O)c(C(=O)O)c5)c5cc(S(=O)(=O)O)ccc45)cc3)cc2)ccc1O,5-[[4-[4-[[4-[(3-carboxy-4-hydroxyphenyl)diazenyl]-6-sulfonaphthalen-1-yl]diazenyl]phenyl]phenyl]diazenyl]-2-hydroxybenzoic acid,C36H24N6O9S
O=C(O)c1cc(N=Nc2ccc(S(=O)(=O)Nc3ccccn3)cc2)ccc1O,2-hydroxy-5-[[4-(pyridin-2-ylsulfamoyl)phenyl]diazenyl]benzoic acid,C18H14N4O5S
O=C(O)c1cc(N=Nc2ccc([N+](=O)[O-])cc2)ccc1O,2-hydroxy-5-[(4-nitrophenyl)diazenyl]benzoic acid,C13H9N3O5
O=C(O)c1cc(O)c(O)c(O)c1,"3,4,5-trihydroxybenzoic acid",C7H6O5
O=C(O)c1cc(O)c2c(c1)C(=O)c1cccc(O)c1C2=O,"4,5-dihydroxy-9,10-dioxoanthracene-2-carboxylic acid",C15H8O6
O=C(O)c1cc(O)c2c(c1)C(=O)c1cc(O)cc(O)c1C2=O,"4,5,7-trihydroxy-9,10-dioxoanthracene-2-carboxylic acid",C15H8O7
O=C(O)c1cc(O)c2ccccc2n1,4-oxo-1H-quinoline-2-carboxylic acid,C10H7NO3
O=C(O)c1cc(O)c2cccc(O)c2n1,8-hydroxy-4-oxo-1H-quinoline-2-carboxylic acid,C10H7NO4
O=C(O)c1cc(O)nc(O)n1,"2,4-dioxo-1H-pyrimidine-6-carboxylic acid",C5H4N2O4
O=C(O)c1cc([N+](=O)[O-])cc([N+](=O)[O-])c1,"3,5-dinitrobenzoic acid",C7H4N2O6
O=C(O)c1cc([N+](=O)[O-])cc2cccnc12,6-nitroquinoline-8-carboxylic acid,C10H6N2O4
O=C(O)c1cc([N+](=O)[O-])ccc1[N+](=O)[O-],"2,5-dinitrobenzoic acid",C7H4N2O6
O=C(O)c1cc2c(c3c1c([N+](=O)[O-])cc1c(O)cccc13)OCO2,"8-hydroxy-6-nitronaphtho[2,1-g][1,3]benzodioxole-5-carboxylic acid",C16H9NO7
O=C(O)c1cc2c(c3c1c([N+](=O)[O-])cc1ccccc13)OCO2,"6-nitronaphtho[2,1-g][1,3]benzodioxole-5-carboxylic acid",C16H9NO6
O=C(O)c1cc2ccccc2cc1O,3-hydroxynaphthalene-2-carboxylic acid,C11H8O3
O=C(O)c1ccc(/C=C/c2ccc([N+](=O)[O-])o2)cc1,4-[(E)-2-(5-nitrofuran-2-yl)ethenyl]benzoic acid,C13H9NO5
O=C(O)c1ccc(/C=N/n2nnc3c4ccccc4nc-3c2O)cc1,"4-[(E)-(4-oxo-5H-triazino[5,4-b]indol-3-yl)iminomethyl]benzoic acid",C17H11N5O3
O=C(O)c1ccc(C(=O)O)cc1,terephthalic acid,C8H6O4
O=C(O)c1ccc(C=Nn2nnc3c([nH]c4ccccc43)c2=O)cc1,"4-[(4-oxo-5H-triazino[5,4-b]indol-3-yl)iminomethyl]benzoic acid",C17H11N5O3
O=C(O)c1ccc(Cl)c(Cl)c1,"3,4-dichlorobenzoic acid",C7H4Cl2O2
O=C(O)c1ccc(Cl)c([N+](=O)[O-])c1,4-chloro-3-nitrobenzoic acid,C7H4ClNO4
O=C(O)c1ccc(Cl)cc1,4-chlorobenzoic acid,C7H5ClO2
O=C(O)c1ccc(Cl)cc1Cl,"2,4-dichlorobenzoic acid",C7H4Cl2O2
O=C(O)c1ccc(N=Nc2ccc(O)c(C(=O)O)c2)cc1,5-[(4-carboxyphenyl)diazenyl]-2-hydroxybenzoic acid,C14H10N2O5
O=C(O)c1ccc(NC2OCC(O)C(O)C2O)cc1,"4-[(3,4,5-trihydroxyoxan-2-yl)amino]benzoic acid",C12H15NO6
O=C(O)c1ccc(O)cc1,4-hydroxybenzoic acid,C7H6O3
O=C(O)c1ccc(O)cc1O,"2,4-dihydroxybenzoic acid",C7H6O4
O=C(O)c1ccc(S(=O)(=O)N(Cl)Cl)cc1,4-(dichlorosulfamoyl)benzoic acid,C7H5Cl2NO4S
O=C(O)c1ccc([N+](=O)[O-])c([N+](=O)[O-])c1,"3,4-dinitrobenzoic acid",C7H4N2O6
O=C(O)c1ccc([N+](=O)[O-])cc1,4-nitrobenzoic acid,C7H5NO4
O=C(O)c1ccc([N+](=O)[O-])cc1[N+](=O)[O-],"2,4-dinitrobenzoic acid",C7H4N2O6
O=C(O)c1ccc([N+](=O)[O-])o1,5-nitrofuran-2-carboxylic acid,C5H3NO5
O=C(O)c1ccc2c(c1)C(=O)OC2=O,"1,3-dioxo-2-benzofuran-5-carboxylic acid",C9H4O5
O=C(O)c1cccc(Cl)c1,3-chlorobenzoic acid,C7H5ClO2
O=C(O)c1cccc(C(=O)O)c1,"benzene-1,3-dicarboxylic acid",C8H6O4
O=C(O)c1cccc([N+](=O)[O-])c1,3-nitrobenzoic acid,C7H5NO4
O=C(O)c1cccc(Cl)c1Cl,"2,3-dichlorobenzoic acid",C7H4Cl2O2
O=C(O)c1cccc2cccnc12,quinoline-8-carboxylic acid,C10H7NO2
O=C(O)c1ccccc1,benzoic acid,C7H6O2
O=C(O)c1ccccc1-c1c2cc(Br)c(=O)c(Br)c-2oc2c(Br)c(O)c(Br)cc12,"2-(2,4,5,7-tetrabromo-3-hydroxy-6-oxoxanthen-9-yl)benzoic acid",C20H8Br4O5
O=C(O)c1ccccc1C(=O)O,phthalic acid,C8H6O4
O=C(O)c1ccccc1Cl,2-chlorobenzoic acid,C7H5ClO2
O=C(O)c1ccccc1Nc1cc(Cl)ccc1C(=O)O,2-(2-carboxyanilino)-4-chlorobenzoic acid,C14H10ClNO4
O=C(O)c1ccccc1Nc1cccc(C(F)(F)F)c1,2-[3-(trifluoromethyl)anilino]benzoic acid,C14H10F3NO2
O=C(O)c1ccccc1[N+](=O)[O-],2-nitrobenzoic acid,C7H5NO4
O=C(O)c1ccccc1O,2-hydroxybenzoic acid,C7H6O3
O=C(O)c1cccnc1,pyridine-3-carboxylic acid,C6H5NO2
O=C(O)c1cccnc1Nc1cccc(C(F)(F)F)c1,2-[3-(trifluoromethyl)anilino]pyridine-3-carboxylic acid,C13H9F3N2O2
O=C(O)c1ccco1,furan-2-carboxylic acid,C5H4O3
O=C(O)c1cn(-c2ccc(F)cc2)c2cc(N3CCNCC3)c(F)cc2c1=O,6-fluoro-1-(4-fluorophenyl)-4-oxo-7-piperazin-1-ylquinoline-3-carboxylic acid,C20H17F2N3O3
O=C(O)c1cn(C2CC2)c2cc(N3CCNCC3)c(F)cc2c1=O,1-cyclopropyl-6-fluoro-4-oxo-7-piperazin-1-ylquinoline-3-carboxylic acid,C17H18FN3O3
O=C(O)c1nn(Cc2ccc(Cl)cc2Cl)c2ccccc12,"1-[(2,4-dichlorophenyl)methyl]indazole-3-carboxylic acid",C15H10Cl2N2O2
O=C(O)c1oc([N+](=O)[O-])c(-c2ccccc2)c1-c1ccccc1,"5-nitro-3,4-diphenylfuran-2-carboxylic acid",C17H11NO5
O=C(O)c1occ(-c2ccccc2)c1-c1ccccc1,"3,4-diphenylfuran-2-carboxylic acid",C17H12O3
O=C(O)c1occc(=O)c1O,3-hydroxy-4-oxopyran-2-carboxylic acid,C6H4O5
O=C(OC1CCCCC1)c1ccccc1C(=O)OC1CCCCC1,"dicyclohexyl benzene-1,2-dicarboxylate",C20H26O4
O=C(OCC1CCC2OC2C1)C1CCC2OC2C1,7-oxabicyclo[4.1.0]heptan-3-ylmethyl 7-oxabicyclo[4.1.0]heptane-3-carboxylate,C14H20O4
O=C(OCC1CO1)C1CCCCC1C(=O)OCC1CO1,"bis(oxiran-2-ylmethyl) cyclohexane-1,2-dicarboxylate",C14H20O6
O=C(OCC1CO1)c1ccc([N+](=O)[O-])cc1,oxiran-2-ylmethyl 4-nitrobenzoate,C10H9NO5
O=C(OCCBr)C(=O)OCCBr,bis(2-bromoethyl) oxalate,C6H8Br2O4
O=C(OCC1CO1)c1cccc(C(=O)OCC2CO2)c1,"bis(oxiran-2-ylmethyl) benzene-1,3-dicarboxylate",C14H14O6
O=C(OCCBr)C(O)C(O)C(=O)OCCBr,"bis(2-bromoethyl) 2,3-dihydroxybutanedioate",C8H12Br2O6
O=C(OC[C@H]1CO1)[C@H]1CCCC[C@@H]1C(=O)OC[C@H]1CO1,"trans-bis[[(2R)-oxiran-2-yl]methyl] (1S,2S)-cyclohexane-1,2-dicarboxylate",C14H20O6
O=C(OC[C@H]1CO1)c1cccc(C(=O)OC[C@H]2CO2)c1,"bis[[(2R)-oxiran-2-yl]methyl] benzene-1,3-dicarboxylate",C14H14O6
O=C(OC[C@H]1CO1)c1ccc([N+](=O)[O-])cc1,[(2R)-oxiran-2-yl]methyl 4-nitrobenzoate,C10H9NO5
O=C(OCc1ccc(Cl)cc1)c1cccc2cccnc12,(4-chlorophenyl)methyl quinoline-8-carboxylate,C17H12ClNO2
O=C(OCc1ccc(Cl)cc1Cl)c1cccc2cccnc12,"(2,4-dichlorophenyl)methyl quinoline-8-carboxylate",C17H11Cl2NO2
O=C(OCc1ccc([N+](=O)[O-])cc1)c1ccccc1,(4-nitrophenyl)methyl benzoate,C14H11NO4
O=C(OCc1cccc([N+](=O)[O-])c1)c1ccccc1,(3-nitrophenyl)methyl benzoate,C14H11NO4
O=C(OCc1ccccc1)c1ccccc1O,benzyl 2-hydroxybenzoate,C14H12O3
O=C(OCc1ccccc1)c1cccc2cccnc12,benzyl quinoline-8-carboxylate,C17H13NO2
O=C(OCc1ccccc1[N+](=O)[O-])c1ccccc1,(2-nitrophenyl)methyl benzoate,C14H11NO4
O=C(ON(OCc1ccccc1)C(=O)c1ccccc1)c1ccc(Cl)cc1,[benzoyl(phenylmethoxy)amino] 4-chlorobenzoate,C21H16ClNO4
O=C(ON(OCc1ccccc1)C(=O)c1ccccc1)c1ccc([N+](=O)[O-])cc1,[benzoyl(phenylmethoxy)amino] 4-nitrobenzoate,C21H16N2O6
O=C(ON(OCc1ccccc1)C(=O)c1ccccc1)c1cccc([N+](=O)[O-])c1,[benzoyl(phenylmethoxy)amino] 3-nitrobenzoate,C21H16N2O6
O=C(ON(OCc1ccccc1)C(=O)c1ccccc1)c1ccccc1,[benzoyl(phenylmethoxy)amino] benzoate,C21H17NO4
O=C(ON=C1C=CC(=NOC(=O)c2ccccc2)C=C1)c1ccccc1,"[(4-benzoyloxyiminocyclohexa-2,5-dien-1-ylidene)amino] benzoate",C20H14N2O4
O=C(OOC(=O)c1ccccc1)c1ccccc1,benzoyl benzenecarboperoxoate,C14H10O4
O=C(Oc1ccccc1)c1ccccc1O,phenyl 2-hydroxybenzoate,C13H10O3
O=C(c1ccc(-c2ccccc2)cc1)C1OC1c1ccccc1,(3-phenyloxiran-2-yl)-(4-phenylphenyl)methanone,C21H16O2
O=C(c1ccc(Br)cc1)C1OC1c1ccccc1,(4-bromophenyl)-(3-phenyloxiran-2-yl)methanone,C15H11BrO2
O=C(c1ccc(F)cc1)C1OC1c1ccccc1,(4-fluorophenyl)-(3-phenyloxiran-2-yl)methanone,C15H11FO2
O=C(c1ccc(F)cc1)[C@H]1O[C@@H]1c1ccccc1,"(4-fluorophenyl)-[(2S,3R)-3-phenyloxiran-2-yl]methanone",C15H11FO2
O=C(c1ccc([N+](=O)[O-])cc1)[C@H]1O[C@@H]1c1ccccc1,"(4-nitrophenyl)-[(2S,3R)-3-phenyloxiran-2-yl]methanone",C15H11NO4
O=C(c1ccc([N+](=O)[O-])cc1)C1OC1c1ccccc1,(4-nitrophenyl)-(3-phenyloxiran-2-yl)methanone,C15H11NO4
O=C(c1ccc2c(c1)OCO2)[C@@H]1CO1,"1,3-benzodioxol-5-yl-[(2S)-oxiran-2-yl]methanone",C10H8O4
O=C(c1ccc2c(c1)OCO2)C1CO1,"1,3-benzodioxol-5-yl(oxiran-2-yl)methanone",C10H8O4
O=C(c1ccccc1)C1OC1c1ccc(-c2ccccc2)cc1,phenyl-[3-(4-phenylphenyl)oxiran-2-yl]methanone,C21H16O2
O=C(c1ccccc1)C(O)c1ccccc1,"2-hydroxy-1,2-diphenylethanone",C14H12O2
O=C(c1ccccc1)C1OC1c1ccc(Br)cc1,[3-(4-bromophenyl)oxiran-2-yl]-phenylmethanone,C15H11BrO2
O=C(c1ccccc1)C1OC1c1ccc(F)cc1,[3-(4-fluorophenyl)oxiran-2-yl]-phenylmethanone,C15H11FO2
O=C(c1ccccc1)C1OC1c1ccc(Oc2ccccc2)cc1,[3-(4-phenoxyphenyl)oxiran-2-yl]-phenylmethanone,C21H16O3
O=C(c1ccccc1)C1OC1c1ccc([N+](=O)[O-])cc1,[3-(4-nitrophenyl)oxiran-2-yl]-phenylmethanone,C15H11NO4
O=C(c1ccccc1)C1OC1c1ccccc1,phenyl-(3-phenyloxiran-2-yl)methanone,C15H12O2
O=C(c1ccccc1)N(O)c1ccc2c(c1)Cc1ccccc1-2,N-(9H-fluoren-2-yl)-N-hydroxybenzamide,C20H15NO2
O=C(c1ccccc1)[C@@H](O)c1ccccc1,"(2S)-2-hydroxy-1,2-diphenylethanone",C14H12O2
O=C(c1ccccc1)[C@@H]1O[C@H]1c1ccc([N+](=O)[O-])cc1,"[(2R,3S)-3-(4-nitrophenyl)oxiran-2-yl]-phenylmethanone",C15H11NO4
O=C(c1ccccc1)[C@H]1O[C@@H]1c1ccccc1,"phenyl-[(2S,3R)-3-phenyloxiran-2-yl]methanone",C15H12O2
O=C(c1ccccc1)c1ccccc1,diphenylmethanone,C13H10O
O=C(c1ccccc1)n1ncc(Cl)c(Cl)c1=O,"2-benzoyl-4,5-dichloropyridazin-3-one",C11H6Cl2N2O2
O=C(n1ccnc1)n1ccnc1,di(imidazol-1-yl)methanone,C7H6N4O
O=C/C(=C(/Cl)C(=O)O)C(Cl)Cl,"(Z)-2,4,4-trichloro-3-formylbut-2-enoic acid",C5H3Cl3O3
O=C/C(Br)=C(\Br)C(=O)O,"(E)-2,3-dibromo-4-oxobut-2-enoic acid",C4H2Br2O3
O=C/C(Br)=C/c1ccccc1,(Z)-2-bromo-3-phenylprop-2-enal,C9H7BrO
O=C/C(CCl)=C(\Cl)C(=O)O,,C5H4Cl2O3
O=C/C(Cl)=C(\Cl)C(=O)O,"(E)-2,3-dichloro-4-oxobut-2-enoic acid",C4H2Cl2O3
O=C/C=C/C=C/C=O,"(2E,4E)-hexa-2,4-dienedial",C6H6O2
O=C/C=C/C=C/c1ccc([N+](=O)[O-])cc1,"(2E,4E)-5-(4-nitrophenyl)penta-2,4-dienal",C11H9NO3
O=C/C=C/C=O,(E)-but-2-enedial,C4H4O2
O=C/C=C/c1ccc([N+](=O)[O-])cc1,(E)-3-(4-nitrophenyl)prop-2-enal,C9H7NO3
O=C/C=C/c1ccc([N+](=O)[O-])o1,(E)-3-(5-nitrofuran-2-yl)prop-2-enal,C7H5NO4
O=C/C=C/c1ccccc1[N+](=O)[O-],(E)-3-(2-nitrophenyl)prop-2-enal,C9H7NO3
O=C/C=C/c1ccccc1Cl,(E)-3-(2-chlorophenyl)prop-2-enal,C9H7ClO
O=C/C=C\c1ccco1,(Z)-3-(furan-2-yl)prop-2-enal,C7H6O2
O=C1C(=O)C(O)C1=O,"4-hydroxycyclobutane-1,2,3-trione",C4H2O4
O=C1C(=O)C(c2ccc(O)cc2)Oc2cc(O)cc(O)c21,"5,7-dihydroxy-2-(4-hydroxyphenyl)chromene-3,4-dione",C15H10O6
O=C1C(=O)C(c2ccc(O)c(O)c2)Oc2cc(O)cc(O)c21,"2-(3,4-dihydroxyphenyl)-5,7-dihydroxychromene-3,4-dione",C15H10O7
O=C1C(=O)c2c(ccc3ccccc23)-c2ccccc21,"chrysene-5,6-dione",C18H10O2
O=C1C(=O)C(c2ccccc2)Oc2cc(O)cc(O)c21,"5,7-dihydroxy-2-phenylchromene-3,4-dione",C15H10O5
O=C1C(=O)c2ccccc2-c2ccccc21,"phenanthrene-9,10-dione",C14H8O2
O=C1C(=O)c2cccc3cccc1c23,"acenaphthylene-1,2-dione",C12H6O2
O=C1C(Cl)=C(Cl)C(=O)C1(Cl)Cl,"2,2,4,5-tetrachlorocyclopent-4-ene-1,3-dione",C5Cl4O2
O=C1C(Cl)=C(Cl)C(=O)C(Cl)=C1Cl,"2,3,5,6-tetrachlorocyclohexa-2,5-diene-1,4-dione",C6Cl4O2
O=C1C(Cl)=C(Cl)C(=O)c2ccccc21,"2,3-dichloronaphthalene-1,4-dione",C10H4Cl2O2
O=C1C(O)=C(O)O[C@@H]1[C@@H](O)CO,"(2R)-2-[(1S)-1,2-dihydroxyethyl]-3,4-dihydroxy-2H-furan-5-one",C6H8O6
O=C1C(c2[nH]c3ccccc3c2O)=Nc2ccccc21,2-(3-hydroxy-1H-indol-2-yl)indol-3-one,C16H10N2O2
O=C1C(c2[nH]c3ccc(S(=O)(=O)O)cc3c2O)=Nc2ccc(S(=O)(=O)O)cc21,2-(3-hydroxy-5-sulfo-1H-indol-2-yl)-3-oxoindole-5-sulfonic acid,C16H10N2O8S2
O=C1C2CC=CCC2C(=O)N1SC(Cl)(Cl)C(Cl)Cl,"2-(1,1,2,2-tetrachloroethylsulfanyl)-3a,4,7,7a-tetrahydroisoindole-1,3-dione",C10H9Cl4NO2S
O=C1C2(Cl)C3(Cl)C4(Cl)C(Cl)(Cl)C5(Cl)C3(Cl)C1(Cl)C5(Cl)C24Cl,"1,2,3,4,6,7,8,9,10,10-decachloropentacyclo[5.3.0.02,6.03,9.04,8]decan-5-one",C10Cl10O
O=C1C=C(CCl)C(O)O1,3-(chloromethyl)-2-hydroxy-2H-furan-5-one,C5H5ClO3
O=C1C2CC=CCC2C(=O)N1SC(Cl)(Cl)Cl,"2-(trichloromethylsulfanyl)-3a,4,7,7a-tetrahydroisoindole-1,3-dione",C9H8Cl3NO2S
O=C1C=C(CCl)CO1,3-(chloromethyl)-2H-furan-5-one,C5H5ClO2
O=C1C=C(Cl)C(=O)C1(Cl)Cl,"2,2,4-trichlorocyclopent-4-ene-1,3-dione",C5HCl3O2
O=C1C=C(Nc2ccccc2)C(=O)c2ccccc21,"2-anilinonaphthalene-1,4-dione",C16H11NO2
O=C1C=C(O)c2ccccc2C1=O,"4-hydroxynaphthalene-1,2-dione",C10H6O3
O=C1C=C(S(=O)(=O)O)c2ccccc2C1=O,"3,4-dioxonaphthalene-1-sulfonic acid",C10H6O5S
O=C1C=C(c2nnc(NC(=O)c3ccccc3)s2)C(O)=C/C1=N\c1ccc([N+](=O)[O-])cc1,"N-[5-[4-(4-nitroanilino)-3,6-dioxocyclohexa-1,4-dien-1-yl]-1,3,4-thiadiazol-2-yl]benzamide",C21H13N5O5S
O=C1C=C2C(=CCOC2O)O1,"4-hydroxy-4,6-dihydrofuro[3,2-c]pyran-2-one",C7H6O4
O=C1C=C2c3cc4ccccc4cc3-c3cccc(c32)C1=O,"benzo[k]fluoranthene-4,5-dione",C20H10O2
O=C1C=C2C(=CCO[C@H]2O)O1,"(4R)-4-hydroxy-4,6-dihydrofuro[3,2-c]pyran-2-one",C7H6O4
O=C1C=CC(=O)C(Cl)=C1,"2-chlorocyclohexa-2,5-diene-1,4-dione",C6H3ClO2
O=C1C=CC(=C(Cl)Cl)O1,5-(dichloromethylidene)furan-2-one,C5H2Cl2O2
O=C1C=CC(=O)C(c2ccccc2)=C1,"2-phenylcyclohexa-2,5-diene-1,4-dione",C12H8O2
O=C1C=CC(=O)C1(Cl)Cl,"2,2-dichlorocyclopent-4-ene-1,3-dione",C5H2Cl2O2
O=C1C=CC(=O)C=C1,"cyclohexa-2,5-diene-1,4-dione",C6H4O2
O=C1C=CC(=O)N1,"pyrrole-2,5-dione",C4H3NO2
O=C1C=CC(=O)N1c1ccc(Cc2ccc(N3C(=O)C=CC3=O)cc2)cc1,"1-[4-[[4-(2,5-dioxopyrrol-1-yl)phenyl]methyl]phenyl]pyrrole-2,5-dione",C21H14N2O4
O=C1C=CC(=O)O1,"furan-2,5-dione",C4H2O3
O=C1C=CC(=O)c2c(O)ccc(O)c21,"5,8-dihydroxynaphthalene-1,4-dione",C10H6O4
O=C1C=CC(=O)c2c(O)c(Cl)c(Cl)c(O)c21,"6,7-dichloro-5,8-dihydroxynaphthalene-1,4-dione",C10H4Cl2O4
O=C1C=CC(=O)c2c(O)cccc21,"5-hydroxynaphthalene-1,4-dione",C10H6O3
O=C1C=CC2=[N+]([O-])C(c3ccccc3)(c3ccccc3)/C(=N/c3ccccc3)C2=C1,"1-oxido-2,2-diphenyl-3-phenyliminoindol-1-ium-5-one",C26H18N2O2
O=C1C=CC(=O)c2ccccc21,"naphthalene-1,4-dione",C10H6O2
O=C1C=CCO1,2H-furan-5-one,C4H4O2
O=C1C=CCCC1,cyclohex-2-en-1-one,C6H8O
O=C1C=C[C@]2(O)c3c(ccc(O)c31)-c1ccc(O)c3c1[C@H]2[C@H]1O[C@H]1C3=O,"(10R,11S,12R,14R)-5,10,17-trihydroxy-13-oxahexacyclo[9.8.1.12,6.012,14.016,20.010,21]henicosa-1(20),2(21),3,5,8,16,18-heptaene-7,15-dione",C20H12O6
O=C1C=Cc2c(ccc3c2ccc2ccccc23)C1=O,"chrysene-1,2-dione",C18H10O2
O=C1C=Cc2c(ccc3cc4ccccc4cc23)C1=O,"benzo[a]anthracene-3,4-dione",C18H10O2
O=C1C=Cc2ccc3c(ccc4ccccc43)c2C1=O,"chrysene-3,4-dione",C18H10O2
O=C1C=Cc2ccc3c4c(ccc1c24)C(=O)C=C3,"pyrene-1,8-dione",C16H8O2
O=C1C=Cc2ccc3c4c(ccc1c24)C=CC3=O,"pyrene-1,6-dione",C16H8O2
O=C1C=Cc2cccc3cccc1c23,phenalen-1-one,C13H8O
O=C1C=Cc2ccccc2C1=O,"naphthalene-1,2-dione",C10H6O2
O=C1CC(=C(Cl)Cl)C(=O)N1,"3-(dichloromethylidene)pyrrolidine-2,5-dione",C5H3Cl2NO2
O=C1CC(=Nc2ccccc2)C(=O)c2ccccc21,"2-phenyliminonaphthalene-1,4-dione",C16H11NO2
O=C1CC(=O)C1=O,"cyclobutane-1,2,3-trione",C4H2O3
O=C1CC(=O)c2ccccc2C1=O,"naphthalene-1,2,4-trione",C10H6O3
O=C1CC(c2ccc(O)cc2)Oc2cc(O)cc(O)c21,"5,7-dihydroxy-2-(4-hydroxyphenyl)-2,3-dihydrochromen-4-one",C15H12O5
O=C1CC2NCCCNCCCCN(CCCN1)C(=O)C1c3cc2ccc3OC1c1ccc(O)cc1,"17-(4-hydroxyphenyl)-16-oxa-1,6,10,23-tetrazatetracyclo[9.8.6.212,15.014,18]heptacosa-12,14,26-triene-19,24-dione",C28H36N4O4
O=C1CC2SCC=CN12,5-thia-1-azabicyclo[4.2.0]oct-2-en-8-one,C6H7NOS
O=C1CCC(=O)N1Br,"1-bromopyrrolidine-2,5-dione",C4H4BrNO2
O=C1CCC(=O)N1O,"1-hydroxypyrrolidine-2,5-dione",C4H5NO3
O=C1CCC(=O)N1c1cc(Cl)c(Cl)c(Cl)c1,"1-(3,4,5-trichlorophenyl)pyrrolidine-2,5-dione",C10H6Cl3NO2
O=C1CCC(=O)N1c1cc(Cl)cc(Cl)c1,"1-(3,5-dichlorophenyl)pyrrolidine-2,5-dione",C10H7Cl2NO2
O=C1CCC(=O)N1c1ccc(Cl)c(Cl)c1,"1-(3,4-dichlorophenyl)pyrrolidine-2,5-dione",C10H7Cl2NO2
O=C1CCC(=O)N1c1ccc(Cl)c(Cl)c1Cl,"1-(2,3,4-trichlorophenyl)pyrrolidine-2,5-dione",C10H6Cl3NO2
O=C1CCC(=O)N1c1ccc(Cl)cc1,"1-(4-chlorophenyl)pyrrolidine-2,5-dione",C10H8ClNO2
O=C1CCC(=O)O1,"oxolane-2,5-dione",C4H4O3
O=C1CCC(C(=O)N2CSCC2C(=O)O)N1,"3-(5-oxopyrrolidine-2-carbonyl)-1,3-thiazolidine-4-carboxylic acid",C9H12N2O4S
O=C1CCC(N2C(=O)c3ccccc3C2=O)C(=O)N1,"2-(2,6-dioxopiperidin-3-yl)isoindole-1,3-dione",C13H10N2O4
O=C1CCC2(O)c3c(ccc(O)c31)-c1ccc(O)c3c1C2C1OC1C3=O,"5,10,17-trihydroxy-13-oxahexacyclo[9.8.1.12,6.012,14.016,20.010,21]henicosa-1(20),2(21),3,5,16,18-hexaene-7,15-dione",C20H14O6
O=C1CCC2c3c(ccc(O)c31)-c1ccc(O)c3c1C2(O)C(O)CC3=O,"1,4,9,12b-tetrahydroxy-2,11,12,12a-tetrahydro-1H-perylene-3,10-dione",C20H16O6
O=C1CCCCC1=O,"cyclohexane-1,2-dione",C6H8O2
O=C1CCCCC1,cyclohexanone,C6H10O
O=C1CCCCCCCCCCCCCCO1,oxacyclohexadecan-2-one,C15H28O2
O=C1CCCCCCCCCCCC(=O)OCCO1,"1,4-dioxacycloheptadecane-5,17-dione",C15H26O4
O=C1CCCCCN1,azepan-2-one,C6H11NO
O=C1CCCCCO1,oxepan-2-one,C6H10O2
O=C1CCCO1,oxolan-2-one,C4H6O2
O=C1CCCc2c1ccc1c2ccc2ccccc21,"3,4-dihydro-2H-chrysen-1-one",C18H14O
O=C1CCCN1c1ncc([N+](=O)[O-])s1,"1-(5-nitro-1,3-thiazol-2-yl)pyrrolidin-2-one",C7H7N3O3S
O=C1CCO1,oxetan-2-one,C3H4O2
O=C1CCOP(=O)(N(CCCl)CCCl)N1,"2-[bis(2-chloroethyl)amino]-2-oxo-1,3,2lambda5-oxazaphosphinan-4-one",C7H13Cl2N2O3P
O=C1CC[C@@H]2c3c(ccc(O)c31)-c1ccc(O)c3c1[C@@]2(O)[C@H](O)CC3=O,"(1R,12aR,12bR)-1,4,9,12b-tetrahydroxy-2,11,12,12a-tetrahydro-1H-perylene-3,10-dione",C20H16O6
O=C1CCc2c1cc(C(F)(F)F)c1c2ccc2ccccc21,"11-(trifluoromethyl)-15,16-dihydrocyclopenta[a]phenanthren-17-one",C18H11F3O
O=C1CCc2c1cc(C(F)(F)F)c1c3c(ccc21)[C@H](O)[C@@H](O)C=C3,"(3S,4S)-3,4-dihydroxy-11-(trifluoromethyl)-3,4,15,16-tetrahydrocyclopenta[a]phenanthren-17-one",C18H13F3O3
O=C1CCc2c1ccc1c2ccc2ccccc21,"15,16-dihydrocyclopenta[a]phenanthren-17-one",C17H12O
O=C1CCc2c1cc(C(F)(F)F)c1c3c(ccc21)C(O)C(O)C=C3,"3,4-dihydroxy-11-(trifluoromethyl)-3,4,15,16-tetrahydrocyclopenta[a]phenanthren-17-one",C18H13F3O3
O=C1CCc2c1ccc1c3c(ccc21)C(O)C(O)C=C3,"3,4-dihydroxy-3,4,15,16-tetrahydrocyclopenta[a]phenanthren-17-one",C17H14O3
O=C1CCc2c3c(c4c(ccc5ccccc54)c21)CCC3,"pentacyclo[10.8.0.02,6.07,11.013,18]icosa-1(12),2(6),7(11),13,15,17,19-heptaen-3-one",C20H16O
O=C1CCc2ccc3c(ccc4ccccc43)c21,"16,17-dihydrocyclopenta[a]phenanthren-15-one",C17H12O
O=C1CCc2ccc3ccc4ccccc4c3c21,"2,3-dihydrocyclopenta[c]phenanthren-1-one",C17H12O
O=C1CCc2ccccc2O1,"3,4-dihydrochromen-2-one",C9H8O2
O=C1CN(/N=C/c2ccc([N+](=O)[O-])o2)C(=O)N1,"1-[(E)-(5-nitrofuran-2-yl)methylideneamino]imidazolidine-2,4-dione",C8H6N4O5
O=C1CN(/N=C/C=C/c2ccc([N+](=O)[O-])o2)C(=O)N1,"1-[(E)-[(E)-3-(5-nitrofuran-2-yl)prop-2-enylidene]amino]imidazolidine-2,4-dione",C10H8N4O5
O=C1CN(CCCN2CC(=O)NC(=O)C2)CC(=O)N1,"4-[3-(3,5-dioxopiperazin-1-yl)propyl]piperazine-2,6-dione",C11H16N4O4
O=C1CN(CCN2CC(=O)N(CN3CCOCC3)C(=O)C2)CC(=O)N1CN1CCOCC1,"1-(morpholin-4-ylmethyl)-4-[2-[4-(morpholin-4-ylmethyl)-3,5-dioxopiperazin-1-yl]ethyl]piperazine-2,6-dione",C20H32N6O6
O=C1CN=C(c2ccccc2)c2cc(Cl)ccc2N1,"7-chloro-5-phenyl-1,3-dihydro-1,4-benzodiazepin-2-one",C15H11ClN2O
O=C1CN=C(c2ccccc2)c2cc([N+](=O)[O-])ccc2N1,"7-nitro-5-phenyl-1,3-dihydro-1,4-benzodiazepin-2-one",C15H11N3O3
O=C1CNC(=O)N1,"imidazolidine-2,4-dione",C3H4N2O2
O=C1CSC(=S)N1,"2-sulfanylidene-1,3-thiazolidin-4-one",C3H3NOS2
O=C1COP(=O)(N(CCCl)CCCl)OC1,"2-[bis(2-chloroethyl)amino]-2-oxo-1,3,2lambda5-dioxaphosphinan-5-one",C7H12Cl2NO4P
O=C1Cc2cc3ccc([N+](=O)[O-])cc3cc2C(O)C1O,"3,4-dihydroxy-6-nitro-3,4-dihydro-1H-anthracen-2-one",C14H11NO5
O=C1Cc2cc3cc([N+](=O)[O-])ccc3cc2C(O)C1O,"3,4-dihydroxy-7-nitro-3,4-dihydro-1H-anthracen-2-one",C14H11NO5
O=C1N(CO)C(O)C(O)N1CO,"4,5-dihydroxy-1,3-bis(hydroxymethyl)imidazolidin-2-one",C5H10N2O5
O=C1N(CO)[C@H](O)[C@@H](O)N1CO,"(4R,5R)-4,5-dihydroxy-1,3-bis(hydroxymethyl)imidazolidin-2-one",C5H10N2O5
O=C1NC(=O)C(Cl)(Cl)C1=C(Cl)Cl,"3,3-dichloro-4-(dichloromethylidene)pyrrolidine-2,5-dione",C5HCl4NO2
O=C1NC(=O)C(Cl)C1=C(Cl)Cl,"3-chloro-4-(dichloromethylidene)pyrrolidine-2,5-dione",C5H2Cl3NO2
O=C1NC(=O)C(Cl)=C1Cl,"3,4-dichloropyrrole-2,5-dione",C4HCl2NO2
O=C1NC(=O)C(O)(O)C(=O)N1,"5,5-dihydroxy-1,3-diazinane-2,4,6-trione",C4H4N2O5
O=C1NC(=O)C(c2ccccc2)(c2ccc(O)cc2)N1,"5-(4-hydroxyphenyl)-5-phenylimidazolidine-2,4-dione",C15H12N2O3
O=C1NC(=O)C(c2ccccc2)(c2ccccc2)N1,"5,5-diphenylimidazolidine-2,4-dione",C15H12N2O2
O=C1NC(=O)C2CC=CCC12,"3a,4,7,7a-tetrahydroisoindole-1,3-dione",C8H9NO2
O=C1NC(=O)[C@@H]2CC=CC[C@H]12,"(3aR,7aS)-3a,4,7,7a-tetrahydroisoindole-1,3-dione",C8H9NO2
O=C1NC(=O)c2cc([N+](=O)[O-])ccc21,"5-nitroisoindole-1,3-dione",C8H4N2O4
O=C1NC(=O)c2ccccc21,"isoindole-1,3-dione",C8H5NO2
O=C1NC(=S)NC(=O)C1C(=O)Nc1ccccc1,"4,6-dioxo-N-phenyl-2-sulfanylidene-1,3-diazinane-5-carboxamide",C11H9N3O3S
O=C1NC(c2ccc([N+](=O)[O-])s2)Nc2ccccc21,"2-(5-nitrothiophen-2-yl)-2,3-dihydro-1H-quinazolin-4-one",C12H9N3O3S
O=C1NCCCN1/N=C/c1ccc([N+](=O)[O-])o1,"1-[(E)-(5-nitrofuran-2-yl)methylideneamino]-1,3-diazinan-2-one",C9H10N4O4
O=C1NC2(CCCCC2)C(=O)N1CCN1CC1,"3-[2-(aziridin-1-yl)ethyl]-1,3-diazaspiro[4.5]decane-2,4-dione",C12H19N3O2
O=C1NCCN1/N=C/c1ccc([N+](=O)[O-])o1,1-[(E)-(5-nitrofuran-2-yl)methylideneamino]imidazolidin-2-one,C8H8N4O4
O=C1NCCN1c1ncc([N+](=O)[O-])s1,"1-(5-nitro-1,3-thiazol-2-yl)imidazolidin-2-one",C6H6N4O3S
O=C1NCNC(=O)N1,"1,3,5-triazinane-2,4-dione",C3H5N3O2
O=C1NCCN1c1nccs1,"1-(1,3-thiazol-2-yl)imidazolidin-2-one",C6H7N3OS
O=C1NS(=O)(=O)c2ccccc21,"1,1-dioxo-1,2-benzothiazol-3-one",C7H5NO3S
O=C1N[C@@H](c2ccc([N+](=O)[O-])s2)Nc2ccccc21,"(2S)-2-(5-nitrothiophen-2-yl)-2,3-dihydro-1H-quinazolin-4-one",C12H9N3O3S
O=C1Nc2cc3ccccc3c3c4c(cc1c23)OCO4,"3,5-dioxa-10-azapentacyclo[9.7.1.02,6.08,19.013,18]nonadeca-1(19),2(6),7,11,13,15,17-heptaen-9-one",C16H9NO3
O=C1Nc2ccc(Cl)cc2C(c2ccccc2)=NC1O,"7-chloro-3-hydroxy-5-phenyl-1,3-dihydro-1,4-benzodiazepin-2-one",C15H11ClN2O2
O=C1Nc2ccc(Cl)cc2C(c2ccccc2)=N[C@@H]1O,"(3R)-7-chloro-3-hydroxy-5-phenyl-1,3-dihydro-1,4-benzodiazepin-2-one",C15H11ClN2O2
O=C1Nc2ccc(S(=O)(=O)O)cc2C1=O,"2,3-dioxo-1H-indole-5-sulfonic acid",C8H5NO5S
O=C1Nc2ccc([N+](=O)[O-])cc2C1=O,"5-nitro-1H-indole-2,3-dione",C8H4N2O4
O=C1OC(=C(Cl)Cl)C(Cl)=C1Cl,"3,4-dichloro-5-(dichloromethylidene)furan-2-one",C5Cl4O2
O=C1OC(=C(Cl)Cl)C=C1Cl,3-chloro-5-(dichloromethylidene)furan-2-one,C5HCl3O2
O=C1OC(=O)c2c(Br)c(Br)c(Br)c(Br)c21,"4,5,6,7-tetrabromo-2-benzofuran-1,3-dione",C8Br4O3
O=C1OC(=O)c2c(Cl)c(Cl)c(Cl)c(Cl)c21,"4,5,6,7-tetrachloro-2-benzofuran-1,3-dione",C8Cl4O3
O=C1OC(=O)c2cc([N+](=O)[O-])ccc21,"5-nitro-2-benzofuran-1,3-dione",C8H3NO5
O=C1OC(=O)c2ccccc21,"2-benzofuran-1,3-dione",C8H4O3
O=C1OC(C(O)CO)C(O)=C1O,"2-(1,2-dihydroxyethyl)-3,4-dihydroxy-2H-furan-5-one",C6H8O6
O=C1OC(O)C(C(Br)Br)=C1Br,4-bromo-3-(dibromomethyl)-2-hydroxy-2H-furan-5-one,C5H3Br3O3
O=C1OC(O)C(C(Br)Br)=C1Cl,4-chloro-3-(dibromomethyl)-2-hydroxy-2H-furan-5-one,C5H3Br2ClO3
O=C1OC(O)C(C(Cl)Br)=C1Cl,3-[bromo(chloro)methyl]-4-chloro-2-hydroxy-2H-furan-5-one,C5H3BrCl2O3
O=C1OC(O)C(C(Cl)Cl)=C1Cl,4-chloro-3-(dichloromethyl)-2-hydroxy-2H-furan-5-one,C5H3Cl3O3
O=C1OC(O)C(CBr)=C1Br,4-bromo-3-(bromomethyl)-2-hydroxy-2H-furan-5-one,C5H4Br2O3
O=C1OC(O)C(CCl)=C1Cl,4-chloro-3-(chloromethyl)-2-hydroxy-2H-furan-5-one,C5H4Cl2O3
O=C1OC(O)C(Cl)=C1Cl,"3,4-dichloro-2-hydroxy-2H-furan-5-one",C4H2Cl2O3
O=C1OC(c2ccc(O)cc2)(c2ccc(O)cc2)c2ccccc21,"3,3-bis(4-hydroxyphenyl)-2-benzofuran-1-one",C20H14O4
O=C1OC2(c3ccc(O)cc3Oc3cc(O)ccc32)c2ccccc21,"3',6'-dihydroxyspiro[2-benzofuran-3,9'-xanthene]-1-one",C20H12O5
O=C1OCC(Br)=C1Br,"3,4-dibromo-2H-furan-5-one",C4H2Br2O2
O=C1OC2C(O)COC2(O)C1(O)Cc1c[nH]c2ccccc12,"3,6,6a-trihydroxy-6-(1H-indol-3-ylmethyl)-3,3a-dihydro-2H-furo[3,2-b]furan-5-one",C15H15NO6
O=C1OCC(C(Br)Br)=C1Br,4-bromo-3-(dibromomethyl)-2H-furan-5-one,C5H3Br3O2
O=C1OCC(C(Br)Br)=C1Cl,4-chloro-3-(dibromomethyl)-2H-furan-5-one,C5H3Br2ClO2
O=C1OCC(C(Cl)Cl)=C1Cl,4-chloro-3-(dichloromethyl)-2H-furan-5-one,C5H3Cl3O2
O=C1OCC(CBr)=C1Br,4-bromo-3-(bromomethyl)-2H-furan-5-one,C5H4Br2O2
O=C1OCC(CBr)=C1Cl,3-(bromomethyl)-4-chloro-2H-furan-5-one,C5H4BrClO2
O=C1OCC(CCl)=C1Br,4-bromo-3-(chloromethyl)-2H-furan-5-one,C5H4BrClO2
O=C1OCC(CCl)=C1Cl,4-chloro-3-(chloromethyl)-2H-furan-5-one,C5H4Cl2O2
O=C1OCC(Cl)=C1Cl,"3,4-dichloro-2H-furan-5-one",C4H2Cl2O2
O=C1OCCN1/N=C/c1ccc([N+](=O)[O-])o1,"3-[(E)-(5-nitrofuran-2-yl)methylideneamino]-1,3-oxazolidin-2-one",C8H7N3O5
O=C1O[C@@H](O)C(C(Cl)Cl)=C1Cl,(2R)-4-chloro-3-(dichloromethyl)-2-hydroxy-2H-furan-5-one,C5H3Cl3O3
O=C1OCCN1P(=O)(Cl)N1CCOC1=O,"3-[chloro-(2-oxo-1,3-oxazolidin-3-yl)phosphoryl]-1,3-oxazolidin-2-one",C6H8ClN2O5P
O=C1c2c(O)ccc(Cl)c2C(=O)c2c(O)ccc(Cl)c21,"1,5-dichloro-4,8-dihydroxyanthracene-9,10-dione",C14H6Cl2O4
O=C1[C@@H]2CC=CC[C@H]2C(=O)N1SC(Cl)(Cl)Cl,"(3aR,7aR)-2-(trichloromethylsulfanyl)-3a,4,7,7a-tetrahydroisoindole-1,3-dione",C9H8Cl3NO2S
O=C1c2c(O)ccc(O)c2C(=O)c2c(NCCNCCO)ccc(NCCNCCO)c21,"1,4-dihydroxy-5,8-bis[2-(2-hydroxyethylamino)ethylamino]anthracene-9,10-dione",C22H28N4O6
O=C1c2c(O)ccc(Nc3ccc(CCO)cc3)c2C(=O)c2c([N+](=O)[O-])ccc(O)c21,"1,8-dihydroxy-4-[4-(2-hydroxyethyl)anilino]-5-nitroanthracene-9,10-dione",C22H16N2O7
O=C1c2c(O)ccc(O)c2C(=O)c2c(NCCO)ccc(NCCO)c21,"1,4-dihydroxy-5,8-bis(2-hydroxyethylamino)anthracene-9,10-dione",C18H18N2O6
O=C1c2c(O)ccc([N+](=O)[O-])c2C(=O)c2c([N+](=O)[O-])ccc(O)c21,"1,8-dihydroxy-4,5-dinitroanthracene-9,10-dione",C14H6N2O8
O=C1c2c(O)ccc3c2C(c2ccc(O)c4c2C3C2OC2C4=O)C2OC12,"8,18-dihydroxy-4,14-dioxaheptacyclo[10.8.1.12,7.03,5.013,15.017,21.011,22]docosa-1(21),7,9,11(22),17,19-hexaene-6,16-dione",C20H12O6
O=C1c2c(O)cccc2Cc2cccc(O)c21,"1,8-dihydroxy-10H-anthracen-9-one",C14H10O3
O=C1c2c(ccc3ccccc23)-c2ccc3ccccc3c21,"pentacyclo[11.8.0.02,11.05,10.014,19]henicosa-1(13),2(11),3,5,7,9,14,16,18,20-decaen-12-one",C21H12O
O=C1c2c(ccc3ccccc23)-c2cccc3cccc1c23,"pentacyclo[11.7.1.02,11.05,10.017,21]henicosa-1(20),2(11),3,5,7,9,13,15,17(21),18-decaen-12-one",C21H12O
O=C1c2cc(O)cc(O)c2C(=O)c2c(O)cc(CO)cc21,"1,3,8-trihydroxy-6-(hydroxymethyl)anthracene-9,10-dione",C15H10O6
O=C1c2c3c(O)ccc4c3c(c3c(O)ccc(c23)C2OC12)C(O)C1OC41,,C20H12O6
O=C1c2cc(O)cc(O)c2C(=O)c2c1cc1c(c2O)C2C=COC2O1,"2,16,18-trihydroxy-7,9-dioxapentacyclo[10.8.0.03,10.04,8.014,19]icosa-1,3(10),5,11,14(19),15,17-heptaene-13,20-dione",C18H10O7
O=C1c2cc(O)cc(O)c2C(=O)c2c1cc1c(c2O)[C@@H]2C=CO[C@@H]2O1,"(4S,8R)-2,16,18-trihydroxy-7,9-dioxapentacyclo[10.8.0.03,10.04,8.014,19]icosa-1,3(10),5,11,14(19),15,17-heptaene-13,20-dione",C18H10O7
O=C1c2cc(S(=O)(=O)O)ccc2C(=O)c2c1cccc2[N+](=O)[O-],"5-nitro-9,10-dioxoanthracene-2-sulfonic acid",C14H7NO7S
O=C1c2cc([N+](=O)[O-])cc([N+](=O)[O-])c2-c2c1cc([N+](=O)[O-])cc2[N+](=O)[O-],"2,4,5,7-tetranitrofluoren-9-one",C13H4N4O9
O=C1c2cc([N+](=O)[O-])ccc2-c2c1cc([N+](=O)[O-])cc2[N+](=O)[O-],"2,4,7-trinitrofluoren-9-one",C13H5N3O7
O=C1c2cc([N+](=O)[O-])ccc2-c2ccc([N+](=O)[O-])cc21,"2,7-dinitrofluoren-9-one",C13H6N2O5
O=C1c2ccc(O)cc2-c2ccc(O)c3cccc1c23,,C17H10O3
O=C1c2ccc(O)c(O)c2C(=O)c2c(O)ccc(O)c21,"1,2,5,8-tetrahydroxyanthracene-9,10-dione",C14H8O6
O=C1c2ccc([N+](=O)[O-])cc2C(=O)N1CCl,"2-(chloromethyl)-5-nitroisoindole-1,3-dione",C9H5ClN2O4
O=C1c2ccc(O)cc2C(=O)c2ccc(O)cc21,"2,6-dihydroxyanthracene-9,10-dione",C14H8O4
O=C1c2ccc3ccccc3c2-c2c1ccc1ccccc21,"pentacyclo[11.8.0.02,11.03,8.016,21]henicosa-1(13),2(11),3,5,7,9,14,16,18,20-decaen-12-one",C21H12O
O=C1c2ccc3nc(-c4ccccc4)sc3c2C(=O)c2ccc3nc(-c4ccccc4)sc3c21,"6,16-diphenyl-5,15-dithia-7,17-diazapentacyclo[11.7.0.03,11.04,8.014,18]icosa-1(13),3(11),4(8),6,9,14(18),16,19-octaene-2,12-dione",C28H14N2O2S2
O=C1c2cccc(O)c2C(=O)c2c(O)cc(CO)cc21,"1,8-dihydroxy-3-(hydroxymethyl)anthracene-9,10-dione",C15H10O5
O=C1c2cccc(O)c2C(=O)c2c(O)cccc21,"1,8-dihydroxyanthracene-9,10-dione",C14H8O4
O=C1c2cccc(O)c2C(=O)c2c(OC3OC(CO)C(O)C(O)C3O)cccc21,"1-hydroxy-8-[3,4,5-trihydroxy-6-(hydroxymethyl)oxan-2-yl]oxyanthracene-9,10-dione",C20H18O9
O=C1c2cccc(O)c2C(=O)c2c(O[C@@H]3O[C@H](CO)[C@@H](O)[C@H](O)[C@H]3O)cccc21,"1-hydroxy-8-[(2S,3R,4S,5S,6R)-3,4,5-trihydroxy-6-(hydroxymethyl)oxan-2-yl]oxyanthracene-9,10-dione",C20H18O9
O=C1c2cccc(O)c2C(=O)c2cccc(O)c21,"1,5-dihydroxyanthracene-9,10-dione",C14H8O4
O=C1c2cccc(S(=O)(=O)O)c2C(=O)c2cccc([N+](=O)[O-])c21,"5-nitro-9,10-dioxoanthracene-1-sulfonic acid",C14H7NO7S
O=C1c2ccccc2-c2c1c1ccccc1c(=O)n2CCNCCO,"6-[2-(2-hydroxyethylamino)ethyl]indeno[1,2-c]isoquinoline-5,11-dione",C20H18N2O3
O=C1c2cccc3ccc4ccc5cccc1c5c4c23,"pentacyclo[13.3.1.05,18.08,17.011,16]nonadeca-1,3,5(18),6,8(17),9,11(16),12,14-nonaen-19-one",C19H10O
O=C1c2ccccc2-c2c1ccc1ccc3ccccc3c21,"pentacyclo[11.8.0.02,10.03,8.016,21]henicosa-1(13),2(10),3,5,7,11,14,16,18,20-decaen-9-one",C21H12O
O=C1c2ccccc2-c2c1ccc1ccccc21,benzo[c]fluoren-7-one,C17H10O
O=C1c2ccccc2-c2cc([N+](=O)[O-])ccc21,3-nitrofluoren-9-one,C13H7NO3
O=C1c2ccccc2-c2c3c(cc4ccnc1c24)OCO3,"3,5-dioxa-11-azapentacyclo[10.7.1.02,6.08,20.014,19]icosa-1(20),2(6),7,9,11,14,16,18-octaen-13-one",C17H9NO3
O=C1c2ccccc2-c2cc3ccccc3cc21,benzo[b]fluoren-11-one,C17H10O
O=C1c2ccccc2-c2ccc(Oc3ccc(S(=O)(=O)O)cc3)c3cccc1c23,4-(7-oxobenzo[a]phenalen-3-yl)oxybenzenesulfonic acid,C23H14O5S
O=C1c2ccccc2-c2ccc(O)c3cccc1c23,3-hydroxybenzo[b]phenalen-7-one,C17H10O2
O=C1c2ccccc2-c2ccc([N+](=O)[O-])cc21,2-nitrofluoren-9-one,C13H7NO3
O=C1c2ccccc2-c2ccc3c4c(ccc1c24)-c1ccccc1C3=O,"hexacyclo[10.10.2.02,7.09,23.013,18.020,24]tetracosa-1(23),2,4,6,9,11,13,15,17,20(24),21-undecaene-8,19-dione",C24H12O2
O=C1c2ccccc2-c2ccc3c4ccc5c6c(ccc(c7ccc1c2c73)c64)C(=O)c1ccccc1-5,"nonacyclo[18.10.2.22,5.03,16.04,13.06,11.017,31.022,27.028,32]tetratriaconta-1(31),2,4,6,8,10,13,15,17,19,22,24,26,28(32),29,33-hexadecaene-12,21-dione",C34H16O2
O=C1c2ccccc2-c2ccc3ccc4ccccc4c3c21,"pentacyclo[11.8.0.02,10.04,9.016,21]henicosa-1(13),2(10),4,6,8,11,14,16,18,20-decaen-3-one",C21H12O
O=C1c2ccccc2-c2cccc3cccc1c23,benzo[a]phenalen-7-one,C17H10O
O=C1c2ccccc2-c2ccc3ccccc3c21,benzo[a]fluoren-11-one,C17H10O
O=C1c2ccccc2C(=O)C1(O)O,"2,2-dihydroxyindene-1,3-dione",C9H6O4
O=C1c2ccccc2C(=O)C1c1ccc2ccccc2n1,"2-quinolin-2-ylindene-1,3-dione",C18H11NO2
O=C1c2ccccc2-c2ccccc21,fluoren-9-one,C13H8O
O=C1c2ccccc2C(=O)N1SC(Cl)(Cl)Cl,"2-(trichloromethylsulfanyl)isoindole-1,3-dione",C9H4Cl3NO2S
O=C1c2ccccc2C(=O)N1CCl,"2-(chloromethyl)isoindole-1,3-dione",C9H6ClNO2
O=C1c2ccccc2C(=O)N1SC1CCCCC1,"2-cyclohexylsulfanylisoindole-1,3-dione",C14H15NO2S
O=C1c2ccccc2C(=O)c2c(O)c(O)cc(O)c21,"1,2,4-trihydroxyanthracene-9,10-dione",C14H8O5
O=C1c2ccccc2C(=O)c2c(O)cc(O)cc21,"1,3-dihydroxyanthracene-9,10-dione",C14H8O4
O=C1c2ccccc2C(=O)c2c(O)ccc(O)c21,"1,4-dihydroxyanthracene-9,10-dione",C14H8O4
O=C1c2ccccc2C(=O)c2c(O)cccc21,"1-hydroxyanthracene-9,10-dione",C14H8O3
O=C1c2ccccc2C(=O)c2c(OC3OC(CO)C(O)C(O)C3O)ccc(O)c21,"1-hydroxy-4-[3,4,5-trihydroxy-6-(hydroxymethyl)oxan-2-yl]oxyanthracene-9,10-dione",C20H18O9
O=C1c2ccccc2C(=O)c2c(O[C@@H]3O[C@H](CO)[C@@H](O)[C@H](O)[C@H]3O)ccc(O)c21,"1-hydroxy-4-[(2S,3R,4S,5S,6R)-3,4,5-trihydroxy-6-(hydroxymethyl)oxan-2-yl]oxyanthracene-9,10-dione",C20H18O9
O=C1c2ccccc2C(=O)c2c1cc(O)c(C(=O)O)c2O,"1,3-dihydroxy-9,10-dioxoanthracene-2-carboxylic acid",C15H8O6
O=C1c2ccccc2C(=O)c2c1cc(O)c(CO)c2O,"1,3-dihydroxy-2-(hydroxymethyl)anthracene-9,10-dione",C15H10O5
O=C1c2ccccc2C(=O)c2c1cc(O)c(O)c2O,"1,2,3-trihydroxyanthracene-9,10-dione",C14H8O5
O=C1c2ccccc2C(=O)c2c1cc(OC1COC(OCC3OC(O)C(O)C(O)C3O)C(O)C1O)c(CO)c2O,,C26H28O14
O=C1c2ccccc2C(=O)c2c1cc(OC1OC(COC3OCC(O)C(O)C3O)C(O)C(O)C1O)c(CO)c2O,"1-hydroxy-2-(hydroxymethyl)-3-[3,4,5-trihydroxy-6-[(3,4,5-trihydroxyoxan-2-yl)oxymethyl]oxan-2-yl]oxyanthracene-9,10-dione",C26H28O14
O=C1c2ccccc2C(=O)c2c1ccc(C1OC(CO)C(O)C(O)C1O)c2O,,C20H18O8
O=C1c2ccccc2C(=O)c2c1ccc(O)c2O,"1,2-dihydroxyanthracene-9,10-dione",C14H8O4
O=C1c2ccccc2C(=O)c2c1ccc(OC1OC(COC3OCC(O)C(O)C3O)C(O)C(O)C1O)c2O,"1-hydroxy-2-[3,4,5-trihydroxy-6-[(3,4,5-trihydroxyoxan-2-yl)oxymethyl]oxan-2-yl]oxyanthracene-9,10-dione",C25H26O13
O=C1c2ccccc2C(=O)c2c1ccc([C@@H]1O[C@H](CO)[C@@H](O)[C@H](O)[C@H]1O)c2O,,C20H18O8
O=C1c2ccccc2C(=O)c2c1ccc1nc3c(ccc4c(O)c5ccccc5c(O)c43)nc21,"2,17-diazaheptacyclo[16.12.0.03,16.04,13.06,11.019,28.021,26]triaconta-1(18),3(16),4(13),6,8,10,14,19(28),21,23,25,29-dodecaene-5,12,20,27-tetrone",C28H14N2O4
O=C1c2ccccc2C(=O)c2ccccc21,"anthracene-9,10-dione",C14H8O2
O=C1c2ccccc2C(=O)c2cc(CO)ccc21,"2-(hydroxymethyl)anthracene-9,10-dione",C15H10O3
O=C1c2ccccc2C(=[N+]([O-])O)c2ccccc21,10-nitroanthracen-9-ol,C14H9NO3
O=C1c2ccccc2C([N+](=O)[O-])c2ccccc21,10-nitro-10H-anthracen-9-one,C14H9NO3
O=C1c2ccccc2CCc2ccccc21,"tricyclo[9.4.0.03,8]pentadeca-1(15),3,5,7,11,13-hexaen-2-one",C15H12O
O=C1c2ccccc2CN2C(=O)c3ccccc3CN12,"5,12-dihydrophthalazino[3,2-b]phthalazine-7,14-dione",C16H12N2O2
O=C1c2ccccc2Cc2ccccc21,10H-anthracen-9-one,C14H10O
O=C=Nc1ccc(Cc2ccc(N=C=O)cc2)cc1,1-isocyanato-4-[(4-isocyanatophenyl)methyl]benzene,C15H10N2O2
O=C=NC1CCCCC1,isocyanatocyclohexane,C7H11NO
O=C=Nc1ccc(N=C=O)cc1,"1,4-diisocyanatobenzene",C8H4N2O2
O=C=S,sulfanylidenemethanone,COS
O=C=Nc1cccc2c(N=C=O)cccc12,"1,5-diisocyanatonaphthalene",C12H6N2O2
O=CC(=O)O,oxaldehydic acid,C2H2O3
O=CC(=C(Cl)Cl)C(Cl)Cl,"3,3-dichloro-2-(dichloromethyl)prop-2-enal",C4H2Cl4O
O=CC(=O)c1ccccc1,2-oxo-2-phenylacetaldehyde,C8H6O2
O=CC(Br)CBr,"2,3-dibromopropanal",C3H4Br2O
O=CC(Cl)(Cl)Cl,"2,2,2-trichloroacetaldehyde",C2HCl3O
O=CC(NC(=O)N(CCCl)N=O)C(O)C(O)C(O)CO,"1-(2-chloroethyl)-1-nitroso-3-(3,4,5,6-tetrahydroxy-1-oxohexan-2-yl)urea",C9H16ClN3O7
O=CC(Cl)=C(Cl)Cl,"2,3,3-trichloroprop-2-enal",C3HCl3O
O=CC(O)C(O)C(O)C(O)CO,"2,3,4,5,6-pentahydroxyhexanal",C6H12O6
O=CC1C=COC=C1,4H-pyran-4-carbaldehyde,C6H6O2
O=CC1CC(=O)C(=O)CO1,,C6H6O4
O=CC1CO1,oxirane-2-carbaldehyde,C3H4O2
O=CC=C(Cl)Cl,"3,3-dichloroprop-2-enal",C3H2Cl2O
O=CC=O,oxaldehyde,C2H2O2
O=CCC=O,propanedial,C3H4O2
O=CCCCC=O,pentanedial,C5H8O2
O=CCCl,2-chloroacetaldehyde,C2H3ClO
O=CCO,2-hydroxyacetaldehyde,C2H4O2
O=CN(O)c1ccc(-c2ccccc2)cc1,N-hydroxy-N-(4-phenylphenyl)formamide,C13H11NO2
O=CN(O)c1ccc(/C=C/c2ccccc2)cc1,N-hydroxy-N-[4-[(E)-2-phenylethenyl]phenyl]formamide,C15H13NO2
O=CN(O)c1ccc(Cl)c(Cl)c1,"N-(3,4-dichlorophenyl)-N-hydroxyformamide",C7H5Cl2NO2
O=CN(O)c1ccc(Oc2ccc(Cl)cc2)cc1,N-[4-(4-chlorophenoxy)phenyl]-N-hydroxyformamide,C13H10ClNO3
O=CN(O)c1ccc([N+](=O)[O-])cc1,N-hydroxy-N-(4-nitrophenyl)formamide,C7H6N2O4
O=CN(O)c1ccc2ccccc2c1,N-hydroxy-N-naphthalen-2-ylformamide,C11H9NO2
O=CN(O)c1cccc(Cl)c1,N-(3-chlorophenyl)-N-hydroxyformamide,C7H6ClNO2
O=CN(O)c1ccccc1,N-hydroxy-N-phenylformamide,C7H7NO2
O=CNNc1nc(-c2ccc([N+](=O)[O-])o2)cs1,"N-[[4-(5-nitrofuran-2-yl)-1,3-thiazol-2-yl]amino]formamide",C8H6N4O4S
O=CNc1ccc(Oc2c(Cl)cc(Cl)cc2Cl)cc1,"N-[4-(2,4,6-trichlorophenoxy)phenyl]formamide",C13H8Cl3NO2
O=CNc1ccc(Oc2ccc(Cl)cc2)cc1,N-[4-(4-chlorophenoxy)phenyl]formamide,C13H10ClNO2
O=CNc1ccc(Oc2ccc(Cl)cc2Cl)cc1,"N-[4-(2,4-dichlorophenoxy)phenyl]formamide",C13H9Cl2NO2
O=CNc1ccc2c(c1)Cc1ccccc1-2,N-(9H-fluoren-2-yl)formamide,C14H11NO
O=CNc1ccccc1,N-phenylformamide,C7H7NO
O=CNc1nc(-c2cc([N+](=O)[O-])cs2)cs1,"N-[4-(4-nitrothiophen-2-yl)-1,3-thiazol-2-yl]formamide",C8H5N3O3S2
O=CNc1nc(-c2ccc([N+](=O)[O-])cc2)cs1,"N-[4-(4-nitrophenyl)-1,3-thiazol-2-yl]formamide",C10H7N3O3S
O=CNc1nc(-c2ccc([N+](=O)[O-])o2)cs1,"N-[4-(5-nitrofuran-2-yl)-1,3-thiazol-2-yl]formamide",C8H5N3O4S
O=CNc1nc(-c2ccc([N+](=O)[O-])s2)cs1,"N-[4-(5-nitrothiophen-2-yl)-1,3-thiazol-2-yl]formamide",C8H5N3O3S2
O=CNc1nc(/C=C\c2ccc([N+](=O)[O-])o2)cs1,"N-[4-[(Z)-2-(5-nitrofuran-2-yl)ethenyl]-1,3-thiazol-2-yl]formamide",C10H7N3O4S
O=CO,formic acid,CH2O2
O=C[C@H]1CO1,(2R)-oxirane-2-carbaldehyde,C3H4O2
O=Cc1c(Cl)cccc1Cl,"2,6-dichlorobenzaldehyde",C7H4Cl2O
O=Cc1c(O)cc2c(c1O)C(=O)c1ccccc1C2=O,"1,3-dihydroxy-9,10-dioxoanthracene-2-carbaldehyde",C15H8O5
O=Cc1c([N+](=O)[O-])cccc1[N+](=O)[O-],"2,6-dinitrobenzaldehyde",C7H4N2O5
O=Cc1c2ccccc2cc2ccccc12,anthracene-9-carbaldehyde,C15H10O
O=Cc1ccc(CO)o1,5-(hydroxymethyl)furan-2-carbaldehyde,C6H6O3
O=Cc1ccc(C(=O)ON(OCc2ccccc2)C(=O)c2ccccc2)cc1,[benzoyl(phenylmethoxy)amino] 4-formylbenzoate,C22H17NO5
O=Cc1ccc(Cl)c(Cl)c1,"3,4-dichlorobenzaldehyde",C7H4Cl2O
O=Cc1ccc(Cl)cc1,4-chlorobenzaldehyde,C7H5ClO
O=Cc1ccc(Cl)cc1Cl,"2,4-dichlorobenzaldehyde",C7H4Cl2O
O=Cc1ccc(O)cc1,4-hydroxybenzaldehyde,C7H6O2
O=Cc1ccc([N+](=O)[O-])cc1[N+](=O)[O-],"2,4-dinitrobenzaldehyde",C7H4N2O5
O=Cc1ccc([N+](=O)[O-])cc1,4-nitrobenzaldehyde,C7H5NO3
O=Cc1ccc([N+](=O)[O-])o1,5-nitrofuran-2-carbaldehyde,C5H3NO4
O=Cc1ccc2c(c1)OCO2,"1,3-benzodioxole-5-carbaldehyde",C8H6O3
O=Cc1ccc2ccc3cccc4ccc1c2c34,pyrene-1-carbaldehyde,C17H10O
O=Cc1cccc(-c2ccccc2)c1,3-phenylbenzaldehyde,C13H10O
O=Cc1cccc(Cl)c1,3-chlorobenzaldehyde,C7H5ClO
O=Cc1cccc(Cl)c1Cl,"2,3-dichlorobenzaldehyde",C7H4Cl2O
O=Cc1cccc2cccnc12,quinoline-8-carbaldehyde,C10H7NO
O=Cc1cccc([N+](=O)[O-])c1,3-nitrobenzaldehyde,C7H5NO3
O=Cc1ccccc1Cl,2-chlorobenzaldehyde,C7H5ClO
O=Cc1ccccc1,benzaldehyde,C7H6O
O=Cc1ccccc1O,2-hydroxybenzaldehyde,C7H6O2
O=Cc1ccccc1[N+](=O)[O-],2-nitrobenzaldehyde,C7H5NO3
O=Cc1ccco1,furan-2-carbaldehyde,C5H4O2
O=Cc1cn(C2CC(O)C(CO)O2)c(=O)[nH]c1=O,"1-[4-hydroxy-5-(hydroxymethyl)oxolan-2-yl]-2,4-dioxopyrimidine-5-carbaldehyde",C10H12N2O6
O=NN(CC(=O)O)CC(=O)O,2-[carboxymethyl(nitroso)amino]acetic acid,C4H6N2O5
O=NN(CC(=O)O)CC1(O)CCC(O)C(O)C1O,,C9H16N2O7
O=NN(CC(=O)O)CC1(O)OCC(O)C(O)C1O,"2-[nitroso-[(2,3,4,5-tetrahydroxyoxan-2-yl)methyl]amino]acetic acid",C8H14N2O8
O=NN(CC(=O)O)C[C@]1(O)OC[C@@H](O)[C@@H](O)[C@H]1O,,C8H14N2O8
O=NN(CC1(O)CCC(O)C(O)C1O)C(Cc1ccccc1)C(=O)O,,C16H22N2O7
O=NN(CC1(O)CCC(O)C(O)C1O)C(C(=O)O)C(=O)O,,C10H16N2O9
O=NN(CCCl)C(=O)NC1CCCCC1,1-(2-chloroethyl)-3-cyclohexyl-1-nitrosourea,C9H16ClN3O2
O=NN(CCCl)C(=O)NCCCl,"1,3-bis(2-chloroethyl)-1-nitrosourea",C5H9Cl2N3O2
O=NN(CCCl)C(=O)NCCO,1-(2-chloroethyl)-3-(2-hydroxyethyl)-1-nitrosourea,C5H10ClN3O3
O=NN(CCO)CC(=O)O,2-[2-hydroxyethyl(nitroso)amino]acetic acid,C4H8N2O4
O=NN(CCO)CCCCO,N-(4-hydroxybutyl)-N-(2-hydroxyethyl)nitrous amide,C6H14N2O3
O=NN(CCc1c[nH]c2ccccc12)C1OCC(O)C(O)C1O,"N-[2-(1H-indol-3-yl)ethyl]-N-(3,4,5-trihydroxyoxan-2-yl)nitrous amide",C15H19N3O5
O=NN(CCO)CCO,"N,N-bis(2-hydroxyethyl)nitrous amide",C4H10N2O3
O=NN(Cc1ccccc1)Cc1ccccc1,"N,N-dibenzylnitrous amide",C14H14N2O
O=NN(O)c1ccccc1,hydroxyimino-oxido-phenylazanium,C6H6N2O2
O=NN(c1ccc(C(=O)O)cc1)C1OCC(O)C(O)C1O,"4-[nitroso-(3,4,5-trihydroxyoxan-2-yl)amino]benzoic acid",C12H14N2O7
O=NN(c1ccc([N+](=O)[O-])cc1)C1OC(CO)C(O)C1O,,C11H13N3O7
O=NN(c1ccc([N+](=O)[O-])cc1)C1OCC(O)C(O)C1O,"N-(4-nitrophenyl)-N-(3,4,5-trihydroxyoxan-2-yl)nitrous amide",C11H13N3O7
O=NN(c1ccc([N+](=O)[O-])cc1)[C@@H]1OC[C@H](O)[C@@H](O)[C@H]1O,,C11H13N3O7
O=NN(c1ccc([N+](=O)[O-])cc1)[C@@H]1O[C@H](CO)[C@@H](O)[C@H]1O,,C11H13N3O7
O=NN(c1ccccc1)c1ccccc1,"N,N-diphenylnitrous amide",C12H10N2O
O=NN1C(C(=O)O)CSC1C(O)C(O)C(O)C(O)CO,"3-nitroso-2-(1,2,3,4,5-pentahydroxypentyl)-1,3-thiazolidine-4-carboxylic acid",C9H16N2O8S
O=NN1CC(=O)NC1=O,"1-nitrosoimidazolidine-2,4-dione",C3H3N3O3
O=NN1CC(Cl)C(Cl)C1,"3,4-dichloro-1-nitrosopyrrolidine",C4H6Cl2N2O
O=NN1CC=CCC1,"1-nitroso-3,6-dihydro-2H-pyridine",C5H8N2O
O=NN1CCC(=O)CC1,1-nitrosopiperidin-4-one,C5H8N2O2
O=NN1CCC(=O)NC1=O,"1-nitroso-1,3-diazinane-2,4-dione",C4H5N3O3
O=NN1CCC(Br)C(Br)C1,"3,4-dibromo-1-nitrosopiperidine",C5H8Br2N2O
O=NN1CCC(Cl)CC1,4-chloro-1-nitrosopiperidine,C5H9ClN2O
O=NN1CCC(O)C1,1-nitrosopyrrolidin-3-ol,C4H8N2O2
O=NN1CCC(O)CC1,1-nitrosopiperidin-4-ol,C5H10N2O2
O=NN1CCC(c2ccccc2)CC1,1-nitroso-4-phenylpiperidine,C11H14N2O
O=NN1CCC=C(C(=O)O)C1,"1-nitroso-3,6-dihydro-2H-pyridine-5-carboxylic acid",C6H8N2O3
O=NN1CCCC(O)C1,1-nitrosopiperidin-3-ol,C5H10N2O2
O=NN1CCCC(Cl)C1,3-chloro-1-nitrosopiperidine,C5H9ClN2O
O=NN1CCCC1,1-nitrosopyrrolidine,C4H8N2O
O=NN1CCCC1c1cccnc1,3-(1-nitrosopyrrolidin-2-yl)pyridine,C9H11N3O
O=NN1CCCCC1,1-nitrosopiperidine,C5H10N2O
O=NN1CCCCCC1,1-nitrosoazepane,C6H12N2O
O=NN1CCCCCCC1,1-nitrosoazocane,C7H14N2O
O=NN1CCCCCCCCCCCC1,1-nitroso-azacyclotridecane,C12H24N2O
O=NN1CCCN(N=O)CC1,"1,4-dinitroso-1,4-diazepane",C5H10N4O2
O=NN1CCCNC1=O,"1-nitroso-1,3-diazinan-2-one",C4H7N3O2
O=NN1CCC[C@H](Cl)C1,,C5H9ClN2O
O=NN1CCC[C@@H]1c1cccnc1,3-[(2R)-1-nitrosopyrrolidin-2-yl]pyridine,C9H11N3O
O=NN1CCN(N=O)CC1,"1,4-dinitrosopiperazine",C4H8N4O2
O=NN1CCC[C@H](O)C1,(3S)-1-nitrosopiperidin-3-ol,C5H10N2O2
O=NN1CCNC1=O,1-nitrosoimidazolidin-2-one,C3H5N3O2
O=NN1CCNCC1,1-nitrosopiperazine,C4H9N3O
O=NN1CCOC(O)C1,4-nitrosomorpholin-2-ol,C4H8N2O3
O=NN1CCOCC1,4-nitrosomorpholine,C4H8N2O2
O=NN1CCSC1,"3-nitroso-1,3-thiazolidine",C3H6N2OS
O=NN1CCSC1C(O)C(O)C(O)C(O)CO,"1-(3-nitroso-1,3-thiazolidin-2-yl)pentane-1,2,3,4,5-pentol",C8H16N2O6S
O=NN1CCSC1C(O)C(O)C(O)CO,"1-(3-nitroso-1,3-thiazolidin-2-yl)butane-1,2,3,4-tetrol",C7H14N2O5S
O=NN1CCSC1CO,"(3-nitroso-1,3-thiazolidin-2-yl)methanol",C4H8N2O2S
O=NN1CCSCC1,4-nitrosothiomorpholine,C4H8N2OS
O=NN1CCS[C@@H]1[C@H](O)[C@H](O)[C@H](O)[C@H](O)CO,,C8H16N2O6S
O=NN1CC[C@@H](O)C1,(3R)-1-nitrosopyrrolidin-3-ol,C4H8N2O2
O=NN1CCS[C@H]1CO,"[(2S)-3-nitroso-1,3-thiazolidin-2-yl]methanol",C4H8N2O2S
O=NN1CN2CN(C1)CN(N=O)C2,"3,7-dinitroso-1,3,5,7-tetrazabicyclo[3.3.1]nonane",C5H10N6O2
O=NN1CC[C@H](Br)[C@@H](Br)C1,,C5H8Br2N2O
O=NN1C[C@@H](Cl)[C@H](Cl)C1,,C4H6Cl2N2O
O=NN1CSCC1C(=O)O,"3-nitroso-1,3-thiazolidine-4-carboxylic acid",C4H6N2O3S
O=NSCCO,2-nitrososulfanylethanol,C2H5NO2S
O=Nc1[nH]cnc1-c1ccccc1,4-nitroso-5-phenyl-1H-imidazole,C9H7N3O
O=Nc1c(-c2ccc(Cl)cc2)nc2sccn12,"6-(4-chlorophenyl)-5-nitrosoimidazo[2,1-b][1,3]thiazole",C11H6ClN3OS
O=Nc1c(-c2ccc([N+](=O)[O-])cc2)nc2sccn12,"6-(4-nitrophenyl)-5-nitrosoimidazo[2,1-b][1,3]thiazole",C11H6N4O3S
O=Nc1c2ccccc2c2ccc3cccc4ccc1c2c43,6-nitrosobenzo[a]pyrene,C20H11NO
O=Nc1c(O)ccc2ccccc12,1-nitrosonaphthalen-2-ol,C10H7NO2
O=Nc1cc2c3ccccc3ccc2c2ccccc12,6-nitrosochrysene,C18H11NO
O=Nc1cc2c(cc1O)OCO2,"6-nitroso-1,3-benzodioxol-5-ol",C7H5NO4
O=Nc1ccc(-c2ccccc2)cc1,1-nitroso-4-phenylbenzene,C12H9NO
O=Nc1ccc(Nc2ccccc2)cc1,4-nitroso-N-phenylaniline,C12H10N2O
O=Nc1ccc(NO)cc1,N-(4-nitrosophenyl)hydroxylamine,C6H6N2O2
O=Nc1ccc(O)cc1,4-nitrosophenol,C6H5NO2
O=Nc1ccc(Oc2ccccc2)cc1,1-nitroso-4-phenoxybenzene,C12H9NO2
O=Nc1ccc(Sc2ccccc2)cc1,1-nitroso-4-phenylsulfanylbenzene,C12H9NOS
O=Nc1ccc2c(c1)Cc1ccccc1-2,2-nitroso-9H-fluorene,C13H9NO
O=Nc1ccc2ccc3c([N+](=O)[O-])ccc4ccc1c2c43,1-nitro-6-nitrosopyrene,C16H8N2O3
O=Nc1ccc2ccc3c4c(cc5ccc1c2c53)CCCC4,"3-nitroso-7,8,9,10-tetrahydrobenzo[a]pyrene",C20H15NO
O=Nc1ccc2ccc3c4ccccc4cc4ccc1c2c43,3-nitrosobenzo[a]pyrene,C20H11NO
O=Nc1ccc2ccc3cc4ccccc4c4ccc1c2c34,1-nitrosobenzo[a]pyrene,C20H11NO
O=Nc1ccc2ccc3ccc([N+](=O)[O-])c4ccc1c2c34,1-nitro-8-nitrosopyrene,C16H8N2O3
O=Nc1ccc2ccc3cccc4ccc1c2c34,1-nitrosopyrene,C16H9NO
O=Nc1ccc2ccccc2c1,2-nitrosonaphthalene,C10H7NO
O=Nc1cccc(-c2ccccc2)c1,1-nitroso-3-phenylbenzene,C12H9NO
O=Nc1ccccc1-c1ccccc1,1-nitroso-2-phenylbenzene,C12H9NO
O=Nn1cc(CC(O)C(=O)O)c2ccccc21,2-hydroxy-3-(1-nitrosoindol-3-yl)propanoic acid,C11H10N2O4
O=Nn1cc(CCO)c2ccccc21,2-(1-nitrosoindol-3-yl)ethanol,C10H10N2O2
O=Nn1cnc(CC(=O)NO)c1,N-hydroxy-2-(1-nitrosoimidazol-4-yl)acetamide,C5H6N4O3
O=P(O)(O)OCC(O)CO,"2,3-dihydroxypropyl dihydrogen phosphate",C3H9O6P
O=P(O)(NCCCO)N(CCCl)CCCl,bis(2-chloroethyl)amino-(3-hydroxypropylamino)phosphinic acid,C7H17Cl2N2O3P
O=P(O)(O)Oc1c(Br)cc(Br)cc1-c1cc(Br)cc(Br)c1O,"[2,4-dibromo-6-(3,5-dibromo-2-hydroxyphenyl)phenyl] dihydrogen phosphate",C12H7Br4O5P
O=P(O)(O)OCC1OC(n2cnc3c(O)ncnc32)C(O)C1O,"[3,4-dihydroxy-5-(6-oxo-1H-purin-9-yl)oxolan-2-yl]methyl dihydrogen phosphate",C10H13N4O8P
O=P(OC(CCl)CCl)(OC(CCl)CCl)OC(CCl)CCl,"tris(1,3-dichloropropan-2-yl) phosphate",C9H15Cl6O4P
O=P(O)(OCC(Br)CBr)OCC(Br)CBr,"bis(2,3-dibromopropyl) hydrogen phosphate",C6H11Br4O4P
O=P(OCCC(Br)CBr)(OCCC(Br)CBr)OCCC(Br)CBr,"tris(3,4-dibromobutyl) phosphate",C12H21Br6O4P
O=P(OCC(Br)CBr)(OCC(Br)CBr)OCC(Br)CBr,"tris(2,3-dibromopropyl) phosphate",C9H15Br6O4P
O=P(OCCCl)(OCCCl)OCCCl,tris(2-chloroethyl) phosphate,C6H12Cl3O4P
O=P(OC[C@H](Br)CBr)(OC[C@H](Br)CBr)OC[C@H](Br)CBr,"tris[(2S)-2,3-dibromopropyl] phosphate",C9H15Br6O4P
O=P(Oc1ccccc1)(Oc1ccccc1)Oc1ccccc1,triphenyl phosphate,C18H15O4P
O=P1(N(CCCl)CCCl)NC(O)CCO1,"2-[bis(2-chloroethyl)amino]-2-oxo-1,3,2lambda5-oxazaphosphinan-4-ol",C7H15Cl2N2O3P
O=P1(N(CCCl)CCCl)NCCCO1,"N,N-bis(2-chloroethyl)-2-oxo-1,3,2lambda5-oxazaphosphinan-2-amine",C7H15Cl2N2O2P
O=P1(N(CCCl)CCCl)OCCCN1CCCl,"N,N,3-tris(2-chloroethyl)-2-oxo-1,3,2lambda5-oxazaphosphinan-2-amine",C9H18Cl3N2O2P
O=P1(NCCCl)OCCCN1CCCl,"N,3-bis(2-chloroethyl)-2-oxo-1,3,2lambda5-oxazaphosphinan-2-amine",C7H15Cl2N2O2P
O=S(=O)(Cc1ccccc1)N1C2c3ccccc3-c3ccccc3C21,"1-benzylsulfonyl-1a,9b-dihydrophenanthro[9,10-b]azirine",C21H17NO2S
O=P1(Oc2ccccc2)OCc2ccccc2O1,"2-phenoxy-4H-1,3,2lambda5-benzodioxaphosphinine 2-oxide",C13H11O4P
O=S(=O)(NO)c1cccc2cccnc12,N-hydroxyquinoline-8-sulfonamide,C9H8N2O3S
O=S(=O)(Nc1cc(Cl)cc(Cl)c1)c1cccc2cccnc12,"N-(3,5-dichlorophenyl)quinoline-8-sulfonamide",C15H10Cl2N2O2S
O=S(=O)(Nc1ccc(Cl)cc1)c1cccc2cccnc12,N-(4-chlorophenyl)quinoline-8-sulfonamide,C15H11ClN2O2S
O=S(=O)(Nc1ccc(Cl)c(Cl)c1)c1cccc2cccnc12,"N-(3,4-dichlorophenyl)quinoline-8-sulfonamide",C15H10Cl2N2O2S
O=S(=O)(Nc1cccc(Cl)c1)c1cccc2cccnc12,N-(3-chlorophenyl)quinoline-8-sulfonamide,C15H11ClN2O2S
O=S(=O)(Nc1ccc(Cl)cc1Cl)c1cccc2cccnc12,"N-(2,4-dichlorophenyl)quinoline-8-sulfonamide",C15H10Cl2N2O2S
O=S(=O)(Nc1ccccc1Cl)c1cccc2cccnc12,N-(2-chlorophenyl)quinoline-8-sulfonamide,C15H11ClN2O2S
O=S(=O)(O)C1C(O)c2c(cc3ccc4cccc5ccc2c3c45)C(O)C1O,"7,8,10-trihydroxy-7,8,9,10-tetrahydrobenzo[a]pyrene-9-sulfonic acid",C20H16O6S
O=S(=O)(O)CNc1ccc(N=Nc2cccnc2)cc1,[4-(pyridin-3-yldiazenyl)anilino]methanesulfonic acid,C12H12N4O3S
O=S(=O)(O)O,sulfuric acid,H2O4S
O=S(=O)(O)OCc1c2ccccc2c(CO)c2c1ccc1ccccc12,[12-(hydroxymethyl)benzo[a]anthracen-7-yl]methyl hydrogen sulfate,C20H16O5S
O=S(=O)(O)OCc1c2ccccc2c2ccc3cccc4ccc1c2c43,benzo[b]pyren-6-ylmethyl hydrogen sulfate,C21H14O4S
O=S(=O)(O)OCc1c2ccccc2cc2c1ccc1ccccc12,benzo[a]anthracen-7-ylmethyl hydrogen sulfate,C19H14O4S
O=S(=O)(O)OCc1cc2ccccc2c2ccc3ccccc3c12,chrysen-5-ylmethyl hydrogen sulfate,C19H14O4S
O=S(=O)(O)OCc1ccc2ccc3cccc4ccc1c2c34,pyren-1-ylmethyl hydrogen sulfate,C17H12O4S
O=S(=O)(O)ONNCCc1ccccc1,,C8H12N2O4S
O=S(=O)(O)Oc1c2ccccc2c2ccc3cccc4ccc1c2c43,benzo[b]pyren-6-yl hydrogen sulfate,C20H12O4S
O=S(=O)(O)Oc1ccc2ccc3c4ccccc4cc4ccc1c2c43,benzo[a]pyren-3-yl hydrogen sulfate,C20H12O4S
O=S(=O)(O)Oc1ccc2cc3ccc4cccc5ccc(c2c1)c3c45,benzo[a]pyren-9-yl hydrogen sulfate,C20H12O4S
O=S(=O)(O)Oc1ccc2ccc3cc4ccccc4c4ccc1c2c34,benzo[a]pyren-1-yl hydrogen sulfate,C20H12O4S
O=S(=O)(O)Oc1cccc2c1cc1ccc3cccc4ccc2c1c34,benzo[a]pyren-7-yl hydrogen sulfate,C20H12O4S
O=S(=O)(O)c1c(N=Nc2c(O)ccc3ccccc23)ccc2ccccc12,2-[(2-hydroxynaphthalen-1-yl)diazenyl]naphthalene-1-sulfonic acid,C20H14N2O4S
O=S(=O)(O)c1cc(N=Nc2c(O)ccc3ccccc23)ccc1-c1ccc(N=Nc2c(O)ccc3ccccc23)cc1S(=O)(=O)O,5-[(2-hydroxynaphthalen-1-yl)diazenyl]-2-[4-[(2-hydroxynaphthalen-1-yl)diazenyl]-2-sulfophenyl]benzenesulfonic acid,C32H22N4O8S2
O=S(=O)(O)c1cc(S(=O)(=O)O)c2c(N=Nc3ccc(S(=O)(=O)O)c4ccccc34)c(O)ccc2c1,"7-hydroxy-8-[(4-sulfonaphthalen-1-yl)diazenyl]naphthalene-1,3-disulfonic acid",C20H14N2O10S3
O=S(=O)(O)c1cc(S(=O)(=O)O)c2c(N=Nc3ccccc3)c(O)ccc2c1,"7-hydroxy-8-phenyldiazenylnaphthalene-1,3-disulfonic acid",C16H12N2O7S2
O=S(=O)(O)c1cc(S(=O)(=O)O)c2cc(O)ccc2c1,"7-hydroxynaphthalene-1,3-disulfonic acid",C10H8O7S2
O=S(=O)(O)c1ccc(N=NNc2ccc(S(=O)(=O)O)cc2)cc1,4-[2-(4-sulfophenyl)iminohydrazinyl]benzenesulfonic acid,C12H11N3O6S2
O=S(=O)(O)c1ccc(N=Nc2c(O)c(S(=O)(=O)O)cc3cc(S(=O)(=O)O)ccc23)cc1,"3-hydroxy-4-[(4-sulfophenyl)diazenyl]naphthalene-2,7-disulfonic acid",C16H12N2O10S3
O=S(=O)(O)c1ccc(N=Nc2c(O)ccc3cc(S(=O)(=O)O)ccc23)cc1,6-hydroxy-5-[(4-sulfophenyl)diazenyl]naphthalene-2-sulfonic acid,C16H12N2O7S2
O=S(=O)(O)c1ccc(N=Nc2c(O)ccc3ccccc23)cc1,4-[(2-hydroxynaphthalen-1-yl)diazenyl]benzenesulfonic acid,C16H12N2O4S
O=S(=O)(O)c1ccc(N=Nc2c(O)ccc3cc(S(=O)(=O)O)cc(S(=O)(=O)O)c23)cc1,"7-hydroxy-8-[(4-sulfophenyl)diazenyl]naphthalene-1,3-disulfonic acid",C16H12N2O10S3
O=S(=O)(O)c1ccc(N=Nc2ccc(O)c3ccccc23)cc1,4-[(4-hydroxynaphthalen-1-yl)diazenyl]benzenesulfonic acid,C16H12N2O4S
O=S(=O)(O)c1ccc(O)c2ncccc12,8-hydroxyquinoline-5-sulfonic acid,C9H7NO4S
O=S(=O)(O)c1ccc2c(N=Nc3ccc(S(=O)(=O)O)c4ccccc34)c(O)c(S(=O)(=O)O)cc2c1,"3-hydroxy-4-[(4-sulfonaphthalen-1-yl)diazenyl]naphthalene-2,7-disulfonic acid",C20H14N2O10S3
O=S(=O)(O)c1ccc2c(N=Nc3ccccc3)c(O)ccc2c1,6-hydroxy-5-phenyldiazenylnaphthalene-2-sulfonic acid,C16H12N2O4S
O=S(=O)(O)c1ccc2cc(Oc3ccc4cc(S(=O)(=O)O)ccc4c3)ccc2c1,6-(6-sulfonaphthalen-2-yl)oxynaphthalene-2-sulfonic acid,C20H14O7S2
O=S(=O)(O)c1ccc2ccc3cccc4ccc1c2c34,pyrene-1-sulfonic acid,C16H10O3S
O=S(=O)(O)c1ccc2cc(O)c(S(=O)(=O)O)cc2c1,"3-hydroxynaphthalene-2,7-disulfonic acid",C10H8O7S2
O=S(=O)(O)c1cccc2cccnc12,quinoline-8-sulfonic acid,C9H7NO3S
O=S(=O)(O)c1ccccc1,benzenesulfonic acid,C6H6O3S
O=S(=O)(O)c1cccc2cc(O)ccc12,6-hydroxynaphthalene-1-sulfonic acid,C10H8O4S
O=S(=O)(c1cc(Cl)cc(Cl)c1O)c1cc(Cl)cc(Cl)c1O,"2,4-dichloro-6-(3,5-dichloro-2-hydroxyphenyl)sulfonylphenol",C12H6Cl4O4S
O=S(=O)(c1ccc(Cl)cc1)c1cc(Cl)c(Cl)cc1Cl,"1,2,4-trichloro-5-(4-chlorophenyl)sulfonylbenzene",C12H6Cl4O2S
O=S(=O)(c1ccc(O)cc1)c1ccc(O)cc1,4-(4-hydroxyphenyl)sulfonylphenol,C12H10O4S
O=S(=O)(c1ccc(Cl)cc1)c1ccc(Cl)cc1,1-chloro-4-(4-chlorophenyl)sulfonylbenzene,C12H8Cl2O2S
O=S(O)c1ccc(Cl)cc1,4-chlorobenzenesulfinic acid,C6H5ClO2S
O=S(c1cc(Cl)cc(Cl)c1O)c1cc(Cl)cc(Cl)c1O,"2,4-dichloro-6-(3,5-dichloro-2-hydroxyphenyl)sulfinylphenol",C12H6Cl4O3S
O=S1(=O)CC=CC1,"2,5-dihydrothiophene 1,1-dioxide",C4H6O2S
O=S1(=O)CCCC1,"thiolane 1,1-dioxide",C4H8O2S
O=S1(=O)CCCCO1,"oxathiane 2,2-dioxide",C4H8O3S
O=S1(=O)CCCO1,"oxathiolane 2,2-dioxide",C3H6O3S
O=S1(=O)OC(c2cc(Br)c(O)c(Br)c2)(c2cc(Br)c(O)c(Br)c2)c2ccccc21,"2,6-dibromo-4-[3-(3,5-dibromo-4-hydroxyphenyl)-1,1-dioxo-2,1lambda6-benzoxathiol-3-yl]phenol",C19H10Br4O5S
O=S1(=O)OCCCO1,"1,3,2-dioxathiane 2,2-dioxide",C3H6O4S
O=S1(=O)OC2(c3ccccc31)c1cc(Br)c(O)c(Br)c1Oc1c2cc(Br)c(O)c1Br,"2',4',5',7'-tetrabromo-1,1-dioxospiro[2,1lambda6-benzoxathiole-3,9'-xanthene]-3',6'-diol",C19H8Br4O6S
O=S1OCC2C(CO1)C1(Cl)C(Cl)=C(Cl)C2(Cl)C1(Cl)Cl,"1,9,10,11,12,12-hexachloro-4,6-dioxa-5lambda4-thiatricyclo[7.2.1.02,8]dodec-10-ene 5-oxide",C9H6Cl6O3S
O=S1(=O)c2cccc3ccc4c5ccccc5cc1c4c23,"19lambda6-thiapentacyclo[14.2.1.03,8.09,18.012,17]nonadeca-1,3,5,7,9(18),10,12(17),13,15-nonaene 19,19-dioxide",C18H10O2S
O=S1OC[C@H]2[C@H](CO1)[C@@]1(Cl)C(Cl)=C(Cl)[C@]2(Cl)C1(Cl)Cl,"(1S,2R,8R,9R)-1,9,10,11,12,12-hexachloro-4,6-dioxa-5lambda4-thiatricyclo[7.2.1.02,8]dodec-10-ene 5-oxide",C9H6Cl6O3S
O=[N+]([O-])/C(Br)=C/c1ccccc1,[(Z)-2-bromo-2-nitroethenyl]benzene,C8H6BrNO2
O=[N+]([O-])/C=C/c1ccccc1,[(E)-2-nitroethenyl]benzene,C8H7NO2
O=[N+]([O-])/C=C/c1ccc([N+](=O)[O-])o1,2-nitro-5-[(E)-2-nitroethenyl]furan,C6H4N2O5
O=[N+]([O-])/C=C/c1ccco1,2-[(E)-2-nitroethenyl]furan,C6H5NO3
O=[N+]([O-])C(Br)(Br)Br,tribromo(nitro)methane,CBr3NO2
O=[N+]([O-])C(Br)(CO)CO,"2-bromo-2-nitropropane-1,3-diol",C3H6BrNO4
O=[N+]([O-])C(Cl)(Cl)Cl,trichloro(nitro)methane,CCl3NO2
O=[N+]([O-])C(Cl)Cl,dichloro(nitro)methane,CHCl2NO2
O=[N+]([O-])C([N+](=O)[O-])([N+](=O)[O-])[N+](=O)[O-],tetranitromethane,CN4O8
O=[N+]([O-])C1=Cc2c3c1cccc3cc1ccc3ccccc3c21,"18-nitropentacyclo[11.6.1.02,11.03,8.017,20]icosa-1(20),2(11),3,5,7,9,12,14,16,18-decaene",C20H11NO2
O=[N+]([O-])C1=Cc2c3ccc4ccccc4c3cc3cccc1c23,2-nitrobenzo[j]aceanthrylene,C20H11NO2
O=[N+]([O-])C1=Cc2cc3cc4ccccc4cc3c3cccc1c23,"15-nitropentacyclo[11.6.1.02,11.04,9.016,20]icosa-1(20),2,4,6,8,10,12,14,16,18-decaene",C20H11NO2
O=[N+]([O-])C1=Cc2ccc3ccc4cccc5cc1c2c3c45,"2-nitropentacyclo[12.3.1.04,17.07,16.010,15]octadeca-1(18),2,4(17),5,7(16),8,10(15),11,13-nonaene",C18H9NO2
O=[N+]([O-])C1=Cc2cccc3cccc(c23)O1,"3-nitro-2-oxatricyclo[7.3.1.05,13]trideca-1(12),3,5,7,9(13),10-hexaene",C12H7NO3
O=[N+]([O-])C1=Cc2cccc3c2c1cc1cc2ccccc2cc13,"14-nitropentacyclo[11.6.1.02,11.04,9.016,20]icosa-1(19),2,4,6,8,10,12,14,16(20),17-decaene",C20H11NO2
O=[N+]([O-])C1CCCC1,nitrocyclopentane,C5H9NO2
O=[N+]([O-])C1=Cc2cccc3cccc1c23,1-nitroacenaphthylene,C12H7NO2
O=[N+]([O-])CCl,chloro(nitro)methane,CH2ClNO2
O=[N+]([O-])CCO,2-nitroethanol,C2H5NO3
O=[N+]([O-])OC1COC2C(O)COC12,"(3-hydroxy-2,3,3a,5,6,6a-hexahydrofuro[3,2-b]furan-6-yl) nitrate",C6H9NO6
O=[N+]([O-])OC1COC2C(O[N+](=O)[O-])COC12,"(6-nitrooxy-2,3,3a,5,6,6a-hexahydrofuro[3,2-b]furan-3-yl) nitrate",C6H8N2O8
O=[N+]([O-])OCC(CO[N+](=O)[O-])(CO[N+](=O)[O-])CO[N+](=O)[O-],"[3-nitrooxy-2,2-bis(nitrooxymethyl)propyl] nitrate",C5H8N4O12
O=[N+]([O-])OCC(CO[N+](=O)[O-])O[N+](=O)[O-],"1,3-dinitrooxypropan-2-yl nitrate",C3H5N3O9
O=[N+]([O-])O[C@@H]1CO[C@H]2[C@@H]1OC[C@H]2O,"[(3R,3aR,6R,6aS)-3-hydroxy-2,3,3a,5,6,6a-hexahydrofuro[3,2-b]furan-6-yl] nitrate",C6H9NO6
O=[N+]([O-])O[C@H]1CO[C@H]2[C@@H]1OC[C@H]2O[N+](=O)[O-],"[(3S,3aS,6R,6aS)-3-nitrooxy-2,3,3a,5,6,6a-hexahydrofuro[3,2-b]furan-6-yl] nitrate",C6H8N2O8
O=[N+]([O-])c1[nH]cnc1-c1ccccc1,5-nitro-4-phenyl-1H-imidazole,C9H7N3O2
O=[N+]([O-])c1c(-c2ccc(Cl)cc2)nc2n1CCS2,"6-(4-chlorophenyl)-5-nitro-2,3-dihydroimidazo[2,1-b][1,3]thiazole",C11H8ClN3O2S
O=[N+]([O-])c1c(-c2ccc(Cl)cc2)nc2sccn12,"6-(4-chlorophenyl)-5-nitroimidazo[2,1-b][1,3]thiazole",C11H6ClN3O2S
O=[N+]([O-])c1c(Cl)c(Cl)c2c(c1Cl)Oc1ccc(Cl)c(Cl)c1O2,"1,3,4,6,7-pentachloro-2-nitrodibenzo-p-dioxin",C12H2Cl5NO4
O=[N+]([O-])c1c(Cl)c(Cl)c(Cl)c(Cl)c1Cl,"1,2,3,4,5-pentachloro-6-nitrobenzene",C6Cl5NO2
O=[N+]([O-])c1c(Cl)c(Cl)cc(Cl)c1Cl,"1,2,4,5-tetrachloro-3-nitrobenzene",C6HCl4NO2
O=[N+]([O-])c1c(Cl)cc(Cl)cc1Cl,"1,3,5-trichloro-2-nitrobenzene",C6H2Cl3NO2
O=[N+]([O-])c1c(Cl)cc2c(c1Cl)Oc1cc(Cl)c(Cl)cc1O2,"1,3,7,8-tetrachloro-2-nitrodibenzo-p-dioxin",C12H3Cl4NO4
O=[N+]([O-])c1c(O)c(Cl)cc(Cl)c1Cl,"3,4,6-trichloro-2-nitrophenol",C6H2Cl3NO3
O=[N+]([O-])c1c(O)ccc2c1[nH]c1ccccc12,1-nitro-9H-carbazol-2-ol,C12H8N2O3
O=[N+]([O-])c1c(O)cc2c3c(cccc13)-c1ccccc1-2,3-nitrofluoranthen-2-ol,C16H9NO3
O=[N+]([O-])c1c(O)ccc2ccccc12,1-nitronaphthalen-2-ol,C10H7NO3
O=[N+]([O-])c1c2c(c3ccc4cccc5ccc1c3c45)C=CCC2,"6-nitro-7,8-dihydrobenzo[a]pyrene",C20H13NO2
O=[N+]([O-])c1c2c(c3ccc4cccc5ccc1c3c45)CCC=C2,"6-nitro-9,10-dihydrobenzo[a]pyrene",C20H13NO2
O=[N+]([O-])c1c2c(c3ccc4cccc5ccc1c3c45)CCCC2,"6-nitro-7,8,9,10-tetrahydrobenzo[a]pyrene",C20H15NO2
O=[N+]([O-])c1c2c(cc3c1ccc1ccccc13)C=CC(O)C2O,"7-nitro-8,9-dihydrobenzo[a]anthracene-8,9-diol",C18H13NO4
O=[N+]([O-])c1c2c(c3ccc4cccc5ccc1c3c45)CCCC2O,"6-nitro-7,8,9,10-tetrahydrobenzo[a]pyren-7-ol",C20H15NO3
O=[N+]([O-])c1c2c(cc3ccccc13)C(O)C(O)C=C2,"10-nitro-1,2-dihydroanthracene-1,2-diol",C14H11NO4
O=[N+]([O-])c1c2c(cc3ccccc13)[C@@H](O)[C@H](O)C=C2,"(1R,2R)-10-nitro-1,2-dihydroanthracene-1,2-diol",C14H11NO4
O=[N+]([O-])c1c2c(cc3ccccc13)C=CC(O)C2O,"9-nitro-1,2-dihydroanthracene-1,2-diol",C14H11NO4
O=[N+]([O-])c1c2c3c(ccc4cccc(c43)CC2)c2ccccc12,"6-nitro-4,5-dihydrobenzo[a]pyrene",C20H13NO2
O=[N+]([O-])c1c2ccccc2c([N+](=O)[O-])c2ccccc12,"9,10-dinitroanthracene",C14H8N2O4
O=[N+]([O-])c1c2ccccc2c2ccc3cccc4ccc1c2c43,6-nitrobenzo[a]pyrene,C20H11NO2
O=[N+]([O-])c1c2ccccc2cc2c1ccc1ccccc12,7-nitrobenzo[a]anthracene,C18H11NO2
O=[N+]([O-])c1c2ccccc2cc2c3c(ccc12)C(O)C(O)C=C3,"7-nitro-3,4-dihydrobenzo[a]anthracene-3,4-diol",C18H13NO4
O=[N+]([O-])c1c2ccccc2cc2ccccc12,9-nitroanthracene,C14H9NO2
O=[N+]([O-])c1cc(-c2ccc(O)c([N+](=O)[O-])c2)ccc1O,4-(4-hydroxy-3-nitrophenyl)-2-nitrophenol,C12H8N2O6
O=[N+]([O-])c1cc(-c2cccc([N+](=O)[O-])c2O)ccc1O,2-(4-hydroxy-3-nitrophenyl)-6-nitrophenol,C12H8N2O6
O=[N+]([O-])c1cc(-c2ccccc2)cc([N+](=O)[O-])c1O,"2,6-dinitro-4-phenylphenol",C12H8N2O5
O=[N+]([O-])c1cc(-c2ccccc2)ccc1O,2-nitro-4-phenylphenol,C12H9NO3
O=[N+]([O-])c1cc(C(F)(F)F)cc([N+](=O)[O-])c1Cl,"2-chloro-1,3-dinitro-5-(trifluoromethyl)benzene",C7H2ClF3N2O4
O=[N+]([O-])c1cc(C(F)(F)F)cc([N+](=O)[O-])c1O,"2,6-dinitro-4-(trifluoromethyl)phenol",C7H3F3N2O5
O=[N+]([O-])c1cc(C(F)(F)F)ccc1Cl,1-chloro-2-nitro-4-(trifluoromethyl)benzene,C7H3ClF3NO2
O=[N+]([O-])c1cc(CCl)cc([N+](=O)[O-])c1,"1-(chloromethyl)-3,5-dinitrobenzene",C7H5ClN2O4
O=[N+]([O-])c1cc(Cl)c(Cl)c(Cl)c1Cl,"1,2,3,4-tetrachloro-5-nitrobenzene",C6HCl4NO2
O=[N+]([O-])c1cc(Cl)c(Cl)c(Cl)c1,"1,2,3-trichloro-5-nitrobenzene",C6H2Cl3NO2
O=[N+]([O-])c1cc(Cl)c(N=Nc2ccc(N(CCO)CCO)cc2Cl)c(Cl)c1,"2-[3-chloro-4-[(2,6-dichloro-4-nitrophenyl)diazenyl]-N-(2-hydroxyethyl)anilino]ethanol",C16H15Cl3N4O4
O=[N+]([O-])c1cc(Cl)c(Cl)cc1Cl,"1,2,4-trichloro-5-nitrobenzene",C6H2Cl3NO2
O=[N+]([O-])c1cc(Cl)cc(Sc2cc(Cl)cc([N+](=O)[O-])c2O)c1O,4-chloro-2-(5-chloro-2-hydroxy-3-nitrophenyl)sulfanyl-6-nitrophenol,C12H6Cl2N2O6S
O=[N+]([O-])c1cc(Cl)ccc1Cl,"1,4-dichloro-2-nitrobenzene",C6H3Cl2NO2
O=[N+]([O-])c1cc(F)ccc1F,"1,4-difluoro-2-nitrobenzene",C6H3F2NO2
O=[N+]([O-])c1cc(N(CCO)CCO)ccc1NCCO,2-[4-[bis(2-hydroxyethyl)amino]-2-nitroanilino]ethanol,C12H19N3O5
O=[N+]([O-])c1cc(NS(=O)(=O)c2cccc3cccnc23)ccc1Cl,N-(4-chloro-3-nitrophenyl)quinoline-8-sulfonamide,C15H10ClN3O4S
O=[N+]([O-])c1cc(O)c2ccc3cccc4ccc1c2c34,3-nitropyren-1-ol,C16H9NO3
O=[N+]([O-])c1cc([N+](=O)[O-])c(-c2ccccc2)c([N+](=O)[O-])c1,"1,3,5-trinitro-2-phenylbenzene",C12H7N3O6
O=[N+]([O-])c1cc([N+](=O)[O-])c(Cl)c([N+](=O)[O-])c1,"2-chloro-1,3,5-trinitrobenzene",C6H2ClN3O6
O=[N+]([O-])c1cc([N+](=O)[O-])c(O)c([N+](=O)[O-])c1,"2,4,6-trinitrophenol",C6H3N3O7
O=[N+]([O-])c1cc([N+](=O)[O-])c(Nc2c([N+](=O)[O-])cc([N+](=O)[O-])cc2[N+](=O)[O-])c([N+](=O)[O-])c1,"2,4,6-trinitro-N-(2,4,6-trinitrophenyl)aniline",C12H5N7O12
O=[N+]([O-])c1cc([N+](=O)[O-])c2[nH]c3cnc([N+](=O)[O-])cc3c2c1,"3,6,8-trinitro-9H-pyrido[3,4-b]indole",C11H5N5O6
O=[N+]([O-])c1cc([N+](=O)[O-])c(O)c([N+](=O)[O-])c1O,"2,4,6-trinitrobenzene-1,3-diol",C6H3N3O8
O=[N+]([O-])c1cc([N+](=O)[O-])c2c([N+](=O)[O-])cc([N+](=O)[O-])cc2c1,"1,3,6,8-tetranitronaphthalene",C10H4N4O8
O=[N+]([O-])c1cc([N+](=O)[O-])c2c3c(c4cccc5ccc1c2c54)CCCC3,"6,8-dinitro-9,10,11,12-tetrahydrobenzo[e]pyrene",C20H14N2O4
O=[N+]([O-])c1cc([N+](=O)[O-])c2c3ccccc3c3cccc4ccc1c2c43,"6,8-dinitrobenzo[e]pyrene",C20H10N2O4
O=[N+]([O-])c1cc([N+](=O)[O-])c2ccc(S(=O)(=O)O)cc2c1O,"8-hydroxy-5,7-dinitronaphthalene-2-sulfonic acid",C10H6N2O8S
O=[N+]([O-])c1cc([N+](=O)[O-])c2ccc3cccc4ccc1c2c43,"1,3-dinitropyrene",C16H8N2O4
O=[N+]([O-])c1cc([N+](=O)[O-])c2cccc3c2c1-c1ccccc1-3,"1,3-dinitrofluoranthene",C16H8N2O4
O=[N+]([O-])c1cc([N+](=O)[O-])cc([N+](=O)[O-])c1,"1,3,5-trinitrobenzene",C6H3N3O6
O=[N+]([O-])c1cc([N+](=O)[O-])c2ccccc2c1,"1,3-dinitronaphthalene",C10H6N2O4
O=[N+]([O-])c1cc2[nH]c3ccc4c(O)cccc4c3c2c2ccccc12,"15-nitro-12-azapentacyclo[11.8.0.02,11.03,8.016,21]henicosa-1(13),2(11),3(8),4,6,9,14,16,18,20-decaen-7-ol",C20H12N2O3
O=[N+]([O-])c1cc2[nH]c3cc([N+](=O)[O-])c4ccccc4c3c2c2ccccc12,"9,15-dinitro-12-azapentacyclo[11.8.0.02,11.03,8.016,21]henicosa-1(13),2(11),3,5,7,9,14,16,18,20-decaene",C20H11N3O4
O=[N+]([O-])c1cc2[nH]c3ccc4ccc(O)cc4c3c2c2ccccc12,"15-nitro-12-azapentacyclo[11.8.0.02,11.03,8.016,21]henicosa-1(13),2(11),3(8),4,6,9,14,16,18,20-decaen-5-ol",C20H12N2O3
O=[N+]([O-])c1cc2[nH]c3ccc4ccccc4c3c2c2cccc(O)c12,"9-nitro-12-azapentacyclo[11.8.0.02,11.03,8.016,21]henicosa-1(13),2,4,6,8,10,14,16,18,20-decaen-7-ol",C20H12N2O3
O=[N+]([O-])c1cc2c([nH]c3ccccc32)c([N+](=O)[O-])c1O,"1,3-dinitro-9H-carbazol-2-ol",C12H7N3O5
O=[N+]([O-])c1cc2c(cc1Cl)Oc1cc(Cl)c(Cl)cc1O2,"2,3,7-trichloro-8-nitrodibenzo-p-dioxin",C12H4Cl3NO4
O=[N+]([O-])c1cc2c(cc1O)[nH]c1ccccc12,3-nitro-9H-carbazol-2-ol,C12H8N2O3
O=[N+]([O-])c1cc2c(cc3ccc4cccc5ccc2c3c45)o1,"4-nitro-5-oxapentacyclo[9.6.2.02,6.08,18.015,19]nonadeca-1(18),2(6),3,7,9,11(19),12,14,16-nonaene",C18H9NO3
O=[N+]([O-])c1cc2c(ccc3cc(N(CCCl)CCCl)ccc32)o1,"N,N-bis(2-chloroethyl)-2-nitrobenzo[e][1]benzofuran-7-amine",C16H14Cl2N2O3
O=[N+]([O-])c1cc2c(ccc3ccccc32)c2c1C=CC(O)C2O,"12-nitro-3,4-dihydrochrysene-3,4-diol",C18H13NO4
O=[N+]([O-])c1cc2c(ccc3ccccc32)c2c1C=C[C@@H](O)[C@@H]2O,"(3R,4R)-12-nitro-3,4-dihydrochrysene-3,4-diol",C18H13NO4
O=[N+]([O-])c1cc2c3c(c1)CCc1c4c(cc(c1-3)CC2)CCCC4,"2-nitro-4,5,7,8,9,10,11,12-octahydrobenzo[a]pyrene",C20H19NO2
O=[N+]([O-])c1cc2c3c(c1)CCc1cc([N+](=O)[O-])cc(c1-3)CC2,"2,7-dinitro-4,5,9,10-tetrahydropyrene",C16H12N2O4
O=[N+]([O-])c1cc2c3c(c1)CCc1cccc(c1-3)CC2,"2-nitro-4,5,9,10-tetrahydropyrene",C16H13NO2
O=[N+]([O-])c1cc2c3c(ccc2c2ccccc12)C(O)C(O)C=C3,"6-nitro-1,2-dihydrochrysene-1,2-diol",C18H13NO4
O=[N+]([O-])c1cc2c3c(ccc2c2ccccc12)[C@@H](O)[C@H](O)C=C3,"(1R,2R)-6-nitro-1,2-dihydrochrysene-1,2-diol",C18H13NO4
O=[N+]([O-])c1cc2c3c(ccc4cc([N+](=O)[O-])cc(c43)CC2)c1,"2,7-dinitro-4,5-dihydropyrene",C16H10N2O4
O=[N+]([O-])c1cc2c3c(ccc4cccc(c43)CC2)c1,"2-nitro-4,5-dihydropyrene",C16H11NO2
O=[N+]([O-])c1cc2c3c(cccc3c1)-c1ccccc1-2,2-nitrofluoranthene,C16H9NO2
O=[N+]([O-])c1cc2c3ccccc3ccc2c2ccccc12,6-nitrochrysene,C18H11NO2
O=[N+]([O-])c1cc2cc(N(CCCl)CCCl)ccc2o1,"N,N-bis(2-chloroethyl)-2-nitro-1-benzofuran-5-amine",C12H12Cl2N2O3
O=[N+]([O-])c1cc2c3ccccc3sc2c2ccccc12,"5-nitronaphtho[1,2-b][1]benzothiole",C16H9NO2S
O=[N+]([O-])c1cc2cc3ccc4cccc5ccc(c2o1)c3c45,"4-nitro-3-oxapentacyclo[9.6.2.02,6.08,18.015,19]nonadeca-1(18),2(6),4,7,9,11(19),12,14,16-nonaene",C18H9NO3
O=[N+]([O-])c1cc2ccc(N(CCCl)CCCl)cc2o1,"N,N-bis(2-chloroethyl)-2-nitro-1-benzofuran-6-amine",C12H12Cl2N2O3
O=[N+]([O-])c1cc2ccc3cc([N+](=O)[O-])cc4ccc(c1)c2c34,"2,7-dinitropyrene",C16H8N2O4
O=[N+]([O-])c1cc2ccc3cc4ccccc4c4ccc(c1)c2c34,2-nitrobenzo[a]pyrene,C20H11NO2
O=[N+]([O-])c1cc2ccc3cccc4ccc(c1)c2c34,2-nitropyrene,C16H9NO2
O=[N+]([O-])c1cc2ccc3cccc4ccc(c1O)c2c34,2-nitropyren-1-ol,C16H9NO3
O=[N+]([O-])c1cc2cccc([N+](=O)[O-])c2c2ccccc12,"4,9-dinitrophenanthrene",C14H8N2O4
O=[N+]([O-])c1cc2cccc([N+](=O)[O-])c2cc1[N+](=O)[O-],"1,6,7-trinitronaphthalene",C10H5N3O6
O=[N+]([O-])c1cc2cccc3c2c(c1[N+](=O)[O-])-c1ccccc1-3,"1,2-dinitrofluoranthene",C16H8N2O4
O=[N+]([O-])c1cc2cccc3c4c(c5cccc1c5c23)CCCC4,"5-nitro-9,10,11,12-tetrahydrobenzo[e]pyrene",C20H15NO2
O=[N+]([O-])c1cc2cccc3c4ccccc4c4cccc1c4c23,4-nitrobenzo[e]pyrene,C20H11NO2
O=[N+]([O-])c1cc2cccc3ccc4cccc1c4c32,4-nitropyrene,C16H9NO2
O=[N+]([O-])c1cc2ccccc2c2c([N+](=O)[O-])cccc12,"4,10-dinitrophenanthrene",C14H8N2O4
O=[N+]([O-])c1cc2ccccc2c2ccccc12,9-nitrophenanthrene,C14H9NO2
O=[N+]([O-])c1cc[n+]([O-])c2ccccc12,4-nitro-1-oxidoquinolin-1-ium,C9H6N2O3
O=[N+]([O-])c1cc[n+]([O-])cc1,4-nitro-1-oxidopyridin-1-ium,C5H4N2O3
O=[N+]([O-])c1ccc(-c2ccc([N+](=O)[O-])c([N+](=O)[O-])c2)c([N+](=O)[O-])c1,"4-(2,4-dinitrophenyl)-1,2-dinitrobenzene",C12H6N4O8
O=[N+]([O-])c1ccc(-c2ccc([N+](=O)[O-])cc2)cc1,1-nitro-4-(4-nitrophenyl)benzene,C12H8N2O4
O=[N+]([O-])c1ccc(-c2ccc([N+](=O)[O-])cc2[N+](=O)[O-])c([N+](=O)[O-])c1,"1-(2,4-dinitrophenyl)-2,4-dinitrobenzene",C12H6N4O8
O=[N+]([O-])c1ccc(-c2ccc([N+](=O)[O-])cc2[N+](=O)[O-])cc1,"2,4-dinitro-1-(4-nitrophenyl)benzene",C12H7N3O6
O=[N+]([O-])c1ccc(-c2ccccc2)c([N+](=O)[O-])c1,"2,4-dinitro-1-phenylbenzene",C12H8N2O4
O=[N+]([O-])c1ccc(-c2ccccc2)cc1,1-nitro-4-phenylbenzene,C12H9NO2
O=[N+]([O-])c1ccc(-c2ccccc2[N+](=O)[O-])c([N+](=O)[O-])c1,"2,4-dinitro-1-(2-nitrophenyl)benzene",C12H7N3O6
O=[N+]([O-])c1ccc(-c2cscn2)o1,"4-(5-nitrofuran-2-yl)-1,3-thiazole",C7H4N2O3S
O=[N+]([O-])c1ccc(-c2nc(N(CCO)CCO)c3ccccc3n2)s1,2-[2-hydroxyethyl-[2-(5-nitrothiophen-2-yl)quinazolin-4-yl]amino]ethanol,C16H16N4O4S
O=[N+]([O-])c1ccc(-c2nc(N3CCOCC3)c3ccccc3n2)s1,4-[2-(5-nitrothiophen-2-yl)quinazolin-4-yl]morpholine,C16H14N4O3S
O=[N+]([O-])c1ccc(-c2nc(NCCO)c3ccccc3n2)s1,2-[[2-(5-nitrothiophen-2-yl)quinazolin-4-yl]amino]ethanol,C14H12N4O3S
O=[N+]([O-])c1ccc(-c2nc3n(c2[N+](=O)[O-])CCS3)cc1,"5-nitro-6-(4-nitrophenyl)-2,3-dihydroimidazo[2,1-b][1,3]thiazole",C11H8N4O4S
O=[N+]([O-])c1ccc(-n2nc(-c3ccccc3)n[n+]2-c2ccc(I)cc2)cc1,2-(4-iodophenyl)-3-(4-nitrophenyl)-5-phenyltetrazol-3-ium,C19H13IN5O2+
O=[N+]([O-])c1ccc(-c2nc3sccn3c2[N+](=O)[O-])cc1,"5-nitro-6-(4-nitrophenyl)imidazo[2,1-b][1,3]thiazole",C11H6N4O4S
O=[N+]([O-])c1ccc(/C=C/c2ccc(Cl)cc2)cc1,1-[(E)-2-(4-chlorophenyl)ethenyl]-4-nitrobenzene,C14H10ClNO2
O=[N+]([O-])c1ccc(/C=C/c2ccc([N+](=O)[O-])cc2)cc1,1-nitro-4-[(E)-2-(4-nitrophenyl)ethenyl]benzene,C14H10N2O4
O=[N+]([O-])c1ccc(/C=C/c2cccc(Cl)c2)cc1,1-chloro-3-[(E)-2-(4-nitrophenyl)ethenyl]benzene,C14H10ClNO2
O=[N+]([O-])c1ccc(/C=C/c2cccc([N+](=O)[O-])c2)cc1,1-nitro-3-[(E)-2-(4-nitrophenyl)ethenyl]benzene,C14H10N2O4
O=[N+]([O-])c1ccc(/C=C/c2ccccc2)cc1,1-nitro-4-[(E)-2-phenylethenyl]benzene,C14H11NO2
O=[N+]([O-])c1ccc(/C=N/c2snc3c(Cl)cc(Cl)cc23)cc1,"N-(5,7-dichloro-2,1-benzothiazol-3-yl)-1-(4-nitrophenyl)methanimine",C14H7Cl2N3O2S
O=[N+]([O-])c1ccc(/C=N/c2snc3ccccc23)o1,"N-(2,1-benzothiazol-3-yl)-1-(5-nitrofuran-2-yl)methanimine",C12H7N3O3S
O=[N+]([O-])c1ccc(/C=N/c2snc3ccccc23)cc1,"N-(2,1-benzothiazol-3-yl)-1-(4-nitrophenyl)methanimine",C14H9N3O2S
O=[N+]([O-])c1ccc(/C=N/n2cccn2)o1,(E)-1-(5-nitrofuran-2-yl)-N-pyrazol-1-ylmethanimine,C8H6N4O3
O=[N+]([O-])c1ccc(/C=N/n2nnc3c4ccccc4nc-3c2O)cc1,"3-[(E)-(4-nitrophenyl)methylideneamino]-5H-triazino[5,4-b]indol-4-one",C16H10N6O3
O=[N+]([O-])c1ccc(Br)c([N+](=O)[O-])c1,"1-bromo-2,4-dinitrobenzene",C6H3BrN2O4
O=[N+]([O-])c1ccc(C2OCC3(CO)COC(c4ccc([N+](=O)[O-])cc4)N23)cc1,"[3,5-bis(4-nitrophenyl)-1,3,5,7-tetrahydro-[1,3]oxazolo[3,4-c][1,3]oxazol-7a-yl]methanol",C18H17N3O7
O=[N+]([O-])c1ccc(Br)cc1,1-bromo-4-nitrobenzene,C6H4BrNO2
O=[N+]([O-])c1ccc(C=C=[N+]([O-])O)o1,2-nitro-5-(2-nitroethenyl)furan,C6H4N2O5
O=[N+]([O-])c1ccc(CBr)cc1,1-(bromomethyl)-4-nitrobenzene,C7H6BrNO2
O=[N+]([O-])c1ccc(CCO)cc1,2-(4-nitrophenyl)ethanol,C8H9NO3
O=[N+]([O-])c1ccc(CCl)cc1,1-(chloromethyl)-4-nitrobenzene,C7H6ClNO2
O=[N+]([O-])c1ccc(CNCCO)o1,2-[(5-nitrofuran-2-yl)methylamino]ethanol,C7H10N2O4
O=[N+]([O-])c1ccc(CN2C3c4ccccc4-c4ccccc4C32)cc1,"1-[(4-nitrophenyl)methyl]-1a,9b-dihydrophenanthro[9,10-b]azirine",C21H16N2O2
O=[N+]([O-])c1ccc(CO)c([N+](=O)[O-])c1,"(2,4-dinitrophenyl)methanol",C7H6N2O5
O=[N+]([O-])c1ccc(COc2ccccc2)cc1,1-nitro-4-(phenoxymethyl)benzene,C13H11NO3
O=[N+]([O-])c1ccc(CO)cc1,(4-nitrophenyl)methanol,C7H7NO3
O=[N+]([O-])c1ccc(Cl)c(Cl)c1,"1,2-dichloro-4-nitrobenzene",C6H3Cl2NO2
O=[N+]([O-])c1ccc(Cl)c(Cl)c1Cl,"1,2,3-trichloro-4-nitrobenzene",C6H2Cl3NO2
O=[N+]([O-])c1ccc(Cl)c([N+](=O)[O-])c1,"1-chloro-2,4-dinitrobenzene",C6H3ClN2O4
O=[N+]([O-])c1ccc(Cl)cc1Cl,"2,4-dichloro-1-nitrobenzene",C6H3Cl2NO2
O=[N+]([O-])c1ccc(Cl)cc1,1-chloro-4-nitrobenzene,C6H4ClNO2
O=[N+]([O-])c1ccc(F)c([N+](=O)[O-])c1,"1-fluoro-2,4-dinitrobenzene",C6H3FN2O4
O=[N+]([O-])c1ccc(I)c([N+](=O)[O-])c1,"1-iodo-2,4-dinitrobenzene",C6H3IN2O4
O=[N+]([O-])c1ccc(N/N=C(/N=Nc2ccc(I)cc2)c2ccccc2)cc1,N'-(4-iodoanilino)-N-(4-nitrophenyl)iminobenzenecarboximidamide,C19H14IN5O2
O=[N+]([O-])c1ccc(N(CCO)CCO)c(O)c1,2-[bis(2-hydroxyethyl)amino]-5-nitrophenol,C10H14N2O5
O=[N+]([O-])c1ccc(N=Nc2c(O)ccc3ccccc23)c(Cl)c1,1-[(2-chloro-4-nitrophenyl)diazenyl]naphthalen-2-ol,C16H10ClN3O3
O=[N+]([O-])c1ccc(N=Nc2c(O)ccc3ccccc23)c([N+](=O)[O-])c1,"1-[(2,4-dinitrophenyl)diazenyl]naphthalen-2-ol",C16H10N4O5
O=[N+]([O-])c1ccc(N=Nc2ccc(N(CCO)CCO)cc2)c([N+](=O)[O-])c1,"2-[4-[(2,4-dinitrophenyl)diazenyl]-N-(2-hydroxyethyl)anilino]ethanol",C16H17N5O6
O=[N+]([O-])c1ccc(N=Nc2ccc(O)cc2O)cc1,"4-[(4-nitrophenyl)diazenyl]benzene-1,3-diol",C12H9N3O4
O=[N+]([O-])c1ccc(N=Nc2ccccc2)cc1,(4-nitrophenyl)-phenyldiazene,C12H9N3O2
O=[N+]([O-])c1ccc(NC2OCC(O)C(O)C2O)cc1,"2-(4-nitroanilino)oxane-3,4,5-triol",C11H14N2O6
O=[N+]([O-])c1ccc(NO)cc1,N-(4-nitrophenyl)hydroxylamine,C6H6N2O3
O=[N+]([O-])c1ccc(Nc2[nH]cnc3ncnc2-3)cc1,N-(4-nitrophenyl)-7H-purin-6-amine,C11H8N6O2
O=[N+]([O-])c1ccc(Nc2ccc(Cl)cc2)cc1,N-(4-chlorophenyl)-4-nitroaniline,C12H9ClN2O2
O=[N+]([O-])c1ccc(Nc2ccc(N=C=S)cc2)cc1,4-isothiocyanato-N-(4-nitrophenyl)aniline,C13H9N3O2S
O=[N+]([O-])c1ccc(Nc2ccc(Nc3ccccc3)c(S(=O)(=O)O)c2)c([N+](=O)[O-])c1,"2-anilino-5-(2,4-dinitroanilino)benzenesulfonic acid",C18H14N4O7S
O=[N+]([O-])c1ccc(Nc2ccc(O)cc2)c([N+](=O)[O-])c1,"4-(2,4-dinitroanilino)phenol",C12H9N3O5
O=[N+]([O-])c1ccc(Nc2ccccc2)cc1,4-nitro-N-phenylaniline,C12H10N2O2
O=[N+]([O-])c1ccc(Nc2ccccc2O)c([N+](=O)[O-])c1,"2-(2,4-dinitroanilino)phenol",C12H9N3O5
O=[N+]([O-])c1ccc(Nc2ncnc3c2ncn3-c2ccc([N+](=O)[O-])cc2)cc1,"N,9-bis(4-nitrophenyl)purin-6-amine",C17H11N7O4
O=[N+]([O-])c1ccc(O)c([N+](=O)[O-])c1,"2,4-dinitrophenol",C6H4N2O5
O=[N+]([O-])c1ccc(O)cc1,4-nitrophenol,C6H5NO3
O=[N+]([O-])c1ccc(OC2CO2)cc1,2-(4-nitrophenoxy)oxirane,C8H7NO4
O=[N+]([O-])c1ccc(O)cc1[N+](=O)[O-],"3,4-dinitrophenol",C6H4N2O5
O=[N+]([O-])c1ccc(OC[C@H]2CO2)cc1,(2R)-2-[(4-nitrophenoxy)methyl]oxirane,C9H9NO4
O=[N+]([O-])c1ccc(OCC2CO2)cc1,2-[(4-nitrophenoxy)methyl]oxirane,C9H9NO4
O=[N+]([O-])c1ccc(O[C@H]2CO2)cc1,(2S)-2-(4-nitrophenoxy)oxirane,C8H7NO4
O=[N+]([O-])c1ccc(Oc2ccc(Cl)cc2Cl)cc1,"2,4-dichloro-1-(4-nitrophenoxy)benzene",C12H7Cl2NO3
O=[N+]([O-])c1ccc(Oc2ccc(N=C=S)cc2)cc1,1-isothiocyanato-4-(4-nitrophenoxy)benzene,C13H8N2O3S
O=[N+]([O-])c1ccc(Oc2ccccc2)cc1,1-nitro-4-phenoxybenzene,C12H9NO3
O=[N+]([O-])c1ccc(S(=O)(=O)Cl)cc1,4-nitrobenzenesulfonyl chloride,C6H4ClNO4S
O=[N+]([O-])c1ccc(S(=O)(=O)Nc2ccccn2)cc1,4-nitro-N-pyridin-2-ylbenzenesulfonamide,C11H9N3O4S
O=[N+]([O-])c1ccc(S(=O)(=O)O)cc1,4-nitrobenzenesulfonic acid,C6H5NO5S
O=[N+]([O-])c1ccc(S(=O)(=O)O)c([N+](=O)[O-])c1,"2,4-dinitrobenzenesulfonic acid",C6H4N2O7S
O=[N+]([O-])c1ccc(S)cc1,4-nitrobenzenethiol,C6H5NO2S
O=[N+]([O-])c1ccc(SSc2ccc([N+](=O)[O-])cc2)cc1,1-nitro-4-[(4-nitrophenyl)disulfanyl]benzene,C12H8N2O4S2
O=[N+]([O-])c1ccc(Sc2ccccc2)cc1,1-nitro-4-phenylsulfanylbenzene,C12H9NO2S
O=[N+]([O-])c1ccc([N+](=O)[O-])c(O)c1,"2,5-dinitrophenol",C6H4N2O5
O=[N+]([O-])c1ccc([N+](=O)[O-])cc1,"1,4-dinitrobenzene",C6H4N2O4
O=[N+]([O-])c1ccc2[nH]c3c([N+](=O)[O-])c(O)c([N+](=O)[O-])cc3c2c1,"1,3,6-trinitro-9H-carbazol-2-ol",C12H6N4O7
O=[N+]([O-])c1ccc2[nH]c3c([N+](=O)[O-])cccc3c2c1,"1,6-dinitro-9H-carbazole",C12H7N3O4
O=[N+]([O-])c1ccc2[nH]c3ccc([N+](=O)[O-])cc3c2c1,"3,6-dinitro-9H-carbazole",C12H7N3O4
O=[N+]([O-])c1ccc2[nH]c3ccccc3c2c1,3-nitro-9H-carbazole,C12H8N2O2
O=[N+]([O-])c1ccc2[nH]ccc2c1,5-nitro-1H-indole,C8H6N2O2
O=[N+]([O-])c1ccc2[nH]cnc2c1,6-nitro-1H-benzimidazole,C7H5N3O2
O=[N+]([O-])c1ccc2[nH]ncc2c1,5-nitro-1H-indazole,C7H5N3O2
O=[N+]([O-])c1ccc2c(CCO)c[nH]c2c1,2-(6-nitro-1H-indol-3-yl)ethanol,C10H10N2O3
O=[N+]([O-])c1ccc2c(Cl)nsc2c1,"3-chloro-6-nitro-1,2-benzothiazole",C7H3ClN2O2S
O=[N+]([O-])c1ccc2c(O)cc3cccc4ccc1c2c43,1-nitropyren-4-ol,C16H9NO3
O=[N+]([O-])c1ccc2c(O)nnc(O)c2c1,"6-nitro-2,3-dihydrophthalazine-1,4-dione",C8H5N3O4
O=[N+]([O-])c1ccc2c(O)nsc2c1,"6-nitro-1,2-benzothiazol-3-one",C7H4N2O3S
O=[N+]([O-])c1ccc2c([N+](=O)[O-])cc3c([N+](=O)[O-])cccc3c2c1,"1,6,9-trinitrophenanthrene",C14H7N3O6
O=[N+]([O-])c1ccc2c([N+](=O)[O-])cc3cccc([N+](=O)[O-])c3c2c1,"3,5,10-trinitrophenanthrene",C14H7N3O6
O=[N+]([O-])c1ccc2c([N+](=O)[O-])cc3ccccc3c2c1,"3,10-dinitrophenanthrene",C14H8N2O4
O=[N+]([O-])c1ccc2c(c1)-c1cc3ccccc3c3cccc-2c13,,C20H11NO2
O=[N+]([O-])c1ccc2c(c1)-c1ccc([N+](=O)[O-])c3cccc-2c13,"3,9-dinitrofluoranthene",C16H8N2O4
O=[N+]([O-])c1ccc2c(c1)-c1cccc3cccc-2c13,8-nitrofluoranthene,C16H9NO2
O=[N+]([O-])c1ccc2c(c1)-c1ccccc1C2,3-nitro-9H-fluorene,C13H9NO2
O=[N+]([O-])c1ccc2c(c1)-c1nc3ccccc3c3c1c-2nc1ccccc13,"4-nitro-9,23-diazahexacyclo[14.7.1.02,7.08,24.010,15.017,22]tetracosa-1(23),2(7),3,5,8,10,12,14,16(24),17,19,21-dodecaene",C22H11N3O2
O=[N+]([O-])c1ccc2c(c1)C(O)c1ccccc1-2,2-nitro-9H-fluoren-9-ol,C13H9NO3
O=[N+]([O-])c1ccc2c(c1)CC=C2,6-nitro-1H-indene,C9H7NO2
O=[N+]([O-])c1ccc2c(c1)CCN2,"5-nitro-2,3-dihydro-1H-indole",C8H8N2O2
O=[N+]([O-])c1ccc2c(c1)CCc1c-2ccc2c1CCCC2,"8-nitro-1,2,3,4,5,6-hexahydrochrysene",C18H17NO2
O=[N+]([O-])c1ccc2c(c1)CCc1cc([N+](=O)[O-])ccc1-2,"2,7-dinitro-9,10-dihydrophenanthrene",C14H10N2O4
O=[N+]([O-])c1ccc2c(c1)CCc1cc3c(cc1-2)CCCC3,"3-nitro-5,6,8,9,10,11-hexahydrobenzo[a]anthracene",C18H17NO2
O=[N+]([O-])c1ccc2c(c1)CCc1ccccc1-2,"2-nitro-9,10-dihydrophenanthrene",C14H11NO2
O=[N+]([O-])c1ccc2c(c1)CCc1cc3c(cc1-2)CCc1ccccc1-3,"3-nitro-5,6,12,13-tetrahydronaphtho[1,2-b]phenanthrene",C22H17NO2
O=[N+]([O-])c1ccc2c(c1)Cc1cc(O)ccc1-2,7-nitro-9H-fluoren-2-ol,C13H9NO3
O=[N+]([O-])c1ccc2c(c1)Cc1cc([N+](=O)[O-])ccc1-2,"2,7-dinitro-9H-fluorene",C13H8N2O4
O=[N+]([O-])c1ccc2c(c1)Cc1cccc([N+](=O)[O-])c1-2,"2,5-dinitro-9H-fluorene",C13H8N2O4
O=[N+]([O-])c1ccc2c(c1)Cc1ccccc1-2,2-nitro-9H-fluorene,C13H9NO2
O=[N+]([O-])c1ccc2c(c1)Cc1cccc(O)c1-2,7-nitro-9H-fluoren-4-ol,C13H9NO3
O=[N+]([O-])c1ccc2c(c1)NCC2,"6-nitro-2,3-dihydro-1H-indole",C8H8N2O2
O=[N+]([O-])c1ccc2c(c1)Oc1cc(Cl)c(Cl)cc1O2,"2,3-dichloro-7-nitrodibenzo-p-dioxin",C12H5Cl2NO4
O=[N+]([O-])c1ccc2c(c1)Oc1cc([N+](=O)[O-])ccc1O2,"2,8-dinitrodibenzo-p-dioxin",C12H6N2O6
O=[N+]([O-])c1ccc2c(c1)Oc1ccc([N+](=O)[O-])cc1O2,"2,7-dinitrodibenzo-p-dioxin",C12H6N2O6
O=[N+]([O-])c1ccc2c(c1)Oc1ccccc1O2,2-nitrodibenzo-p-dioxin,C12H7NO4
O=[N+]([O-])c1ccc2c(c1)[C@H](O)c1ccccc1-2,(9R)-2-nitro-9H-fluoren-9-ol,C13H9NO3
O=[N+]([O-])c1ccc2c(c1)[nH]c1ccccc12,2-nitro-9H-carbazole,C12H8N2O2
O=[N+]([O-])c1ccc2c(c1)c([N+](=O)[O-])cc1c([N+](=O)[O-])cccc12,"1,7,9-trinitrophenanthrene",C14H7N3O6
O=[N+]([O-])c1ccc2c(c1)c([N+](=O)[O-])cc1cccc([N+](=O)[O-])c12,"2,5,10-trinitrophenanthrene",C14H7N3O6
O=[N+]([O-])c1ccc2c(c1)c([N+](=O)[O-])cc1ccccc12,"2,10-dinitrophenanthrene",C14H8N2O4
O=[N+]([O-])c1ccc2c(c1)cc([N+](=O)[O-])c1ccc([N+](=O)[O-])cc12,"2,6,9-trinitrophenanthrene",C14H7N3O6
O=[N+]([O-])c1ccc2c(c1)cc([N+](=O)[O-])c1ccccc12,"2,9-dinitrophenanthrene",C14H8N2O4
O=[N+]([O-])c1ccc2c(c1)nc(/C=N/OCc1ccccc1[N+](=O)[O-])n2Cc1ccccc1,(E)-1-(1-benzyl-5-nitrobenzimidazol-2-yl)-N-[(2-nitrophenyl)methoxy]methanimine,C22H17N5O5
O=[N+]([O-])c1ccc2c(c1)nc(/C=N/OCc1ccccc1[N+](=O)[O-])n2Cc1ccc(Cl)cc1Cl,"(E)-1-[1-[(2,4-dichlorophenyl)methyl]-5-nitrobenzimidazol-2-yl]-N-[(2-nitrophenyl)methoxy]methanimine",C22H15Cl2N5O5
O=[N+]([O-])c1ccc2c(c1)oc1ccccc12,3-nitrodibenzofuran,C12H7NO3
O=[N+]([O-])c1ccc2c(c1)oc1ccc([N+](=O)[O-])cc12,"2,7-dinitrodibenzofuran",C12H6N2O5
O=[N+]([O-])c1ccc2c(c1)sc1ccccc12,3-nitrodibenzothiophene,C12H7NO2S
O=[N+]([O-])c1ccc2c(ccc3c4ccccc4ccc23)c1,2-nitrochrysene,C18H11NO2
O=[N+]([O-])c1ccc2c(ccc3cc([N+](=O)[O-])ccc32)c1,"2,7-dinitrophenanthrene",C14H8N2O4
O=[N+]([O-])c1ccc2c(ccc3cc4c(ccc5ccccc54)cc32)c1,"3-nitronaphtho[1,2-b]phenanthrene",C22H13NO2
O=[N+]([O-])c1ccc2c(ccc3ccc([N+](=O)[O-])cc32)c1,"2,6-dinitrophenanthrene",C14H8N2O4
O=[N+]([O-])c1ccc2c(ccc3ccccc32)c1,2-nitrophenanthrene,C14H9NO2
O=[N+]([O-])c1ccc2c3c([N+](=O)[O-])ccc4cccc(c5cccc1c52)c43,,C20H10N2O4
O=[N+]([O-])c1ccc2c3c(c(O)ccc13)-c1ccccc1-2,4-nitrofluoranthen-1-ol,C16H9NO3
O=[N+]([O-])c1ccc2c3c(c4c([N+](=O)[O-])ccc5ccc1c2c54)CCCC3,"3,8-dinitro-9,10,11,12-tetrahydrobenzo[e]pyrene",C20H14N2O4
O=[N+]([O-])c1ccc2c3c(c4cccc5ccc1c2c54)CCCC3,"3-nitro-9,10,11,12-tetrahydrobenzo[e]pyrene",C20H15NO2
O=[N+]([O-])c1ccc2c3c(cccc13)-c1cc(O)ccc1-2,3-nitrofluoranthen-8-ol,C16H9NO3
O=[N+]([O-])c1ccc2c3c(ccc([N+](=O)[O-])c13)-c1ccccc1-2,"3,4-dinitrofluoranthene",C16H8N2O4
O=[N+]([O-])c1ccc2c3c(cccc13)-c1cc3ccccc3cc1-2,3-nitrobenzo[k]fluoranthene,C20H11NO2
O=[N+]([O-])c1ccc2c3c(cccc13)-c1ccc(O)cc1-2,4-nitrofluoranthen-8-ol,C16H9NO3
O=[N+]([O-])c1ccc2c3c(cccc13)-c1ccccc1-2,3-nitrofluoranthene,C16H9NO2
O=[N+]([O-])c1ccc2c3c(cccc13)C=C2,5-nitroacenaphthylene,C12H7NO2
O=[N+]([O-])c1ccc2c3c(cccc13)CC2,"5-nitro-1,2-dihydroacenaphthylene",C12H9NO2
O=[N+]([O-])c1ccc2c3c1ccc1cccc(c13)C1OC21,"8-nitro-3-oxapentacyclo[7.6.2.02,4.05,17.012,16]heptadeca-1(15),5(17),6,8,10,12(16),13-heptaene",C16H9NO3
O=[N+]([O-])c1ccc2c3c1ccc1cccc(c13)C(O)C2O,"1-nitro-4,5-dihydropyrene-4,5-diol",C16H11NO4
O=[N+]([O-])c1ccc2c3c4c(cccc4c4ccccc4c13)C(O)C2O,"8-nitro-4,5-dihydrobenzo[l]pyrene-4,5-diol",C20H13NO4
O=[N+]([O-])c1ccc2c3c1ccc1cccc(c13)[C@@H]1O[C@H]21,"(2S,4R)-8-nitro-3-oxapentacyclo[7.6.2.02,4.05,17.012,16]heptadeca-1(15),5(17),6,8,10,12(16),13-heptaene",C16H9NO3
O=[N+]([O-])c1ccc2c3c4c(cccc4c4ccccc4c13)[C@@H]1O[C@H]21,"(13R,15S)-9-nitro-14-oxahexacyclo[10.7.2.02,7.08,21.013,15.016,20]henicosa-1(20),2,4,6,8,10,12(21),16,18-nonaene",C20H11NO3
O=[N+]([O-])c1ccc2c3c4c(cccc4c4ccccc4c13)C1OC21,"9-nitro-14-oxahexacyclo[10.7.2.02,7.08,21.013,15.016,20]henicosa-1(20),2,4,6,8,10,12(21),16,18-nonaene",C20H11NO3
O=[N+]([O-])c1ccc2c3cccc4ccc([N+](=O)[O-])c(c5cccc1c25)c43,"1,9-dinitroperylene",C20H10N2O4
O=[N+]([O-])c1ccc2c3cccc4cccc(c5cccc1c52)c43,3-nitroperylene,C20H11NO2
O=[N+]([O-])c1ccc2c3ccccc3c3c([N+](=O)[O-])ccc4ccc1c2c43,"3,8-dinitrobenzo[e]pyrene",C20H10N2O4
O=[N+]([O-])c1ccc2c3ccccc3c3cccc4ccc1c2c43,3-nitrobenzo[e]pyrene,C20H11NO2
O=[N+]([O-])c1ccc2c[nH]nc2c1,6-nitro-1H-indazole,C7H5N3O2
O=[N+]([O-])c1ccc2cc(O)c3cccc4ccc1c2c43,8-nitropyren-4-ol,C16H9NO3
O=[N+]([O-])c1ccc2cc([N+](=O)[O-])c3ccc([N+](=O)[O-])cc3c2c1,"3,6,9-trinitrophenanthrene",C14H7N3O6
O=[N+]([O-])c1ccc2cc([N+](=O)[O-])c([N+](=O)[O-])cc2c1,"2,3,6-trinitronaphthalene",C10H5N3O6
O=[N+]([O-])c1ccc2cc3c(cc2c1)C(O)C(O)C=C3,"7-nitro-1,2-dihydroanthracene-1,2-diol",C14H11NO4
O=[N+]([O-])c1ccc2cc3c(cc2c1)C=CC(O)C3O,"6-nitro-1,2-dihydroanthracene-1,2-diol",C14H11NO4
O=[N+]([O-])c1ccc2cc3ccccc3cc2c1,2-nitroanthracene,C14H9NO2
O=[N+]([O-])c1ccc2ccc3c(O)ccc4c5ccccc5c1c2c34,8-nitrobenzo[e]pyren-3-ol,C20H11NO3
O=[N+]([O-])c1ccc2ccc3c(O)ccc4ccc1c2c43,6-nitropyren-1-ol,C16H9NO3
O=[N+]([O-])c1ccc2ccc3c([N+](=O)[O-])c4ccccc4c4ccc1c2c34,"1,6-dinitrobenzo[a]pyrene",C20H10N2O4
O=[N+]([O-])c1ccc2ccc3c([N+](=O)[O-])ccc4ccc1c2c43,"1,6-dinitropyrene",C16H8N2O4
O=[N+]([O-])c1ccc2ccc3c([N+](=O)[O-])cccc3c2c1,"1,6-dinitrophenanthrene",C14H8N2O4
O=[N+]([O-])c1ccc2ccc3c4c(cc5ccc1c2c53)C(O)C(O)C=C4,"3-nitro-7,8-dihydrobenzo[a]pyrene-7,8-diol",C20H13NO4
O=[N+]([O-])c1ccc2ccc3c4c(cc5ccc1c2c53)C=CC(O)C4O,"3-nitro-9,10-dihydrobenzo[a]pyrene-9,10-diol",C20H13NO4
O=[N+]([O-])c1ccc2ccc3c4c(cc5ccc1c2c53)C=CCC4,"3-nitro-9,10-dihydrobenzo[a]pyrene",C20H13NO2
O=[N+]([O-])c1ccc2ccc3c4c(cc5ccc1c2c53)C=C[C@H](O)[C@H]4O,"(9S,10S)-3-nitro-9,10-dihydrobenzo[a]pyrene-9,10-diol",C20H13NO4
O=[N+]([O-])c1ccc2ccc3c4c(cc5ccc1c2c53)CCC=C4,"3-nitro-7,8-dihydrobenzo[a]pyrene",C20H13NO2
O=[N+]([O-])c1ccc2ccc3c4c(cc5ccc1c2c53)CCCC4,"3-nitro-7,8,9,10-tetrahydrobenzo[a]pyrene",C20H15NO2
O=[N+]([O-])c1ccc2ccc3c4c(cc5ccc1c2c53)[C@@H](O)[C@H](O)C=C4,"(7R,8R)-3-nitro-7,8-dihydrobenzo[a]pyrene-7,8-diol",C20H13NO4
O=[N+]([O-])c1ccc2ccc3c4ccccc4[n+]([O-])c4ccc1c2c34,"13-nitro-8-oxido-8-azoniapentacyclo[10.6.2.02,7.09,19.016,20]icosa-1(19),2,4,6,8,10,12,14,16(20),17-decaene",C19H10N2O3
O=[N+]([O-])c1ccc2ccc3c4c(ccc1c24)c1ccccc1[n+]3[O-],"15-nitro-8-oxido-8-azoniapentacyclo[10.6.2.02,7.09,19.016,20]icosa-1(19),2,4,6,8,10,12(20),13,15,17-decaene",C19H10N2O3
O=[N+]([O-])c1ccc2ccc3c4ccccc4c([N+](=O)[O-])c4ccc1c2c43,"3,6-dinitrobenzo[a]pyrene",C20H10N2O4
O=[N+]([O-])c1ccc2ccc3c4ccccc4cc4ccc1c2c43,3-nitrobenzo[a]pyrene,C20H11NO2
O=[N+]([O-])c1ccc2ccc3cc4c(c5ccc1c2c35)C(O)C(O)C=C4,"1-nitro-9,10-dihydrobenzo[a]pyrene-9,10-diol",C20H13NO4
O=[N+]([O-])c1ccc2ccc3c4ccccc4nc4ccc1c2c43,"13-nitro-8-azapentacyclo[10.6.2.02,7.09,19.016,20]icosa-1(19),2,4,6,8,10,12,14,16(20),17-decaene",C19H10N2O2
O=[N+]([O-])c1ccc2ccc3cc4c(c5ccc1c2c35)C=CC(O)C4O,"1-nitro-7,8-dihydrobenzo[a]pyrene-7,8-diol",C20H13NO4
O=[N+]([O-])c1ccc2ccc3cc4c(c5ccc1c2c35)C=CCC4,"1-nitro-7,8-dihydrobenzo[a]pyrene",C20H13NO2
O=[N+]([O-])c1ccc2ccc3cc4c(c5ccc1c2c35)CCC=C4,"1-nitro-9,10-dihydrobenzo[a]pyrene",C20H13NO2
O=[N+]([O-])c1ccc2ccc3cc4c(c5ccc1c2c35)CCCC4,"1-nitro-7,8,9,10-tetrahydrobenzo[a]pyrene",C20H15NO2
O=[N+]([O-])c1ccc2ccc3cc4c(c5ccc1c2c35)CCCC4O,"1-nitro-7,8,9,10-tetrahydrobenzo[a]pyren-7-ol",C20H15NO3
O=[N+]([O-])c1ccc2ccc3cc4ccccc4c4ccc1c2c34,1-nitrobenzo[a]pyrene,C20H11NO2
O=[N+]([O-])c1ccc2ccc3ccc(O)c4c5ccccc5c1c2c34,1-nitrobenzo[l]pyren-8-ol,C20H11NO3
O=[N+]([O-])c1ccc2ccc3ccc(O)c4ccc1c2c34,8-nitropyren-1-ol,C16H9NO3
O=[N+]([O-])c1ccc2ccc3ccc([N+](=O)[O-])c4c5c(c1c2c34)CCCC5,"1,8-dinitro-9,10,11,12-tetrahydrobenzo[e]pyrene",C20H14N2O4
O=[N+]([O-])c1ccc2ccc3ccc([N+](=O)[O-])c4ccc1c2c34,"1,8-dinitropyrene",C16H8N2O4
O=[N+]([O-])c1ccc2ccc3ccc([N+](=O)[O-])c4c5ccccc5c1c2c34,"1,8-dinitrobenzo[e]pyrene",C20H10N2O4
O=[N+]([O-])c1ccc2ccc3ccc([N+](=O)[O-])cc3c2c1,"3,6-dinitrophenanthrene",C14H8N2O4
O=[N+]([O-])c1ccc2ccc3cccc([N+](=O)[O-])c3c2c1,"3,5-dinitrophenanthrene",C14H8N2O4
O=[N+]([O-])c1ccc2ccc3cccc4c(O)cc1c2c34,6-nitropyren-4-ol,C16H9NO3
O=[N+]([O-])c1ccc2ccc3cccc4c3c2c1C1OC41,"6-nitro-3-oxapentacyclo[7.6.2.02,4.05,17.012,16]heptadeca-1(15),5,7,9(17),10,12(16),13-heptaene",C16H9NO3
O=[N+]([O-])c1ccc2ccc3cccc4c3c2c1[C@@H]1O[C@H]41,"(2R,4S)-6-nitro-3-oxapentacyclo[7.6.2.02,4.05,17.012,16]heptadeca-1(15),5,7,9(17),10,12(16),13-heptaene",C16H9NO3
O=[N+]([O-])c1ccc2ccc3cccc4c5c(c1c2c34)CCCC5,"8-nitro-9,10,11,12-tetrahydrobenzo[e]pyrene",C20H15NO2
O=[N+]([O-])c1ccc2ccc3cccc4c5ccccc5c1c2c34,8-nitrobenzo[e]pyrene,C20H11NO2
O=[N+]([O-])c1ccc2ccc3cccc4cc(O)c1c2c34,3-nitropyren-4-ol,C16H9NO3
O=[N+]([O-])c1ccc2ccc3cccc4ccc1c2c34,1-nitropyrene,C16H9NO2
O=[N+]([O-])c1ccc2ccc3ccccc3c2c1,3-nitrophenanthrene,C14H9NO2
O=[N+]([O-])c1ccc2ccc3nc4ccccc4c4ccc1c2c34,"15-nitro-8-azapentacyclo[10.6.2.02,7.09,19.016,20]icosa-1(19),2,4,6,8,10,12(20),13,15,17-decaene",C19H10N2O2
O=[N+]([O-])c1ccc2cccc3c2c1-c1ccccc1-3,1-nitrofluoranthene,C16H9NO2
O=[N+]([O-])c1ccc2cccc3c2c1C=C3,3-nitroacenaphthylene,C12H7NO2
O=[N+]([O-])c1ccc2cccc3c2c1CC3,"3-nitro-1,2-dihydroacenaphthylene",C12H9NO2
O=[N+]([O-])c1ccc2ccccc2c1,2-nitronaphthalene,C10H7NO2
O=[N+]([O-])c1ccc2nc3c([N+](=O)[O-])cccc3nc2c1,"1,7-dinitrophenazine",C12H6N4O4
O=[N+]([O-])c1ccc2nc3c(cc2c1)-c1cccc2cccc-3c12,"10-nitroacenaphthyleno[2,1-b]quinoline",C19H10N2O2
O=[N+]([O-])c1ccc2nc3cc([N+](=O)[O-])ccc3nc2c1,"2,7-dinitrophenazine",C12H6N4O4
O=[N+]([O-])c1ccc2nc3ccccc3nc2c1,2-nitrophenazine,C12H7N3O2
O=[N+]([O-])c1ccc2nc3ccc([N+](=O)[O-])cc3nc2c1,"2,8-dinitrophenazine",C12H6N4O4
O=[N+]([O-])c1ccc2ncccc2c1,6-nitroquinoline,C9H6N2O2
O=[N+]([O-])c1ccc2nscc2c1,"5-nitro-2,1-benzothiazole",C7H4N2O2S
O=[N+]([O-])c1ccc2oc3ccc([N+](=O)[O-])cc3c2c1,"2,8-dinitrodibenzofuran",C12H6N2O5
O=[N+]([O-])c1ccc2oc3ccccc3c2c1,2-nitrodibenzofuran,C12H7NO3
O=[N+]([O-])c1ccc2sc3ccccc3c2c1,2-nitrodibenzothiophene,C12H7NO2S
O=[N+]([O-])c1ccc2snc(Cl)c2c1,"3-chloro-5-nitro-1,2-benzothiazole",C7H3ClN2O2S
O=[N+]([O-])c1ccc2sncc2c1,"5-nitro-1,2-benzothiazole",C7H4N2O2S
O=[N+]([O-])c1cccc(-c2ccc(O)c([N+](=O)[O-])c2)c1,2-nitro-4-(3-nitrophenyl)phenol,C12H8N2O5
O=[N+]([O-])c1cccc(-c2ccc([N+](=O)[O-])cc2[N+](=O)[O-])c1,"2,4-dinitro-1-(3-nitrophenyl)benzene",C12H7N3O6
O=[N+]([O-])c1cccc(-c2ccccc2)c1O,2-nitro-6-phenylphenol,C12H9NO3
O=[N+]([O-])c1cccc(/C=N/c2snc3ccccc23)c1,"N-(2,1-benzothiazol-3-yl)-1-(3-nitrophenyl)methanimine",C14H9N3O2S
O=[N+]([O-])c1cccc(Br)c1,1-bromo-3-nitrobenzene,C6H4BrNO2
O=[N+]([O-])c1cccc(C(F)(F)F)c1,1-nitro-3-(trifluoromethyl)benzene,C7H4F3NO2
O=[N+]([O-])c1cccc(CBr)c1,1-(bromomethyl)-3-nitrobenzene,C7H6BrNO2
O=[N+]([O-])c1cccc(CCl)c1,1-(chloromethyl)-3-nitrobenzene,C7H6ClNO2
O=[N+]([O-])c1cccc(CO)c1,(3-nitrophenyl)methanol,C7H7NO3
O=[N+]([O-])c1cccc(CO/N=C/c2nc3cc([N+](=O)[O-])ccc3n2Cc2ccc(Cl)cc2)c1,(E)-1-[1-[(4-chlorophenyl)methyl]-5-nitrobenzimidazol-2-yl]-N-[(3-nitrophenyl)methoxy]methanimine,C22H16ClN5O5
O=[N+]([O-])c1cccc(CO/N=C/c2nc3cc([N+](=O)[O-])ccc3n2Cc2ccc(F)cc2)c1,(E)-1-[1-[(4-fluorophenyl)methyl]-5-nitrobenzimidazol-2-yl]-N-[(3-nitrophenyl)methoxy]methanimine,C22H16FN5O5
O=[N+]([O-])c1cccc(Cl)c1,1-chloro-3-nitrobenzene,C6H4ClNO2
O=[N+]([O-])c1cccc(Cl)c1Cl,"1,2-dichloro-3-nitrobenzene",C6H3Cl2NO2
O=[N+]([O-])c1cccc(I)c1,1-iodo-3-nitrobenzene,C6H4INO2
O=[N+]([O-])c1cccc(NS(=O)(=O)c2cccc3cccnc23)c1,N-(3-nitrophenyl)quinoline-8-sulfonamide,C15H11N3O4S
O=[N+]([O-])c1cccc(O)c1[N+](=O)[O-],"2,3-dinitrophenol",C6H4N2O5
O=[N+]([O-])c1cccc(O)c1,3-nitrophenol,C6H5NO3
O=[N+]([O-])c1cccc(S(=O)(=O)O)c1,3-nitrobenzenesulfonic acid,C6H5NO5S
O=[N+]([O-])c1cccc(S(=O)(=O)OCC2CO2)c1,oxiran-2-ylmethyl 3-nitrobenzenesulfonate,C9H9NO6S
O=[N+]([O-])c1cccc([N+](=O)[O-])c1,"1,3-dinitrobenzene",C6H4N2O4
O=[N+]([O-])c1cccc(S(=O)(=O)OC[C@H]2CO2)c1,[(2R)-oxiran-2-yl]methyl 3-nitrobenzenesulfonate,C9H9NO6S
O=[N+]([O-])c1cccc([N+](=O)[O-])c1CO,"(2,6-dinitrophenyl)methanol",C7H6N2O5
O=[N+]([O-])c1cccc([N+](=O)[O-])c1O,"2,6-dinitrophenol",C6H4N2O5
O=[N+]([O-])c1cccc2c(Cl)nsc12,"3-chloro-7-nitro-1,2-benzothiazole",C7H3ClN2O2S
O=[N+]([O-])c1cccc2c([N+](=O)[O-])cccc12,"1,5-dinitronaphthalene",C10H6N2O4
O=[N+]([O-])c1cccc2c1-c1ccc3ccc4cccc5cc-2c1c3c45,"6-nitrohexacyclo[16.3.1.02,7.08,21.011,20.014,19]docosa-1(22),2(7),3,5,8(21),9,11(20),12,14(19),15,17-undecaene",C22H11NO2
O=[N+]([O-])c1cccc2c1-c1cccc3c([N+](=O)[O-])ccc-2c13,"3,7-dinitrofluoranthene",C16H8N2O4
O=[N+]([O-])c1cccc2c1-c1cccc3cccc-2c13,7-nitrofluoranthene,C16H9NO2
O=[N+]([O-])c1cccc2c1[nH]c1ccccc12,1-nitro-9H-carbazole,C12H8N2O2
O=[N+]([O-])c1cccc2c1c([N+](=O)[O-])cc1cccc([N+](=O)[O-])c12,"1,5,10-trinitrophenanthrene",C14H7N3O6
O=[N+]([O-])c1cccc2c1c([N+](=O)[O-])cc1ccccc12,"1,10-dinitrophenanthrene",C14H8N2O4
O=[N+]([O-])c1cccc2c1cc([N+](=O)[O-])c1cccc([N+](=O)[O-])c12,"1,5,9-trinitrophenanthrene",C14H7N3O6
O=[N+]([O-])c1cccc2c1ccc1cccc([N+](=O)[O-])c12,"1,5-dinitrophenanthrene",C14H8N2O4
O=[N+]([O-])c1cccc2c1ccc1ccccc12,1-nitrophenanthrene,C14H9NO2
O=[N+]([O-])c1cccc2c1ncc1cnc3ccccc3c12,"4-nitroquinolino[3,4-c]quinoline",C16H9N3O2
O=[N+]([O-])c1cccc2c1oc1ccccc12,4-nitrodibenzofuran,C12H7NO3
O=[N+]([O-])c1cccc2c[nH]nc12,7-nitro-1H-indazole,C7H5N3O2
O=[N+]([O-])c1cccc2ccccc12,1-nitronaphthalene,C10H7NO2
O=[N+]([O-])c1cccc2cccc([N+](=O)[O-])c12,"1,8-dinitronaphthalene",C10H6N2O4
O=[N+]([O-])c1cccc2cccnc12,8-nitroquinoline,C9H6N2O2
O=[N+]([O-])c1cccc2cnsc12,"7-nitro-1,2-benzothiazole",C7H4N2O2S
O=[N+]([O-])c1cccc2csnc12,"7-nitro-2,1-benzothiazole",C7H4N2O2S
O=[N+]([O-])c1cccc2nc3c([N+](=O)[O-])cccc3nc12,"1,6-dinitrophenazine",C12H6N4O4
O=[N+]([O-])c1cccc2nc3cccc([N+](=O)[O-])c3nc12,"1,9-dinitrophenazine",C12H6N4O4
O=[N+]([O-])c1cccc2nc3ccccc3nc12,1-nitrophenazine,C12H7N3O2
O=[N+]([O-])c1cccc2nscc12,"4-nitro-2,1-benzothiazole",C7H4N2O2S
O=[N+]([O-])c1cccc2oc3ccccc3c12,1-nitrodibenzofuran,C12H7NO3
O=[N+]([O-])c1ccccc1,nitrobenzene,C6H5NO2
O=[N+]([O-])c1ccccc1-c1ccccc1,1-nitro-2-phenylbenzene,C12H9NO2
O=[N+]([O-])c1ccccc1/C=C/c1ccccn1,2-[(E)-2-(2-nitrophenyl)ethenyl]pyridine,C13H10N2O2
O=[N+]([O-])c1ccccc1Br,1-bromo-2-nitrobenzene,C6H4BrNO2
O=[N+]([O-])c1ccccc1CBr,1-(bromomethyl)-2-nitrobenzene,C7H6BrNO2
O=[N+]([O-])c1ccccc1C(F)(F)F,1-nitro-2-(trifluoromethyl)benzene,C7H4F3NO2
O=[N+]([O-])c1ccccc1CCO,2-(2-nitrophenyl)ethanol,C8H9NO3
O=[N+]([O-])c1ccccc1CCl,1-(chloromethyl)-2-nitrobenzene,C7H6ClNO2
O=[N+]([O-])c1ccccc1CO,(2-nitrophenyl)methanol,C7H7NO3
O=[N+]([O-])c1ccccc1Cl,1-chloro-2-nitrobenzene,C6H4ClNO2
O=[N+]([O-])c1ccccc1Nc1ccccc1,2-nitro-N-phenylaniline,C12H10N2O2
O=[N+]([O-])c1ccccc1O,2-nitrophenol,C6H5NO3
O=[N+]([O-])c1ccccc1S(=O)(=O)O,2-nitrobenzenesulfonic acid,C6H5NO5S
O=[N+]([O-])c1ccccc1SS/C(Cl)=C(\Cl)C(Cl)=C(Cl)Cl,"1-nitro-2-[[(1E)-1,2,3,4,4-pentachlorobuta-1,3-dienyl]disulfanyl]benzene",C10H4Cl5NO2S2
O=[N+]([O-])c1ccccc1SS/C(Cl)=C(\Cl)C(F)(F)F,"1-[[(E)-1,2-dichloro-3,3,3-trifluoroprop-1-enyl]disulfanyl]-2-nitrobenzene",C9H4Cl2F3NO2S2
O=[N+]([O-])c1ccccc1SSC(Cl)=C(Cl)Cl,"1-nitro-2-(1,2,2-trichloroethenyldisulfanyl)benzene",C8H4Cl3NO2S2
O=[N+]([O-])c1ccccc1[N+](=O)[O-],"1,2-dinitrobenzene",C6H4N2O4
O=[N+]([O-])c1ccccc1SSC(F)=C(Cl)Cl,"1-[(2,2-dichloro-1-fluoroethenyl)disulfanyl]-2-nitrobenzene",C8H4Cl2FNO2S2
O=[N+]([O-])c1ccnc2ccccc12,4-nitroquinoline,C9H6N2O2
O=[N+]([O-])c1cnc(CO)n1CCO,2-[2-(hydroxymethyl)-5-nitroimidazol-1-yl]ethanol,C6H9N3O4
O=[N+]([O-])c1cnc2c(c1)nc1ccccn12,"5-nitro-1,3,8-triazatricyclo[7.4.0.02,7]trideca-2(7),3,5,8,10,12-hexaene",C10H6N4O2
O=[N+]([O-])c1nc2ccccc2[nH]1,2-nitro-1H-benzimidazole,C7H5N3O2
O=[P@@]1(N(CCCl)CCCl)NCCCO1,"(2S)-N,N-bis(2-chloroethyl)-2-oxo-1,3,2lambda5-oxazaphosphinan-2-amine",C7H15Cl2N2O2P
O=[P@@]1(NCCCl)OCCCN1CCCl,"(2S)-N,3-bis(2-chloroethyl)-2-oxo-1,3,2lambda5-oxazaphosphinan-2-amine",C7H15Cl2N2O2P
O=[P@]1(N(CCCl)CCCl)N[C@H](O)CCO1,"(2R,4R)-2-[bis(2-chloroethyl)amino]-2-oxo-1,3,2lambda5-oxazaphosphinan-4-ol",C7H15Cl2N2O3P
O=c1[nH][nH]c(=O)c2cc([N+](=O)[O-])ccc12,"6-nitro-2,3-dihydrophthalazine-1,4-dione",C8H5N3O4
O=c1[nH][nH]c(=O)c2ccccc12,"2,3-dihydrophthalazine-1,4-dione",C8H6N2O2
O=c1[nH]c(=O)[nH]c(=O)[nH]1,"1,3,5-triazinane-2,4,6-trione",C3H3N3O3
O=c1[nH]c(=O)n(C2CC(O)C(CO)O2)cc1/C=C/Br,"5-[(E)-2-bromoethenyl]-1-[4-hydroxy-5-(hydroxymethyl)oxolan-2-yl]pyrimidine-2,4-dione",C11H13BrN2O5
O=c1[nH]c(=O)n(C2CC(O)C(CO)O2)cc1Br,"5-bromo-1-[4-hydroxy-5-(hydroxymethyl)oxolan-2-yl]pyrimidine-2,4-dione",C9H11BrN2O5
O=c1[nH]c(=O)n(C2CC(O)C(CO)O2)cc1C(F)(F)F,"1-[4-hydroxy-5-(hydroxymethyl)oxolan-2-yl]-5-(trifluoromethyl)pyrimidine-2,4-dione",C10H11F3N2O5
O=c1[nH]c(=O)n(C2CC(O)C(CO)O2)cc1CCCCl,"5-(3-chloropropyl)-1-[4-hydroxy-5-(hydroxymethyl)oxolan-2-yl]pyrimidine-2,4-dione",C12H17ClN2O5
O=c1[nH]c(=O)n(C2CC(O)C(CO)O2)cc1CO,"1-[4-hydroxy-5-(hydroxymethyl)oxolan-2-yl]-5-(hydroxymethyl)pyrimidine-2,4-dione",C10H14N2O6
O=c1[nH]c(=O)n(C2CC(O)C(CO)O2)cc1COO,,C10H14N2O7
O=c1[nH]c(=O)n(C2CC(O)C(CO)O2)cc1I,"1-[4-hydroxy-5-(hydroxymethyl)oxolan-2-yl]-5-iodopyrimidine-2,4-dione",C9H11IN2O5
O=c1[nH]c(=O)n(C2CCCO2)cc1F,"5-fluoro-1-(oxolan-2-yl)pyrimidine-2,4-dione",C8H9FN2O3
O=c1[nH]c(=O)n(Cl)c(=O)n1Cl,"1,3-dichloro-1,3,5-triazinane-2,4,6-trione",C3HCl2N3O3
O=c1[nH]c(=O)n([C@H]2C[C@@H](O)[C@@H](CO)O2)cc1CO,"1-[(2R,4R,5R)-4-hydroxy-5-(hydroxymethyl)oxolan-2-yl]-5-(hydroxymethyl)pyrimidine-2,4-dione",C10H14N2O6
O=c1[nH]c(=O)n([C@H]2C[C@H](O)[C@@H](CO)O2)cc1C(F)(F)F,"1-[(2R,4S,5R)-4-hydroxy-5-(hydroxymethyl)oxolan-2-yl]-5-(trifluoromethyl)pyrimidine-2,4-dione",C10H11F3N2O5
O=c1[nH]c2c(c(=O)n1C1CCCCC1)CCC2,"3-cyclohexyl-1,5,6,7-tetrahydrocyclopenta[d]pyrimidine-2,4-dione",C13H18N2O2
O=c1[nH]sc2cc([N+](=O)[O-])ccc12,"6-nitro-1,2-benzothiazol-3-one",C7H4N2O3S
O=c1c(-c2ccc(O)cc2)coc2cc(O)ccc12,7-hydroxy-3-(4-hydroxyphenyl)chromen-4-one,C15H10O4
O=c1c(=O)c2c([N+](=O)[O-])ccc3ccc4cccc1c4c32,"3-nitropyrene-4,5-dione",C16H7NO4
O=c1c(=O)c2cc3ccccc3c3ccc4cccc1c4c23,"benzo[a]pyrene-4,5-dione",C20H10O2
O=c1c(=O)c2ccc([N+](=O)[O-])c3ccc4cccc1c4c32,"1-nitropyrene-4,5-dione",C16H7NO4
O=c1c(=O)c2cccc3ccc4cccc1c4c32,"pyrene-4,5-dione",C16H8O2
O=c1c(Cl)c(Cl)cnn1S(=O)(=O)c1ccc(Cl)cc1,"4,5-dichloro-2-(4-chlorophenyl)sulfonylpyridazin-3-one",C10H5Cl3N2O3S
O=c1c(Cl)c(Cl)cnn1S(=O)(=O)c1ccc(Cl)cc1Cl,"4,5-dichloro-2-(2,4-dichlorophenyl)sulfonylpyridazin-3-one",C10H4Cl4N2O3S
O=c1c(Cl)c(Cl)cnn1S(=O)(=O)c1ccccc1,"2-(benzenesulfonyl)-4,5-dichloropyridazin-3-one",C10H6Cl2N2O3S
O=c1c(O)c(-c2ccc(O)c(O)c2)oc2cc(O)cc(O)c12,"2-(3,4-dihydroxyphenyl)-3,5,7-trihydroxychromen-4-one",C15H10O7
O=c1c(O)c(-c2ccc(O)cc2)oc2cc(O)cc(O)c12,"3,5,7-trihydroxy-2-(4-hydroxyphenyl)chromen-4-one",C15H10O6
O=c1c(O)c(-c2ccc(OCCO)c(OCCO)c2)oc2cc(OCCO)cc(O)c12,"2-[3,4-bis(2-hydroxyethoxy)phenyl]-3,5-dihydroxy-7-(2-hydroxyethoxy)chromen-4-one",C21H22O10
O=c1c(O)c(-c2ccccc2)oc2cc(O)cc(O)c12,"3,5,7-trihydroxy-2-phenylchromen-4-one",C15H10O5
O=c1c(O)c(O)c1=O,"3,4-dihydroxycyclobut-3-ene-1,2-dione",C4H2O4
O=c1c2[nH]c3ccccc3c2nnn1N=Cc1ccc(O)cc1,"3-[(4-hydroxyphenyl)methylideneamino]-5H-triazino[5,4-b]indol-4-one",C16H11N5O2
O=c1c2[nH]c3ccccc3c2nnn1N=Cc1ccc(Cl)cc1,"3-[(4-chlorophenyl)methylideneamino]-5H-triazino[5,4-b]indol-4-one",C16H10ClN5O
O=c1c2[nH]c3ccccc3c2nnn1N=Cc1ccccc1,"3-(benzylideneamino)-5H-triazino[5,4-b]indol-4-one",C16H11N5O
O=c1c2[nH]c3ccccc3c2nnn1N=Cc1ccc([N+](=O)[O-])cc1,,C16H10N6O3
O=c1c2c(O)cccc2oc2c3c(cc(O)c12)OC1OC=CC31,"11,15-dihydroxy-6,8,20-trioxapentacyclo[10.8.0.02,9.03,7.014,19]icosa-1(12),2(9),4,10,14,16,18-heptaen-13-one",C17H10O6
O=c1c2c(O)cc(O)cc2oc2c(O)ccc(O)c12,"1,3,5,8-tetrahydroxyxanthen-9-one",C13H8O6
O=c1c2c(O)cccc2oc2c3c(cc(O)c12)OC1OCCC31,"11,15-dihydroxy-6,8,20-trioxapentacyclo[10.8.0.02,9.03,7.014,19]icosa-1(12),2(9),10,14,16,18-hexaen-13-one",C17H12O6
O=c1c2c(O)cccc2oc2c3c(cc(O)c12)O[C@@H]1OC=C[C@@H]31,"(3S,7S)-11,15-dihydroxy-6,8,20-trioxapentacyclo[10.8.0.02,9.03,7.014,19]icosa-1(12),2(9),4,10,14,16,18-heptaen-13-one",C17H10O6
O=c1c2c(O)cccc2oc2cc3c(c(O)c12)C1C=COC1O3,"2,18-dihydroxy-7,9,13-trioxapentacyclo[10.8.0.03,10.04,8.014,19]icosa-1,3(10),5,11,14,16,18-heptaen-20-one",C17H10O6
O=c1c2c(O)cccc2oc2cc3c(c(O)c12)C1CCOC1O3,"2,18-dihydroxy-7,9,13-trioxapentacyclo[10.8.0.03,10.04,8.014,19]icosa-1,3(10),11,14,16,18-hexaen-20-one",C17H12O6
O=c1c2c(OC3OC(CO)C(O)C(O)C3O)cc(O)cc2oc2c(O)ccc(O)c12,"3,5,8-trihydroxy-1-[3,4,5-trihydroxy-6-(hydroxymethyl)oxan-2-yl]oxyxanthen-9-one",C19H18O11
O=c1c2c(O[C@@H]3O[C@H](CO)[C@@H](O)[C@H](O)[C@H]3O)cc(O)cc2oc2c(O)ccc(O)c12,"3,5,8-trihydroxy-1-[(2S,3R,4S,5S,6R)-3,4,5-trihydroxy-6-(hydroxymethyl)oxan-2-yl]oxyxanthen-9-one",C19H18O11
O=c1c2cc(O)ccc2oc2cc(O)cc(O)c12,"1,3,7-trihydroxyxanthen-9-one",C13H8O5
O=c1c2ccc(OCC3CO3)cc2sn1CC1CO1,"6-(oxiran-2-ylmethoxy)-2-(oxiran-2-ylmethyl)-1,2-benzothiazol-3-one",C13H13NO4S
O=c1c2ccc3c4c(ccc(c24)c2nc4ccccc4n12)c(=O)n1c2ccccc2nc31,"3,10,17,24-tetrazaoctacyclo[13.13.2.02,10.04,9.012,29.016,24.018,23.026,30]triaconta-1(29),2,4,6,8,12,14,16,18,20,22,26(30),27-tridecaene-11,25-dione",C26H12N4O2
O=c1c2cccc3ccc4c5ccccc5cc1c4c32,"pentacyclo[14.2.1.03,8.09,18.012,17]nonadecan-19-one",C19H10O
O=c1c2cccc3ccc4cccc1c4c32,"tetracyclo[10.2.1.05,14.08,13]pentadecan-15-one",C15H8O
O=c1c2ccccc2c(=O)c2c1ccc1c2[nH]c2c3c(=O)c4ccccc4c(=O)c3c3[nH]c4c(ccc5c(=O)c6ccccc6c(=O)c54)c3c12,"17,30-diazaundecacyclo[27.15.0.02,18.03,16.06,15.08,13.019,28.021,26.031,44.032,41.034,39]tetratetraconta-1,3(16),4,6(15),8,10,12,18,21,23,25,28,31(44),32(41),34,36,38,42-octadecaene-7,14,20,27,33,40-hexone",C42H18N2O6
O=c1c2ccccc2sn1CC1CO1,"2-(oxiran-2-ylmethyl)-1,2-benzothiazol-3-one",C10H9NO2S
O=c1cc(-c2ccc(O)c(O)c2)oc2cc(O)cc(O)c12,"2-(3,4-dihydroxyphenyl)-5,7-dihydroxychromen-4-one",C15H10O6
O=c1cc(-c2ccc(O)cc2)oc2cc(O)cc(O)c12,"5,7-dihydroxy-2-(4-hydroxyphenyl)chromen-4-one",C15H10O5
O=c1cc(-c2ccccc2)cc(-c2ccccc2)n1/N=C/c1ccc([N+](=O)[O-])o1,"1-[(E)-(5-nitrofuran-2-yl)methylideneamino]-4,6-diphenylpyridin-2-one",C22H15N3O4
O=c1cc(CO)occ1O,5-hydroxy-2-(hydroxymethyl)pyran-4-one,C6H6O4
O=c1ccc(=O)[nH][nH]1,"1,2-dihydropyridazine-3,6-dione",C4H4N2O2
O=c1ccc2c(cc3ccc4cccc5ccc2c3c45)c1=O,"benzo[a]pyrene-7,8-dione",C20H10O2
O=c1ccc2cc(O[C@@H]3O[C@H](CO)[C@@H](O)[C@H](O)[C@H]3O)c(O)cc2o1,"7-hydroxy-6-[(2S,3R,4S,5S,6R)-3,4,5-trihydroxy-6-(hydroxymethyl)oxan-2-yl]oxychromen-2-one",C15H16O9
O=c1ccc2cc3c4c(c2o1)CCCN4CCC3,"3-oxa-13-azatetracyclo[7.7.1.02,7.013,17]heptadeca-1,5,7,9(17)-tetraen-4-one",C15H15NO2
O=c1ccc2cc3ccoc3cc2o1,"furo[3,2-g]chromen-7-one",C11H6O3
O=c1ccc2ccc3occc3c2o1,"furo[2,3-h]chromen-2-one",C11H6O3
O=c1ccc2ccccc2o1,chromen-2-one,C9H6O2
O=c1ccn(C2CC(O)C(CO)O2)c(=O)[nH]1,"1-[4-hydroxy-5-(hydroxymethyl)oxolan-2-yl]pyrimidine-2,4-dione",C9H12N2O5
O=c1ccn(C2OC(COP(=O)(O)O)C(O)C2O)c(=O)[nH]1,"[5-(2,4-dioxopyrimidin-1-yl)-3,4-dihydroxyoxolan-2-yl]methyl dihydrogen phosphate",C9H13N2O9P
O=c1n(CC2CO2)c(=O)n(CC2CO2)c(=O)n1CC1CO1,"1,3,5-tris(oxiran-2-ylmethyl)-1,3,5-triazinane-2,4,6-trione",C12H15N3O6
O=c1n(CCO)c(=O)n(CCO)c(=O)n1CCO,"1,3,5-tris(2-hydroxyethyl)-1,3,5-triazinane-2,4,6-trione",C9H15N3O6
O=c1n(C[C@H]2CO2)c(=O)n(C[C@H]2CO2)c(=O)n1C[C@H]1CO1,"1,3,5-tris[[(2S)-oxiran-2-yl]methyl]-1,3,5-triazinane-2,4,6-trione",C12H15N3O6
O=c1n(Cl)c(=O)n(Cl)c(=O)n1Cl,"1,3,5-trichloro-1,3,5-triazinane-2,4,6-trione",C3Cl3N3O3
O=c1nc[nH]c(=O)[nH]1,"1H-1,3,5-triazine-2,4-dione",C3H3N3O2
O=c1oc2c(O)c(O)cc3c(=O)oc4c(O)c(O)cc1c4c23,"6,7,13,14-tetrahydroxy-2,9-dioxatetracyclo[6.6.2.04,16.011,15]hexadeca-1(15),4,6,8(16),11,13-hexaene-3,10-dione",C14H6O8
O=c1oc2c([N+](=O)[O-])ccc3ccc4cccc1c4c32,"14-nitro-2-oxatetracyclo[6.6.2.04,16.011,15]hexadeca-1(14),4,6,8(16),9,11(15),12-heptaen-3-one",C15H7NO4
O=c1oc2cc(-n3nc4ccc5ccccc5c4n3)ccc2cc1-c1ccccc1,7-benzo[e]benzotriazol-2-yl-3-phenylchromen-2-one,C25H15N3O2
O=c1oc2c([N+](=O)[O-])cccc2c2ccccc12,4-nitrobenzo[c]chromen-6-one,C13H7NO4
O=c1oc2cc(O)ccc2c2oc3cc(O)ccc3c12,"3,9-dihydroxy-[1]benzofuro[3,2-c]chromen-6-one",C15H8O5
O=c1oc2cc([N+](=O)[O-])ccc2c2ccccc12,3-nitrobenzo[c]chromen-6-one,C13H7NO4
O=c1oc2ccc([N+](=O)[O-])c3ccc4cccc1c4c23,"12-nitro-2-oxatetracyclo[6.6.2.04,16.011,15]hexadeca-1(15),4,6,8(16),9,11,13-heptaen-3-one",C15H7NO4
O=c1oc2ccc([N+](=O)[O-])cc2c2ccccc12,2-nitrobenzo[c]chromen-6-one,C13H7NO4
O=c1oc2cccc(O)c2cc1C1CCc2ccccc2C1,"5-hydroxy-3-(1,2,3,4-tetrahydronaphthalen-2-yl)chromen-2-one",C19H16O3
O=c1oc2cccc(O)c2cc1[C@@H]1CCc2ccccc2C1,"5-hydroxy-3-[(2R)-1,2,3,4-tetrahydronaphthalen-2-yl]chromen-2-one",C19H16O3
O=c1oc2cccc3ccc4c5ccccc5cc1c4c32,"11-oxapentacyclo[10.6.2.02,7.09,19.016,20]icosa-1(19),2,4,6,8,12,14,16(20),17-nonaen-10-one",C19H10O2
O=c1oc2cccc3ccc4cccc1c4c32,"2-oxatetracyclo[6.6.2.04,16.011,15]hexadeca-1(14),4,6,8(16),9,11(15),12-heptaen-3-one",C15H8O2
OC(=S)c1ccccc1,benzenecarbothioic S-acid,C7H6OS
OC(C(F)(F)F)C(F)(F)F,"1,1,1,3,3,3-hexafluoropropan-2-ol",C3H2F6O
OC(CBr)C(O)C(O)C(O)CBr,"1,6-dibromohexane-2,3,4,5-tetrol",C6H12Br2O4
OC(CCl)CCl,"1,3-dichloropropan-2-ol",C3H6Cl2O
OC(Cn1ccnc1)c1ccc(CCc2ccccc2)cc1,2-imidazol-1-yl-1-[4-(2-phenylethyl)phenyl]ethanol,C19H20N2O
OC(Nc1snc2ccccc12)C(Cl)(Cl)Cl,"1-(2,1-benzothiazol-3-ylamino)-2,2,2-trichloroethanol",C9H7Cl3N2OS
OC(O)C(Cl)(Cl)Cl,"2,2,2-trichloroethane-1,1-diol",C2H3Cl3O2
OC(c1ccc(Cl)cc1)(c1ccc(Cl)cc1)C(Cl)(Cl)Cl,"2,2,2-trichloro-1,1-bis(4-chlorophenyl)ethanol",C14H9Cl5O
OC(c1ccc(Cl)cc1)(c1ccc(Cl)cc1)C1CC1,bis(4-chlorophenyl)-cyclopropylmethanol,C16H14Cl2O
OC(c1ccc2c(c1)OCO2)C1CO1,"1,3-benzodioxol-5-yl(oxiran-2-yl)methanol",C10H10O4
OC1=C(O)C23CCCCC2(O3)c2cc3ccc4ccccc4c3nc21,,C21H17NO3
OC/C=C/c1ccccc1,(E)-3-phenylprop-2-en-1-ol,C9H10O
OC1=c2c(O)cc3cccc4ccc(c2c43)C23CCCCC12O3,"21-oxahexacyclo[10.6.2.12,7.02,7.09,19.016,20]henicosa-1(19),8,10,12,14,16(20),17-heptaene-8,10-diol",C20H16O3
OC1C2(Cl)C3(Cl)C4(Cl)C(Cl)(Cl)C5(Cl)C3(Cl)C1(Cl)C5(Cl)C24Cl,"1,2,3,4,6,7,8,9,10,10-decachloropentacyclo[5.3.0.02,6.03,9.04,8]decan-5-ol",C10H2Cl10O
OC1C2=C(C3OC3C1O)C1c3cccc4cccc(c34)C1C=C2,,C20H16O3
OC1C2=c3c(cc4cccc5ccc(c3c54)C1O)-c1ccccc12,"hexacyclo[16.3.1.02,7.08,21.011,20.014,19]docosa-1(22),2,4,6,8(21),11(20),12,14(19),15,17-decaene-9,10-diol",C22H14O2
OC1C=C2c3ccc4ccccc4c3-c3cccc(c32)C1O,"pentacyclo[10.7.1.02,11.03,8.016,20]icosa-1(20),2(11),3,5,7,9,12,16,18-nonaene-14,15-diol",C20H14O2
OC1C=CC2=C(c3cccc4cccc2c34)C1O,"7,8-dihydrofluoranthene-7,8-diol",C16H12O2
OC1C=CC2OC2C1O,"7-oxabicyclo[4.1.0]hept-4-ene-2,3-diol",C6H8O3
OC1C=CC=CC1O,"cyclohexa-3,5-diene-1,2-diol",C6H8O2
OC1C=Cc2c(c3cc4ccccc4cc3c3ccccc23)C1O,"7,8-dihydrobenzo[n]triphenylene-7,8-diol",C22H16O2
OC1C=Cc2c(c3ccccc3c3cc4ccccc4cc23)C1O,"3,4-dihydrobenzo[h]triphenylene-3,4-diol",C22H16O2
OC1C=Cc2c(cc3c(ccc4ccccc43)c2Br)C1O,,C18H13BrO2
OC1C=Cc2c(cc3c4c(c5ccccc5cc24)-c2ccccc2-3)C1O,"hexacyclo[14.7.1.02,7.08,24.09,14.017,22]tetracosa-1(23),2,4,6,8(24),9,11,13,15,17(22),18-undecaene-20,21-diol",C24H16O2
OC1C=Cc2c(cc3c4c(cc5ccccc53)-c3ccccc3-c24)C1O,"hexacyclo[14.7.1.02,7.08,24.09,14.017,22]tetracosa-1(23),2,4,6,8(24),9(14),10,15,17,19,21-undecaene-12,13-diol",C24H16O2
OC1C=Cc2c(cc3ccc4cccc5ccc2c3c45)C1,"7,8-dihydrobenzo[a]pyren-8-ol",C20H14O
OC1C=Cc2c(cc3ccc4cccc5ccc2c3c45)C1O,"7,8-dihydrobenzo[a]pyrene-7,8-diol",C20H14O2
OC1C=Cc2c(ccc3c(Cl)c4ccccc4cc23)C1O,"7-chloro-3,4-dihydrobenzo[a]anthracene-3,4-diol",C18H13ClO2
OC1C=Cc2c(ccc3c(Br)c4ccccc4cc23)C1O,"7-bromo-3,4-dihydrobenzo[a]anthracene-3,4-diol",C18H13BrO2
OC1C=Cc2c(ccc3c2-c2cccc4cccc-3c24)C1O,"pentacyclo[10.7.1.02,11.03,8.016,20]icosa-1(19),2(11),3(8),4,9,12,14,16(20),17-nonaene-6,7-diol",C20H14O2
OC1C=Cc2c(ccc3c2ccc2ccccc23)C1O,"1,2-dihydrochrysene-1,2-diol",C18H14O2
OC1C=Cc2c(ccc3c4c(ccc23)CCC4)C1O,"4,15,16,17-tetrahydro-3H-cyclopenta[a]phenanthrene-3,4-diol",C17H16O2
OC1C=Cc2c(ccc3c2sc2ccccc23)C1O,"3,4-dihydronaphtho[1,2-b][1]benzothiole-3,4-diol",C16H12O2S
OC1C=Cc2c(ccc3c4c5c(cccc5cc23)C=C4)C1O,"9,10-dihydrobenzo[j]aceanthrylene-9,10-diol",C20H14O2
OC1C=Cc2c(ccc3cc4c(cc23)C(O)C(O)c2ccccc2-4)C1O,"3,4,12,13-tetrahydronaphtho[1,2-b]phenanthrene-3,4,12,13-tetrol",C22H18O4
OC1C=Cc2c(ccc3cc4c5c(ccc4cc23)C(O)C(O)C=C5)C1O,"3,4,10,11-tetrahydronaphtho[2,1-h]phenanthrene-3,4,10,11-tetrol",C22H18O4
OC1C=Cc2c(ccc3cc4c(ccc5ccccc54)cc23)C1O,"3,4-dihydronaphtho[1,2-b]phenanthrene-3,4-diol",C22H16O2
OC1C=Cc2c(ccc3ccccc23)C1O,"1,2-dihydrophenanthrene-1,2-diol",C14H12O2
OC1C=Cc2c(ccc3cc4ccccc4cc23)C1O,"3,4-dihydrobenzo[a]anthracene-3,4-diol",C18H14O2
OC1C=Cc2c(ccc3cccnc23)C1O,"7,8-dihydrobenzo[h]quinoline-7,8-diol",C13H11NO2
OC1C=Cc2c(ccc3nc4ccc5ccccc5c4cc23)C1O,"13-azapentacyclo[12.8.0.03,12.04,9.017,22]docosa-1,3(12),4(9),5,10,13,15,17,19,21-decaene-7,8-diol",C21H15NO2
OC1C=Cc2cc3c(cc2C1O)-c1cccc2cccc-3c12,"8,9-dihydrobenzo[k]fluoranthene-8,9-diol",C20H14O2
OC1C=Cc2c(ccc3ncccc23)C1O,"7,8-dihydrobenzo[f]quinoline-7,8-diol",C13H11NO2
OC1C=Cc2cc3c(ccc4ccccc43)c(Br)c2C1O,,C18H13BrO2
OC1C=Cc2cc3c(ccc4ccccc43)c(Cl)c2C1O,"7-chloro-8,9-dihydrobenzo[a]anthracene-8,9-diol",C18H13ClO2
OC1C=Cc2ccc3c(ccc4ccccc43)c2C1O,"3,4-dihydrochrysene-3,4-diol",C18H14O2
OC1C=Cc2cc3c4c(cc5ccccc53)-c3ccccc3-c4c2C1O,"hexacyclo[14.7.1.02,7.08,24.09,14.017,22]tetracosa-1(23),2,4,6,8,12,14,16(24),17,19,21-undecaene-10,11-diol",C24H16O2
OC1C=Cc2ccc3c(sc4ccccc43)c2C1O,"1,2-dihydronaphtho[1,2-b][1]benzothiole-1,2-diol",C16H12O2S
OC1C=Cc2ccc3cc4c(ccc5ccccc54)cc3c2C1O,"1,2-dihydronaphtho[1,2-b]phenanthrene-1,2-diol",C22H16O2
OC1C=Cc2ccc3nc4ccc5ccccc5c4cc3c2C1O,"13-azapentacyclo[12.8.0.03,12.04,9.017,22]docosa-1,3(12),4(9),7,10,13,15,17,19,21-decaene-5,6-diol",C21H15NO2
OC1C=Cc2ccc3ncccc3c2C1O,"9,10-dihydrobenzo[f]quinoline-9,10-diol",C13H11NO2
OC1C=Cc2cccnc2C1O,"7,8-dihydroquinoline-7,8-diol",C9H9NO2
OC1C=Cc2ncccc2C1O,"5,6-dihydroquinoline-5,6-diol",C9H9NO2
OC1CC23C=CC=CC2(C1)O3,"10-oxatricyclo[4.3.1.01,6]deca-2,4-dien-8-ol",C9H10O2
OC1CC=Cc2c1cc1ccc3cccc4ccc2c1c34,"7,8-dihydrobenzo[a]pyren-7-ol",C20H14O
OC1CC=Cc2cccnc21,"7,8-dihydroquinolin-8-ol",C9H9NO
OC1CCCCC1,cyclohexanol,C6H12O
OC1Cc2cc3cccc4ccc5ccc1c2c5c43,"pentacyclo[12.3.1.04,17.07,16.010,15]octadeca-1(18),4(17),5,7(16),8,10(15),11,13-octaen-3-ol",C18H12O
OC1COC(NCCc2c[nH]c3ccccc23)C(O)C1O,"2-[2-(1H-indol-3-yl)ethylamino]oxane-3,4,5-triol",C15H20N2O4
OC1c2c(cc3ccc4cccc5ccc2c3c45)C2OC2C1O,"6-oxahexacyclo[11.6.2.02,8.05,7.010,20.017,21]henicosa-1(20),2(8),9,11,13(21),14,16,18-octaene-3,4-diol",C20H14O3
OC1c2c(ccc3c2ccc2ccccc23)C2OC2C1O,"6-oxapentacyclo[9.8.0.02,8.05,7.012,17]nonadeca-1(11),2(8),9,12,14,16,18-heptaene-3,4-diol",C18H14O3
OC1c2c(ccc3ncccc23)C2OC2C1O,"12-oxa-6-azatetracyclo[8.5.0.02,7.011,13]pentadeca-1(10),2(7),3,5,8-pentaene-14,15-diol",C13H11NO3
OC1c2cc3c4ccccc4c4ccccc4c3cc2C2OC2C1O,"18-oxahexacyclo[12.9.0.02,7.08,13.016,22.017,19]tricosa-1(23),2,4,6,8,10,12,14,16(22)-nonaene-20,21-diol",C22H16O3
OC1c2cc3ccc4ccccc4c3cc2C2OC2C1O,"5-oxapentacyclo[9.8.0.03,9.04,6.014,19]nonadeca-1,3(9),10,12,14,16,18-heptaene-7,8-diol",C18H14O3
OC1c2cc3ccc4cccc5ccc(c2C2OC2C1O)c3c45,"4-oxahexacyclo[11.6.2.02,8.03,5.010,20.017,21]henicosa-1(20),2(8),9,11,13(21),14,16,18-octaene-6,7-diol",C20H14O3
OC1c2ccc3c(ccc4ccccc43)c2C2OC2C1O,"4-oxapentacyclo[9.8.0.02,8.03,5.012,17]nonadeca-1(11),2(8),9,12,14,16,18-heptaene-6,7-diol",C18H14O3
OC1c2ccc3c(c2C2OC2C1O)-c1cccc2cccc-3c12,"5-oxahexacyclo[11.7.1.02,12.03,9.04,6.017,21]henicosa-1(20),2(12),3(9),10,13,15,17(21),18-octaene-7,8-diol",C20H14O3
OC1c2ccc3c4c(ccc3c2C2OC2C1O)CCC4,"4-oxapentacyclo[9.7.0.02,8.03,5.012,16]octadeca-1(11),2(8),9,12(16),17-pentaene-6,7-diol",C17H16O3
OC1c2ccc3c4c5c(cccc5cc3c2C2OC2C1O)C=C4,"9-oxahexacyclo[12.6.1.02,12.05,11.08,10.018,21]henicosa-1(21),2(12),3,5(11),13,15,17,19-octaene-6,7-diol",C20H14O3
OC1c2ccc3c4ccccc4c4ccccc4c3c2C2OC2C1O,"17-oxahexacyclo[12.9.0.02,7.08,13.015,21.016,18]tricosa-1(14),2,4,6,8,10,12,15(21),22-nonaene-19,20-diol",C22H16O3
OC1c2ccc3cc4c(ccc5ccccc54)nc3c2C2OC2C1O,"17-oxa-13-azahexacyclo[12.9.0.03,12.04,9.015,21.016,18]tricosa-1,3(12),4,6,8,10,13,15(21),22-nonaene-19,20-diol",C21H15NO3
OC1c2ccc3ccc4c5ccccc5ccc4c3c2C2OC2C1O,"21-oxahexacyclo[12.9.0.02,11.05,10.017,23.020,22]tricosa-1(14),2(11),3,5,7,9,12,15,17(23)-nonaene-18,19-diol",C22H16O3
OC1c2ccc3cc4ccc5ccccc5c4nc3c2C2OC2C1O,"21-oxa-2-azahexacyclo[12.9.0.03,12.04,9.017,23.020,22]tricosa-1(14),2,4,6,8,10,12,15,17(23)-nonaene-18,19-diol",C21H15NO3
OC1c2ccc3ccc4ccccc4c3c2C2OC2C1O,"4-oxapentacyclo[9.8.0.02,8.03,5.014,19]nonadeca-1(11),2(8),9,12,14,16,18-heptaene-6,7-diol",C18H14O3
OC1c2ccc3ccccc3c2C2OC2C1O,"14-oxatetracyclo[8.5.0.02,7.013,15]pentadeca-1(10),2,4,6,8-pentaene-11,12-diol",C14H12O3
OC1c2ccc3cccnc3c2C2OC2C1O,"14-oxa-3-azatetracyclo[8.5.0.02,7.013,15]pentadeca-1(10),2(7),3,5,8-pentaene-11,12-diol",C13H11NO3
OC1c2ccc3nc4c(ccc5ccccc54)cc3c2C2OC2C1O,"17-oxa-2-azahexacyclo[12.9.0.03,12.04,9.015,21.016,18]tricosa-1(14),2,4,6,8,10,12,15(21),22-nonaene-19,20-diol",C21H15NO3
OC1c2ccc3nc4ccc5ccccc5c4cc3c2C2OC2C1O,"21-oxa-13-azahexacyclo[12.9.0.03,12.04,9.017,23.020,22]tricosa-1(14),2,4,6,8,10,12,15,17(23)-nonaene-18,19-diol",C21H15NO3
OC1c2ccc3ncccc3c2C2OC2C1O,"14-oxa-6-azatetracyclo[8.5.0.02,7.013,15]pentadeca-1(10),2(7),3,5,8-pentaene-11,12-diol",C13H11NO3
OC1c2cccc3c2C2(OC2C1O)c1cc2ccccc2cc1-3,"20-oxahexacyclo[10.8.1.01,19.02,11.04,9.016,21]henicosa-2,4,6,8,10,12(21),13,15-octaene-17,18-diol",C20H14O3
OC1c2cccc3c2C2(OC2C1O)c1ccc2ccccc2c1-3,"20-oxahexacyclo[10.8.1.01,19.02,11.05,10.016,21]henicosa-2(11),3,5,7,9,12(21),13,15-octaene-17,18-diol",C20H14O3
OC1c2cccc3ccc4c5ccccc5cc(c4c23)C1O,"4,5-dihydrobenzo[a]pyrene-4,5-diol",C20H14O2
OC1c2cccc3ccc4c5ccccc5cc1c4c23,"pentacyclo[14.2.1.03,8.09,18.012,17]nonadeca-1,3,5,7,9(18),10,12(17),13,15-nonaen-19-ol",C19H12O
OC1c2cccc3ccc4cc5ccccc5c(c4c23)C1O,"11,12-dihydrobenzo[a]pyrene-11,12-diol",C20H14O2
OC1c2cccc3ccc4cccc(c4c23)C1O,"4,5-dihydropyrene-4,5-diol",C16H12O2
OC1c2ccccc2-c2cc3c(ccc4ccccc43)nc2C1O,"13-azapentacyclo[12.8.0.03,12.04,9.017,22]docosa-1,3(12),4,6,8,13,15,17,19,21-decaene-10,11-diol",C21H15NO2
OC1c2ccccc2-c2cc3ccc4ccccc4c3cc2C1O,"5,6-dihydronaphtho[1,2-b]phenanthrene-5,6-diol",C22H16O2
OC1c2ccccc2-c2cc3ccccc3c(Br)c2C1O,"7-bromo-5,6-dihydrobenzo[a]anthracene-5,6-diol",C18H13BrO2
OC1c2ccccc2-c2cc3ccccc3c(Cl)c2C1O,"7-chloro-5,6-dihydrobenzo[a]anthracene-5,6-diol",C18H13ClO2
OC1c2ccccc2-c2ccc3ccccc3c2C1O,"5,6-dihydrochrysene-5,6-diol",C18H14O2
OC1c2ccccc2Oc2ccccc21,9H-xanthen-9-ol,C13H10O2
OC1c2cccnc2C2OC2C1O,"1a,2,3,7b-tetrahydrooxireno[2,3-h]quinoline-2,3-diol",C9H9NO3
OCC#CCO,"but-2-yne-1,4-diol",C4H6O2
OCC(Br)=C(Br)CO,"2,3-dibromobut-2-ene-1,4-diol",C4H6Br2O2
OCC(Br)CBr,"2,3-dibromopropan-1-ol",C3H6Br2O
OCC(CBr)(CBr)CBr,"3-bromo-2,2-bis(bromomethyl)propan-1-ol",C5H9Br3O
OCC(CO)(CBr)CBr,"2,2-bis(bromomethyl)propane-1,3-diol",C5H10Br2O2
OCC(CO)(CCBr)CCBr,"2,2-bis(2-bromoethyl)propane-1,3-diol",C7H14Br2O2
OCC(CO)(CO)CO,"2,2-bis(hydroxymethyl)propane-1,3-diol",C5H12O4
OCC(CO)NC1CC(O)(CO)C(O)C(O)C1O,"5-(1,3-dihydroxypropan-2-ylamino)-1-(hydroxymethyl)cyclohexane-1,2,3,4-tetrol",C10H21NO7
OCC(CO)N[C@@H]1C[C@](O)(CO)[C@H](O)[C@@H](O)[C@@H]1O,"(1S,2R,3S,4R,5R)-5-(1,3-dihydroxypropan-2-ylamino)-1-(hydroxymethyl)cyclohexane-1,2,3,4-tetrol",C10H21NO7
OCC(Cl)CCl,"2,3-dichloropropan-1-ol",C3H6Cl2O
OCC(Cl)(Cl)Cl,"2,2,2-trichloroethanol",C2H3Cl3O
OCC(O)C(O)C(O)C(O)CO,"hexane-1,2,3,4,5,6-hexol",C6H14O6
OCC(Cl)Cl,"2,2-dichloroethanol",C2H4Cl2O
OCC(O)C(O)C(OC1OC(CO)C(O)C(O)C1O)C(O)CO,"4-[3,4,5-trihydroxy-6-(hydroxymethyl)oxan-2-yl]oxyhexane-1,2,3,5,6-pentol",C12H24O11
OCC(O)C(O)CO,"butane-1,2,3,4-tetrol",C4H10O4
OCC(O)C1CO1,"1-(oxiran-2-yl)ethane-1,2-diol",C4H8O3
OCC(O)CCl,"3-chloropropane-1,2-diol",C3H7ClO2
OCC(O)CI,"3-iodopropane-1,2-diol",C3H7IO2
OCC(O)CO,"propane-1,2,3-triol",C3H8O3
OCC(O)c1oc(O)c(O)c1O,"5-(1,2-dihydroxyethyl)furan-2,3,4-triol",C6H8O6
OCC12OOC1(CO)c1ccccc1O2,"[2a-(hydroxymethyl)dioxeto[3,4-b][1]benzofuran-7b-yl]methanol",C10H10O5
OCC1=CCN2CC[C@@H](O)[C@@H]12,"(1R,8R)-7-(hydroxymethyl)-2,3,5,8-tetrahydro-1H-pyrrolizin-1-ol",C8H13NO2
OCC1CCC(n2cnc3c(O)ncnc32)O1,9-[5-(hydroxymethyl)oxolan-2-yl]-1H-purin-6-one,C10H12N4O3
OCC1CO1,oxiran-2-ylmethanol,C3H6O2
OCC1CCCO1,oxolan-2-ylmethanol,C5H10O2
OCC1COC(CCI)O1,"[2-(2-iodoethyl)-1,3-dioxolan-4-yl]methanol",C6H11IO3
OCC1OC(OC2(CO)OC(CO)C(O)C2O)C(O)C(O)C1O,"2-[3,4-dihydroxy-2,5-bis(hydroxymethyl)oxolan-2-yl]oxy-6-(hydroxymethyl)oxane-3,4,5-triol",C12H22O11
OCC1OC(n2cnc3c(NO)ncnc32)C(O)C1O,"2-[6-(hydroxyamino)purin-9-yl]-5-(hydroxymethyl)oxolane-3,4-diol",C10H13N5O5
OCC1OC(n2cnc3c(NCC(O)COc4cccc5ccccc45)ncnc32)C(O)C1O,"2-(hydroxymethyl)-5-[6-[(2-hydroxy-3-naphthalen-1-yloxypropyl)amino]purin-9-yl]oxolane-3,4-diol",C23H25N5O6
OCC1OC(n2cnc3c2ncn2ccnc32)C(O)C1O,"2-(hydroxymethyl)-5-imidazo[2,1-f]purin-3-yloxolane-3,4-diol",C12H13N5O4
OCC1OC(n2cnc3c(S)ncnc32)C(O)C1O,"9-[3,4-dihydroxy-5-(hydroxymethyl)oxolan-2-yl]-3H-purine-6-thione",C10H12N4O4S
OCC1OC(n2cnc3c2ncn2ccnc32)CC1O,"2-(hydroxymethyl)-5-imidazo[2,1-f]purin-3-yloxolan-3-ol",C12H13N5O3
OCC=CCl,3-chloroprop-2-en-1-ol,C3H5ClO
OCCBr,2-bromoethanol,C2H5BrO
OCCCBr,3-bromopropan-1-ol,C3H7BrO
OCCCCCl,4-chlorobutan-1-ol,C4H9ClO
OCCCCO,"butane-1,4-diol",C4H10O2
OCCCCl,3-chloropropan-1-ol,C3H7ClO
OCCCc1ccccc1,3-phenylpropan-1-ol,C9H12O
OCCCl,2-chloroethanol,C2H5ClO
OCCI,2-iodoethanol,C2H5IO
OCCN(CCO)CCO,2-[bis(2-hydroxyethyl)amino]ethanol,C6H15NO3
OCCN(CCO)c1ccc(N=Nc2ccc(N(CCO)CCO)nc2)cc1,2-[4-[[6-[bis(2-hydroxyethyl)amino]-3-pyridinyl]diazenyl]-N-(2-hydroxyethyl)anilino]ethanol,C19H27N5O4
OCCN(CCO)c1ccc(N=Nc2cccnc2)cc1,2-[N-(2-hydroxyethyl)-4-(pyridin-3-yldiazenyl)anilino]ethanol,C15H18N4O2
OCCN(CCO)c1nc(-c2cccs2)nc2ccccc12,2-[2-hydroxyethyl-(2-thiophen-2-ylquinazolin-4-yl)amino]ethanol,C16H17N3O2S
OCCN(CCO)c1ccc2ccccc2c1,2-[2-hydroxyethyl(naphthalen-2-yl)amino]ethanol,C14H17NO2
OCCN1CC1,2-(aziridin-1-yl)ethanol,C4H9NO
OCCN1CCN(CCCN2c3ccccc3Sc3ccc(C(F)(F)F)cc32)CC1,2-[4-[3-[2-(trifluoromethyl)phenothiazin-10-yl]propyl]piperazin-1-yl]ethanol,C22H26F3N3OS
OCCN1CCNCC1,2-piperazin-1-ylethanol,C6H14N2O
OCCN1CN(CCO)CN(CCO)C1,"2-[3,5-bis(2-hydroxyethyl)-1,3,5-triazinan-1-yl]ethanol",C9H21N3O3
OCCNCCO,2-(2-hydroxyethylamino)ethanol,C4H11NO2
OCCNc1ccc(N=Nc2ccc(N(CCO)CCO)cc2)cc1,2-[4-[[4-[bis(2-hydroxyethyl)amino]phenyl]diazenyl]anilino]ethanol,C18H24N4O3
OCCO,"ethane-1,2-diol",C2H6O2
OCCNc1ccc(N=Nc2ccc(NCCO)cc2)cc1,2-[4-[[4-(2-hydroxyethylamino)phenyl]diazenyl]anilino]ethanol,C16H20N4O2
OCCOCCO,2-(2-hydroxyethoxy)ethanol,C4H10O3
OCCOCCOCCO,2-[2-(2-hydroxyethoxy)ethoxy]ethanol,C6H14O4
OCCOc1ccccc1,2-phenoxyethanol,C8H10O2
OCCOc1cc(Cl)c(Cl)cc1Cl,"2-(2,4,5-trichlorophenoxy)ethanol",C8H7Cl3O2
OCCc1ccccc1,2-phenylethanol,C8H10O
OCCS,2-sulfanylethanol,C2H6OS
OCP(Cl)(CO)(CO)CO,[chloro-tris(hydroxymethyl)-lambda5-phosphanyl]methanol,C4H12ClO4P
OCNc1ncnc2c1ncn2C1OC(CO)C(O)C1O,"2-(hydroxymethyl)-5-[6-(hydroxymethylamino)purin-9-yl]oxolane-3,4-diol",C11H15N5O5
OC[C@H](Br)CBr,"(2S)-2,3-dibromopropan-1-ol",C3H6Br2O
OC[C@@H]1CO[C@@H](CCI)O1,"[(2R,4R)-2-(2-iodoethyl)-1,3-dioxolan-4-yl]methanol",C6H11IO3
OC[C@H](Cl)CCl,"(2S)-2,3-dichloropropan-1-ol",C3H6Cl2O
OC[C@H](O)CCl,"(2S)-3-chloropropane-1,2-diol",C3H7ClO2
OC[C@H](O)CI,"(2S)-3-iodopropane-1,2-diol",C3H7IO2
OC[C@H](O)[C@@H](O)[C@H](O)[C@H](O)CO,"(2R,3R,4R,5S)-hexane-1,2,3,4,5,6-hexol",C6H14O6
OC[C@H](O)[C@@H](O)[C@H](O[C@H]1O[C@H](CO)[C@@H](O)[C@H](O)[C@H]1O)[C@H](O)CO,"(2S,3R,4R,5R)-4-[(2R,3R,4S,5S,6R)-3,4,5-trihydroxy-6-(hydroxymethyl)oxan-2-yl]oxyhexane-1,2,3,5,6-pentol",C12H24O11
OC[C@H]1CC[C@@H](n2cnc3c(O)ncnc32)O1,"9-[(2S,5R)-5-(hydroxymethyl)oxolan-2-yl]-1H-purin-6-one",C10H12N4O3
OC[C@H]1CO1,[(2S)-oxiran-2-yl]methanol,C3H6O2
OC[C@H]1O[C@@H](n2cnc3c(NO)ncnc32)[C@H](O)[C@@H]1O,"(2R,3R,4S,5R)-2-[6-(hydroxyamino)purin-9-yl]-5-(hydroxymethyl)oxolane-3,4-diol",C10H13N5O5
OC[C@H]1O[C@@H](n2cnc3c(S)ncnc32)[C@H](O)[C@@H]1O,"9-[(2R,3R,4S,5R)-3,4-dihydroxy-5-(hydroxymethyl)oxolan-2-yl]-3H-purine-6-thione",C10H12N4O4S
OC[P+](CO)(CO)CO,tetrakis(hydroxymethyl)phosphanium,C4H12O4P+
OC[PH](CO)(CO)CO,tetrakis(hydroxymethyl)phosphanium,C4H13O4P
OCc1c2ccccc2c(CO)c2c1ccc1ccccc12,[12-(hydroxymethyl)benzo[a]anthracen-7-yl]methanol,C20H16O2
OCc1c2ccccc2c2ccc3cccc4ccc1c2c43,benzo[b]pyren-6-ylmethanol,C21H14O
OCc1c2ccccc2cc2c1ccc1ccccc12,benzo[a]anthracen-7-ylmethanol,C19H14O
OCc1c2ccccc2cc2ccccc12,anthracen-9-ylmethanol,C15H12O
OCc1cc2c3c(cccc3c1)-c1ccccc1-2,fluoranthen-2-ylmethanol,C17H12O
OCc1cc2c3ccccc3cc3ccc4cccc1c4c32,benzo[a]pyren-12-ylmethanol,C21H14O
OCc1cc2ccc3cccc4ccc(c1)c2c34,pyren-2-ylmethanol,C17H12O
OCc1cc2ccc3cccnc3c2[nH]1,"1H-pyrrolo[3,2-h]quinolin-2-ylmethanol",C12H10N2O
OCc1cc2cccc3ccc4cc5ccccc5c1c4c32,benzo[a]pyren-11-ylmethanol,C21H14O
OCc1cc2ccccc2c2ccc3ccccc3c12,chrysen-5-ylmethanol,C19H14O
OCc1ccc(Br)cc1,(4-bromophenyl)methanol,C7H7BrO
OCc1ccc(-c2[nH]ccc3c4ccccc4nc2-3)o1,"[5-(9H-pyrido[3,4-b]indol-1-yl)furan-2-yl]methanol",C16H12N2O2
OCc1ccc(C(F)(F)F)cc1,[4-(trifluoromethyl)phenyl]methanol,C8H7F3O
OCc1ccc(Cl)cc1,(4-chlorophenyl)methanol,C7H7ClO
OCc1ccc(F)cc1,(4-fluorophenyl)methanol,C7H7FO
OCc1ccc(O)cc1,4-(hydroxymethyl)phenol,C7H8O2
OCc1ccc2c(CO)c3ccc4ccccc4c3nc2c1,[7-(hydroxymethyl)benzo[c]acridin-10-yl]methanol,C19H15NO2
OCc1ccc2c(c1)-c1cccc3cccc-2c13,fluoranthen-8-ylmethanol,C17H12O
OCc1ccc2c3c(cccc13)-c1ccccc1-2,fluoranthen-3-ylmethanol,C17H12O
OCc1ccc2ccc3cccc4ccc1c2c34,pyren-1-ylmethanol,C17H12O
OCc1ccc2cccc3c2c1-c1ccccc1-3,fluoranthen-1-ylmethanol,C17H12O
OCc1cccc2c1-c1cccc3cccc-2c13,fluoranthen-7-ylmethanol,C17H12O
OCc1ccc2nc3c(ccc4ccccc43)c(CO)c2c1,"[7-(hydroxymethyl)naphtho[1,2-b]quinolin-9-yl]methanol",C19H15NO2
OCc1ccccc1,phenylmethanol,C7H8O
OCc1ccco1,furan-2-ylmethanol,C5H6O2
OCc1ccnc2ccccc12,quinolin-4-ylmethanol,C10H9NO
ON1CN(Cl)CN(Cl)C1,"1,3-dichloro-5-hydroxy-1,3,5-triazinane",C3H7Cl2N3O
ON=C1CCCCC1,N-cyclohexylidenehydroxylamine,C6H11NO
ON1c2ccccc2/C(=N\c2ccccc2)C1(c1ccccc1)c1ccccc1,"1-hydroxy-N,2,2-triphenylindol-3-imine",C26H20N2O
ONc1cc2ccccc2[nH]1,N-(1H-indol-2-yl)hydroxylamine,C8H8N2O
ONc1[nH]cnc2ncnc1-2,N-(7H-purin-6-yl)hydroxylamine,C5H5N5O
ONc1ccc(-c2ccccc2)cc1,N-(4-phenylphenyl)hydroxylamine,C12H11NO
ONc1ccc(Cl)c(Cl)c1,"N-(3,4-dichlorophenyl)hydroxylamine",C6H5Cl2NO
ONc1ccc(Cl)cc1,N-(4-chlorophenyl)hydroxylamine,C6H6ClNO
ONc1ccc(N=Nc2ccccc2)cc1,1-(4-nitrosophenyl)-2-phenylhydrazine,C12H11N3O
ONc1ccc(Oc2ccccc2)cc1,N-(4-phenoxyphenyl)hydroxylamine,C12H11NO2
ONc1ccc(Sc2ccccc2)cc1,N-(4-phenylsulfanylphenyl)hydroxylamine,C12H11NOS
ONc1ccc2c(c1)Cc1ccccc1-2,N-(9H-fluoren-2-yl)hydroxylamine,C13H11NO
ONc1ccc2ccccc2c1,N-naphthalen-2-ylhydroxylamine,C10H9NO
ONc1cccc(-c2ccccc2)c1,N-(3-phenylphenyl)hydroxylamine,C12H11NO
ONc1cccc2ccccc12,N-naphthalen-1-ylhydroxylamine,C10H9NO
ONc1ccccc1,N-phenylhydroxylamine,C6H7NO
ONc1ccccc1-c1ccccc1,N-(2-phenylphenyl)hydroxylamine,C12H11NO
ONc1cnc2c(c1)nc1ccccn12,"N-(1,3,8-triazatricyclo[7.4.0.02,7]trideca-2(7),3,5,8,10,12-hexaen-5-yl)hydroxylamine",C10H8N4O
ONc1ncnc2c1ncn2Cc1ccccc1,N-(9-benzylpurin-6-yl)hydroxylamine,C12H11N5O
OOC1CCCc2ccccc21,"1-hydroperoxy-1,2,3,4-tetrahydronaphthalene",C10H12O2
OO[C@@H]1CCCc2ccccc21,"(1R)-1-hydroperoxy-1,2,3,4-tetrahydronaphthalene",C10H12O2
OP1(N(CCCl)CCCl)=NCCCO1,"N,N-bis(2-chloroethyl)-2-hydroxy-1-oxa-3-aza-2lambda5-phosphacyclohex-2-en-2-amine",C7H15Cl2N2O2P
O[C@@H](c1ccc2c(c1)OCO2)[C@@H]1CO1,"(S)-1,3-benzodioxol-5-yl-[(2S)-oxiran-2-yl]methanol",C10H10O4
O[C@@H]1C=Cc2c(ccc3c2ccc2ccccc23)[C@H]1O,"(1R,2R)-1,2-dihydrochrysene-1,2-diol",C18H14O2
O[C@@H]1C=Cc2c(ccc3cc4ccccc4cc23)[C@H]1O,"(3R,4R)-3,4-dihydrobenzo[a]anthracene-3,4-diol",C18H14O2
O[C@@H]1C=Cc2ccc3c(ccc4ccccc43)c2[C@H]1O,"(3R,4R)-3,4-dihydrochrysene-3,4-diol",C18H14O2
O[C@@H]1Cc2cc3cccc4ccc5ccc1c2c5c43,,C18H12O
O[C@@H]1[C@@H]2O[C@@H]2c2c(ccc3c2-c2cccc4cccc-3c24)[C@H]1O,"(4R,6S,7S,8R)-5-oxahexacyclo[11.7.1.02,12.03,9.04,6.017,21]henicosa-1(20),2(12),3(9),10,13,15,17(21),18-octaene-7,8-diol",C20H14O3
O[C@@H]1c2ccccc2-c2cc3c(ccc4ccccc43)nc2[C@H]1O,"(10R,11R)-13-azapentacyclo[12.8.0.03,12.04,9.017,22]docosa-1,3(12),4,6,8,13,15,17,19,21-decaene-10,11-diol",C21H15NO2
O[C@H](CBr)[C@H](O)[C@H](O)[C@@H](O)CBr,"(2R,3S,4R,5S)-1,6-dibromohexane-2,3,4,5-tetrol",C6H12Br2O4
O[C@H]1C=C2c3cc4ccccc4cc3-c3cccc(c32)[C@@H]1O,"(4S,5S)-4,5-dihydrobenzo[k]fluoranthene-4,5-diol",C20H14O2
O[C@H]1C=C2c3ccc4ccccc4c3-c3cccc(c32)[C@@H]1O,"(14S,15S)-pentacyclo[10.7.1.02,11.03,8.016,20]icosa-1(20),2(11),3,5,7,9,12,16,18-nonaene-14,15-diol",C20H14O2
O[C@H]1C=Cc2c(ccc3c2-c2cccc4cccc-3c24)[C@@H]1O,"(6S,7S)-pentacyclo[10.7.1.02,11.03,8.016,20]icosa-1(19),2(11),3(8),4,9,12,14,16(20),17-nonaene-6,7-diol",C20H14O2
O[C@H]1C=Cc2c(ccc3c4c5c(cccc5cc23)C=C4)[C@@H]1O,"(9S,10S)-9,10-dihydrobenzo[j]aceanthrylene-9,10-diol",C20H14O2
O[C@H]1C=Cc2ccc3nc4ccc5ccccc5c4cc3c2[C@@H]1O,"(5S,6S)-13-azapentacyclo[12.8.0.03,12.04,9.017,22]docosa-1,3(12),4(9),7,10,13,15,17,19,21-decaene-5,6-diol",C21H15NO2
O[C@H]1C=Cc2cc3c(cc2[C@@H]1O)-c1cccc2cccc-3c12,"(8S,9S)-8,9-dihydrobenzo[k]fluoranthene-8,9-diol",C20H14O2
O[C@H]1c2c(cc3ccc4cccc5ccc2c3c45)[C@@H]2O[C@@H]2[C@H]1O,,C20H14O3
O[C@H]1[C@H](O)c2cc3ccc4ccccc4c3cc2[C@@H]2O[C@@H]21,"(4S,6R,7S,8R)-5-oxapentacyclo[9.8.0.03,9.04,6.014,19]nonadeca-1,3(9),10,12,14,16,18-heptaene-7,8-diol",C18H14O3
Oc1[nH]cnc2nncc1-2,"1,5-dihydropyrazolo[5,4-d]pyrimidin-4-one",C5H4N4O
O[C@H]1c2cccc3c2[C@@]2(O[C@@H]2[C@@H]1O)c1ccc2ccccc2c1-3,"(1S,17S,18R,19R)-20-oxahexacyclo[10.8.1.01,19.02,11.05,10.016,21]henicosa-2(11),3,5,7,9,12(21),13,15-octaene-17,18-diol",C20H14O3
Oc1[nH]nc2ccccc12,"1,2-dihydroindazol-3-one",C7H6N2O
Oc1c(Br)c(Br)c(Br)c(Br)c1Br,"2,3,4,5,6-pentabromophenol",C6HBr5O
Oc1c(Br)cc(Br)cc1Br,"2,4,6-tribromophenol",C6H3Br3O
Oc1c(Cl)c(Cl)c(Cl)c(Cl)c1Cl,"2,3,4,5,6-pentachlorophenol",C6HCl5O
Oc1c(Cl)c(Cl)cc(Cl)c1Cl,"2,3,5,6-tetrachlorophenol",C6H2Cl4O
Oc1c(Cl)cc(Cl)c(Cl)c1Cc1c(O)c(Cl)cc(Cl)c1Cl,"3,4,6-trichloro-2-[(2,3,5-trichloro-6-hydroxyphenyl)methyl]phenol",C13H6Cl6O2
Oc1c(Cl)cc(Cl)c(Cl)c1Cl,"2,3,4,6-tetrachlorophenol",C6H2Cl4O
Oc1c(Cl)cc(Cl)c2cccnc12,"5,7-dichloroquinolin-8-ol",C9H5Cl2NO
Oc1c(Cl)cc(Cl)cc1Cl,"2,4,6-trichlorophenol",C6H3Cl3O
Oc1c(Cl)cc(Cl)cc1Sc1cc(Cl)cc(Cl)c1O,"2,4-dichloro-6-(3,5-dichloro-2-hydroxyphenyl)sulfanylphenol",C12H6Cl4O2S
Oc1c(Cl)ccc(Cl)c1Cl,"2,3,6-trichlorophenol",C6H3Cl3O
Oc1c(Cl)cccc1Cl,"2,6-dichlorophenol",C6H4Cl2O
Oc1c(I)cc(Cl)c2cccnc12,5-chloro-7-iodoquinolin-8-ol,C9H5ClINO
Oc1c2c3c(ccc4ccc5cccc1c5c43)-c1ccccc1-2,"hexacyclo[16.3.1.02,7.08,21.011,20.014,19]docosa-1(22),2,4,6,8(21),9,11(20),12,14(19),15,17-undecaen-22-ol",C22H12O
Oc1c2ccccc2c2ccc3cccc4ccc1c2c43,benzo[b]pyren-6-ol,C20H12O
Oc1c2ccccc2cc2ccccc12,anthracen-9-ol,C14H10O
Oc1c2ccccc2nc2ccc3c(c12)OCCO3,"3,7-dihydro-2H-[1,4]dioxino[2,3-a]acridin-12-one",C15H11NO3
Oc1c2ccccc2nc2ccccc12,10H-acridin-9-one,C13H9NO
Oc1c2ccccc2nc2occc12,"9H-furo[2,3-b]quinolin-4-one",C11H7NO2
Oc1c2nc3ccccc3c-2nnn1/N=C/c1ccc(-c2ccccc2)cc1,"3-[(E)-(4-phenylphenyl)methylideneamino]-5H-triazino[5,4-b]indol-4-one",C22H15N5O
Oc1c2nc3ccccc3c-2nnn1/N=C/c1ccc(Cl)cc1,"3-[(E)-(4-chlorophenyl)methylideneamino]-5H-triazino[5,4-b]indol-4-one",C16H10ClN5O
Oc1c2nc3ccccc3c-2nnn1/N=C/c1ccccc1,"3-[(E)-benzylideneamino]-5H-triazino[5,4-b]indol-4-one",C16H11N5O
Oc1cc(Cl)c(Cl)c(Cl)c1,"3,4,5-trichlorophenol",C6H3Cl3O
Oc1cc(Cl)c(Cl)c(Cl)c1Cl,"2,3,4,5-tetrachlorophenol",C6H2Cl4O
Oc1cc(Cl)c(Cl)cc1Cl,"2,4,5-trichlorophenol",C6H3Cl3O
Oc1cc(Cl)c(O)cc1Cl,"2,5-dichlorobenzene-1,4-diol",C6H4Cl2O2
Oc1cc(Cl)cc(Cl)c1,"3,5-dichlorophenol",C6H4Cl2O
Oc1cc(Cl)cc(Cl)c1Cl,"2,3,5-trichlorophenol",C6H3Cl3O
Oc1cc(Cl)ccc1Cl,"2,5-dichlorophenol",C6H4Cl2O
Oc1cc(O)c2cc(O)c(-c3cc(O)c(O)c(O)c3)[o+]c2c1,"2-(3,4,5-trihydroxyphenyl)chromenylium-3,5,7-triol",C15H11O7+
Oc1cc(O)c2ccccc2c1,"naphthalene-1,3-diol",C10H8O2
Oc1cc(O)c2ccccc2n1,4-hydroxy-1H-quinolin-2-one,C9H7NO2
Oc1cc(O)ncn1,4-hydroxy-1H-pyrimidin-6-one,C4H4N2O2
Oc1cc(O)cc(O)c1,"benzene-1,3,5-triol",C6H6O3
Oc1cc2c(cc1O)C1c3ccc(O)c(O)c3OCC1(O)C2,"7,11b-dihydro-6H-indeno[2,1-c]chromene-3,4,6a,9,10-pentol",C16H14O6
Oc1cc2c(cc1O)[C@H]1c3ccc(O)c(O)c3OC[C@]1(O)C2,"(6aS,11bS)-7,11b-dihydro-6H-indeno[2,1-c]chromene-3,4,6a,9,10-pentol",C16H14O6
Oc1cc2c3ccccc3cc3ccc4cccc1c4c32,benzo[a]pyren-12-ol,C20H12O
Oc1cc2c3ccccc3ccc2c2ccccc12,chrysen-6-ol,C18H12O
Oc1cc2cc3ccccc3c3ccc4cccc1c4c23,benzo[a]pyren-4-ol,C20H12O
Oc1cc2ccc3c4c(cc5cccc1c5c24)-c1ccccc1-3,"hexacyclo[16.3.1.02,7.08,21.011,20.014,19]docosa-1(22),2,4,6,8(21),9,11(20),12,14,16,18-undecaen-13-ol",C22H12O
Oc1cc2ccc3cc4ccccc4c4ccc(c1)c2c34,benzo[a]pyren-2-ol,C20H12O
Oc1cc2ccc3cccc4ccc(n1)c2c34,"5-azatetracyclo[6.6.2.04,16.011,15]hexadeca-1(14),2,4(16),7,9,11(15),12-heptaen-6-one",C15H9NO
Oc1cc2cccc3ccc4c5ccccc5cc1c4c32,benzo[a]pyren-5-ol,C20H12O
Oc1cc2ccccc2c2ccc3ccccc3c12,chrysen-5-ol,C18H12O
Oc1cc2ccccc2c2ccccc12,phenanthren-9-ol,C14H10O
Oc1ccc(-c2ccc(O)cc2)cc1,4-(4-hydroxyphenyl)phenol,C12H10O2
Oc1ccc(-c2ccccc2)cc1,4-phenylphenol,C12H10O
Oc1ccc(/C=N/c2snc3c(Cl)cc(Cl)cc23)cc1,"4-[(5,7-dichloro-2,1-benzothiazol-3-yl)iminomethyl]phenol",C14H8Cl2N2OS
Oc1ccc(/C=N/c2snc3ccccc23)cc1,"4-(2,1-benzothiazol-3-yliminomethyl)phenol",C14H10N2OS
Oc1ccc(/C=N/n2nnc3c4ccccc4nc-3c2O)cc1,"3-[(E)-(4-hydroxyphenyl)methylideneamino]-5H-triazino[5,4-b]indol-4-one",C16H11N5O2
Oc1ccc(C2(c3ccc(O)cc3)CCCCC2)cc1,4-[1-(4-hydroxyphenyl)cyclohexyl]phenol,C18H20O2
Oc1ccc(Cc2ccccc2O)cc1,2-[(4-hydroxyphenyl)methyl]phenol,C13H12O2
Oc1ccc(Cl)c(Cl)c1,"3,4-dichlorophenol",C6H4Cl2O
Oc1ccc(Cl)c(Cl)c1Cl,"2,3,4-trichlorophenol",C6H3Cl3O
Oc1ccc(Cl)cc1Cc1cc(Cl)ccc1O,4-chloro-2-[(5-chloro-2-hydroxyphenyl)methyl]phenol,C13H10Cl2O2
Oc1ccc(Cl)cc1,4-chlorophenol,C6H5ClO
Oc1ccc(Cl)cc1Cl,"2,4-dichlorophenol",C6H4Cl2O
Oc1ccc(Cl)cc1Cc1ccccc1,2-benzyl-4-chlorophenol,C13H11ClO
Oc1ccc(Cl)cc1Sc1cc(Cl)ccc1O,4-chloro-2-(5-chloro-2-hydroxyphenyl)sulfanylphenol,C12H8Cl2O2S
Oc1ccc(Nc2c3ccccc3nc3ccccc23)cc1,4-(acridin-9-ylamino)phenol,C19H14N2O
Oc1ccc(Nc2ccc3ccccc3c2)cc1,4-(naphthalen-2-ylamino)phenol,C16H13NO
Oc1ccc(O)c(O)c1,"benzene-1,2,4-triol",C6H6O3
Oc1ccc(O)c2c(O)c3ccccc3c(O)c12,"anthracene-1,4,9,10-tetrol",C14H10O4
Oc1ccc(O)c2ccccc12,"naphthalene-1,4-diol",C10H8O2
Oc1ccc(O)cc1,"benzene-1,4-diol",C6H6O2
Oc1ccc(O)nn1,"1,2-dihydropyridazine-3,6-dione",C4H4N2O2
Oc1ccc(O[PH]2(Oc3ccc(O)cc3)N[PH](Oc3ccc(O)cc3)(Oc3ccc(O)cc3)N[PH](Oc3ccc(O)cc3)(Oc3ccc(O)cc3)N2)cc1,"4-[[2,4,4,6,6-pentakis(4-hydroxyphenoxy)-1,3,5,2,4,6-triazatriphosphinane-2,4,6-triium-2-yl]oxy]phenol",C36H36N3O12P3
Oc1ccc2[nH]ccc2c1,1H-indol-5-ol,C8H7NO
Oc1ccc2c(O)c3ccccc3cc2c1O,"anthracene-1,2,10-triol",C14H10O3
Oc1ccc2c(O)cccc2c1,"naphthalene-1,6-diol",C10H8O2
Oc1ccc2c(c1)-c1cc3cccc4ccc5ccc-2c1c5c43,"hexacyclo[16.3.1.02,7.08,21.011,20.014,19]docosa-1(22),2(7),3,5,8(21),9,11(20),12,14(19),15,17-undecaen-4-ol",C22H12O
Oc1ccc2c(c1)-c1cc3ccccc3c3cc4ccccc4c-2c13,"hexacyclo[14.7.1.02,7.08,24.09,14.017,22]tetracosa-1(23),2(7),3,5,8(24),9,11,13,15,17,19,21-dodecaen-4-ol",C24H14O
Oc1ccc2c(c1)-c1ccc3ccc4cccc5cc-2c1c3c45,"hexacyclo[16.3.1.02,7.08,21.011,20.014,19]docosa-1(22),2(7),3,5,8(21),9,11(20),12,14(19),15,17-undecaen-5-ol",C22H12O
Oc1ccc2c(c1)OCO2,"1,3-benzodioxol-5-ol",C7H6O3
Oc1ccc2c(c1)c1ccccc1c1cc3ccccc3cc21,benzo[b]triphenylen-3-ol,C22H14O
Oc1ccc2c(ccc3[nH]c4ccc5ccccc5c4c32)c1,"12-azapentacyclo[11.8.0.02,11.03,8.016,21]henicosa-1(13),2(11),3(8),4,6,9,14,16,18,20-decaen-6-ol",C20H13NO
Oc1ccc2c(c1)cc1ccc3cccc4ccc2c1c34,benzo[a]pyren-8-ol,C20H12O
Oc1ccc2c(ccc3c4ccccc4ccc23)c1,chrysen-2-ol,C18H12O
Oc1ccc2c3ccccc3c3cc4ccccc4cc3c2c1,benzo[b]triphenylen-7-ol,C22H14O
Oc1ccc2cc(SSc3ccc4cc(O)ccc4c3)ccc2c1,6-[(6-hydroxynaphthalen-2-yl)disulfanyl]naphthalen-2-ol,C20H14O2S2
Oc1ccc2cc3c4ccccc4c4ccccc4c3cc2c1,benzo[b]triphenylen-11-ol,C22H14O
Oc1ccc2cc3ccc4cccc5ccc(c2c1)c3c45,benzo[a]pyren-9-ol,C20H12O
Oc1ccc2ccc3[nH]c4ccc5ccccc5c4c3c2c1,"12-azapentacyclo[11.8.0.02,11.03,8.016,21]henicosa-1(13),2(11),3(8),4,6,9,14,16,18,20-decaen-5-ol",C20H13NO
Oc1ccc2ccc3c4c(cc5ccc1c2c53)C(O)C(O)C=C4,"7,8-dihydrobenzo[a]pyrene-3,7,8-triol",C20H14O3
Oc1ccc2ccc3c4c(ccc3c2c1)C(O)C(O)C1OC41,"4-oxapentacyclo[9.8.0.02,8.03,5.012,17]nonadeca-1(11),2(8),9,12(17),13,15,18-heptaene-6,7,14-triol",C18H14O4
Oc1ccc2ccc3c4c(ccc3c2c1)C(O)C(O)C=C4,"1,2-dihydrochrysene-1,2,9-triol",C18H14O3
Oc1ccc2ccc3c4c(ccc3c2c1)[C@@H](O)[C@H](O)C=C4,"(1R,2R)-1,2-dihydrochrysene-1,2,9-triol",C18H14O3
Oc1ccc2ccc3c4ccccc4cc4ccc1c2c43,benzo[a]pyren-3-ol,C20H12O
Oc1ccc2ccc3c4ccccc4ccc3c2c1,chrysen-3-ol,C18H12O
Oc1ccc2ccc3cc4ccccc4c4ccc1c2c34,benzo[a]pyren-1-ol,C20H12O
Oc1ccc2ccccc2c1,naphthalen-2-ol,C10H8O
Oc1ccc2ccccc2c1N=Nc1ccc(N=Nc2ccccc2)cc1,1-[(4-phenyldiazenylphenyl)diazenyl]naphthalen-2-ol,C22H16N4O
Oc1ccc2ccccc2c1N=Nc1ccccc1,1-phenyldiazenylnaphthalen-2-ol,C16H12N2O
Oc1ccc2ccccc2n1,1H-quinolin-2-one,C9H7NO
Oc1ccc2cccnc2c1,quinolin-7-ol,C9H7NO
Oc1ccc2ncccc2c1,quinolin-6-ol,C9H7NO
Oc1cccc(/C=N/c2snc3ccccc23)c1,"3-(2,1-benzothiazol-3-yliminomethyl)phenol",C14H10N2OS
Oc1cccc(Cl)c1Cl,"2,3-dichlorophenol",C6H4Cl2O
Oc1cccc(Cl)c1,3-chlorophenol,C6H5ClO
Oc1cccc(O)c1,"benzene-1,3-diol",C6H6O2
Oc1cccc(Nc2ccccc2)c1,3-anilinophenol,C12H11NO
Oc1cccc(O)c1O,"benzene-1,2,3-triol",C6H6O3
Oc1cccc2c1ccc1[nH]c3ccc4ccccc4c3c12,"12-azapentacyclo[11.8.0.02,11.03,8.016,21]henicosa-1(13),2(11),3(8),4,6,9,14,16,18,20-decaen-7-ol",C20H13NO
Oc1cccc2c1ccc1c3c4c(cccc4cc12)C=C3,benzo[j]aceanthrylen-10-ol,C20H12O
Oc1cccc2c1ccc1c3ccccc3ccc21,chrysen-1-ol,C18H12O
Oc1cccc2c1ccc1nc3ccc4ccccc4c3cc12,"13-azapentacyclo[12.8.0.03,12.04,9.017,22]docosa-1(14),2,4,6,9,11,15,17,19,21-decaen-8-one",C21H13NO
Oc1cccc2c3ccccc3c3cc4ccccc4cc3c12,benzo[n]triphenylen-8-ol,C22H14O
Oc1cccc2c3cc4ccccc4cc3c3ccccc3c12,benzo[h]triphenylen-4-ol,C22H14O
Oc1cccc2cc3c4ccccc4c4ccccc4c3cc12,benzo[b]triphenylen-10-ol,C22H14O
Oc1cccc2cc3cccc(O)c3c(O)c12,"anthracene-1,8,9-triol",C14H10O3
Oc1cccc2ccc3[nH]c4ccc5ccccc5c4c3c12,"12-azapentacyclo[11.8.0.02,11.03,8.016,21]henicosa-1(13),2(11),3(8),4,6,9,14,16,18,20-decaen-4-ol",C20H13NO
Oc1cccc2ccc3c4ccccc4ccc3c12,chrysen-4-ol,C18H12O
Oc1cccc2ccccc12,naphthalen-1-ol,C10H8O
Oc1cccc2cccnc12,quinolin-8-ol,C9H7NO
Oc1cccc2ncccc12,quinolin-5-ol,C9H7NO
Oc1ccccc1,phenol,C6H6O
Oc1ccccc1-c1ccccc1,2-phenylphenol,C12H10O
Oc1ccccc1-c1ccccc1O,2-(2-hydroxyphenyl)phenol,C12H10O2
Oc1ccccc1-c1nc2ccccc2o1,"2-(1,3-benzoxazol-2-yl)phenol",C13H9NO2
Oc1ccccc1/C=N/c1snc2ccccc12,"2-(2,1-benzothiazol-3-yliminomethyl)phenol",C14H10N2OS
Oc1ccccc1Cl,2-chlorophenol,C6H5ClO
Oc1ccccc1O,"benzene-1,2-diol",C6H6O2
Oc1ccnc(O)n1,"1H-pyrimidine-2,4-dione",C4H4N2O2
Oc1ccnc2ccccc12,1H-quinolin-4-one,C9H7NO
Oc1cnc2ccccc2c1,quinolin-3-ol,C9H7NO
Oc1cnnc(O)n1,"2H-1,2,4-triazine-3,5-dione",C3H3N3O2
Oc1nc(Cl)nc(Cl)n1,"4,6-dichloro-1H-1,3,5-triazin-2-one",C3HCl2N3O
Oc1nc2ccccc2n1C1CCN(CCCC(c2ccc(F)cc2)c2ccc(F)cc2)CC1,"3-[1-[4,4-bis(4-fluorophenyl)butyl]piperidin-4-yl]-1H-benzimidazol-2-one",C28H29F2N3O
Oc1nc2ccccc2o1,"3H-1,3-benzoxazol-2-one",C7H5NO2
Oc1ncc(F)c(O)n1,"5-fluoro-1H-pyrimidine-2,4-dione",C4H3FN2O2
Oc1ncc(N(CCCl)CCCl)c(O)n1,"5-[bis(2-chloroethyl)amino]-1H-pyrimidine-2,4-dione",C8H11Cl2N3O2
Oc1ncc2ccc3cccc4ccc1c2c34,"6-azatetracyclo[6.6.2.04,16.011,15]hexadeca-1(14),2,4(16),7,9,11(15),12-heptaen-5-one",C15H9NO
Oc1ncnc2ccccc12,3H-quinazolin-4-one,C8H6N2O
Oc1nncc2ccccc12,2H-phthalazin-1-one,C8H6N2O
Oc1nnc(O)c2ccccc12,"2,3-dihydrophthalazine-1,4-dione",C8H6N2O2
On1nnc2ccccc21,1-hydroxybenzotriazole,C6H5N3O
Oc1nsc2ccccc12,"1,2-benzothiazol-3-one",C7H5NOS
S=C(NC1CCCCC1)NC1CCCCC1,"1,3-dicyclohexylthiourea",C13H24N2S
S=C(Nc1ccccc1)Nc1ccccc1,"1,3-diphenylthiourea",C13H12N2S
S=C1SSC2=NCCN12,"5,6-dihydroimidazo[2,1-c][1,2,4]dithiazole-3-thione",C4H4N2S3
S=C1NCCN1,imidazolidine-2-thione,C3H6N2S
S=C=NCCc1ccccc1,2-isothiocyanatoethylbenzene,C9H9NS
S=C=Nc1cccc2ccccc12,1-isothiocyanatonaphthalene,C11H7NS
S=C=S,methanedithione,CS2
S=P(N1CC1)(N1CC1)N1CC1,tris(aziridin-1-yl)-sulfanylidene-lambda5-phosphane,C6H12N3PS
S=c1scc(-c2ccccc2)s1,"4-phenyl-1,3-dithiole-2-thione",C9H6S3
SC(S)=N/C=C/N=C(S)S,[(E)-2-(dithiocarboxyamino)ethenyl]carbamodithioic acid,C4H6N2S4
SCCc1cnccn1,2-pyrazin-2-ylethanethiol,C6H8N2S
SCc1ccccc1,phenylmethanethiol,C7H8S
Sc1[nH]cnc2ncnc1-2,"3,7-dihydropurine-6-thione",C5H4N4S
Sc1c(Cl)c(Cl)c(Cl)c(Cl)c1Cl,"2,3,4,5,6-pentachlorobenzenethiol",C6HCl5S
Sc1ccccc1,benzenethiol,C6H6S
Sc1nc2ccccc2[nH]1,"1,3-dihydrobenzimidazole-2-thione",C7H6N2S
Sc1nc2ccccc2s1,"3H-1,3-benzothiazole-2-thione",C7H5NS2
[CH2-][N+](=O)[O-],nitromethane,CH2NO2-
[N-]=[N+]=C1C=CC(=O)C=C1,4-diazoniophenolate,C6H4N2O
[N-]=[N+]=C1C=NC(=O)NC1=O,5-diazonio-6-oxo-1H-pyrimidin-2-olate,C4H2N4O2
[N-]=[N+]=CC(=O)NCC(=O)NN,2-diazo-N-(2-hydrazinyl-2-oxoethyl)acetamide,C4H7N5O2
[N-]=[N+]=CC(=O)NCC(N)=O,2-[(2-diazoacetyl)amino]acetamide,C4H6N4O2
[N-]=[N+]=CC(=O)OCC(N)C(=O)O,2-amino-3-(2-diazoacetyl)oxypropanoic acid,C5H7N3O4
[N-]=[N+]=NC(c1ccccc1)C(O)CO,"3-azido-3-phenylpropane-1,2-diol",C9H11N3O2
[N-]=[N+]=NCC(=O)O,2-azidoacetic acid,C2H3N3O2
[N-]=[N+]=NC(c1ccccc1)c1ccccc1,[azido(phenyl)methyl]benzene,C13H11N3
[N-]=[N+]=NCC(N)C(=O)O,2-amino-3-azidopropanoic acid,C3H6N4O2
[N-]=[N+]=NCC(CO)Cc1ccccc1,2-(azidomethyl)-3-phenylpropan-1-ol,C10H13N3O
[N-]=[N+]=NCC(O)C(O)C(O)C(O)C(=O)O,"6-azido-2,3,4,5-tetrahydroxyhexanoic acid",C6H11N3O6
[N-]=[N+]=NCC(O)C(O)C(O)C(O)C=O,"6-azido-2,3,4,5-tetrahydroxyhexanal",C6H11N3O5
[N-]=[N+]=NCC(O)C(O)C(O)C(O)CO,"6-azidohexane-1,2,3,4,5-pentol",C6H13N3O5
[N-]=[N+]=NCC(O)CN=[N+]=[N-],"1,3-diazidopropan-2-ol",C3H6N6O
[N-]=[N+]=NCC(O)Cn1ccc(=O)[nH]c1=O,"1-(3-azido-2-hydroxypropyl)pyrimidine-2,4-dione",C7H9N5O3
[N-]=[N+]=NCC(O)CO,"3-azidopropane-1,2-diol",C3H7N3O2
[N-]=[N+]=NCC(O)Cn1ccc(N)nc1=O,4-amino-1-(3-azido-2-hydroxypropyl)pyrimidin-2-one,C7H10N6O2
[N-]=[N+]=NCC(O)Cn1cnc2c(Cl)nc(N)nc21,1-(2-amino-6-chloropurin-9-yl)-3-azidopropan-2-ol,C8H9ClN8O
[N-]=[N+]=NCC(O)Cn1cnc2c(Cl)ncnc21,1-azido-3-(6-chloropurin-9-yl)propan-2-ol,C8H8ClN7O
[N-]=[N+]=NCC(O)Cn1cnc2c(N)nc(N)nc21,"1-azido-3-(2,6-diaminopurin-9-yl)propan-2-ol",C8H11N9O
[N-]=[N+]=NCC(O)Cn1ncc2c(N)ncnc21,"1-(4-aminopyrazolo[3,4-d]pyrimidin-1-yl)-3-azidopropan-2-ol",C8H10N8O
[N-]=[N+]=NCC(O)Cn1cnc2c(N)ncnc21,1-(6-aminopurin-9-yl)-3-azidopropan-2-ol,C8H10N8O
[N-]=[N+]=NCC1OC(O)C(O)C(O)C1O,"6-(azidomethyl)oxane-2,3,4,5-tetrol",C6H11N3O5
[N-]=[N+]=NCC(O)c1ccccc1,2-azido-1-phenylethanol,C8H9N3O
[N-]=[N+]=NCCC(=O)O,3-azidopropanoic acid,C3H5N3O2
[N-]=[N+]=NCCC(N)C(=O)O,2-amino-4-azidobutanoic acid,C4H8N4O2
[N-]=[N+]=NCCO,2-azidoethanol,C2H5N3O
[N-]=[N+]=NCCC(c1ccccc1)c1ccccc1,(3-azido-1-phenylpropyl)benzene,C15H15N3
[N-]=[N+]=NC[C@@H](N)C(=O)O,(2R)-2-amino-3-azidopropanoic acid,C3H6N4O2
[N-]=[N+]=NCCc1ccccc1,2-azidoethylbenzene,C8H9N3
[N-]=[N+]=NC[C@@H](O)Cn1cnc2c(N)ncnc21,(2S)-1-(6-aminopurin-9-yl)-3-azidopropan-2-ol,C8H10N8O
[N-]=[N+]=NC[C@H](O)CO,"(2S)-3-azidopropane-1,2-diol",C3H7N3O2
[N-]=[N+]=NCc1ccccc1,azidomethylbenzene,C7H7N3
[N-]=[N+]=Nc1ccc(F)c([N+](=O)[O-])c1,4-azido-1-fluoro-2-nitrobenzene,C6H3FN4O2
[N-]=[N+]=Nc1ccc(Nc2c3ccccc3nc3ccccc23)cc1,N-(4-azidophenyl)acridin-9-amine,C19H13N5
[N-]=[N+]=Nc1ccc2c(Nc3ccc(NS(=O)(=O)CCCN)cc3)c3cc(N=[N+]=[N-])ccc3nc2c1,"3-amino-N-[4-[(2,6-diazidoacridin-9-yl)amino]phenyl]propane-1-sulfonamide",C22H20N10O2S
[N-]=[N+]=Nc1ccc2c(Nc3ccc(C(=O)O)cc3)c3ccccc3nc2c1,4-[(3-azidoacridin-9-yl)amino]benzoic acid,C20H13N5O2
[N-]=[N+]=Nc1ccc2c(Nc3ccc(NS(=O)(=O)CCCN)cc3)c3ccc(N=[N+]=[N-])cc3nc2c1,"3-amino-N-[4-[(3,6-diazidoacridin-9-yl)amino]phenyl]propane-1-sulfonamide",C22H20N10O2S
[N-]=[N+]=Nc1nc2ccccc2[nH]1,2-azido-1H-benzimidazole,C7H5N5
[O-][Cl+2]([O-])O,chloric acid,HClO3
[O-][Cl+3]([O-])([O-])[O-],perchlorate,ClO4-
[O-][N+](=Nc1ccc(Cl)c(Cl)c1)c1ccc(Cl)c(Cl)c1,"(3,4-dichlorophenyl)-(3,4-dichlorophenyl)imino-oxidoazanium",C12H6Cl4N2O
[O-][N+](=Nc1ccc2c(c1)Cc1ccccc1-2)c1ccc2c(c1)Cc1ccccc1-2,9H-fluoren-2-yl-(9H-fluoren-2-ylimino)-oxidoazanium,C26H18N2O
[O-][N+](=Nc1ccccc1)c1ccccc1,oxido-phenyl-phenyliminoazanium,C12H10N2O
[O-][N+](O)=C(Cl)Cl,,CHCl2NO2
[O-][N+](O)=C=Cc1ccccc1,2-nitroethenylbenzene,C8H7NO2
[O-][N+](O)=C=Cc1ccco1,2-(2-nitroethenyl)furan,C6H5NO3
[O-][N+](O)=CCO,,C2H5NO3
[O-][N+](O)=CCl,,CH2ClNO2
[O-][N+]([O-])=C1CCCC1,nitrocyclopentane,C5H8NO2-
[O-][n+]1c2ccc3ccccc3c2cc2c3ccccc3ccc21,"13-oxido-13-azoniapentacyclo[12.8.0.03,12.04,9.017,22]docosa-1(14),2,4,6,8,10,12,15,17,19,21-undecaene",C21H13NO
[O-][n+]1c2ccccc2c2ccc3cccc4ccc1c2c34,"8-oxido-8-azoniapentacyclo[10.6.2.02,7.09,19.016,20]icosa-1(19),2,4,6,8,10,12,14,16(20),17-decaene",C19H11NO
[O-][n+]1c2ccccc2nc2ccccc21,5-oxidophenazin-5-ium,C12H8N2O
[O-][n+]1cc2ccccc2cn1,2-oxidophthalazin-2-ium,C8H6N2O
[O-][n+]1cc2cccnc2cn1,"6-oxidopyrido[2,3-d]pyridazin-6-ium",C7H5N3O
[O-][n+]1cc2ncccc2cn1,"7-oxidopyrido[2,3-d]pyridazin-7-ium",C7H5N3O
[O-][n+]1cc2ccncc2cn1,"2-oxidopyrido[3,4-d]pyridazin-2-ium",C7H5N3O
[O-][n+]1cccc2c1C1OC1C=C2,"7-oxido-1a,7b-dihydrooxireno[2,3-h]quinolin-7-ium",C9H7NO2
[O-][n+]1ccc(NO)c2ccccc21,N-(1-hydroxyquinolin-4-ylidene)hydroxylamine,C9H8N2O2
[O-][n+]1cccc2c1C=CC1OC21,"4-oxido-1a,7b-dihydrooxireno[2,3-f]quinolin-4-ium",C9H7NO2
[O-][n+]1cccc2c3c(ccc21)C(O)C(O)C1OC31,"6-oxido-14-oxa-6-azoniatetracyclo[8.5.0.02,7.013,15]pentadeca-1(10),2(7),3,5,8-pentaene-11,12-diol",C13H11NO4
[O-][n+]1cccc2cccc(O)c21,1-oxidoquinolin-1-ium-8-ol,C9H7NO2
[O-][n+]1cccc2ccccc21,1-oxidoquinolin-1-ium,C9H7NO
c1c[nH]cn1,1H-imidazole,C3H4N2
c1cc(-c2cc3ccc(C4=NCCN4)cc3[nH]2)ccc1C1=NCCN1,"6-(4,5-dihydro-1H-imidazol-2-yl)-2-[4-(4,5-dihydro-1H-imidazol-2-yl)phenyl]-1H-indole",C20H19N5
c1cc(-c2ccncc2)ccn1,4-pyridin-4-ylpyridine,C10H8N2
c1cc(OCC2CO2)c2sncc2c1,"7-(oxiran-2-ylmethoxy)-1,2-benzothiazole",C10H9NO2S
c1cc(OCC2CO2)cc(OCC2CO2)c1,2-[[3-(oxiran-2-ylmethoxy)phenoxy]methyl]oxirane,C12H14O4
c1cc(OC[C@H]2CO2)cc(OC[C@H]2CO2)c1,(2R)-2-[[3-[[(2R)-oxiran-2-yl]methoxy]phenoxy]methyl]oxirane,C12H14O4
c1cc2c(cc1CC1CO1)OCO2,"5-(oxiran-2-ylmethyl)-1,3-benzodioxole",C10H10O3
c1cc2c(cc1C[C@@H]1CO1)OCO2,"5-[[(2R)-oxiran-2-yl]methyl]-1,3-benzodioxole",C10H10O3
c1cc2c3c(c1)C1NC1c1cccc(c1-3)C1NC21,"3,11-diazahexacyclo[7.7.2.02,4.05,18.010,12.013,17]octadeca-1(17),5(18),6,8,13,15-hexaene",C16H12N2
c1cc2c3c(c1)C1OC1c1cccc(c1-3)C1OC21,"3,11-dioxahexacyclo[7.7.2.02,4.05,18.010,12.013,17]octadeca-1(17),5(18),6,8,13,15-hexaene",C16H10O2
c1cc2c3c(c1)cc1ccc4cccc5cc(c3c1c45)CC2,"hexacyclo[11.7.1.14,20.02,11.03,8.017,21]docosa-1(21),2(11),3(8),4,6,9,12,14,16,20(22)-decaene",C22H14
c1cc2c3c(c1)ccc1cccc(c13)C2,"tetracyclo[10.2.1.05,14.08,13]pentadeca-1,3,5(14),6,8(13),9,11-heptaene",C15H10
c1cc2c3c(c4c(ccc5ccccc54)cc3c1)C1OC21,"19-oxahexacyclo[11.7.1.02,11.03,8.017,21.018,20]henicosa-1(21),2(11),3,5,7,9,12,14,16-nonaene",C20H12O
c1cc2c3c(c4ccc5ccccc5c4cc3c1)C1OC21,"19-oxahexacyclo[11.7.1.02,11.05,10.017,21.018,20]henicosa-1(21),2(11),3,5,7,9,12,14,16-nonaene",C20H12O
c1cc2c3c(cccc3c1)C1NC21,"3-azatetracyclo[7.3.1.02,4.05,13]trideca-1(12),5,7,9(13),10-pentaene",C12H9N
c1cc2c3c(cccc3c1)CC2,"1,2-dihydroacenaphthylene",C12H10
c1cc2c3c(cccc3c1)[C@H]1N[C@@H]21,,C12H9N
c1cc2cc3c4c(ccc5cc6c(c1CCC6)c2c54)CCC3,"hexacyclo[11.7.1.14,20.02,11.03,8.017,21]docosa-1(20),2(11),3(8),4(22),9,12,17(21),18-octaene",C22H18
c1cc2ccc3cc4c(c5ccc(c1)c2c35)C1OC1CC4,"4-oxahexacyclo[11.6.2.02,8.03,5.010,20.017,21]henicosa-1(20),2(8),9,11,13(21),14,16,18-octaene",C20H14O
c1cc2ccc3cc4c(c5ccc(c1)c2c35)CCC1OC41,"6-oxahexacyclo[11.6.2.02,8.05,7.010,20.017,21]henicosa-1(20),2(8),9,11,13(21),14,16,18-octaene",C20H14O
c1cc2ccc3cc4c(c5ccc(c1)c2c35)CC[C@H]1O[C@@H]41,"(5R,7S)-6-oxahexacyclo[11.6.2.02,8.05,7.010,20.017,21]henicosa-1(20),2(8),9,11,13(21),14,16,18-octaene",C20H14O
c1cc2ccc3cc4c(c5ccc(c1)c2c35)[C@@H]1O[C@@H]1CC4,"(3S,5R)-4-oxahexacyclo[11.6.2.02,8.03,5.010,20.017,21]henicosa-1(20),2(8),9,11,13(21),14,16,18-octaene",C20H14O
c1cc2ccc3cc4cccc5ccc6cc(c1)c2c3c6c54,"hexacyclo[11.7.1.14,20.02,11.03,8.017,21]docosa-1,3(8),4,6,9,11,13,15,17(21),18,20(22)-undecaene",C22H12
c1cc2ccc3cc4ccoc4c4ccc(c1)c2c34,"3-oxapentacyclo[9.6.2.02,6.08,18.015,19]nonadeca-1(18),2(6),4,7,9,11(19),12,14,16-nonaene",C18H10O
c1cc2ccc3cc4occc4c4ccc(c1)c2c34,"5-oxapentacyclo[9.6.2.02,6.08,18.015,19]nonadeca-1(18),2(6),3,7,9,11(19),12,14,16-nonaene",C18H10O
c1cc2ccc3ccc(C4CO4)c4ccc(c1)c2c34,2-pyren-1-yloxirane,C18H12O
c1cc2ccc3ccc([C@@H]4CO4)c4ccc(c1)c2c34,(2R)-2-pyren-1-yloxirane,C18H12O
c1cc2ccc3ccc4ccc5ccc6ccc1c1c2c3c4c5c61,coronene,C24H12
c1cc2ccc3ccc4ccc5cccc6c(c1)c2c3c4c56,"hexacyclo[12.8.0.02,11.03,8.04,21.017,22]docosa-1(14),2(11),3(8),4,6,9,12,15,17(22),18,20-undecaene",C22H12
c1cc2ccc3cccc4ccc(c1)c2c34,pyrene,C16H10
c1cc2ccc3cccc4ncc(c1)c2c34,benzo[lmn]phenanthridine,C15H9N
c1cc2ccc3ccnc4ccc(c1)c2c34,"5-azatetracyclo[6.6.2.04,16.011,15]hexadeca-1(14),2,4,6,8(16),9,11(15),12-octaene",C15H9N
c1cc2ccc3cncc4ccc(c1)c2c34,"6-azatetracyclo[6.6.2.04,16.011,15]hexadeca-1(15),2,4,6,8(16),9,11,13-octaene",C15H9N
c1cc2ccc3nc4ccccc4c4ccc(c1)c2c34,"8-azapentacyclo[10.6.2.02,7.09,19.016,20]icosa-1(19),2,4,6,8,10,12,14,16(20),17-decaene",C19H11N
c1cc2cccc3c4cccc5cccc(c(c1)c23)c54,perylene,C20H12
c1cc2cnncc2cn1,"pyrido[3,4-d]pyridazine",C7H5N3
c1cc2sncc2cc1OCC1CO1,"5-(oxiran-2-ylmethoxy)-1,2-benzothiazole",C10H9NO2S
c1cc2sncc2cc1OC[C@H]1CO1,,C10H9NO2S
c1cc[n+]2c(c1)-c1cccc[n+]1CC2,"7,10-diazoniatricyclo[8.4.0.02,7]tetradeca-1(14),2,4,6,10,12-hexaene",C12H12N2+2
c1cc[nH]c1,1H-pyrrole,C4H5N
c1ccc(-c2ccc(-c3ccccc3)cc2)cc1,"1,4-diphenylbenzene",C18H14
c1ccc(-c2ccc(C3CO3)cc2)cc1,2-(4-phenylphenyl)oxirane,C14H12O
c1ccc(-c2ccc(CC3CO3)cc2)cc1,2-[(4-phenylphenyl)methyl]oxirane,C15H14O
c1ccc(-c2ccc(CCC3CO3)cc2)cc1,2-[2-(4-phenylphenyl)ethyl]oxirane,C16H16O
c1ccc(-c2ccc(CC[C@H]3CO3)cc2)cc1,(2S)-2-[2-(4-phenylphenyl)ethyl]oxirane,C16H16O
c1ccc(-c2ccc(OCC3CO3)cc2)cc1,2-[(4-phenylphenoxy)methyl]oxirane,C15H14O2
c1ccc(-c2ccc([C@@H]3CO3)cc2)cc1,(2R)-2-(4-phenylphenyl)oxirane,C14H12O
c1ccc(-c2cccc(-c3ccccc3)c2)cc1,"1,3-diphenylbenzene",C18H14
c1ccc(-c2cccc(-c3ccccn3)n2)nc1,"2,6-dipyridin-2-ylpyridine",C15H11N3
c1ccc(-c2ccccc2-c2ccccc2)cc1,"1,2-diphenylbenzene",C18H14
c1ccc(-c2ccccc2)cc1,"1,1'-biphenyl",C12H10
c1ccc(-c2ccccn2)nc1,2-pyridin-2-ylpyridine,C10H8N2
c1ccc(-c2ccccc2OCC2CO2)cc1,2-[(2-phenylphenoxy)methyl]oxirane,C15H14O2
c1ccc(-c2cccnc2)nc1,2-pyridin-3-ylpyridine,C10H8N2
c1ccc(-c2ccncc2)nc1,2-pyridin-4-ylpyridine,C10H8N2
c1ccc(-c2nc3ccccc3o2)cc1,"2-phenyl-1,3-benzoxazole",C13H9NO
c1ccc(-c2nc(-c3ccccc3)c(-c3ccccc3)[nH]2)cc1,"2,4,5-triphenyl-1H-imidazole",C21H16N2
c1ccc(C2CO2)cc1,2-phenyloxirane,C8H8O
c1ccc(C(c2ccccc2)c2ccccc2)cc1,benzhydrylbenzene,C19H16
c1ccc(C2NC2c2ccccc2)cc1,"2,3-diphenylaziridine",C14H13N
c1ccc(C2OC2c2ccccc2)cc1,"2,3-diphenyloxirane",C14H12O
c1ccc(CC2CO2)cc1,2-benzyloxirane,C9H10O
c1ccc(CCC2CO2)cc1,2-(2-phenylethyl)oxirane,C10H12O
c1ccc(CN2C3c4ccccc4-c4ccccc4C32)cc1,"1-benzyl-1a,9b-dihydrophenanthro[9,10-b]azirine",C21H17N
c1ccc(CN2CCN=N2)cc1,"1-benzyl-4,5-dihydrotriazole",C9H11N3
c1ccc(CNc2[nH]cnc3ncnc2-3)cc1,N-benzyl-7H-purin-6-amine,C12H11N5
c1ccc(COCC2CO2)cc1,2-(phenylmethoxymethyl)oxirane,C10H12O2
c1ccc(COCc2ccccc2)cc1,phenylmethoxymethylbenzene,C14H14O
c1ccc(CSCc2ccccc2)cc1,benzylsulfanylmethylbenzene,C14H14S
c1ccc(CSSCc2ccccc2)cc1,(benzyldisulfanyl)methylbenzene,C14H14S2
c1ccc(Cc2ccc(CC3CO3)cc2)cc1,2-[(4-benzylphenyl)methyl]oxirane,C16H16O
c1ccc(Cc2ccc(C[C@H]3CO3)cc2)cc1,(2S)-2-[(4-benzylphenyl)methyl]oxirane,C16H16O
c1ccc(Cc2ccc(OCC3CO3)cc2)cc1,2-[(4-benzylphenoxy)methyl]oxirane,C16H16O2
c1ccc(Cc2ccccc2OCC2CO2)cc1,2-[(2-benzylphenoxy)methyl]oxirane,C16H16O2
c1ccc(Cn2ccnc2)cc1,1-benzylimidazole,C10H10N2
c1ccc(N(c2ccccc2)c2ccccc2)cc1,"N,N-diphenylaniline",C18H15N
c1ccc(N2CCNCC2)cc1,1-phenylpiperazine,C10H14N2
c1ccc(N=NNc2ccccc2)cc1,N-phenyldiazenylaniline,C12H11N3
c1ccc(N=Nc2ccccc2)cc1,diphenyldiazene,C12H10N2
c1ccc(NNc2ccccc2)cc1,"1,2-diphenylhydrazine",C12H12N2
c1ccc(Nc2ccc(Nc3ccccc3)cc2)cc1,"1-N,4-N-diphenylbenzene-1,4-diamine",C18H16N2
c1ccc(Nc2ccc3ccccc3c2)cc1,N-phenylnaphthalen-2-amine,C16H13N
c1ccc(Nc2ccccc2)cc1,N-phenylaniline,C12H11N
c1ccc(Nc2cccc3ccccc23)cc1,N-phenylnaphthalen-1-amine,C16H13N
c1ccc(OC2CO2)cc1,2-phenoxyoxirane,C8H8O2
c1ccc(OCC2CO2)cc1,2-(phenoxymethyl)oxirane,C9H10O2
c1ccc(OC[C@H]2CO2)cc1,(2R)-2-(phenoxymethyl)oxirane,C9H10O2
c1ccc(OP(Oc2ccccc2)Oc2ccccc2)cc1,triphenyl phosphite,C18H15O3P
c1ccc(Oc2ccccc2)cc1,phenoxybenzene,C12H10O
c1ccc(P(c2ccccc2)c2ccccc2)cc1,triphenylphosphane,C18H15P
c1ccc([C@H]2CO2)cc1,(2S)-2-phenyloxirane,C8H8O
c1ccc(SCCSc2ccccc2)cc1,2-phenylsulfanylethylsulfanylbenzene,C14H14S2
c1ccc([C@H]2N[C@@H]2c2ccccc2)cc1,"(2R,3R)-2,3-diphenylaziridine",C14H13N
c1ccc2[nH]c(-c3cscn3)nc2c1,"4-(1H-benzimidazol-2-yl)-1,3-thiazole",C10H7N3S
c1ccc2[nH]ccc2c1,1H-indole,C8H7N
c1ccc2[nH]cnc2c1,1H-benzimidazole,C7H6N2
c1ccc2[nH]nnc2c1,2H-benzotriazole,C6H5N3
c1ccc2c(C3CO3)c3ccc4ccccc4c3cc2c1,2-benzo[a]anthracen-7-yloxirane,C20H14O
c1ccc2c(C3CO3)c3ccccc3cc2c1,2-anthracen-9-yloxirane,C16H12O
c1ccc2c(CCC3CO3)cccc2c1,2-(2-naphthalen-1-ylethyl)oxirane,C14H14O
c1ccc2c(CC3CO3)cccc2c1,2-(naphthalen-1-ylmethyl)oxirane,C13H12O
c1ccc2c(OCC3CO3)cccc2c1,2-(naphthalen-1-yloxymethyl)oxirane,C13H12O2
c1ccc2c(COCC3CO3)cccc2c1,2-(naphthalen-1-ylmethoxymethyl)oxirane,C14H14O2
c1ccc2c(OCC3CO3)nsc2c1,"3-(oxiran-2-ylmethoxy)-1,2-benzothiazole",C10H9NO2S
c1ccc2c([C@@H]3CO3)c3ccc4ccccc4c3cc2c1,(2R)-2-benzo[a]anthracen-7-yloxirane,C20H14O
c1ccc2c([C@@H]3CO3)c3ccccc3cc2c1,(2R)-2-anthracen-9-yloxirane,C16H12O
c1ccc2c(c1)-c1c(c3ccccc3c3ccccc13)C1NC21,"16-azahexacyclo[12.9.0.02,7.08,13.015,17.018,23]tricosa-1(14),2,4,6,8,10,12,18,20,22-decaene",C22H15N
c1ccc2c(c1)-c1c(c3ccccc3c3ccccc13)C1OC21,"16-oxahexacyclo[12.9.0.02,7.08,13.015,17.018,23]tricosa-1(14),2,4,6,8,10,12,18,20,22-decaene",C22H14O
c1ccc2c(c1)-c1c(c3ccccc3c3ccccc13)[C@H]1N[C@@H]21,"(15R,17S)-16-azahexacyclo[12.9.0.02,7.08,13.015,17.018,23]tricosa-1(14),2,4,6,8,10,12,18,20,22-decaene",C22H15N
c1ccc2c(c1)-c1c(c3ccccc3c3ccccc13)[C@H]1O[C@@H]21,"(15R,17S)-16-oxahexacyclo[12.9.0.02,7.08,13.015,17.018,23]tricosa-1(14),2,4,6,8,10,12,18,20,22-decaene",C22H14O
c1ccc2c(c1)-c1c(ccc3ccccc13)C1NC21,"3-azapentacyclo[9.8.0.02,4.05,10.012,17]nonadeca-1(11),5,7,9,12,14,16,18-octaene",C18H13N
c1ccc2c(c1)-c1c(ccc3ccccc13)C1OC21,"3-oxapentacyclo[9.8.0.02,4.05,10.012,17]nonadeca-1(11),5,7,9,12,14,16,18-octaene",C18H12O
c1ccc2c(c1)-c1c(ccc3ccccc13)[C@@H]1N[C@H]21,"(2S,4R)-3-azapentacyclo[9.8.0.02,4.05,10.012,17]nonadeca-1(11),5,7,9,12,14,16,18-octaene",C18H13N
c1ccc2c(c1)-c1c(ccc3ccccc13)[C@@H]1O[C@H]21,"(2S,4R)-3-oxapentacyclo[9.8.0.02,4.05,10.012,17]nonadeca-1(11),5,7,9,12,14,16,18-octaene",C18H12O
c1ccc2c(c1)-c1cc3c(cc1C1NC21)-c1ccccc1C1NC31,"5,17-diazaheptacyclo[13.9.0.03,13.04,6.07,12.016,18.019,24]tetracosa-1(15),2,7,9,11,13,19,21,23-nonaene",C22H16N2
c1ccc2c(c1)-c1cc3c(ccc4ccccc43)nc1C1OC21,"16-oxa-13-azahexacyclo[12.9.0.03,12.04,9.015,17.018,23]tricosa-1(14),2,4,6,8,10,12,18,20,22-decaene",C21H13NO
c1ccc2c(c1)-c1cc3c(cc1C1OC21)-c1ccccc1C1OC31,"5,17-dioxaheptacyclo[13.9.0.03,13.04,6.07,12.016,18.019,24]tetracosa-1(15),2,7,9,11,13,19,21,23-nonaene",C22H14O2
c1ccc2c(c1)-c1cc3ccc4ccccc4c3cc1C1OC21,"22-oxahexacyclo[12.9.0.03,12.04,9.015,20.021,23]tricosa-1(14),2,4,6,8,10,12,15,17,19-decaene",C22H14O
c1ccc2c(c1)-c1cc3ccc4ccccc4c3cc1C1NC21,"22-azahexacyclo[12.9.0.03,12.04,9.015,20.021,23]tricosa-1(14),2,4,6,8,10,12,15,17,19-decaene",C22H15N
c1ccc2c(c1)-c1cc3ccccc3c3cc4c(c-2c13)CCCC4,"hexacyclo[14.7.1.02,7.08,24.09,14.017,22]tetracosa-1(23),2,4,6,8,14,16(24),17,19,21-decaene",C24H18
c1ccc2c(c1)-c1cc3ccc4ccccc4c3cc1[C@H]1O[C@@H]21,"(21S,23R)-22-oxahexacyclo[12.9.0.03,12.04,9.015,20.021,23]tricosa-1(14),2,4,6,8,10,12,15,17,19-decaene",C22H14O
c1ccc2c(c1)-c1cc3ccccc3c3cc4ccccc4c-2c13,"hexacyclo[14.7.1.02,7.08,24.09,14.017,22]tetracosa-1(23),2,4,6,8(24),9,11,13,15,17,19,21-dodecaene",C24H14
c1ccc2c(c1)-c1cc3ccccc3cc1C1NC21,"3-azapentacyclo[9.8.0.02,4.05,10.013,18]nonadeca-1(19),5,7,9,11,13,15,17-octaene",C18H13N
c1ccc2c(c1)-c1cc3ccccc3cc1C1OC21,"3-oxapentacyclo[9.8.0.02,4.05,10.013,18]nonadeca-1(19),5,7,9,11,13,15,17-octaene",C18H12O
c1ccc2c(c1)-c1ccc3ccc4cccc5cc-2c1c3c45,"hexacyclo[16.3.1.02,7.08,21.011,20.014,19]docosa-1(22),2,4,6,8(21),9,11(20),12,14(19),15,17-undecaene",C22H12
c1ccc2c(c1)-c1ccc3c4c1c-2cc1cccc(c14)C1OC31,"13-oxaheptacyclo[17.3.1.02,7.08,22.011,21.012,14.015,20]tricosa-1(23),2,4,6,8(22),9,11(21),15,17,19-decaene",C22H12O
c1ccc2c(c1)-c1ccc3ccccc3c1C1NC21,"3-azapentacyclo[9.8.0.02,4.05,10.014,19]nonadeca-1(11),5,7,9,12,14,16,18-octaene",C18H13N
c1ccc2c(c1)-c1ccc3ccccc3c1C1OC21,"3-oxapentacyclo[9.8.0.02,4.05,10.014,19]nonadeca-1(11),5,7,9,12,14,16,18-octaene",C18H12O
c1ccc2c(c1)-c1ccc3ccccc3c1[C@H]1N[C@@H]21,"(2R,4S)-3-azapentacyclo[9.8.0.02,4.05,10.014,19]nonadeca-1(11),5,7,9,12,14,16,18-octaene",C18H13N
c1ccc2c(c1)-c1cccc3c1c-2cc1ccccc13,"pentacyclo[10.7.1.02,7.08,20.013,18]icosa-1(19),2(7),3,5,8(20),9,11,13,15,17-decaene",C20H12
c1ccc2c(c1)-c1cccc3cccc-2c13,fluoranthene,C16H10
c1ccc2c(c1)-c1cccc3cc4ccccc4c-2c13,"pentacyclo[10.7.1.02,7.08,20.014,19]icosa-1(20),2,4,6,8,10,12,14,16,18-decaene",C20H12
c1ccc2c(c1)-c1ccccc1C1C2N1C1CCCCC1,"1-cyclohexyl-1a,9b-dihydrophenanthro[9,10-b]azirine",C20H21N
c1ccc2c(c1)-c1ccccc1C1OC21,"1a,9b-dihydrophenanthro[9,10-b]oxirene",C14H10O
c1ccc2c(c1)-c1ccccc1C1NC21,"1a,9b-dihydro-1H-phenanthro[9,10-b]azirine",C14H11N
c1ccc2c(c1)C1CCCCC1C1OC21,"1a,1b,2,3,4,5,5a,9b-octahydrophenanthro[9,10-b]oxirene",C14H16O
c1ccc2c(c1)-c1nc3ccccc3c3c1c-2nc1ccccc13,"9,23-diazahexacyclo[14.7.1.02,7.08,24.010,15.017,22]tetracosa-1(23),2,4,6,8,10,12,14,16(24),17,19,21-dodecaene",C22H12N2
c1ccc2c(c1)C1OOC2c2ccccc21,"15,16-dioxatetracyclo[6.6.2.02,7.09,14]hexadeca-2,4,6,9,11,13-hexaene",C14H10O2
c1ccc2c(c1)CCC1CCCC3OC213,"15-oxatetracyclo[8.5.0.01,14.02,7]pentadeca-2,4,6-triene",C14H16O
c1ccc2c(c1)CCC1CCCCC21,"1,2,3,4,4a,9,10,10a-octahydrophenanthrene",C14H18
c1ccc2c(c1)CCCC2,"1,2,3,4-tetrahydronaphthalene",C10H12
c1ccc2c(c1)CCNC2,"1,2,3,4-tetrahydroisoquinoline",C9H11N
c1ccc2c(c1)CCc1cc3ccc4c(c3cc1-2)CCCC4,"pentacyclo[12.8.0.03,12.04,9.017,22]docosa-1,3(12),4,6,8,13,15,17(22)-octaene",C22H20
c1ccc2c(c1)COC2,"1,3-dihydro-2-benzofuran",C8H8O
c1ccc2c(c1)Cc1c(c3ccccc3c3ccccc13)C2,"9,14-dihydrobenzo[b]triphenylene",C22H16
c1ccc2c(c1)Cc1c-2ccc2ccc3ccccc3c12,"pentacyclo[11.8.0.02,10.04,9.016,21]henicosa-1(13),2(10),4,6,8,11,14,16,18,20-decaene",C21H14
c1ccc2c(c1)Cc1ccc3ccc4ccccc4c3c1-2,"pentacyclo[11.8.0.02,10.03,8.016,21]henicosa-1(13),2(10),3,5,7,11,14,16,18,20-decaene",C21H14
c1ccc2c(c1)Cc1ccccc1-2,9H-fluorene,C13H10
c1ccc2c(c1)Nc1ccccc1S2,10H-phenothiazine,C12H9NS
c1ccc2c(c1)OCCOCCOCCOCCO2,"2,5,8,11,14-pentaoxabicyclo[13.4.0]nonadeca-1(19),15,17-triene",C14H20O5
c1ccc2c(c1)Oc1ccccc1O2,dibenzo-p-dioxin,C12H8O2
c1ccc2c(c1)Oc1ccccc1S2,phenoxathiine,C12H8OS
c1ccc2c(c1)[nH]c1ccccc12,9H-carbazole,C12H9N
c1ccc2c(c1)[nH]c1cnccc12,"9H-pyrido[3,4-b]indole",C11H8N2
c1ccc2c(c1)c1cccc3ccc4cccc2c4c31,benzo[e]pyrene,C20H12
c1ccc2c(c1)c1ccccc1c1cc3cnccc3cc21,"phenanthro[9,10-g]isoquinoline",C21H13N
c1ccc2c(c1)c1ccccc1c1ccccc21,triphenylene,C18H12
c1ccc2c(c1)cc(C1CO1)c1ccccc12,2-phenanthren-9-yloxirane,C16H12O
c1ccc2c(c1)cc([C@@H]1CO1)c1ccccc12,(2R)-2-phenanthren-9-yloxirane,C16H12O
c1ccc2c(c1)cc1c3c2ccc2cccc(c23)C1,"pentacyclo[14.2.1.03,8.09,18.012,17]nonadeca-1,3,5,7,9(18),10,12(17),13,15-nonaene",C19H12
c1ccc2c(c1)cc1c3c2ccc2cccc(c23)C2NC12,"18-azahexacyclo[10.7.2.03,8.09,20.016,21.017,19]henicosa-1,3,5,7,9(20),10,12(21),13,15-nonaene",C20H13N
c1ccc2c(c1)cc1c3ccccc3c3cccc4ccc2c1c43,"hexacyclo[10.10.2.02,7.08,24.015,23.016,21]tetracosa-1(22),2,4,6,8,10,12(24),13,15(23),16,18,20-dodecaene",C24H14
c1ccc2c(c1)cc1c3c2ccc2cccc(c23)C2OC12,"18-oxahexacyclo[10.7.2.03,8.09,20.016,21.017,19]henicosa-1,3,5,7,9(20),10,12(21),13,15-nonaene",C20H12O
c1ccc2c(c1)cc1ccc3cccc4c5ccccc5c2c1c34,"hexacyclo[10.10.2.02,7.08,24.015,23.017,22]tetracosa-1(23),2,4,6,8,10,12(24),13,15,17,19,21-dodecaene",C24H14
c1ccc2c(c1)cc1ccc3cc4ccccc4c4ccc2c1c34,"hexacyclo[10.10.2.02,7.09,23.014,19.020,24]tetracosa-1(23),2,4,6,8,10,12,14,16,18,20(24),21-dodecaene",C24H14
c1ccc2c(c1)cc1ccc3cccc4ncc2c1c34,"17-azapentacyclo[10.6.2.02,7.09,19.016,20]icosa-1(19),2,4,6,8,10,12(20),13,15,17-decaene",C19H11N
c1ccc2c(c1)cc1ccc3cccc4ccc2c1c34,benzo[a]pyrene,C20H12
c1ccc2c(c1)cc1sc3cccc4ccc2c1c43,"19-thiapentacyclo[14.2.1.03,8.09,18.012,17]nonadeca-1,3,5,7,9(18),10,12(17),13,15-nonaene",C18H10S
c1ccc2c(c1)ccc1[nH]c3ccc4ccccc4c3c12,"12-azapentacyclo[11.8.0.02,11.03,8.016,21]henicosa-1(13),2(11),3,5,7,9,14,16,18,20-decaene",C20H13N
c1ccc2c(c1)ccc1c2ccc2c3ccccc3ccc21,picene,C22H14
c1ccc2c(c1)ccc1c2ccc2ccc3ccccc3c21,"pentacyclo[12.8.0.02,11.03,8.015,20]docosa-1(14),2(11),3,5,7,9,12,15,17,19,21-undecaene",C22H14
c1ccc2c(c1)ccc1c2ccc2cccnc21,"naphtho[1,2-h]quinoline",C17H11N
c1ccc2c(c1)ccc1c3c(ccc12)CCC3,"16,17-dihydro-15H-cyclopenta[a]phenanthrene",C17H14
c1ccc2c(c1)ccc1c3ccccc3c(C3CO3)cc21,2-chrysen-6-yloxirane,C20H14O
c1ccc2c(c1)ccc1c3ccccc3c([C@@H]3CO3)cc21,(2R)-2-chrysen-6-yloxirane,C20H14O
c1ccc2c(c1)ccc1c3ccccc3ccc21,chrysene,C18H12
c1ccc2c(c1)ccc1c3ccccc3sc21,"naphtho[1,2-b][1]benzothiole",C16H10S
c1ccc2c(c1)ccc1c3cccnc3ccc21,"naphtho[2,1-f]quinoline",C17H11N
c1ccc2c(c1)ccc1c3ccncc3ccc21,"naphtho[2,1-f]isoquinoline",C17H11N
c1ccc2c(c1)ccc1cc3c(cc12)c1c(c2ccccc23)O1,"22-oxahexacyclo[12.9.0.03,12.04,9.015,20.021,23]tricosa-1(14),2,4,6,8,10,12,15,17,19,21(23)-undecaene",C22H12O
c1ccc2c(c1)ccc1cc3c(ccc4ccccc43)cc12,"naphtho[1,2-b]phenanthrene",C22H14
c1ccc2c(c1)ccc1cc3c(ccc4ccncc43)cc12,"phenanthro[3,2-h]isoquinoline",C21H13N
c1ccc2c(c1)ccc1cc3ccc4ccccc4c3cc12,"pentacyclo[12.8.0.03,12.04,9.017,22]docosa-1(14),2,4,6,8,10,12,15,17,19,21-undecaene",C22H14
c1ccc2c(c1)ccc1cc3ccc4ccncc4c3cc12,"6-azapentacyclo[12.8.0.03,12.04,9.017,22]docosa-1,3(12),4(9),5,7,10,13,15,17,19,21-undecaene",C21H13N
c1ccc2c(c1)ccc1cc3ccc4ccccc4c3nc12,"2-azapentacyclo[12.8.0.03,12.04,9.017,22]docosa-1,3(12),4,6,8,10,13,15,17,19,21-undecaene",C21H13N
c1ccc2c(c1)ccc1ccc3c(c12)CCC3,"2,3-dihydro-1H-cyclopenta[c]phenanthrene",C17H14
c1ccc2c(c1)ccc1cc3cnccc3cc12,"naphtho[1,2-g]isoquinoline",C17H11N
c1ccc2c(c1)ccc1ccccc12,phenanthrene,C14H10
c1ccc2c(c1)ccc1cccnc12,benzo[h]quinoline,C13H9N
c1ccc2c(c1)ccc1nc3c(ccc4ccccc43)cc12,"2-azapentacyclo[12.8.0.03,12.04,9.015,20]docosa-1(14),2,4,6,8,10,12,15,17,19,21-undecaene",C21H13N
c1ccc2c(c1)ccc1nc3ccc4c(c3cc12)CCCC4,"13-azapentacyclo[12.8.0.03,12.04,9.017,22]docosa-1(14),2,4,6,8,10,12,15,17(22)-nonaene",C21H17N
c1ccc2c(c1)ccc1nc3ccc4ccccc4c3cc12,"13-azapentacyclo[12.8.0.03,12.04,9.017,22]docosa-1(14),2,4,6,8,10,12,15,17,19,21-undecaene",C21H13N
c1ccc2c(c1)ccc1ncccc12,benzo[f]quinoline,C13H9N
c1ccc2c(c1)cnc1ccccc12,phenanthridine,C13H9N
c1ccc2c(c1)ncc1cnc3ccccc3c12,"quinolino[3,4-c]quinoline",C16H10N2
c1ccc2c(c1)oc1ccccc12,dibenzofuran,C12H8O
c1ccc2c3c(ccc2c1)-c1cccc2cccc-3c12,"pentacyclo[10.7.1.02,11.03,8.016,20]icosa-1(19),2(11),3,5,7,9,12,14,16(20),17-decaene",C20H12
c1ccc2c3c(ccc2c1)Cc1c(ccc2ccccc12)C3,"7,14-dihydronaphtho[1,2-b]phenanthrene",C22H16
c1ccc2c3c4c(cc5ccccc5c4cc2c1)C1=C3CCCC1,"hexacyclo[14.7.1.02,7.08,24.09,14.017,22]tetracosa-1(23),2(7),8(24),9,11,13,15,17,19,21-decaene",C24H18
c1ccc2c3c4c(cc5ccccc5c4cc2c1)C1OC31,"3-oxahexacyclo[11.7.1.02,4.05,21.06,11.014,19]henicosa-1(20),5(21),6,8,10,12,14,16,18-nonaene",C20H12O
c1ccc2c3c4c(cc5ccccc5c4cc2c1)[C@@H]1O[C@H]31,,C20H12O
c1ccc2c3c4c(ccc5cccc(c54)C4OC34)cc2c1,"18-oxahexacyclo[10.7.2.02,7.09,20.016,21.017,19]henicosa-1(20),2,4,6,8,10,12(21),13,15-nonaene",C20H12O
c1ccc2c3c4c(ccc5cccc(c54)[C@H]4O[C@@H]34)cc2c1,"(17R,19S)-18-oxahexacyclo[10.7.2.02,7.09,20.016,21.017,19]henicosa-1(20),2,4,6,8,10,12(21),13,15-nonaene",C20H12O
c1ccc2cc(C3CO3)ccc2c1,2-naphthalen-2-yloxirane,C12H10O
c1ccc2cc(Nc3ccc(Nc4ccc5ccccc5c4)cc3)ccc2c1,"1-N,4-N-dinaphthalen-2-ylbenzene-1,4-diamine",C26H20N2
c1ccc2cc(OCC3CO3)ccc2c1,2-(naphthalen-2-yloxymethyl)oxirane,C13H12O2
c1ccc2cc([C@@H]3CO3)ccc2c1,(2R)-2-naphthalen-2-yloxirane,C12H10O
c1ccc2cc3c(cc2c1)-c1cccc2cccc-3c12,benzo[k]fluoranthene,C20H12
c1ccc2cc3c(cc2c1)c1c(c2ccccc23)O1,"3-oxapentacyclo[9.8.0.02,4.05,10.013,18]nonadeca-1(19),2(4),5,7,9,11,13,15,17-nonaene",C18H10O
c1ccc2cc3c(cc4c5c(cccc53)C3OC43)cc2c1,"15-oxahexacyclo[11.7.1.02,11.04,9.014,16.017,21]henicosa-1(21),2,4,6,8,10,12,17,19-nonaene",C20H12O
c1ccc2cc3c(ccc4c5ccccc5ccc34)cc2c1,"pentacyclo[12.8.0.02,11.04,9.015,20]docosa-1(14),2,4,6,8,10,12,15,17,19,21-undecaene",C22H14
c1ccc2cc3c(ccc4ccccc43)cc2c1,benzo[a]anthracene,C18H12
c1ccc2cc3c(ccc4cccnc43)cc2c1,"naphtho[2,3-h]quinoline",C17H11N
c1ccc2cc3c(ccc4ccncc43)cc2c1,"naphtho[2,3-h]isoquinoline",C17H11N
c1ccc2cc3c4ccccc4c4ccccc4c3cc2c1,benzo[b]triphenylene,C22H14
c1ccc2cc3cc4ccccc4cc3cc2c1,tetracene,C18H12
c1ccc2cc3ccccc3cc2c1,anthracene,C14H10
c1ccc2ccccc2c1,naphthalene,C10H8
c1ccc2cnccc2c1,isoquinoline,C9H7N
c1ccc2cnncc2c1,phthalazine,C8H6N2
c1ccc2nc3c(cc2c1)-c1cccc2cccc-3c12,"acenaphthyleno[2,1-b]quinoline",C19H11N
c1ccc2nc3c4ccccc4c4ccccc4c3cc2c1,"phenanthro[9,10-b]quinoline",C21H13N
c1ccc2nc3ccccc3cc2c1,acridine,C13H9N
c1ccc2ncccc2c1,quinoline,C9H7N
c1ccc2occc2c1,1-benzofuran,C8H6O
c1ccc2nccnc2c1,quinoxaline,C8H6N2
c1ccc2sc(SN3CCOCC3)nc2c1,"4-(1,3-benzothiazol-2-ylsulfanyl)morpholine",C11H12N2OS2
c1ccc2sc(SNC3CCCCC3)nc2c1,"N-(1,3-benzothiazol-2-ylsulfanyl)cyclohexanamine",C13H16N2S2
c1ccc2sc(SSc3nc4ccccc4s3)nc2c1,"2-(1,3-benzothiazol-2-yldisulfanyl)-1,3-benzothiazole",C14H8N2S4
c1ccc2sncc2c1,"1,2-benzothiazole",C7H5NS
c1ccc2scnc2c1,"1,3-benzothiazole",C7H5NS
c1ccncc1,pyridine,C5H5N
c1ccccc1,benzene,C6H6
c1ccoc1,furan,C4H4O
c1ccsc1,thiophene,C4H4S
c1cnc2c(c1)-c1ncsc1CC2,"4,5-dihydro-[1,3]thiazolo[4,5-f]quinoline",C10H8N2S
c1cnc2c(c1)C1OC1C1OC21,"3,6-dioxa-9-azatetracyclo[6.4.0.02,4.05,7]dodeca-1(8),9,11-triene",C9H7NO2
c1cnc2c(c1)C1OC1CC2,"1a,2,3,7b-tetrahydrooxireno[2,3-f]quinoline",C9H9NO
c1cnc2c(c1)CCC1OC21,"1a,2,3,7b-tetrahydrooxireno[2,3-h]quinoline",C9H9NO
c1cnc2c(c1)ccc1c2ccc2cccnc21,"quinolino[8,7-h]quinoline",C16H10N2
c1cnc2c(c1)ccc1cc[nH]c12,"1H-pyrrolo[3,2-h]quinoline",C11H8N2
c1cnc2c(c1)ccc1c3cccnc3ccc12,"quinolino[7,8-f]quinoline",C16H10N2
c1cnc2c(c1)ccc1cccnc12,"1,10-phenanthroline",C12H8N2
c1cnc2c(c1)ccc1ncccc12,"1,7-phenanthroline",C12H8N2
c1cnc2c3c(ccc2c1)CCC1OC31,"14-oxa-3-azatetracyclo[8.5.0.02,7.013,15]pentadeca-1(10),2(7),3,5,8-pentaene",C13H11NO
c1cnc2c3c(ccc2c1)C1OC1CC3,"12-oxa-3-azatetracyclo[8.5.0.02,7.011,13]pentadeca-1(10),2(7),3,5,8-pentaene",C13H11NO
c1cnc2ccc3c(c2c1)C1OC1CC3,"14-oxa-6-azatetracyclo[8.5.0.02,7.013,15]pentadeca-1(10),2(7),3,5,8-pentaene",C13H11NO
c1cnc2ccc3c(c2c1)CCC1OC31,"12-oxa-6-azatetracyclo[8.5.0.02,7.011,13]pentadeca-1(10),2(7),3,5,8-pentaene",C13H11NO
c1cnccn1,pyrazine,C4H4N2
c1cnc2cnncc2c1,"pyrido[2,3-d]pyridazine",C7H5N3
c1csc(-c2nc(N3CCOCC3)c3ccccc3n2)c1,4-(2-thiophen-2-ylquinazolin-4-yl)morpholine,C16H15N3OS
c1cscn1,"1,3-thiazole",C3H3NS
c1scc2c1-c1cscc1C1NC21,"7,12-dithia-3-azatetracyclo[8.3.0.02,4.05,9]trideca-1(13),5,8,10-tetraene",C10H7NS2
c1scc2c1-c1cscc1C1OC21,"3-oxa-7,12-dithiatetracyclo[8.3.0.02,4.05,9]trideca-1(13),5,8,10-tetraene",C10H6OS2
