SMILES,covered_by_medex,fact_count
O=c1c2cc(O)ccc2oc2cc(O)cc(O)c12,True,114
Nc1ccc2c(c1)-c1cccc3cccc-2c13,True,3
C=C(C)[C@H]1CC=C(C)[C@@H](OC(C)=O)C1,False,0
c1cc2c(cc1C[C@@H]1CO1)OCO2,False,0
c1cc[nH]c1,True,7470
CC(C)[C@@H]1CC[C@@H](C)CC1=O,True,828
O=[N+]([O-])c1ccc2c3c1ccc1cccc(c13)C(O)C2O,True,9
O=c1c2cccc3ccc4c5ccccc5cc1c4c32,True,4
CCC(CCC(C)=O)COC(=O)CCCCC(=O)O,False,0
CCCC(C)=O,True,935
CN(C)Cc1ccccc1,True,204
C/C=C\c1ccc(O)c(OC)c1,True,33
CCNc1nc(O)nc(NC(C)C)n1,True,37
C#CC1(O)CCC2C3CCc4cc(OC)ccc4C3CCC21C,False,0
CN(C)c1ccc(N=Nc2ccc(OC3OC(CO)C(O)C(O)C3O)cc2)cc1,False,0
CC(=O)OC1CC2C(COC(=O)CC(C)C)=COC(OC(=O)CC(C)C)C2C12CO2,True,33
CC(Br)(CCl)CBr,True,11
N=C(Nc1ccccc1)Nc1ccccc1,True,169
OCC(O)C(O)C(OC1OC(CO)C(O)C(O)C1O)C(O)CO,False,0
c1ccc2[nH]cnc2c1,True,5506
OCC1OC(n2cnc3c(NO)ncnc32)C(O)C1O,False,0
OCCCc1ccccc1,True,220
O=C(Nc1cccc([N+](=O)[O-])c1)c1csc([N+](=O)[O-])c1,False,0
OCc1cc2ccccc2c2ccc3ccccc3c12,True,89
CC(=O)N(C)C,True,2198
[O-][N+]([O-])=C1CCCC1,False,0
Cc1ccc([N+](=O)[O-])cc1N=[N+]([O-])c1cc([N+](=O)[O-])ccc1C,True,9
Cc1ccc2c3c1ccc1cccc(c13)C2,True,1
CC(NC(=O)Cc1cnc(C)nc1N)=C(CCOC(=O)c1ccccc1)SC(=O)c1ccccc1,False,0
NC(Cc1ccc(F)cc1)C(=O)O,True,141
CC(=O)N/N=C/C1=CN(O)c2ccccc2N1O,False,0
Nc1ccc2c(c1)-c1ccccc1C2,True,21
CS(C)(=O)=O,True,412
S=C=S,True,3069
CCOS(=O)(=O)c1ccccc1,True,42
Cc1c2ccccc2nc2c1ccc1ccccc12,True,47
CC(=O)Nc1ccc(-c2ccc(NC(C)=O)cc2)cc1,True,63
CC1CC23CCC4C(C)(C(=O)O)CCCC4(C)C2CCC1(O)C3,False,0
CCc1cccc2cc([C@H](O)CNC(C)(C)C)oc12,True,5
CC12CCC(CC1)C(C)(C)O2,True,1477
Clc1ccccn1,True,498
COCCOCCOCCOC,True,216
CCOC(=O)C(C)(C#N)c1snc2ccc([N+](=O)[O-])cc12,False,0
O=C/C=C/C=C/C=O,True,290
O=[N+]([O-])c1ccc2c([N+](=O)[O-])cc3c([N+](=O)[O-])cccc3c2c1,True,1
CCOC(=O)N(CC)N=O,True,58
COc1ccc(CNC(=O)C(C)Br)cc1,False,0
CC(C)CCC(C)Nc1ccc(NC(C)CCC(C)C)cc1,True,6
[O-][n+]1cc2ccccc2cn1,True,1
CCOP(=O)(OCC)N1C2c3ccccc3-c3ccccc3C21,False,0
Cc1c2ccccc2c(COS(=O)(=O)O)c2ccc3ccccc3c12,True,14
CCOP(=S)(OCC)SCSC(C)(C)C,True,324
O=[N+]([O-])c1ccc2ccc3ccc([N+](=O)[O-])cc3c2c1,True,6
O=c1c2c(O)cccc2oc2c3c(cc(O)c12)OC1OCCC31,False,0
CC12CCC3C(CC=C4CC(O)CCC43C)C1CCC2=O,False,0
C/C=C(\C)CCl,False,0
Cc1ccc(S(=O)(=O)n2ncc(Cl)c(Cl)c2=O)cc1,False,0
C/C=C1\CC(C)C(C)(O)C(=O)OCC2=CC[N+]3(C)CCC(OC1=O)C23O,False,0
O=C1OC(=O)c2cc([N+](=O)[O-])ccc21,True,8
O=C(O)CC=[N+]([O-])O,False,0
CC(=O)Nc1ccc2c(c1)Cc1cc(O)ccc1-2,True,140
CC(C)(CO)C(O)C(=O)NCCC(=O)O,True,42
CCCCCCCCCCCCCCCCCCOC(=O)CCCCCCCCCCCCCCC,True,90
Cc1ccc(C)c2c1ccc1ccccc12,True,30
CN(Cc1ccc(F)cc1)N=O,False,0
CCC1(CC(=O)O)OCCc2c1[nH]c1c(C(C)O)cccc21,True,3
CCc1ccccc1N,True,93
CC(C)(C#N)C(C)(C)C#N,True,104
Cc1cc(N)cc([N+](=O)[O-])c1N,True,5
c1cc2c3c(c1)ccc1cccc(c13)C2,True,38
Cc1cccc(C)c1NO,True,47
CC=C1CC(C)C(O)(CO)C(=O)OCC2=CC[N+]3([O-])CCC(OC1=O)C23,False,0
C=C[C@@H]1CC[C@@]2(C)O[C@H]2C1,False,0
Nc1ccc([N+](=O)[O-])cc1N,True,201
N/C(=N\OS(=O)(=O)O)c1ccccc1,False,0
COC(=O)C1=C(C)NC(C)=C(C(=O)OCC(C)=O)C1c1ccccc1[N+](=O)[O-],True,3
CCOC(=O)c1[nH]c2ccccc2c1/N=C/c1cc(OC)c(OC)c(OC)c1,False,0
[O-][Cl+2]([O-])O,True,128
C(COCC1CO1)OCC1CO1,True,58
CC(Br)C(Br)COP(=O)(OCC(Br)C(C)Br)OCC(Br)C(C)Br,True,2
O=[N+]([O-])c1ccc2cc3c(cc2c1)C(O)C(O)C=C3,False,0
[O-][N+](=Nc1ccc2c(c1)Cc1ccccc1-2)c1ccc2c(c1)Cc1ccccc1-2,True,9
Cc1c2c(c(C)c3ccccc13)-c1cccc3cccc-2c13,False,0
O=c1[nH]c(=O)n(C2CC(O)C(CO)O2)cc1COO,False,0
Cc1cc2c(c3ccc4ccccc4c13)CCC2=O,True,53
Cc1ccc([N+](=O)[O-])c(C)c1[N+](=O)[O-],True,15
COc1ccc(CCl)cc1,True,193
Nc1ncnc2c1ncn2C(c1ccccc1)(c1ccccc1)c1ccccc1,True,7
CNC(=O)ON,False,0
Nc1cccc(-c2ccccc2)c1,True,54
CCCCOS(C)(=O)=O,True,54
c1ccc2cc3ccccc3cc2c1,True,6116
Cc1ccc2cc3c(ccc4ccccc43)c3c2c1CC3=O,True,37
CCCCCCCCCCCCCCCCN,True,385
NC(=O)CC1CO1,False,0
CCCCCCCCCC(=O)/N=c1\sn(C(=O)CCCCCCCCC)c2ccc([N+](=O)[O-])cc12,False,0
CCCCC(CC)COC(=O)c1ccc(N(C)C)c([N+](=O)[O-])c1,False,0
NP(=O)(OCCC(=O)O)N(CCCl)CCCl,True,218
Nc1ncnc2c1ncn2Cc1ccccc1,True,59
COc1c2occc2cc2ccc(=O)oc12,True,165
O=C(Nc1ccccc1F)c1csc([N+](=O)[O-])c1,False,0
COc1cc(O)c2c(=O)c(O)c(-c3ccc(O)c(O)c3)oc2c1,True,216
NC(CCCCNC=CC=O)C(=O)O,False,0
BrCc1ccc2c(c1)-c1cccc3cccc-2c13,True,4
c1ccc2c(c1)cc1c3ccccc3c3cccc4ccc2c1c43,True,108
O=[N+]([O-])C1=Cc2c3c1cccc3cc1ccc3ccccc3c21,False,0
Cc1[nH]c2c(c3nc4ccccc4c1-3)C(=O)C(N1CCN(C)CC1)=CC2=O,False,0
CCS(=O)CCSP(=O)(OC)OC,True,161
O=C1c2cc(O)cc(O)c2C(=O)c2c1cc1c(c2O)[C@@H]2C=CO[C@@H]2O1,True,336
CCN(CC)c1ccc(-c2ccc(-c3ccc(N(CC)CC)cc3)cc2)cc1,False,0
c1cc(OCC2CO2)c2sncc2c1,False,0
COc1ccccc1N,True,548
Nc1ccc(N)c2c1C(=O)c1ccccc1C2=O,True,57
COC(=O)Nc1nc2cc(OS(=O)(=O)c3ccc(F)cc3)ccc2[nH]1,False,0
Oc1cccc(Cl)c1,True,448
CN(N=O)C(=O)c1ccccc1,False,0
ClCc1cc2c3c(cccc3c1)-c1ccccc1-2,True,3
Nc1ccc2c(c1)oc1ccccc12,True,14
O=C1c2cccc(O)c2C(=O)c2c(OC3OC(CO)C(O)C(O)C3O)cccc21,False,0
CC(N)CCN,True,22
Nc1ccccc1S,True,447
Cc1ccc(CCC2CO2)cc1,False,0
Cc1cccc(C)c1N=Nc1c(O)ccc2ccccc12,False,0
COc1ccc(-c2nc(-c3ccc(OC)cc3)c(-c3ccc(OC)cc3)[nH]2)cc1,False,0
Cn1c(N)nc2ccc3ncccc3c21,True,8
CN(C)CCNC(=O)c1cccc2c(=O)c3ccccc3sc12,False,0
ClCC1(C(Cl)Cl)C2C(Cl)C(Cl)C1(C(Cl)Cl)C(Cl)C2Cl,False,0
O=C1C=CC(=O)C=C1,True,8389
Cc1ccc2c(c1)C(=O)c1ccccc1C2=O,True,89
C[C@H](CS)[C@@H]1CC[C@@H](C)[C@H](S)C1,False,0
C=C(C)C(=O)N[N+](C)(C)CC(C)O,False,0
Br/C=C/Br,True,24
Oc1ccc2ccc3c4c(ccc3c2c1)[C@@H](O)[C@H](O)C=C4,False,0
CC(CCC(=O)O)C1CCC2C3CCc4cc(O)ccc4C3CCC12C,False,0
COc1ccc(C=Nn2nnc3c([nH]c4ccccc43)c2=O)cc1,False,0
Clc1ccc(Cl)c(Cl)c1,True,455
O=c1ccn(C2OC(COP(=O)(O)O)C(O)C2O)c(=O)[nH]1,False,0
OC1C=Cc2c(cc3ccc4cccc5ccc2c3c45)C1,False,0
Clc1ccc(Cl)cc1,True,646
C/C=C1/C[C@H](C)[C@@](O)(CO)C(=O)OCC2=CCN3CC[C@@H](OC1=O)[C@H]23,False,0
Cc1ccccc1N=Nc1ccc(N(C)C)cc1,True,16
CCCCCCC(C/C=C/CCCCCCCC(=O)OC)OC(C)=O,False,0
CCC[C@](C)(COC(N)=O)COC(=O)NC(C)C,False,0
OC(CCl)CCl,True,579
CN(C)c1nc(N(C)C)nc(N(C)C)n1,True,296
N[C@@H](Cc1ccc(O)c([N+](=O)[O-])c1)C(=O)O,True,1870
CCCCC(CC)COCCC#N,False,0
Cc1c(-c2cnccn2)ssc1=S,True,672
Nc1ccc(-c2ccc(N)c(Br)c2)cc1Br,True,5
CC(C)NCC(O)COc1cccc2c1OCC(O)C2,True,4
CCN=NC(C)(C)OO,False,0
C=C/C=C\C,True,163
CCN(CCO[N+](=O)[O-])[N+](=O)[O-],False,0
C1CCCCCC2OC2CCCC1,True,5
COC1=CC(=O)c2c(nc(C)c3c4c([nH]c23)CCCC4)C1=O,False,0
CC(C)C=O,True,1282
C=CC(=O)NCCC[N+](C)(C)C,True,15
CCC1OC(=O)C(C)C(OC2CC(C)(OC)C(O)C(C)O2)C(C)C(OC2OC(C)CC(N(C)C)C2O)C(C)(O)CC(C)CN(C)C(C)C(O)C1(C)O,False,0
CCCCC/C=C/C(=O)CCc1ccc(O)c(OC)c1,True,130
Cc1ccc(N)cc1,True,634
O=C(NCO)NCO,True,85
O=c1cc(-c2ccc(O)cc2)oc2cc(O)cc(O)c12,True,7804
Cc1c(N=O)cccc1[N+](=O)[O-],True,5
Oc1ccc2c(c1)-c1cc3cccc4ccc5ccc-2c1c5c43,True,3
O=C(Cn1ccnc1[N+](=O)[O-])NCc1ccccc1,True,967
O=[N+]([O-])c1ccc2ccc3cccc4ccc1c2c34,True,2081
O=[N+]([O-])c1cc2cccc([N+](=O)[O-])c2cc1[N+](=O)[O-],True,1
c1ccc(Cc2ccc(C[C@H]3CO3)cc2)cc1,False,0
C=CCOC(=O)COCCC(C)C,False,0
C=CC(=O)CC,True,662
CC(=O)OCCC(C)C,True,1056
CCOC(=O)COc1ccc2c(=O)cc(-c3ccccc3)oc2c1,True,10
Fc1cccc2c3c(ccc12)-c1cccc2cccc-3c12,False,0
CC(C)CCCCCOC(=O)Cc1cc(Cl)c(Cl)cc1Cl,False,0
C[CH-][N+](=O)[O-],False,0
O=C(O)CBr,True,793
CCN(CC)C(=S)SC1OC(CO)C(O)C(O)C1O,False,0
CCCN(C(=O)CCCl)c1snc2ccccc12,False,0
O=S(=O)(O)c1cc(S(=O)(=O)O)c2c(N=Nc3ccc(S(=O)(=O)O)c4ccccc34)c(O)ccc2c1,False,0
CCC(=O)Nc1ccc(Cl)c(Cl)c1,True,502
CC(C)(C)Br,True,238
COC(O)=C1C(C)=NC(COC(N)=O)=C(C(=O)OC(C)C)[C@H]1c1cccc(Cl)c1Cl,False,0
O=[N+]([O-])c1ccc2ccc3cccc4c5c(c1c2c34)CCCC5,False,0
C=C(C)OC(C)=O,True,218
O=CN(O)c1ccc(Cl)c(Cl)c1,False,0
CC(O)CO,True,3795
CC(=O)OC1(C(C)=O)CCC2C3C=C(Cl)C4=CC(=O)C5CC5C4(C)C3CCC21C,False,0
COCC(COC(=O)c1ccccc1)(COC(=O)c1ccccc1)COC(=O)c1ccccc1,False,0
CN(C)CCNC(=O)c1cccc2c1Oc1ccccc1O2,False,0
O=C1CCCCCO1,True,1246
CC1CCCC2(C)CCCCC12O,True,7
FC(F)(F)[C@H](Cl)Br,True,10
CCCC[C@@H]1C(=O)N(c2ccccc2)N(c2ccc(O)cc2)C1=O,False,0
ClCCOCCCl,True,77
Cc1cc(O)ccc1O[P@@](=O)(Oc1cc(O)ccc1C)Oc1c(C)cccc1O,False,0
NC(CCC(=O)O)C(=O)O,True,75
CC(=O)O[C@H](c1ccccc1)N(C)N=O,False,0
CCNC(=S)NCC,True,154
Cc1nc([N+](=O)[O-])cc2c1[nH]c1c([N+](=O)[O-])cc([N+](=O)[O-])cc12,False,0
C=CC(=O)OCCCl,True,2
NNC(=O)c1[nH]c2ccccc2c1N,True,1
N#CC(=N)C(N)C#N,False,0
Nc1ccc(Cl)cc1,True,1309
N=C(N)N,True,2337
O=C1c2c(ccc3ccccc23)-c2ccc3ccccc3c21,False,0
CCCC[C@@H](CC)COC(=O)CCCCCCCCC(=O)OC[C@H](CC)CCCC,False,0
CC(=O)N(OC(=O)c1ccccc1)c1ccc2c(c1)Cc1ccccc1-2,True,5
OC1C=Cc2c(ccc3cccnc23)C1O,True,2
Nc1ccc2ccc3cc4ccccc4c4ccc1c2c34,True,12
CCCCN(CCCC)N=O,True,495
Clc1cc(Cl)c(Cl)cc1Cl,True,229
Cc1ccc(Nc2ccc(O)c3c2C(=O)c2ccccc2C3=O)cc1,True,1
C=CCCC(C=O)CC,True,25
Cc1cc(=O)oc2cc(N)ccc12,True,1163
OC1C=Cc2cccnc2C1O,False,0
Nc1c(Cl)cc([N+](=O)[O-])cc1[N+](=O)[O-],True,33
Nc1ccc2ccc3ccccc3c2n1,True,5
O=Cc1ccc(CO)o1,True,4483
CCC(CCC(C)=O)COC(=O)c1ccccc1C(=O)O,False,0
OCCc1ccccc1,True,3398
[N-]=[N+]=C1C=NC(=O)NC1=O,True,27
O=C1NC(=O)c2ccccc21,True,1988
CC(C)CCCC(C)C1CCC2C3CC4OC45CC(O)CCC5(C)C3CCC12C,False,0
O=C(c1ccc(-c2ccccc2)cc1)C1OC1c1ccccc1,True,2
CN(C(=O)CCl)c1snc2ccccc12,False,0
O=NN1CCOC(O)C1,True,85
C#CCc1ccc(COC(=O)C2C(C=C(C)C)C2(C)C)o1,True,14
CC1CCN(N=O)CC1,True,7
CNC(=O)Nc1ccccc1,True,21
Nc1ccc(Cc2ccc(N)c(C(=O)O)c2)cc1C(=O)O,False,0
CCCCCCCCCCCCOCCOCCOCCOCCOCCOCCOCCO,True,35
CCCCCCCCCc1ccc(OP(=O)(Oc2ccccc2)Oc2ccccc2)cc1,False,0
Cc1ccc(S(=O)(=O)OCC2CO2)cc1,True,67
COc1cccc(/C=C/c2ccc(N)cc2)c1,False,0
CC(=O)N(O)c1ccc(Cl)c(Cl)c1,True,2
c1cc2cccc3c4cccc5cccc(c(c1)c23)c54,True,2102
C[N+](C)(C)CCO,True,9026
OCCCCO,True,1418
O=[N+]([O-])c1cc2ccc3cc([N+](=O)[O-])cc4ccc(c1)c2c34,True,165
Nc1ccc(S(=O)(=O)Nc2ccccn2)cc1,True,401
CN(Cc1cnc2nc(N)nc(N)c2n1)c1c(Cl)cc(C(=O)N[C@@H](CCC(=O)O)C(=O)O)cc1Cl,True,137
CN(C)CCNC(=O)c1cccc2oc(-c3ccccc3)nc12,False,0
O=[N+]([O-])c1cccc2nc3ccccc3nc12,True,8
O=C1OCC(Cl)=C1Cl,True,8
CC(/C=C(/C#N)c1ccc(Br)cc1)C(c1ccccc1)C(C#N)c1ccc(Br)cc1,False,0
Cc1cc(Cl)ccc1OC(C)C(=O)O,True,278
CCCCN(COC(C)=O)N=O,True,2
O=C(O)CCl,True,1292
CC(=O)Nc1nc2c3cccnc3cc(C)c2n1C,True,1
O=S(=O)(c1ccc(Cl)cc1)c1cc(Cl)c(Cl)cc1Cl,True,68
CC1(C)C(C=C(Cl)Cl)C1C(=O)OCc1cccc(Oc2ccccc2)c1,True,1831
CCNC(=N)N(N=O)[N+](=O)[O-],True,2
O=S(=O)(O)Oc1ccc2ccc3c4ccccc4cc4ccc1c2c43,True,11
CCCCN1C2c3ccccc3-c3ccccc3C21,False,0
FC(F)OC(Cl)C(F)(F)F,True,3214
CC(=O)Nc1ccc(Oc2ccc([N+](=O)[O-])cc2)cc1,True,1
CC(=O)OC1C(O)C2OC3C=C(C)C(OC(=O)CC(C)C)CC3(OC(C)=O)C1(C)C21CO1,False,0
CCC1(O)CC(OC2CC(N(C)C)C(O)C(C)O2)c2c(cc3c(c2O)C(=O)c2c(O)cccc2C3=O)C1C(=O)OC,False,0
Cc1cc2nc3cc(C)c(N)cc3[n+](-c3ccccc3)c2cc1N,False,0
O=[N+]([O-])c1ccccc1Nc1ccccc1,True,33
BrCC(Br)(Br)Br,True,19
Cc1cc(N)c(S(=O)(=O)O)cc1Cl,True,3
OC1c2cccnc2C2OC2C1O,True,2
CCC(=O)OCc1ccc([N+](=O)[O-])cc1,True,4
CC(=O)ON(OCc1ccc(-c2ccccc2)cc1)C(=O)c1ccccc1,False,0
Oc1ccc(Cc2ccccc2O)cc1,True,16
O=C1C=CC(=O)C(c2ccccc2)=C1,True,154
c1cc2c3c(c1)C1NC1c1cccc(c1-3)C1NC21,False,0
Cc1ccc2c(c1)C1C(=N2)N(C)c2ccccc2C1C,False,0
O=C(CBr)c1oc([N+](=O)[O-])c(-c2ccccc2)c1-c1ccccc1,True,1
Cc1ccc2oc(=O)ccc2c1,True,207
COC1=CC(=O)C[C@@H](C)[C@]12Oc1c(Cl)c(OC)cc(OC)c1C2=O,True,1479
Cc1cccc2c([N+](=O)[O-])cccc12,True,4
Cc1ccc2c(c1O)NC(O)C1CC(/C=C/C(N)=O)=CN1C2=O,False,0
CC(=O)OCc1ccc2ccc3cccc4ccc1c2c34,True,4
O=[N+]([O-])c1ccc2c(c1)-c1cccc3cccc-2c13,True,63
CCOc1ccc(NC(=O)CC(C)O)cc1,True,66
CN(C(=O)c1csc([N+](=O)[O-])c1)c1ccccc1,True,1
CCCCN(CCC(C)=O)N=O,True,1
O=C1OC(O)C(C(Br)Br)=C1Br,True,4
[N-]=[N+]=NC(c1ccccc1)c1ccccc1,True,9
c1ccc2c(C3CO3)c3ccc4ccccc4c3cc2c1,False,0
O=[N+]([O-])c1ccc2ccc3cccc4c5ccccc5c1c2c34,True,15
c1ccc(-c2ccc(CC[C@H]3CO3)cc2)cc1,False,0
O=[N+]([O-])c1ccc2c3c(cccc13)C=C2,False,0
CC(=O)OCC1=CO[C@@H](OC(=O)CC(C)C)[C@H]2C1=C[C@H](OC(=O)CC(C)C)[C@]21CO1,True,243
Nc1ncnc2c1ncn2C1OC(CO)CC1O,False,0
ONc1ccccc1,True,356
CC(C)(C)c1ccc(-c2ccc([N+](=O)[O-])cc2)cc1,False,0
CCc1ccc([N+](=O)[O-])cc1,True,51
Cc1c(N)cccc1[N+](=O)[O-],True,86
CC(C)=CCC1=C(O)C(=O)c2ccccc2C1=O,True,31
CCN(CC)c1ccc2c(C)cc(=O)oc2c1,True,44
Cc1ccc(NN=NCc2ccccc2)cc1,True,1
O=[N+]([O-])/C=C/c1ccc([N+](=O)[O-])o1,False,0
c1ccc2c(c1)ccc1c3ccccc3ccc21,True,2079
C=CCCl,True,437
NNc1nncc2ccccc12,True,1422
C1=Cc2cc3cccc4c5ccccc5c5ccc1c2c5c34,True,4
O=C1CNC(=O)N1,True,1249
CCN(CCCC(=O)O)N=O,True,3
CC[C@@H](C)ON=O,False,0
CCCC(CCC)C(=O)O,True,4671
CCCCCCCCCCCCCC(=O)[N-][N+](C)(C)CC(C)O,False,0
CCC1(O)CC(OC2CC(N)C(O)C(C)O2)c2c(cc3c(c2O)C(=O)c2c(O)ccc(O)c2C3=O)C1C(=O)OC,False,0
O=[N+]([O-])c1cccc2c1[nH]c1ccccc12,True,26
ClC1C(Br)C(Br)C(Br)C(Br)C1Br,False,0
O=[N+]([O-])c1ccccc1CBr,True,115
CCN(CC)c1ccc(N=Nc2ccc([N+](=O)[O-])cc2Cl)cc1,True,1
COC(=O)NN=Cc1c[n+]([O-])c2ccccc2[n+]1[O-],True,285
Nc1c2ccccc2nc2ccc(Br)cc12,True,2
CC(C)NCC(O)COc1cccc2[nH]ccc12,True,1025
C1=Cc2c3ccc4cccc5ccc(c6cccc1c26)c3c45,True,1
c1ccc2c([C@@H]3CO3)c3ccc4ccccc4c3cc2c1,False,0
O=C1c2ccccc2C(=O)c2c1cc(OC1COC(OCC3OC(O)C(O)C(O)C3O)C(O)C1O)c(CO)c2O,False,0
COc1ccc(N=Nc2ccc(N(C)C)cc2)cn1,False,0
Cc1c(C(=O)O)cccc1[N+](=O)[O-],True,12
O=[N+]([O-])c1ccc(CN2C3c4ccccc4-c4ccccc4C32)cc1,False,0
O=C(O)CCC(=O)Nc1cc(Cl)c(Cl)c(Cl)c1,False,0
C=C(C)C(=O)OCCCCOC(=O)C(=C)C,True,136
C=C(C)C1CCC(=C)C2C3=C(CC(C)(O)C3=O)C(=O)C(C)=CC12,False,0
c1cc2c3c(c1)C1OC1c1cccc(c1-3)C1OC21,False,0
CC(=O)c1ccc(N=O)cc1,True,2
CC(C)COC(=O)CCCCC(=O)OCC(C)C,True,71
CC(=O)Nc1ccc2ccc3ccc(O)c4ccc1c2c34,True,19
OC1c2ccc3cccnc3c2C2OC2C1O,False,0
Nc1cc(Cl)cc(Cl)c1O,True,15
COC(=O)c1oc(NO)c(-c2ccccc2)c1-c1ccccc1,False,0
O=CC(=C(Cl)Cl)C(Cl)Cl,True,3
C=CC(=O)NCO,True,241
CCCO,True,3329
CC1=CC(=O)c2[nH]c(C)c3c4ccccc4nc-3c2C1=O,False,0
CCOCn1cc(F)c(=O)n(C(=O)c2cccc(C(=O)Oc3nc(OC(=O)c4ccccc4)ccc3C#N)c2)c1=O,True,67
c1ccc2c(c1)OCCOCCOCCOCCO2,True,80
CCc1cc(C(C)(C)C)c(O)c(C(C)(C)C)c1,True,30
ClCCNCCCNc1c2ccccc2nc2ccccc12,False,0
BrCC1CO1,True,142
CCCCC(=O)N(C)C,True,3
O=C1CCC(=O)N1Br,True,4364
Nc1ccc(N(c2ccc3ccccc3c2)c2ccc3ccccc3c2)cc1,False,0
Nc1ccc(O)c([N+](=O)[O-])c1,True,60
N#CCBr,True,260
Cn1ccnc1N=O,True,14
O=[N+]([O-])c1cccc(-c2ccc(O)c([N+](=O)[O-])c2)c1,False,0
C=CC1CO1,True,467
O=NN1C(C(=O)O)CSC1C(O)C(O)C(O)C(O)CO,True,1
CC(C)(O)C#N,True,278
O=C1c2ccccc2C(=O)c2c1cc(O)c(C(=O)O)c2O,True,97
COCC1CO1,True,36
O=C(Nc1cccc(F)c1)c1csc([N+](=O)[O-])c1,False,0
CCOP(=O)(OCC)C(C)NC(=O)N(CCCl)N=O,True,235
NC(=O)N(CC(=O)O)N=O,True,20
COc1cc(Cl)c(OC)cc1Cl,True,135
CCCCN(CCCO)N=O,False,0
c1cnc2c(c1)ccc1c2ccc2cccnc21,True,6
Cc1ccc(C(C)C)cc1O,True,1688
Cc1cc2c(ccc3ccccc32)c2c1C(C)CC2,False,0
NCCNCCNCCNCCN,True,239
CNc1ccccc1N,True,65
OCc1c2ccccc2c(CO)c2c1ccc1ccccc12,True,71
COP(=O)(OC)O/C(C)=C/C(=O)OC(C)c1ccccc1,True,121
O=[N+]([O-])c1ccccc1CCl,True,30
c1ccc2c(c1)Cc1ccccc1-2,True,3235
O=[N+]([O-])c1cc2cccc3ccc4cccc1c4c32,True,159
CCCC(O)C(CC)CO,True,110
CS(=O)(=O)OCCCCOS(C)(=O)=O,True,1172
ClCc1ccncc1,True,20
[O-][n+]1cccc2ccccc21,True,209
O=Cc1ccc([N+](=O)[O-])cc1[N+](=O)[O-],True,103
CC(/C=C(\C#N)c1ccc(Cl)c(Cl)c1)C(c1ccccc1)C(C#N)c1ccc(Cl)c(Cl)c1,False,0
NCCCNCCCCN(CCCN)N(O)N=O,True,29
OC(Cn1ccnc1)c1ccc(CCc2ccccc2)cc1,True,94
CC(NC(=O)COc1ccc(Cl)cc1Cl)C(=O)O,False,0
Nc1nc(-c2ccccc2)cs1,True,57
BrC(Br)Br,True,757
C=C1C[C@@]23CC[C@H]4[C@@](C)(CCC[C@@]4(C)C(=O)O)[C@@H]2CC[C@]1(O[C@@H]1O[C@H](CO)[C@@H](O)[C@H](O)[C@H]1O[C@@H]1O[C@H](CO)[C@@H](O)[C@H](O)[C@H]1O)C3,True,275
O=[N+]([O-])c1ccc2ccc3c4c(cc5ccc1c2c53)CCC=C4,True,1
O=S1(=O)CC=CC1,True,55
CN(C)C(=O)/C=C/c1ccc([N+](=O)[O-])o1,False,0
CC(C)CC(=O)CC(C)C,True,117
Cn1cnc2c(NO)ncnc21,True,2
COC(=O)/C(Cl)=C(\OP(=O)(OC)OC)c1cc(Cl)ccc1Cl,False,0
CC(=O)N(C)c1ccc(N=Nc2ccc(N(C)C)cc2)cc1,False,0
c1ccc2cc3c(ccc4ccncc43)cc2c1,True,3
O=[N+]([O-])c1ccc2c(c1)[nH]c1ccccc12,True,4
Cc1cccc2sc(N)nc12,True,6
O=C(O)[C@@H]1[C@H](C(=O)O)[C@]2(Cl)C(Cl)=C(Cl)[C@@]1(Cl)C2(Cl)Cl,False,0
Cc1cc(C)c2c(ccc3ccccc32)c1,True,4
O=C(O)c1cccc(C(=O)O)c1,True,614
Cc1cccc(N=Nc2ccc(N(C)C)cc2)c1,True,158
CCCCON(OC(C)=O)C(=O)c1ccc(Cl)cc1,False,0
CC(=O)OCC12CC(OC(=O)CC(C)C)C(C)=CC1OC1C(O)C(OC(C)=O)C2(C)C12CO2,False,0
O=[N+]([O-])c1cccc2c([N+](=O)[O-])cccc12,True,41
C=C1C(=O)OC2CC3(C)C(CCC(C)=O)C3CC12,False,0
c1scc2c1-c1cscc1C1NC21,False,0
[N-]=[N+]=Nc1ccc2c(Nc3ccc(NS(=O)(=O)CCCN)cc3)c3cc(N=[N+]=[N-])ccc3nc2c1,False,0
CC(=O)Nc1cc2c(cc1Cl)-c1ccccc1C2,True,2
CCCc1ccc2c(c1)OCO2,True,10
OCCN(CCO)c1ccc(N=Nc2cccnc2)cc1,False,0
CC12CC(C=O)C(=O)CC1CCC1C2CCC2(C)C1CCC2(C)O,False,0
COc1cccc2c1C(=O)c1ccccc1C2=O,True,8
CCOC(=O)CSc1ccc2c3c(cccc13)C(=O)c1ccccc1-2,False,0
CC(CC1=C(C=O)COC1O)C1=CCC(C)(C)C1,False,0
C#CC(OC(=O)NC1CCCCC1)(c1ccccc1)c1ccc(C)c(C)c1,False,0
COc1ccn(CC(O)CN=[N+]=[N-])c(=O)n1,False,0
Cc1ccc2ccccc2c1C,True,181
CC(CC(=O)O)C(=O)O,True,295
CCSc1cc(Cc2ccc(N)c(SCC)c2)ccc1N,False,0
CC/C=C/C=C/C=C/C=C/C=C/SCC(O)CO,False,0
C[C@H]1Cc2c(Cl)cc(C(=O)N[C@H](Cc3ccccc3)C(=O)O)c(O)c2C(=O)O1,True,1
NC(=O)N(CCO)N=O,True,121
c1cnc2ccc3c(c2c1)CCC1OC31,False,0
COc1ccc2oc3cc(O)cc(O)c3c(=O)c2c1,True,82
O=S(=O)(O)c1ccccc1,True,451
CC(C)(C)NC(=O)C1CCC2C3CC=C4C=C(C(=O)O)CCC4(C)C3CCC12C,False,0
O=c1c(=O)c2c([N+](=O)[O-])ccc3ccc4cccc1c4c32,True,5
O=[N+]([O-])c1cccc(S(=O)(=O)OCC2CO2)c1,True,11
O=Nc1ccc2ccc3cccc4ccc1c2c34,True,274
CN(C)CCC(c1ccc(Cl)cc1)c1ccccn1,True,481
COc1cccc2c1C(=O)c1c(O)c3c(c(O)c1C2=O)CC(O)(C(=O)CO)CC3OC1CC(N)CC(C)O1,False,0
Cc1cc(C(O)c2ncc([N+](=O)[O-])n2C)c(O)c(C(C)(C)C)c1,False,0
COc1ccc2c(OC)c3ccoc3nc2c1,True,26
O=C1OCC(C(Br)Br)=C1Br,False,0
ClCCN(CCCl)c1ccc2ccccc2c1,True,9
O=C/C=C\c1ccco1,False,0
FC(Cl)C(F)(F)C(F)(F)Cl,True,7
CC(=O)Nc1ccc(S(=O)(=O)c2ccc(N)cc2)cc1,True,32
OC1C=Cc2c(ccc3ccccc23)C1O,True,15
CC(=O)ON(OCc1ccc(Oc2ccccc2)cc1)C(=O)c1ccccc1,False,0
O=c1[nH]c(=O)n(C2CC(O)C(CO)O2)cc1/C=C/Br,False,0
Fc1cc(F)c2ncccc2c1,True,2
CC/C=C/C=C/C=C/C=C/C=C/OCCC,False,0
CC(O)COC(C)(C)C,True,6
Cc1ccc(Cl)cc1N,True,79
OC(Nc1snc2ccccc12)C(Cl)(Cl)Cl,False,0
CC(C)(C)NCC(O)COc1ccc(O)cc1C1CCCC1,False,0
Nc1ccc(Br)cc1,True,344
O=[P@@]1(N(CCCl)CCCl)NCCCO1,False,0
N[C@@H](CCC(=O)N[C@@H](CSC(Cl)=C(Cl)Cl)C(=O)NCC(=O)O)C(=O)O,True,63
Cc1cccc(NO)c1C,True,10
c1ccc2c3c4c(cc5ccccc5c4cc2c1)C1=C3CCCC1,False,0
CCN(CCCl)CCCNc1c2c(nc3ccccc13)CCCC2,False,0
C=C(Br)CCl,True,14
O=[N+]([O-])c1ccc(/C=N/c2snc3c(Cl)cc(Cl)cc23)cc1,False,0
Nc1ccc2cc(S(=O)(=O)O)cc(O)c2c1N=Nc1ccc(-c2ccc(N=Nc3c(N)ccc4cc(S(=O)(=O)O)cc(O)c34)cc2)cc1,False,0
CCOC(=O)CC(SP(=O)(OC)OC)C(=O)OCC,True,372
Cc1cc(Cl)ccc1O[C@H](C)C(=O)O,True,130
O=C(Nc1ccccc1Br)c1csc([N+](=O)[O-])c1,False,0
ClC1=C(Cl)C(Cl)(C2(Cl)C(Cl)=C(Cl)C(Cl)=C2Cl)C(Cl)=C1Cl,True,6
c1ccc(CC2CO2)cc1,True,19
Nc1cc([N+](=O)[O-])ccc1O,True,132
CC(=O)C(Cl)Cl,True,311
C1CN1,True,1800
CCOP(=O)(C#N)N(C)C,True,658
CCCCON(OC(C)=O)C(=O)c1ccc(-c2ccccc2)cc1,False,0
CCN1CCN(c2cc3c(cc2F)c(=O)c(C(=O)O)cn3C2CC2)CC1,True,802
[O-][N+](O)=CCO,False,0
C[C@@H](O)CN(C)c1ccc(NN)nn1,False,0
O=[N+]([O-])c1cc2c([nH]c3ccccc32)c([N+](=O)[O-])c1O,True,1
c1ccc(Nc2ccc3ccccc3c2)cc1,True,99
CCc1cccc2cc(C(O)CNC(C)(C)C)oc12,True,318
CC(C)Nc1snc2ccccc12,False,0
COc1ccc(OC)cc1,True,532
C=Cc1ccc(O)c(OC)c1,True,503
COC(=O)C(C)CN=[N+]=[N-],False,0
Cc1ccc(NC(=O)N(C)C)cc1Cl,True,277
Cc1ccc(N)c(N)c1,True,64
O=C(O)CCC(=O)OCC(NC(=O)C(Cl)Cl)C(O)c1ccc([N+](=O)[O-])cc1,True,1
C1CC2(CCO1)CO2,True,2
CC(=O)Nc1ccc(-c2ccccc2)cc1,True,114
CCCCNC(=O)/C=C/c1ccc([N+](=O)[O-])o1,False,0
CC1CN(/N=C/c2ccc([N+](=O)[O-])o2)C(=O)N1,True,2
Cc1cc(C)nc(SC(=O)OC(C)(C)C)n1,True,1
O=C(C1CCCCC1)N1CC(=O)N2CCc3ccccc3[C@H]2C1,True,2
C=CS(C)(=O)=O,True,126
Cc1cc(O)c2c(c1O)C(=O)c1cc(O)cc(O)c1C2=O,True,256
COc1cc(N)ccc1N,True,38
CCCCOCCOCCOCCCC,True,26
Nc1cccc2c(Cl)nsc12,False,0
CC(=O)OCN(CCCCl)N=O,False,0
C[n+]1cccc2c1C=CC1OC21,False,0
Cc1cc(NOS(=O)(=O)O)ccc1N,False,0
CNC(CC(=O)O)C(=O)N(C(C(N)=O)c1ccc(O)cc1)C1C(=O)N2C1SC(C)(C)C2C(=O)O,False,0
C[C@@H](O)C(=O)O,True,531
Cn1c([N+](=O)[O-])cnc1C(O)c1cc(C(C)(C)C)cc(C(C)(C)C)c1O,True,2
OCCN1CCNCC1,True,112
Cc1cc2ccccc2c2cc([N+](=O)[O-])c3ccccc3c12,True,6
Nc1ccc2c3c(cccc13)-c1ccccc1-2,True,39
CCCC=O,True,1370
CC(C)(C)C(=O)C(Oc1ccc(Cl)cc1)n1ccnc1,True,91
CC(=O)Nc1nnc(-c2ccc([N+](=O)[O-])o2)s1,True,1
O=[N+]([O-])c1ccc2c(c1)c([N+](=O)[O-])cc1ccccc12,True,4
COc1cc2c(c3oc(=O)c4c(c13)CCC4=O)C1(O)C=COC1O2,False,0
COc1ccc([N+](=O)[O-])ccc1=O,True,15
Cc1ccc(C)c2c1[nH]c1ccc([N+](=O)[O-])cc12,False,0
CCOP(=S)(OCC)Oc1ccc([N+](=O)[O-])cc1,True,1817
OCC(O)CI,True,13
CCCCCN(N=O)C(=N)NN(O)O,False,0
COc1c2c(cc3oc4c(CCC(C)(C)O)ccc(O)c4c(=O)c13)OC1OC=CC21,False,0
C=C1C2CCC(C2)C1(C)C,True,1163
COc1cc2c3c(c1OC)-c1cc4c(cc1CC3N(C)CC2)OCO4,False,0
CCCCCC(=O)/N=c1\sn(C(=O)CCCCC)c2ccc([N+](=O)[O-])cc12,False,0
COc1ccc(O)c2c(=O)c3c(OC)cc4c(c3oc12)C1C=COC1O4,False,0
Fc1cc2cccnc2c2ccccc12,False,0
Nc1nc(NO)c2[nH]cnc2n1,True,39
COC(=O)C1C2CC3c4[nH]c5cc(OC)ccc5c4CCN3CC2CC(OC(=O)c2cc(OC)c(OC)c(OC)c2)C1OC,True,3
C=C(C)c1ccc(C)c2ccc(CO)c-2c1,True,2
O=C1c2ccccc2-c2ccc3c4ccc5c6c(ccc(c7ccc1c2c73)c64)C(=O)c1ccccc1-5,True,29
CC1=CC2OC3C(O)CC(C)(C34CO4)C2(CO)C(O)C1=O,True,184
C=CC1CC=CCC1,True,92
ClNc1nc(NCl)nc(NCl)n1,True,9
OC1C=Cc2c(cc3ccc4cccc5ccc2c3c45)C1O,True,277
Nc1cc2c3c(ccc2c2ccccc12)C(O)C(O)C=C3,True,6
C1=C2c3ccccc3CCC2CCC1,True,1
Cn1c(N=[N+]=[N-])nc2ccc3ccccc3c21,False,0
O=C(O)C1C(C(=O)O)C2(Cl)C(Cl)=C(Cl)C1(Cl)C2(Cl)Cl,True,29
CC(=O)Nc1nc(-c2cc([N+](=O)[O-])cs2)cs1,False,0
CCCCCCCCO,True,4644
O=[N+]([O-])c1cc(Cl)c(Cl)c(Cl)c1,True,21
CCC[N+](=O)[O-],True,294
O=NN(CCO)CC(=O)O,True,62
CCOc1ccc(N(O)C(C)=O)cc1,True,213
C1COCCO1,True,11673
c1ccc2c(c1)ccc1cccnc12,True,311
C1CCNC1,True,2154
OCCN(CCO)c1ccc(N=Nc2ccc(N(CCO)CCO)nc2)cc1,False,0
Fc1ccc2ncccc2c1,True,27
CC1(C)CC(N)CC(C)(C)N1O,True,5
c1ccc(Cc2ccc(OCC3CO3)cc2)cc1,False,0
OOC1CCCc2ccccc21,True,2
Cc1ccc(N=[N+]([O-])c2ccc(C)c(N)c2)cc1N,True,6
ClCc1ccc2ccc3cc4ccccc4c4ccc1c2c34,True,4
COc1cccc2c1C(=O)c1c(O)c3c(c(O)c1C2=O)CC(O)(C(=O)CO)CC3OC1CC(N)C(OC)C(C)O1,False,0
Cc1ccc(N=Nc2c(O)c(S(=O)(=O)O)cc3cc(S(=O)(=O)O)ccc23)c(C)c1,True,10
O=[N+]([O-])c1cccc(-c2ccccc2)c1O,False,0
CC(=O)Nc1ccc(S(N)(=O)=O)cc1,True,79
O=Cc1cccc2cccnc12,True,29
C=CC(=O)OCC(C)(C)COC(=O)C=C,True,15
CCCCCCCOc1ccccc1NC(=O)OCCN1CCCCC1,False,0
COc1cc2c(cc1OC)[C@@]13CCN4CC5=CCO[C@@H]6CC(=O)N2[C@H]1[C@H]6[C@@H]5C[C@@H]43,False,0
C1=CCCCC1,True,2845
OC1C=Cc2ccc3c(sc4ccccc43)c2C1O,False,0
COc1c2c(cc3oc4c(CCC(C)(C)O)ccc(O)c4c(=O)c13)O[C@@H]1OC=C[C@@H]21,False,0
COc1cc(C2OCC3C(c4cc(OC)c(OC)c(OC)c4)OCC23)cc(OC)c1OC,False,0
NC1=NCNc2c1ncn2C1OC(CO)C(O)C1=O,False,0
N=C(N)S(=O)O,True,3
ClC1CO1,True,209
ClCCSCCCl,True,606
BrC[C@H]1CO1,True,2
CNCC(O)c1cccc(O)c1,True,1
Fc1cnc2cccc(F)c2c1,True,1
CN(C)CCNC(=O)c1cccc2nc3ccccc3cc12,False,0
Cl/C=C/c1c(Cl)c(Cl)c(Cl)c(Cl)c1Cl,False,0
COc1cc(N)c(OC)cc1N,True,3
Nc1cccc(N)c1,True,368
Clc1cncc(Cl)c1,True,36
O=[N+]([O-])c1cccc2nscc12,False,0
COc1c(OC)c2occc2c2oc(=O)ccc12,True,75
CNN,True,779
NCCc1ccc(O)c(O)c1,True,31209
c1ccc2c(c1)ccc1c3ccccc3c(C3CO3)cc21,False,0
O=S(=O)(O)c1cccc2cccnc12,True,6
NC(=O)NO,True,2948
CCc1cc(O)cc2c3c([nH]c12)[C@](CC)(CC(=O)O)OCC3,False,0
C[n+]1cccc(C(=O)O)c1,True,27
CNC(=O)N(O)C(C)=O,True,1
OCc1cc2ccc3cccnc3c2[nH]1,False,0
COc1cc(-c2ccc(N)c(OC)c2)ccc1N,True,104
O=NN(CC(=O)O)CC1(O)OCC(O)C(O)C1O,False,0
O=[N+]([O-])c1ccc(N=Nc2c(O)ccc3ccccc23)c(Cl)c1,False,0
CCCOC(=O)/C=C/c1ccc([N+](=O)[O-])o1,False,0
Nc1ncn(C2OC(CO)C(O)C2O)c(=O)n1,False,0
CCN(CC)c1ccc(N=Nc2ccc([N+](=O)[O-])cc2C#N)cc1,False,0
NC(CS/C(Cl)=C(\Cl)C(Cl)=C(Cl)Cl)C(=O)O,False,0
Cc1cc(C#[N+][O-])cc(C#[N+][O-])c1,False,0
Cc1c(-c2ccccc2)oc2c(C(=O)OCCN3CCCCC3)cccc2c1=O,True,106
Cc1c([N+](=O)[O-])c(C)c([N+](=O)[O-])c(C(C)(C)C)c1[N+](=O)[O-],True,539
NC(=O)CBr,True,197
O=Nc1ccc(NO)cc1,True,1
O=C(Nc1ccc(Cl)cc1)c1csc([N+](=O)[O-])c1,True,13
O[C@@H]1[C@@H]2O[C@@H]2c2c(ccc3c2-c2cccc4cccc-3c24)[C@H]1O,False,0
CC(=O)Nc1cccc(N)c1C(=O)O,True,1
COc1cc2c(c3oc4cccc(O)c4c(=O)c13)C1CCOC1O2,True,4
O=[N+]([O-])c1ccc(Nc2ncnc3c2ncn3-c2ccc([N+](=O)[O-])cc2)cc1,False,0
Cc1cc(N)ccc1N,True,221
C[N+]([O-])(CCCl)CCCl,True,58
CS(=O)(=O)Nc1ccc(Nc2c3ccc(N=[N+]=[N-])cc3nc3ccc(N=[N+]=[N-])cc23)cc1,False,0
O=C(/C=C/c1ccccc1)c1ccccc1,True,1421
Cc1ccc(N=Nc2c(O)ccc3ccccc23)cc1C,False,0
CS(C)=O,True,43587
CCOS(C)(=O)=O,True,671
C=CCC1=C(C)[C@H](OC(=O)[C@H]2[C@H](C=C(C)C)C2(C)C)CC1=O,False,0
Clc1ccc2ncccc2c1,True,59
CCC(C)=O,True,2729
O=[N+]([O-])c1ccc(N=Nc2ccc(O)cc2O)cc1,True,9
Cc1c2ccccc2c(C)c2ccccc12,True,229
NNc1ccc([N+](=O)[O-])cc1[N+](=O)[O-],True,1695
CC1CCC(C(C)(C)OO)CC1,False,0
NC1(C(=O)O)CCCC1,True,361
CN(C)CCCNc1c2ccccc2nc2cccc([N+](=O)[O-])c12,True,137
O=C(O)/C=C/C=C/C(=O)O,True,528
C=CC(OC(C)=O)c1ccc(OC)cc1,True,34
c1ccc(-c2ccc(C3CO3)cc2)cc1,True,1
Cc1cc2c(c3ccc4ccccc4c13)C[C@H](O)C2=O,False,0
Oc1c(Cl)ccc(Cl)c1Cl,True,72
Fc1ccc(F)c2ncccc12,True,2
ClC(Cl)(Cl)c1ccccc1,True,113
O=[N+]([O-])c1c(Cl)c(Cl)cc(Cl)c1Cl,True,126
O=NN(c1ccc([N+](=O)[O-])cc1)C1OC(CO)C(O)C1O,False,0
CS(=O)(=O)n1ncc(Cl)c(Cl)c1=O,False,0
O=C1Nc2cc3ccccc3c3c4c(cc1c23)OCO4,True,175
C[C@@H](O)CO,True,121
CC1CN(N=O)CC(C)O1,True,119
O=C1CCc2c1ccc1c3c(ccc21)C(O)C(O)C=C3,False,0
O=Cc1ccccc1[N+](=O)[O-],True,584
Cc1cnc(C)cn1,True,610
C#CCc1ccc(COC(=O)[C@H]2[C@H](C=C(C)C)C2(C)C)o1,False,0
CCCCCCCC/C=C\CCCCCCCCN,True,1201
CC/C=C/C=O,True,240
COc1ccc(N=O)cc1,True,46
CCCC(=O)Nc1snc2ccccc12,False,0
C[C@H]1CCC[C@@H](O)CCCCCc2cc(O)cc(O)c2C(=O)O1,True,54
C[n+]1ccc(-c2ccccc2)cc1,True,1703
O=C1c2cc(O)cc(O)c2C(=O)c2c1cc1c(c2O)C2C=COC2O1,False,0
Nc1cc([N+](=O)[O-])cc(Cl)c1O,True,17
CCCCN(CC(O)c1ccc(O)cc1)N=O,False,0
O=[N+]([O-])c1cccc2c1cc([N+](=O)[O-])c1cccc([N+](=O)[O-])c12,False,0
Nc1cccc2c1C(=O)c1cccc(N)c1C2=O,True,76
N#CC1=C(C#N)SCCS1,False,0
OC1C=C2c3ccc4ccccc4c3-c3cccc(c32)C1O,False,0
C=C(Cl)C#N,True,130
CN(C)CCC=C1c2ccccc2CCc2ccccc21,True,2156
c1cnc2c3c(ccc2c1)C1OC1CC3,False,0
Cn1cnc2c3cccnc3ccc21,True,2
O=[N+]([O-])C1CCCC1,True,63
Nc1ccccc1-c1ccccc1,True,175
COc1ccc(CC2CO2)cc1,True,2
CCCCCc1cc(O)cc(O)c1,True,232
O=C(O)c1ccccc1[N+](=O)[O-],True,388
CC(=O)OCC1=COC(OC(=O)CC(C)C)C2C1=CC(OC(=O)CC(C)C)C21CO1,False,0
O=C(O)CC(NC(=O)COc1cc(Cl)c(Cl)cc1Cl)C(=O)O,False,0
OCCCl,True,522
Cc1c(C(=O)O)c(O)cc2c1C(=O)c1c(O)c([C@H]3O[C@@H](CO)[C@H](O)[C@@H](O)[C@@H]3O)c(O)c(O)c1C2=O,False,0
CCCCCCCCCCC,True,943
O=C/C(Cl)=C(\Cl)C(=O)O,False,0
O=C1OC(=C(Cl)Cl)C(Cl)=C1Cl,False,0
ClC(Cl)(Cl)C(Cl)(Cl)Cl,True,434
CC(O)CN(CC(C)O)CC(C)O,True,85
COc1ccc(O)cc1C(C)(C)C,True,141
O=[N+]([O-])c1ccc(OCC2CO2)cc1,True,251
O=c1[nH]c(=O)n(C2CCCO2)cc1F,True,882
CC(=O)ON(OCc1ccc([N+](=O)[O-])cc1)C(=O)c1ccccc1,False,0
Oc1ccc(Cl)cc1Cc1ccccc1,True,18
CC(=O)N(O)c1ccc2ccc3cccc4ccc1c2c34,True,5
O=C(O)/C=C/c1cccc([N+](=O)[O-])c1,True,3
Cc1c2ccccc2cc2c3c(ccc12)C(O)C(O)C1OC31,False,0
O=[N+]([O-])c1cc(Cl)c(Cl)cc1Cl,True,30
CC(C)(C)N(Cc1ccccc1)CC(O)c1ccc(O)c(CO)c1,True,2
O=C1c2ccccc2-c2ccc3ccc4ccccc4c3c21,False,0
Cc1c(N(C)C)c(=O)n(-c2ccccc2)n1C,True,983
C1=C2CCCC(=CC3OC13)O2,False,0
NC(CCC(=O)NC(CS)C(=O)NCC(=O)O)C(=O)O,False,0
Cc1cnc2ccc3c(nc(NC4OC(C(=O)O)C(O)C(O)C4O)n3C)c2n1,False,0
O=C1OC2C(O)COC2(O)C1(O)Cc1c[nH]c2ccccc12,True,1
O=C(CO)CO,True,175
S=P(N1CC1)(N1CC1)N1CC1,True,384
Nc1ccc2c(no[n+]2[O-])n1,False,0
CNC(=O)Oc1ccc2c(c1)C1(C)CCN(C)C1N2C,False,0
COc1cc2c(c3oc(=O)c4c(c13)C(Cl)C(Cl)C4=O)C1C=COC1O2,False,0
CC1CCC2(OC1)OC1CC3C4CC=C5CC(O)CCC5(C)C4CCC3(C)C1C2C,False,0
NC(CO)C(=O)O,True,239
O=C(c1ccccc1)C(O)c1ccccc1,True,684
CC(=O)C(=O)c1ccccc1,True,314
CC(=O)OCC[C@@H](C=O)c1c(O)cc2c(c1O)C(=O)c1c(O)cc(O)cc1C2=O,False,0
CCn1c(N)nc2c3ncc(C)nc3ccc21,False,0
O=C1C=CC(=O)N1,True,2933
C1=Cc2ccc3nc4ccc5ccccc5c4cc3c2CC1,True,1
Cc1cccc(C#N)c1,True,94
O=NN1CCS[C@@H]1[C@H](O)[C@H](O)[C@H](O)[C@H](O)CO,False,0
[N-]=[N+]=NC[C@@H](O)Cn1cnc2c(N)ncnc21,False,0
CCN(CC)c1ccc2cc(-c3nc4ccccc4n3C)c(=O)oc2c1,True,14
COc1ccc(-c2coc3cc(O)cc(O)c3c2=O)cc1,True,1313
C[C@H]1C[C@@H](OC(=O)c2ccccc2O)CC(C)(C)C1,False,0
CC(=O)c1ccc([N+](=O)[O-])cc1,True,176
Oc1ccc(Nc2ccc3ccccc3c2)cc1,True,1
C=C(C#N)C(=O)OCC(C)C,True,213
CC(=O)CN(CC(C)O)N=O,True,158
CCn1c(N)nc2c3nc(C)cnc3ccc21,False,0
CCOCC,True,15528
Cc1ccc2ncccc2c1,True,65
COc1cc(N)c(C)cc1N,True,1
O=c1c2[nH]c3ccccc3c2nnn1N=Cc1ccc([N+](=O)[O-])cc1,False,0
Cc1c2ccccc2c2ccc3cccc4ccc1c2c43,True,100
BrCc1c2ccccc2cc2ccccc12,True,17
CN(C)c1ccc(C(c2ccccc2)c2ccc(N(C)C)cc2)cc1,True,65
O=P1(Oc2ccccc2)OCc2ccccc2O1,True,32
Fc1cnc2ccccc2c1,True,21
CC(=O)Oc1cc(C=O)cc2c1C(COC(N)=O)C1(OC(C)=O)ON2CC2C1N2C(C)=O,True,3
O=C1C(=O)C(c2ccccc2)Oc2cc(O)cc(O)c21,True,29
Cc1ccccc1C=O,True,358
C(CCOCC1CO1)COCC1CO1,True,127
COc1cc(O)ccc1Nc1c2ccccc2nc2ccccc12,False,0
CC[C@@H]([C@@H](C)O)[N+](=O)[O-],False,0
O=CCC=O,True,8988
CCCC/C=C/C=C/C=C/C=C/C=C/OC,False,0
CSCCC(NC(=O)COc1ccc(Cl)cc1Cl)C(=O)O,False,0
c1ccc2c(c1)ccc1cc3ccc4ccncc4c3cc12,True,5
O=C(O)c1ccco1,True,728
Cc1ccc(C)c2c1c1ccccc1n2C,False,0
CCOCCOCCOCC,True,73
CC(=O)c1cc(Cc2ccc(N)c(C(C)=O)c2)ccc1N,False,0
CCCCC1CO1,True,105
CC(=O)OCC(O)CO,True,159
CN(C)c1ccc2nc3ccc(N(C)C)cc3[s+]c2c1,True,1
O=C1c2ccccc2C(=O)c2c(O)cc(O)cc21,True,13
c1ccc(CNc2[nH]cnc3ncnc2-3)cc1,False,0
CCCOC(=O)c1cc(O)c(O)c(O)c1,True,1020
Cc1cccc(C(=O)Cl)c1,True,21
O=C(/C=C/c1ccccc1)c1ccc(F)cc1,True,3
Oc1c2ccccc2c2ccc3cccc4ccc1c2c43,True,162
CN(C#N)N=O,True,28
CCCCC(CC)COC(=O)c1cccc(C(=O)OCC(CC)CCCC)c1,True,18
COc1ccc(-c2nc(-c3ccccc3)c(-c3ccccc3)[nH]2)cc1OC,False,0
CCCCON(OC(C)=O)C(=O)c1ccc2ccccc2c1,True,1
ONc1ccc(Oc2ccccc2)cc1,True,2
O=c1[nH]c(=O)n([C@H]2C[C@H](O)[C@@H](CO)O2)cc1C(F)(F)F,True,715
CC/C=C/C=C/C=C/C=C/C=O,False,0
COc1ccc(O)cc1,True,976
CCN(N=O)c1ccccc1,True,12
Nc1cc(Cl)c([N+](=O)[O-])cc1O,False,0
CC(=O)O[C@H]1C[C@@H]2C(COC(=O)CC(C)C)=CO[C@@H](OC(=O)CC(C)C)[C@H]2[C@@]12CO2,False,0
CSCCC=O,True,362
CC(C)(C)OOC(C)(C)c1cccc(C(C)(C)OOC(C)(C)C)c1,False,0
Cn1cnc2ccc([N+](=O)[O-])cc21,True,2
COC(=O)c1ccc(C(=O)OC)cc1,True,329
C1CSCCS1,True,183
O=C1c2ccccc2C(=O)c2c(O)cccc21,True,126
Nc1ccc(S(=O)(=O)Nc2nccs2)cc1,True,462
C/C=C(C(=C/C)/c1ccc(O)cc1)\c1ccc(O)cc1,True,71
Oc1cc2ccc3cc4ccccc4c4ccc(c1)c2c34,True,43
CC1Cc2ccc(C(=O)NC(Cc3ccccc3)C(=O)O)c(O)c2C(=O)O1,False,0
CNC(=O)N(c1ccccc1)c1ccccc1,True,5
CC1CCC(C(C)C)CC1,True,126
N=C(N)NC(=O)c1nc(Cl)c(N)nc1N,True,14
O=C1c2cc([N+](=O)[O-])ccc2-c2c1cc([N+](=O)[O-])cc2[N+](=O)[O-],True,64
CC1COc2c(N3CCN(C)CC3)c(F)c(C(=O)O)c3c(=O)ccn1c23,False,0
N=C(N)NNc1ccc(N=NC(N)=S)cc1,False,0
C[C@@H](CCN(C)C)N(C)C,False,0
Cc1cc([N+](=O)[O-])ccc1[N+](=O)[O-],True,110
O=C(O)CCCCCCCCC(=O)O,True,1003
Cc1ccc2c(C)c3c(nc2c1)-c1ccccc1C(O)C3O,False,0
Cc1ccc(NC(N)=O)cc1,True,33
O=C1c2cc([N+](=O)[O-])cc([N+](=O)[O-])c2-c2c1cc([N+](=O)[O-])cc2[N+](=O)[O-],True,33
CN(C(=O)CN(CCO)CC(=O)N(C)C(C)(C)Cc1ccccc1)C(C)(C)Cc1ccccc1,True,7
O=S1(=O)OCCCO1,True,6
CCCC[C@@H](CC)COC[C@H]1CO1,False,0
O=[N+]([O-])c1ccc2c3c(c(O)ccc13)-c1ccccc1-2,True,10
O[C@H]1c2cccc3c2[C@@]2(O[C@@H]2[C@@H]1O)c1ccc2ccccc2c1-3,False,0
CC(=O)N(O)c1ccc(Br)cc1,False,0
CNc1ccc2nc(C)cnc2c1C,False,0
N#Cc1ccc(C[C@@]23C[C@H](N=[N+]=[N-])CN2C(=O)N(c2cc(Cl)cc(Cl)c2)C3=O)cc1,False,0
CCCCCCCCCCCCO,True,1491
O=C1c2ccccc2C(=O)N1CCl,True,22
C1COCCOCCOCCOCCOCCOCCO1,False,0
ClCCC(Br)CBr,True,18
NC(CO)C(=O)NNCc1ccc(O)c(O)c1O,True,408
CN1CCC=C2c3nc(N)sc3CCC21,True,4
Nc1c(O)cc(Cc2cc(Cl)c(N)c(OS(=O)(=O)O)c2)cc1Cl,True,2
Nc1cc([N+](=O)[O-])cc(S(=O)(=O)O)c1O,True,1
COC(=O)/C=C/C(C)=C\C=C\C(C)=C\C=C\C=C(C)\C=C\C=C(C)\C=C\C(=O)OC,False,0
O=NN1CCC(=O)NC1=O,True,37
CCc1cc(Cc2cc(C)c(N)c(CC)c2)cc(C)c1N,True,3
OCc1ccc(F)cc1,True,112
C1CC[C@H]2CCCC[C@@H]2C1,True,282
Cc1c2ccccc2c(CBr)c2c1ccc1ccccc12,False,0
COC(O)=C1C(C)=NC(C)=C(C(=O)OC/C=C/c2ccccc2)[C@@H]1c1cccc([N+](=O)[O-])c1,False,0
CC1CCCC1,True,218
CCCCC(C)C(OC(=O)CC(CC(=O)O)C(=O)O)C(CC(C)CCCCCCC(O)CC(O)C(C)N)OC(=O)CC(CC(=O)O)C(=O)O,False,0
C=CCn1cc2c3c(cccc31)[C@@H]1C=C(CO)CN(C)[C@@H]1C2,False,0
CCCC(=O)c1cc(O)c(O)cc1O,True,17
COc1cc(N=Nc2ccccc2)ccc1N,True,109
N#CC1(O)CCCCC1,False,0
C=C(C)C(=O)OCC(CC)(COC(=O)C(=C)C)COC(=O)C(=C)C,True,3
C#C[C@@](OC(=O)NC1CCCCC1)(c1ccccc1)c1ccc(C)c(C)c1,False,0
c1cc2ccc3ccc4ccc5ccc6ccc1c1c2c3c4c5c61,True,857
O[C@@H]1C=Cc2c(ccc3c2ccc2ccccc23)[C@H]1O,True,8
O=c1oc2cc([N+](=O)[O-])ccc2c2ccccc12,True,3
O=NN(c1ccccc1)c1ccccc1,True,225
CC(=O)CN(CC(C)=O)N=O,True,324
COc1cc2c(c3oc4cccc(O)c4c(=O)c13)C1C=COC1O2,False,0
COc1ccccc1NC(=O)C(N=Nc1ccc(-c2ccc(N=NC(C(C)=O)C(=O)Nc3ccccc3OC)c(Cl)c2)cc1Cl)C(C)=O,False,0
CC(C)(C)NCC(O)COc1ccccc1C1CCCC1,True,2
CC(=O)OCc1cc(C(C)=O)ccc1OC(C)=O,False,0
CCOP(=O)(OCC)OCC,True,604
C=C(Cl)CSC(=S)N(CC)CC,True,50
Nc1ccc(-c2ccc(N)c(Cl)c2)c(Cl)c1,False,0
COC(=O)c1ccc([N+](=O)[O-])c2c(NCCCN(C)C)c3ccccc3nc12,False,0
Cc1ccc(N(C)C)cc1,True,252
CC(=O)CC(C)=O,True,1830
COc1ccc2cc1Oc1ccc(cc1)C[C@H]1c3c(cc4c(c3Oc3cc5c(cc3OC)CCN(C)[C@@H]5C2)OCO4)CCN1C,True,386
CC(=O)NCc1nc(-c2ccc([N+](=O)[O-])o2)no1,False,0
Nc1nc2cc(Cl)ccc2[nH]1,True,1
CCCCCCCCCCCCCCCC(=O)O,True,18408
Cc1cc(N(C)C)ccc1N=Nc1ccccc1,True,92
C=CC(C)C#N,True,29
O=[N+]([O-])c1ccc2snc(Cl)c2c1,False,0
C=C(C=O)CC,True,39
Nc1cccc(O)c1[N+](=O)[O-],True,29
COc1cc(O)c2c(O)c3c(O)cc(C)cc3cc2c1,False,0
O=C1OC(O)C(Cl)=C1Cl,True,74
O=CC(Cl)(Cl)Cl,True,531
COc1cc2c(c3oc(=O)c4c(c13)CCC4O)C1C=COC1O2,True,2
OC1C=Cc2cc3c(cc2C1O)-c1cccc2cccc-3c12,True,2
OCc1ccco1,True,1003
BrCc1cccc(CBr)c1,True,80
Nc1ccc(Oc2ccc(Cl)cc2Cl)cc1,True,6
CCCCCCCCS(=O)C(C)Cc1ccc2c(c1)OCO2,True,457
CO/N=C(\C(=O)NC1C(=O)N2C(C(=O)O)=C(C[n+]3ccn4ncccc43)CSC12)c1nsc(N)n1,False,0
CC(=O)Nc1cccc(N=[N+]([O-])c2cccc(NC(C)=O)c2C)c1C,True,4
C[N+]1=CC=C(c2ccccc2)CC1,True,141
O=[N+]([O-])c1ccc2c(Cl)nsc2c1,False,0
CC(C)(CO)CO,True,187
CCN(Cc1cccc(S(=O)(=O)O)c1)c1ccc(C(=C2C=CC(=[N+](CC)Cc3cccc(S(=O)(=O)O)c3)C=C2)c2ccc(S(=O)(=O)O)cc2)cc1,False,0
O=C1OC(O)C(C(Cl)Br)=C1Cl,True,4
CC(=O)NS(=O)(=O)c1ccc(N)cc1,True,142
ClCC(Cl)CCl,True,270
Cc1cc2c(C)c3ccccc3c(C)c2cc1C,False,0
Nc1ccc2nc3ccccc3nc2c1,True,17
OC1C=Cc2c(ccc3nc4ccc5ccccc5c4cc23)C1O,False,0
Cn1c(N)nc2ccccc21,True,15
CC(C)Cc1ccc(C(C)C(=O)O)cc1,True,6996
COc1ccc2c(c1)C(=O)c1c(OC)c(OC)cc3ccnc-2c13,True,27
CC(=O)ON(OC(C)C)C(=O)c1ccccc1,False,0
CC(=O)C(C)O,True,1485
COc1ccc(-c2nc(-c3ccccc3)c(-c3ccccc3)[nH]2)cc1,False,0
O=C(O)C(Cl)Br,True,314
Nc1ccc2ccccc2n1,True,395
c1ccc2c(c1)[nH]c1ccccc12,True,4341
[N-]=[N+]=NCCC(=O)O,True,18
COC(=O)c1cc(Cc2ccc(N)c(C(=O)OC)c2)ccc1N,False,0
COc1cc([C@@H]2c3cc4c(cc3[C@@H](O[C@@H]3O[C@@H]5CO[C@@H](c6cccs6)O[C@H]5[C@H](O)[C@@H]3O)[C@H]3COC(=O)[C@@H]23)OCO4)cc(OC)c1O,False,0
Nc1c(Cl)cc([N+](=O)[O-])cc1Cl,True,151
C/C=C/CC,True,125
COc1cccc2c(O)c3c(O)c4c(c(O)c3c(O)c12)C(=O)CC(O)(C(C)=O)C4,False,0
COc1ccc2cccc3c2c1C(=O)N(C)C3=O,False,0
C=C1CCC2C(c3c(C)c(O)c4c(c31)C(=O)C(C)C4)C2(C)C,False,0
Oc1ccc(/C=N/c2snc3ccccc23)cc1,False,0
O=S(=O)(O)c1cccc2cc(O)ccc12,False,0
FC(F)(F)c1ccccc1Cl,True,20
OCCN(CCO)CCO,True,2325
CCN(CC)CCN1C(=O)CN=C(c2ccccc2F)c2cc(Cl)ccc21,True,424
ClCc1cc2cccc3ccc4cc5ccccc5c1c4c32,True,4
CCN1CCN(C(=O)NC(C(=O)NC2C(=O)N3C2SC(C)(C)C3C(=O)O)c2ccccc2)C(=O)C1=O,False,0
CCN(Cc1ccccc1)c1ccccc1,True,5
CCc1ccc(C)nc1,True,29
Oc1cccc(Nc2ccccc2)c1,False,0
CCNc1cc2oc(=O)cc(C)c2cc1C,True,76
Cn1c2ccc3cc2c(=S)c2cc(ccc21)OCCOCCOCCOCCOCCOCCO3,False,0
CC(C)CN(CC(C)C)CC(C)C,True,53
Cc1ccc2nsc(N)c2c1,False,0
CCN(CC)CC#CC(C)(C)OC(=O)C(O)(c1ccccc1)C1CCCCC1,True,67
CN=C=O,True,549
CC(=O)Nc1ccc(C(=O)/C=C/c2ccccc2)cc1,True,1
COc1cc2c(c(OC)c1OC)-c1ccc(OC)c(=O)cc1[C@H](NC(C)=O)CC2,True,1
COc1nsc2cc(N)ccc12,False,0
Fc1c(F)c(Cl)c(F)c(Cl)c1F,True,3
N[C@@H](CCC(=O)NNc1ccccc1)C(=O)O,False,0
CC1OCCc2cc3c(cc21)C(C)(C)C(C)C3(C)C,False,0
Cc1cccc2c1ccc1cc(C(C)C)ccc12,True,492
CCCCCCCCCC(=O)O,True,2598
Oc1ccccc1,True,21119
CC(C)(CO)C(O)C(=O)NCCCO,True,11
O=[N+]([O-])c1ccc(Cl)cc1Cl,True,164
O=C(O)C(Br)Br,True,493
BrCC(Br)CBr,True,53
CCN(CC)C(=S)S,True,195
COS(C)(=O)=O,True,1080
CC1CN(c2cc3c(cc2F)c(=O)c(C(=O)O)cn3-c2ccc(F)cc2F)CCN1,True,100
OCCN(CCO)c1nc(-c2cccs2)nc2ccccc12,True,1
CN(C)CCCN1C=CN(C)C1/C=N/O,False,0
N#Cc1ccc(/C=C/c2ccc(N)cc2)cc1,True,3
CN(C)CCNC(=O)c1cccc2c1C(=O)c1ccccc1C2=O,False,0
ClCC(Cl)(Cl)Cl,True,249
CC(=O)Nc1ccc(OC(=O)c2ccccc2OC(C)=O)cc1,True,10
CN1CCN(C)CC1,True,89
NC(=O)N/N=C/c1ccc([N+](=O)[O-])o1,True,626
O=C(O)c1ccc(C(=O)O)cc1,True,1193
COc1cc(C(O)c2ncc([N+](=O)[O-])n2C)c(O)c(C(C)(C)C)c1,False,0
O=[N+]([O-])c1ccc2c(ccc3c4ccccc4ccc23)c1,True,9
CCCC(=O)OCCC(C)C,True,144
Oc1ccc2ccccc2c1N=Nc1ccccc1,True,430
Nc1ccc(/N=N/c2ccc(S(=O)(=O)O)cc2)c(N)c1,False,0
CC(=O)OO[N+](=O)[O-],True,288
CC(=O)Nc1cccc2cc(F)cnc12,False,0
C=CN=Nc1ccccc1,True,1
C=CC(=O)OCCOCCOCCOCCOC(=O)C=C,True,49
CC(CCl)OP(=O)(OC(C)CCl)OC(C)CCl,True,241
CNc1ccc2ncc(C)nc2c1N,True,1
Oc1ccc(Cl)cc1Cl,True,2519
N[C@@H](CCC(=O)N[C@@H](CS/C(Cl)=C(/Cl)C(Cl)=C(Cl)Cl)C(=O)NCC(=O)O)C(=O)O,False,0
CC(=O)ON(C)c1ccc(N=Nc2ccccc2)cc1,False,0
Cc1ccc(Nc2ccc(N)c3c2C(=O)c2ccccc2C3=O)c(S(=O)(=O)O)c1,False,0
Oc1ccccc1/C=N/c1snc2ccccc12,False,0
CC1CCCO1,True,559
O=C(O)C1Cc2c([nH]c3ccccc23)C(c2ccccc2)N1,False,0
O=C(O)CCCc1ccc(N(CCCl)CCCl)cc1,True,1049
c1ccc(C(c2ccccc2)c2ccccc2)cc1,True,380
c1ccc2c3c4c(ccc5cccc(c54)C4OC34)cc2c1,False,0
COP(C)(=O)OC,True,564
ClCc1cccc2c1-c1cccc3cccc-2c13,False,0
O=C1C=C(O)c2ccccc2C1=O,True,5
O=C(O)c1ccc(NC2OCC(O)C(O)C2O)cc1,False,0
C#CCBr,True,1220
CC(C(=O)O)N(CC1(O)CCC(O)C(O)C1O)N=O,False,0
CC(=O)OCN(CCCCCl)N=O,False,0
CC1(C)C(=O)[C@@]2(C)CC[C@@H]1C2,True,22
Cc1ccc2nc3ccccc3c(N)c2c1,False,0
CC(=O)NNC(=O)c1ccccn1,False,0
Cc1nc2cc(C)c3c(nc(N)n3C)c2nc1C,True,32
COS(=O)(=O)OC,True,1605
O=C(Cl)c1cccc([N+](=O)[O-])c1,True,31
CC(CCC(=O)O)C1CCC2C3CCC4CC(O)CCC4(C)C3CCC12C,False,0
Oc1c(Cl)cc(Cl)cc1Sc1cc(Cl)cc(Cl)c1O,True,187
O=C1c2ccccc2-c2ccc([N+](=O)[O-])cc21,True,53
O=C(/C=C/c1ccc([N+](=O)[O-])cc1)c1ccccc1,True,21
CC[C@@]1(CC(=O)O)OCCc2c1n(C)c1ccccc21,False,0
SCCc1cnccn1,True,7
O=[N+]([O-])c1ccc(-c2ccc([N+](=O)[O-])cc2)cc1,True,30
Oc1cccc2c1ccc1nc3ccc4ccccc4c3cc12,True,1
Nc1cc2nc3ccccc3nc2cc1O,True,28
COc1ccc2c(c1OC)CN1CCc3cc4c(cc3C1=C2)OCO4,True,220
CCCCOc1ccc(N=Nc2ccc(N(CC)CC)cc2)cn1,False,0
Cc1ccccc1S(N)(=O)=O,True,171
C=C1CC[C@H](O)C/C1=C/C=C1/CCC[C@]2(C)[C@@H]1CC[C@H]2[C@H](C)CCCC(C)C,False,0
O=C1CCCc2c1ccc1c2ccc2ccccc21,True,2
Clc1cnc2ccccc2c1,True,15
C[n+]1c2ccccc2nc2ccccc21,True,20
CC(C)S(=O)(=O)Cl,True,30
c1ccc(-c2cccc(-c3ccccc3)c2)cc1,True,125
Cc1cc2nccnc2c2nc(N)n(C)c12,True,27
C=C(Cl)C=O,True,188
O=[N+]([O-])/C=C/c1ccccc1,True,218
COc1ccc(/C(Br)=C\C(=O)O)cc1,False,0
c1ccc2[nH]c(-c3cscn3)nc2c1,True,1176
OC1c2c(ccc3ncccc23)C2OC2C1O,False,0
CCN(CC)S(=O)(=O)c1ccc(N)cc1,True,2
Cc1cc(N)c(C)c2c1[nH]c1ccccc12,True,2
O=C(O)c1ccccc1C(=O)O,True,2820
O=[N+]([O-])c1cc2[nH]c3ccc4ccccc4c3c2c2cccc(O)c12,False,0
CC[C@]1(O)C[C@H](O[C@@H]2C[C@H](N)[C@@H](O)[C@H](C)O2)c2c(cc3c(c2O)C(=O)c2c(O)ccc(O)c2C3=O)[C@H]1C(=O)OC,False,0
COc1ccc(O)c(C(C)(C)C)c1,True,195
COc1ccc2cc(C(C)C(=O)O)ccc2c1,True,20
CC(C)(C)c1c(N)ccc2c1Cc1ccccc1-2,False,0
CNC(=O)Oc1ccccc1,True,52
CN(C)C(=S)N(C)C,True,237
CC(C)CNC(=O)/C=C/c1ccc([N+](=O)[O-])o1,False,0
O=C(O)CCC(=O)Nc1cc(Cl)cc(Cl)c1,True,39
C=C(C)C(=O)OCC,True,447
CC(=O)Nc1ccc(Cc2ccc(NC(C)=O)c(Cl)c2)cc1Cl,False,0
CC(=O)OC1C2OC2C2=CC(=O)C3(CC2(C)C1C)OC3(C)C=O,False,0
CNc1ccc(N=Nc2ccc(N(C)C(C)=O)cc2)cc1,False,0
CC(=O)CN(C[C@@H](C)O)N=O,False,0
COc1ccc(CN(CC[N+](C)(C)[O-])c2ccccn2)cc1,True,4
COc1cc(C)cc2c(OC(C)=O)c(-c3c(C)cc4c(OC(C)=O)ccc(OC(C)=O)c4c3OC)cc(OC(C)=O)c12,False,0
O=c1cc(-c2ccc(O)c(O)c2)oc2cc(O)cc(O)c12,True,8316
C=C[C@@H](OC(C)=O)c1ccc(OC)cc1,False,0
CCN=C=S,True,178
Cc1cc(=O)oc2cc3c(cc12)C1(C)OOC1(C)O3,False,0
Nc1ccc2c(-c3ccccc3C(=O)O)c3ccc(N)cc3[o+]c2c1,False,0
CC=O,True,9818
CC(C)(C)[N+](=O)[O-],True,65
Cc1cccn2c1nc1ccc(NO)nc12,True,30
N#Cc1ccc2[nH]c(N)nc2c1,True,2
Nc1nc2cc(O)ccc2[nH]1,True,1
COP(=O)(OC)O/C(=C\Cl)c1cc(Cl)c(Cl)cc1Cl,True,228
C=C(Cl)Cl,True,455
O=C1c2ccccc2-c2c3c(cc4ccnc1c24)OCO3,True,347
C[C@@H]1COc2c(N3CCN(C)CC3)c(F)c(C(=O)O)c3c(=O)ccn1c23,False,0
CC(C)(C)NC(=O)/C=C/c1ccc([N+](=O)[O-])o1,False,0
O=[N+]([O-])c1ccc2cc3c(cc2c1)C=CC(O)C3O,False,0
CCCCCC(N)=O,True,155
CCc1c(Br)c(Br)c(Br)c(Br)c1Br,True,9
CN(N=O)C(=O)c1c(N(C)C(=O)OC(C)(C)C)ncn1C,False,0
C=C1C/C(=C/C)C(=O)O[C@H]2CCN3CC=C(COC(=O)[C@]1(C)O)[C@H]23,False,0
O=[N+]([O-])c1cccc(C(F)(F)F)c1,True,29
CCN(CCCl)c1ccc(-c2nc3cc(-c4nc5cc(N6CCN(C)CC6)ccc5[nH]4)ccc3[nH]2)cc1,False,0
C1CCCCC1,True,6884
CC1CO1,True,1254
O=NN1CCCCC1,True,525
CCCCOc1ccc(/C=N/c2ccc(CC)cc2)cc1,False,0
O=C(OOC(=O)c1ccccc1)c1ccccc1,True,1767
Oc1ncc(F)c(O)n1,True,29
C=C1C(=O)OC2C1CCC(C)C1C=CC(=O)C12C,False,0
O=[N+]([O-])c1ccccc1-c1ccccc1,True,110
CCc1cccc(CC)c1N(COC)C(=O)CCl,True,1239
O=[N+]([O-])c1ccc2[nH]c3c([N+](=O)[O-])c(O)c([N+](=O)[O-])cc3c2c1,True,1
c1ccc(N(c2ccccc2)c2ccccc2)cc1,True,589
Cc1cc(N)c(C)c([N+](=O)[O-])c1N,True,3
C#C[C@@]1(O)CC[C@H]2[C@@H]3CCC4=CC(=O)CC[C@@H]4[C@H]3CC[C@@]21CC,False,0
C(=NC1CCCCC1)=NC1CCCCC1,True,3920
Fc1ccc(F)c2c1ccc1ncccc12,False,0
c1cnc2c(c1)CCC1OC21,True,1
Oc1cc2ccccc2c2ccc3ccccc3c12,True,15
CCOC(=O)Cc1c(C(=O)O)c2ccccc2n1C,True,1
Nc1cccc([N+](=O)[O-])c1O,True,5
O=CN(O)c1ccc([N+](=O)[O-])cc1,True,4
CCCCN,True,1767
Nc1cnc2ccc3ccccc3c2c1,True,1
COc1cc(O)c2c(c1)OC(c1ccc(O)c(O)c1)C(=O)C2=O,False,0
O=[N+]([O-])c1cc2cc3ccc4cccc5ccc(c2o1)c3c45,False,0
CN(C)CCN(C)C,True,1718
Cc1ccc(C)c2c1[nH]c1ccccc12,True,2
COC(=O)C(c1ccccc1)C1CCCCN1,True,1563
CCCCCCCCCCCCCOC(=O)C[N+](CC)(CC)CC,False,0
COP(=S)(OC)Oc1nc(Cl)c(Cl)cc1Cl,True,203
C1COCCOCCOCCOCCOCCO1,True,1572
COc1cc2c(c3oc(O)c4c(O)ccc-4c13)C1C(O2)OC2OC21,False,0
O=C1CN(CCN2CC(=O)N(CN3CCOCC3)C(=O)C2)CC(=O)N1CN1CCOCC1,True,8
OCC(CO)(CBr)CBr,True,156
C1=Cc2c(ccc3ccc4ccccc4c23)C1,True,1
C[C@@H]1CCc2c1ccc1c2ccc2ccccc21,False,0
O=[N+]([O-])c1ccc2ccc3c4ccccc4[n+]([O-])c4ccc1c2c34,True,2
Nc1nnc(S)s1,True,140
CC(C)COS(=O)(=O)c1ccccc1,True,6
CCOC(=O)CNC(=O)CCCCSc1[nH]cnc2ncnc1-2,False,0
CC(C)(Oc1ccc(C(=O)c2ccc(Cl)cc2)cc1)C(=O)O,True,253
Cc1ccc(N)c(S(=O)(=O)O)c1,True,8
O=C1CC2SCC=CN12,True,2
C1=Cc2c3ccccc3cc3cc4ccccc4c1c23,True,4
COC1=CC(=O)c2c(nc(C)c3c4c[nH]ccc-4nc23)C1=O,False,0
NN(Cc1ccccc1)Cc1ccccc1,True,6
CN(C)CCNC(=O)c1cccc2ncc(-c3ccccc3)nc12,False,0
COP(=O)(O)OC,True,150
CC(C)C(C)C,True,180
OC1c2cccc3c2C2(OC2C1O)c1cc2ccccc2cc1-3,False,0
COP(=O)(O)O,True,101
Cc1cc2c(c3ccc4ccccc4c13)C(=O)CC2,False,0
NC(Cc1ccc(O)cc1)C(=O)O,True,97
CC(=O)Oc1ccc2c(c1)OC1(C)OOC21C,False,0
O=[N+]([O-])c1ccc(Cl)c([N+](=O)[O-])c1,True,2447
O=Cc1cccc(Cl)c1,True,106
O=C(NCCCl)Sc1[nH]cnc2ncnc1-2,False,0
Clc1cc2c3ccccc3ccc2c2ccccc12,True,23
C=C(C)c1ccc(C)c2ccc(C=O)c-2c1,True,7
C/C(C(=O)O)=C(/Cl)C(=O)O,False,0
COc1cc(Cc2cnc(N)nc2N)cc(OC)c1OC,True,2544
O=[N+]([O-])c1cccc2nc3c([N+](=O)[O-])cccc3nc12,False,0
CC(C)N=C=NC(C)C,True,915
c1ccc2c(COCC3CO3)cccc2c1,True,10
Clc1nncc2cnccc12,False,0
CCCCOCCOC(=O)COc1ccc(Cl)cc1Cl,True,14
COc1cccc2c1C(=O)c1c(O)c3c(c(O)c1C2=O)C[C@@](O)(/C(C)=N/NC(=O)c1ccccc1)C[C@@H]3O[C@H]1C[C@H](N)[C@H](O)[C@H](C)O1,False,0
CCCCCCCCCc1ccc(O)cc1,True,1625
O=c1[nH]c(=O)n(C2CC(O)C(CO)O2)cc1CO,False,0
O=[N+]([O-])c1ccc(Oc2ccc(Cl)cc2Cl)cc1,True,140
C=C1CC23CC1(O)CCC2C12C=CC(O)C(C)(C(=O)O1)C2C3C(=O)O,True,705
COCC(=O)O,True,531
Oc1ccc2c(ccc3[nH]c4ccc5ccccc5c4c32)c1,True,4
CC(C)(c1cc(Br)c(O)c(Br)c1)c1cc(Br)c(O)c(Br)c1,True,27
Cn1c2ccccc2c2nn[n+]([O-])c(C(=O)OCCCl)c21,False,0
O=c1c2ccccc2c(=O)c2c1ccc1c2[nH]c2c3c(=O)c4ccccc4c(=O)c3c3[nH]c4c(ccc5c(=O)c6ccccc6c(=O)c54)c3c12,True,1
Oc1ccc(O)c(O)c1,True,959
Nc1snc2c(Cl)cc(Cl)cc12,False,0
Cc1ccc(C(O)(P(=O)(O)O)P(=O)(O)O)cc1N(CCCl)CCCl,True,1
CCS,True,1000
Clc1nncc2cccnc12,False,0
CCCCN(CCO[N+](=O)[O-])[N+](=O)[O-],False,0
CCCCCC(=O)O,True,2715
C=C(C)C(=O)OCCCCCC,True,116
COC(=O)C(C)Cl,True,106
CCCC(=O)Nc1ncnc2c1ncn2C1OC2COP(=O)(O)OC2C1OC(=O)CCC,False,0
CCC(C)Nc1ccc(NC(C)CC)cc1,True,2
Cc1ccc(O)c(C)c1,True,533
N#CCCl,True,482
C1N2CN3CN1CN(C2)C3,True,142
O=C1OC(O)C(CBr)=C1Br,False,0
COc1cccc2c1C1(C)OOC1(C)O2,False,0
CCc1cnccn1,True,196
C1CCC2OCCOCCOC3CCCCC3OCCOCCOC2C1,True,46
O=C(/N=c1\sn(C(=O)c2ccc(Cl)cc2)c2ccc([N+](=O)[O-])cc12)c1ccc(Cl)cc1,False,0
CC1=C[C@H]2c3cccc4[nH]cc(c34)C[C@H]2N(C)C1,True,3
O=C1C2CC=CCC2C(=O)N1SC(Cl)(Cl)C(Cl)Cl,True,102
CCCCC(CC)COC(=O)CCCCCCCCC(=O)OCC(CC)CCCC,True,204
CC(=O)[C@@H](C)O,True,165
N#CCc1ccccc1[N+](=O)[O-],True,16
Cc1cc2nc3ccc(C)c(N)c3nc2cc1N,True,5
OCc1ccc(O)cc1,True,647
ClCc1cnc(Cl)nc1Cl,True,1
Nc1c(O)cccc1C(=O)O,True,867
CCCCCCCC[C@H]1CO1,True,1
Cc1c(NO)cc(NO)cc1[N+](=O)[O-],True,28
Clc1ccc2c(c1)C(c1ccccc1)=NC=C1NN=CN12,False,0
CC1=CC2CCCCC2c2ccccc21,False,0
C/C=C/C(=O)OC1CC2OC3C=C(C)C(=O)CC3(C)C1(C)C21CO1,False,0
COC(=O)/C(C#N)=C/c1ccc(Br)o1,False,0
COc1ccc(Cc2cnc(N)nc2N)cc1OC,True,46
C[C@@H]1O[C@@H]1C,True,42
COc1cccc2c1C(=O)c1c(O)c3c(c(O)c1C2=O)C[C@@](O)(C(C)=O)C[C@@H]3O[C@H]1C[C@H](N(C)C)[C@@H](O)[C@H](C)O1,False,0
O=[N+]([O-])c1ccc(O[C@H]2CO2)cc1,False,0
CCCCOC[C@H]1CO1,False,0
CCCCCCCCCCCCN(C)N=O,True,27
COC(=O)c1cc2c(c3c1ccc1c(OC)cccc13)OCO2,True,1
CCC(CO)NCCNC(CC)CO,True,9
c1cc2ccc3ccnc4ccc(c1)c2c34,True,52
CN(C)C(=O)Nc1ccc(Cl)cc1,True,314
O=C1c2ccccc2-c2c1ccc1ccc3ccccc3c21,False,0
O=NN1CC[C@@H](O)C1,False,0
Nc1ccc2sncc2c1,True,1
CN(C)CCNC(=O)c1cccc2nc3ccccc3nc12,True,3
O=C(OCC1CCC2OC2C1)C1CCC2OC2C1,True,26
Cc1ccc2ccc3ccc(C)cc3c2c1,True,140
O=C(OC[C@H]1CO1)[C@H]1CCCC[C@@H]1C(=O)OC[C@H]1CO1,False,0
Cc1ccc2cc3c(c4c2c1CC4)C1NC1c1ccccc1-3,False,0
CC/C(=C(/CC)c1ccc(OP(=O)(O)O)cc1)c1ccc(OP(=O)(O)O)cc1,True,7
O=c1ccn(C2CC(O)C(CO)O2)c(=O)[nH]1,False,0
CC(C)CC(C)N,True,35
c1ccc2c(c1)cc1sc3cccc4ccc2c1c43,True,9
COc1cc2c(c3oc(=O)c4c(c13)C(O)CC4O)C1C=COC1O2,False,0
CC(C)CCCC(C)C1CCC2C3C=CC4(OO)CC(O)CCC4(C)C3CCC12C,False,0
O=C(CCl)CCl,True,498
CCCCC(CC)CN,True,68
COc1ccc2c(c1)-c1nccc3cc(OC)c(OC)c(c13)C2=O,False,0
NCCS(=O)(=O)O,True,9783
COc1ccc(N(CCCl)CCCl)c2oc([N+](=O)[O-])cc12,False,0
N/N=C1\N=NC=C2C=CC=C[C@@H]21,False,0
COC(=O)c1cc(-c2ccc(N)c(C(=O)OC)c2)ccc1N,False,0
O=[N+]([O-])c1ccc2ccc3nc4ccccc4c4ccc1c2c34,True,7
O=[N+]([O-])c1cc([N+](=O)[O-])c2ccc(S(=O)(=O)O)cc2c1O,True,13
CCCC[C@H](CC)COC(=O)c1cccc(C(=O)OC[C@@H](CC)CCCC)c1,False,0
CC(=O)CC(=O)/C=C/C(=O)O,False,0
COC(=O)c1oc(N(OC(C)=O)C(C)=O)c(-c2ccccc2)c1-c1ccccc1,False,0
CC1CCC(C(C)C)C(O)C1,True,3128
O=c1c2c(O[C@@H]3O[C@H](CO)[C@@H](O)[C@H](O)[C@H]3O)cc(O)cc2oc2c(O)ccc(O)c12,False,0
COc1cc(N)c([N+](=O)[O-])cc1N,True,1
Nc1ccc2ccc3ccc([N+](=O)[O-])c4ccc1c2c34,True,35
CCOP(=S)(CC)Sc1ccccc1,True,275
Cc1ccc2ccccc2c1[N+](=O)[O-],True,14
CC(C)CCCC(C)C1CCC2C3CC=C4CCCCC4(C)C3CCC12C,False,0
CC(=O)NCCc1ccc(O)c(-c2c(O)c(O)c3c(c2O)C(=O)c2c(cc(O)c(C(=O)O)c2C(=O)O)C3=O)c1,True,42
O=C(/N=c1\sn(C(=O)c2ccccc2[N+](=O)[O-])c2ccc([N+](=O)[O-])cc12)c1ccccc1[N+](=O)[O-],False,0
C=C1C(=O)O[C@@H]2C[C@H](C)[C@H]3C[C@@H](OCC)O[C@@H](OCC)[C@]3(C)C[C@H]12,False,0
c1ccc(OCC2CO2)cc1,True,231
O=[N+]([O-])c1cc([N+](=O)[O-])c(O)c([N+](=O)[O-])c1O,True,89
O=C(O)/C=C(\Br)C(=O)c1ccccc1,False,0
COc1ccc([N+](=O)[O-])c2c(NCCCN(C)C)c3ccccc3nc12,True,1
O=C1C=Cc2c(ccc3c2ccc2ccccc23)C1=O,True,18
NC(=O)c1ccc([N+](=O)[O-])cc1,True,109
ClC[C@H]1O[C@@H](CCl)O[C@@H](CCl)O1,False,0
O=[N+]([O-])c1cc2c3c(cccc3c1)-c1ccccc1-2,True,279
O=NN(Cc1ccccc1)Cc1ccccc1,True,28
CCNCC#CC(C)(C)OC(=O)C(O)(c1ccccc1)C1CCCCC1,False,0
O=C1c2cccc(O)c2C(=O)c2cccc(O)c21,True,127
CC(C)=[N+]([O-])[O-],False,0
CN(C)N=Nc1ccccc1,True,127
O=[N+]([O-])c1ccc2ccc3c([N+](=O)[O-])ccc4ccc1c2c43,True,526
C[C@H]1C[C@@H](C)C(=O)[C@@H]([C@@H](O)CC2CC(=O)NC(=O)C2)C1,False,0
N=NCO,True,1
O=C(Cl)OCc1ccccc1,True,351
CCOC(=O)c1[nH]c2ccccc2c1/N=C/c1ccc(O)cc1,False,0
N#Cc1cccc(/C=C/c2ccc(N)cc2)c1,False,0
Cc1cc([N+](=O)[O-])c2ccccc2c1,True,5
CC(=O)/C=C/c1ccco1,True,3
Nc1ccc(/C=C/c2ccc(N)cc2)cc1,True,12
Cc1ccc(Cc2ccccc2)cc1,True,20
CNC(=O)NC,True,384
NC(CCC(=O)NC(CSc1ccc([N+](=O)[O-])cc1[N+](=O)[O-])C(=O)NCC(=O)O)C(=O)O,True,16
CC(=O)c1ccc(CC(C)C)cc1,True,25
CCn1cc(C(=O)O)c(=O)c2cc(F)c(N3CCNCC3)cc21,True,1285
Nc1ccc(F)cc1F,True,138
Fc1ccc(CCl)cc1,True,42
Nc1ccc2c(c1)C(=O)c1ccccc1C2=O,True,99
CNC(=O)NOC(=O)NC,True,3
C1=CC2OC2c2cccnc21,True,3
c1ccc2c(c1)C1OOC2c2ccccc21,True,15
CC(C)(C)c1cc(-c2ccccc2)ccc1N=O,True,1
CC(Cc1ccccc1)NOS(=O)(=O)ONC(C)Cc1ccccc1,False,0
C[C@@H](O)c1ccccc1,True,217
Cc1cccnc1,True,281
O=Nn1cc(CCO)c2ccccc21,True,5
c1csc(-c2nc(N3CCOCC3)c3ccccc3n2)c1,False,0
CCO[P@](=O)(Oc1ccc([N+](=O)[O-])cc1)c1ccccc1,False,0
COC(=O)C1Cc2c([nH]c3ccc([N+](=O)[O-])cc23)C(C)N1N=O,False,0
CC(O)c1ccccc1,True,1456
C=CCN1C2c3ccccc3-c3ccccc3C21,False,0
O=S(=O)(Nc1ccc(Cl)c(Cl)c1)c1cccc2cccnc12,False,0
Nc1ccc(CO)c([N+](=O)[O-])c1,True,4
CCN(CC)c1ccc2c(-c3ccccc3C(=O)O)c3ccc(N(CC)CC)cc3[o+]c2c1,False,0
C=C(C)C1CC=C(C)C(O)C1,True,243
COCCOC(=O)c1ccccc1C(=O)OCCOC,True,62
Cc1cccc(C)c1Nc1cc(Cl)nc(SCC(=O)NCCO)n1,False,0
CC(=O)ON(OCc1ccc(C(C)(C)C)cc1)C(=O)c1ccccc1,False,0
Cc1cc(C)cc([N+](=O)[O-])c1,True,19
CNCc1ccc(CSCCNC(=NCC(O)c2ccc(O)cc2)NS(C)(=O)=O)o1,True,4
C=C(F)F,True,319
CC1(c2ccc(Br)cc2)CO1,True,1
O=C(CC(O)(CC(=O)OCCBr)C(=O)OCCBr)OCCBr,False,0
CCN1CCNC(=O)C1=O,True,9
CCCC[C@H](C=O)CC,True,2
CC(=O)Oc1ccc(CCl)cc1,True,40
CCc1nc2ccc(NC)c(C)c2nc1CC,False,0
COc1ccc(N)c(C)c1,True,11
Cc1ccc2c(c1N)C(=O)c1ccccc1C2=O,True,11
BrCCCCBr,True,332
O=[N+]([O-])c1ccc(-c2nc3sccn3c2[N+](=O)[O-])cc1,False,0
COc1ccc(C(=O)C2OC2c2ccccc2)cc1,True,1
COc1cccc2c1C(=O)c1c(O)c3c(c(O)c1C2=O)CC(O)(C(C)=O)CC3OC1CC(N)C(O)C(C)O1,False,0
NC(CCC(=O)NC(CSCCCl)C(=O)NCC(=O)O)C(=O)O,False,0
COc1ccc(Nc2ccc(OC)cc2)cc1,True,24
C1CCCC2OC2CC1,True,82
Cn1c(=O)c2c(ncn2C)n(C)c1=O,True,12048
COc1cccc2c1C(=O)c1c(O)c3c(c(O)c1C2=O)C[C@@](O)(C(C)=O)C[C@@H]3O,True,135
Cc1cc(Cl)cc2c1C(=O)/C(=C1/Sc3cc(Cl)cc(C)c3C1=O)S2,False,0
Oc1ccccc1O,True,7240
CC(=O)CC(=O)Nc1ccccc1C,True,14
CC(N)CN,True,267
O=C1CCC2c3c(ccc(O)c31)-c1ccc(O)c3c1C2(O)C(O)CC3=O,False,0
Clc1c2ccccc2cc2ccccc12,True,26
O=C(NO)c1ccccc1O,True,449
O=C/C=C/c1ccc([N+](=O)[O-])o1,False,0
CCCC[C@@H](CC)CN,False,0
CCCCC/C=C\C=C/C=O,False,0
O=C(/C=C/c1ccc([N+](=O)[O-])cc1)c1ccc([N+](=O)[O-])cc1,True,1
CC(=O)N(C)c1snc2ccccc12,False,0
O=[N+]([O-])c1ccc(Nc2ccc(O)cc2)c([N+](=O)[O-])c1,True,11
CC1COCc2cc3c(cc21)C(C)(C)C(C)C3(C)C,True,370
Cc1cccc(C)c1O,True,568
O[C@@H](c1ccc2c(c1)OCO2)[C@@H]1CO1,False,0
Nc1nc(O)c2nc(O)n(C3OC(CO)C(O)C3O)c2n1,False,0
NC(=O)CNC(=O)N(CCCl)N=O,False,0
[N-]=[N+]=NCCO,True,103
Nc1ccc2nc3ccc(N)cc3[s+]c2c1,True,44
O=C1C(O)=C(O)O[C@@H]1[C@@H](O)CO,True,5
CC(C)(C)c1cc(-c2ccccc2)ccc1NO,True,1
ClCc1c2ccccc2cc2ccccc12,True,29
Cc1nc2c(C)c(C)c3c(nc(N)n3C)c2nc1C,False,0
CCN(CC)c1ccc2c(-c3ccccc3C(=O)O)c3ccc(=[N+](CC)CC)cc-3oc2c1,True,1327
O=C(O)CCC(=O)OC[C@H](NC(=O)C(Cl)Cl)[C@@H](O)c1ccc([N+](=O)[O-])cc1,False,0
FC(F)(F)c1ccc(CCl)cc1,True,12
CCCCOC(=O)c1ccccc1C(=O)OC1CCCCC1,True,36
Nc1cc(N)c(N=Nc2ccc(S(=O)(=O)O)cc2)cc1N=Nc1ccc(-c2ccc(N=Nc3ccc(O)c(C(=O)O)c3)cc2)cc1,False,0
COc1cccc(CN2C3c4ccccc4-c4ccccc4C32)c1,False,0
C=CCOC[C@H]1CO1,False,0
O=NN1CCSC1C(O)C(O)C(O)C(O)CO,True,4
C1=c2ccccc2=C2Cc3ccccc3C3=C4OC4=C1C32,False,0
COc1cc2c(c3c(C)cc4ccccc4c13)CCC2=O,False,0
O=C(O)c1nn(Cc2ccc(Cl)cc2Cl)c2ccccc12,True,242
CCCC(=O)O,True,4082
ClCc1cc2c3ccccc3cc3ccc4cccc1c4c32,True,4
Nc1cccc2c1C(=O)c1ccccc1C2=O,True,168
Oc1ccc2c(ccc3c4ccccc4ccc23)c1,True,74
O=C(Nc1ccc(Br)cc1)c1cc(Br)cc(Br)c1O,True,39
Cc1c2ccccc2cc2ccc3ccccc3c12,True,73
Cc1ccccc1[C@H](OCCN(C)C)c1ccccc1,False,0
O=S(=O)(O)c1ccc2c(N=Nc3ccc(S(=O)(=O)O)c4ccccc34)c(O)c(S(=O)(=O)O)cc2c1,False,0
Nc1c2ncn(C(c3ccccc3)(c3ccccc3)c3ccccc3)c2nc[n+]1[O-],False,0
CC(=O)Nc1ccc(S(=O)(=O)Cl)cc1,True,83
O=[N+]([O-])c1ccc2c3ccccc3c3c([N+](=O)[O-])ccc4ccc1c2c43,True,1
ClC(Cl)(Cl)C[C@H]1CO1,False,0
NC(=O)C1(C(N)=O)O[C@H]1C(=O)c1ccccc1,False,0
COc1c(C(=O)O)c(O)nc2ccccc12,False,0
NC(=O)C1CO1,True,535
O=Nn1cc(CC(O)C(=O)O)c2ccccc21,False,0
O=C(/C=C/c1cccc([N+](=O)[O-])c1)c1ccccc1,True,6
O=C1Nc2ccc(S(=O)(=O)O)cc2C1=O,True,24
CC(C)(C)OOC(C)(C)CCC(C)(C)OOC(C)(C)C,True,64
Cc1ccccc1Br,True,216
C1=Cc2ccc3c4c(ccc1c24)-c1ccccc1-3,True,13
CC(C)(C)c1ccc(/C=C/c2ccc(N)cc2)cc1,False,0
C[C@H](CO)[N+](=O)[O-],False,0
C=C[C@@H]1CC=CCC1,True,1
O=c1oc2cc(-n3nc4ccc5ccccc5c4n3)ccc2cc1-c1ccccc1,True,3
CC1CC2c3cccc4[nH]cc(c34)CC2N(C)C1,False,0
C1=CC2OC2c2ncccc21,False,0
COc1cc(NS(C)(=O)=O)ccc1Nc1c2ccc(N=[N+]=[N-])cc2nc2c(C)cccc12,False,0
OCP(Cl)(CO)(CO)CO,False,0
O=C/C(Br)=C/c1ccccc1,True,1
Cc1c(N=[N+]([O-])c2cc([N+](=O)[O-])c(C)c([N+](=O)[O-])c2)cc([N+](=O)[O-])cc1[N+](=O)[O-],True,2
CC1(C)CC(C(=O)NC(CO)C(O)CO)C(C)(C)[N+]1=O,False,0
Cc1ccc2cc3c4c(ccc3c3c2c1CC3)C=CC(O)C4O,False,0
CCc1ccc2c3c(cccc13)-c1ccccc1-2,True,5
O=Cc1ccc(Cl)c(Cl)c1,True,42
CN1C(=O)C23CC4=CC=CC(O)C4N2C(=O)C1(CO)SS3,False,0
Nc1ccc(Oc2c(Cl)cc(Cl)cc2Cl)cc1,True,8
CCCCCCCCCC,True,1891
CC(=O)c1c(O)c(C)c(O)c2c1OC1=CC(=O)C(C(C)=O)C(=O)C12C,True,993
O[C@H]1c2c(cc3ccc4cccc5ccc2c3c45)[C@@H]2O[C@@H]2[C@H]1O,False,0
CCCCCCCCCCSCn1cc[n+](C)c1,False,0
COP(=O)(SC)SC,True,109
COS(=O)(=O)C(F)(F)F,True,583
C/C=C/C1=CC(=O)C23CC2C(C)(C)OC3(O)C1=O,False,0
CCOC(=O)C(C)(C)Oc1ccc(Cl)cc1,True,2131
[N-]=[N+]=NCC(N)C(=O)O,True,4
O=[N+]([O-])c1ccc2c(c1)Oc1ccccc1O2,True,16
CCCCCCOCC1CO1,True,3
CCCCN(CCCC(=O)O)N=O,True,14
O=C(O)CSc1ccc2c3c(cccc13)C(=O)c1ccccc1-2,False,0
Nc1ccc(Cc2ccc(N=O)c(Cl)c2)cc1Cl,True,1
Cc1c2c(c3ccc4ccccc4c3c1C)CCC2C,False,0
O=C(/C=C/c1ccccc1)c1ccc(Br)cc1,True,3
O=C1CC(c2ccc(O)cc2)Oc2cc(O)cc(O)c21,True,160
Cc1cnc(C)c(C)n1,True,315
O=[N+]([O-])c1cc2c(ccc3cc(N(CCCl)CCCl)ccc32)o1,False,0
Oc1ccc2ccccc2c1N=Nc1ccc(N=Nc2ccccc2)cc1,True,348
CCC1=C(CC2NCCc3cc(OC)c(OC)cc32)CC2c3cc(OC)c(OC)cc3CCN2C1,False,0
C=CCN=C=S,True,1774
O=C(O)c1c(Br)c(Br)c(Br)c(Br)c1C(=O)O,True,7
CC1=CC[C@H]2C[C@@H]1C2(C)C,True,125
O=c1c(O)c(-c2ccc(O)cc2)oc2cc(O)cc(O)c12,True,5741
Cc1ccc([N+](=O)[O-])cc1C,True,48
CC1OC1C,True,37
CC(=O)O[C@H]1[C@H](O)[C@@H]2O[C@H]3C=C(C)C(=O)[C@H](O)[C@@]3(CO)[C@@]1(C)[C@@]21CO1,False,0
CN(C)CCNC(=O)c1cccc2cc3ccccc3cc12,False,0
CN1C(=O)CCC1c1cccnc1,True,1
CCC/C=C(\C=O)CC,False,0
CCOc1ccc(N)cc1N,True,3
c1cnc2c3c(ccc2c1)CCC1OC31,False,0
NC(=S)Nc1cccc2ccccc12,True,58
CN(C)[C@@H]1C(=O)C(C(N)=O)=C(O)[C@@]2(O)C(O)=C3C(=O)c4c(O)cccc4[C@@](C)(O)[C@H]3C[C@H]12,False,0
Cn1c(N)nc2cc3ccccc3cc21,False,0
OCc1ccccc1,True,5669
COC(=O)C[C@@H]1[C@@]2(C)C(=O)C=C[C@@]3(C)C(=O)O[C@H](C32)[C@H]2OC3C[C@@H](c4ccoc4)C(C)=C3[C@]21C,False,0
CC=CC(=O)OC1CC2OC3=CC(C)C(=O)CC3(C)C1(C)C21CO1,False,0
O=C1C=CC(=O)C1(Cl)Cl,True,1
CN(C)c1ccc(C(=C2C=CC(=[N+](C)C)C=C2)c2c(O)c(S(=O)(=O)O)cc3cc(S(=O)(=O)O)ccc23)cc1,False,0
Cc1cc2c3ccccc3cc3ccc4cccc1c4c32,True,3
CC(C)(C)OOC(C)(C)C,True,465
COC(=O)c1ccc(/C=N/n2nnc3c4ccccc4nc-3c2O)cc1,False,0
O=C(O)C1=C[C@@H](O)[C@H](O)[C@@H](O)C1,False,0
CCN(N=O)C(N)=O,True,1116
CC(F)(F)F,True,135
O=C1N[C@@H](c2ccc([N+](=O)[O-])s2)Nc2ccccc21,False,0
C=C(C#N)C(=O)OCC,True,269
c1ccc2c(c1)-c1cc3ccc4ccccc4c3cc1[C@H]1O[C@@H]21,False,0
Cn1ccc2ccc3ccc4ccc(O)cc4c3c21,False,0
COc1cc2oc(-c3ccc(O)cc3)c(O)c(=O)c2cc1OC,True,6
CC(C)(C)c1ccc(-c2ccc(NO)cc2)cc1,False,0
Fc1ccc2ccc3cccnc3c2c1,False,0
COc1c(Cl)c(Cl)c(Cl)c(Cl)c1Cl,True,342
O=CC(NC(=O)N(CCCl)N=O)C(O)C(O)C(O)CO,True,1
CC1(c2ccccc2)/C(=N/c2ccccc2)c2ccccc2N1O,False,0
O=C(O)[C@@H](Cl)Br,False,0
Oc1ccc2c(O)c3ccccc3cc2c1O,True,22
ClC(Cl)Cl,True,30122
C=C[C@@H](OC(C)=O)c1ccc(OC)c2ccccc12,False,0
CN(C)C(=O)Nc1cccc(C(F)(F)F)c1,True,158
c1cc2ccc3cc4ccoc4c4ccc(c1)c2c34,True,3
COc1ccc(C(=O)N2CCN(c3ccc4c(c3)CCC(=O)N4)CC2)cc1OC,True,85
CCCCOc1ccc(N=O)cc1,True,2
C=NO,True,231
[O-][N+](O)=C=Cc1ccco1,False,0
O=C1OCC(CCl)=C1Br,False,0
O=C1C(=O)C(c2ccc(O)c(O)c2)Oc2cc(O)cc(O)c21,True,1
OC1CCCCC1,True,1463
COC1COC(COCC2COC(OC)C(OS(=O)(=O)O)C2OS(=O)(=O)O)C(OS(=O)(=O)O)C1OS(=O)(=O)O,False,0
CC1=CC(=O)C=C2CCC3C4CCC(=O)C4(C)CCC3C12C,False,0
OC1c2ccc3nc4c(ccc5ccccc54)cc3c2C2OC2C1O,False,0
Cc1c(N)cc([N+](=O)[O-])c(N)c1C,True,4
CNC1C(OC2C(OC3C(O)C(O)C(N=C(N)N)C(O)C3N=C(N)N)OC(C)C2(O)C=O)OC(CO)C(O)C1O,False,0
O=NN(CC(=O)O)C[C@]1(O)OC[C@@H](O)[C@@H](O)[C@H]1O,False,0
CNC(=O)Oc1cccc2ccccc12,True,2077
O=c1c(=O)c2cccc3ccc4cccc1c4c32,True,81
COc1cc2nc3cc(N)c(OC)cc3nc2cc1N,True,6
CC(C)Oc1ccc2c(=O)c(-c3ccccc3)coc2c1,True,150
CC1=CC(=O)C(C(C)C)=CC1=O,True,1050
NC(CCC(=O)NC(CSC(=O)NCCCCl)C(=O)NCC(=O)O)C(=O)O,False,0
Cc1ccc2cc3ccccc3cc2c1,True,138
Cc1ccc2cc3c(ccc4ccccc43)c3c2c1C(=O)C3,True,46
O=[N+]([O-])CCO,True,99
[N-]=[N+]=NCC(O)Cn1ncc2c(N)ncnc21,False,0
O=C(C(Cl)Cl)N1CCN(c2ncc([N+](=O)[O-])s2)C1=O,False,0
N=C(N)c1ccc(-c2cc3ccc(C(=N)N)cc3[nH]2)cc1,True,2084
CC(=O)Oc1ccc(CO)cc1,True,20
CS(=O)(=O)OC[C@@H](O)[C@H](O)COS(C)(=O)=O,False,0
ONc1[nH]cnc2ncnc1-2,False,0
CC(C)CCCCCCOC(=O)CCCCC(=O)OCCCCCCC(C)C,True,65
Clc1cccc2ncccc12,True,15
CCCCCCCCCCCCC1CO1,True,35
OC1c2ccccc2-c2cc3c(ccc4ccccc43)nc2C1O,False,0
COC(=O)/C(Br)=C(\OP(=O)(OC)OC)c1ccc(Cl)cc1Cl,False,0
OC1C=Cc2ccc3c(ccc4ccccc43)c2C1O,True,3
CN(C)C(=O)c1nc(CNC(=O)CN)n(-c2ccc(Cl)cc2C(=O)c2ccccc2Cl)n1,True,27
ClCc1c2ccccc2c2ccc3cccc4ccc1c2c43,True,14
O=C1NC(=O)[C@@H]2CC=CC[C@H]12,True,15
CN(CC(O)CO)N=O,True,1
CCN(CCCl)CCCNc1c2ccc(Cl)cc2nc2ccc(OC)cc12,False,0
C=COc1ccc([N+](=O)[O-])cc1,True,7
CCOC(=O)C(=NNc1ccc(-c2ccc(NN=C(C(=O)OCC)C(=O)OCC)c(Cl)c2)cc1Cl)C(=O)OCC,False,0
c1ccc2c(c1)CCC1CCCCC21,False,0
Cc1ccc(OP(=O)(Oc2cccc(C)c2)Oc2cccc(C)c2)cc1,False,0
Cc1cc(C)cc(N)c1,True,176
CCCCCCCCCCO,True,1227
CCN(CC)Cc1cc(Nc2ccnc3cc(Cl)ccc23)ccc1O,True,966
O=[N+]([O-])c1ccc2cc(O)c3cccc4ccc1c2c43,True,2
Nc1nc(O)c2nc(CNc3ccc(C(=O)NC(CCC(=O)O)C(=O)O)cc3)cnc2n1,False,0
Clc1ccccc1,True,3211
Oc1cc(Cl)c(Cl)cc1Cl,True,647
CC(=O)CC(=O)CCC(=O)O,True,394
O=CN(O)c1ccc(Oc2ccc(Cl)cc2)cc1,False,0
CCCCCO,True,1924
CC(C)=CCC/C(C)=C/CC/C(C)=C/C(=O)OCC(=O)C1(O)CCC2C3CCC4=CC(=O)C=CC4(C)C3C(O)CC21C,False,0
O=C(O)c1ccc(O)cc1O,True,506
C=C1CC23CCC4C(C)(C(=O)O)CCCC4(C)C2CCC1(OC1OC(CO)C(O)C(O)C1O)C3,False,0
CCn1nc(C(=O)O)c(=O)c2cc3c(cc21)OCO3,True,80
O=C1c2ccc(O)cc2-c2ccc(O)c3cccc1c23,False,0
Nc1ccc(-c2ccc(N)c(N)c2)cc1N,True,1743
O=NN1CCC[C@H](O)C1,False,0
CCC12OC1O2,True,31
O=[N+]([O-])c1ccc2c3c(c4cccc5ccc1c2c54)CCCC3,False,0
CCN(CC[N+](C)(C)C)c1ccc(N=Nc2ccc([N+](=O)[O-])cc2Cl)cc1,True,3
CC(C)(C)c1cc(O)ccc1O,True,1061
CC1(C)CC2C=C(C=O)C34CC3(C(=O)OC4O)C2C1,False,0
O=C1CCc2c1cc(C(F)(F)F)c1c2ccc2ccccc21,False,0
Nc1ncc([N+](=O)[O-])s1,True,74
OCC1OC(n2cnc3c2ncn2ccnc32)C(O)C1O,False,0
CC(C)(C)c1cc(-c2ccccc2)ccc1[N+](=O)[O-],True,1
CCOC1=CC(c2ccccc2)(c2ccccc2)N(O)c2ccccc21,False,0
CCCC,True,1046
O=[N+]([O-])c1ccc2c3c4c(cccc4c4ccccc4c13)[C@@H]1O[C@H]21,False,0
CNc1ccc2nc(C)c(C)nc2c1C,False,0
NC(N)=S(=O)=O,True,2
CCN(CC)c1cccc(O)c1,True,24
ONc1cnc2c(c1)nc1ccccn12,False,0
COC(=O)/C=C/c1ccc([N+](=O)[O-])o1,False,0
CC(=O)OC(c1ccccc1)N(C)N=O,True,5
COC(=O)COc1ccc(Cl)cc1Cl,True,54
O=S(=O)(O)OCc1c2ccccc2cc2c1ccc1ccccc12,True,3
CC1(C(=O)NCc2ccccc2)CO1,True,1
COC(=O)C1=C(C)NC(C)=C(C(=O)OCC=Cc2ccccc2)C1c1cccc([N+](=O)[O-])c1,False,0
CC1=C(Cl)C(=O)OC1O,True,50
CCOP(=O)(NC(C)C)Oc1ccc(SC)c(C)c1,True,570
Clc1ccc2oc3ccccc3c2c1,True,40
N#Cc1cc(Br)c(O)c(Br)c1,True,592
CC/C=C/C=C/C=C/C=C/C=C/OCC(O)c1ccccc1,False,0
CCCC(=O)OCc1ccc([N+](=O)[O-])cc1,True,7
CC(=O)Nc1ccc(Oc2ccc(N)cc2)cc1,False,0
CCCC[CH-][N+](=O)[O-],False,0
c1cc2ccc3cncc4ccc(c1)c2c34,True,57
N#Cc1c(Cl)c(Cl)c(Cl)c(C#N)c1Cl,True,1086
Cc1noc(NS(=O)(=O)c2ccc(N)cc2)c1C,True,259
CC1=C2C(=COC(C)C2C)C(=O)C(C(=O)O)C1=O,False,0
Nc1cccc([N+](=O)[O-])c1N,True,46
O=Nc1cccc(-c2ccccc2)c1,False,0
COP1(=S)OCc2ccccc2O1,True,1
CN[C@H](C)[C@@H](O)c1ccccc1,True,96
Oc1ccccc1-c1ccccc1,True,849
Clc1ccc2cc3ccccc3cc2c1,True,23
O=C1C=CC(=O)c2ccccc21,True,1835
Cc1ccc(N=C=O)cc1N=C=O,True,843
ClCC1(CCl)C2CC(Cl)(Cl)C1(CCl)C(Cl)C2Cl,True,2
c1ccc2c(c1)ccc1c2ccc2c3ccccc3ccc21,True,158
COc1ccc(CN(CCN(C)C)c2ncccn2)cc1,True,12
O=[N+]([O-])c1ccc2cccc3c2c1CC3,False,0
COc1cccc2c1C(=O)c1c(O)c3c(c(O)c1C2=O)CC(O)(C(=O)CO)CC3O,False,0
CC1=CC(O)C2CC1C2(C)C,True,200
Cc1nc2c(C)cc3c(nc(N)n3C)c2nc1C,False,0
CCN(CC)CCNc1ccc(C)c2sc3ccccc3c(=O)c12,True,147
CC(CN1c2ccccc2Sc2ccccc21)N(C)C,True,985
Cc1c2ccccc2cc2c3c(ccc12)C=C[C@@H](O)[C@H]3O,False,0
CC(Cc1ccc(O)c(O)c1)(NN)C(=O)O,True,14
CC(C)CNCC(C)C,True,91
C=CC1CN2CCC1CC2C(O)c1ccnc2ccc(OC)cc12,True,1
C=CC=C,True,3879
COc1cc(O)c2c(=O)c3c(O)ccc(O)c3oc2c1,True,175
C[C@@H](CN1c2ccccc2Sc2ccccc21)N(C)C,False,0
N#CCCC(=O)/C=C/c1ccc(C(=O)O)cc1,False,0
CC1=CCC2CC1C2(C)C,True,3426
CNS(=O)(=O)c1ccc(NC(C)=O)cc1,True,5
CCON(OC(C)=O)C(=O)c1ccccc1,True,1
CCOC(=O)C(Cl)C(C)=O,True,65
COc1cc2c(c(OC)c1CO)C(=O)c1ccccc1C2=O,True,4
CCOP(=S)(OCC)Oc1ccc(S(C)=O)cc1,True,181
C=CC(=O)OCCBr,True,5
O=S(=O)(O)c1ccc(N=Nc2ccc(O)c3ccccc23)cc1,True,4
CN1C(=O)CN=C(c2ccccc2F)c2cc([N+](=O)[O-])ccc21,True,1238
CCCCCCCCCCCCCCC1CO1,True,12
COc1ccccc1NCSC,False,0
CC1=CCc2c1cc(C)c1c2ccc2ccccc21,True,1
Cn1c(N)nc2c3ncccc3ccc21,True,2
C[C@]12CC(C=O)=C(O)C[C@@H]1CC[C@@H]1[C@@H]2CC[C@@]2(C)[C@@H]1CC[C@]2(C)O,False,0
CCC(CCC(C)C1CCC2C3CC=C4CC(O)CCC4(C)C3CCC12C)C(C)C,False,0
c1cc2ccc3ccc4ccc5cccc6c(c1)c2c3c4c56,True,389
O[C@@H]1C=Cc2c(ccc3cc4ccccc4cc23)[C@H]1O,True,9
Cc1ccc(-c2nc3ccccc3o2)cc1,True,7
CCCN(CCCCO)N=O,False,0
CC(=O)c1cc2c(cc1C)C(C)(C)[C@@H](C)C2(C)C,False,0
C1=C[C@@H]2O[C@@H]2c2ncccc21,False,0
CNC(C)Cc1ccccc1,True,297
CCOC(=O)c1ccc(N(O)C=O)cc1,False,0
O=C1NCCN1/N=C/c1ccc([N+](=O)[O-])o1,True,14
O=[N+]([O-])c1c2ccccc2c([N+](=O)[O-])c2ccccc12,True,4
Cn1c2ccc3ccccc3c2c2c3ccccc3ccc21,True,1
CC(C)OC(=O)C(C)(C)Oc1ccc(C(=O)c2ccc(Cl)cc2)cc1,True,1202
C=C[C@@H](OC(C)=O)c1ccc2c(c1)OCO2,False,0
c1ccc2c(c1)-c1cccc3cc4ccccc4c-2c13,True,151
Fc1ccc2c3c(cccc13)-c1ccc3ccccc3c1-2,False,0
O=C1NC(c2ccc([N+](=O)[O-])s2)Nc2ccccc21,True,3
Cc1ccc2[nH]nnc2c1,True,107
Cc1c2cc(CO)ccc2nc2c3c(ccc12)C(O)C(O)C=C3,False,0
CN(C)c1cccc(O)c1,True,43
CC(C)(C)OC(=O)[C@H](N)CN=[N+]=[N-],False,0
FC(Cl)(Cl)Cl,True,335
CCOC(=O)NNc1nncc2ccccc12,True,9
CC(C)(C)CC(C)(C)c1ccc(O)cc1,True,587
C=COC,True,206
Nc1cc(Cl)ccc1Cl,True,118
O=C1C=CC(=O)O1,True,2318
O=C1OC(c2ccc(O)cc2)(c2ccc(O)cc2)c2ccccc21,True,777
CC(=O)Nc1ccc2c(=O)c(=O)c3cccc4ccc1c2c43,True,1
Cc1cc2nc3c(ccc4ccccc43)c(C)c2cc1C,False,0
O=[N+]([O-])c1cc([N+](=O)[O-])c2cccc3c2c1-c1ccccc1-3,True,9
NNOS(=O)(=O)O,False,0
CCOC(=O)C(C)=O,True,598
C1=C\CCC2OC2CC/C=C/CC/1,False,0
CC(C)[C@]12CC(=O)[C@@H](C)[C@H]1C2,True,409
O=[N+]([O-])c1ccc(CBr)cc1,True,197
CC(=O)CC(=O)Nc1ccccc1,True,160
C=CCOC(=O)C=C,True,59
OC1C=Cc2c(cc3c(ccc4ccccc43)c2Br)C1O,False,0
Oc1cccc2ncccc12,True,91
O=[N+]([O-])c1ccc(N=Nc2c(O)ccc3ccccc23)c([N+](=O)[O-])c1,False,0
c1ccc2c3c4c(cc5ccccc5c4cc2c1)C1OC31,False,0
Cc1ccc2cc(C)c3c4c(ccc3c2c1)C(O)C(O)C1OC41,False,0
COc1ccc(NOS(=O)(=O)O)cc1N,False,0
Cc1cc([N+](=O)[O-])cc([N+](=O)[O-])c1O,True,201
Cc1ccc2nc3c(c(C)c2c1)C(O)C(O)c1ccccc1-3,False,0
CN(C)CCNC(=O)c1cccn2c(=O)c3ccccc3nc12,False,0
O=C1CCC(C(=O)N2CSCC2C(=O)O)N1,False,0
O=C1NC(=S)NC(=O)C1C(=O)Nc1ccccc1,True,192
OC1CC=Cc2cccnc21,True,1
CN(CCCl)CCCl,True,410
Cc1ccccc1N,True,1027
CC(=O)Nc1nc2c3cccnc3ccc2n1C,True,3
Nc1nc2ccccc2s1,True,507
O=[N+]([O-])c1ccccc1CCO,True,9
COc1cc2nc3ccccc3c(O)c2cc1OC,False,0
Nc1nc(N)nc(N)n1,True,2404
C=C(C)C(=O)OCCCCCCCC,True,89
c1ccc(-c2ccc(CCC3CO3)cc2)cc1,False,0
COC1=CC(=O)c2c3nc4c(c-3c[nH]c2C1=O)CCCC4,False,0
O=C(O)CC(=O)O,True,2447
CN1CSC(=S)N(C)C1,True,124
CC(=O)OCc1c2ccccc2c(C)c2ccc3ccccc3c12,False,0
[O-][n+]1cccc2c1C1OC1C=C2,False,0
OC(CBr)C(O)C(O)C(O)CBr,True,3
CC(=O)Nc1cc2c(cc1OC(=O)c1ccccc1)-c1ccccc1C2,False,0
COc1ccc(CCC2CO2)cc1,True,2
O=[N+]([O-])c1ccc(NO)cc1,True,31
C=C(C)C1CO1,True,35
C=CCBr,True,1505
CC(Br)C(=O)Nc1ccccc1,True,2
CC(C)NCC(O)c1ccc(NS(C)(=O)=O)cc1,True,615
CC(=O)CC(C)C,True,1014
Nc1ccc2ccccc2c1N=Nc1ccccc1,True,23
O=C(O)C1=NN(c2ccc(S(=O)(=O)O)cc2)C(=O)[C@H]1N=Nc1ccc(S(=O)(=O)O)cc1,False,0
CC1(C)OC1COc1c2ccoc2cc2oc(=O)ccc12,True,2
O=C1c2ccccc2C(=O)c2ccccc21,True,3502
CN(C)N=Nc1ccc(Cl)cc1,True,9
N#CCc1cn(N=O)c2ccccc12,True,54
O=CN(O)c1ccc2ccccc2c1,True,2
Clc1ccc(CCC2CO2)cc1,False,0
NC(=O)NNC(N)=O,True,135
CCCC=[N+]([O-])O,False,0
C=CC(=O)OCC(CC)CCCC,True,250
Nc1ccc2ccc3cccc4ccc1c2c34,True,482
C=CCOC(=O)CC(C)C,True,36
FC[C@H]1CO1,False,0
CC(C)(C)S(=O)(=O)CC(Cc1ccccc1)C(=O)NC(Cc1c[nH]cn1)C(=O)NC(CC1CCCCC1)C(O)C(O)C1CC1,False,0
[O-][n+]1ccc(NO)c2ccccc21,True,70
O=C(O)CCC(=O)Nc1ccc(Cl)c(Cl)c1Cl,False,0
CC(C)=C1CCC(C)CC1=O,True,5
CCC(C)(C)C,True,110
COP(=S)(OC)SCn1nnc2ccccc2c1=O,True,222
CCCCCCCCCCCCCCCCCC(=O)OCC(O)CO,True,518
CC1(C)SC2C(NC(=O)COc3ccccc3)C(=O)N2C1C(=O)O,False,0
Cc1c2ccncc2c(C)c2c1[nH]c1ccccc12,True,1414
Brc1ccc(Oc2cc(Br)c(Br)cc2Br)c(Br)c1,True,30
Cc1cccc(CN(C)N=O)c1,True,1
O=C(O)c1cccc(Cl)c1Cl,True,142
CCCCCCCCCCCCCCCC[C@H]1CO1,False,0
CC(C)(C)c1ccc(OCC2CO2)cc1,True,11
c1ccc2c(c1)ccc1c2ccc2ccc3ccccc3c21,True,129
COc1ccc2c(c1OC)C(=O)O[C@@H]2[C@H]1c2cc3c(cc2CCN1C)OCO3,True,132
FC(F)(F)CCl,True,90
CC(=O)OC1C(=O)OC2C(OC(C)=O)C(=O)OC12,False,0
Cc1cc2ccccc2c2ccc3c(c12)CCC3=O,False,0
O=NN1CCCN(N=O)CC1,True,2
NC(=O)CN1C[C@H](O)CC1=O,False,0
CCN(CCC#N)c1cc(NC(C)=O)c(-n2nc3c(Br)cc(N)c(Cl)c3n2)cc1OC,True,4
CN1CCN(c2ccc3[nH]c(Cc4ccc5[nH]c(-c6ccc(N(CCCl)CCCl)cc6)nc5c4)nc3c2)CC1,False,0
Oc1cc(O)cc(O)c1,True,2506
CC(Cl)c1ccccc1,True,84
CCOP(=S)(OCC)Oc1nc(Cl)c(Cl)cc1Cl,True,3858
O=P(Oc1ccccc1)(Oc1ccccc1)Oc1ccccc1,True,1185
Cc1cc2ccccc2cc1[N+](=O)[O-],True,2
Cc1ccc(C(C)(C)C)cc1,True,152
CC(=O)/C(=N/O)C(=O)N(c1ccccc1)N(C)N=O,False,0
C/C=C/c1ccc(OC)cc1,True,742
ClC[C@H](Br)CBr,False,0
COc1ccc2oc([N+](=O)[O-])cc2c1N(CCCl)CCCl,False,0
COC(=O)C1O/C(=N\O)C(Cl)=C1Cl,False,0
O=C1c2ccccc2-c2cc([N+](=O)[O-])ccc21,True,11
CCCC[C@@H](CC)COC(=O)/C=C/c1ccc(OC)cc1,False,0
CC=[N+]([O-])O,True,8
O=C(O)c1cc(Br)cc2cccnc12,False,0
O=C1OC(=C(Cl)Cl)C=C1Cl,False,0
CC(=O)N(C)c1ccc(N=Nc2ccc(N(C)C(C)=O)cc2)cc1,False,0
CC(=O)Oc1ccccc1C(=O)O,True,12089
CC(=O)OCC(=O)[C@@]1(OC(C)=O)CC[C@H]2[C@@H]3C[C@@H](F)C4=CC(=O)C(Br)=C[C@]4(C)[C@@]3(F)[C@@H](O)C[C@@]21C,True,55
OCCCCCl,True,136
C1=Cc2cc3cccc4ccc5ccc1c2c5c43,True,259
CCCCCCNCCCCCC,True,109
COc1nncc2cnccc12,False,0
CCC(=O)C(=O)CC,True,193
C#CC1(O)CCC2C3CCc4cc(O)ccc4C3CCC21C,True,2
Nc1ccc2c(c1)CN1C(=O)c3ccccc3C1=N2,False,0
CC(Br)C(=O)NCc1ccc(Cl)cc1,False,0
Cc1ccc2cc3c(ccc4ccccc43)c3c2c1CC3O,True,59
CCOC(N)=O,True,2351
O=P(OCCC(Br)CBr)(OCCC(Br)CBr)OCCC(Br)CBr,True,1
CCc1cccc(NC(=O)c2csc([N+](=O)[O-])c2)c1,False,0
CC/C(=C(/CC)c1ccc(O)cc1)c1ccc(O)cc1,True,2299
NC(=O)C[C@H]1CO1,False,0
ClC(Cl)=Cc1c(Cl)c(Cl)c(Cl)c(Cl)c1Cl,False,0
CCCC(=O)c1c2cccc(O)c2c(O)c2c(O)cccc12,False,0
CNc1c(C)cc2ncccc2c1N,False,0
Nc1ccc([N+](=O)[O-])cc1Cl,True,159
Nc1ccc(Oc2ccc(Oc3ccc(N)cc3)cc2)cc1,True,4
COc1cc(C2c3cc4c(cc3C(OC3OC5COC(C)OC5C(O)C3O)C3COC(=O)C23)OCO4)cc(OC)c1O,False,0
OC1C=Cc2c(ccc3c2sc2ccccc23)C1O,False,0
CCOP(=S)(OCC)OCCSCC,True,23
Oc1nsc2ccccc12,True,1
CC(C)=C1CC[C@@H](C)CC1=O,True,963
Nc1nc(=O)n(C2CC(O)C(CO)O2)cc1O,False,0
CC1(c2ccccc2)C(=O)c2ccccc2N1O,False,0
Cc1ccc2cc3c(ccc4ccccc43)c3c2c1CC3OS(=O)(=O)O,True,3
OC(C(F)(F)F)C(F)(F)F,True,1484
CCOc1ccc(NO)cc1,True,91
COc1ccc(-c2noc(CC(=O)O)c2-c2ccc(OC)cc2)cc1,True,22
COc1cc(-c2cc(OC)cc(C(C)(C)C)c2O)c(O)c(C(C)(C)C)c1,True,4
OCC1CO1,True,1025
COC(C)=O,True,1037
Oc1ccc2ccc3c4c(ccc3c2c1)C(O)C(O)C=C4,False,0
O=C(ON(OCc1ccccc1)C(=O)c1ccccc1)c1ccc([N+](=O)[O-])cc1,False,0
Nc1ncnc2c1ncn2Cc1ccc([N+](=O)[O-])cc1,True,16
CCCCN(CCO)CCCC,True,46
CC1OCC(=O)C(=O)C1O,False,0
Cc1ccc2cc3ccc4cccc5ccc(c2c1)c3c45,True,1
Cc1c2ccccc2c(CCl)c2ccccc12,False,0
ONc1ccc(Cl)c(Cl)c1,True,76
C[N+](C)(C)Cc1ccccc1,True,97
O=C(O)Cc1ccccc1Nc1c(Cl)cccc1Cl,True,4763
N[C@H](Cc1ccc(O)c(O)c1)C(=O)O,True,202
O=[N+]([O-])c1ccccc1Cl,True,266
CCCCC(CC)COP(=O)(Oc1ccccc1)Oc1ccccc1,True,145
Cc1cn(CC(O)CN=[N+]=[N-])c(=O)[nH]c1=O,False,0
COc1c2ccoc2c(OC)c2oc(=O)ccc12,True,363
Cc1cccc(N)c1,True,335
Nc1cc(C(=O)O)c(O)c(S(=O)(=O)O)c1,True,2
CCc1c(O)ccc2c3c([nH]c12)[C@](CC)(CC(=O)O)OCC3,False,0
CCCCCC[N+](=O)[O-],True,58
CC(C)Cl,True,156
OCC1=CCN2CC[C@@H](O)[C@@H]12,True,641
O=C(O)c1cc([N+](=O)[O-])cc2cccnc12,False,0
Nc1cc(Cl)ccc1[N+](=O)[O-],True,39
C=CC(=O)OC,True,1945
C/C=C(\C=C(C)\C=C(C)\C=C\C=C(/C)C(=O)[C@@]12O[C@@H]1[C@](O)(CCO)NC2=O)C(=O)OC,False,0
COC(=O)C(Cl)Cl,True,105
CNC=O,True,808
Oc1c2ccccc2nc2ccc3c(c12)OCCO3,False,0
CCCCCCCCCCCCCCCCCCOC(=O)CCc1cc(C(C)(C)C)c(O)c(C(C)(C)C)c1,True,64
O=C1c2ccccc2C(=O)C1(O)O,True,4443
C=C(C)C(=O)N[N+](C)(C)C[C@@H](C)O,False,0
O=CNc1ccccc1,True,113
NC(=O)N/N=C/C(=O)O,False,0
NC(=O)c1ccccc1[N+](=O)[O-],True,111
CCOC(=O)/C=C/c1ccc([N+](=O)[O-])o1,False,0
CNc1ccc2ncc(-c3ccccc3)nc2c1C,False,0
Cc1ccc(C)c(N)c1,True,80
O=[N+]([O-])c1ccc2nc3ccccc3nc2c1,True,7
N#CC(Cl)Cl,True,505
ClC(Cl)=C(Cl)c1c(Cl)c(Cl)c(Cl)c(Cl)c1Cl,True,284
CC(=O)c1ccc2ccccc2c1,True,81
c1ccc2c(c1)[nH]c1cnccc12,True,925
CCSCCOP(=S)(OC)OC,True,22
c1ccc(-c2ccc(OCC3CO3)cc2)cc1,True,1
O=[N+]([O-])c1ccc(-c2nc(N(CCO)CCO)c3ccccc3n2)s1,True,1
C=CC1CN2CCC1CC2C(OC(=O)OCC)c1ccnc2ccc(OC)cc12,False,0
C=C(C=O)CCCC,True,14
CC1=CC2=C(C=O)C(=O)C(C)(O)C(O)C2=CO1,True,3
COc1ccc(C(=O)Nc2ccccc2)cc1[N+](=O)[O-],False,0
CC(C)=CCc1ccc(O)c2c(=O)c3c(O)c4c(cc3oc12)OC1OC=CC41O,False,0
OC1c2cc3c4ccccc4c4ccccc4c3cc2C2OC2C1O,False,0
CN(Cc1cccc(Br)c1)N=O,False,0
Cc1nc2ccc(N(C)C)c(C)c2nc1C,False,0
C1CCC2OCCOCCOCCOC3CCCCC3OCCOCCOCCOC2C1,True,3
CCCCN(CC(=O)CC)N=O,True,2
O=S1(=O)CCCO1,True,110
CC(C)CNc1snc2ccccc12,False,0
O=C(O)C(Cl)CCl,True,34
O=C1C2CC=CCC2C(=O)N1SC(Cl)(Cl)Cl,True,794
[N-]=[N+]=NCC(O)Cn1ccc(=O)[nH]c1=O,False,0
CCCCN(CCC)N=O,True,9
O=C(O)/C=C(/CC(=O)O)C(=O)O,True,151
Nc1ccn([C@@H]2CC[C@H](CO)O2)c(=O)n1,False,0
Cc1cccc([N+](=O)[O-])c1[N+](=O)[O-],True,188
O=C1c2ccccc2-c2ccccc21,True,495
NC(CCC(=O)Nc1ccc([N+](=O)[O-])cc1)C(=O)O,False,0
NNc1ccc(C(=O)O)cc1,True,148
Cc1c2ccncc2c(C)c2c1[nH]c1ccc(N)cc12,True,112
CCCCN(N=O)/C(C=O)=N/O,False,0
C1=C[C@H]2O[C@H]2c2c1cc1ccc3cccc4ccc2c1c34,True,8
O=C1c2c(O)ccc(Cl)c2C(=O)c2c(O)ccc(Cl)c21,True,2
ClC1OC1CBr,True,7
COc1ccc(NC(=O)c2csc([N+](=O)[O-])c2)cc1,False,0
CCOP(=O)(OCC)Oc1ccc([N+](=O)[O-])cc1,True,2345
CC1OC(OCC2OC(Oc3c(-c4ccc(OCCO)c(OCCO)c4)oc4cc(OCCO)cc(O)c4c3=O)C(O)C(O)C2O)C(O)C(O)C1O,True,14
Nc1ccc2c(c1)Cn1c-2nc2ccccc2c1=O,False,0
CC(C)(C)C(Br)C(=O)Nc1ccccc1,False,0
CNCCO,True,266
O=C1C=C(Nc2ccccc2)C(=O)c2ccccc21,True,27
O=[N+]([O-])c1cccc(Cl)c1,True,83
Nc1ccc2c(c1)Cc1cc(N)ccc1-2,True,151
COc1ccc2cc(CCC(C)=O)ccc2c1,True,825
NNCCO,True,154
Clc1ccnc2ccccc12,True,148
[O-][n+]1cccc2c1C=CC1OC21,False,0
O=C1c2ccccc2-c2ccc(O)c3cccc1c23,True,364
Cc1cc(S(=O)(=O)O)c2c(C)ccc(C(C)C)cc1-2,True,1
CCC(=O)c1c2cccc(O)c2c(O)c2c(O)cccc12,False,0
O=C(O)CC(NC(=O)COc1ccc(Cl)cc1Cl)C(=O)O,False,0
Cc1ccc2c(c1)-c1ccccc1C2C,False,0
O=C1c2ccccc2-c2cccc3cccc1c23,True,780
O=C1NCCN1c1nccs1,True,10
NC(=O)c1ccccc1O,True,837
Cc1cc(S(=O)(=O)O)c(N)cc1Cl,True,1
Cc1ccc([N+](=O)[O-])cc1[N+](=O)[O-],True,2351
COc1nsc2c([N+](=O)[O-])cccc12,False,0
COc1cccc(CN(C)N=O)c1,False,0
O=C(O)/C=C/c1ccc([N+](=O)[O-])cc1,True,11
c1ccc(Cc2ccc(CC3CO3)cc2)cc1,False,0
Cc1c2c(c(C)c3ccccc13)C1OC1c1ccccc1-2,True,1
CC[C@@H]1OC(=O)[C@H](C)[C@@H](O[C@H]2C[C@@](C)(OC)[C@@H](O)[C@@H](C)O2)[C@H](C)[C@@H](O[C@@H]2O[C@H](C)C[C@H](N(C)C)[C@H]2O)[C@](C)(O)C[C@@H](C)C(=O)[C@H](C)[C@@H](O)[C@]1(C)O,False,0
OC1COC(NCCc2c[nH]c3ccccc23)C(O)C1O,False,0
Cc1ccc(NS(=O)(=O)c2cccc3cccnc23)cc1,False,0
O/N=C/C=N/O,True,1
COc1c2ccoc2nc2c(O)cccc12,True,41
CC(C)NC[C@@H](O)COc1cccc2ccccc12,True,4
Cn1c(-c2ccccc2)c(N=Nc2scc[n+]2C)c2ccccc21,False,0
FC(F)(F)C(F)(F)C(F)(F)C(F)(F)I,True,110
O=S(=O)(Nc1ccccc1Cl)c1cccc2cccnc12,False,0
O=C(c1ccccc1)n1ncc(Cl)c(Cl)c1=O,False,0
CCOC(=O)CC(=O)CCl,True,246
Nc1ccc([N+](=O)[O-])c(O)c1,True,4
Fc1ccc2ncccc2c1F,False,0
CC12OOC1(COC(=O)Nc1ccc(Cl)cc1)Oc1ccccc12,False,0
Cc1ccc(NO)cc1[N+](=O)[O-],True,28
CC1(OO)c2ccccc2-c2ccccc21,True,13
BrCc1cc2c3c(cccc3c1)-c1ccccc1-2,False,0
CCCCN(N=O)C(=N)N[N+](=O)[O-],True,13
O=C1c2ccc3nc(-c4ccccc4)sc3c2C(=O)c2ccc3nc(-c4ccccc4)sc3c21,True,3
COc1ccccc1CC1CO1,False,0
COc1c(C(C)(C)C)cc([N+](=O)[O-])c(C)c1[N+](=O)[O-],True,226
CC(C)NC[C@@H]1CCc2cc(CO)c([N+](=O)[O-])cc2N1,False,0
Oc1ccc(O[PH]2(Oc3ccc(O)cc3)N[PH](Oc3ccc(O)cc3)(Oc3ccc(O)cc3)N[PH](Oc3ccc(O)cc3)(Oc3ccc(O)cc3)N2)cc1,False,0
CCCCN(CC(CO)OCc1ccccc1)N=O,False,0
CCCCC[C@@H](CC)OC(=O)c1cccc(C(=O)O[C@H](CC)CCCCC)c1,False,0
O=C1c2c3c(O)ccc4c3c(c3c(O)ccc(c23)C2OC12)C(O)C1OC41,False,0
ONc1cccc2ccccc12,True,32
Cc1c(C)c2c(c(C)c1O)CCC(C)(CCCC(C)CCCC(C)CCCC(C)C)O2,True,120
CC(O)CCl,True,108
CCCCCCCCc1ccc(Nc2ccc(CCCCCCCC)cc2)cc1,True,2
Cn1ccnc1S,True,127
O=C1C=Cc2ccccc2C1=O,True,570
CC(C)[N+](C)(CCOC(=O)C1c2ccccc2Oc2ccccc21)C(C)C,True,149
Cc1ccc(C)cc1,True,1732
Nc1ccc([N+](=O)[O-])cc1[N+](=O)[O-],True,218
Cc1nc(N)cc2[nH]c3ccccc3c12,True,177
Nc1ccc(/C=C/c2ccc(Cl)cc2)cc1,False,0
O=C(NCc1ccccc1)C(Br)c1ccccc1,False,0
CC(C)CCNc1snc2ccccc12,False,0
CC[N+](CC)=c1ccc2nc3c(cc(N)c4ccccc43)oc-2c1,False,0
O=Cc1ccccc1Cl,True,350
CC(Br)c1ccccc1,True,79
COc1cc2c3c(cc(C)c2c2ccccc12)C(=O)CC3,False,0
COc1cc(O)c2c(=O)c3cc(OC)ccc3oc2c1,True,27
CN(C)c1ccc(N=Nc2ccc(N(C)C)cc2)cc1,True,8
O=c1c2c(O)cccc2oc2cc3c(c(O)c12)C1C=COC1O3,False,0
c1ccc(Cn2ccnc2)cc1,True,160
CC1(C2CO2)CO1,True,7
Cn1c(N=[N+]=[N-])nc2ccccc21,True,3
O=[N+]([O-])c1ccccc1Br,True,143
CCn1cc(C(=O)O)c(=O)c2cc(F)c(-c3ccncc3)c(F)c21,False,0
COc1cc(CCC(C)=O)ccc1O,True,455
CCCCN(N=O)[C@@H](CCC)OC(C)=O,False,0
Nc1cc2c3ccccc3ccc2c2ccccc12,True,284
BrCc1cccc2c1-c1cccc3cccc-2c13,False,0
OCc1ccc2c(CO)c3ccc4ccccc4c3nc2c1,False,0
COc1ccc(C(=C(C#N)CCC(=O)O)c2ccc(OC)cc2)cc1,False,0
OCC(O)CO,True,30693
c1ccc(C2OC2c2ccccc2)cc1,True,55
CCC(C)N,True,261
Nc1ccc(-c2ccc(N)c([N+](=O)[O-])c2)cc1[N+](=O)[O-],True,16
C=CC(C)=O,True,1257
CC(=O)N(C)N=O,True,16
CC(C)CN,True,438
CS/C(C)=N\OC(=O)N(C)N=O,False,0
OCC(Cl)Cl,True,73
CC(=O)OCc1c2ccccc2c(C)c2ccccc12,True,1
CCCC[C@@H](CC)COCCCN,False,0
Cl[C@H]1[C@H](Cl)[C@H](Cl)[C@H](Cl)[C@@H](Cl)[C@H]1Cl,False,0
c1ccc2c(OCC3CO3)cccc2c1,True,39
O=C(O)C=C(C(Cl)Cl)C(Cl)Cl,False,0
CC1CCc2c1ccc1c2ccc2ccccc21,False,0
c1cscn1,True,3796
COC(=O)C(C)(C)Oc1ccc(-c2ccc(Cl)cc2)cc1,True,10
COc1ccc(O)c2c(=O)c3c(OC)cc4c(c3oc12)[C@@H]1C=CO[C@H]1O4,False,0
Cc1ccc2nc(-c3ccc(N)cc3)sc2c1,True,8
NC(=O)c1ccc(N)cc1,True,97
COC1=CC(=O)C(=O)C(C(C)(C)C)=C1,True,7
CCCOC(C(=O)OC1CCN(C)CC1)(c1ccccc1)c1ccccc1,True,191
CC(C)(C)ON=O,True,539
N/C(=N\O)c1ccc([N+](=O)[O-])o1,False,0
COC1=CC2C3Cc4ccc(OC)c(O)c4C2(CCN3C)CC1=O,False,0
O=CC1CO1,True,111
O=[N+]([O-])c1ccc2ccc3cc4ccccc4c4ccc1c2c34,True,158
NCCO,True,4697
NC(=O)Nc1nc2ccccc2[nH]1,True,1
O=[N+]([O-])c1cccc(CO)c1,True,391
c1cc2ccc3cc4occc4c4ccc(c1)c2c34,True,7
CCCCOCC(=O)O,True,312
CC(=O)OCc1cocc2c(C=O)ccc1-2,True,20
CC1(C)CC(N=C=O)CC(C)(CN=C=O)C1,True,306
O=[N+]([O-])c1ccc2cc([N+](=O)[O-])c([N+](=O)[O-])cc2c1,False,0
Cc1c(N)cccc1N,True,165
OC1c2ccccc2Oc2ccccc21,True,92
[N-]=[N+]=NCC(O)Cn1cnc2c(Cl)ncnc21,False,0
CC(=O)Nc1ccc(Cc2ccc(N)cc2)cc1,True,10
CC(C)c1ccc(OP(=O)(Oc2ccccc2)Oc2ccccc2)cc1,True,9
Oc1cc2ccc3cccc4ccc(n1)c2c34,False,0
O=C(OCC1CO1)c1cccc(C(=O)OCC2CO2)c1,False,0
C1CNCCN1,True,2634
O=c1ccc2ccccc2o1,True,9500
CC(=O)Nc1ccc(Oc2ccc(N=O)cc2)cc1,False,0
CN(C)CCN(Cc1ccc(Cl)s1)c1ccccn1,True,18
CC1(C)O[C@]2(C)CC[C@H]1CC2,False,0
CC(=O)OC1(C(C)=O)CCC2C3C4CC4(Cl)C4=CC(=O)C5CC5C4(C)C3CCC21C,False,0
CN1CCC23c4c5ccc(O)c4OC2C(O)C=CC3C1C5,False,0
C=CC(=O)OCCCCCC,True,151
CN1CCCC1c1cccnc1,True,10545
Cc1ccc(C)c(O)c1,True,285
CSCCC(N)C(=O)O,True,912
CC(Cc1ccc(O)c(O)c1)C(C)Cc1ccc(O)c(O)c1,True,2000
NP(=O)(O)N(CCCl)CCCl,True,513
Cc1ccc2cc3c(ccc4ccccc43)c3c2c1C(O)C3,True,52
CCCCCCCCCC[C@H]1CO1,False,0
CC[C@H](CO)NCCN[C@H](CC)CO,False,0
CNC(=O)[C@@H](C)SCCSP(=O)(OC)OC,False,0
N=c1cc2oc3cc(N)ccc3nc-2c2ccccc12,True,1
CCC1CO1,True,156
C=COCC(F)(F)F,True,85
C=C1C(=O)O[C@@H]2C[C@@H](C)[C@@H]3C=CC(=O)[C@]3(C)[C@@H](O)[C@H]12,False,0
Nc1nc(-c2ccc([N+](=O)[O-])cc2)nc2c1ncn2-c1ccc([N+](=O)[O-])cc1,False,0
Cc1ccc(C=O)cc1,True,522
CCN(CC)c1ccc([N+](=O)[O-])cc1,True,86
CC/C=C/C=C/C=C/C=C/C=C/OCC(C)O,False,0
COP(=O)(OC)N1CCOCC1,False,0
Cc1cnc2cc(C)c3c(nc(N)n3C)c2n1,True,185
O=C1CCc2ccc3c(ccc4ccccc43)c21,True,1
CC(C)=CCC1CCCC1=O,False,0
[N-]=[N+]=NCC(O)Cn1cnc2c(Cl)nc(N)nc21,False,0
c1ccc2c(c1)-c1c(ccc3ccccc13)C1NC21,False,0
CC(=O)Nc1ccc2c(c1)Cc1ccccc1-2,True,1946
O=[N+]([O-])c1cc(N(CCO)CCO)ccc1NCCO,True,26
N[C@H](Cc1ccc(N(CCCl)CCCl)cc1)C(=O)O,True,3
COCCCN,True,57
CC[n+]1c2ccccc2nc2ccccc21,False,0
C=CC(=O)OCCCCCOC(=O)C=C,True,9
COc1ccc([C@H]2O[C@@H]2C(=O)c2ccccc2)cc1,False,0
Oc1cc(Cl)c(Cl)c(Cl)c1Cl,True,474
O[C@H]1C=Cc2c(ccc3c4c5c(cccc5cc23)C=C4)[C@@H]1O,False,0
CCCCC(C)C(OC(=O)CC(CC(=O)O)C(=O)O)C(CC(C)CC(O)CCCCC(O)CC(O)C(C)N)OC(=O)CC(CC(=O)O)C(=O)O,False,0
O=[N+]([O-])c1cc([N+](=O)[O-])c(-c2ccccc2)c([N+](=O)[O-])c1,True,7
CC(C)=O,True,35454
CC[C@@H](Cl)[N+](=O)[O-],False,0
CCOc1ccc2nc3cc(N)ccc3c(N)c2c1,True,33
O=CCO,True,1469
O=C(c1ccc([N+](=O)[O-])cc1)C1OC1c1ccccc1,True,1
Fc1ccc2c3c(cccc13)-c1cc3ccccc3cc1-2,False,0
C(=N/NC1=NCCN1)\c1c2ccccc2c(/C=N/NC2=NCCN2)c2ccccc12,True,170
Clc1cc(Cl)cc(Cl)c1,True,189
CCC(=O)N(O)c1ccc(/C=C/c2ccccc2)cc1,False,0
C=C(C)[C@@H]1CC=C(C)C(=O)C1,True,2
O=Nc1c(-c2ccc([N+](=O)[O-])cc2)nc2sccn12,False,0
COc1nc(=O)n(CC(O)CN=[N+]=[N-])cc1C,False,0
Cc1ccc(C(=O)c2cc(O)c(O)c([N+](=O)[O-])c2)cc1,True,472
Cc1c(C(=O)O)c(O)cc2c1C(=O)c1c(O)c(C3OC(CO)C(O)C(O)C3O)c(O)c(O)c1C2=O,False,0
COc1nsc2ccc(OCC3CO3)cc12,False,0
CCCC[C@@H](CC)COC(=O)c1ccc(C(=O)OC[C@H](CC)CCCC)c(C(=O)OC[C@H](CC)CCCC)c1,False,0
CC1CCCCN1N=O,True,9
Cc1cc(O)nc(S)n1,True,15
Nc1ccc(Nc2ccc([N+](=O)[O-])cc2)cc1,True,1
COc1ccc2c(ccc3oc([N+](=O)[O-])cc32)c1,True,39
FC(F)(F)I,True,377
CN(C)c1ccc(C(=O)c2ccc(N(C)C)cc2)cc1,True,119
CC1COc2c(N3CCN(C)CC3)c(F)cc3c(=O)c(C(=O)O)cn1c23,True,1698
O=[N+]([O-])c1ccc2ccc3ccc(O)c4ccc1c2c34,True,128
CC1CCCN(N=O)C1,True,3
CC(=O)c1c(C)c([N+](=O)[O-])c(C(C)(C)C)c([N+](=O)[O-])c1C,True,452
N=C(N)c1cc2ccc(Br)cc2[nH]1,False,0
Nc1[nH]c(-c2ccc([N+](=O)[O-])cc2)nc2ncnc1-2,False,0
CC(=O)ON(OCc1ccccc1)C(=O)c1ccccc1,True,1
CCSC(=O)N1CCCCCC1,True,503
Cc1ccc2c(c1[N+](=O)[O-])C(=O)c1cccc([N+](=O)[O-])c1C2=O,True,1
CCc1c2ccccc2c(CC)c2c1ccc1ccccc12,True,4
NC(CSC(F)(F)C(F)(F)C(F)F)C(=O)O,False,0
Oc1cccc2ccc3c4ccccc4ccc3c12,True,35
CCOC(=O)N(CCO)N=O,True,3
Fc1cccnc1,True,71
FC(F)(F)C(F)(F)C(Cl)Cl,True,8
Cc1ccc([N+](=O)[O-])cc1S(=O)(=O)O,True,22
CC(=O)Nc1ccccc1C,True,30
COc1ccc(C(=O)n2ncc(Cl)c(Cl)c2=O)cc1,False,0
OCc1c2ccccc2c2ccc3cccc4ccc1c2c43,True,151
Nc1nc(O)c2nc(O)n(C3CC(O)C(CO)O3)c2n1,False,0
CCN(CC)c1ccc(N=O)c(O)c1,True,12
Cc1c(C)c([N+](=O)[O-])c(C(C)(C)C)c([N+](=O)[O-])c1C,True,122
CCCCOC(=O)CCC,True,489
C=C[C@](C)(CCC=C(C)C)OC(=O)c1ccccc1N,False,0
c1ccc2nc3c(cc2c1)-c1cccc2cccc-3c12,False,0
COC(=O)C(N)CSCCCl,False,0
ClC(Cl)(Cl)CC1CO1,False,0
COC(=O)C1=C(C)C(C(C)C)OC1=O,False,0
CCOc1ccc(NC(C)=O)cc1[N+](=O)[O-],False,0
CC(=O)c1c(O)cc(O)c2c1C(=O)c1cc(O)cc(O)c1C2=O,True,32
COP(=O)(OC)OC,True,621
CCCCON(OC(C)=O)C(=O)c1ccc(Br)cc1,False,0
O=C(O)/C(Cl)=C(\CO)C(Cl)Cl,False,0
O=C(O)C=Cc1cnc[nH]1,False,0
c1ccc2c(c1)-c1ccc3ccccc3c1C1NC21,True,2
COC(=O)NC(=S)Nc1ccccc1NC(=S)NC(=O)OC,True,178
O=C1Cc2cc3cc([N+](=O)[O-])ccc3cc2C(O)C1O,False,0
CC(C)(C)OC(=O)C(N)CN=[N+]=[N-],False,0
Cc1nn(C)c(N)c1C(=O)c1ccccc1F,True,1
CC(C)N(C(=O)SCC(Cl)=C(Cl)Cl)C(C)C,True,168
O=[N+]([O-])c1c2ccccc2c2ccc3cccc4ccc1c2c43,True,322
Cc1ccc([N+](=O)[O-])cc1,True,673
c1cc2ccc3nc4ccccc4c4ccc(c1)c2c34,True,7
Clc1ccc2ccc3cccc4ccc1c2c34,True,189
ClCc1ccc2c(c1)-c1cccc3cccc-2c13,True,3
ClN1C2c3ccccc3-c3ccccc3C21,False,0
CCN(N=O)C(=O)N(C)C,True,10
CCCCCCCC(=O)OCC(COC(=O)CCCCCCC)OC(=O)CCCCCCC,True,231
Cc1ccc(S(=O)(=O)O)cc1C,True,8
O=C(C(Cl)Cl)C(Cl)(Cl)Cl,True,43
ClC(CBr)CBr,True,9
C/C=C/C1OC(=O)C=CC1O,False,0
NS(=O)(=O)c1cc2c(cc1Cl)NC=NS2(=O)=O,True,386
COc1nsc2c(OCC3CO3)cccc12,False,0
Clc1ccc(C(Cl)(Cl)Cl)c(Cl)c1,False,0
CC(C)n1c(C=CC(O)CC(O)CC(=O)O)c(-c2ccc(F)cc2)c2ccccc21,False,0
COc1ccc(-c2nc(-c3ccc(C)cc3)c(-c3ccc(C)cc3)[nH]2)cc1OC,False,0
CC(C)Cc1nccs1,True,121
COP(=O)(OC)C(O)C(Cl)(Cl)Cl,True,367
CNc1ccc(NCCO)c2c1C(=O)c1ccccc1C2=O,True,90
C1OCOCO1,True,115
CCC(C)OS(C)(=O)=O,True,15
[N-]=[N+]=NCCC(c1ccccc1)c1ccccc1,False,0
C=C(C)C(=O)OCCC,True,90
O=C(c1ccccc1)N(O)c1ccc2c(c1)Cc1ccccc1-2,True,2
c1ccc(-c2nc3ccccc3o2)cc1,True,194
CC12CCC(C1)C(C)(C)C2=O,True,513
Nc1ccc(C=O)cc1,True,120
CC(=O)/C=C\C1=C(C)CCCC1(C)C,False,0
Cc1ccc(N(N)c2ccc(C)cc2)cc1,False,0
Cc1cc(C)c(CN2C3c4ccccc4-c4ccccc4C32)c(C)c1,False,0
Clc1ccncc1,True,117
Cc1c([N+](=O)[O-])cc2c(c1[N+](=O)[O-])C(C)(C)CC2(C)C,True,31
O=[N+]([O-])c1cnc(CO)n1CCO,True,16
CCN(C(C)=O)c1ccc2c(c1)Cc1ccccc1-2,True,1
O=c1[nH][nH]c(=O)c2cc([N+](=O)[O-])ccc12,False,0
O=C(ON=C1C=CC(=NOC(=O)c2ccccc2)C=C1)c1ccccc1,False,0
C=CCOc1ccccc1OCC(O)CNC(C)C,True,360
CC(C)N1C(=O)c2ccccc2NS1(=O)=O,True,282
O=C(Nc1ccccc1Cl)c1csc([N+](=O)[O-])c1,False,0
CC(=O)Nc1ccc(OCC(O)CNC(C)C)cc1,True,327
Clc1c(Cl)c(Cl)c(Cl)c(Cl)c1Cl,True,2819
OCCBr,True,382
NC(=O)C12OC1C(O)(c1ccccc1)NC2=O,False,0
CC1CCc2c(N3CCC(O)CC3)c(F)cc3c(=O)c(C(=O)O)cn1c23,True,52
NC(=O)CCCCC(N)=O,True,36
CC(=O)Nc1cnc2ccccc2c1,True,1
CN(C)c1ccc(C(=N)c2ccc(N(C)C)cc2)cc1,True,67
CCN(CC)c1ccc(C(=C2C=CC(=[N+](CC)CC)C=C2)c2ccccc2)cc1,False,0
CC(=O)CN(C)N=O,True,9
OCCI,True,127
Cc1cc2c(O)cccc2c2cc3ccccc3cc12,False,0
c1ccncc1,True,30985
O=[N+]([O-])c1cc(Cl)ccc1Cl,True,170
Oc1cc2c(cc1O)[C@H]1c3ccc(O)c(O)c3OC[C@]1(O)C2,False,0
C1CC[C@H]2O[C@H]2C1,True,1
Cc1nnc2n1-c1ccc(Cl)cc1C(c1ccccc1Cl)=NC2,True,990
CC1CCC(C(C)C)C(OC(=O)c2ccccc2N)C1,True,25
Nc1cc(S(=O)(=O)O)ccc1O,True,24
CC1(C)SC2C(NC(=O)C(N)c3ccccc3)C(=O)N2C1C(=O)O,False,0
Cc1ccc(N=Nc2ccc(N(CCO)CCO)cc2)cc1,False,0
Cn1c(NO)nc2ncc(-c3ccccc3)cc21,True,42
Cc1cc(-c2ccc(N)c(C)c2)ccc1N,True,168
CNC(=O)C(C)SCCSP(=O)(OC)OC,True,84
CC1CC2c3cc(Br)cc4c3c(cn4CC3CC3)CC2N(C)C1,False,0
O=NN1CCC(O)C1,True,49
C=CCOC(=O)c1ccccc1C(=O)OCC=C,True,206
OC(c1ccc(Cl)cc1)(c1ccc(Cl)cc1)C(Cl)(Cl)Cl,True,432
Cn1c2ccccc2c2cc(N)ccc21,True,16
O=C(OCc1cccc([N+](=O)[O-])c1)c1ccccc1,False,0
CC1=CCC2C(C)=CCC(C(C)(C)C)C2C1,False,0
CC(C)(c1ccccc1)c1ccc(O)cc1,True,47
Cc1ccc(CC2CO2)cc1,False,0
OCCNc1ccc(N=Nc2ccc(N(CCO)CCO)cc2)cc1,False,0
COP(O)(=NC(C)=O)SC,False,0
FC(Cl)(Cl)C(F)(Cl)Cl,True,25
O=C1c2cccc(O)c2C(=O)c2c(O)cccc21,True,349
Nc1c2ccccc2nc2ccccc12,True,992
S=C(NC1CCCCC1)NC1CCCCC1,True,15
CCOC(C)=O,True,27600
O=Cc1ccco1,True,3173
CN[PH]1(NC)N[PH](NC)(NC)N[PH](NC)(NC)N1,False,0
CCCCCCC(O)CC=CCCCCCCCC(=O)O,True,95
O=C1CN=C(c2ccccc2)c2cc([N+](=O)[O-])ccc2N1,True,774
COc1ccc2cc([N+](=O)[O-])c3ccc(=O)oc3c2c1,True,13
Cn1c(CC(=O)OCCCl)c(C(=O)O)c2ccccc21,True,1
ONc1ccc2c(c1)Cc1ccccc1-2,True,453
CC(C)Br,True,346
Cc1cccc2c1N(C)C1=Nc3ccccc3C1C2C,False,0
CCCCCCCOc1ccccc1NC(=O)OC(C)CN(CC)CC,True,13
Clc1nncc2ccncc12,False,0
Cc1cccc(C(=O)O)c1,True,231
O=Nc1ccc2ccc3c4ccccc4cc4ccc1c2c43,True,6
CC(C)(C)NCC(O)COc1nsnc1N1CCOCC1,True,2
C[C@@H]1C[C@H]2OC(=O)[C@]3(C)[C@H]2[C@@H](O[C@]3(C)O)[C@@]2(C)C(=O)C=C[C@@H]12,False,0
O=C(O)C1Cc2c([nH]c3ccccc23)CN1,True,158
CNC1=C2CC(=O)C(OC)=CC=C2c2c(cc(OC)c(OC)c2OC)CC1,False,0
c1ccc2c(c1)ccc1c2ccc2cccnc21,True,2
O=C(O)/C(Cl)=C(\CCl)C(=O)O,False,0
Oc1cnc2ccccc2c1,True,151
N[C@@H](CSCc1ccccc1)C(=O)O,True,235
Cc1ccc(/C=C/c2ccc(N)cc2)cc1,False,0
[O-][N+](O)=C(Cl)Cl,False,0
NNc1nc(-c2ccc([N+](=O)[O-])cc2)cs1,True,5
Nc1ccn(C2OC(CO)C(O)C2O)c(=O)n1,True,12
Nc1snc2cc(Cl)ccc12,False,0
CC(C)N,True,929
Nc1ccc(N=Nc2ccccc2)cc1,True,325
COc1cc2c(c3oc(=O)c4c(c13)CCC4=O)C1C=COC1O2,False,0
O=C(CCc1ccc(O)cc1)c1c(O)cc(O)cc1O,True,1716
O=[N+]([O-])c1ccc(S(=O)(=O)Nc2ccccn2)cc1,True,4
O=[N+]([O-])c1cc2c3c(ccc2c2ccccc12)C(O)C(O)C=C3,True,4
O=C(O)Cc1c[nH]c2ccccc12,True,5264
Cc1cnc2ccccc2c1,True,137
CCC(=O)/C=C/C1C(C)=CCCC1(C)C,True,1
CN(C)CCCN,True,211
CCC1(O)CC(OC2CC(N(C)C)C(OC3CC(O)C(O)C(C)O3)C(C)O2)c2c(cc3c(c2O)C(=O)c2c(O)ccc(O)c2C3=O)C1C(=O)OC,True,10
Cc1ccc([N+](=O)[O-])cc1N,True,209
O=C(O)CCCOc1ccc(Cl)cc1Cl,True,103
CC(C)=CCC[C@@](C)(O)[C@H]1CCC=CC1=O,False,0
CC(C)S,True,143
COc1cc(OC)c2c(c1)OC1OC3OC3C21,False,0
Nc1cc(Cl)cc(C(=O)O)c1Cl,True,132
Cn1c2ccccc2c2ccccc21,True,193
CNC(=O)c1ccccc1,True,248
c1ccc2cnccc2c1,True,1799
Nc1nc(/C=C\c2ccc([N+](=O)[O-])o2)cs1,False,0
Oc1cc2c3ccccc3ccc2c2ccccc12,True,195
COc1ccc2c3c1OC1C(O)C=CC4C(C2)N(C)CCC341,False,0
O=C1c2cccc(O)c2C(=O)c2c(O)cc(CO)cc21,True,197
CN[C@H]1C[C@@H](O[C@H]2C[C@@](O)(C(C)=O)Cc3c(O)c4c(c(O)c32)C(=O)c2c(OC)cccc2C4=O)O[C@@H](C)[C@@H]1O,False,0
CCCCN(CCC(=O)OC)N=O,False,0
[O-][Cl+3]([O-])([O-])[O-],True,2599
O=NN1CCC[C@H](Cl)C1,False,0
ClCCCl,True,2946
NCCCC[C@H](N[C@@H](CCc1ccccc1)C(=O)O)C(=O)N1CCC[C@H]1C(=O)O,True,1006
N=C(N)N=C(N)NCCc1ccccc1,False,0
Cc1nn(C)c(NC(=O)CNCCCN2CCCCC2C)c1C(=O)c1ccccc1F,False,0
Nc1cccc(C(F)(F)F)c1,True,109
CC(C)c1cc(-c2ccccc2)ccc1N,False,0
c1ccc2c(c1)ccc1cc3c(ccc4ccncc43)cc12,True,7
Cc1ccccc1C(OCCN(C)C)c1ccccc1,True,280
Nc1ccc(S(N)(=O)=O)cc1,True,2324
ICCc1ccc(OCc2ccccc2)cc1,False,0
O=C(/N=c1\sn(C(=O)c2ccccc2Cl)c2ccc([N+](=O)[O-])cc12)c1ccccc1Cl,False,0
Cc1ccc(C(C)C)c(O)c1,True,3586
O=C(/C=C/c1ccccc1)c1ccc(O)cc1,True,144
c1cc(OCC2CO2)cc(OCC2CO2)c1,True,24
O=C1N(CO)[C@H](O)[C@@H](O)N1CO,False,0
Cl/C=C\CCl,True,137
Cc1cc(O)c2c(c1)C(=O)c1cc(O)c(O)c(O)c1C2=O,True,59
O=NN(CCc1c[nH]c2ccccc12)C1OCC(O)C(O)C1O,False,0
N#CCCC(Br)(C#N)CBr,True,242
COc1ccc(CON(OC(C)=O)C(=O)c2ccccc2)cc1,False,0
c1ccc(OC[C@H]2CO2)cc1,True,15
Cn1c(N)nc2cc(C#N)ccc21,False,0
OC1c2ccccc2-c2cc3ccccc3c(Cl)c2C1O,False,0
CCc1ccc(NC(=O)c2csc([N+](=O)[O-])c2)cc1,False,0
CN1Cc2c(N)cccc2[C@H](c2ccccc2)C1,True,4
Cc1ccc([N+](=O)[O-])c(C(=O)O)c1,True,13
O=c1cc(CO)occ1O,True,1947
O=C1OCC(Br)=C1Br,True,11
O=C(CNC(=O)c1ccccc1)NO,True,21
CCCN(CCCC(=O)O)N=O,False,0
C=CCN(CC=C)C1c2ccccc2-c2ccccc2C1N1C2c3ccccc3-c3ccccc3C21,False,0
Clc1cccc2oc3ccccc3c12,True,14
CCc1c(O)ccc2c3c([nH]c12)C(CC)(CC(=O)O)OCC3,True,7
CC[C@H]1CN2CCc3cc(OC)c(OC)cc3[C@H]2C[C@H]1C[C@H]1NCCc2cc(OC)c(OC)cc21,False,0
CN1CCNCC1,True,750
O=C(ON(OCc1ccccc1)C(=O)c1ccccc1)c1cccc([N+](=O)[O-])c1,False,0
Cc1cc(C)c2ccccc2c1,True,53
CC(=O)OC(C)CN(CC(C)OC(C)=O)N=O,True,5
CC(=O)Nc1ccc(C2OC2C(=O)c2ccccc2)cc1,True,3
O=[N+]([O-])c1c2c(cc3ccccc13)[C@@H](O)[C@H](O)C=C2,False,0
Cn1c([N+](=O)[O-])cnc1COC(N)=O,True,105
NC(CSC(F)(F)C(Cl)Cl)C(=O)O,False,0
CCCCc1cc(C)cc(CCCC)c1O,True,82
Cc1cnc2c(n1)c(C)c(C)c1c2nc(N)n1C,False,0
COCCOCCOC,True,919
CCCCCN(CCCCO)N=O,True,1
O=[N+]([O-])c1ccc2c(c1)Cc1ccccc1-2,True,780
CCc1ccnc2ccccc12,True,9
[N-]=[N+]=CC(=O)NCC(=O)NN,True,6
COc1cc2c(c3ccc4ccccc4c13)CCC2=O,True,1
CC(CCN=[N+]=[N-])c1ccccc1,False,0
Cc1ccc2cc3c(c4c2c1CC4)C(O)C(O)c1ccccc1-3,True,3
Oc1ncc(N(CCCl)CCCl)c(O)n1,False,0
CC(C)(C)OC[C@H]1CO1,True,1
O=[N+]([O-])c1ccc(Cl)c(Cl)c1Cl,True,80
COC1OC(=O)C(Cl)=C1C(Cl)Cl,False,0
CCNCCN,True,71
O=C(OC[C@H]1CO1)c1ccc([N+](=O)[O-])cc1,False,0
CC(=O)c1ccc(NO)cc1,True,3
OCCS,True,9957
Cn1cc2ccc([N+](=O)[O-])cc2n1,False,0
Cc1cnc2ccc3c(ncn3C)c2n1,True,9
Cc1c2ccccc2c(C)c2c1ccc1ccccc12,True,1334
OC[C@H]1O[C@@H](n2cnc3c(NO)ncnc32)[C@H](O)[C@@H]1O,True,58
O=[N+]([O-])/C=C/c1ccco1,True,4
CN(Cc1ccccc1)N=O,True,183
CC(Br)(CBr)COP(=O)(OCC(C)(Br)CBr)OCC(C)(Br)CBr,True,1
CC(C)Nc1nc(N)nc(Cl)n1,True,280
NC(CCC(=O)N(CC(=O)O)C(=O)C(N)CSN=O)C(=O)O,False,0
CCCCCCCCCCCCCCCCCC(N)=O,True,336
OCC(CBr)(CBr)CBr,True,13
Cc1ncc([N+](=O)[O-])n1CCO,True,4033
C/C=C/c1cccc(OC)c1OC,False,0
Oc1ccc(-c2ccccc2)cc1,True,440
CCOC1=CC(=O)C(NC(C)=O)=CC1=O,True,1
Nc1ncnc2c1ncn2C(c1ccccc1)c1ccccc1,True,7
OO[C@@H]1CCCc2ccccc21,False,0
O=[N+]([O-])c1ccc(CO)c([N+](=O)[O-])c1,True,72
C=C(C)[C@H]1Cc2c(cc(O)c3c(=O)c4ccccc4n(C)c23)O1,False,0
COc1nsc2c(N)cccc12,False,0
CCOCC(=O)O,True,235
CC(C)(C)N(CC(=O)c1ccc(O)c(CO)c1)Cc1ccccc1,False,0
CC(C)c1cc(N)c([N+](=O)[O-])cc1N,True,2
COc1cc(C)cc2c(O)c(-c3c(C)cc4c(O)ccc(O)c4c3OC)cc(O)c12,False,0
NC(CSC(F)(F)C(F)Cl)C(=O)O,False,0
Cc1ccc(C=O)o1,True,734
COC(=O)Nc1nc2cc(O)ccc2[nH]1,True,5
COc1cc(OC)c(OC)cc1C=O,True,77
FC(F)(Cl)C(F)(F)Cl,True,19
Nc1ccccc1Cl,True,411
Brc1ccc(CN2C3c4ccccc4-c4ccccc4C32)cc1,False,0
ONc1cccc(-c2ccccc2)c1,False,0
Nc1ncnc2c1ncn2[C@@H]1CC[C@H](CO)O1,False,0
COCCl,True,298
CC1C=Cc2ccc3ccc4ccccc4c3c21,False,0
O=[N+]([O-])c1ccc(OC[C@H]2CO2)cc1,False,0
[N-]=[N+]=NCC(O)C(O)C(O)C(O)C=O,False,0
CC(=O)Nc1ccc(/C=C\c2ccccc2)cc1,True,1
CC1OC(OCC2OC(Oc3c(-c4ccc(O)c(O)c4)oc4cc(O)cc(O)c4c3=O)C(O)C(O)C2O)C(O)C(O)C1O,True,46
Clc1ccc(C(Cl)(Cl)Cl)cc1,True,5
Cc1ccc(C(=O)O)cc1[N+](=O)[O-],True,5
CC(=O)Oc1ccc2c(CBr)cc(=O)oc2c1,True,30
CC(=O)N(O)c1ccccc1C,True,4
O=[N+]([O-])c1cccc2c1-c1ccc3ccc4cccc5cc-2c1c3c45,False,0
OCc1ccc2cccc3c2c1-c1ccccc1-3,True,2
Cc1nnc(NS(=O)(=O)c2ccc(N)cc2)s1,True,106
Nc1c(S(=O)(=O)O)cc(NC2CCCCC2)c2c1C(=O)c1ccccc1C2=O,False,0
Cc1ccc(N)c(O)c1,True,117
CC(=O)OCC(=O)NCCCOc1cccc(CN2CCCCC2)c1,True,29
O=C1CCc2c1cc(C(F)(F)F)c1c3c(ccc21)[C@H](O)[C@@H](O)C=C3,False,0
O=C1C=C(c2nnc(NC(=O)c3ccccc3)s2)C(O)=C/C1=N\c1ccc([N+](=O)[O-])cc1,False,0
CCC[C@@H](O)[C@@H](CC)CO,False,0
CSc1ccc(Cl)cc1,True,64
c1ccc2c(c1)cnc1ccccc12,True,552
C=C(C)C,True,1203
O=[N+]([O-])c1cccc2cccnc12,True,53
C=COC(=O)C=C,True,81
N#Cc1ccc(C(=O)ON(OCc2ccccc2)C(=O)c2ccccc2)cc1,False,0
Oc1ccnc2ccccc12,True,378
c1ccc(Nc2cccc3ccccc23)cc1,True,179
Nc1c(N=Nc2ccc([N+](=O)[O-])cc2)c(S(=O)(=O)O)cc2cc(S(=O)(=O)O)c(N=Nc3ccccc3)c(O)c12,False,0
O=[N+]([O-])c1cc2cc(N(CCCl)CCCl)ccc2o1,False,0
O=[N+]([O-])c1c(Cl)cc(Cl)cc1Cl,True,25
CCCCCNc1snc2ccccc12,False,0
N=C1CC(=O)C(=O)c2ccccc21,False,0
CCn1c2ccccc2c2cc(N)ccc21,True,229
COC(=O)[C@H]1[C@H]2C[C@@H]3c4[nH]c5cc(OC)ccc5c4CCN3C[C@@H]2C[C@@H](OC(=O)c2cc(OC)c(OC)c(OC)c2)[C@@H]1OC,False,0
O=C(Nc1cccc(Cl)c1)c1csc([N+](=O)[O-])c1,False,0
CN(C)C(=S)SNCCNSC(=S)N(C)C,False,0
Cc1cc(N)c(C)cc1N,True,37
Clc1ccc(N=Nc2ccc(Cl)c(Cl)c2)cc1Cl,True,62
CC1=CC2c3cccc4[nH]cc(c34)CC2N(C)C1,True,34
C1CCCC1,True,1130
ONc1ccccc1-c1ccccc1,True,19
N=c1ccn(C2CCC(CO)O2)c(=O)[nH]1,False,0
Cc1c(N=[N+]([O-])c2cc([N+](=O)[O-])cc([N+](=O)[O-])c2C)cc([N+](=O)[O-])cc1[N+](=O)[O-],True,6
Cc1ccc2cc3ccc4ccccc4c3nc2c1,True,2
C=CCc1ccc2c(c1)OCO2,True,1280
C=CCc1ccc(O)c(OC)c1,True,5951
COc1ccc2c(c1)nc(N)n2C,False,0
COc1cc(OC2OC(CO)C(O)C(O)C2O)c2c(=O)c3c(O)ccc(O)c3oc2c1,False,0
CC(C)C(O)(C(=O)OCC1CCN2CCCC12)C(C)O,False,0
c1ccc(CN2C3c4ccccc4-c4ccccc4C32)cc1,False,0
Cc1cc(O)ccc1OP(=O)(Oc1cc(O)ccc1C)Oc1c(C)cccc1O,False,0
O=C1OC(=O)c2c(Cl)c(Cl)c(Cl)c(Cl)c21,True,60
CCC1=C(O)C(=O)c2c(O)c(O)c(O)c(O)c2C1=O,False,0
Oc1cc2ccc3c4c(cc5cccc1c5c24)-c1ccccc1-3,False,0
O=c1oc2cccc(O)c2cc1C1CCc2ccccc2C1,False,0
C[C@H]1CCCC(=O)CCC/C=C\c2cc(O)cc(O)c2C(=O)O1,True,2
CNP1(NC)=NP(NC)(NC)=NP(NC)(NC)=N1,False,0
C/C=C(\Cl)C=O,True,16
COCCOCCO,True,179
Cc1cc(-c2ccc(N=Nc3cc(S(=O)(=O)O)c4ccccc4c3N)c(C)c2)ccc1N=Nc1cc(S(=O)(=O)O)c2ccccc2c1N,True,4
CCCCN(N=O)C(CCC)OC(C)=O,True,1
NCCNC(=O)c1ccc(Cl)cn1,True,91
ClCC1OC(CCl)OC(CCl)O1,False,0
O=C(O)O,True,600
[O-][n+]1cc2ccncc2cn1,False,0
CCOC(=O)C(C)Br,True,90
Nc1cc2nc3ccc(Cl)cc3nc2cc1N,True,4
COc1cccc2c(NCCCNCCCl)c3ccccc3nc12,False,0
Cc1ccc(C)c(O)c1C,True,104
Cc1c(N)c(=O)n(-c2ccccc2)n1C,True,1105
COc1cc(OC)c(Cl)c(-n2c(-c3ccccc3)cc(=O)c(C)c2-c2ccc(F)cc2)c1,False,0
FC(F)C(F)C(F)(F)F,True,3
CSCNc1ccccc1,True,3
CCCCCCCCCCCC(=O)OCCS(=O)(=O)O,False,0
CCCCCCCCCCCCCCCCCC[N+](C)(C)CCCCCCCCCCCCCCCCCC,True,268
CCO[P@](=S)(CC)Sc1ccccc1,False,0
N=c1ccn2c(n1)O[C@@H]1[C@@H]2O[C@H](CO)[C@H]1O,False,0
CC(C)[N+](=O)[O-],True,481
CC(C)=CCCC(C)CCO,True,1833
N#Cc1ccc(CCl)cc1,True,29
C1=CC2OC2c2c1cc1ccc3cccc4ccc2c1c34,False,0
COO,True,195
CC(=O)C1c2cccc(O)c2C(=O)c2c(O)cccc21,True,3
CC(=O)Nc1ccc(N=Nc2cc(C)ccc2O)cc1,True,129
Cc1cc(N=Nc2ccccc2)c(N)cc1N,True,1
CC1=C(O)C(=O)CO1,True,86
CC(C)Oc1ccccc1OC(=O)N(C)N=O,False,0
COc1ccc2c3c([nH]c2c1)C1CC2C(CN1CC3)C(OC(=O)/C=C/c1cc(OC)c(OC)c(OC)c1)CC(OC)C2OC(C)=O,False,0
CN(C)CCCN1c2ccccc2Sc2ccc(Cl)cc21,True,4637
Oc1cccc(/C=N/c2snc3ccccc23)c1,False,0
CC(=O)c1ccccc1,True,5397
CN1CC(CBr)CC2c3cccc4[nH]cc(c34)CC21,False,0
O=Nc1ccc(Oc2ccccc2)cc1,True,6
Nc1ccc(-c2ccc(N)c(F)c2)cc1F,True,1
c1ccc2c(c1)ccc1c3cccnc3ccc21,True,3
CCCCCCCCC/C=C/C[C@H]1CC(=O)OC1=O,False,0
O=[N+]([O-])c1ccc(-c2nc(NCCO)c3ccccc3n2)s1,True,1
NCCCNCCCN,True,285
C=C(C)C#N,True,197
CC[C@H](O)CN,True,2
O=[N+]([O-])c1cc(Cl)c(N=Nc2ccc(N(CCO)CCO)cc2Cl)c(Cl)c1,False,0
c1cc[n+]2c(c1)-c1cccc[n+]1CC2,True,525
COC(O)=C1C(C)=NC(C)=C(C(=O)OCC(C)=O)[C@@H]1c1ccccc1[N+](=O)[O-],False,0
O=C(Nc1ccc2c(c1)Cc1ccccc1-2)c1ccccc1,True,10
CCCCCCCCCCCCCCCCCC(=O)NCCNC(=O)CCCCCCCCCCCCCCCCC,True,55
CCCCCCCCCCCCCCCCCCN,True,839
CN(C)c1ccc(N=Nc2ccc3ncsc3c2)cc1,True,12
O=c1cc(-c2ccccc2)cc(-c2ccccc2)n1/N=C/c1ccc([N+](=O)[O-])o1,False,0
O=C(CBr)c1ccc(Br)cc1,True,482
CCn1cc(C(=O)O)c(=O)c2cc(F)c(N3CCNC(C)C3)c(F)c21,True,202
C=CCOC(=O)CCCCC,True,89
CC[C@@H](C)NC(=O)/C=C/c1ccc([N+](=O)[O-])o1,False,0
CN(CCO[N+](=O)[O-])[N+](=O)[O-],False,0
Cn1c(N)nc2c3cccnc3ccc21,True,569
CN(C)CCO[C@@](C)(c1ccccc1)c1ccccn1,False,0
CCN(CCCl)CCCNc1c2ccccc2nc2c1ccc1ccccc12,False,0
O=C(O)Cc1ccccc1Cl,True,62
[N-]=[N+]=NCc1ccccc1,True,635
CCN(N=O)C(=N)N[N+](=O)[O-],True,124
CN(C)c1ccc(N=O)cc1,True,113
O=[N+]([O-])/C(Br)=C/c1ccccc1,True,4
Nc1ccc(-c2ccc([N+](=O)[O-])cc2)cc1,True,12
CC1(C)CC(C(N)=O)C(C)(C)N1O,True,8
O=[N+]([O-])c1ccc2ccc3c(O)ccc4ccc1c2c43,True,181
O=[N+]([O-])c1ccc2ccc3cc4c(c5ccc1c2c35)C(O)C(O)C=C4,False,0
CC1(C)C=C(C(=O)O)C(C)(C)N1O,True,8
CCCCC/C=C/C/C=C/CCCCCCCC(=O)O,True,200
BrCc1ccccc1CBr,True,60
ClC(Cl)Br,True,552
COc1cccc2c1cc1c3c(cc4c(c32)OCO4)C(=O)N1,True,324
CCCCOC(=O)c1ccccc1C(=O)OCc1ccccc1,True,1099
CCc1ccc2c(c1[N+](=O)[O-])C(=O)c1ccccc1C2=O,False,0
CC(C)COS(C)(=O)=O,True,94
O=Cc1ccccc1O,True,2834
N#C[C@@H](O)c1ccccc1,True,100
COC(=O)C12OC1(C)C(C(C)C)OC2=O,False,0
Br[C@H]1CC[C@@H](Br)[C@H](Br)CC[C@H](Br)[C@H](Br)CC[C@H]1Br,False,0
CCN(CC)c1cc(NC(C)=O)c(N=Nc2c(Br)cc([N+](=O)[O-])cc2[N+](=O)[O-])cc1OC,False,0
CC(CN=[N+]=[N-])c1ccccc1,False,0
COC(N)=O,True,309
NC(CCC(=O)NC(CSC(=O)NCCO)C(=O)NCC(=O)O)C(=O)O,False,0
CC(=O)C1(C)OC12C(=O)C=Cc1ccccc12,False,0
O=S(=O)(O)Oc1ccc2ccc3cc4ccccc4c4ccc1c2c34,False,0
COc1cc(N)cc(OC)c1N,True,3
C1CSCSC1,True,322
Nc1cc2ccccc2cc1N,True,257
O=[N+]([O-])c1cccc2ccccc12,True,374
CC(CCC(=O)O)C1CCC2C3CCC4CC(=O)CCC4(C)C3CC(=O)C12C,False,0
CCCCCCCC(=O)Cl,True,119
CC(=O)NC(C(=O)N(CC(=O)O)N=O)C(C)C,False,0
CCc1c2c(cc3ccccc13)-c1ccccc1C1NC21,False,0
C1CCC2CC3(CCC2C1)CO3,False,0
CCN(CC)C(=O)/C(Cl)=C(/C)OP(=O)(OC)OC,False,0
Nc1cc([N+](=O)[O-])c(N)cc1F,True,1
Oc1ncc2ccc3cccc4ccc1c2c34,False,0
C=C1C2CCC3C4(C)CCCC(C)(C(=O)O)C4CCC3(C2)C1O,True,4
CCCCCCCCCCCCCCCCCCCCCCCCCCCC(=O)OCCC(C)O,False,0
CCOC1=CC(=O)C(=NC(C)=O)CC1=O,False,0
O=c1[nH]sc2cc([N+](=O)[O-])ccc12,False,0
C[C@H](CCc1ccccc1)c1ccccc1,False,0
O=C1CCCCCCCCCCCCCCO1,True,36
O=[N+]([O-])c1cccc(O)c1[N+](=O)[O-],True,1286
CCCC(=O)Nc1ccc(OCC(O)CNC(C)C)c(C(C)=O)c1,True,415
CC(=O)c1ccc([N+](=O)[O-])[nH]1,True,1
O=S(=O)(O)OCc1c2ccccc2c(CO)c2c1ccc1ccccc12,False,0
O=[N+]([O-])c1cccc2cnsc12,False,0
Oc1[nH]nc2ccccc12,True,3
CCCCCCCCCC/C=C/[C@H]1CC(=O)OC1=O,False,0
CCC(=O)C1c2cccc(O)c2C(=O)c2c(O)cccc21,True,2
CC/C=C/C=C/C=C/C=C/C=C/OCCCO,False,0
Cc1ccc2nc3c4c(ccc3c(C)c2c1)C(O)C(O)C=C4,False,0
O=C=Nc1cccc2c(N=C=O)cccc12,True,8
Nc1[nH]cnc2ncnc1-2,True,2
[O-][N+](=Nc1ccccc1)c1ccccc1,True,124
COCC1CN(c2ccc3nc(C(O)CCC#N)sc3c2)C(=O)O1,False,0
C=CC(C)(CCC=C(C)C)OC(=O)c1ccccc1N,True,98
CS(=O)(=O)N1C2c3ccccc3-c3ccccc3C21,False,0
CCCCCCc1ccc(-c2ccc(C#N)cc2)cc1,True,11
Cc1ccc2cc3ccccc3c(C)c2c1,True,5
CC[C@H]1CO1,True,11
NC1CCC(CC2CCC(N)CC2)CC1,True,10
Cc1ccccn1,True,744
Cc1cnc2cc(CO)c3c(nc(N)n3C)c2n1,True,4
Nc1c(N=Nc2ccc(-c3ccc(N=Nc4ccc(O)cc4)cc3)cc2)c(S(=O)(=O)O)cc2cc(S(=O)(=O)O)c(N=Nc3ccccc3)c(O)c12,False,0
CC(=O)NC(CSCCCl)C(=O)O,False,0
Cc1cc(N)ccc1NOS(=O)(=O)O,False,0
c1ccc2c3c(ccc2c1)Cc1c(ccc2ccccc12)C3,True,2
O=[N+]([O-])c1c(Cl)c(Cl)c(Cl)c(Cl)c1Cl,True,550
O=Cc1cccc(-c2ccccc2)c1,True,37
C=CC(=O)OCCOCCOC(=O)C=C,True,79
Nc1ccc(/C=C\c2ccc(N)cc2S(=O)(=O)O)c(S(=O)(=O)O)c1,False,0
CC1CN(N=O)CCN1N=O,True,7
Cc1ccc(S(=O)(=O)OCc2ccc([N+](=O)[O-])cc2)cc1,True,9
Cc1ccc(NCCCl)cc1,False,0
Cc1cccc(Br)c1,True,77
C[C@]12CC[C@H]3[C@@H](CC[C@H]4C[C@@H](OC(=O)COc5ccc(N(CCCl)CCCl)cc5)CC[C@@]43C)[C@@H]1CCC(=O)N2,False,0
O=c1c2c(OC3OC(CO)C(O)C(O)C3O)cc(O)cc2oc2c(O)ccc(O)c12,False,0
CC1=Cc2nc3c(ccc4ccccc43)c(C)c2C(O)C1O,False,0
CN(C)P(=O)(N(C)C)N(C)C,True,889
Cc1cc(O)c2c(c1O)C(=O)C13C(=C2O)C(=O)C2C(O)C1C1C(O)C3C(=O)C3=C(O)c4c(O)cc(C)c(O)c4C(=O)C321,True,160
CC(=O)OCN(C)[N+](=O)[O-],True,4
C[C@@H]1OCCc2cc3c(cc21)C(C)(C)[C@@H](C)C3(C)C,False,0
Cc1ccccc1C,True,6090
CC/C(C)=N\O,False,0
CC[N+]([O-])(CC)CCn1nc2c3c(c(CO)ccc31)Sc1cc(Cl)ccc1-2,False,0
C=C(C)C1CC=C(C)CC1,True,67
CNC1Cc2cccc3cccc(c23)C1,False,0
CC(C)CCCCCOC(=O)COc1ccc(Cl)cc1Cl,True,130
COc1ccc(N(CCCl)CCCl)c2cc([N+](=O)[O-])oc12,True,1
O=[N+]([O-])c1ccc(/C=C/c2ccc([N+](=O)[O-])cc2)cc1,True,3
CC(O)c1cc2ccc3cccc4ccc(c1)c2c34,True,3
FCC(F)(F)F,True,310
Cc1ccc(S(=O)(=O)Oc2ccc(/N=N/c3ccc(-c4ccc(/N=N/c5c(O)ccc6cc(S(=O)(=O)O)cc(S(=O)(=O)O)c56)c(C)c4)cc3C)cc2)cc1,False,0
CC(=O)Oc1ccccc1C(=O)Oc1ccccc1C(=O)O,False,0
COc1ccc2[nH]c3c(C)cc(N)c(C)c3c2c1,False,0
CC(C)(N)[C@H]1CC[C@@](C)(N)CC1,False,0
Cc1ccc(CO)cc1,True,227
CCN,True,1291
COc1ccc(/C=C/c2ccc([N+](=O)[O-])cc2)cc1,True,2
O=C/C=C/C=C/c1ccc([N+](=O)[O-])cc1,False,0
COCC=O,True,143
COC(=O)/C(=C/c1ccc([N+](=O)[O-])o1)[N+](=O)[O-],False,0
FC(F)=C(F)Cl,True,256
Cc1ccc([N+](=O)[O-])cc1NO,True,13
Nc1cc2c3c(cccc3c1)-c1ccccc1-2,True,13
O=S(=O)(O)c1ccc(N=Nc2c(O)ccc3cc(S(=O)(=O)O)cc(S(=O)(=O)O)c23)cc1,False,0
CCCCCC(=O)OCC,True,969
CC(=O)c1ccncc1,True,116
O=S(=O)(O)c1cc(N=Nc2c(O)ccc3ccccc23)ccc1-c1ccc(N=Nc2c(O)ccc3ccccc23)cc1S(=O)(=O)O,False,0
c1ccc2cc3c(cc4c5c(cccc53)C3OC43)cc2c1,False,0
NC(=O)/C(=C\c1ccc([N+](=O)[O-])o1)c1ccco1,False,0
O=C1c2ccccc2C(=O)C1c1ccc2ccccc2n1,True,44
C1=C[C@H]2O[C@H]2c2ccc3c4c5c(cccc5cc3c21)C=C4,False,0
O=C(OCc1ccc(Cl)cc1Cl)c1cccc2cccnc12,False,0
Nc1ccc(-c2ccc(-c3ccc(-c4ccc(N)cc4)cc3)cc2)cc1,True,1
C=C(Br)C(=O)O,True,46
Cc1c([N+](=O)[O-])cccc1[N+](=O)[O-],True,918
C[C@@H](S)C(=O)NCC(=O)O,False,0
Oc1ccc(-c2ccc(O)cc2)cc1,True,207
CC(=O)Oc1c(C)c(C)c2c(c1C)CCC(C)(CCCC(C)CCCC(C)CCCC(C)C)O2,True,43
COc1cc(CC2CO2)ccc1O,True,10
c1cnc2c(c1)C1OC1C1OC21,False,0
CC(C)(Br)C(=O)NCc1ccccc1,True,1
O=C1[C@@H]2CC=CC[C@H]2C(=O)N1SC(Cl)(Cl)Cl,False,0
COC(=O)c1oc([N+](=O)[O-])c(-c2ccccc2)c1-c1ccccc1,False,0
CCOC(=O)c1ccccc1N,True,183
O=C1CN=C(c2ccccc2)c2cc(Cl)ccc2N1,True,157
CC(OP(C)(=O)F)C(C)(C)C,True,1740
Oc1ccc2c(O)cccc2c1,True,66
CCNC(=O)Nc1ncc([N+](=O)[O-])s1,True,7
CNc1snc2ccccc12,True,1
Nc1ccc(-c2ccc(N)c(Cl)c2)cc1Cl,True,118
Nc1nc(-c2ccc([N+](=O)[O-])o2)cs1,True,70
COc1ccc(-c2nc(-c3ccc(C)cc3C)[nH]c2-c2ccc(OC)cc2)cc1,False,0
O=NN1CN2CN(C1)CN(N=O)C2,True,16
C#C[C@]1(O)CC[C@@H]2[C@@H]3CCC4=C(CCC(=O)C4)[C@H]3CC[C@@]21C,False,0
CC(C)NCC(O)COc1cccc2ccccc12,True,6230
CC(C)=CCCC(C)CC=O,True,1115
Cc1c[nH]cn1,True,388
Oc1ccccc1-c1nc2ccccc2o1,True,245
CCCCCON=O,True,322
CC(C)c1c(N)ccc2c1Cc1ccccc1-2,False,0
CC(CN1CC(=O)NC(=O)C1)N1CC(=O)NC(=O)C1,True,56
COc1cccc2c1ccc1c(C(=O)O)cc3c(c12)OCO3,True,68
COC(=O)/C(=C/c1ccco1)[N+](=O)[O-],False,0
C[C@@H]1C=Cc2c1ccc1c2ccc2ccccc21,False,0
O=[N+]([O-])c1ccc(N/N=C(/N=Nc2ccc(I)cc2)c2ccccc2)cc1,False,0
COC(=O)[C@]1(C(N)=O)O[C@@]1(C)[C@H](O)C(C)C,False,0
O=[N+]([O-])c1ccc(COc2ccccc2)cc1,True,3
C=CCN(CC=C)N=O,True,45
CCCCOCCOCCOCc1cc2c(cc1CCC)OCO2,True,7
CC(=O)C1CCC2C3CC=C4CC(=O)CCC4(C)C3CCC12C,False,0
C=C(C)C(=O)OC[C@H]1CO1,False,0
c1ccc2c(c1)ccc1c3ccncc3ccc21,True,1
Nc1ccc(N=Nc2cccc(N=Nc3ccc(N)cc3N)c2)c(N)c1,True,2
COC(=O)Nc1cccc(OC(=O)Nc2cccc(C)c2)c1,True,94
Fc1cnc2c(c1)cc(F)c1ccccc12,False,0
Nc1c(Cl)c(Cl)nc(C(=O)O)c1Cl,True,384
c1ccc(OP(Oc2ccccc2)Oc2ccccc2)cc1,True,248
CC(=O)Nc1ccc2c(c1O)Cc1ccccc1-2,True,64
CC(C)OC(=O)CCl,True,3
CC(=O)N[C@@H](CS/C(Cl)=C(\Cl)C(Cl)=C(Cl)Cl)C(=O)O,True,1
O=C(O)c1cc(N=Nc2ccc(-c3ccc(N=Nc4ccc(N=Nc5ccc(O)c(C(=O)O)c5)c5cc(S(=O)(=O)O)ccc45)cc3)cc2)ccc1O,False,0
CN(CCCC(=O)c1cccnc1)N=O,True,14
O=[N+]([O-])c1cccc(Cl)c1Cl,True,166
C1=Cc2c3cc4ccccc4cc3cc3cccc1c23,True,2
O=[N+]([O-])c1ccc2c3c(cccc13)-c1cc(O)ccc1-2,True,21
O=[N+]([O-])c1c2c3c(ccc4cccc(c43)CC2)c2ccccc12,True,1
O=[N+]([O-])c1ccc2c3c(c4c([N+](=O)[O-])ccc5ccc1c2c54)CCCC3,False,0
CCOC(=O)CNC(=O)CBr,True,5
CC(C)COP(=S)(OCC(C)C)SCCl,False,0
Cc1ccc2[nH]c3c(C)ccc(C)c3c2c1,False,0
C=CCNCC=C,True,171
O=C(OCc1ccc(Cl)cc1)c1cccc2cccnc12,False,0
CN(C)CC(=O)O,True,707
Oc1cc2c3ccccc3cc3ccc4cccc1c4c32,True,28
C1=C[C@@H]2[C@H]3C=C[C@H](C3)[C@@H]2C1,False,0
O=NN(c1ccc([N+](=O)[O-])cc1)C1OCC(O)C(O)C1O,False,0
N#CCCC#N,True,264
Cc1cn2c(N=O)c(-c3ccc([N+](=O)[O-])cc3)nc2s1,False,0
CCOC(=O)C[C@@H](SP(=O)(OC)OC)C(=O)OCC,True,5
ClCCCBr,True,200
NNC(N)=O,True,1493
CO[C@]12[C@H]3N[C@H]3CN1C1=C(C(=O)C(N)=C(C)C1=O)[C@@H]2COC(N)=O,False,0
CNc1ccc(N=Nc2ccc3ncsc3c2)cc1,False,0
CC(=O)OCN(C)N=O,True,87
C[C@]12CC[C@H]3[C@@H](CC=C4C[C@@H](OC(=O)/C=C/c5cccc(N(CCCl)CCCl)c5)CC[C@@]43C)[C@@H]1CCC(=O)N2,False,0
c1ccc2c(c1)ccc1ncccc12,True,100
CCCC(=O)C1c2cccc(O)c2C(=O)c2c(O)cccc21,True,24
CC1CC(OC(=O)c2ccccc2O)CC(C)(C)C1,True,276
Cc1cccc2c1-c1ccccc1C2C,False,0
c1ccc2c(CC3CO3)cccc2c1,False,0
Oc1ccc2ncccc2c1,True,271
Nc1cccc2nc3cccc(N)c3nc12,True,1
NS(=O)(=O)c1cc2c(cc1Cl)NCNS2(=O)=O,True,900
COc1cc2c(c3oc(O)c4c(O)cc(O)c-4c13)C1C=COC1O2,False,0
O=[N+]([O-])c1cc([N+](=O)[O-])c2ccc3cccc4ccc1c2c43,True,313
O=C1c2ccccc2C(=O)c2c(O[C@@H]3O[C@H](CO)[C@@H](O)[C@H](O)[C@H]3O)ccc(O)c21,False,0
Cc1ccc2ccc3c4ccccc4ccc3c2c1,True,108
CC(=O)C1CCC2C3CCC4=CC(=O)CCC4(C)C3CCC12C,False,0
O=CNc1nc(/C=C\c2ccc([N+](=O)[O-])o2)cs1,False,0
Cc1ccc(O)cc1,True,3166
CCOC(=O)C[C@H](S[P@@](=O)(OC)SC)C(=O)OCC,False,0
O=NN(CC(=O)O)CC1(O)CCC(O)C(O)C1O,False,0
Cc1c(N=O)c(=O)n(-c2ccccc2)n1C,True,1
CS(=O)(=O)OC1CN(C(c2ccccc2)c2ccccc2)C1,True,1
NCCc1cc(O)c(O)cc1O,True,3203
Nc1ccc(S(=O)(=O)O)cc1C(=O)O,True,25
Cc1ccc(N)cc1N,True,576
CN(C)c1[nH]cnc2ncnc1-2,False,0
CC(NCc1ccccc1)C(=O)NCc1ccccc1,False,0
O=C1CCc2ccc3ccc4ccccc4c3c21,False,0
COP(=O)(OC)O/C(C)=C\C(=O)O[C@@H](C)c1ccccc1,False,0
OC1C=Cc2c(ccc3cc4c(ccc5ccccc54)cc23)C1O,True,4
Clc1ccc(-c2ccc(Cl)c(Cl)c2Cl)cc1Cl,True,138
Nc1ccccc1C(=O)O,True,3432
NC(=O)/C=C/c1ccc([N+](=O)[O-])o1,False,0
O=C1CCc2c3c(c4c(ccc5ccccc54)c21)CCC3,False,0
N#CCCO,True,131
CCN(CC)C(=S)SSCC(NC(=O)CCC(N)C(=O)O)C(=O)NCC(=O)O,False,0
CCC1(C(C)O)OC1(C(N)=O)C(=O)OC,False,0
O=[N+]([O-])c1ccc2c(ccc3cc([N+](=O)[O-])ccc32)c1,True,8
CC(C)NC(C)C,True,712
CC(=O)c1c(O)cc(C)oc1=O,True,6
O=C(O)c1c(Cl)cccc1Cl,True,154
Nc1ncnc2c1ncn2C1CCC(CO)O1,False,0
CC1CCCC(O)CCCCCc2cc(O)cc(O)c2C(=O)O1,True,3
Cc1c2ccccc2c(C2CO2)c2ccccc12,False,0
c1ccc(P(c2ccccc2)c2ccccc2)cc1,True,9995
CN(C)CCNC(=O)c1cccc2c(O)c3ccccc3nc12,False,0
O=[N+]([O-])c1ccc2c(ccc3ccc([N+](=O)[O-])cc32)c1,True,2
C=C1CC23CCC4C(C)(C(=O)OC5OC(CO)C(O)C(O)C5O)CCCC4(C)C2CCC1(OC1OC(CO)C(O)C(O)C1OC1OC(C)C(O)C(O)C1O)C3,False,0
CC(Oc1ccc(Cl)cc1Cl)C(=O)O,True,380
CN(C)c1ccc(N=NS(=O)(=O)O)cc1,False,0
COc1cc(NS(C)(=O)=O)ccc1Nc1c2ccccc2nc2ccccc12,True,636
ICI,True,549
O=NN(CCCl)C(=O)NCCO,True,91
ClC(Cl)=C(Cl)C(Cl)=C(Cl)Cl,True,418
CCOC(=O)C(C#N)c1snc2ccc([N+](=O)[O-])cc12,False,0
CC1=C2C(=CC(C)(C)C2O)C(=O)C(C)(O)C12CC2,False,0
O=[N+]([O-])c1ccc2ccc3ccccc3c2c1,True,89
O=C1c2ccccc2CCc2ccccc21,True,25
CC(C)OC(=O)COc1ccc(Cl)cc1Cl,True,35
CCOC(=O)CC(SP(=O)(OC)SC)C(=O)OCC,True,215
O=C(COc1ccc(Cl)cc1Cl)NC(Cc1c[nH]c2ccccc12)C(=O)O,False,0
CC(=O)c1ccc(Cl)c(Cl)c1Cl,True,1
NC[C@H]1CC[C@H](C(=O)c2ccc(CCC(=O)O)cc2)CC1,False,0
Cc1ccc(NO)cc1,True,34
CNP(=O)(N(C)C)N(C)C,True,12
CC(Cl)CO,True,85
CC(=O)Nc1cc(N=Nc2ccc(C)c(NC(C)=O)c2)ccc1C,False,0
C#CCOCC[n+]1ccccc1/C=N/O,False,0
OCCN(CCO)c1ccc2ccccc2c1,False,0
Cc1cc2c(c3ccc4c(c13)C1OC1C(O)C4O)CCC2,False,0
CCOC(=O)C(CCc1ccccc1)NC(C)C(=O)N1C(C(=O)O)CC2CCCCC21,False,0
Cc1ccc2c(c1)C(C)c1cc(C)ccc1-2,True,2
O=C(CC(O)C(=O)OCCBr)OCCBr,False,0
C1=CC2C3C=CC(C3)C2C1,True,189
COC(=O)C12CC1(C=O)C(C=O)C=C1CC(C)(C)CC12,False,0
O=[N+]([O-])c1ccc(-c2ccccc2)cc1,True,116
CCCC(=O)Nc1ccc(OC[C@H](O)CNC(C)C)c(C(C)=O)c1,True,1
C[C@@H]1[C@H](O)CCC2=CC(=O)[C@@]3([C@H]4O[C@H]4CO)O[C@H]3[C@]21C,False,0
CC(=O)NN,True,540
OC(=S)c1ccccc1,True,101
C1=CC2OC2C=C1,True,514
O=C(O)C1OC(Oc2ccc3cc4ccc5cccc6ccc(c3c2)c4c56)C(O)C(O)C1O,False,0
O=Nc1c(-c2ccc(Cl)cc2)nc2sccn12,True,1
C=C(C)C1CC=C(C)C(=O)C1,True,6
O=C(O)CCCCC1CCSS1,True,2210
Cc1cc(C(C)(C)C)c(O)c(C(C)(C)C)c1,True,5085
CCOCCOC(=O)c1cc(Cc2ccc(N)c(C(=O)OCCOCC)c2)ccc1N,False,0
CCCC(c1cc(C(C)(C)C)c(O)cc1C)c1cc(C(C)(C)C)c(O)cc1C,True,12
COc1c2ccoc2nc2c(O)c3c(c(CC=C(C)C)c12)OCO3,True,3
c1ccc2c(c1)-c1cc3ccccc3cc1C1OC21,True,2
O=CCCCC=O,True,7834
BrCCC(Br)Br,False,0
CC[C@@H]1NC(=O)c2cc(S(N)(=O)=O)c(Cl)cc2N1,False,0
C=CC(=O)NC(C)(C)CC(C)=O,True,7
O=C1c2ccccc2-c2ccc3ccccc3c21,True,14
FC(Cl)C(F)(F)F,True,71
O=S(=O)(Cc1ccccc1)N1C2c3ccccc3-c3ccccc3C21,False,0
CC1(C)S[C@@H]2[C@@H](NC(=O)[C@@H](N)c3ccccc3)C(=O)N2[C@H]1C(=O)O,False,0
O=[N+]([O-])c1cccc(-c2ccc([N+](=O)[O-])cc2[N+](=O)[O-])c1,False,0
CCCCCCCCCCC=CC1CC(=O)OC1=O,True,72
N=C1C=CC(=C(c2ccc(N)cc2)c2ccc(N)cc2)C=C1,True,6
O=C(O)C1CSC(c2ccccc2O)N1C(=O)CCSSCCC(=O)N1C(C(=O)O)CSC1c1ccccc1O,False,0
Nc1ccc2c([nH]c3ccccc32)c1[N+](=O)[O-],True,1
CCN(CC)CCCN(c1ccccc1)C1Cc2ccccc2C1,True,97
Cc1ccc(/C(C#N)=C/C=C/c2ccccc2[N+](=O)[O-])cc1,False,0
Oc1c(Br)c(Br)c(Br)c(Br)c1Br,True,152
CC(C)(C#N)N=NC(C)(C)C#N,True,1099
CCCCOC(C)=O,True,1327
O[C@@H]1Cc2cc3cccc4ccc5ccc1c2c5c43,False,0
Oc1cccc2ccccc12,True,3341
Cc1cc(O)c2c(c1)C(=O)c1cc(OC3OC(C)C(O)C(O)C3O)cc(O)c1C2=O,True,13
Cc1cccn2c1nc1ccc(N)nc12,True,100
Clc1cc(Cl)nc(Cl)n1,True,50
CCN=NNCC,True,2
CC(C)(C)c1ccc(C(=O)ON(OCc2ccccc2)C(=O)c2ccccc2)cc1,False,0
CCCCCCCCCCCCCC(=O)OC1C(C)C2(O)C(C=C(CO)CC3(O)C(=O)C(C)=CC32)C2C(C)(C)C12OC(C)=O,True,601
O=C(OCC1CO1)c1ccc([N+](=O)[O-])cc1,True,9
c1cnc2ccc3c(c2c1)C1OC1CC3,False,0
C[C@H]1CC(=O)O1,True,11
CC=C(C)C(=O)OC1CCN2CC=C(COC(=O)C(O)(C(C)OC)C(C)(C)O)C12,False,0
CCNS(=O)(=O)c1ccccc1C,True,14
O=[N+]([O-])c1ccccc1C(F)(F)F,True,38
O=C(NC(Cc1cc(O)nc2ccccc12)C(=O)O)c1ccc(Cl)cc1,False,0
CCOC(=O)[C@H](SP(=S)(OC)OC)c1ccccc1,False,0
O=C(O)c1ccc(O)cc1,True,3250
Nc1ccc(N)cc1,True,2069
O=C(c1ccccc1)C1OC1c1ccccc1,True,26
O=S(=O)(O)c1ccc2cc(Oc3ccc4cc(S(=O)(=O)O)ccc4c3)ccc2c1,True,1
Cc1c2c(nc3ccc(CO)cc13)-c1ccccc1C1OC21,False,0
O=[N+]([O-])c1ccc(/C=C/c2ccc(Cl)cc2)cc1,True,2
O=C1CCC(=O)N1O,True,3370
Oc1ccc2c3ccccc3c3cc4ccccc4cc3c2c1,False,0
CCC=[N+]([O-])O,True,1
O=C(O)c1ccc(Cl)c([N+](=O)[O-])c1,True,52
CC(C)(c1ccc(OP(O)O)cc1)c1ccc(OP(O)O)cc1,False,0
CCOC(=O)Nc1cccc2c3c[nH]ccc-3nc12,False,0
Fc1cnc2c(ccc3ccccc32)c1,False,0
COC(=O)c1oc(NOC(C)=O)c(-c2ccccc2)c1-c1ccccc1,False,0
O=C(NCO)c1ccc(Cl)cc1,True,4
c1ccc(-c2ccc([C@@H]3CO3)cc2)cc1,False,0
O=[N+]([O-])c1ccc2ccc3c4c(ccc1c24)c1ccccc1[n+]3[O-],False,0
CCCCCCCCCCCCCC[C@H]1CO1,False,0
CC(C)(C)OO,True,4844
O=[N+]([O-])c1ccc2c3cccc4cccc(c5cccc1c52)c43,True,41
C=C1C(=O)O[C@@H]2C[C@H](C)[C@H]3C[C@@H](O)O[C@@H](O)[C@]3(C)C[C@H]12,False,0
ClCc1ccc2cccc3c2c1-c1ccccc1-3,True,3
Cc1ccc2ccccc2c1,True,712
CCCC/C=C/C=O,True,458
CCOC(=O)c1[nH]c2ccccc2c1/N=C/c1ccc(C)cc1,False,0
CC(C)(OO)[C@H]1CC[C@H](C)CC1,False,0
CNC(=O)CC(N)C(=O)NC(C(=O)NC1C(=O)N2C1SC(C)(C)C2C(=O)O)c1ccc(O)cc1,False,0
c1ccc(C2NC2c2ccccc2)cc1,True,7
O=C(O)c1cccnc1Nc1cccc(C(F)(F)F)c1,True,815
CNS(=O)(=O)c1ccc(N)cc1,True,18
CCCCCCCCOc1ccc(C(=O)O)cc1,True,25
CCN(CC)CCn1nc2ccc(C)c3c2c1Sc1cc(Cl)ccc1-3,False,0
CC(C)C1(NC(=O)C2CC3c4cccc5[nH]cc(c45)CC3N(C)C2)OC2(O)C3CCCN3C(=O)C(Cc3ccccc3)N2C1=O,False,0
CCCCC(CC)COC(=O)C(C#N)=C(c1ccccc1)c1ccccc1,True,750
Cc1cccc(O)c1,True,1142
O=[N+]([O-])c1ccc2c(c1)Cc1cc([N+](=O)[O-])ccc1-2,True,179
CCC(Cl)=[N+]([O-])O,False,0
O=[N+]([O-])c1cccc(S(=O)(=O)OC[C@H]2CO2)c1,True,2
Cc1cc(=O)n(-c2ccccc2)n1C,True,1143
CS(=O)(=O)Nc1ccc(Nc2c3ccc(N=[N+]=[N-])cc3nc3cc(N=[N+]=[N-])ccc23)cc1,False,0
C=C(C)C(=O)OC(C)(C)C,True,148
OC1c2cccc3ccc4c5ccccc5cc(c4c23)C1O,True,61
Nc1cccc2c(O)nnc(O)c12,False,0
CC(CCC(=O)O)C1CCC2C3C(=O)CC4CC(O)CCC4(C)C3CCC12C,False,0
Nc1ccc2cc3ccccc3nc2c1,True,52
Nc1ccc(O)c(C(=O)O)c1,True,2103
CC(C)(Oc1ccc(C2CC2(Cl)Cl)cc1)C(=O)O,True,314
O=C1NC2(CCCCC2)C(=O)N1CCN1CC1,True,2
COc1ccc(/C=C/c2ccc(N)cc2)cc1,True,3
N#Cc1cccc([N+](=O)[O-])c1,True,90
O=CNc1nc(-c2ccc([N+](=O)[O-])o2)cs1,True,209
Cc1cc(N)ccc1-c1ccc(N)cc1C,True,5
Clc1cccc(C(Cl)(Cl)Cl)n1,True,141
c1ccc2c(c1)-c1c(c3ccccc3c3ccccc13)C1OC21,False,0
CC(=O)CCOOCCC(C)=O,False,0
CC(C)OC(=O)CC(O)(CC(=O)O)C(=O)O,True,5
CCCCO,True,8587
O=S1(=O)CCCCO1,True,100
COc1ccc(C=O)cc1OC,True,541
O=[N+]([O-])c1cc([N+](=O)[O-])c(O)c([N+](=O)[O-])c1,True,1536
Brc1c2ccccc2cc2c1ccc1ccccc12,True,48
O=C1NC(=O)C(c2ccccc2)(c2ccccc2)N1,True,3559
Cc1nccc2c1[nH]c1cc(O)ccc12,True,32
CC(=O)C1(O)C=C(OC2CC(N)C(O)C(C)O2)c2c(c(O)c3c(O)c4ccccc4c(O)c3c2O)C1,False,0
Cn1cnc(N=O)c1-c1ccccc1,True,1
CC(C)(c1ccc(O)cc1)c1ccc(O)cc1,True,8791
CCCCCN(CCCCC)CCCCC,True,34
Cc1cccc2c1ccc1ccccc12,True,410
Nc1cc2c(cc1[N+](=O)[O-])[nH]c1ccccc12,True,1
Nc1ccc(NC(=O)c2ccc(C(=O)O)cc2)cc1,False,0
NC(=O)c1cccnc1,True,7049
NNc1nncc2cnccc12,False,0
CCc1cccc(CC)c1NC(C)=O,True,4
CC(O)CC(=O)Nc1ccc(O)cc1,True,1
CC(=O)OCC12OOC1(C)c1ccccc1O2,False,0
O=C(O)CCC(=O)O,True,3220
CC1=C(O)C(=O)C(O)CO1,True,174
O=Cc1ccc2ccc3cccc4ccc1c2c34,True,233
CCOC(=O)C(O)(c1ccc(Cl)cc1)c1ccc(Cl)cc1,True,67
Nc1cc2c(O)c(N=Nc3ccc(N=Nc4ccc(S(=O)(=O)O)cc4)c4ccc(S(=O)(=O)O)cc34)c(S(=O)(=O)O)cc2cc1S(=O)(=O)O,True,2
CN(C)CCCN1c2ccccc2CCc2ccccc21,True,3478
CCc1c2ccccc2c(C)c2ccc3ccccc3c12,True,1
Nc1c2ccccc2cc2ccccc12,True,13
CCCOS(C)(=O)=O,True,57
O=C(Nc1ccccc1)c1csc([N+](=O)[O-])c1,True,12
CN1CCN(C2=Nc3cc(Cl)ccc3Nc3ccccc32)CC1,True,3544
Clc1cc(Cl)c(Cl)c(Cl)c1,True,78
Cc1c2c(cc3ccccc13)-c1ccccc1C1OC21,False,0
C=C(C)C1C=C2C(COC(=O)CCCCCCCCCCCCCCCCC)=CC=C2C(C)=CC1,False,0
C#CC1(OC(C)=O)CCC2C3CCC4=CC(=O)CCC4(C)C3CCC21C,False,0
C=C(C)C(=O)OCC(C)O,True,129
O=CC1C=COC=C1,True,6
CC12C=CC3=C4CCC(=O)CC4=CCC3C1CCC2O,False,0
CCCC(=O)OCC,True,1595
Cc1cc(=O)oc2c3c4c(cc12)CCCN4CCC3,True,70
CCCC[C@@H](CC)COC(=O)c1ccc(N(C)C)c([N+](=O)[O-])c1,False,0
Cc1cc(C(=O)O)ccc1[N+](=O)[O-],True,11
O=[N+]([O-])c1cccc2oc3ccccc3c12,True,17
N#CCCCCC#N,True,220
CCC(=O)OCc1cccc([N+](=O)[O-])c1,False,0
[O-][N+](=Nc1ccc(Cl)c(Cl)c1)c1ccc(Cl)c(Cl)c1,True,30
CC(=O)NC(CS)C(=O)O,True,1
CCCCOC(=O)c1ccc(N)cc1,True,52
Cc1cccc2c1cc1ccc3cccc4ccc2c1c34,True,24
CC(C)(C)OC(=O)/C=C/c1ccc([N+](=O)[O-])o1,False,0
O=C1C=C(Cl)C(=O)C1(Cl)Cl,True,2
O=[N+]([O-])c1cc(Cl)cc(Sc2cc(Cl)cc([N+](=O)[O-])c2O)c1O,False,0
NC(Cc1ccc(N(CCCl)CCCl)cc1)C(=O)O,True,17
Cc1c([N+](=O)[O-])c2ccccc2c2ccc3ccccc3c12,True,43
NC(=S)Nc1ccccc1,True,573
C=C(C)C(=O)OCCCCCCCCCC,True,65
C=C(C)C1CCC(=C)C2C3=C(CC(C)C3=O)C(=O)C(C)=CC12,False,0
CN(C)c1ccc(C2CC3(C)C(CCC3(O)CCCO)C3CCC4=CC(=O)CCC4=C23)cc1,False,0
CCC1OC(CO)C(COCC2OC(COC3OC(CO)C(O)C(O)C3O)C(OC)C(O)C2O)C(O)C1O,False,0
Cc1cc2[nH]c3cc(C)c4ccccc4c3c2c2ccccc12,True,5
c1ccc(-c2ccc(-c3ccccc3)cc2)cc1,True,319
COS(=O)(=O)F,True,56
CC(C)(C)c1ccc(OP(=O)(Oc2ccccc2)Oc2ccccc2)cc1,True,12
Cc1ccc(CN(C)N=O)cc1,True,1
N#CCCNCCC#N,True,219
O=C1CCOP(=O)(N(CCCl)CCCl)N1,True,82
CC(C)(C)c1cc(C=Cc2cc(C(C)(C)C)c(O)c(C(C)(C)C)c2)cc(C(C)(C)C)c1O,True,1
O=[N+]([O-])c1ccc2nc3cc([N+](=O)[O-])ccc3nc2c1,True,9
CC(C)(N=O)[N+](=O)[O-],True,13
c1c[nH]cn1,True,14067
O=[N+]([O-])c1cc[n+]([O-])cc1,True,141
Cc1cc(N=Nc2ccccc2C)ccc1N,True,8
OC1C=Cc2ccc3nc4ccc5ccccc5c4cc3c2C1O,False,0
CCN1c2cc(N)ccc2-c2ccc(N)cc2C1c1ccccc1,True,613
CC1=C(/C=C\C(C)=C/C=C\C(C)=C/C=O)C(C)(C)CCC1,True,4
O=c1c(Cl)c(Cl)cnn1S(=O)(=O)c1ccc(Cl)cc1,False,0
O=CN(O)c1ccc(-c2ccccc2)cc1,True,2
CC(O)CN,True,284
Nc1nc2cc(Cl)c(Cl)cc2s1,True,1
OCC(Br)CBr,True,80
CC(=O)N(O)c1ccc(/C=C/c2ccccc2)cc1,True,8
CS(=N)(=O)CCC(N)C(=O)O,True,454
CCN(C=O)N=O,True,1
Cc1ccc2ccccc2n1,True,438
c1ccc2c(c1)-c1c(ccc3ccccc13)C1OC21,True,3
Cn1c([N+](=O)[O-])nc2ncc(-c3ccccc3)cc21,True,20
CC(=O)Oc1cccc2cccnc12,True,25
CC(Cl)(Cl)[N+](=O)[O-],True,3
CCNc1cccc(O)c1,True,5
CCN(CC)c1ccc(N)cc1,True,93
Cc1c2c(cc3ccccc13)-c1ccccc1C1NC21,False,0
C1CCCNCC1,True,184
NCCCCC(NC(CCc1ccccc1)C(=O)O)C(=O)N1CCCC1C(=O)O,False,0
Clc1ccc(C(c2ccc(Cl)cc2)C(Cl)(Cl)Cl)cc1,True,2828
Cl/C=C(\Cl)c1c(Cl)c(Cl)c(Cl)c(Cl)c1Cl,False,0
CC12CCNC(=O)C=C1CCC1C2CCC2(C)C(OC(=O)/C=C/c3cccc(N(CCCl)CCCl)c3)CCC12,False,0
CCN(CCC#N)c1ccc(N=Nc2c(Cl)cc([N+](=O)[O-])cc2Cl)cc1,True,3
Nc1ccc(/C=C/c2ccc([N+](=O)[O-])cc2)cc1,True,5
CNc1ccc2ncc(C)nc2c1C,True,1
CCCCC(CC)C(=O)O,True,582
CC(=O)OC1Cc2cc3cccc4ccc5ccc1c2c5c43,True,1
O=C(O)COc1ccc(Cl)cc1,True,384
C(CCOC[C@H]1CO1)COC[C@H]1CO1,False,0
O=C(O)C1=CC(O)C(O)C(O)C1,True,9
C=CBr,True,463
Cc1cc2c3c(cccc3c1)-c1cc3ccccc3cc1-2,False,0
C=C(C)C1CC=C(C=O)CC1,True,167
Oc1ccc(Nc2c3ccccc3nc3ccccc23)cc1,False,0
CN1CCN(c2ccc3[nH]c(CCCCCCc4ccc5[nH]c(-c6ccc(N(CCCl)CCCl)cc6)nc5c4)nc3c2)CC1,False,0
Cc1ccc([N+](=O)[O-])c(C)c1,True,50
O=C1NC(=O)C(c2ccccc2)(c2ccc(O)cc2)N1,True,100
C[C@@H]1CNC[C@@H](C)O1,True,6
[O-][n+]1cccc2cccc(O)c21,True,23
Nc1nc(N)nc(Cl)n1,True,62
Clc1cccc2c1oc1ccccc12,True,25
COc1nncc2cccnc12,False,0
Cc1ccc(NN=NCc2ccc([N+](=O)[O-])cc2)cc1,False,0
C=CC(=O)c1ccc2c(c1)OCO2,True,18
COc1ccc(CO)cc1,True,563
OCc1ccc2c3c(cccc13)-c1ccccc1-2,True,7
Nc1ccc(Cc2ccc(N)cc2)cc1,True,106
O=C(/C=C/c1ccc(Br)cc1)c1ccccc1,True,8
C[n+]1cccc2c1C=C[C@H]1O[C@@H]21,False,0
ClC1c2cccc3ccc4c5ccccc5cc1c4c23,True,1
O=[N+]([O-])c1ccc(N(CCO)CCO)c(O)c1,False,0
Cc1ccc2ccc3cc4ccccc4cc3c2c1,True,16
CNC(=O)Oc1cc2ccccc2c2ccccc12,False,0
O=S(=O)(O)c1ccc2cc(O)c(S(=O)(=O)O)cc2c1,True,9
c1ccc2c(c1)ccc1cc3cnccc3cc12,True,4
COC(=O)C12OC1(C)C(C)OC2=O,False,0
CCOP(=S)(OCC)SCSCC,True,738
COc1cc2c(c3oc(O)c4c(O)ccc-4c13)C1C=COC1O2,False,0
O=[N+]([O-])c1ccc2cc([N+](=O)[O-])c3ccc([N+](=O)[O-])cc3c2c1,True,1
CN(C)CCNC(=O)c1cccc2c(N)c3ccccc3nc12,True,10
Nc1ccnc2ccccc12,True,465
ClC1=C(Cl)C(Cl)(Cl)C(Cl)=C1Cl,True,115
CCCCCC(CC)OC(=O)c1cccc(C(=O)OC(CC)CCCCC)c1,False,0
N#Cc1c(Cl)cccc1Cl,True,292
C=C(C)C(=O)OCCCC,True,848
CC(=O)n1ncc(Cl)c(Cl)c1=O,False,0
O=[N+]([O-])c1ccc2c(CCO)c[nH]c2c1,True,1
c1ccc(N2CCNCC2)cc1,True,595
COc1cc(/C=C/C(=O)O)ccc1O,True,10609
Cc1ccco1,True,829
COc1ccc2c(c1)C(=O)c1nccc3cc4c(c-2c13)OCO4,True,79
CNC(=S)N(C)C,True,56
CC1=CC(=C(C#N)C#N)C=C(/C=C/c2ccc(N(C)C)cc2)O1,True,13
CCC1=C(OC)C(=O)c2c(O)c(OC)c(OC)c(O)c2C1=O,False,0
CCC(Br)(CC)C(=O)NC(N)=O,True,99
CCc1cccc2cccnc12,True,17
O=[N+]([O-])c1ccc2c(c1)Oc1cc(Cl)c(Cl)cc1O2,True,6
C[C@@H](O)COC[C@@H](C)O,False,0
Cc1ccc(S(=O)(=O)NN)cc1,True,174
CC1(C)Cc2ncccc2-c2nc(N)sc21,False,0
OCCNc1ccc(N=Nc2ccc(NCCO)cc2)cc1,False,0
Cc1ccc(C(=O)O)cc1,True,404
CCOc1ccccc1OCC1CNCCO1,True,206
NC(=O)c1csc([N+](=O)[O-])c1,True,7
CCCCC(CC)COC(=O)c1ccccc1C(=O)OCC(CC)CCCC,True,2072
COP(=S)(OC)SCC(=O)N(C)C=O,True,127
Nc1ccc(-c2ccc(N)cc2)cc1,True,1906
Cn1cc2cccc([N+](=O)[O-])c2n1,True,1
Nc1ccc(CCc2ccc(N)cc2)cc1,True,9
Cc1ccc(NO)cc1C,False,0
C[C@H]1CN(N=O)[C@H](C)CN1N=O,False,0
CCCNN=O,True,41
O=C(O)CNCP(=O)(O)O,True,2893
CC(=O)ON(C(C)=O)c1ccccc1C,True,1
CC1=NCCc2c1[nH]c1cc(O)ccc21,True,126
Cc1cc2c(C)c3ccccc3nc2c2ccccc12,True,1
Cc1cnccn1,True,624
NC(CCC(=O)NC(CSN=O)C(=O)NCC(=O)O)C(=O)O,False,0
O=[N+]([O-])c1ccc(Nc2ccc(N=C=S)cc2)cc1,True,200
CCOP(=S)(OCC)SCSP(=S)(OCC)OCC,True,306
CCN(CCCO)N=O,False,0
Nc1ccc(Oc2ccc(N)c(N)c2)cc1,True,4
Brc1ccccc1,True,2127
CCC[CH-][N+](=O)[O-],False,0
CCCC[C@@H](CC)COCCC#N,False,0
ClC(Cl)(Cl)C1CO1,True,134
ONc1ccc(N=Nc2ccccc2)cc1,True,5
CC(=O)OCN(CCCl)N=O,True,2
Oc1nc2ccccc2o1,True,16
CC(=O)N(Cl)c1ccc2c(c1)Cc1ccccc1-2,False,0
CC(=O)Nc1ccc2ccc3cccc4ccc1c2c34,True,61
CC(=O)C1(C)OC12C=Cc1ccccc1C2=O,False,0
Cc1ccc(N)cc1N=[N+]([O-])c1cc(N)ccc1C,False,0
COc1cc(-c2nc(-c3ccccc3)c(-c3ccccc3)[nH]2)ccc1O,False,0
ONc1cc2ccccc2[nH]1,True,1
COc1c(CO)c(O)cc2c1C(=O)c1ccccc1C2=O,True,74
O=[N+]([O-])c1cc2c3ccccc3sc2c2ccccc12,True,5
CC1(c2ccc([N+](=O)[O-])cc2)CO1,True,1
CCCCNCCCC,True,502
C1=CC2OC2C=CO1,True,2
CNCCS(=O)(=O)O,True,99
O=C(/C=C/c1ccccc1[N+](=O)[O-])c1ccccc1,True,15
CN/C(=C/[N+](=O)[O-])NCCSCc1ccc(CN(C)C)o1,False,0
Cc1ccc(C)c(C)c1C,True,226
CCC(CC)[N+](=O)[O-],True,23
NC(CSC(=O)NCCCl)C(=O)O,False,0
Oc1ccc(/C=N/c2snc3c(Cl)cc(Cl)cc23)cc1,False,0
CC1=C2C(=CO[C@H](C)[C@H]2C)C(O)=C(C(=O)O)C1=O,True,4
O=C(Nc1ccccc1)Nc1ccccc1,True,217
CC(C)CC[C@@H](C)Nc1ccc(N[C@H](C)CCC(C)C)cc1,False,0
OC1C=CC2=C(c3cccc4cccc2c34)C1O,True,1
Oc1ccc(Cl)c(Cl)c1Cl,True,311
OC1C=Cc2c(ccc3cc4c(cc23)C(O)C(O)c2ccccc2-4)C1O,True,1
COc1cc2c(c3oc(O)c4c(O)ccc-4c13)C1CCOC1O2,False,0
O=[N+]([O-])c1ccccc1S(=O)(=O)O,True,35
O=C(O)C(Cl)Cl,True,2059
COc1ccc(/C=N/n2nnc3c4ccccc4nc-3c2O)cc1,False,0
c1ccc2cc3c(cc2c1)c1c(c2ccccc23)O1,True,2
COc1ccccc1-c1ccccc1,True,66
O=[N+]([O-])c1ccc(C=C=[N+]([O-])O)o1,False,0
OC1C=Cc2c(ccc3c(Cl)c4ccccc4cc23)C1O,False,0
N=C(N)c1ccc2cc(C(=N)N)[nH]c2c1,True,9
CCNc1ccccc1,True,167
Nc1ccc2c(ccc3ccccc32)c1,True,97
CN(CCCCO)N=O,True,4
CC1Cc2c(Cl)cc(C(=O)NC(Cc3ccccc3)C(=O)O)c(O)c2C(=O)O1,False,0
O=[N+]([O-])c1cc([N+](=O)[O-])c(Nc2c([N+](=O)[O-])cc([N+](=O)[O-])cc2[N+](=O)[O-])c([N+](=O)[O-])c1,True,203
COc1nc2cccc(CBr)c2nc1OC,True,1
CCCN(CCC)C(=O)SCC,True,119
COC(=O)CCl,True,159
Oc1ccc2ccc3c4ccccc4ccc3c2c1,True,93
CN(C)c1ccc(N=Nc2ccc3[nH]ncc3c2)cc1,True,6
C[C@@H](Cl)CCl,True,1
CC(=O)C1(c2ccccc2)CCNCC1,True,3
COC1OC1(C)C,True,2
COC[C@H]1CO1,False,0
C[C@H]1CS(=O)(=O)CCN1/N=C/c1ccc([N+](=O)[O-])o1,False,0
CCn1cc(C(=O)O)c(=O)c2cc(F)c(N3CCNCC3)nc21,True,418
CC(=O)OC(C(C)=O)N(C)N=O,True,4
CC(C)=CCC/C(C)=C/CO,True,3176
COc1ccc2c(c1)[nH]c1c(C)nccc12,True,1290
CC(=O)Nc1ccc(C)cc1,True,53
O=C(c1ccc2c(c1)OCO2)C1CO1,False,0
c1ccc2c(c1)-c1c(c3ccccc3c3ccccc13)[C@H]1O[C@@H]21,False,0
O=[N+]([O-])c1c2c(c3ccc4cccc5ccc1c3c45)CCC=C2,False,0
CN(C)CCN(Cc1cccs1)c1ccccn1,True,131
Clc1nncc2ccccc12,True,36
Nc1nc(-c2ccccc2)c(CCO)c2ncnn12,False,0
CCCCCN,True,336
Nc1ccc(Sc2ccc(N)cc2)cc1,True,25
Cc1cccc(Nc2ccncc2S(=O)(=O)NC(=O)NC(C)C)c1,True,63
Cc1cnc(S)nc1O,True,1
Cc1ncc(CO)c(CO)c1O,True,3093
CC(=O)OCc1ccc([N+](=O)[O-])cc1,True,28
Cc1cc(C)c(C)c(C)c1,True,120
OC1c2ccc3ccc4c5ccccc5ccc4c3c2C2OC2C1O,False,0
COc1cc(-c2ccc(N=Nc3cc(S(=O)(=O)O)c4ccccc4c3O)c(OC)c2)ccc1N=Nc1cc(S(=O)(=O)O)c2ccccc2c1O,True,6
Cc1c(/C=N/OCc2ccc(Cl)cc2)c2cc([N+](=O)[O-])ccc2n1Cc1ccccc1,False,0
C=CC(=C)CCC=C(C)C,True,2486
C[N+]1([O-])CC=C(c2ccccc2)CC1,True,6
O=[N+]([O-])c1ccccc1CO,True,217
O=Nc1ccc(Nc2ccccc2)cc1,True,6
Cc1cc2c(c3ccc4ccccc4c13)C1OC1C(O)C2O,True,6
Cc1cc2nc3c(=O)[nH]c(=O)nc-3n(C)c2cc1C,True,312
CC(Oc1cc(Cl)c(Cl)cc1Cl)C(=O)O,True,182
CCCCN(CC[C@@H](C)O)N=O,False,0
OC1C=Cc2c(cc3c4c(cc5ccccc53)-c3ccccc3-c24)C1O,False,0
CCc1c2ccccc2cc2c3c(ccc12)C(O)C(O)C1OC31,False,0
O=C1C2(Cl)C3(Cl)C4(Cl)C(Cl)(Cl)C5(Cl)C3(Cl)C1(Cl)C5(Cl)C24Cl,True,549
CC(C)N=C(NC(C)C)OCc1ccc([N+](=O)[O-])cc1,True,2
O=C1c2c(O)cccc2Cc2cccc(O)c21,True,344
O=P(O)(O)OCC1OC(n2cnc3c(O)ncnc32)C(O)C1O,False,0
CC(C)(C)OC(=O)NC(CN=[N+]=[N-])C(=O)OC(C)(C)C,False,0
Sc1c(Cl)c(Cl)c(Cl)c(Cl)c1Cl,True,212
CC(=O)Oc1ccc(C(c2ccc(OC(C)=O)cc2)c2ccccn2)cc1,True,153
O=[N+]([O-])c1cccc(O)c1,True,443
O=C1C=Cc2ccc3c4c(ccc1c24)C=CC3=O,True,145
N#C/C(N)=C(\N)C#N,True,22
C=CCn1c(=O)n(CC=C)c(=O)n(CC=C)c1=O,True,62
Cc1nc2ccc(N)cc2nc1C,True,6
COP(=S)(OC)Oc1ccc(SC)c(C)c1,True,754
O=S(=O)(O)c1c(N=Nc2c(O)ccc3ccccc23)ccc2ccccc12,False,0
Cc1c(C)c2c(N)c3ccccc3nc2c2ccccc12,True,1
CNCCCC(=O)O,True,79
CN(Cc1ccc(Br)cc1)N=O,True,2
NCCN,True,4055
CC(C)(C)c1c(N)ccc2ccccc12,False,0
CCCCCCCCCCCl,True,186
Nc1ccc(Cc2ccc(N)c(Cl)c2)cc1Cl,True,55
Nn1c2ccccc2c2cnccc21,False,0
Clc1cc2c(cc1Cl)Oc1cc(Cl)c(Cl)cc1O2,True,5984
C[C@@H]1O[C@H]1c1ccccc1,True,13
Cc1cc2c3ccccc3ccc2c2ccccc12,True,112
N#CCCC(=O)CCc1ccc(C(=O)O)cc1,True,1
O=[N+]([O-])c1ccc([N+](=O)[O-])c(O)c1,True,109
Nc1ccc(Sc2ccc([N+](=O)[O-])cc2)cc1,True,2
Nc1nc(O)c2ncn(C3C=CC(CO)C3)c2n1,False,0
C=C=O,True,1288
CC(CO)=[N+]([O-])O,False,0
NC1=NC(C(=O)O)CS1,True,56
C#CC(OC(=O)NC1CCCCC1)(c1ccccc1)c1ccccc1,False,0
NC(Cc1c[nH]c2ccccc12)C(=O)O,True,174
Cc1cccc2cccnc12,True,93
Cc1ccc(Nc2ccc([N+](=O)[O-])cc2)cc1,False,0
O=C(c1ccccc1)c1ccccc1,True,4879
CC(=O)NNc1ccc(CO)cc1,True,5
COc1c(O)cc2c3c1-c1ccccc1CC3N(C)CC2,True,9
C=C(C)C(=O)OCCOC(=O)NNC(=O)OCCOC(=O)C(=C)C,False,0
O=[N+]([O-])c1cccc2c1oc1ccccc12,True,2
Cc1ccc(S(=O)(=O)OCc2ccccc2)cc1,True,44
CC(=O)Nc1cccc2ncccc12,True,1
Cc1ccc(CN2C3c4ccccc4-c4ccccc4C32)cc1,False,0
c1cc2ccc3ccc(C4CO4)c4ccc(c1)c2c34,True,19
OC[C@H]1CO1,True,52
Cc1c(Cn2ccnc2)c2cc([N+](=O)[O-])ccc2n1Cc1ccccc1,False,0
CN(C[C@H](O)CO)N=O,False,0
C=CC(O)c1ccc(OC)cc1,True,197
CCS(=O)(=O)CCn1c([N+](=O)[O-])cnc1C,True,392
OC1Cc2cc3cccc4ccc5ccc1c2c5c43,True,2
OCC(Cl)CCl,True,144
C=CC1CCC2(C)OC2C1,False,0
OC1C=CC=CC1O,True,47
O=NN1CCCC(O)C1,True,8
Cc1cc(C)c(N)c(C)c1N,True,25
O=[N+]([O-])c1ccc2ccc3cc4c(c5ccc1c2c35)CCC=C4,False,0
CC(=O)c1cc2c(cc1C)C(C)(C)C(C)CC2(C)C,True,36
O=c1[nH]c(=O)n(C2CC(O)C(CO)O2)cc1CCCCl,False,0
CCCCCCOC[C@H]1CO1,False,0
FC(F)=C(F)F,True,565
CC(=O)c1ccccc1[N+](=O)[O-],True,44
N=C(N)NN=C(/C=C\c1ccc([N+](=O)[O-])o1)/C=C\c1ccc([N+](=O)[O-])o1,False,0
Nc1c([N+](=O)[O-])cccc1[N+](=O)[O-],True,73
C(=N/c1snc2ccccc12)\c1ccccc1,False,0
c1cc(-c2ccncc2)ccn1,True,1530
CN(C)C1C(=O)C(C(N)=O)C(=O)C2(O)C(=O)C3C(=O)c4c(O)cccc4C(C)(O)C3CC12,False,0
CCOCCOCCO,True,273
CNC(C)C(O)c1ccccc1,True,4
CC1C=C(C=O)C(C=O)=CC2CC(C)(C)CC12,False,0
Cc1cc(N)c(C)c2c1[nH]c1ccc(O)cc12,False,0
CCCCC(CC)COC(=O)c1ccc(C(=O)O)cc1,False,0
CCCCC=O,True,1330
c1ccc2cc(Nc3ccc(Nc4ccc5ccccc5c4)cc3)ccc2c1,True,5
O=[N+]([O-])c1cccc2c1c([N+](=O)[O-])cc1ccccc12,True,32
C=CC(C)(C)c1cc2cc3c(cc2oc1=O)OC(C(C)(C)OC(C)=O)C3,True,176
CC(Br)C(=O)N(C)Cc1ccccc1,False,0
CCN(CC)CCOc1ccc2c(c1)C(=O)c1cc(OCCN(CC)CC)ccc1-2,True,159
O=c1oc2cccc(O)c2cc1[C@@H]1CCc2ccccc2C1,False,0
Nc1ccc(C(=O)O)cc1,True,3889
O=[N+]([O-])c1ccc(-c2nc3n(c2[N+](=O)[O-])CCS3)cc1,False,0
Cc1cccc2nc3c(ccc4ccccc43)cc12,True,1
N[C@H](CS)C(=O)O,True,412
C/C=C\C=O,True,28
Cc1cc(C(=C2C=CC(N)C=C2)c2ccc(N)cc2)ccc1N,False,0
COc1cc(C(C)=O)ccc1O,True,1454
c1ccc2sncc2c1,True,125
CCC/C=N\O,False,0
O=C(C(F)(F)F)C(F)(F)F,True,370
O=Nn1cnc(CC(=O)NO)c1,False,0
Cc1cc([N+](=O)[O-])ccc1N,True,54
Cc1c(C)c2c(Cl)c3ccccc3nc2c2ccccc12,False,0
O=C1C(=O)c2cccc3cccc1c23,True,272
C/C(=C(/OCCOc1ccc(Cl)cc1)c1ccc(Cl)cc1Cl)n1ccnc1,True,7
CC(C)OC(=O)c1cc(Cc2ccc(N)c(C(=O)OC(C)C)c2)ccc1N,False,0
CC1=CC(=O)C=C(C)C1=O,True,242
CC(O)C(C)O,True,1415
C=C(Br)C=O,True,182
CC(=O)N(O)c1ccc([N+](=O)[O-])cc1,True,4
COc1ccc2c3c([nH]c2c1)C(C)=NCC3,True,658
C[N+]1(C)CCOCC1,True,3
O=[N+]([O-])c1ccc2c(O)nnc(O)c2c1,False,0
CC(C)=CCC/C(C)=C/C=C/C(C)=C/C=C/C(C)=C/C=C/C=C(C)/C=C/C=C(C)/C=C/C=C(\C)CCC=C(C)C,True,4772
Cc1c([N+](=O)[O-])cc([N+](=O)[O-])cc1[N+](=O)[O-],True,4199
Cn1c(N)nc2ncc(-c3ccccc3)cc21,True,2739
Cc1ccc2ccc([N+](=O)[O-])cc2c1,False,0
Brc1ccc2c(c1)C1OC1C1CCCCC21,False,0
COC(=O)CCCCC(=O)OC,True,132
CCc1cccc(CC)c1N,True,178
O=C(NC(=O)c1c(F)cccc1F)Nc1ccc(Cl)cc1,True,416
Nc1c(N=Nc2ccc(-c3ccc(N=Nc4cc(S(=O)(=O)O)c5ccccc5c4N)cc3)cc2)cc(S(=O)(=O)O)c2ccccc12,True,4
O=C1Cc2cc3ccc([N+](=O)[O-])cc3cc2C(O)C1O,False,0
NC(CCC(=O)NC(CS/C(Cl)=C/Cl)C(=O)NCC(=O)O)C(=O)O,False,0
COc1ccc2c(CBr)cc(=O)oc2c1,True,180
Cc1c(C(C)C)c(=O)n(-c2ccccc2)n1C,True,109
CCCCOC(=O)c1ccccc1C(=O)OCCCC,True,4265
O=[N+]([O-])c1ccc(Cl)cc1,True,544
C=C(C)C(=O)OCCCCCCCC(C)C,True,30
CC(Cl)C(=O)NCc1ccccc1,True,1
CC(=O)Nc1ccc(S(=O)(=O)c2ccc(NC(C)=O)cc2)cc1,True,10
COP(=S)(OC)Oc1ccc(N=O)c(C)c1,False,0
OC1C=Cc2c(ccc3cc4ccccc4cc23)C1O,True,16
NC(=O)C1(C(N)=O)OC1C(=O)c1ccccc1,False,0
O=C(c1ccccc1)C1OC1c1ccc(Br)cc1,True,1
C[C@@H](O)CCC(=O)c1ccoc1,False,0
CC(C)CCCCCOC(=O)c1ccccc1C(=O)OCCCCCC(C)C,True,289
O=[N+]([O-])c1ccc2ccc3c([N+](=O)[O-])c4ccccc4c4ccc1c2c34,True,9
CC(=O)C=O,True,6236
CCCCCC(=O)OC1(C(C)=O)CCC2C3CCC4=C(CCC(=O)C4)C3CCC21C,False,0
O=[N+]([O-])c1ccc([N+](=O)[O-])cc1,True,370
COc1cc2c(cc1OC)CN(N=O)CC2,False,0
Nc1cc(-c2ccncc2)cnc1O,False,0
c1ccc(-c2ccccn2)nc1,True,5696
Cc1c([N+](=O)[O-])cnc2c1nc1c(C)cccn12,True,1
CCC(O)CN,True,143
C[C@@H](CCC(=O)O)[C@H]1CC[C@H]2[C@@H]3CC[C@H]4C[C@@H](O)CC[C@]4(C)[C@H]3CC[C@@]21C,False,0
C=CCN1CCC=C2c3nc(NC(C)=O)sc3CCC21,False,0
CCOP(=O)(CC)OCC,True,61
CC1CNCC(C)O1,True,29
CCOc1ccc2nc(N)sc2c1,True,5
C1=Cc2c3c1cccc3cc1ccc3ccccc3c21,True,19
C[C@@H]1CCCC[C@H]1NC(=O)Nc1ccccc1,False,0
COC(=O)/C(C#N)=C/c1ccc([N+](=O)[O-])o1,False,0
Nc1ccc2c(c1)C(=O)c1ccc(N)cc1C2=O,True,81
C=CCOCC1CO1,True,192
C/C=C1\CC(C)C(C)(O)C(=O)OCC2=CCN3CCC(OC1=O)C23,True,3
NNc1ccccc1[N+](=O)[O-],True,125
O=C1C=CC(=O)c2c(O)ccc(O)c21,True,110
CS(=O)(=O)OCC(O)C(O)COS(C)(=O)=O,True,2
N#CSc1ccc([N+](=O)[O-])cc1[N+](=O)[O-],True,97
CC[C@@H](C)OC(=O)/C=C/c1ccc([N+](=O)[O-])o1,False,0
c1ccc2c(c1)ncc1cnc3ccccc3c12,True,3
NC(=O)c1ncn([C@@H]2O[C@H](CO)[C@@H](O)[C@H]2O)n1,True,4031
CC(O)C(=O)O,True,6139
CCN(CC)N=O,True,1592
C=CCl,True,1519
O=C(Cl)c1c(Cl)cccc1Cl,True,21
COC(=O)C(CSCC(Br)c1ccccc1)NC(C)=O,False,0
CN(C)C(=O)Cl,True,175
[N-]=[N+]=Nc1ccc2c(Nc3ccc(NS(=O)(=O)CCCN)cc3)c3ccc(N=[N+]=[N-])cc3nc2c1,False,0
Nc1ccc(N)c(S(=O)(=O)O)c1,True,64
O=C/C(=C(/Cl)C(=O)O)C(Cl)Cl,True,10
COc1c2ccoc2nc2c(OC)cccc12,True,123
CC(C)=CCOc1c2occc2cc2ccc(=O)oc12,True,4
CC(=O)Nc1ccc([C@H]2O[C@H]2C(=O)c2ccccc2)cc1,False,0
CCNc1cc(O)ccc1C,True,2
Cc1c2ccccc2cc2c3c(ccc12)C=CC(O)C3O,True,1
CC1=C(C(=O)OC(C)C)C(c2cccc([N+](=O)[O-])c2)C(=C(O)OC2CN(C(c3ccccc3)c3ccccc3)C2)C(N)=N1,False,0
O=C(O)C(=O)Nc1cccc(-c2nn[nH]n2)c1,False,0
Nc1ccccc1C(=O)OC1CCCCC1,True,1
Nc1nc(-c2ccc([N+](=O)[O-])cc2)nc2c1ncn2C1OC(CO)C(O)C1O,False,0
CCCCCCCCS(=O)[C@H](C)Cc1ccc2c(c1)OCO2,False,0
Cc1cccc(NC(=O)c2csc([N+](=O)[O-])c2)c1,False,0
Cc1nc(O)c(C#N)cc1-c1ccncc1,False,0
Cc1cc2ccc3cc4ccccc4c4ccc(c1)c2c34,True,1
O=C(O)CCCc1ccc(NCCCl)cc1,True,1
COc1ccc(C(=O)ON(OCc2ccccc2)C(=O)c2ccccc2)cc1,False,0
Cc1cnc2ccc3c(nc(NO)n3C)c2n1,True,104
FC(F)(F)C(Cl)Br,True,3153
COCCO,True,1007
CCOC(=O)C1=C(C)N=C(C)C(=C(O)OCC2COC3(CCCC3)O2)C1c1cccc(Cl)c1,False,0
CC(=O)/C=C\c1ccccc1,True,1
CN(C)C1C(O)=C(C(N)=O)C(=O)C2(O)C(O)=C3C(=O)c4c(O)cccc4C(C)(O)C3C(O)C12,False,0
Nc1ccc(-c2ccc(N)cc2S(=O)(=O)O)c(S(=O)(=O)O)c1,True,7
COc1cc(OC)c(C2OC2C)cc1OC,False,0
[N-]=[N+]=NCC(O)Cn1cnc2c(N)ncnc21,True,6
CCOS(=O)(=O)OCC,True,321
Cc1cc2c(c(O)c1O)C(=O)c1c(O)cc(O)cc1C2=O,True,75
C[N@+]1([O-])CCC[C@@H]1c1cccnc1,False,0
CNc1ccc2ccc3ccc(O)cc3c2c1,True,4
CC(C)CCOC(=O)CC(C)C,True,70
O=C(O)[C@@H](O)[C@H](O)C(=O)O,True,197
COc1cc([N+](=O)[O-])c(O)c(C(C)(C)C)c1,True,3
O=[N+]([O-])c1ccc(/C=C/c2cccc([N+](=O)[O-])c2)cc1,False,0
C=CC(C)(O)CCC=C(C)C,True,5307
CN(C)c1ccc2cc3ccc(N(C)C)cc3nc2c1,True,1791
O=[N+]([O-])c1ccc2c(c1)-c1ccccc1C2,True,86
CC(C)(C)CC(C)(C)c1ccc(OCCOCC[N+](C)(C)Cc2ccccc2)cc1,True,27
Nc1n[nH]c(N)n1,True,247
O=C(O)c1cc(O)c(O)c(O)c1,True,10311
CC(CO[N+](=O)[O-])(CO[N+](=O)[O-])CO[N+](=O)[O-],False,0
C=C(C)C(=O)OC[C@H](Br)CBr,False,0
O=[N+]([O-])C(Cl)(Cl)Cl,True,651
C[C@H]1CN(N=O)C[C@@H](C)N1N=O,False,0
Oc1nc2ccccc2n1C1CCN(CCCC(c2ccc(F)cc2)c2ccc(F)cc2)CC1,False,0
C=C(C)C1Cc2c(cc(O)c3c(=O)c4ccccc4n(C)c23)O1,True,47
CCOc1ccccc1[N+](=O)[O-],True,9
COC(C)(C)C,True,3510
Clc1cccc(Cl)c1,True,308
O=C(O)c1ccc(S(=O)(=O)N(Cl)Cl)cc1,True,5
C=C1C(=O)C23CCC4C(C)(C(=O)O)CCCC4(C)C2CCC1(O)C3,False,0
CC(C)(COCC1CO1)COCC1CO1,True,1
O=C1C(Cl)=C(Cl)C(=O)C1(Cl)Cl,True,3
ClCc1cccc2cc3ccc4cccc5ccc(c12)c3c45,False,0
Cc1nc(N)c(C)c2c1[nH]c1ccccc12,False,0
O=c1nc[nH]c(=O)[nH]1,True,192
CCCCCN(CCCCC)N=O,True,68
CC(C)(C)NCC(O)COc1cccc2c1CC(O)C(O)C2,False,0
OC(c1ccc(Cl)cc1)(c1ccc(Cl)cc1)C1CC1,True,2
CN(C)c1ccc(N=Nc2cccnc2)cc1,True,1
Nc1ccc(Cl)cc1N,True,122
CCCCCCCCCCCCCC(=O)O[C@@H]1[C@H](C)[C@]2(O)[C@@H](C=C(CO)C[C@@]3(O)C(=O)C(C)=C[C@H]32)[C@H]2C(C)(C)[C@]21OC(C)=O,False,0
C1CC2OC2CC1C1CO1,True,13
CC(C)OC(=O)/C=C/c1ccc([N+](=O)[O-])o1,False,0
O=Cc1cccc([N+](=O)[O-])c1,True,261
CC(=O)OCc1ccccc1[N+](=O)[O-],True,23
CCCCOCCOCCSC#N,True,4
ClC1(Cl)C2(Cl)C3(Cl)C4(Cl)C(Cl)(Cl)C5(Cl)C3(Cl)C1(Cl)C5(Cl)C24Cl,True,744
O=[N+]([O-])c1ccc2ccc3ccc([N+](=O)[O-])c4ccc1c2c34,True,560
CC(C)=C(Cl)C=O,True,5
Cc1ccccc1O,True,1529
O=[N+]([O-])c1ccc(Nc2ccccc2O)c([N+](=O)[O-])c1,False,0
COc1cc(O)c2c(c1)Cc1cc(C)cc(O)c1C2=O,True,2
CC(C)CC(=O)Nc1snc2ccc(Cl)cc12,False,0
CC(CCN(C)C)N(C)C,True,18
COc1cc2c(CCNC(C)=O)c[nH]c2cc1O,True,298
CCOC(=O)C(SP(=S)(OC)OC)c1ccccc1,True,141
CC(=O)N(O)c1ccc(C)cc1,True,2
OCCN1CCN(CCCN2c3ccccc3Sc3ccc(C(F)(F)F)cc32)CC1,True,650
NCCNCCNCCNCCNCCN,True,129
COC(=O)c1ccc(C)cc1,True,29
Clc1c(Cl)c(Cl)c2c(c1Cl)Oc1c(Cl)c(Cl)c(Cl)c(Cl)c1O2,True,926
O=C(O)Cc1ccc([N+](=O)[O-])cc1,True,132
CC(C)C(N)C(=O)O,True,88
CCC12OC1(C(=O)OC)C(=O)NC2(C)O,False,0
COC(=O)c1c2c(c3ccccc3c1O)OC(C)(C)C=C2,True,91
CCCCON(OC(C)=O)C(=O)c1ccc(C(C)(C)C)cc1,False,0
CNC(=O)c1c(N(C)N=O)ncn1C,True,29
CC(Cl)C(=O)O,True,310
OCNc1ncnc2c1ncn2C1OC(CO)C(O)C1O,False,0
COP(=S)(OC)SCC(=O)NCC=O,False,0
CC1(C)CCCC2(C)C1CCC1(C)C(C=O)C(C=O)=CCC12,False,0
CCN(CCCCO)N=O,True,12
ClC/C=C/CCl,True,42
CN1C(C(=O)Nc2ccccn2)C(=O)c2sccc2S1(=O)=O,False,0
CC(=O)N(O)c1ccc2c(c1)Cc1ccccc1-2,True,613
ClCc1ccccc1,True,1273
CCOP(=O)(NC(C)C)Oc1ccccc1C(=O)OC(C)C,True,30
CC1CN1,True,38
COc1cc(O)c2c(=O)c3cc(O)ccc3oc2c1,True,47
C=Cc1ccc(C)cc1,True,392
CC(=O)C(C)=O,True,2753
CCOc1ccc(N=O)cc1,True,118
Cc1ccsc1,True,280
c1cc(-c2cc3ccc(C4=NCCN4)cc3[nH]2)ccc1C1=NCCN1,False,0
CCN(CC)CC,True,17427
CC(=O)Nc1ccc(Cc2ccc(N)c(Cl)c2)cc1Cl,True,2
BrC(Br)C(Br)Br,True,33
CCOP(=O)(Oc1ccc([N+](=O)[O-])cc1)c1ccccc1,True,56
Nc1nc(-c2ccc([N+](=O)[O-])cc2)nc2c1ncn2C1CC(O)C(CO)O1,False,0
CC1(c2ccccc2)CO1,True,22
NC(=O)c1cc[n+](COC[n+]2ccccc2/C=N/O)cc1,True,1
O=NN(CCO)CCCCO,False,0
C1COCCOCCOCCOCCO1,True,290
CC(=O)OC1CCC2(C)C(=CCC3C2CCC2(C)C(C(C)CCCC(C)C)CCC32)C1,False,0
O=NN1CCC(O)CC1,True,8
O=C1c2ccccc2C(=O)c2c1ccc(C1OC(CO)C(O)C(O)C1O)c2O,False,0
CCCCN(N=O)C(N)=O,True,137
CC(=O)OC1(C(C)=O)CCC2C3C=C(Cl)C4=CC(=O)OCC4(C)C3CCC21C,False,0
CC(Br)C(N)=O,True,40
Nc1c2c(nc3ccccc13)CCCC2,True,1589
ClC1=C(Cl)[C@]2(Cl)[C@H]3[C@H]4C=C[C@H](C4)[C@H]3[C@@]1(Cl)C2(Cl)Cl,False,0
Nc1ccc(O)cc1,True,2670
Oc1ccc2c(c1)cc1ccc3cccc4ccc2c1c34,True,31
N#CCl,True,349
CC1COc2c(C3(N)CC3)c(F)cc3c(=O)c(C(=O)O)cn1c23,False,0
Brc1ccccc1-c1ccccc1,True,73
CCN(CC)CCNc1ccc2ncn3c4ccc(O)cc4c(=O)c1c23,True,12
Cc1c(C)c2c3c(ccc2c2ccccc12)C(O)C(O)C1OC31,False,0
O=c1c(Cl)c(Cl)cnn1S(=O)(=O)c1ccc(Cl)cc1Cl,False,0
CCOC(=O)N(CCCC(=O)c1cccnc1)N=O,True,5
O=C1c2ccccc2C(=O)N1SC1CCCCC1,True,2
S=c1scc(-c2ccccc2)s1,False,0
O=C(O)CCCC[C@@H]1CCSS1,True,1467
CCCC(=O)Cl,True,142
C=CC(=O)OC[C@H](Br)CBr,False,0
COc1cc2c3c(cc4cc5c(cc4c3c1OC)OCO5)N(C)CC2,True,5
O=[N+]([O-])c1ccc(-c2ccc([N+](=O)[O-])c([N+](=O)[O-])c2)c([N+](=O)[O-])c1,True,2
C[C@]12C[C@H](O)[C@H]3[C@@H](CCC4=CC(=O)C=C[C@@]43C)[C@@H]1CC[C@]2(O)C(=O)CO,False,0
CC(=O)/N=c1\sn(C(C)=O)c2ccc([N+](=O)[O-])cc12,False,0
O=c1c2ccccc2sn1CC1CO1,False,0
Nc1cccc2c1-c1cccc3cccc-2c13,True,1
CCC(C(C)O)=[N+]([O-])O,False,0
Nc1ccc(Oc2ccccc2)cc1,True,27
C=CC(=O)OCC(C)O,True,94
C#CC1(O)CCC2C3CCC4=CC(=O)CCC4C3CCC21C,True,2
Nc1cc([N+](=O)[O-])ccc1CO,True,14
O=[N+]([O-])c1c(O)cc2c3c(cccc13)-c1ccccc1-2,True,1
CC(C)(C)O,True,4495
CC(C)(O)CCc1ccc(O)c2c(=O)c3c(O)c4c(cc3oc12)OC1OC=CC41O,False,0
CC(=O)/C(C)=N\O,False,0
Cc1cc2ncccc2c2nc(N=[N+]=[N-])n(C)c12,False,0
O=C(CBr)c1ccc(-c2ccccc2)cc1,True,17
CC(=O)N(O[C@@H]1O[C@H](CO)[C@@H](O)[C@H](O)[C@H]1O)c1ccc(Oc2ccc(Cl)cc2)cc1,False,0
O=[N+]([O-])c1ccc2ccc3ccc([N+](=O)[O-])c4c5ccccc5c1c2c34,False,0
Cc1c(N)ccc(N)c1C,True,26
C=CCOC(C)=O,True,467
CCCCCCCCCCCCCC(=O)ON(C(C)=O)c1ccc2c(c1)Cc1ccccc1-2,True,12
NCCCN,True,1133
CC1=C(C)C(=O)C(C)=C(C)C1=O,True,529
CNC(C=[N+]([O-])O)=NCCSCc1ccc(CN(C)C)o1,False,0
CN(C)Nc1nc(-c2ccc([N+](=O)[O-])o2)cs1,True,1
CN(C)C(=N)N(C)C,True,463
O=C(OC[C@H]1CO1)c1cccc(C(=O)OC[C@H]2CO2)c1,False,0
O=[N+]([O-])c1cccc(NS(=O)(=O)c2cccc3cccnc23)c1,False,0
Cc1nc2ccc3ccc4ccc(O)cc4c3c2n1C,False,0
Nc1nc2ccc([N+](=O)[O-])cc2s1,True,11
O=C(/N=c1\sn(C(=O)c2ccc(Cl)c(Cl)c2)c2ccc([N+](=O)[O-])cc12)c1ccc(Cl)c(Cl)c1,False,0
CSCNc1ccccc1C(C)=O,False,0
CC12OC1C1CCCCC1c1ccccc12,False,0
NCCc1c[nH]c2ccccc12,True,4402
NC(CSC(F)(F)C(Cl)Br)C(=O)O,False,0
C/C=C1/CC(C)C(C)(OC(C)=O)C(=O)OCC2=CCN(C)CCC(OC1=O)C2=O,False,0
c1ccc2c(c1)Nc1ccccc1S2,True,2190
O=Cc1ccc(O)cc1,True,1663
CC(C)=C/C(C)=N/Nc1nncc2ccccc12,False,0
N/C(=N\O)c1cc(O)c(O)c(O)c1,False,0
Cc1cccc2ccc([N+](=O)[O-])cc12,False,0
CCCCNCC,True,50
O=c1oc2c([N+](=O)[O-])ccc3ccc4cccc1c4c32,True,2
O=[N+]([O-])c1ccc2c(c1)CCN2,True,34
CC1(C)C(C=C(Cl)Cl)C1C(=O)OC(C#N)c1cccc(Oc2ccccc2)c1,True,1781
CC1C(=O)OC2CCN3CC=C(COC(=O)C(C)(O)C1(C)O)C23,False,0
O=S(=O)(O)ONNCCc1ccccc1,False,0
Cc1ccc(S(=O)(=O)OC(C)C)cc1,True,35
CCSCCC(N)C(=O)O,True,234
O=CC(Cl)=C(Cl)Cl,True,9
N#CCC[C@](Br)(C#N)CBr,False,0
c1ccc2cc3c4ccccc4c4ccccc4c3cc2c1,True,220
Nc1ncnc2c1ncn2C1CC(O)C(CO)O1,False,0
O=C1C=CC(=O)C(Cl)=C1,True,191
Cc1cccc([N+](=O)[O-])c1,True,219
CC(C)CCC[C@@H](C)[C@@H]1CC[C@@H]2[C@@H]3CC4([C@@H]5C[C@@H](Br)CC[C@]5(C)[C@@H]3CC[C@]12C)S(=O)(=O)CCS4(=O)=O,False,0
O=[N+]([O-])c1cc2cccc([N+](=O)[O-])c2c2ccccc12,True,4
COc1cccc(/C=C/c2ccc([N+](=O)[O-])cc2)c1,False,0
CN(C)c1ccc(C(=C2C=CC(=N)C=C2)c2ccc(N(C)C)cc2)cc1,True,3
OCC1OC(n2cnc3c(S)ncnc32)C(O)C1O,False,0
O=[N+]([O-])c1ccc2[nH]cnc2c1,True,12
CCN(CC)CCCC(C)Nc1ccnc2cc(Cl)ccc12,True,7359
C[n+]1c2ccccc2cc2ccc(N)cc21,True,1
c1ccc2nc3c4ccccc4c4ccccc4c3cc2c1,True,37
O=NN(CC1(O)CCC(O)C(O)C1O)C(C(=O)O)C(=O)O,False,0
CC(C)CCCC(C)C1CCC2C3CC=C4CC(OCCOCCO)CCC4(C)C3CCC12C,False,0
CC(=O)c1ccc2c(c1)C(=O)C1(CC1)O2,True,1
CC(C)C(=O)N(O)c1ccc(Cl)cc1,False,0
CC(C)(O)C1Cc2cc3ccc(=O)oc3cc2O1,False,0
COC[C@@H](O)Cn1cc([N+](=O)[O-])nc1Cl,False,0
C=C1/C(=C/C=C2\CCCC3(C)C2CCC3C(C)/C=C/C(O)C2CC2)CC(O)CC1O,False,0
NC(CS)C(=O)NCC(=O)O,False,0
O=[N+]([O-])c1ccc2cc3ccccc3cc2c1,True,41
O=[N+]([O-])c1cccc2c1ccc1ccccc12,True,77
Nc1ccc2cc(S(=O)(=O)O)c(N=Nc3ccc(-c4ccc(N=Nc5c(S(=O)(=O)O)cc6cc(S(=O)(=O)O)cc(N)c6c5O)cc4)cc3)c(O)c2c1,False,0
CC(C)COC(=O)c1ccccc1N,True,5
ClC1=C(Cl)[C@]2(Cl)[C@H]3[C@@H]4C[C@@H]([C@@H]5O[C@H]45)[C@H]3[C@@]1(Cl)C2(Cl)Cl,False,0
CCOC(=O)C[n+]1csc2ccccc21,False,0
CC(=O)OCc1c2ccccc2cc2ccccc12,True,1
Nc1ccc(Oc2cccc(Oc3ccc(N)cc3)c2)cc1,False,0
Cc1cccc2cc3ccc4ccccc4c3cc12,True,18
COc1c(O)cc2oc(-c3ccc(O)cc3)cc(=O)c2c1O,True,624
COc1ccc(/C=C/C(=O)c2ccccc2)cc1,True,33
O=C(/C=C/C=C/c1ccc2c(c1)OCO2)N1CCCCC1,True,2248
CCCCCN(CCCOC)C(=O)C(CCC(=O)O)NC(=O)c1ccc(Cl)c(Cl)c1,True,189
O=C(O)/C=C/c1ccc(Cl)cc1,True,7
O=c1oc2cc(O)ccc2c2oc3cc(O)ccc3c12,True,633
O=C(O)c1ccc(Cl)cc1,True,446
CC(CCC(=O)O)C1CCC2C3C(O)CC4CC(O)CCC4(C)C3CCC12C,False,0
ClCc1ccc2c3c(cccc13)-c1ccccc1-2,True,1
c1ccc2c(c1)-c1cc3c(ccc4ccccc43)nc1C1OC21,False,0
OC1c2cc3ccc4cccc5ccc(c2C2OC2C1O)c3c45,True,375
Cc1ccc2nc3ccc(C)cc3c(N)c2c1,False,0
Cc1ccc(N=Nc2c(O)ccc3ccccc23)cc1S(=O)(=O)O,False,0
Cc1cc(O)c2c(c1)C(=O)c1cc(O[C@@H]3O[C@H](C)[C@@H](O)[C@H](O)[C@H]3O)cc(O)c1C2=O,False,0
O=C(O)c1cc(Cl)cc(Cl)c1,True,70
O=[N+]([O-])c1ccc2c(c1)CCc1cc3c(cc1-2)CCCC3,False,0
c1ccc(CCC2CO2)cc1,True,11
O=[N+]([O-])c1cc(CCl)cc([N+](=O)[O-])c1,True,20
Clc1cc(Cl)c(Cl)c(Cl)c1Cl,True,552
NC1CCCCC1,True,896
CCc1ccc(C(c2ccc(CC)cc2)C(Cl)Cl)cc1,True,12
CCC1(O)CC(O)c2c(cc3c(c2O)C(=O)c2c(O)cccc2C3=O)C1C(=O)OC,False,0
CCCCBr,True,462
CCCN(CCC)N=O,True,383
Nc1ccc(O)c(N)c1,True,169
CN(C)CCN(Cc1ccc(O)cc1)c1ccccn1,False,0
Fc1ccc2c3c(ccc2c1)-c1cccc2cccc-3c12,True,7
COc1cc(/C=C/C(=O)CC(=O)/C=C/c2ccc(O)c(OC)c2)ccc1O,True,12717
c1cc2ccc3cc4c(c5ccc(c1)c2c35)[C@@H]1O[C@@H]1CC4,True,1
CN(Cc1cccc(C(F)(F)F)c1)N=O,False,0
O=NN(c1ccc([N+](=O)[O-])cc1)[C@@H]1OC[C@H](O)[C@@H](O)[C@H]1O,False,0
Nc1ccccc1C(F)(F)F,True,67
Cn1c(NS(=O)(=O)O)nc2c3nc(CO)cnc3ccc21,False,0
CC(=O)Nc1nc(/C=C\c2ccc([N+](=O)[O-])o2)cs1,False,0
CC(C)OC(=O)C[C@@](O)(CC(=O)O)C(=O)O,False,0
O=C1CCc2c1cc(C(F)(F)F)c1c3c(ccc21)C(O)C(O)C=C3,True,1
OC[PH](CO)(CO)CO,True,1
Cc1cccc2c1-c1cc3ccccc3cc1C1NC21,False,0
CC(=O)c1cc2c(cc1C)C(C)(C)C(C)C2C(C)C,True,191
CCNCC,True,3127
Cc1cc(Cc2cc(C)cc(C(C)(C)C)c2O)c(O)c(C(C)(C)C)c1,True,42
C[C@H](I)[C@@H]1OC[C@@H](CO)O1,False,0
C1CCC2CCCCC2C1,True,608
Cc1c2ccccc2c(CO)c2ccccc12,True,22
c1ccc2c(C3CO3)c3ccccc3cc2c1,True,2
O=[N+]([O-])c1cccc2c(Cl)nsc12,False,0
Cc1ccc([N+](=O)[O-])c([N+](=O)[O-])c1,True,149
CCC1(CC(=O)O)OCCc2c1n(C)c1ccccc21,False,0
O=C1c2cc(O)cc(O)c2C(=O)c2c(O)cc(CO)cc21,True,144
COC(=O)C1=C(c2ccccc2)C(C)OC1=O,False,0
Oc1ccccc1-c1ccccc1O,True,237
CC(=O)ON(OCc1ccc(Br)cc1)C(=O)c1ccccc1,False,0
CC(=O)c1cccc2c1OC1(C)OOC21C,False,0
Cc1c2ccc(CO)cc2nc2c1ccc1ccccc12,False,0
C=CC(=O)OC(C)(C)C,True,541
COc1cc(O)c2c(c1)C1=CC(O)C(O)CC1(C)OC2=O,False,0
Nc1ccc(Nc2ccccc2)cc1,True,55
Cc1ccc(/N=C/c2cccc3cccnc23)c(C(=O)O)c1,False,0
COC(=O)c1ccco1,True,102
c1ccc2c(c1)cc1c3c2ccc2cccc(c23)C1,True,20
O=C(O)CCC(=O)Nc1ccc(Cl)c(Cl)c1,False,0
CN(C)C,True,2075
Cc1cccc2c1cc(C)c1c3c(ccc12)C(O)C(O)C1OC31,False,0
N#Cc1cc([N+](=O)[O-])ccc1N,True,38
Cn1cncc1[N+](=O)[O-],True,38
CCOP(=S)(OCC)Oc1nc(Cl)n(C(C)C)n1,True,40
Nc1ccc(N)c2c1C(=O)c1cccc([N+](=O)[O-])c1C2=O,False,0
O=[N+]([O-])c1ccc(O)cc1[N+](=O)[O-],True,109
Oc1cc(Cl)c(Cl)c(Cl)c1,True,49
O=C(O)CCc1ccccc1,True,705
[N-]=[N+]=NCC(O)C(O)C(O)C(O)C(=O)O,False,0
Cc1ccc([N+](=O)[O-])c2ccccc12,True,2
CC(=O)C(N=Nc1ccc(-c2ccc(N=NC(C(C)=O)C(=O)Nc3ccc(C)cc3C)c(Cl)c2)cc1Cl)C(=O)Nc1ccc(C)cc1C,True,1
CSCCC(NC=O)C(=O)NC(Cc1ccccc1)C(=O)O,False,0
Oc1cccc2c3cc4ccccc4cc3c3ccccc3c12,True,1
C[C@]1(c2ccc([N+](=O)[O-])cc2)CO1,False,0
Cc1cc(Cc2ccc(N)c(C)c2)ccc1N,True,8
Cc1ccc2ccc3c(ccc4c5cccc(C)c5ccc43)c2c1,True,5
O=P(O)(O)Oc1c(Br)cc(Br)cc1-c1cc(Br)cc(Br)c1O,True,7
NNC(=O)CNc1ccc2ccccc2c1,False,0
O=C1c2ccccc2CN2C(=O)c3ccccc3CN12,True,13
CC(C)COC(=O)Cc1ccccc1,True,12
CN1CC[C@@H](CN2c3ccccc3Sc3ccccc32)C1,False,0
CCCCC#N,True,309
CC(C)(Br)C(Br)COP(=O)(OCC(Br)C(C)(C)Br)OCC(Br)C(C)(C)Br,True,1
O=NN(CCCl)C(=O)NC1CCCCC1,True,727
O=CC=C(Cl)Cl,True,11
Cc1cc(-c2cc3c(cc2F)n2c(=O)[nH]c(=O)cc2n3C2CC2)cc(C)n1,False,0
COc1ccc2c3c(cccc13)OC([N+](=O)[O-])=C2,False,0
Cl/C=C\Cl,True,583
NC(=O)CI,True,3753
CCCCCCCCC1CO1,True,18
O=[N+]([O-])c1ccc2ccc3cccc4c3c2c1[C@@H]1O[C@H]41,False,0
CN(C)C(=S)SSC(=S)N(C)C,True,864
CC(=O)Nc1ccc2c3c(cccc13)-c1ccc(O)cc1-2,False,0
O=c1[nH]c2c(c(=O)n1C1CCCCC1)CCC2,True,24
COc1cc(C(=O)OCCCN2CCCN(CCCOC(=O)c3cc(OC)c(OC)c(OC)c3)CC2)cc(OC)c1OC,True,363
O=C(O)COc1ccc(Cl)cc1Cl,True,3142
COc1ccc2nc(N)sc2c1,True,17
O=C(CCl)Nc1snc2ccccc12,False,0
O=C(NC(=O)c1c(F)cccc1F)Nc1cc(Cl)c(Oc2ncc(C(F)(F)F)cc2Cl)c(Cl)c1,True,75
CCN(CC)C(=O)c1cccc(C)c1,True,1166
COC(=O)/C(C)=C/C=C/C(C)=C/C=C/C=C(C)/C=C/C=C(C)/C=C/C1=C(C)CCCC1(C)C,False,0
Nc1cccc2cccnc12,True,498
Nc1nc2ccccc2[nH]1,True,569
CCCCCC(C)(O)/C=C/C1C(O)CC(=O)C1C/C=C/CCCC(=O)O,False,0
c1ccc2[nH]nnc2c1,True,2066
c1ccc2c(c1)c1cccc3ccc4cccc2c4c31,True,926
COc1cccc2c1cc([N+](=O)[O-])c1c(C(=O)O)cc3c(c12)OCO3,True,842
CN1CCC[C@@H]1c1cccnc1,True,18
CCOP(=S)(OCC)SCCl,True,28
Cc1ccc2ccc3c4ccccc4cc4ccc1c2c43,True,5
O=S(=O)(c1ccc(Cl)cc1)c1ccc(Cl)cc1,True,37
Cc1ccc(N=Nc2c(O)ccc3ccccc23)c(C)c1,True,140
O=C1C=C2C(=CCOC2O)O1,True,1175
O=[N+]([O-])c1ccc2c(c1)CCc1c-2ccc2c1CCCC2,False,0
O=[N+]([O-])c1ccc(Oc2ccccc2)cc1,True,19
O=C1CN(/N=C/C=C/c2ccc([N+](=O)[O-])o2)C(=O)N1,True,93
CN(N=O)C(=N)NN(O)O,False,0
O=C(OC1CCCCC1)c1ccccc1C(=O)OC1CCCCC1,True,287
O=[N+]([O-])c1ccc(-c2ccccc2)c([N+](=O)[O-])c1,True,63
Nc1cc(S(=O)(=O)O)c2cccc(S(=O)(=O)O)c2c1,True,1
O=C(c1ccccc1)C1OC1c1ccc(F)cc1,True,10
COc1cc(N=Nc2ccc(N)cc2)c(C)cc1N=Nc1c(S(=O)(=O)O)cc2ccc(N)cc2c1O,False,0
COCCc1ccc(OCC(O)CNC(C)C)cc1,True,1772
CC(=O)OC1C(O)C2OC3CC(C)C(=O)C(=O)C3(CO)C1(C)C21CO1,False,0
O=[N+]([O-])c1ccc2ccc3cc4c(c5ccc1c2c35)CCCC4O,True,1
COC(=O)c1ccccc1N,True,471
Nc1cccc2c1Cc1ccccc1-2,True,224
C=Cc1cccnc1,True,49
CNC1C(O)C(OC2C(NC(=O)C(O)CN)CC(N)C(OC3CC(CN)C(O)C(O)C3O)C2O)CCC1(C)O,False,0
ClCCl,True,37093
CC(C)n1c(/C=C/[C@H](O)C[C@@H](O)CC(=O)O)c(-c2ccc(F)cc2)c2ccccc21,False,0
c1ccc2[nH]ccc2c1,True,9075
Cc1cc2c3c(ccc2c2ccccc12)C(O)C(O)C1OC31,False,0
N#Cc1cc([N+](=O)[O-])ccc1N=Nc1ccc(N(CCO)CCO)cc1,False,0
CC(=O)OC1COC(Nc2ccc(C(=O)O)cc2)C(OC(C)=O)C1OC(C)=O,False,0
C1=Cc2c(ccc3c2ccc2ccccc23)C1,True,9
Cc1cc(O)c2c(c1)C(=O)c1cccc(O)c1C2=O,True,155
CC(O)CBr,True,86
Nc1ccc2c(c1N)C(=O)c1ccccc1C2=O,True,128
O=c1c(=O)c2ccc([N+](=O)[O-])c3ccc4cccc1c4c32,True,5
NNc1nncc2ccncc12,False,0
COP(=O)(OC)O/C(=C\Br)c1ccc(Cl)cc1Cl,False,0
CC(C)Nc1cccc2c1C(=O)c1ccccc1C2=O,False,0
O=Nc1ccc2ccc3c4c(cc5ccc1c2c53)CCCC4,False,0
Cc1ccc2c(C)cccc2c1,True,67
CCCCCCc1ccc(O)cc1O,True,72
CCOP(=O)(OCC)Oc1cc(C)nc(C(C)C)n1,True,218
CN1CCCC1=O,True,3056
Cc1ccc(C#N)cc1,True,127
Cc1ccc(/N=C/N=C/N(C)c2ccc(C)cc2C)c(C)c1,False,0
Cc1cc(NS(=O)(=O)c2ccc(N)cc2)no1,True,2312
Cc1ccc(N)cc1N=Nc1cc(N)ccc1C,False,0
COc1cc(O)c2c(=O)c3c(OC)cc4c(c3oc2c1OC)[C@@H]1C=CO[C@H]1O4,False,0
CC(C)OS(C)(=O)=O,True,81
CN(C)CCNC(=O)c1cccn2cc(-c3ccccc3)nc12,False,0
Fc1ccnc2ccccc12,True,5
c1ccsc1,True,6977
CCCC[C@@H](CC)CO,True,11
O=[N+]([O-])c1cc(-c2ccc(O)c([N+](=O)[O-])c2)ccc1O,False,0
Nc1cnc2c(c1)nc1ccccn12,True,1
O=C(Oc1ccccc1)c1ccccc1O,True,112
COc1cc(O)c2c(c1)C(=O)c1cc(C)cc(O)c1C2=O,True,152
CCN(CC)c1ccc(N=Nc2cccnc2)cc1,False,0
c1ccc2cc([C@@H]3CO3)ccc2c1,False,0
CCCCOP(=O)(OCCCC)OCCCC,True,1718
Nc1ccn([C@@H]2O[C@H](COP(=O)(O)O[C@@H]3[C@@H](CO)O[C@@H](n4cnc5c(N)ncnc54)[C@@H]3O)[C@@H](O)[C@H]2O)c(=O)n1,False,0
O=CO,True,22428
C=CC(=O)OCCCC,True,1098
CC(O)C(O)C(O)C(O)C1SCCN1N=O,False,0
COc1ccc2c(c1)c(CC(=O)O)c(C)n2C(=O)c1ccc(Cl)cc1,True,12583
CCOS(=O)(=O)c1ccc(C)cc1,True,88
COc1ccc(N=Nc2ccc(N(C)C)cc2)cc1,False,0
O=C(Nc1ccccc1)C1CO1,True,1
Fc1cccc2c1ccc1cccnc12,False,0
ClCCOP(OCCCl)OCCCl,True,70
C[n+]1c2ccccc2cc2c(N)cccc21,False,0
O=C(O)C1OC(N(O)c2ccc(-c3ccccc3)cc2)C(O)C(O)C1O,False,0
COc1cc(O)c2c(=O)c3c(OC)cc4c(c3oc2c1OC)C1C=COC1O4,True,12
O=P(OCCCl)(OCCCl)OCCCl,True,1153
CCc1cc(N)cc(C)c1Cc1c(C)cc(N)cc1CC,False,0
O=C1CCCCCCCCCCCC(=O)OCCO1,True,42
O=C(CCl)c1ccc(Cl)cc1Cl,True,66
C=C(C)C(=O)OCCN(C)C,True,855
Nc1cc([N+](=O)[O-])cc([N+](=O)[O-])c1,True,98
O=[N+]([O-])c1ccc(Nc2ccc(Cl)cc2)cc1,False,0
NC(CCS/C(Cl)=C/Cl)C(=O)O,False,0
C=C1C[C@@]23CCC4[C@@](C)(CCC[C@@]4(C)C(=O)O)C2CCC1(OC(C)=O)C3,False,0
NCCCCC(N)C(=O)NC(Cc1c[nH]c2ccccc12)C(=O)NC(CCCCN)C(=O)O,False,0
COC(=O)C1=C(C)N=C(C)C(=C(O)OCCc2ccc(N3CCN(C(c4ccccc4)c4ccccc4)CC3)cc2)C1c1cccc([N+](=O)[O-])c1,False,0
O=[N+]([O-])c1ccc(/C=C/c2ccccc2)cc1,True,14
COc1c([N+](=O)[O-])cc([N+](=O)[O-])cc1[N+](=O)[O-],True,41
O=C(CCBr)N1CCN(C(=O)CCBr)CC1,True,13
Cc1c2c(cc3ccccc13)-c1ccccc1C(O)C2O,True,3
O=C(Cc1ccccc1)OCc1ccccc1,True,5
Clc1cccc(-c2nc3ccccc3o2)c1,False,0
OCCO,True,6147
O=Nc1c(O)ccc2ccccc12,True,85
Cc1ccc(N(CCCl)CCCl)cc1,False,0
c1ccc2c(c1)CCNC2,True,1148
c1ccc2c(c1)-c1c(ccc3ccccc13)[C@@H]1O[C@H]21,False,0
CN(C)c1ccc(N=Nc2ccccc2)cc1,True,348
Cc1ccc(C(C)(C)O)cc1,True,8
ClCC(Br)CCl,True,8
O=C(NC(S)c1nc2ccccc2s1)NC(S)c1nc2ccccc2s1,False,0
CC(O)CN1CC(C)OC1=O,False,0
CC(C)(C)OCC1CO1,True,34
CCC(C)=[N+]([O-])O,False,0
CC(O)Cc1cc(N)cc([N+](=O)[O-])c1N,True,3
CC(S)C(=O)NCC(=O)O,True,438
CNNCc1ccc(C(=O)NC(C)C)cc1,True,586
c1ccc2c(c1)c1ccccc1c1ccccc21,True,699
Nc1ccc(S(=O)(=O)c2ccc(N)cc2)cc1,True,1222
CN(C)CCNC(=O)n1c2ccccc2c(=O)c2ccccc21,False,0
O=C(c1ccccc1)[C@@H]1O[C@H]1c1ccc([N+](=O)[O-])cc1,False,0
ClCc1ccc(Br)cc1,True,7
Cc1c(NO)cc([N+](=O)[O-])cc1[N+](=O)[O-],True,47
Cc1ccc(/C(=C\CN2CCCC2)c2ccccn2)cc1,True,95
Nc1ncnc2c1ncn2-c1ccc([N+](=O)[O-])cc1[N+](=O)[O-],False,0
O=C(OCC1CO1)C1CCCCC1C(=O)OCC1CO1,False,0
Oc1ccc2ccc3c4c(ccc3c2c1)C(O)C(O)C1OC41,False,0
C[N+](C)(C)NCCC(=O)O,False,0
CCC(C)OC(=O)C=Cc1ccc([N+](=O)[O-])o1,False,0
Cn1c(N)nc2nc3cccnc3cc21,False,0
C=CC(=O)OCCCCCCOC(=O)C=C,True,78
CCCN(CCC)CCC,True,388
CN1CCc2cc3c(c4c2C1Cc1ccccc1-4)OCO3,True,4
CCN(CC)CCC[C@@H](C)Nc1c2ccc(Cl)cc2nc2ccc(OC)cc12,False,0
CC(=O)C1=CCC2C3=CCC4=CC(O)C(O)CC4(C)C3CC(O)C12C,False,0
CN(C=O)N=O,True,18
OCC(Br)=C(Br)CO,True,2
CCOCCOC(=O)/C=C\c1ccc(OC)cc1,False,0
CN(C)CCN(Cc1ccsc1)c1ccccn1,True,23
Cc1ccc2cc3c(c4c2c1CC4)C1OC1c1ccccc1-3,True,4
Cc1ccc(N=Nc2c(O)c(C(=O)O)cc3ccccc23)cc1S(=O)(=O)O,False,0
ONc1ccc(Sc2ccccc2)cc1,False,0
CCC(C)(C)c1ccc(O)cc1,True,205
C/C(C=O)=C(/Cl)C(=O)O,False,0
Oc1cccc2c1ccc1c3ccccc3ccc21,True,78
CNc1ccc(N(CCO)CCO)cc1[N+](=O)[O-],True,116
O=[N+]([O-])c1c(O)ccc2c1[nH]c1ccccc12,True,2
COC(=O)C12OC1(C)C(O)(C(C)C)NC2=O,False,0
O=C(O)C1OC(Oc2ccc3ccc4cc5ccccc5c5ccc2c3c45)C(O)C(O)C1O,False,0
CC(=O)Nc1ccc(NC(C)=O)c2c1C(=O)c1ccccc1C2=O,True,2
CN(C)CCNS(=O)(=O)c1cccc2cccnc12,False,0
O=C(O)c1cc([N+](=O)[O-])ccc1[N+](=O)[O-],True,99
CCCCCCCCCCCCCCCCCC[N+](C)(C)Cc1ccccc1,True,23
Cc1cc2ncccc2c2nc(N)n(C)c12,True,232
c1ccc2c(c1)Cc1c(c3ccccc3c3ccccc13)C2,False,0
Cc1cc(O)c2c(=O)c3c(O)cc(O)c4c5c(O)cc(O)c6c(=O)c7c(O)cc(C)c8c1c2c(c34)c(c78)c65,True,6
CCOc1ccccc1N,True,41
Cc1ccc(C(=O)ON(OCc2ccccc2)C(=O)c2ccccc2)cc1,False,0
CC(=O)c1cc(C(C)(C)C)cc2c1CCC2(C)C,True,155
CN(C)CCOC(c1ccccc1)c1ccccc1,True,1517
O=C(O)CCCCCCCBr,True,105
NC1CCN(c2nc3c(cc2F)c(=O)c(C(=O)O)cn3-c2ccc(F)cc2F)C1,True,71
N=C(N)c1ccccc1,True,2124
O=Nc1c2ccccc2c2ccc3cccc4ccc1c2c43,True,19
Cc1cccc2cccc([N+](=O)[O-])c12,False,0
CCCNCCC,True,274
COc1ccc2c(c1)C1CCCCC1C1OC21,False,0
NC(CCC(=O)NC(CSC(=O)NCCCl)C(=O)NCC(=O)O)C(=O)O,False,0
Cc1cc(O)c2c(c1O)C(=O)c1ccccc1C2=O,True,3
O=C1c2ccc(O)c(O)c2C(=O)c2c(O)ccc(O)c21,True,92
CN(C)CCCNc1c2ccccc2nc2ccccc12,True,6
CC(=O)OCN=[N+](C)[O-],True,104
CNC(=O)Oc1ccc(-c2ccccc2)cc1,True,4
Oc1c2c3c(ccc4ccc5cccc1c5c43)-c1ccccc1-2,True,2
CCC[C@@H](C)C[C@H](OC(=O)C[C@@H](CC(=O)O)C(=O)O)[C@H](C[C@H](C)C[C@H](O)CCCC[C@H](O)C[C@H](O)[C@H](C)N)OC(=O)C[C@@H](CC(=O)O)C(=O)O,False,0
Nc1ccc(CCc2ccccc2)cc1,True,11
CCCC1(O)CCC2C3CCC4CC(=O)CC(C)C4(C)C3CCC21C,False,0
O=S(=O)(O)c1ccc(N=Nc2c(O)c(S(=O)(=O)O)cc3cc(S(=O)(=O)O)ccc23)cc1,True,1
O=Cc1c(O)cc2c(c1O)C(=O)c1ccccc1C2=O,True,183
N=c1ccc2c(-c3ccccc3C(=O)O)c3ccc(N)cc3oc-2c1,True,1
Oc1cccc2c1ccc1[nH]c3ccc4ccccc4c3c12,False,0
Cc1cc2nc3ccc(N(C)C)cc3nc2cc1N,True,3
Cc1cc(N)c([N+](=O)[O-])cc1N,True,3
OCC(O)C(O)CO,True,38
CC(=O)OCC12CCC(C)=CC1OC1C(O)C(OC(C)=O)C2(C)C12CO2,True,10
O=C(C(=O)c1ccccc1)c1ccccc1,True,641
Oc1cccc2c1ccc1c3c4c(cccc4cc12)C=C3,False,0
Cc1c(N=[N+]([O-])c2cccc([N+](=O)[O-])c2C)cccc1[N+](=O)[O-],True,6
O=C(CBr)Nc1ccccc1,True,118
CC1=CC(=O)C=CC1=O,True,325
O=[N+]([O-])c1ccc(CNCCO)o1,False,0
CCC(C)c1ccccc1O,True,127
C[C@@H](Br)CBr,False,0
O=P1(N(CCCl)CCCl)NCCCO1,True,5216
CC(=O)OC/C=C(C)/C=C/C=C(C)/C=C/C1=C(C)CCCC1(C)C,True,359
Oc1c2ccccc2nc2occc12,True,3
CC(=O)c1cc2c(cc1C)C(C)(C)C(C)C2(C)C,True,155
Nc1cccc2c1-c1ccccc1C2,True,57
CCn1cc(C(=O)O)c(=O)c2ccc(C)nc21,True,1061
C1=CC2OC2c2cc3ccc4cccc5ccc(c21)c3c45,True,23
OC1C=Cc2c(ccc3c2ccc2ccccc23)C1O,True,6
CC(Cl)CCl,True,325
CCCCOCCOCCO,True,228
Cc1cc2cc3ccccc3cc2c2ccccc12,True,19
Nc1nc(-c2cc([N+](=O)[O-])cs2)cs1,False,0
NC(CS/C(Cl)=C(\Cl)C(Cl)(Cl)Cl)C(=O)O,False,0
O=C(/C=C\c1ccc(O)c(O)c1)O[C@@H]1C[C@](O)(C(=O)O)C[C@H](O)[C@H]1O,False,0
c1ccc2c(c1)ccc1nc3c(ccc4ccccc43)cc12,True,63
Cc1nc2c3c(ccc4ccc(O)cc43)ccc2n1C,True,1
Cl/C=C(/Cl)SCc1ccccc1,False,0
CC1CCC(=O)C1=O,True,45
CN(C)CCN1C=CN(C)C1/C=N/O,False,0
CCCCCCCCCCCCc1ccccc1,True,224
Cc1ccc(S(=O)(=O)NC(=O)NN2CCCCCC2)cc1,True,90
CC(=O)Nc1ccccc1,True,1331
O=C(/N=c1\sn(C(=O)c2cccc(Cl)c2)c2ccc([N+](=O)[O-])cc12)c1cccc(Cl)c1,False,0
O=C(O)c1occ(-c2ccccc2)c1-c1ccccc1,False,0
OC1c2c(cc3ccc4cccc5ccc2c3c45)C2OC2C1O,True,1
O=C1CC(=C(Cl)Cl)C(=O)N1,False,0
CN(Cc1ccccc1)C(=O)CBr,True,1
C/C=C1/CC(C)C(O)(CO)C(=O)OCC2=CCN3CCC(OC1=O)C23,False,0
O=C1c2c(O)ccc(O)c2C(=O)c2c(NCCNCCO)ccc(NCCNCCO)c21,True,2144
COc1ccc2c(c1)C1CCCCC1C=C2,False,0
Clc1c(Cl)c(Cl)c2ccccc2c1Cl,True,119
C1CS1,True,381
OCC1OC(OC2(CO)OC(CO)C(O)C2O)C(O)C(O)C1O,True,1
O=C(O)C(Cl)=C(C(Cl)Cl)C(Cl)Cl,True,3
Nc1cc(S(=O)(=O)O)cc2cc(S(=O)(=O)O)c(N=Nc3ccccc3)c(O)c12,True,4
O=C(N/N=C/c1ccc([N+](=O)[O-])o1)c1ccc(O)cc1,True,100
CSc1ncnc2c1ncn2CC(O)CN=[N+]=[N-],False,0
CS(=O)(=O)c1ccc(Cl)cc1,True,8
Nc1ccc2ccccc2c1N=Nc1ccc([N+](=O)[O-])cc1,False,0
CCN(CC)CCC[C@@H](C)Nc1ccnc2cc(Cl)ccc12,True,14
CCOC(=O)CC(SP(=S)(OC)OC)C(=O)OCC,True,2642
CCOC(=O)[C@H](CCc1ccccc1)N[C@@H](C)C(=O)N(CC(=O)O)C1Cc2ccccc2C1,True,69
CC1CC2OC3C(O)C(O)C(C)(C34CO4)C2(CO)C(=O)C1=O,False,0
Fc1c(F)c(F)c(Cl)c(F)c1F,True,122
COc1ccc(C(=O)c2ccccc2O)c(O)c1,True,76
CC(C)C[C@@H](C)N,True,3
Nc1ccccc1SCCSc1ccccc1N,True,33
O=C1CCc2ccccc2O1,True,533
Nc1ccn(C2OC(COP(=O)(O)O)C(O)C2O)c(=O)n1,True,33
O=NN1CC(Cl)C(Cl)C1,True,5
Cc1cccc(NO)c1,True,1
C=CC(=O)OCC(C)(C)C,True,2
CCCON(OC(C)=O)C(=O)c1ccccc1,False,0
c1ccc2c(c1)ccc1c3c(ccc12)CCC3,True,6
CC1CCCC(=O)CCCCCc2cc(O)cc(O)c2C(=O)O1,False,0
CCCCCl,True,523
O=C(O)COc1cc(Cl)c(Cl)cc1Cl,True,560
Cc1ccc(CCl)cc1,True,83
COc1nsc2cccc([N+](=O)[O-])c12,False,0
OC1c2cccc3c2C2(OC2C1O)c1ccc2ccccc2c1-3,False,0
Cc1cccc2ccccc12,True,551
CC(C)C(=O)Nc1snc2cc(Cl)ccc12,False,0
C(=C/c1cccc(/C=C/c2ccccc2)c1)\c1ccccc1,False,0
OCCCCl,True,167
O=C(Nc1cccc2c(=O)c3c(ccc4c5cc(NC(=O)c6ccccc6)c6c(=O)c7ccccc7c(=O)c6c5[nH]c43)c(=O)c12)c1ccccc1,True,1
CC(=O)N(O)c1ccc2ccccc2c1,True,11
O=[N+]([O-])C1=Cc2cccc3c2c1cc1cc2ccccc2cc13,False,0
CN(N=O)C(=O)Oc1cccc2ccccc12,True,35
C=C(C)C(=O)OCC(C)(C)C,True,1
C(=C/c1ccccc1)\c1ccccc1,True,756
N=C(N)c1ccc2c(N)c(C(=N)N)[nH]c2c1,False,0
BrCc1c2ccccc2cc2c1ccc1ccccc12,True,216
COC(C)CCOC(C)=O,True,7
N#C/C=C\C#N,True,103
O=C(Cl)c1ccc(Cl)cc1,True,140
CC/C=C\C/C=C\C/C=C\CCCCCCCC(=O)OCC,True,166
Cc1ccccc1Cl,True,293
COc1ccc2nc3c(cc2c1)-c1cccc2cccc-3c12,False,0
CCc1cccc(C)c1N,True,125
CC(=O)OC1Cc2c3ccc4ccccc4c3cc3ccc(C)c1c23,True,1
CC(C)Nc1ccc(Nc2ccccc2)cc1,True,18
COP(=O)(OC)C(OC(=O)CCl)C(Cl)(Cl)Cl,True,3
CO/N=C(\C(=O)NC1C(=O)N2C(C(=O)O)=C(CSC(=O)c3ccco3)CSC12)c1csc(N)n1,False,0
CCc1c2ccccc2cc2c1ccc1ccccc12,True,12
O=C(c1ccc(F)cc1)[C@H]1O[C@@H]1c1ccccc1,False,0
ClSC(Cl)(Cl)Cl,True,42
OC1c2cccc3ccc4cc5ccccc5c(c4c23)C1O,True,9
COc1cccc(NC(=O)c2csc([N+](=O)[O-])c2)c1,False,0
O=C(O)c1ccc(Cl)cc1Cl,True,178
C[n+]1c2ccccc2c(N)c2ccccc21,False,0
Cc1cc(N(CCO)CCO)ccc1N=Nc1ccc(N)cc1,False,0
C[C@H]1C(=O)O[C@H]2CCN3CC=C(COC(=O)[C@](C)(O)[C@]1(C)O)[C@H]23,False,0
CC(=O)Nc1ccc(C(=O)C2OC2c2ccccc2)cc1,True,1
O=c1n(C[C@H]2CO2)c(=O)n(C[C@H]2CO2)c(=O)n1C[C@H]1CO1,False,0
O=[N+]([O-])c1ccc2c(c1)nc(/C=N/OCc1ccccc1[N+](=O)[O-])n2Cc1ccc(Cl)cc1Cl,False,0
ClC1=C(Cl)C2(Cl)C3C4C=CC(C4)C3C1(Cl)C2(Cl)Cl,True,3
N#[N+]c1ccc([N+](=O)[O-])cc1,True,92
C=CCCCCCCCCC,True,222
C[C@H](Cl)CN(C)C,False,0
CN1CCN(N=O)CC1,True,52
c1ccc2c(c1)Oc1ccccc1O2,True,350
C=CC(C)(C)c1cc2cc3c(cc2oc1=O)OC(C(C)(C)O)C3,True,183
CC(OP(C)(=O)Cl)C(C)(C)C,True,12
c1ccc2ccccc2c1,True,11360
CCCCC(C=O)CC,True,143
COc1cc2c(c3oc4cccc(O)c4c(=O)c13)[C@@H]1C=CO[C@H]1O2,False,0
CC(=O)Nc1ccc(Oc2ccc(N(O)C(C)=O)cc2)cc1,False,0
[N-]=[N+]=NCC(O)CN=[N+]=[N-],True,5
Clc1ccccc1Cl,True,1700
CCOC(=O)c1cccc2cccnc12,True,3
CN1C=CN(CCC[n+]2ccc(C(N)=O)cc2)C1/C=N/O,False,0
N#CC(Cl)(Cl)Cl,True,585
Cc1cc2c(nc(N)n2C)c2nccnc12,True,1
CC(=O)OCc1cccc([N+](=O)[O-])c1,True,2
Clc1ccc2c(c1)oc1ccccc12,True,22
O=c1[nH]c(=O)n(C2CC(O)C(CO)O2)cc1I,False,0
O=C(O)[C@@H]1O[C@H](N(O)c2ccc(-c3ccccc3)cc2)[C@@H](O)[C@H](O)[C@H]1O,False,0
Nc1ccc2ccccc2c1S(=O)(=O)O,True,34
O=CNc1nc(-c2ccc([N+](=O)[O-])cc2)cs1,False,0
O=C1NC(=O)C(Cl)(Cl)C1=C(Cl)Cl,True,2
Clc1ccc2c(c1)Oc1ccc(Cl)cc1O2,True,184
BrCc1ccc2cccc3c2c1-c1ccccc1-3,True,4
O=C(O)c1cccc2cccnc12,True,31
O=C(O)c1cc(O)c2cccc(O)c2n1,True,13
C[C@H](CCc1ccccc1)NC[C@@H](O)c1ccc(O)c(C(N)=O)c1,False,0
CCc1ccccc1[N+](=O)[O-],True,103
O=S(=O)(O)c1ccc2c(N=Nc3ccccc3)c(O)ccc2c1,True,15
CCCCN(C[C@H](O)CC)N=O,False,0
O=C(O)CNC(=O)c1ccc([N+](=O)[O-])cc1,True,42
C=CCSSCCC,True,122
COCCN(CCOC)c1cc(NC(C)=O)c(-n2nc3c(Br)cc(N)c(Cl)c3n2)cc1OC,True,4
CC[C@@H](O)/C=C/C=C/C=C/C=C/C=O,False,0
c1ccc(-c2nc(-c3ccccc3)c(-c3ccccc3)[nH]2)cc1,True,175
C[C@@H](N)CN,True,7
C1=Cc2c(ccc3nc4ccc5ccccc5c4cc23)CC1,False,0
C/C=C(\Cl)C1=CC(=O)C23CC2C(C)(C)OC3(O)C1=O,False,0
C1=Cc2cc3c4ccccc4ccc3c3cccc1c23,True,4
O=c1c2ccc(OCC3CO3)cc2sn1CC1CO1,False,0
O=C1CCCCCN1,True,673
CCN(CCCl)CCCNc1c2ccccc2nc2c(OC)cccc12,False,0
COc1cccc2c1C(=O)c1c(O)c3c(c(O)c1C2=O)C(OC1CC(N(C)C)C(O)C(C)O1)CC(O)(C(=O)CO)C3,False,0
C=CC(=O)NCCCN(C)C,True,83
O=NN(O)c1ccccc1,True,47
CCc1cc2ccccc2c2ccc3c(c12)C1OC1C(O)C3O,False,0
O=C(O)c1cc(=O)c2c(OCC(O)COc3cccc4oc(C(=O)O)cc(=O)c34)cccc2o1,True,206
C=CCCCCCCCCCCC,True,202
CC(C)CCCC(C)C1CCC2C3CC(O)C4(O)CC(O)CCC4(C)C3CCC12C,False,0
CC(C)Oc1ccc(Nc2ccccc2)cc1,False,0
C=C(C)C(=O)O,True,1740
Clc1ccc([C@H](c2ccccc2Cl)C(Cl)Cl)cc1,False,0
CC/C=C/CC/C=C/C=O,True,62
c1ccc2c(c1)-c1c(c3ccccc3c3ccccc13)C1NC21,False,0
c1cc2ccc3ccc([C@@H]4CO4)c4ccc(c1)c2c34,False,0
Sc1[nH]cnc2ncnc1-2,True,2
NNc1nncc2ncccc12,False,0
O=[N+]([O-])c1cccc(CO/N=C/c2nc3cc([N+](=O)[O-])ccc3n2Cc2ccc(Cl)cc2)c1,False,0
Nc1cc(Cl)c(N)c(Cl)c1,True,27
Cc1ccccc1-c1nc2ccccc2o1,False,0
CCCCN(CCO)N=O,False,0
CCN(CC)CCn1nc2c3c(c(CO)ccc31)Sc1cc(Cl)ccc1-2,False,0
CN(C)CCCNc1c2ccccc2nc2cc([N+](=O)[O-])ccc12,False,0
CC(=O)Cl,True,2015
ClCc1ccc(CCl)cc1,True,62
CCCCCCCCSCN1C=CN(C)C1,False,0
CC1(C)C(C=C(Br)Br)C1C(=O)OC(C#N)c1cccc(Oc2ccccc2)c1,False,0
Cc1c(N)cc(N)cc1[N+](=O)[O-],True,214
CCC(=O)N(O)c1ccc(-c2ccccc2)cc1,True,1
Cc1c(N)cnc2c1nc1c(C)cccn12,True,27
C=C(C)C(=O)OCCOCCOC(=O)C(=C)C,True,146
Cc1cc(C)c([N+](=O)[O-])cc1[N+](=O)[O-],True,5
C=C(C)C(=O)OCC(C)(C)COC(=O)C(=C)C,True,5
Nc1cnc2ccccc2c1,True,218
CC(=O)ON(C(C)=O)c1ccc(Sc2ccccc2)cc1,False,0
O=c1c(Cl)c(Cl)cnn1S(=O)(=O)c1ccccc1,False,0
Oc1ccc2c(c1)-c1ccc3ccc4cccc5cc-2c1c3c45,False,0
CO/N=C(\C(=O)NC1C(=O)N2C(C(=O)OCOC(=O)C(C)(C)C)=C(/C=C/c3scnc3C)CSC12)c1csc(N)n1,False,0
CN(C)C(=O)N(C)N=O,True,43
Cc1cccc2c1ccc1cc3ccccc3cc12,True,25
OC[C@H]1O[C@@H](n2cnc3c(S)ncnc32)[C@H](O)[C@@H]1O,True,77
CCN(CCCl)CCCNc1c2ccccc2nc2c1ccc1cccnc12,False,0
O=C(O)CC(Cl)C(=O)O,True,16
O=NN1CCCCCC1,True,41
CC(=O)Nc1ccc(N)cc1,True,128
Cc1cccc(OC[C@@H](O)CNC(C)(C)C)c1C,False,0
O=C1c2ccc([N+](=O)[O-])cc2C(=O)N1CCl,True,4
COc1cc(-c2oc3cc(O)cc(O)c3c(=O)c2O)ccc1O,True,2334
O=[N+]([O-])c1cc(F)ccc1F,True,59
COC1=CC(=O)c2c3nc4ccccc4c-3c[nH]c2C1=O,False,0
O=C(O)c1ccccc1-c1c2cc(Br)c(=O)c(Br)c-2oc2c(Br)c(O)c(Br)cc12,False,0
O=C(O)Cc1ccc(Cl)cc1,True,161
CC[C@H](CC[C@@H](C)[C@H]1CC[C@H]2[C@@H]3CC=C4C[C@@H](O)CC[C@]4(C)[C@H]3CC[C@@]21C)C(C)C,False,0
CNCCN(Cc1ccc(OC)cc1)c1ccccn1,False,0
COC(=O)c1ccc(N=Nc2ccc(N(C)OC(C)=O)cc2)cc1,False,0
O=[N+]([O-])c1ccc2c(c1)-c1cc3ccccc3c3cccc-2c13,False,0
CCCCOC(=O)c1ccccc1N,True,86
N[C@@H](CS/C(Cl)=C/Cl)C(=O)O,False,0
Nc1ccc(/C=C/c2ccccc2)cc1,True,56
CCCN(N=O)C(=N)N[N+](=O)[O-],True,42
CC(C)(Oc1ccc([C@H]2CCCc3ccccc32)cc1)C(=O)O,False,0
CCCCCCCC/C=C/CCCCCCCC(=O)O,True,1065
CCCCCCOC(=O)c1ccccc1C(=O)OCCCCCC,True,327
CCOC(=O)c1[nH]c2ccccc2c1/N=C/c1ccc(NC(C)=O)cc1,False,0
CNP(=S)(N1CC1)N1CC1,True,72
Cc1ccc2c(C)c3ccccc3c(C)c2c1,False,0
O=C(Cl)C(Cl)c1ccccc1,True,14
C[C@@H]1CCCCN1N=O,False,0
CC(C)(c1ccc(OCC(O)CCl)cc1)c1ccc(OCC(O)CCl)cc1,True,33
CC1(C)CC2=C(C1)C(C=O)C1(C=O)CC1(C)C2O,False,0
CC1(C)CC2C=C(CO)C3(C=O)CC3(C)C2C1,False,0
CC(=O)Nc1cc2c(cc1OC(C)=O)-c1ccccc1C2,True,3
O=C(O)c1c[n+]([O-])c2ccccc2[n+]1[O-],True,1
CN(C)c1ccc(CCO)cc1,True,20
CS(=O)CCC(=O)N1C(C(=O)O)CSC1c1ccccc1O,False,0
O=c1ccc(=O)[nH][nH]1,True,21
CCCC(=O)Nc1snc2cc(Cl)ccc12,False,0
OCCN1CC1,True,40
O=S(=O)(O)c1ccc2ccc3cccc4ccc1c2c34,True,62
OC1c2ccccc2-c2cc3ccc4ccccc4c3cc2C1O,True,2
Cc1cccc(O)c1C,True,234
O=[N+]([O-])c1ccc2c3c(ccc([N+](=O)[O-])c13)-c1ccccc1-2,True,4
c1ccc2cnncc2c1,True,467
COc1cc2c(c3oc(=O)c4c(c13)CCC4=O)[C@@H]1C=CO[C@@H]1O2,True,3956
NNc1nc2ccc3nc4ccccc4c(O)c3c2s1,False,0
O=[N+]([O-])C(Cl)Cl,True,161
O=C(O)c1ccc([N+](=O)[O-])c([N+](=O)[O-])c1,True,68
C[C@@H](O)CN(C[C@@H](C)O)C[C@@H](C)O,False,0
O=[N+]([O-])c1ccc2c3cccc4ccc([N+](=O)[O-])c(c5cccc1c25)c43,True,2
Nc1cccc2nc3ccccc3nc12,True,43
OCC1CCC(n2cnc3c(O)ncnc32)O1,False,0
Nc1ccc(N)c2c(O)c3ccccc3c(O)c12,False,0
CC1CN(N=O)C(C)CN1N=O,True,4
NC(=O)c1cccc([N+](=O)[O-])c1,True,19
O=C1CCCN1c1ncc([N+](=O)[O-])s1,False,0
CCCCOCC1CO1,True,69
CCOC(=O)N(C)N=O,True,182
CN(C)CCCNc1c2ccccc2nc2c(Cl)ccc([N+](=O)[O-])c12,False,0
O=C1c2ccccc2-c2c1c1ccccc1c(=O)n2CCNCCO,True,16
Nc1ccc(N=Nc2ccc(N)cc2)cc1,True,126
COc1c2ccccc2nc2occc12,True,225
Cc1cc(C)c(N=Nc2c(O)c(S(=O)(=O)O)cc3cc(S(=O)(=O)O)ccc23)cc1C,False,0
O=[N+]([O-])c1ccccc1O,True,1233
ClCC(Cl)CBr,True,11
C=CC(=O)OCCN(C)C,True,135
O=[N+]([O-])C([N+](=O)[O-])([N+](=O)[O-])[N+](=O)[O-],True,690
CCOCCO,True,502
CCCNC(=O)/C=C/c1ccc([N+](=O)[O-])o1,False,0
C1CSCCO1,True,179
C=C(Cl)CCl,True,116
N#CCc1ccc(Cl)cc1,True,25
c1cc2ccc3cc4cccc5ccc6cc(c1)c2c3c6c54,True,179
Cc1cc(=O)oc2c3c(ccc12)C1(C)OOC1(C)O3,False,0
O=Cc1c([N+](=O)[O-])cccc1[N+](=O)[O-],True,58
O=[N+]([O-])c1c(O)c(Cl)cc(Cl)c1Cl,True,5
BrC(Br)C(Br)(Br)Br,True,2
O=[N+]([O-])c1c2ccccc2cc2c1ccc1ccccc12,True,129
C/C=C(/C)C#N,False,0
CCc1ccccc1,True,2103
CC(Br)C(=O)NC(C)(C)C,False,0
CCOCCc1c(-c2ccccc2)nc(N)n2ncnc12,True,4
FC(F)(F)c1ccccc1,True,412
Cc1c(C)c(N)c(C)c(C)c1N,True,227
COC(=O)Nc1nc2cc(/C(=N/O)c3ccc(F)cc3)ccc2[nH]1,False,0
CCOC(=O)C(=NNc1ccc(-c2ccc(NN=C(C(=O)OCC)C(=O)OCC)cc2)cc1)C(=O)OCC,False,0
FC(F)(Cl)Br,True,78
CC(C)COC(=O)/C=C/c1ccc([N+](=O)[O-])o1,False,0
CC(=O)Nc1cc(N=[N+]([O-])c2ccc(C)c(NC(C)=O)c2)ccc1C,False,0
Nc1nc(N)nc(-c2ccc([N+](=O)[O-])o2)n1,True,1
FC(F)OC(F)(F)C(F)Cl,True,495
Nc1ccc(CC(=O)O)cc1,True,205
CC(Br)C(=O)NCc1ccccc1,True,2
C[C@H]1CN1,False,0
O=[N+]([O-])c1cc([N+](=O)[O-])c2c3ccccc3c3cccc4ccc1c2c43,False,0
O=[N+]([O-])c1cccc([N+](=O)[O-])c1O,True,216
Cc1cnc2c(n1)c(C)cc1c2nc(N)n1C,False,0
C=CC(=O)OCCCCC,True,6
Cc1c(/C=N/OCc2ccccc2)c2cc([N+](=O)[O-])ccc2n1Cc1cccc([N+](=O)[O-])c1,False,0
CN=[N+](C)[O-],True,491
ClC(Br)Br,True,388
C1O[C@H]1[C@H]1CO1,True,128
c1ccc2c(c1)-c1ccc3ccc4cccc5cc-2c1c3c45,True,485
CC(=O)Nc1ccc(C)c(N=Nc2cc(NC(C)=O)ccc2C)c1,False,0
CC1CN(N=O)CC(C)N1N=O,False,0
O=NN1CCOCC1,True,480
C=CCCCCC1CO1,True,6
Cc1ccc(N=NN(C)C)cc1,True,6
O=C(O)COc1ccccc1,True,548
CCCNc1c([N+](=O)[O-])ccc(Cl)c1C(=O)O,False,0
CC(O)CN(CCN(CC(C)O)CC(C)O)CC(C)O,True,69
C=CCN,True,722
Cn1cnc2c(N)ncnc21,True,407
c1ccc2c(c1)ccc1[nH]c3ccc4ccccc4c3c12,True,57
CC(C)(C)c1cccc(C(C)(C)C)c1O,True,407
O=C1c2ccccc2C(=O)c2c(O)ccc(O)c21,True,205
COC(=O)CCC(=O)OC,True,272
CC(C)CC(=O)Nc1snc2ccccc12,False,0
COc1ccc(C)cc1N,True,18
CCCCOO,True,129
CCc1cccc2c(CCO)c[nH]c12,True,8
CN1CN=C2C1=N[C-][N+](O)=C2N,False,0
CCOP(=S)(OCC)SCn1c(=O)oc2cc(Cl)ccc21,True,156
c1ccc2c(c1)Cc1ccc3ccc4ccccc4c3c1-2,False,0
O=C(Cl)OCCCl,True,44
CC(=O)N(O)c1ccc(Oc2ccc(Cl)cc2)cc1,False,0
[N-]=[N+]=NC(c1ccccc1)C(O)CO,False,0
CCCCC(C)C(OC(=O)CC(CC(=O)O)C(=O)O)C(CC(C)CC(O)CCCCCCC(O)C(C)N)OC(=O)CC(CC(=O)O)C(=O)O,False,0
Oc1cc2c(cc1O)C1c3ccc(O)c(O)c3OCC1(O)C2,True,1
O=[N+]([O-])c1cc2cccc3c4ccccc4c4cccc1c4c23,False,0
COc1c(O)c2c(c3oc(=O)c4c(c13)CCC4=O)C1C=COC1O2,False,0
N=P(O)(OCCC(=O)O)N(CCCl)CCCl,False,0
ClCC1CO1,True,1549
CC(C)CCCCCCOC(=O)c1ccccc1C(=O)OCCCCCCC(C)C,True,775
CCC(CO)(CO)CO,True,149
COc1cc2c3c(c1O)-c1cc4c(cc1CC3N(C)CC2)OCO4,False,0
Nc1ccc(Cc2cc(O)c(N)c(Cl)c2)cc1Cl,True,1
O=c1[nH][nH]c(=O)c2ccccc12,True,201
CN1CCN=C(c2ccccc2)c2cc(Cl)ccc21,True,157
C=CC(=O)OCCOC(=O)C=C,True,137
C=CCN(CC=C)CC=C,True,108
CCCOP(=S)(OCCC)OP(=S)(OCCC)OCCC,True,11
CC(=O)OC(OC(C)=O)c1ccc([N+](=O)[O-])o1,True,2
Nc1ccc(-c2ccc(Cl)cc2)cc1,True,2
OC1c2cccc3ccc4c5ccccc5cc1c4c23,True,12
OC1C=Cc2c(ccc3ncccc23)C1O,True,4
O=C1c2c(ccc3ccccc23)-c2cccc3cccc1c23,False,0
O=[N+]([O-])c1ccccc1[N+](=O)[O-],True,539
CC(C)=CC1C(C(=O)OCc2cccc(Oc3ccccc3)c2)C1(C)C,True,151
O=C1c2ccccc2-c2ccc3c4c(ccc1c24)-c1ccccc1C3=O,True,3
COc1ccc(C2CC(=O)c3c(O)cc(OC4OC(COC5OC(C)C(O)C(O)C5O)C(O)C(O)C4O)cc3O2)cc1O,False,0
Cc1c2ccccc2cc2c1ccc1ccccc12,True,248
O=[N+]([O-])c1ccc2c(c1)oc1ccccc12,True,11
O=[N+]([O-])c1ccc(CCO)cc1,True,18
CCN(CC)c1ccc2c(C(F)(F)F)cc(=O)oc2c1,True,8
Cc1ccc2nc3c(ccc4ccccc43)cc2c1,False,0
CNCCCN1c2ccccc2CCc2ccccc21,True,1874
CC1CNC(=O)N1c1ncc([N+](=O)[O-])s1,False,0
c1ccc2c(c1)Cc1c-2ccc2ccc3ccccc3c12,True,3
O=[N+]([O-])C1=Cc2c3ccc4ccccc4c3cc3cccc1c23,False,0
C=CC(=O)N1CCN(c2ccccc2)CC1,False,0
CN(NO)C(=O)c1ccccc1,False,0
Cc1cc2ccccc2c2ccc3c(c12)C1OC1C(O)C3O,True,26
CC1CC2(OC2C)C(=O)OC2CCN(C)CC=C(COC(=O)C1(C)O)C2=O,False,0
C=CCc1ccc(O)cc1,True,407
CCCCCn1cc2c3c(cccc31)[C@H]1C=C(C)CN(C)[C@@H]1C2,True,1
CCOC(=O)OC(=O)OCC,True,1064
O=NN1C[C@@H](Cl)[C@H](Cl)C1,False,0
Nc1ccc(-c2ccc(N)cc2Cl)c(Cl)c1,True,1
CNc1ccccc1,True,627
Nc1ccc(Cc2ccc(N)cc2[N+](=O)[O-])c([N+](=O)[O-])c1,True,2
O=C(CCl)c1ccccc1,True,396
Cc1nc2c(cc(C)c3ccc4ccc(O)cc4c32)[nH]1,False,0
CC1CN(N=O)CC(C)N1C(=O)c1ccccc1,True,2
Cc1ccccc1OCC1CO1,True,9
CNC(=O)/C=C(\C)OP(=O)(OC)OC,True,504
Oc1cccc(O)c1O,True,2387
CCN(N)CC,True,12
CC(C)N(C(=O)SC/C(Cl)=C/Cl)C(C)C,True,223
Cc1ccc(N)cc1C,True,66
CC(=O)N(O)c1ccc(Oc2ccccc2)cc1,True,1
CCCCON(OC(C)=O)C(=O)c1ccc(C)cc1,False,0
BrCCCBr,True,447
CC1(O)C=Cc2cc3c(ccc4ccccc43)c3c2C1(O)CC3,False,0
O=c1ccc2cc3ccoc3cc2o1,True,1672
C=CC(O)c1ccc2c(c1)OCO2,True,152
CCCCN(CC(O)CCO)N=O,False,0
COc1cc(N)c2c(c1N)C(=O)c1ccccc1C2=O,True,27
O=CN(O)c1ccccc1,True,13
Cc1cc(C)c(S(=O)(=O)O)cc1N=Nc1cc(S(=O)(=O)O)c2ccccc2c1O,False,0
O=C(O)C1(O)CC(O)C(O)C(O)C1,True,26
Oc1c(Cl)cc(Cl)c(Cl)c1Cc1c(O)c(Cl)cc(Cl)c1Cl,True,326
CC1CC2OC3C(O)CC(C)(C34CO4)C2(CO)C(=O)C1=O,False,0
CC=C1CC2C=CC1C2,True,34
CCCN(N=O)C(=N)NN(O)O,False,0
NC(=O)c1ncn(C2OC(CO)C(O)C2O)n1,False,0
OC[C@H](O)[C@@H](O)[C@H](O)[C@H](O)CO,False,0
CC1(C)CC(C(=O)O)C(C)(C)N1O,True,80
O=C(/N=c1\sn(C(=O)c2ccccc2)c2ccc([N+](=O)[O-])cc12)c1ccccc1,False,0
FC(F)(F)c1cccc(CN2C3c4ccccc4-c4ccccc4C32)c1,False,0
CN(C)c1ccc(/C=C/c2ccccc2)cc1,True,100
Cc1cc2c(c3cc4ccccc4cc13)C=CC(O)C2O,False,0
C=CC(=O)OCCO,True,397
O=[N+]([O-])c1ccc2ccc3c([N+](=O)[O-])cccc3c2c1,True,7
Nc1ccc(/C=C/c2cccc(Cl)c2)cc1,False,0
O=C(CCCN1CCC(O)(c2ccc(Cl)cc2)CC1)c1ccc(F)cc1,True,4995
Cc1c2ccccc2c(CO)c2ccc3ccccc3c12,True,261
Cc1cc2c(cc1C)C(C)c1ccccc1-2,True,1
O=C(CCl)Nc1snc2ccc(Cl)cc12,False,0
O=NN1CC(=O)NC1=O,True,3
CCOC(=O)C(=NNc1ccc(-c2ccc(NN=C(C(=O)OCC)C(=O)OCC)c(OC)c2)cc1OC)C(=O)OCC,False,0
O=C(CCl)Nc1snc2cc(Cl)ccc12,False,0
c1ccc2cc3cc4ccccc4cc3cc2c1,True,660
O=c1c2c(O)cc(O)cc2oc2c(O)ccc(O)c12,True,38
Cc1c(NO)cnc2c1nc1c(C)cccn12,False,0
Cc1cccc(OCC(O)CNC(C)(C)C)c1C,True,3
COc1ccc2c3c1O[C@@H]1[C@@H](O)C=C[C@H]4[C@@H](C2)N(C)CC[C@]314,False,0
Nc1cccc2nc3ccccc3cc12,True,62
N#Cc1ccccc1,True,1695
CCOC(C)(C)C,True,405
CC(N)=O,True,1784
COc1cc2c(c3oc(=O)c4c(c13)CCOC4=O)C1C=COC1O2,True,382
O=C(/C=C/c1ccc(F)cc1)c1ccccc1,True,14
O=[N+]([O-])c1ccc(I)c([N+](=O)[O-])c1,True,46
O=[N+]([O-])c1cccc(/C=N/c2snc3ccccc23)c1,False,0
Cn1cnc2c1c(=O)[nH]c(=O)n2C,True,1354
COc1cc(N[C@H](C)CCCN)c2ncccc2c1,False,0
CC(C)CCCCCOC(=O)Cc1ccc(Cl)cc1Cl,False,0
O=C(Nc1cccc(Br)c1)c1csc([N+](=O)[O-])c1,False,0
O=C(O)c1c(Cl)c(Cl)c(Cl)c2oc3c(Br)c(O)c(Br)cc3c(=O)c12,True,1
c1ccc2c(c1)cc1ccc3cccc4c5ccccc5c2c1c34,True,586
OC1C=Cc2cc3c(ccc4ccccc43)c(Br)c2C1O,False,0
CC(C)(C)OC(=O)O/N=C(\C#N)c1ccccc1,False,0
Clc1cccc(Cl)c1Cl,True,361
O=[N+]([O-])c1cc(C(F)(F)F)cc([N+](=O)[O-])c1Cl,True,67
C/C=C/CC#N,True,5
CCCCOc1ccc(CC(=O)NO)cc1,True,46
N[C@@H]1C[C@H]1c1ccccc1,True,702
O/N=C/c1ccccn1,True,1
OC1c2ccc3ccccc3c2C2OC2C1O,False,0
CN(Cc1ccc([N+](=O)[O-])cc1)N=O,True,1
CC(=O)OC1COC(Nc2ccc([N+](=O)[O-])cc2)C(OC(C)=O)C1OC(C)=O,False,0
Nc1cc([N+](=O)[O-])c(-c2ccccc2)c([N+](=O)[O-])c1,False,0
O=C(O)C1Cc2c([nH]c3ccccc23)C(CO)N1,True,2
CN(C)C1Cc2cccc3cccc(c23)C1,True,2
CN(C)c1ccc(N=Nc2cccc3ccccc23)cc1,False,0
CN=C1C=CC(=C(c2ccc(NC)cc2)c2ccc(N(C)C)cc2)C=C1,True,4
O=C(NO)c1ccccc1,True,351
CCn1cc(C(=O)O)c(=O)c2cc(F)c(-c3ccc(O)cc3)c(F)c21,True,4
CC(=O)OC[C@H](O)CO,True,5
CC1CS(=O)(=O)CCN1N=Cc1ccc([N+](=O)[O-])o1,True,4
c1ccc2c(c1)-c1cccc3cccc-2c13,True,1679
O=C1c2ccccc2-c2c1ccc1ccccc21,True,10
C=C(C)[C@@H]1CC=C(C)[C@@H](O)C1,True,36
CCCC[C@@H](CC)CNC[C@H](CC)CCCC,False,0
ClCCBr,True,142
COc1c2ccoc2cc2oc(=O)ccc12,True,962
Cc1ccc(N=Nc2ccc(C)c(N)c2)cc1N,True,4
Cc1cccc([N+](=O)[O-])c1C,True,37
CCN=c1cc2oc3cc(NCC)c(C)cc3c(-c3ccccc3C(=O)OCC)c-2cc1C,True,13
COCOC,True,212
N#Cc1cccc2cccnc12,True,10
COC(=O)[C@@H](c1ccccc1)[C@H]1CCCCN1,False,0
c1ccc2c(c1)-c1cc3ccc4ccccc4c3cc1C1OC21,False,0
COC1(OC2CCC3C4CCC5CC6SC6CC5(C)C4CCC23C)CCCC1,False,0
CC(=O)N=C1C=CC(=O)C=C1,True,527
CCCc1cc(O)nc(S)n1,True,5
c1ccc(-c2ccc(CC3CO3)cc2)cc1,False,0
CON(C)C(=O)Nc1ccc(Cl)c(Cl)c1,True,862
COCC12OOC1(C)c1ccccc1O2,False,0
O=C(/C=C/c1ccccc1)c1ccc([N+](=O)[O-])cc1,True,2
CC1(C)C(=O)N(Cl)C(=O)N1Cl,True,63
CCN(N)c1ccccc1,True,1
CCN(CC)C(=O)c1cc(Cc2ccc(N)c(C(=O)N(CC)CC)c2)ccc1N,False,0
COC1=C(OC)C(=O)C(C)=CC1=O,True,216
O=[N+]([O-])c1c(Cl)cc2c(c1Cl)Oc1cc(Cl)c(Cl)cc1O2,True,4
O=CNc1ccc(Oc2c(Cl)cc(Cl)cc2Cl)cc1,True,1
CCCCNC(=O)n1c(NC(=O)OC)nc2ccccc21,True,915
Cc1cc(=O)oc2cc(O)ccc12,True,306
CN(C)[P+](On1nnc2ccccc21)(N(C)C)N(C)C,True,6
CC(=O)c1ccc([N+](=O)[O-])s1,True,3
Cc1cccc(N)c1N,True,26
Cc1ccc2c(c1)Cc1cc(C)ccc1-2,True,7
COc1c(O)c2c(c3cc(C(=O)N4CCc5c4c(O)c(OC)c4[nH]c(C(=O)N6CC7CC78C6=CC(=O)c6[nH]cc(C)c68)cc54)[nH]c13)CCN2C(N)=O,False,0
O=C(O)c1cc([N+](=O)[O-])cc([N+](=O)[O-])c1,True,322
C[C@@H](CC(=O)O)C(=O)O,True,20
N[C@H](Cc1ccc(F)cc1)C(=O)O,True,25
O=[N+]([O-])c1ccc2ccccc2c1,True,217
ClCc1c2ccccc2c(Cl)c2ccccc12,False,0
ClCC(Br)CBr,True,440
O=C1CC(=O)C1=O,True,1
CCCCCC(=O)OC1(C(C)=O)CCC2C3CCC4=CC(=O)CCC4C3CCC21C,False,0
CCN(CCCl)CCCNc1c2ccc(Cl)cc2nc2ccc(OC)nc12,False,0
C1COCCN1,True,2903
COc1cc2c(c3oc(=O)c4c(c13)CC[C@@H]4O)[C@@H]1C=CO[C@@H]1O2,True,135
Oc1cccc2ccc3[nH]c4ccc5ccccc5c4c3c12,False,0
C[n+]1c2ccccc2cc2ccccc21,True,61
OCc1ccnc2ccccc12,True,90
CN=NNC,True,6
O=[N+]([O-])c1cc2c(ccc3ccccc32)c2c1C=CC(O)C2O,True,1
Cn1c2ccccc2c(=O)c2c(O)cc3c(c21)CC(C1(C)CO1)O3,True,45
O=[N+]([O-])c1ccc2c(O)nsc2c1,False,0
CC1(C(=O)Nc2ccccc2)CO1,True,1
C=CC(=O)NCNC(=O)C=C,True,832
[N-]=[N+]=Nc1ccc2c(Nc3ccc(C(=O)O)cc3)c3ccccc3nc2c1,False,0
CN(C)CCN(Cc1ccccc1)c1ccccn1,True,137
O=[N+]([O-])c1cc2c3ccccc3ccc2c2ccccc12,True,587
O=C1C=Cc2c(ccc3cc4ccccc4cc23)C1=O,True,15
C=CC(=O)OCC(CC)(COC(=O)C=C)COC(=O)C=C,True,2
CC(C)(Br)C(Br)CCl,True,1
COc1ccc(-c2oc3ccccc3c(=O)c2N)cc1N,False,0
O=C=NC1CCCCC1,True,140
CC1(C)C2CC3OC3(C)C1C2,True,132
O[C@H]1C=C2c3ccc4ccccc4c3-c3cccc(c32)[C@@H]1O,False,0
Cc1cccc(C)c1,True,1040
O=C1C=C(CCl)CO1,False,0
Nc1cccc(N)c1C(=O)O,True,6
Oc1ccc2cc(SSc3ccc4cc(O)ccc4c3)ccc2c1,True,2
COC(=O)c1ccccc1,True,932
C/C=N/N(C)C=O,True,163
Cc1cc(O)c2c(c1)C(=O)c1c(O)c(O)cc(O)c1C2=O,True,18
CCN(Cc1cccc(S(=O)(=O)O)c1)c1ccc(C(=C2C=CC(=[N+](CC)Cc3cccc(S(=O)(=O)O)c3)C=C2)c2ccccc2S(=O)(=O)O)cc1,True,5
C[C@@H](O)CNC[C@@H](C)O,False,0
COc1cc(OC)c2c(c1)OC1OC=CC21,False,0
C=CC(=O)OCC1CO1,True,50
CC(N)C(O)c1ccccc1,True,29
C=CC(=O)OCC,True,1103
O=C1CCC(=O)O1,True,1702
OCC(O)C(O)C(O)C(O)CO,True,95
Cc1ccc(C)c(C)c1,True,555
CN1CCN(c2cc3c(cc2F)n2c(=O)n(O)c(=O)cc2n3C2CC2)CC1,False,0
CCOP(=O)(OCC)[C@@H](C)NC(=O)N(CCCl)N=O,False,0
O=[N+]([O-])OC1COC2C(O[N+](=O)[O-])COC12,False,0
Cc1cc(O)c2c(O)c3c(O)cccc3cc2c1,True,1
Nc1ccc2nc3cc(N)ccc3nc2c1,True,52
CC/N=c1\cc2oc3cc(NCC)c(C)cc3c(-c3ccccc3C(=O)OC)c-2cc1C,False,0
Cn1c(N)nc2nc3ncccc3cc21,True,1
CN(N=O)C(=O)NC1C(O)OC(CO)C(O)C1O,True,1
CN(C)c1ccc(/C=C/C=O)cc1,True,42
O=S(=O)(Nc1cccc(Cl)c1)c1cccc2cccnc12,False,0
O=C(O)/C=C/c1ccc(/C=C/C(=O)O)cc1,True,1
CCCC[C@@H](CC)COC(=O)CCCCC(=O)O,False,0
OC1C=Cc2ccc3cc4c(ccc5ccccc54)cc3c2C1O,True,1
Cc1cc(O)c2c(c1)C(=O)C13C4C(=O)C56C(=O)c7c(O)cc(C)cc7C(=O)C57C(C(=O)C16C2=O)C(C)C3C7C4C,False,0
O=C1C=Cc2ccc3c(ccc4ccccc43)c2C1=O,True,6
BrCc1c2ccccc2c2ccc3cccc4ccc1c2c43,True,13
CCOC(=O)c1ccccc1C(=O)OCC,True,1654
O=C(Cl)CCc1ccccc1,True,83
Cc1cc([N+](=O)[O-])cc([N+](=O)[O-])c1C,True,7
C#CC1(OC(=O)CCCCCC)CCC2C3CCC4=CC(=O)CCC4C3CCC21C,False,0
CCCCC(CC)CO,True,991
CCN(CC)CCNc1ccc(COC(=O)c2ccco2)c2sc3ccccc3c(=O)c12,False,0
CC1=CC[C@@H]2C(C)=CC[C@@H](C(C)C)[C@H]2C1,False,0
CN(C)c1ccc(N=Nc2ccc3ccccc3c2)cc1,False,0
COc1nsc2cc([N+](=O)[O-])ccc12,False,0
CC(C)NC(=O)/C=C\c1ccc([N+](=O)[O-])o1,False,0
C[n+]1c2cc(N)ccc2cc2ccc(N)cc21,True,2
NC(=O)N(c1ccccc1)c1ccc(C(=O)O)cc1,False,0
O=[N+]([O-])c1c2ccccc2cc2c3c(ccc12)C(O)C(O)C=C3,False,0
CC(C)NCC(O)c1ccc2ccccc2c1,True,5
C[N+]1([O-])CCCC1c1cccnc1,True,134
COc1ccc(CCC(=O)c2c(O)cc(O[C@@H]3O[C@H](CO)[C@@H](O)[C@H](O)[C@H]3O[C@@H]3O[C@@H](C)[C@H](O)[C@@H](O)[C@H]3O)cc2O)cc1O,True,168
Nc1cccc2nc3c(N)cccc3nc12,True,4
C=C(C)C(=O)OCC1CO1,True,1002
O=C(O)c1cc(N=Nc2ccc([N+](=O)[O-])cc2)ccc1O,True,13
Nc1nc(-c2cccc([N+](=O)[O-])c2)nc2c1ncn2C1OC(CO)C(O)C1O,False,0
CCN1CCN=N1,False,0
CCCC[C@@H](CC)COS(=O)(=O)O,False,0
C=C(C)C(=O)OCC(C)C,True,124
C=CC(=O)OCC(Br)CBr,True,1
CSCCC(NC(=O)COc1cc(Cl)c(Cl)cc1Cl)C(=O)O,False,0
CS(=O)(=O)Nc1ccc(Nc2c3ccccc3nc3ccc(N=[N+]=[N-])cc23)cc1,False,0
Cc1ccc2c([N+](=O)[O-])cccc2c1,False,0
Cc1oc(=O)oc1COC(=O)C1N2C(=O)C(NC(=O)C(N)c3ccccc3)C2SC1(C)C,False,0
OCc1ccc2ccc3cccc4ccc1c2c34,True,328
N#CNC(=N)N,True,215
NS(=O)(=O)c1cc(C(=O)O)c(NCc2ccco2)cc1Cl,True,3248
COc1cccc2c1C(=O)c1c(O)c3c(c(O)c1C2=O)CC(O)(C(=O)CO)CC3OC1CC(N)C(O)C(C)O1,False,0
CN(Cc1cccc(C#N)c1)N=O,False,0
C=Cc1ccccc1C=C,True,1479
O=[N+]([O-])c1ccc2ccc3cccc4cc(O)c1c2c34,True,9
c1cc2c3c(c4c(ccc5ccccc54)cc3c1)C1OC21,False,0
O=C(c1ccccc1)[C@@H](O)c1ccccc1,True,76
Nc1ccc(NCCO)c([N+](=O)[O-])c1,True,3
OC1C=Cc2ncccc2C1O,True,4
COc1c2ccccc2[n+]([O-])c2occc12,True,4
ClCc1c2ccccc2c(CCl)c2ccccc12,True,17
CCCCN(CC)CC,True,20
C=C(C)C(=O)OCC(O)COc1ccc(C(C)(C)c2ccc(OCC(O)COC(=O)C(=C)C)cc2)cc1,True,124
Cc1c([N+](=O)[O-])cc(N=[N+]([O-])c2cc([N+](=O)[O-])c(C)c([N+](=O)[O-])c2)cc1[N+](=O)[O-],True,12
CC(O)COCC(C)O,True,22
C/C=C/C=C/CCCCCCCO,True,137
Cc1ccc(O)cc1C,True,204
[N-]=[N+]=Nc1nc2ccccc2[nH]1,True,3
CN(C)C1C(O)=C(C(N)=O)C(=O)C2(O)C(O)=C3C(=O)c4c(O)cccc4C(C)(O)C3CC12,False,0
ClCC1(C(Cl)Cl)C2CC(Cl)(Cl)C1(CCl)C(Cl)C2Cl,True,9
O=C(O)c1oc([N+](=O)[O-])c(-c2ccccc2)c1-c1ccccc1,True,1
Cc1ccc(N(CCO)CCO)cc1,True,42
O=Cc1ccc(Cl)cc1Cl,True,83
Clc1nc2ccccc2nc1Cl,True,108
CCC(=O)O,True,4115
Nc1nc(=O)n(C2CC(O)C(CO)O2)cc1I,False,0
COc1ccccc1NC(=O)c1csc([N+](=O)[O-])c1,False,0
OC1c2ccc3c4ccccc4c4ccccc4c3c2C2OC2C1O,False,0
COc1cc(C)cc2c1C(=O)C=C(c1c(C)cc3c(c1OC)C(=O)C=CC3=O)C2=O,False,0
O=S1OCC2C(CO1)C1(Cl)C(Cl)=C(Cl)C2(Cl)C1(Cl)Cl,True,1131
COc1cc2c(cc1O)CC1c3c(cc(OC)c(O)c3-2)CC[N+]1(C)C,False,0
CCN(CC(O)C1=CC(=O)C(=[N+]=[N-])C=C1)N=O,False,0
Cc1cc(O)c2c(c1)C(=O)C13C(=C2O)C(=O)C2C(O)C1C1C(O)C3C(=O)C3=C(O)c4c(O)cc(C)cc4C(=O)C321,True,101
CCOC(=O)C1OC1c1ccccc1,True,10
CCC(C)C(C)CO,True,5
Brc1cccc2cc3c(ccc4ccccc43)cc12,False,0
c1ccc2c(c1)-c1cc3ccccc3cc1C1NC21,False,0
O=C1c2ccccc2C(=O)c2c1ccc1nc3c(ccc4c(O)c5ccccc5c(O)c43)nc21,False,0
CC(=O)Nc1snc2ccc(Cl)cc12,False,0
CN[C@@H](C)Cc1ccccc1,True,3301
CC1(C)CCCC(C)(C)N1O,True,43
NC1CCCC(N)C1,True,6
CC(CCC(=O)O)C1CCC2C3CCC4CC(O)CCC4(C)C3CC(=O)C12C,False,0
COc1cc(NS(C)(=O)=O)ccc1Nc1c2ccccc2nc2ccc(N=[N+]=[N-])cc12,False,0
CCCCCCCCCCCCCCCCCCO,True,862
Cc1ccc([N+](=O)[O-])c(N)c1,True,4
CC1C(=O)CC2(C(C)C)CC12,True,21
O=NN1CCCNC1=O,False,0
O=C(c1ccccc1)C1OC1c1ccc(-c2ccccc2)cc1,True,27
NCC(=O)NCC(=O)NCC(=O)NCC(=O)O,True,17
CCC(C)Nc1snc2ccccc12,False,0
O=NN(CC1(O)CCC(O)C(O)C1O)C(Cc1ccccc1)C(=O)O,False,0
O=Nc1[nH]cnc1-c1ccccc1,True,2
Cn1c([N+](=O)[O-])cnc1C1NC(CO)(CO)CO1,False,0
CCCCOC(=O)COc1ccc(Cl)cc1Cl,True,19
CC(C(=O)O)c1ccc(Oc2nccs2)cc1,False,0
OCC1OC(n2cnc3c(NCC(O)COc4cccc5ccccc45)ncnc32)C(O)C1O,False,0
CCCC(=O)Nc1snc2ccc(C)cc12,False,0
COc1c2ccc(O)cc2nc2occc12,True,26
CC1CCCC(=O)CCCC=Cc2cc(O)cc(O)c2C(=O)O1,False,0
COC(=O)C(CSCCBr)NC(C)=O,False,0
CN(Cc1ccc(C(=O)O)cc1)N=O,True,1
CCC1C(c2ccc(O)cc2)=C(C)c2cc(O)ccc21,True,9
OCC(Cl)(Cl)Cl,True,596
CC(C)(C)NCC(O)c1cc(Cl)c(N)c(C(F)(F)F)c1,True,165
CC(=O)OCc1c2ccccc2cc2c1ccc1ccccc12,True,3
CC(=O)Nc1ccc(Oc2ccc(NC(C)=O)cc2)cc1,True,3
C=Cc1ccc(OC)cc1,True,323
CC(C)(C)CC(C)(S)CC(C)(C)C,False,0
C=C1C(=O)OC2C1CCC(C)C1=CCC(=O)C12C,False,0
Oc1cc(Cl)cc(Cl)c1Cl,True,104
O=[N+]([O-])c1ccc2oc3ccccc3c2c1,True,6
CC(C)c1cc(N)cc([N+](=O)[O-])c1N,True,2
CN(C)c1ccc(/C=C/C(=O)c2ccccc2)cc1,True,17
Fc1ccc2c3c(cccc13)-c1c-2ccc2ccccc12,True,6
Oc1cc2cc3ccccc3c3ccc4cccc1c4c23,True,55
c1ccc2c(c1)ccc1cc3ccc4ccccc4c3nc12,True,45
Cc1c([N+](=O)[O-])cc(C)c2c1c1ccccc1n2C,False,0
COc1cc(NC(C)=O)ccc1NC(C)=O,True,3
CCNc1nc(Cl)nc(NC(C)C)n1,True,4445
C=CC(=O)OC[C@H]1CO1,False,0
CC1C(C)(C)C2=C(C(=O)CCC2)C1(C)C,True,66
O=[N+]([O-])c1ccc(S)cc1,True,253
COc1nsc2ccc(N)cc12,False,0
CCOC(=O)c1cc2cc3c4c(c2oc1=O)CCCN4CCC3,True,125
O=[N+]([O-])c1c2c(c3ccc4cccc5ccc1c3c45)C=CCC2,False,0
COc1cccc(N)c1,True,203
CCCOc1cc2c(c3ccc4ccccc4c13)CCC2=O,False,0
Cn1cnc(-c2ccccc2)c1N=O,True,12
Nc1cc2ccccc2c2ccccc12,True,116
Clc1ccc(-c2nc3ccccc3o2)cc1,True,5
CC(I)C1OCC(CO)O1,True,18
O=[N+]([O-])c1ccc2c3c(cccc13)-c1cc3ccccc3cc1-2,True,3
CCC(C)(C)c1cc(N2Nc3ccccc3N2)c(O)c(C(C)(C)CC)c1,False,0
CC/C=C/C=C/C=C/C=C/OCC(O)CO,True,1
COc1ccc2c(cc3c4c(cc5c(c42)OCO5)CCN3C)c1OC,True,19
CC(=O)CCC(C)=O,True,1076
O=[N+]([O-])c1cccc(S(=O)(=O)O)c1,True,46
CC[N+]([O-])=NC,True,2
C/C(=C(\CCOC(=O)c1ccccc1)SC(=O)c1ccccc1)N(C=O)Cc1cnc(C)nc1N,True,24
Cc1ccc2cc3c4c(ccc3c3c2c1CC3)[C@@H](O)[C@H](O)C=C4,True,2
Cc1c2c(c(C)c3ccccc13)C1NC1c1ccccc1-2,False,0
OCc1ccc(Cl)cc1,True,155
Nc1ccn([C@H]2O[C@@H](COP(=O)(O)O)[C@H](O)[C@H]2O)c(=O)n1,False,0
O=C(/C=C/c1ccc(-c2ccccc2)cc1)c1ccccc1,True,5
CCOC(=O)C1C(C=C(C)C)C1(C)C,True,26
OCc1c2ccccc2cc2c1ccc1ccccc12,True,78
Oc1cccc2cc3c4ccccc4c4ccccc4c3cc12,False,0
CCCC=CCC=O,True,3
CO[C@@H]1C[C@](C)(O)Cc2cc3c(c(O)c21)C(=O)c1c(O)cc2c(c1C3=O)O[C@@H]1O[C@@]2(C)[C@H](O)[C@@H](N(C)C)[C@H]1O,False,0
CCCCCCC(C)(C)C(=O)OC[C@@H]1CO1,False,0
O=C(O)/C=C/c1c[nH]cn1,True,3
O=C(O)/C(Cl)=C(/CCl)C(Cl)Cl,False,0
NC(=O)N(CCC[C@@H](N)C(=O)O)N=O,False,0
Cc1cc(N=Nc2ccc(S(=O)(=O)O)cc2)c(N)cc1N,True,5
O=C(Cl)c1cccc(Cl)c1,True,33
O=[N+]([O-])C(Br)(CO)CO,True,449
CC(C)[C@H]1CC[C@H](C)CC1,True,2
O=[N+]([O-])C1=Cc2ccc3ccc4cccc5cc1c2c3c45,False,0
CC(C)CCO,True,2983
CN(C)C=O,True,21664
C[C@@H](O)c1ccc2ccc3cccc4ccc1c2c34,True,4
CCCc1cc2ccccc2c2ccc3c(c12)C1OC1C(O)C3O,False,0
Oc1cc2cccc3ccc4c5ccccc5cc1c4c32,True,24
CC12CCC(=O)C=C1C1CC1C1C2CCC2(C)C1C1CC1C21CCC(=O)O1,False,0
C=C1CC(=CC)C(=O)OC2CCN3CC=C(COC(=O)C1(C)O)C23,False,0
Cn1cnc([N+](=O)[O-])c1-c1ccccc1,False,0
CC(C)CO,True,1666
COC(=O)C1CSC2C(Cl)=C(Cl)C(=O)N12,False,0
OC1c2ccc3cc4c(ccc5ccccc54)nc3c2C2OC2C1O,False,0
COc1cc2ccnc3c2c(c1OC)-c1ccccc1C3=O,True,145
c1ccc2occc2c1,True,2544
CCCCCCCCCCCC(=O)NCCO,True,97
Nc1c(O)ccc2ccccc12,True,169
O=CNc1ccc2c(c1)Cc1ccccc1-2,True,24
CNc1ccc(N=Nc2ccc(NC)cc2)cc1,True,8
CCCCCC(O)/C=C/C=O,True,671
C(CCC1CO1)CC1CO1,True,13
Nc1ccc(Cc2ccc(N)c(Cc3ccc(N)cc3)c2)cc1,True,1
[N-]=[N+]=NC[C@H](O)CO,True,1
O=C1OC(O)C(CCl)=C1Cl,True,56
CCOCC=O,True,23
O=C=S,True,397
O=C1CCCCC1=O,True,442
[N-]=[N+]=NCC(O)c1ccccc1,True,9
OCCOc1cc(Cl)c(Cl)cc1Cl,True,11
Clc1cccc(Cl)n1,True,87
COc1ccc(C=O)cc1,True,1961
CC1(c2ccc(C#N)cc2)CO1,False,0
Cc1cccc(C(=O)O)c1[N+](=O)[O-],True,5
CN(c1c([N+](=O)[O-])cc([N+](=O)[O-])cc1[N+](=O)[O-])[N+](=O)[O-],True,326
CN(C)CCNC(=O)c1cccc2[nH]c(-c3ccccc3)nc12,False,0
CCCCCCCCCCCOC(=O)c1ccccc1C(=O)OCCCCCCCCCCC,True,20
CC(=O)Nc1ccc(/C=N/n2nnc3ccnc-3c2O)cc1,False,0
CC(C(=O)O)c1cccc(C(=O)c2ccccc2)c1,True,1872
CC(=O)N(O)c1ccc(Oc2ccc(Cl)cc2Cl)cc1,False,0
CNc1cc(Oc2ccc(N)cc2)ncn1,False,0
c1ccc(N=Nc2ccccc2)cc1,True,2206
CC(=O)C1(O)Cc2c(O)c3c(c(O)c2C(OC2CC(N)C(O)C(C)O2)C1)C(=O)c1c(O)cccc1C3=O,False,0
C=CC(=O)OCC(C)C,True,79
CCC1(C)CO1,True,5
CCNC(=O)/C=C/c1ccc([N+](=O)[O-])o1,False,0
CCn1c(N)nc2c3cccnc3cc(C)c21,False,0
Cc1cn(C2CC(O)C(CO)O2)c(=O)[nH]c1=O,True,3
COc1c(C=O)c(O)cc2c1C(=O)c1ccccc1C2=O,True,358
Cc1ccc2c(c1[N+](=O)[O-])C(=O)c1ccccc1C2=O,True,9
COC(=O)c1ccc(CN(C)N=O)cc1,False,0
O=C1OCC(CBr)=C1Cl,False,0
BrC/C=C\CBr,True,7
CC1c2ccccc2-c2ccc(F)cc21,False,0
Nc1ccc2c(N)c3ccccc3nc2c1,True,5
C=C[C@](C)(O)CCC=C(C)C,True,239
O=C(O)c1cn(C2CC2)c2cc(N3CCNCC3)c(F)cc2c1=O,True,4756
O=[N+]([O-])c1ccc(S(=O)(=O)Cl)cc1,True,142
CC(=O)OCc1c2cccc3ccc4cc5cccc6ccc1c(c65)c4c32,False,0
O=C(O)CCCCC1SCC2NC(=O)NC21,False,0
Cc1cc2nc(N)sc2cc1C,True,1
Nc1cc2ccc3cccc4ccc(c1)c2c34,True,22
CC1(c2ccc(Cl)cc2)CO1,False,0
Cc1cc(C)nc(NS(=O)(=O)c2ccc(N)cc2)n1,True,613
COc1cc([N+](=O)[O-])ccc1N=N[C@H](C(C)=O)C(=O)Nc1ccccc1OC,False,0
O=C(O)C1Cc2c([nH]c3ccccc23)C(Cc2ccccc2O)N1,False,0
Cc1ccc(-c2nc3n(c2[N+](=O)[O-])CCS3)cc1,False,0
CC(N)(CN=[N+]=[N-])C(=O)O,False,0
CCCCCCCCCCCCOS(=O)(=O)O,True,83
O=C(O)c1ccc(/C=N/n2nnc3c4ccccc4nc-3c2O)cc1,False,0
CC(C)(OOC(C)(C)c1ccccc1)c1ccccc1,True,193
Cc1cccc2ncccc12,True,13
COc1ccc(CN(C)N=O)cc1,False,0
CCCCCCC(=O)OCCN1CCN(CCCN2c3ccccc3Sc3ccc(C(F)(F)F)cc32)CC1,True,39
Nc1cnn(-c2ccccc2)c(=O)c1Cl,True,54
CCCCCC[C@H](O)C/C=C\CCCCCCCC(=O)O,True,4
O=[N+]([O-])c1ccccc1SSC(Cl)=C(Cl)Cl,True,5
OC1c2ccc3ccc4ccccc4c3c2C2OC2C1O,True,29
CC(C)CN(N)CC(C)C,False,0
c1ccc2c(c1)-c1ccc3c4c1c-2cc1cccc(c14)C1OC31,False,0
Cc1ccc(/C=C/c2ccc([N+](=O)[O-])cc2)cc1,False,0
CC(C)Nc1nc(Cl)nc(NC(C)C)n1,True,222
CC(C)(C)c1ccc(OC[C@H]2CO2)cc1,False,0
CC(=O)N(O)c1ccc(Sc2ccccc2)cc1,False,0
ClC(Cl)C(Cl)(Cl)Cl,True,215
c1cnc2c(c1)-c1ncsc1CC2,False,0
O=[N+]([O-])c1ccc2c([N+](=O)[O-])cc3cccc([N+](=O)[O-])c3c2c1,True,1
c1cnc2c(c1)ccc1ncccc12,True,78
O=C(O)c1ccccc1Nc1cc(Cl)ccc1C(=O)O,True,148
Nc1[nH]ccc2nc3ccccc3c1-2,False,0
Cc1c2c(cc3ccccc13)-c1ccccc1[C@@H]1N[C@H]21,False,0
CC(=O)[C@H]1CC[C@@H]2[C@@H]3CCC4=CC(=O)CC[C@]4(C)[C@H]3CC[C@]12C,False,0
CCCCN(C[C@@H](O)C1=CC(=[N+]=[N-])C(=O)C=C1)N=O,False,0
CC(=O)c1ccc2c(c1)CN1C(=O)c3ccccc3C1=N2,False,0
CCOc1cccc2cccnc12,True,8
Cc1c(N(C)CS(=O)(=O)O)c(=O)n(-c2ccccc2)n1C,True,335
Oc1cccc(Cl)c1Cl,True,590
COc1ccc(C(=O)c2ccccc2)c(O)c1,True,752
ClCCN(CCCl)CCCl,True,79
C[C@@H](O)[C@@H](N)[C@H](O)[C@H](O)C=O,True,74
C=CC(OC(C)=O)c1ccc(OC)c2ccccc12,True,2
O=C1C(Cl)=C(Cl)C(=O)C(Cl)=C1Cl,True,912
Cn1c(N)nc2c3ccc(O)nc3ccc21,False,0
Oc1ccc2ccc3c4c(cc5ccc1c2c53)C(O)C(O)C=C4,True,4
N=c1ccn2c(n1)OC1C(O)C(CO)OC12,False,0
CN(C)[N+](=O)[O-],True,210
Cc1cnc2c(cc(C)c3c2nc(N)n3C)n1,True,1
CC(=O)Nc1ccc(CC(=O)O)cc1,True,25
O=C(c1ccc([N+](=O)[O-])cc1)[C@H]1O[C@@H]1c1ccccc1,False,0
[N-]=[N+]=NCC(O)C(O)C(O)C(O)CO,False,0
Nc1cccc([N+](=O)[O-])c1CO,True,27
Nc1ccc2ccc3c4ccccc4cc4ccc1c2c43,True,6
Nc1ccc(N=Nc2ccccc2)c(N)c1,True,21
NC(CSCc1ccccc1)C(=O)O,True,9
O=C(O)COc1ccc2ccccc2c1,True,79
CS(=O)(=O)Nc1ccc(Nc2c3ccccc3nc3cc(N=[N+]=[N-])ccc23)cc1,False,0
OCC1CCCO1,True,143
O=C(O)C(=O)C(=O)O,True,182
CC(=O)O[C@@H](c1ccc2c(c1)OCO2)[C@@H]1CO1,False,0
N#CCO,True,160
C=CCCCCCCCCCCCCC,True,323
O=C1CC(=Nc2ccccc2)C(=O)c2ccccc21,False,0
CC1=C2C(=CC(C)(CO)C2O)C(=O)C(C)(O)C12CC2,False,0
CC1CN(N=O)C(=O)NC1=O,True,3
O=C1c2ccccc2C(=O)c2c1ccc(O)c2O,True,588
O=Nc1cc2c(cc1O)OCO2,False,0
C=CC(=C)C,True,3539
Cc1ccc2cc3c(ccc4ccccc43)c3c2c1C[C@@H]3O,False,0
CC1CCC2CC1C2(C)C,True,113
Cc1ccc2cc3c(ccc4ccccc43)c3c2c1CC3,True,3318
CCOc1cccc(N)c1,True,20
FC(C(F)(F)F)C(F)(F)F,True,129
CCC(=O)NCc1ccccc1,True,14
CSCCl,True,53
Cc1nc2ccccc2s1,True,152
O=C(CCNNC(=O)c1ccncc1)NCc1ccccc1,True,330
O=C1OC(O)C(C(Cl)Cl)=C1Cl,True,137
CCOC(=O)N(C)C,True,29
c1ccc2c(c1)Oc1ccccc1S2,True,48
CCCOO,True,39
Cc1cc(=O)oc2cc(O)cc(O)c12,True,23
Cc1ccc2c(ccc3[nH]c4ccc5ccccc5c4c32)c1,True,1
Nc1c(O)cccc1[N+](=O)[O-],True,98
CCOC(=O)CBr,True,822
N#CC1=C(C#N)C(=O)C(Cl)=C(Cl)C1=O,True,1954
Clc1cccc2cccnc12,True,33
CC(O)C(C)[N+](=O)[O-],True,7
[N-]=[N+]=NCC1OC(O)C(O)C(O)C1O,False,0
CCN(CC)CCCN,True,98
O=C(O)Cc1cccc2ccccc12,True,1083
Cc1ccc2cc3c(ccc4ccccc43)cc2c1,True,17
Cl/C=C(/Cl)COCCCl,False,0
Cc1c(N)ccc(N=Nc2ccccc2)c1N,True,4
ONc1ccc2ccccc2c1,True,95
COc1c(Cl)cc2c(c1OC)N(C)C1N3C(=O)C4(C)SSC3(C(=O)N4C)C(O)C21O,False,0
CN(C)c1ccc(N(C)C)cc1,True,702
CCCCCCCCCCCCCC(=O)N(O)c1ccc2c(c1)Cc1ccccc1-2,False,0
O=c1[nH]c(=O)n(Cl)c(=O)n1Cl,True,17
C=C(C)[C@@H]1Cc2c(ccc3c2O[C@H]2COc4cc(OC)c(OC)cc4[C@@H]2C3=O)O1,False,0
O=[P@@]1(NCCCl)OCCCN1CCCl,False,0
CCOC(=O)[C@H](CCSC)NC(=O)[C@H](Cc1cccc(N(CCCl)CCCl)c1)NC(=O)[C@@H](N)Cc1ccc(F)cc1,True,31
Brc1cc(Br)c(-c2c(Br)cc(Br)cc2Br)c(Br)c1,True,4
Nc1cc([N+](=O)[O-])ccc1C(=O)O,True,57
CC(C)(C)C1=CC(=O)C=C(C2=CC(=O)C=C(C(C)(C)C)C2=O)C1=O,True,1
Cc1ccc(OC(=O)N(C)N=O)c(C)c1C,False,0
O=NN1CC=CCC1,True,7
CNc1ccc2ncccc2c1N,False,0
Nc1cc(N)c(N=Nc2ccc(S(N)(=O)=O)cc2)cc1N=Nc1ccc(S(N)(=O)=O)cc1,False,0
N/C(=N\O)c1ccccc1,False,0
CNC(=O)N(O)C(=O)NC,False,0
O=C(O)C(F)(F)C(F)(Cl)C(F)(F)C(F)(Cl)C(F)(F)Cl,False,0
C=CC1(C)CC(O)C2(C)C(CCC3C4(C)CCCC32OC4=O)C1,False,0
ClCC1(C(Cl)Cl)C2CC(Cl)(Cl)C1(C(Cl)Cl)CC2(Cl)Cl,True,19
OC[P+](CO)(CO)CO,True,48
c1ccccc1,True,25083
[O-][n+]1cc2ncccc2cn1,False,0
Cc1cc([N+](=O)[O-])c(C)c2c1[nH]c1ccc([N+](=O)[O-])cc12,False,0
CC(C)(S)C(=O)NC(CS)C(=O)O,False,0
COC(=O)c1cc2ccc3cccnc3c2[nH]1,False,0
CNC(=O)CSP(=S)(OC)OC,True,989
CN(C)c1ccc(N=Nc2ccc(C=O)cc2)cc1,False,0
Oc1ccc(O)nn1,True,7
OCc1cccc2c1-c1cccc3cccc-2c13,False,0
Nc1c2ccccc2nc2ccc(O)cc12,True,7
Cc1ccc2nsc(NC(=O)C(Cl)Cl)c2c1,False,0
O=C(O)c1cc2c(c3c1c([N+](=O)[O-])cc1ccccc13)OCO2,True,245
Nc1nc[nH]n1,True,496
CC(C)OCC1CO1,True,27
CN(C)CCNC(=O)c1cc2ccccc2c2cccnc12,False,0
OP1(N(CCCl)CCCl)=NCCCO1,False,0
Nc1ccc(Cl)c(Cl)c1,True,843
Cc1ccc2nc3c(ccc4ccccc43)c(CO)c2c1,True,1
C/C(C=O)=C/c1ccccc1,False,0
CC1=NN(c2ccccc2)C(=O)C1,True,997
Clc1nc(Cl)nc(Nc2ccccc2Cl)n1,True,24
Sc1ccccc1,True,2549
COc1ccc(CC2CO2)cc1OC,False,0
Cc1c(Br)c(Br)c(Br)c(Br)c1Br,True,272
CC(=O)OC1CC2C3(C)CCCC(C)(C)C3CCC2(C)C2CC=C(C=O)C(C=O)C12C,False,0
CCc1cn(C2CC(O)C(CO)O2)c(=O)[nH]c1=O,False,0
N[C@@H](CCC(=O)NNc1ccc(CO)cc1)C(=O)O,True,443
O[C@@H]1c2ccccc2-c2cc3c(ccc4ccccc43)nc2[C@H]1O,True,1
COc1ccc(CN(CCN(C)C)c2ccccn2)cc1,True,369
CCCCCCCCCCCCc1ccc(S(=O)(=O)O)cc1,True,90
CCOP(=O)(OCC)Oc1cc(-c2ccccc2)on1,False,0
Nc1ncn([C@@H]2O[C@H](CO)[C@@H](O)[C@H]2O)c(=O)n1,True,1871
OC(c1ccc2c(c1)OCO2)C1CO1,True,13
Cc1cccc2c1ccc1c3ccccc3ccc21,True,136
COc1cc(OC)c2c(=O)c3c(O)ccc(OC)c3oc2c1,False,0
O=S(=O)(O)CNc1ccc(N=Nc2cccnc2)cc1,False,0
CC(C)(Oc1ccc([C@@H]2CC2(Cl)Cl)cc1)C(=O)O,False,0
O=Cc1cn(C2CC(O)C(CO)O2)c(=O)[nH]c1=O,False,0
COC(=O)c1cccc2oc3c4c(cc(OC)c3c(=O)c12)OC1OC=CC41,False,0
Cc1ccc2c(c1)C(C)c1ccccc1-2,False,0
c1ccc2c(c1)-c1ccccc1C1C2N1C1CCCCC1,False,0
CCCCC(=O)n1ncc(Cl)c(Cl)c1=O,False,0
CCCCC(CC)COCCCN,False,0
CCC1NC(=O)c2cc(S(N)(=O)=O)c(Cl)cc2N1,True,21
CCCCCCNC(=O)n1cc(F)c(=O)[nH]c1=O,True,95
O=C(O)c1ccc(C=Nn2nnc3c([nH]c4ccccc43)c2=O)cc1,False,0
CCOC(C)C(=O)C(O)O,True,204
CC(=O)NN=Cc1c[n+]([O-])c2ccccc2[n+]1[O-],False,0
CN1CCN(C2=Nc3ccccc3Oc3ccc(Cl)cc32)CC1,True,453
O=P(O)(O)OCC(O)CO,True,2320
c1ccc2c(c1)-c1c(c3ccccc3c3ccccc13)[C@H]1N[C@@H]21,False,0
O=C(O)c1cc(O)c2ccccc2n1,True,38
O=[N+]([O-])c1ccc2ccc3cc4c(c5ccc1c2c35)C=CC(O)C4O,False,0
Oc1ccc2ccccc2n1,True,364
COc1cc(C2Oc3cc(O)cc(O)c3C(=O)C2=O)ccc1O,False,0
CC(C)CCCC(C)C1CCC2C3C(OO)C=C4CC(O)CCC4(C)C3CCC12C,False,0
ClC1=C(Cl)C2(Cl)C3C4CC(C5OC45)C3C1(Cl)C2(Cl)Cl,False,0
Nc1ccc(Cl)c(C(F)(F)F)c1,True,19
CN1C(=O)CC(=O)N(c2ccccc2)c2cc(Cl)ccc21,True,448
CCC(O)C=CC=CC=CC=CC=O,False,0
O=[P@]1(N(CCCl)CCCl)N[C@H](O)CCO1,False,0
CN(C)CCNC(=O)c1cccc2cc3ccccc3nc12,True,34
CC12C=CC(=O)C=C1CCC1C2C(=O)CC2(C)C1CCC2(O)C(=O)CO,False,0
CCN(CCCl)c1ccc(OCCCCCNc2c3ccccc3nc3ccccc23)cc1,False,0
CC(=O)C1(O)Cc2c(O)c3c(c(O)c2C(O)C1)C(=O)c1c(O)cccc1C3=O,False,0
CC(=O)c1cccn1[N+](=O)[O-],True,7
O=C(O)c1ccccc1O,True,11654
Clc1ccc(CC2CO2)cc1,False,0
CS(=O)(=O)OCCc1ccc(OCc2ccccc2)cc1,False,0
OC(O)C(Cl)(Cl)Cl,True,1804
O=[N+]([O-])c1ccccc1SS/C(Cl)=C(\Cl)C(Cl)=C(Cl)Cl,False,0
C[C@@H](C#N)CCC#N,False,0
CCCCNc1snc2ccccc12,False,0
O=C1NC(=O)C(Cl)=C1Cl,True,49
Nc1ccc2ccccc2c1,True,1057
COC(=O)[C@]12O[C@@]1(C)[C@@](C)(O)OC2=O,False,0
CCOC(=O)[C@@H]1O[C@H]1c1ccccc1,False,0
COc1c(Cl)ccc(Cl)c1C(=O)O,True,813
COc1ccc(N)cc1N,True,151
O=[N+]([O-])c1ccc(Nc2ccccc2)cc1,True,19
Nc1ccccc1O,True,1674
Nc1ccc(-c2ccccc2)cc1,True,1284
O=[N+]([O-])c1ccc2c(c1)oc1ccc([N+](=O)[O-])cc12,True,3
CCCCON(OC(C)=O)C(=O)c1ccccc1,True,8
Cc1ccc(S(=O)(=O)NC(=O)Nc2ncc([N+](=O)[O-])s2)cc1,False,0
Cc1ccc(NCCO)cc1O,True,14
Cc1ccc2c(CO)c3ccc4ccccc4c3nc2c1,False,0
OC1c2ccccc2-c2cc3ccccc3c(Br)c2C1O,False,0
CN(C)CCCNc1c2ccccc2nc2ccc([N+](=O)[O-])cc12,False,0
ONc1ccc(Cl)cc1,True,141
CC(=O)Nc1ccc(S(=O)(=O)Nc2ccccn2)cc1,True,16
C=C1[C@H]2CC[C@H](C2)C1(C)C,True,6
O=[N+]([O-])c1cc2c(cc1Cl)Oc1cc(Cl)c(Cl)cc1O2,True,10
CCN(CC)c1ccc(N=Nc2ccc([N+](=O)[O-])cc2)cc1,True,10
O=C(Nc1ccc(Cl)cc1)Nc1ccc(Cl)c(Cl)c1,True,268
ClCCNCCCNc1c2ccccc2nc2c1ccc1cccnc12,False,0
C[C@H](CCl)O[C@H](C)CCl,False,0
Oc1[nH]cnc2nncc1-2,False,0
CCCCCn1cc2c3c(cccc31)C1C=C(C)CN(C)C1C2,False,0
S=C=NCCc1ccccc1,True,1218
Cc1cc2c(c3ccc4ccccc4c13)CCCC2=O,False,0
S=C(Nc1ccccc1)Nc1ccccc1,True,174
O=C(O)C1OC(Oc2c3ccccc3c3ccc4cccc5ccc2c3c54)C(O)C(O)C1O,False,0
CCCON=O,True,60
C1CCC2OCCOCCOC3CCCCC3OCCOCCOCCOC2C1,False,0
[N-]=[N+]=NCC(CO)Cc1ccccc1,False,0
Cc1cccc2cc3ccccc3cc12,True,64
COc1ccc(N)c2c1C(=O)c1ccccc1C2=O,False,0
O=C(/C=C/c1ccc([N+](=O)[O-])o1)N/N=C/c1ccc([N+](=O)[O-])o1,False,0
Cc1cc(C2(c3cc(C)c(O)cc3C)OS(=O)(=O)c3ccccc32)c(C)cc1O,True,3
ClC(Cl)=C(Cl)Cl,True,1895
Nc1ccc(Oc2ccc(N)cc2)cc1,True,125
Nc1ccc(O)c2c1C(=O)c1c(O)ccc(N)c1C2=O,True,4
Nc1nc(=O)n(C2CC(O)C(CO)O2)cc1CCCl,False,0
CC1(N)CCC(C(C)(C)N)CC1,True,6
C1CCC(NC2CCCCC2)CC1,True,214
Nc1ccc(Nc2c3ccccc3nc3ccccc23)cc1,False,0
Cc1c(O)cc2c(c1O)C(=O)c1ccccc1C2=O,True,373
COc1c2ccoc2nc2c(OC)c(OCC3OC3(C)C)ccc12,True,29
Nc1ccc(NOS(=O)(=O)O)cc1Cl,False,0
O=[N+]([O-])c1ccc2[nH]ncc2c1,True,83
CCCCCCCCCCCCCCCC(=O)OCC(O)C1OC(O)=C(O)C1=O,False,0
O=[N+]([O-])c1ccc2ccc3c4c(cc5ccc1c2c53)C=CCC4,False,0
Nc1nc2c(ccc3ncccc32)s1,False,0
NC(CSc1c(Cl)c(Cl)c(Cl)c(Cl)c1Cl)C(=O)O,False,0
CC(=O)Nc1ccc(C(=O)O)cc1,True,140
O=NN1CCCC1c1cccnc1,True,12
Cc1cncc(C)n1,True,411
O=C(Cl)c1ccccc1Cl,True,46
CC1(C)C[C@@H](N=C=O)C[C@](C)(CN=C=O)C1,False,0
O=C1c2ccccc2C(=O)c2c1ccc(OC1OC(COC3OCC(O)C(O)C3O)C(O)C(O)C1O)c2O,False,0
Cc1cccc(OP(=O)(Oc2cccc(C)c2)Oc2cccc(C)c2)c1,True,23
O=C(O)COc1ccc(N(CCCl)CCCl)cc1,True,6
O=C(Nc1ccc([N+](=O)[O-])cc1Cl)c1cc(Cl)ccc1O,True,821
BrCc1c2cccc3ccc4cc5cccc6ccc1c(c65)c4c32,False,0
CC(=O)OC1CC2C3(C)CCCC(C)(C)C3CCC2(C)C2(O)CC(C=O)=C(C=O)C12C,False,0
Cn1c(N)nc2cc(O)ccc21,False,0
O=C(O)COc1ccc(C(=O)c2cccs2)c(Cl)c1Cl,True,34
COC(=O)C1OC1c1ccccc1,False,0
CCC(CCOCN1C=CN(C)C1/C=N/O)[N+](=O)[O-],False,0
CNc1ccc2nccnc2c1C,True,1
C=CC(=O)N(C[C@H]1CO1)C[C@H]1CO1,False,0
CN(C)c1ccc(C(=C2C=CC(=[N+](C)C)C=C2)c2ccc(N(C)C)cc2)cc1,False,0
C[C@@H]1O[C@@H](O[C@H]2C[C@](O)(CO)Cc3c(O)c4c(c(O)c32)C(=O)c2ccccc2C4=O)[C@H](I)[C@H](O)[C@@H]1O,False,0
CN(C)N,True,404
CC(C)Sc1cc(Cc2ccc(N)c(SC(C)C)c2)ccc1N,False,0
ClC(Cl)(Cl)Cl,True,5649
CC1(C)CC2C=C(C=O)C3(C=O)CC3(C)C2C1,False,0
CSCC(NC(=O)COc1cccc2cnccc12)C(=O)NC(Cc1ccccc1)C(O)C(=O)N1CSCC1C(=O)NC(C)(C)C,False,0
O=[N+]([O-])c1ccc2ccc3ccc(O)c4c5ccccc5c1c2c34,True,1
CCNC(=O)Nc1ccc(OCC(O)CNC(C)(C)C)c(C(C)=O)c1,True,1
Cn1nc(C2CC2)cc1N,True,1
Oc1c(I)cc(Cl)c2cccnc12,True,548
Nc1c(Cl)cc(Cl)cc1Cl,True,60
Cc1ccc(NO)c(C)c1,True,17
Clc1ccc(C(c2ccccc2Cl)C(Cl)Cl)cc1,True,225
Cn1c(N)nc2cc(Cl)ccc21,False,0
COC(=O)C1=C(C)NC(COC(N)=O)=C(C(=O)OC(C)C)C1c1cccc(Cl)c1Cl,True,1
CCc1ccc(/C=C/c2ccc([N+](=O)[O-])cc2)cc1,False,0
CC(=O)Nc1ccc2c(c1OC(C)=O)Cc1ccccc1-2,True,7
CCCCCCCC/C=C/CCCCCCCC(=O)OCCOCC1(OCCOC)OCC(OCCOC)C1OCCOC,False,0
OCc1cc2c3c(cccc3c1)-c1ccccc1-2,True,7
O=C(Cl)OCC1c2ccccc2-c2ccccc21,True,607
CC12C=CC(=O)C=C1CCC1C2C(O)CC2(C)C1CCC2(O)C(O)C=O,False,0
ClCc1ccccn1,True,68
O=C1OC(C(O)CO)C(O)=C1O,False,0
NCCCCCCCCCCC(=O)O,True,33
O=S(=O)(NO)c1cccc2cccnc12,False,0
COC1=CC(=O)c2c(nc(C)c3c2[nH]c2ccccc23)C1=O,False,0
O=C(O)/C=C/c1ccc(O)c(O)c1,True,11557
O=C1CCC2(O)c3c(ccc(O)c31)-c1ccc(O)c3c1C2C1OC1C3=O,True,172
CC[C@@]12O[C@]1(C(=O)OC)C(=O)O[C@H]2C,False,0
COC(=O)c1ccc(O)cc1,True,1500
CC1CC2OC(=O)C3(C)C2C(OC3(C)O)C2(C)C(=O)C=CC12,False,0
COC1=C(N)C(=O)c2nc(-c3nc(C(=O)O)c(C)c(-c4ccc(OC)c(OC)c4O)c3N)ccc2C1=O,True,567
Nc1ccc2nc3ccccc3c(N)c2c1,False,0
O=NN(CCCl)C(=O)NCCCl,True,926
Cc1c(C)c(Br)c(Br)c(Br)c1Br,True,17
CSCC(N)C(=O)O,True,8
O=[N+]([O-])c1ccc2[nH]c3c([N+](=O)[O-])cccc3c2c1,True,2
CCCCC(=O)/N=c1\sn(C(=O)CCCC)c2ccc([N+](=O)[O-])cc12,False,0
Nc1ccc2c(c1)Cc1cc([N+](=O)[O-])ccc1-2,True,17
CC(=O)OCc1ccccc1N=Nc1ccc(N(C)C)cc1,False,0
CC/C=C\C#N,True,92
OC1c2cc3ccc4ccccc4c3cc2C2OC2C1O,True,2
Nc1ccc(-c2cc(Cl)c(N)c(Cl)c2)cc1,True,4
CSCCC(=O)N1C(C(=O)O)CSC1c1ccccc1O,False,0
CCCCCCCCCCCCOC[C@H]1CO1,False,0
c1cnc2c(c1)ccc1cccnc12,True,5648
CCOc1ccc(C(C)(C)C)cc1NC(=O)C(=O)Nc1ccccc1CC,False,0
CN(N=O)C(=N)N[N+](=O)[O-],True,1294
O=C(NO)c1ccc(O)c(O)c1,True,307
O=c1c2c(O)cccc2oc2c3c(cc(O)c12)O[C@@H]1OC=C[C@@H]31,False,0
O=[N+]([O-])c1cc(-c2cccc([N+](=O)[O-])c2O)ccc1O,False,0
O=c1c(-c2ccc(O)cc2)coc2cc(O)ccc12,True,4991
ClCc1cccc(CCl)c1,True,11
CC12CCC3c4ccc(O)cc4CCC3C1CC(O)C2O,False,0
CCCCCCCC(=O)O,True,3236
Oc1cnnc(O)n1,False,0
O=C/C=C/c1ccccc1Cl,False,0
COc1ccc(C(Cl)=C(c2ccc(OC)cc2)c2ccc(OC)cc2)cc1,True,26
OCC(CO)NC1CC(O)(CO)C(O)C(O)C1O,False,0
O=C(C1CCCCC1)N1CC(=O)N2CCc3ccccc3C2C1,True,1157
Cc1cc2c(nc(N)n2C)c2ncc(-c3ccccc3)nc12,False,0
Nc1ccc(S(=O)(=O)O)c2ccccc12,True,82
Cc1ccc2c(c1)nc(N)n2C,False,0
CCCCCCC1CO1,True,91
CC(=O)ON(C(C)=O)c1ccc2c(c1)Cc1ccccc1-2,True,308
Cc1cccc(N=O)c1,True,15
COC1=CC(=O)c2c3nc4ccncc4c-3c[nH]c2C1=O,False,0
CCN(C)N=O,True,40
Nc1ccc(-c2ccc(N)c(O)c2)cc1O,True,32
O=S(=O)(O)c1cc(S(=O)(=O)O)c2cc(O)ccc2c1,True,4
CC(=O)Nc1ccc2c(c1OC(=O)c1ccccc1)Cc1ccccc1-2,False,0
Cl/C=C\C[N+]12CN3CN(CN(C3)C1)C2,False,0
CCN(CC)S(=O)(=O)c1ccc(NC(C)=O)cc1,True,2
CCOC[C@H]1CO1,False,0
O=[N+]([O-])c1cccc([N+](=O)[O-])c1,True,675
COc1ccc2c(c1)-c1c(OC)c(OC)cc3ccnc(c13)C2=O,False,0
CBr,True,858
CN(Cc1ccc(Cl)cc1)N=O,False,0
O=c1oc2c(O)c(O)cc3c(=O)oc4c(O)c(O)cc1c4c23,True,4845
O=NN1CCNC1=O,True,3
CC(=O)OC1C(O)C2OC3C=C(C)C(=O)C(O)C3(CO)C1(C)C21CO1,False,0
CC12OOC1Oc1ccccc12,False,0
O=[N+]([O-])c1ccc2c(c1)-c1ccc([N+](=O)[O-])c3cccc-2c13,True,95
C=C1CC(=O)O1,True,224
Cc1cccc(OP(=O)(Oc2ccccc2)Oc2ccccc2)c1,True,2
CC1C=Cc2c1ccc1c2ccc2ccccc21,False,0
Nc1nc2c(s1)CCc1ncccc1-2,False,0
O=C1c2ccccc2Cc2ccccc21,True,666
CC(=O)OCNC(=O)c1ccc(Cl)cc1,True,4
c1cnc2c(c1)ccc1c3cccnc3ccc12,True,3
Cc1[nH]c2c(c3nc4ccccc4c1-3)C(=O)C(N1CC1)=CC2=O,False,0
Cc1ccc(C(=O)Cl)cc1,True,89
COc1cc(C2Oc3cc(C4Oc5cc(O)cc(O)c5C(=O)C4O)ccc3OC2CO)ccc1O,True,1488
Cn1cnc(-c2ccccc2)c1[N+](=O)[O-],False,0
NC(=O)N(CCC(=O)O)N=O,True,2
c1ccc2c(c1)CCCC2,True,533
Cc1ccccc1[N+](=O)[O-],True,549
O=C1NCCN1c1ncc([N+](=O)[O-])s1,True,276
CC1CC(C)C(=O)C(C(O)CC2CC(=O)NC(=O)C2)C1,True,5
COc1ccc2c3c(cccc13)C(=O)c1ccccc1-2,True,32
O=C1CCCCC1,True,3777
CCCC[C@@H](CC)COC(=O)c1ccccc1C(=O)OC[C@H](CC)CCCC,True,4
[O-][n+]1cc2cccnc2cn1,False,0
COCCOC,True,1967
CCOC(=O)N(CCC=O)N=O,True,4
ONc1ncnc2c1ncn2Cc1ccccc1,True,2
c1ccc(-c2cccc(-c3ccccn3)n2)nc1,True,372
O=C(O)CC(O)(CC(=O)O)C(=O)O,True,10931
COc1ccc2[nH]cc(CCNC(C)=O)c2c1,True,8650
ClCc1ccc2ccc3cccc4ccc1c2c34,True,60
Cc1c([N+](=O)[O-])cc(N)cc1[N+](=O)[O-],True,414
C=Cc1ccncc1,True,860
COC(=O)C12OC1(C)C(C)(O)NC2=O,False,0
Cc1cccc([N+](=O)[O-])c1C(O)O,False,0
C=CC1(C)CCC2(C)C(C1)C(=O)CC1C3(C)CCCC12OC3=O,False,0
Cc1c(/C=N/OCc2ccc(Cl)cc2Cl)c2cc([N+](=O)[O-])ccc2n1Cc1ccc(Cl)cc1,False,0
COP(=S)(OC)OC,True,122
CCCCC(CC)CNCC(CC)CCCC,True,20
OC1C2(Cl)C3(Cl)C4(Cl)C(Cl)(Cl)C5(Cl)C3(Cl)C1(Cl)C5(Cl)C24Cl,True,119
CCCCCCCCCCCCCCN(OC(C)=O)c1ccc2c(c1)Cc1ccccc1-2,False,0
O=C(Nc1cc(Cl)cc(Cl)c1O)c1c(O)c(Cl)cc(Cl)c1Cl,True,71
C=CC(=O)O,True,3743
Nc1cc(Cl)c(Cl)c(Cl)c1,True,43
Cc1c(N)cc([N+](=O)[O-])cc1N,True,116
COC1=CC(=O)c2[nH]c(C)c3c4ccccc4nc-3c2C1=O,False,0
Cc1cccc(O)c1N,True,49
COc1cc(O[C@@H]2O[C@H](CO)[C@@H](O)[C@H](O)[C@H]2O)c2c(=O)c3c(O)ccc(O)c3oc2c1,False,0
COP(=S)(NC(C)C)Oc1ccccc1C(=O)OC(C)C,True,155
CC(C)CC(=O)/N=c1\sn(C(=O)CC(C)C)c2ccc([N+](=O)[O-])cc12,False,0
C=CCn1cc2c3c(cccc31)C1CC(C)CN(C#N)C1C2,False,0
CCCN(N=O)C(N)=O,True,151
NCN,True,173
Cc1cnc2c(C)c(C)c3c(nc(N)n3C)c2n1,False,0
Clc1cc2ccccc2c2ccccc12,True,73
Brc1cccc(-c2ccccc2)c1,True,10
O=[N+]([O-])c1ccc2sncc2c1,False,0
NC1CCC(N)CC1,True,48
c1ccoc1,True,6130
[N-]=[N+]=C1C=CC(=O)C=C1,True,1
CC(Cl)CN(C)C,True,17
CC(=O)ON(OCc1ccc(C)cc1)C(=O)c1ccccc1,False,0
NC(=O)c1ccccc1,True,1601
O=[N+]([O-])c1ccc2c(c1)Oc1cc([N+](=O)[O-])ccc1O2,True,6
Cn1c([N+](=O)[O-])cnc1[C@H]1NC(CO)(CO)CO1,False,0
O=Cc1c2ccccc2cc2ccccc12,True,68
O=NN1CCC(=O)CC1,True,11
O=NSCCO,True,6
CN(CCC#N)c1ccc(N=Nc2ccccc2)cc1,False,0
C1=C[C@@H]2O[C@@H]2C=C1,False,0
Oc1ccccc1Cl,True,1363
O=c1n(CC2CO2)c(=O)n(CC2CO2)c(=O)n1CC1CO1,True,33
O=C(O)CC(O)C(=O)O,True,3038
CC(C)(C)OC(=O)NC(CN=[N+]=[N-])C(=O)O,False,0
CCC(=O)Nc1snc2ccccc12,False,0
Cc1cccs1,True,404
CN(C)c1ccc(N=Nc2cccc(CCl)c2)cc1,False,0
CC12CCC3C(CCC4CC(O)CCC43C)C1CCC(=O)N2,False,0
C=CC=O,True,5201
COc1ccccc1/C=C\C=O,True,1
Nc1ccc2cc3ccccc3cc2c1,True,456
Cn1ccc2c3c(ccc4ccc(O)cc43)ccc21,True,3
CC1=CC(=O)c2ccccc2C1=O,True,3370
CC(C)[C@](O)(C(=O)O)[C@@H](C)O,True,43
OC[C@H](Cl)CCl,True,8
Cc1nc2ccc(N)c(C)c2nc1C,True,2
N#CCc1ccccc1,True,946
O=NN1CCCCCCC1,True,5
OC1C=Cc2c(ccc3cc4c5c(ccc4cc23)C(O)C(O)C=C5)C1O,True,4
CCCCC(CC)COC(=O)CCCCC(=O)OCC(CC)CCCC,True,282
CC12CCC3c4ccc(O)cc4CCC3C13CCC2(O)C(O)C3,False,0
Brc1ccc(-c2ccccc2)cc1,True,86
CCCCC(CC)COC(=O)C=Cc1ccc(OC)cc1,True,236
CCCCON=O,True,205
O=[N+]([O-])c1cccc2c[nH]nc12,False,0
Nc1ccc2c(ccc3c4ccccc4ccc23)c1,True,17
CCCCC(CC)COP(OCC(CC)CCCC)OCC(CC)CCCC,True,1
CC(=O)Nc1ccc(C)c(N=[N+]([O-])c2cc(NC(C)=O)ccc2C)c1,False,0
CCOCCOC(C)=O,True,137
[N-]=[N+]=NCCC(N)C(=O)O,True,14
C/C=C/c1cc2c(c(=O)o1)C(=O)C(O)C(C)O2,True,1
CS(=O)(=O)Nc1ccc(Nc2c3ccccc3nc3ccccc23)cc1,True,13
CN(C)CCN(C)N=O,True,4
CC(=O)/C=C\c1ccc2c(c1)OCO2,False,0
Cc1ccc([C@@H]2CO2)cc1,True,3
NC(=O)c1ccccc1C(N)=O,True,122
CCCCCCCC(=O)Nc1snc2ccccc12,False,0
Nc1ccc2[nH]c3ccccc3c2c1,True,42
O=NN(CC(=O)O)CC(=O)O,True,26
O=C(n1ccnc1)n1ccnc1,True,1135
C=C(Cl)C(Cl)CCl,True,4
Oc1cc(O)c2ccccc2n1,True,82
COP(=O)(OC)Oc1c(Cl)cc(C)cc1Cl,False,0
C=C(Cl)C(=O)OC,True,62
NN1C(=O)c2ccccc2C1=O,True,99
CC(C)(N=NC(C)(C)C(=N)N)C(=N)N,True,107
CC(C)CCCC(C)C1CCC2C3CC=C4CC(OC(=O)Cc5ccc(N(CCCl)CCCl)cc5)CCC4(C)C3CCC12C,False,0
OC[C@H]1CC[C@@H](n2cnc3c(O)ncnc32)O1,False,0
O=[N+]([O-])c1ccc(Nc2[nH]cnc3ncnc2-3)cc1,False,0
Cc1cc(N(CCO)CCO)ccc1N=Nc1cccnc1,False,0
c1ccc2c(c1)-c1ccccc1C1OC21,True,20
CCC(=O)Oc1ccc(/C(CC)=C(\CC)c2ccc(OC(=O)CC)cc2)cc1,True,12
CC(C)OC1OC(=O)C(Cl)=C1Cl,False,0
Cc1ccc(O)c(O)c1,True,1030
CC(=O)OC(C(=O)c1ccccc1)c1ccccc1,True,2
COC(=O)c1cccc2oc3c4c(cc(OC)c3c(=O)c12)O[C@@H]1OC=C[C@@H]41,False,0
O=S(=O)(O)Oc1ccc2cc3ccc4cccc5ccc(c2c1)c3c45,False,0
CC1(Cn2ccnn2)C(C(=O)O)N2C(=O)CC2S1(=O)=O,False,0
CNc1nc2c3cccnc3ccc2n1C,False,0
Clc1nnc(Cl)c2ccccc12,True,32
CC(=O)n1ccnc1,True,319
CN(C)CCCNc1c2ccccc2nc2c(F)ccc([N+](=O)[O-])c12,False,0
C/C=C\C=C/C=O,True,2
CCOc1ccc2c(c1)C(C)=CC(C)(C)N2,True,506
CCCCCCCC(=O)CCc1ccc(O)c(OC)c1,True,179
CCn1cc(C(=O)O)c(=O)c2cc3c(cc21)OCO3,True,295
C/C=C/c1cc(OC)ccc1OC,False,0
CCOC(=O)N(CCOC(C)=O)N=O,True,2
[N-]=[N+]=Nc1ccc(Nc2c3ccccc3nc3ccccc23)cc1,False,0
C1COCCOCCOCCO1,True,32
CCOC(=O)CNC(=O)C(C)(C)Br,False,0
CC(=O)c1cc(NC(N)=O)ccc1OC[C@H](O)CNC(C)(C)C,False,0
Fc1ccc2ccccc2n1,True,74
O=C1C(=O)c2c(ccc3ccccc23)-c2ccccc21,True,35
COP(=O)(NC(C)=O)SC,True,571
O=[N+]([O-])c1ccc(O)c([N+](=O)[O-])c1,True,2137
O=c1ccc2cc(O[C@@H]3O[C@H](CO)[C@@H](O)[C@H](O)[C@H]3O)c(O)cc2o1,True,312
C[C@]12CC[C@H]3c4ccc(O)cc4CC[C@H]3[C@H]1CC[C@@H]2O,False,0
CCC1(O)CC(OC2CC(N(C)C)C(O)C(C)O2)c2c(cc3c(c2O)C(=O)c2c(O)ccc(O)c2C3=O)C1C(=O)OC,False,0
C#CCO,True,871
COc1cccc(C=O)c1O,True,353
CCCCCNCCCCC,True,56
CC1C=C(C=O)C(C=O)C(O)C2CC(C)(C)CC12,False,0
OCc1ccc2nc3c(ccc4ccccc43)c(CO)c2c1,False,0
CCOc1cc(C=O)ccc1O,True,253
C=C1C(O)C23CCC4C(C)(C(=O)O)CCCC4(C)C2CCC1(O)C3,False,0
CNc1ccc([N+](=O)[O-])cc1,True,52
O=C/C(CCl)=C(\Cl)C(=O)O,False,0
CCC(CC)c1cccc(OC(=O)N(C)N=O)c1,False,0
Cc1cc(C)c(N)cc1C,True,22
COc1cc(O)c2c(O)c3c(=O)oc(C)cc3c(OC)c2c1,True,1
Oc1nnc(O)c2ccccc12,True,14
O=P(OC[C@H](Br)CBr)(OC[C@H](Br)CBr)OC[C@H](Br)CBr,False,0
COc1cc(O)c2c(=O)oc3cc(O)cc(C)c3c2c1,True,227
CCC1=C(c2ccc(O)cc2)C(C)c2cc(O)ccc21,True,1
CCCCOC(=O)c1cccc2cccnc12,False,0
CCOP(=O)(OCC)Oc1nc(Cl)c(Cl)cc1Cl,True,188
CCN=[N+]([O-])CC,True,17
CN(CCO)C(=O)Nc1ccc(Cl)c(Cl)c1,False,0
Oc1ccc(Cl)c(Cl)c1,True,211
CCc1ccccc1Nc1ccc(Nc2ccccc2CC)c2c1C(=O)c1c(O)ccc(O)c1C2=O,False,0
CC(=O)N(N)C(C)=O,True,4
c1ccc2c(c1)-c1ccc3ccccc3c1C1OC21,True,11
CC=C(C=C(C)C=C(C)C=CC=C(C)C(=O)C12OC1C(O)(CCO)NC2=O)C(=O)OC,False,0
O=S(=O)(O)c1cc(S(=O)(=O)O)c2c(N=Nc3ccccc3)c(O)ccc2c1,False,0
O=[N+]([O-])c1cnc2c(c1)nc1ccccn12,True,1
Cc1c2ccccc2cc2ccccc12,True,140
CC(C)(C)OOC(=O)c1ccccc1,True,128
C=CCCCC,True,950
N#CC(Cl)Br,True,214
S=C1SSC2=NCCN12,True,9
CC(C)(C)c1ccc(-c2ccc(N=O)cc2)cc1,False,0
O=C1Nc2ccc([N+](=O)[O-])cc2C1=O,True,49
CCN(C(=O)CCCCl)c1snc2ccccc12,False,0
CC12CCC(=O)CC1=C1CC1C1C2CCC2(C)C1C1CC1C21CCC(=O)O1,False,0
Nc1cccc2c(N)cccc12,True,112
OC[C@H](O)CCl,True,18
Cc1cc(C)n(-c2[nH]nc(NN)c3c4ccccc4nc2-3)n1,False,0
COc1ccc(Nc2c3ccccc3nc3ccccc23)cc1,False,0
Cc1ccc2cc3ccc4ccccc4c3cc2c1,True,9
NNc1nc(-c2ccc(N)cc2)cs1,True,2
CCO[P@](=O)(NC(C)C)Oc1ccc(SC)c(C)c1,False,0
CCOc1cc2c(c3ccc4ccccc4c13)CCC2=O,False,0
c1ccc2c(c1)C1CCCCC1C1OC21,False,0
O=[N+]([O-])c1cc2cccc3c2c(c1[N+](=O)[O-])-c1ccccc1-3,True,14
NCCNCCN,True,455
Cc1ccccc1C(=O)O,True,381
NNc1ccc([N+](=O)[O-])cc1,True,172
O=C(CCCl)/N=c1\sn(C(=O)CCCl)c2ccccc12,False,0
CCC(=O)C(C)=O,True,736
CC(C)[C@@H]1CC[C@H](C)[C@@H]2CC[C@H](C)C[C@@H]12,False,0
CC(=O)[C@@H](N=Nc1ccc(-c2ccc(N=N[C@H](C(C)=O)C(=O)Nc3ccccc3)c(Cl)c2)cc1Cl)C(=O)Nc1ccccc1,False,0
O=C(O)C(F)(F)C(F)(F)C(F)(F)C(F)(F)C(F)(F)C(F)(F)C(F)(F)C(F)(F)C(F)(F)F,True,1418
CCCCCCCCCCCCOCCO,True,35
C=CCCC1CO1,True,15
O=C(O)CO,True,1817
CC(C)CCCC(C)C1CCC2C3CC4N(N5C(=O)c6ccccc6C5=O)C45CC(Cl)CCC5(C)C3CCC12C,False,0
O=[N+]([O-])c1ccc(-c2ccccc2[N+](=O)[O-])c([N+](=O)[O-])c1,False,0
CC1(C)C(C(=O)OC(C#N)c2cccc(Oc3ccccc3)c2)C1(C)C,True,351
CCC1(c2ccccc2)C(=O)NCNC1=O,True,677
C/C=C/c1ccc(OC)cc1OC,True,2
Cc1cc2ccccc2c2cc3c(cc12)C(O)C(O)C=C3,False,0
Clc1ccc2ccccc2c1,True,68
O=C(ON(OCc1ccccc1)C(=O)c1ccccc1)c1ccccc1,True,8
C=C(C)C(=O)OCCCCCCOC(=O)C(=C)C,True,137
O=[N+]([O-])c1ccc(-c2ccc([N+](=O)[O-])cc2[N+](=O)[O-])cc1,True,2
O=[N+]([O-])c1ccc(O)cc1,True,6436
N#CC(Br)Br,True,211
Cc1c2cccc(C)c2nc2c1ccc1ccccc12,True,2
CCCC[C@@H](CC)COC(=O)c1ccccc1C(=O)O,False,0
O=Cc1cccc(Cl)c1Cl,True,53
CCCCCc1cc(O)c2c(c1)OC(C)(C)C1CCC(C)=CC21,True,8
CC1=CCC(C(C)(C)O)CC1,True,2364
Cc1ccc([N+](=O)[O-])c2c(NCCCN(C)C)c3ccccc3nc12,True,1
COC(=O)CC1Cc2cc3cc(OC)c(-c4c(OC)cc5cc6c(c(O)c5c4O)C(=O)OC(CC(=O)OC)C6)c(O)c3c(O)c2C(=O)O1,True,1
Nc1ccc(-c2ccc(-c3ccc(N)cc3)cc2)cc1,True,10
N=C(N)c1ccc(OCCCCCOc2ccc(C(=N)N)cc2)cc1,True,1753
CCCCON(OC(C)=O)C(=O)c1ccc([N+](=O)[O-])cc1,False,0
Cc1ccc(C)c2c3c(ccc12)C(O)C(O)C1OC31,False,0
N#C[C@@H](Cl)Br,False,0
CCOC(=O)CNC(=O)C(C)Br,False,0
Cc1nc(N)nc(N)n1,True,18
Nc1cccc(N)n1,True,196
O=[N+]([O-])c1ccc2cccc3c2c1-c1ccccc1-3,True,58
Nc1snc2ccc(Cl)cc12,False,0
Nc1nccs1,True,564
CC/C=C/[C@H](C=O)CC,False,0
O=C(O)[C@@H]1CSCN1,True,321
O=C1N(CO)C(O)C(O)N1CO,True,2
NCCN1CCNCC1,True,53
Cc1cn([C@@H]2C[C@H](N=[N+]=[N-])[C@@H](CO)O2)c(=O)[nH]c1=O,False,0
Cc1cccc2cc3ccc4ccccc4c3nc12,True,1
O=NN1CCCCCCCCCCCC1,True,1
CC12OOC1(C)c1ccccc1O2,False,0
Nc1c(Oc2ccccc2)cc(O)c2c1C(=O)c1ccccc1C2=O,True,12
CC(C)NCC(O)COc1ccc(CC(N)=O)cc1,True,1693
COc1cc(OC)c2cc([N+](=O)[O-])c3c(C(=O)O)cc4c(c3c2c1)OCO4,True,21
COc1cc(NC(C)CCCN)c2ncccc2c1,True,1322
C1=C[C@@H]2c3ccccc3O[C@@H]2O1,False,0
Oc1c2ccccc2nc2ccccc12,True,12
CSc1cc(SC)c(N)c(C)c1N,False,0
O=P1(N(CCCl)CCCl)NC(O)CCO1,True,482
CC(=O)Nc1cccc(C)c1,True,9
O=C(O)c1cc(N=Nc2ccc(S(=O)(=O)Nc3ccccn3)cc2)ccc1O,True,1256
Cl[C@@H]1CO1,False,0
CC[N+]([O-])(CC)CCNc1ccc(CO)c2sc3ccccc3c(=O)c12,True,1
CC(=O)Nc1ccc(Oc2ccc(NO)cc2)cc1,True,1
Cc1cc(O)ccc1Cl,True,374
Cc1ccc(-c2nc(-c3ccc(C)cc3C)[nH]c2-c2ccc(C)cc2)cc1,False,0
Cc1cccc2cc3ccc4cccc5ccc(c12)c3c45,True,8
ClCl,True,185
C=CC(Cl)CCl,True,85
O=[N+]([O-])c1[nH]cnc1-c1ccccc1,False,0
O=[N+]([O-])c1cccc2c1-c1cccc3c([N+](=O)[O-])ccc-2c13,True,54
COC[C@H](O)Cn1ccnc1[N+](=O)[O-],False,0
Nc1ccc2ncsc2c1,True,54
OCCOc1ccccc1,True,339
Cc1ccc(OP(=O)(Oc2ccc(C)cc2C)Oc2ccc(C)cc2C)c(C)c1,True,5
NCc1ccc(CN)cc1,True,136
Cc1cc(C)cc(N=Nc2c(O)ccc3ccccc23)c1,False,0
COc1cccc([N+](=O)[O-])c1,True,45
O=C1Nc2ccc(Cl)cc2C(c2ccccc2)=N[C@@H]1O,True,10
O=[N+]([O-])c1ccc2nc3ccc([N+](=O)[O-])cc3nc2c1,True,4
N/C(=N\OC1OC(C(=O)O)C(O)C(O)C1O)c1ccccc1,False,0
Cc1ccc(O)c(N)c1,True,73
C#CC1(O)CCC2C3CCC4=C(CCC(=O)C4)C3CCC21C,True,1
O=Nc1ccccc1-c1ccccc1,True,9
OC1C=Cc2cc3c4c(cc5ccccc53)-c3ccccc3-c4c2C1O,True,1
Cl/C=C(\Cl)C(Cl)Cl,False,0
COC1=CC(=O)C=CC1=O,True,179
O=[N+]([O-])c1ccc(Sc2ccccc2)cc1,True,8
CCC=O,True,2112
Cc1ccc2c(=O)c3cccc4ccc1c2c43,False,0
CC1=CC(=O)C(C)=CC1=O,True,215
O=[N+]([O-])c1ccc(SSc2ccc([N+](=O)[O-])cc2)cc1,True,36
CCCCCN1C2c3ccccc3-c3ccccc3C21,False,0
FC(F)(F)c1ccc(Cl)cc1,True,66
CC(=O)OC1C(OC23C=C(C)C4(CC4)C(C)(O)C2C(=O)C(C)(C)C3)OC(CO)C(OC(=O)/C=C/c2ccc(O)cc2)C1O,False,0
c1cc2c3c(cccc3c1)C1NC21,True,8
Cc1ccc2ccc3ccccc3c2c1C,True,8
Cc1cc(C)cc(C)c1,True,1649
O=C1c2ccccc2C(=O)N1SC(Cl)(Cl)Cl,True,301
O=S1(=O)OC(c2cc(Br)c(O)c(Br)c2)(c2cc(Br)c(O)c(Br)c2)c2ccccc21,True,1966
O=[N+]([O-])c1ccc2ccc3c4ccccc4nc4ccc1c2c43,True,4
CC12CCC(CC1=O)C2(C)C,True,2847
c1ccc2c(c1)cc1c3c2ccc2cccc(c23)C2OC12,True,111
Nc1cccc2ccccc12,True,826
Cc1cc(C)c2cc(C)c(N)cc2n1,True,5
CC(=O)Nc1ccc(-c2ccc(N)cc2)cc1,True,144
Cn1c([N+](=O)[O-])cnc1-c1nnc(N)s1,True,291
BrCC(Br)c1ccccc1,True,33
COC(=O)C12OC1(C)C(C)(O)OC2=O,False,0
O=[N+]([O-])c1ccc(NC2OCC(O)C(O)C2O)cc1,False,0
O=S(=O)(O)c1ccc(N=Nc2c(O)ccc3cc(S(=O)(=O)O)ccc23)cc1,True,1
O=C1c2ccc3ccccc3c2-c2c1ccc1ccccc21,True,2
COC(=O)[C@]12O[C@@]1(C)[C@H](C(C)C)OC2=O,False,0
CCNC(=O)CCC(N)C(=O)O,True,105
CCC(=O)N(O)c1ccc2ccccc2c1,False,0
CN(C)c1ccc(C2(c3ccc(N(C)C)cc3)OC(=O)c3cc(N(C)C)ccc32)cc1,True,46
Cc1ccc(C)c([N+](=O)[O-])c1,True,12
COc1ccc([N+](=O)[O-])cc1[N+](=O)[O-],True,339
c1ccc2c(c1)-c1cc3c(cc1C1OC21)-c1ccccc1C1OC31,False,0
Nc1ccc([N+](=O)[O-])c(N)c1,True,15
Nc1ccc2cc(S(=O)(=O)O)cc(O)c2c1N=Nc1ccc(-c2ccc(N=Nc3cc(S(=O)(=O)O)c4ccccc4c3N)cc2)cc1,False,0
COc1cc(-c2ccc(N=C=O)c(OC)c2)ccc1N=C=O,False,0
COc1ccc2c(c1)c1cc(OC)ccc1c1c3ccc(OC)cc3c3cc(OC)ccc3c21,True,3
CC1CCOS(=O)(=O)O1,True,1
O=C1OCC(CCl)=C1Cl,True,2
C1=Cc2cc3ccccc3c3cccc1c23,True,50
O=C1NC(=O)C(Cl)C1=C(Cl)Cl,False,0
Cc1cc([N+](=O)[O-])c(C)c2c1[nH]c1ccccc12,False,0
CC(C)CC(C)O,True,281
CNC(=O)ONC(C)=O,True,10
Cc1cc(-c2ccc(N=Nc3c(N)c(C)cc(S(=O)(=O)O)c3N)c(C)c2)ccc1N=Nc1ccc(O)c(C(=O)O)c1,False,0
Cc1c2ccccc2c(CBr)c2ccccc12,True,1
CN(c1nccc(O)n1)C1CCN(c2nc3ccccc3n2Cc2ccc(F)cc2)CC1,False,0
CCOC[C@@H](O)COc1ccc(NC(=O)CC[S+](C)C)cc1,False,0
Cc1ccc([N+]#N)cc1,True,16
COc1cc2c(c(OC)c1OC)-c1ccc(OC)c(=O)cc1C(NC(C)=O)CC2,False,0
CC12CCC3C(CCC4=CC(=O)CCC43C)C1CCC2=O,False,0
c1ccc(Nc2ccccc2)cc1,True,1349
O=[N+]([O-])c1ccc2ccc3cc4c(c5ccc1c2c35)CCCC4,True,1
CCOP(=S)(OCC)Oc1ccc2c(C)c(Cl)c(=O)oc2c1,True,471
CC(C)(C)C1CCC2(CC1)CO2,False,0
CCC(=O)/N=c1\sn(C(=O)CC)c2ccc([N+](=O)[O-])cc12,False,0
NNc1nnc(NN)c2ccccc12,True,106
O=C1C=CC2=[N+]([O-])C(c3ccccc3)(c3ccccc3)/C(=N/c3ccccc3)C2=C1,False,0
CCOC(=O)[C@H](C)O,True,114
CCCCN(C[C@H](O)CCO)N=O,False,0
CC1C=C(C=O)C(C=O)=CC2(O)CC(C)(C)CC12,False,0
CCCCOc1cc2c(c3ccc4ccccc4c13)CCC2=O,False,0
CC[n+]1c(-c2ccccc2)c2cc(N)ccc2c2ccc(N)cc21,True,971
CCOc1ccc(NC(=O)C[C@@H](C)O)cc1,False,0
CC/C(=C(/c1ccccc1)c1ccc(OCCN(C)C)cc1)c1ccccc1,True,2
O[C@H]1C=Cc2ccc3nc4ccc5ccccc5c4cc3c2[C@@H]1O,False,0
CCCN(C(N)=NN=O)[N+](=O)[O-],False,0
c1ccc2c(c1)ccc1c3ccccc3c([C@@H]3CO3)cc21,False,0
COc1c2cc3c(cc2nc2occc12)OCO3,True,36
COc1cc2c(c3oc(=O)c4c(c13)CCC4=O)C1(C)C3OC3OC1(C)O2,False,0
N/C(=N\O)c1ccc(O)c(O)c1,True,127
NC(=O)OCC1C(NC(=O)/C(=N\OCC(=O)O)c2csc(N)n2)C(=O)N1S(=O)(=O)O,False,0
CCCC[C@@H](CC)COC(=O)CCCCC(=O)OC[C@H](CC)CCCC,False,0
CCCCCN(N=O)C(=N)N[N+](=O)[O-],False,0
O=[N+]([O-])c1ccc2ccc3c4ccccc4cc4ccc1c2c43,True,133
CC(C)(Cl)OC(C)(C)Cl,True,12
N[C@H]1CC[C@H](C[C@H]2CC[C@H](N)CC2)CC1,False,0
c1ccc2c(c1)-c1ccccc1C1NC21,False,0
Cc1ccc2cccc([N+](=O)[O-])c2c1,False,0
CC1(C(Cl)Cl)C2C(Cl)C(Cl)C1(C(Cl)Cl)C(Cl)C2Cl,False,0
CC1CCCCC1NC(=O)Nc1ccccc1,True,36
Cc1cc(O)cc2oc(=O)c3c(O)cc(O)cc3c12,True,831
CCCCN(C)N=O,True,30
CCCCCCCCCCCCCC[N+](C)(C)Cc1ccccc1,True,53
CCC(C)(C)OC,True,276
CC(C)(C)N,True,900
Nc1ccc(S(=O)(=O)O)cc1,True,998
Cc1cc2ncccc2c2ncn(C)c12,True,2
c1cc2sncc2cc1OCC1CO1,False,0
O=C1NS(=O)(=O)c2ccccc21,True,1544
C=CCO,True,1490
CN1CCN(c2ccc3[nH]c(-c4ccc5[nH]c(-c6ccc(O)cc6)nc5c4)nc3c2)CC1,True,28
C=CC(=C)Cl,True,411
CN(C)CCNC(=O)c1ccc2nc3ccccc3c(N)c2c1,False,0
COc1cc(CNC(=O)C(C)Br)ccc1O,False,0
COc1ccc(S(=O)(=O)n2ncc(Cl)c(Cl)c2=O)cc1,False,0
Cc1cc2ccccc2c2ccc3c(c12)C=CC(=O)C3=O,True,7
O=C(O)CS,True,1417
CC12OOC1(C)c1ccc3cccnc3c1O2,False,0
Cc1ccc(N=Nc2c(O)ccc3ccccc23)c([N+](=O)[O-])c1,True,11
[N-]=[N+]=NCC(O)CO,True,36
Fc1cccc2c1ccc1ncccc12,False,0
COc1cc(Oc2ccc(Cl)cc2Cl)cc([N+](=O)[O-])c1,False,0
OCC(O)C1CO1,True,121
O=[N+]([O-])c1cc([N+](=O)[O-])c2c([N+](=O)[O-])cc([N+](=O)[O-])cc2c1,True,8
O[C@@H]1C=Cc2ccc3c(ccc4ccccc43)c2[C@H]1O,True,16
Clc1cccnc1Cl,True,44
O=S(=O)(O)OCc1cc2ccccc2c2ccc3ccccc3c12,True,5
CCCSC(=O)Cl,False,0
CN(C)CC[C@@H](c1ccccc1)c1ccccn1,False,0
Nc1ccn(C2C=C(CO)C(O)C2O)c(=O)n1,True,5
CC(=O)N(O)c1ccc(-c2ccccc2)cc1,True,111
COc1ccc(CN2C3c4ccccc4-c4ccccc4C32)cc1,False,0
CN(C)CCNC(=O)c1cccc2c(=O)c3ccccc3oc12,False,0
Brc1cc(Br)c(OCCOc2c(Br)cc(Br)cc2Br)c(Br)c1,True,379
Nc1ccccc1[N+](=O)[O-],True,478
O=[N+]([O-])c1cc(Cl)c(Cl)c(Cl)c1Cl,True,201
CCOP(=O)(NC(C)CC)Oc1cc(C)ccc1[N+](=O)[O-],True,7
Cc1c2ccccc2c([C@@H]2CO2)c2ccccc12,False,0
Cc1cc(-c2cc3c(cc2F)n2c(=O)n(O)c(=O)cc2n3C2CC2)cc(C)n1,False,0
CCCCC(CC)COCC1CO1,True,10
O=C/C=C/C=O,True,85
CCC(Cl)CC(Cl)CC(C)Cl,False,0
CCOP(=S)(OCC(C)C)SCCl,False,0
CCCCOCCCC,True,385
Cc1ccc2ccc3cccc4ccc1c2c34,True,297
CC(C)CN(C(=O)CCCl)c1snc2ccccc12,False,0
CCCCCCCCCCCCCCCCCCCC,True,494
O=C(O)/C=C/c1ccc([N+](=O)[O-])o1,False,0
O=NN1CCSC1,True,39
CC(=N)S,True,9
O=C(O)CCC(NC(=O)COc1cc(Cl)c(Cl)cc1Cl)C(=O)O,False,0
CCOO,True,215
O=[N+]([O-])c1cc(-c2ccccc2)cc([N+](=O)[O-])c1O,False,0
Nc1cc([N+](=O)[O-])cc([N+](=O)[O-])c1O,True,153
CN(C)N=Nc1nc[nH]c1C(N)=O,True,3
O=C1c2ccccc2C(=[N+]([O-])O)c2ccccc21,False,0
CC(=O)OCN(N=O)c1ccccc1,True,3
OC1C=Cc2c(c3cc4ccccc4cc3c3ccccc23)C1O,True,2
CC(=O)ON(OCc1ccc(Cl)cc1)C(=O)c1ccccc1,False,0
CN1CC=C(c2ccccc2)CC1,True,1123
O=[N+]([O-])c1ccc2[nH]c3ccc([N+](=O)[O-])cc3c2c1,True,3
OCC(O)CCl,True,456
Clc1ccc(CC[C@H]2CO2)cc1,False,0
Fc1cnc2ccc3ccccc3c2c1,False,0
Nc1cc(N)c(-c2ccccc2)c([N+](=O)[O-])c1,False,0
O=P(O)(NCCCO)N(CCCl)CCCl,True,1
Cc1cc(C(=O)O)c2ncccc2c1,False,0
C[C@@H](O)CN,True,53
O=[N+]([O-])c1cc(-c2ccccc2)ccc1O,True,2
Cc1ccc(Cl)cc1,True,331
CCC1(CC(=O)O)OCCc2c1[nH]c1c(C)cccc21,False,0
Cc1cccc2cc3c(ccc4ccccc43)cc12,True,42
CCOP(=S)(OCC)SCCSCC,True,292
CNC(=O)ON(C(C)=O)C(=O)NC,True,156
CCC(C)(C)c1cc(-n2nc3ccccc3n2)c(O)c(C(C)(C)CC)c1,True,68
Cn1c(=O)c2nc[nH]c2n(C)c1=O,True,2
FC(F)C(F)(F)F,True,144
O=[N+]([O-])c1cc2ccc3cccc4ccc(c1)c2c34,True,295
CC(=O)Nc1ccc([N+](=O)[O-])cc1,True,134
Oc1c(Cl)cc(Cl)c(Cl)c1Cl,True,340
CCN(C#N)N=O,True,6
Cc1c2ccccc2c(CCl)c2ccc3ccccc3c12,True,11
NCCCCC(N)C(=O)O,True,95
C1CCOC1,True,28150
C=CC1CC2C=CC1C2,True,10
c1ccc2cc(C3CO3)ccc2c1,True,4
CC(=O)Oc1c(OC(C)=O)c2c([N+](=O)[O-])ccc3c4ccccc4c4cccc1c4c23,False,0
O=[N+]([O-])c1ccc(C2OCC3(CO)COC(c4ccc([N+](=O)[O-])cc4)N23)cc1,False,0
CNC(=O)N(C)c1nc2ccccc2s1,True,59
COc1cc(F)ccc1[N+](=O)[O-],True,8
O=c1oc2c([N+](=O)[O-])cccc2c2ccccc12,True,4
CC(C)c1ccccc1,True,688
CCN(C(=O)CCCl)c1snc2ccccc12,False,0
O=[N+]([O-])c1ccc2cccc3c2c1C=C3,False,0
C=CC#N,True,3145
Clc1ccc2c(c1)C(c1ccccc1)=NCc1nncn1-2,True,172
CC(CCC(=O)O)C1CCC2C3C(=O)CC4CC(=O)CCC4(C)C3CCC12C,False,0
c1ccc2c(CCC3CO3)cccc2c1,False,0
Nc1ccc(-c2ccc(N)cc2[N+](=O)[O-])cc1,True,2
Cc1cnc2c(C)cc3c(nc(N)n3C)c2n1,False,0
O=C(O)c1cc(Cl)ccc1O,True,192
O=[N+]([O-])c1cc2cccc3c4c(c5cccc1c5c23)CCCC4,False,0
FC(F)(F)C(F)(F)Cl,True,40
CN(C)C(=O)Nc1ccc(Cl)c(Cl)c1,True,2143
CSSC,True,1707
CN1CCN(c2cc3c(cc2F)n2c(=O)[nH]c(=O)cc2n3C2CC2)CC1,False,0
CC[C@@]12O[C@]1(C(=O)OC)C(=O)N[C@]2(C)O,False,0
O=C(c1ccc(F)cc1)C1OC1c1ccccc1,True,1
NC(=S)c1c(Cl)cccc1Cl,True,117
CNc1ncn(C)c1C(=O)N(C)N=O,False,0
CCC1=C(C(=O)OC)C(=O)OC1C,False,0
Oc1cc2ccccc2c2ccccc12,True,384
CCC(CO)=[N+]([O-])O,False,0
O=[N+]([O-])c1ccc2c(c1)-c1nc3ccccc3c3c1c-2nc1ccccc13,True,1
CC(=O)Nc1ccc2cccnc2c1,True,2
C=C(C=O)CCC,True,15
O=C1c2ccccc2C(=O)c2c1cc(O)c(CO)c2O,True,234
CC[C@]1(O)C[C@@H](O)c2c(cc3c(c2O)C(=O)c2c(O)cccc2C3=O)[C@@H]1C(=O)OC,False,0
NNC(=O)c1ccncc1,True,3914
CCC(C)c1cc([N+](=O)[O-])cc([N+](=O)[O-])c1O,True,355
CNc1ccc(Nc2c3ccccc3nc3ccccc23)cc1,False,0
FCC1CO1,True,10
COc1ccc(C2OC2C(=O)c2ccccc2)cc1,True,1
CN(C)CCCNc1c2ccccc2nc2c(N(CCO)CCO)ccc([N+](=O)[O-])c12,False,0
c1ccc(-c2cccnc2)nc1,True,96
OCC(CO)(CO)CO,True,453
CCN(CC)C(=S)SSCC(NC(C)=O)C(=O)O,False,0
COc1cc2nc3occc3c(OC)c2cc1OC,True,77
Cn1c(N=[N+]=[N-])nc2ccc3ncccc3c21,False,0
Nc1c(Br)cc([N+](=O)[O-])cc1[N+](=O)[O-],True,70
OCCCBr,True,181
CCCCSCCC(N)C(=O)O,True,53
COC(=O)C1=CCCN(N=O)C1,True,93
O=C(O)C(F)(F)C(F)(Cl)C(F)(F)C(F)(Cl)C(F)(F)C(F)(Cl)C(F)(F)Cl,False,0
Oc1c2nc3ccccc3c-2nnn1/N=C/c1ccc(Cl)cc1,False,0
CC(C)=CC1C(C(=O)OCN2C(=O)C3=C(CCCC3)C2=O)C1(C)C,True,215
c1ccc2cc(OCC3CO3)ccc2c1,False,0
O=C(Nc1nc(-c2ccc([N+](=O)[O-])o2)cs1)C(F)(F)F,True,1
O=CCCl,True,936
Cc1ccccc1-c1ccc(N)cc1,True,1
Cc1ccc2c(c1)C(C)C1C(=Nc3ccc(C)cc31)N2C,False,0
N#Cc1ccc(CO)cc1,True,26
COc1cc(C(C)=O)cc(OC)c1O,True,531
CC(=O)CN(COC(C)=O)N=O,True,5
CC1(O)CC2CCC1(C)C2(C)C,True,786
Cc1ccc(N=Nc2c(O)c(C(=O)O)cc3ccccc23)c(S(=O)(=O)O)c1,False,0
C=CCCCCCCCCCCCC,True,230
c1ccc(SCCSc2ccccc2)cc1,True,5
CC(O)C#N,True,112
Cc1ccc2nc(-c3ccc(N)cc3)sc2c1S(=O)(=O)O,True,1
CSC(C)(C)/C=N\O,False,0
CC1CCCC(C)N1CCCC(O)(c1ccccc1)c1ccccn1,False,0
CNC(=O)NO,True,11
CC(=O)OC1CC(C)OC(C)O1,True,4
NN(c1ccccc1)c1ccccc1,True,81
O=C(NC(CO)C(O)c1ccc([N+](=O)[O-])cc1)C(Cl)Cl,True,1
Cn1c2ccccc2c2ccc([N+](=O)[O-])cc21,False,0
C=CCOC(=O)CCCCCCCC,False,0
CC(=O)NO,True,543
O=S1(=O)c2cccc3ccc4c5ccccc5cc1c4c23,True,3
c1ccc(-c2ccccc2)cc1,True,3273
NCc1cccc(CN)c1,True,123
C=CCNC(N)=O,True,67
CC(=O)c1cccc([N+](=O)[O-])c1,True,41
Nc1cccc2ncccc12,True,120
c1ccc2c3c4c(cc5ccccc5c4cc2c1)[C@@H]1O[C@H]31,False,0
C=C[C@@H](O)c1ccc2c(c1)OCO2,False,0
CC(C)CCOC(=O)/C=C\c1ccccc1,False,0
CCCCOC(=O)CC(CC(=O)OCCCC)(OC(C)=O)C(=O)OCCCC,True,276
Cc1ccc(N)c(C)c1,True,313
c1ccc2c(c1)cc([C@@H]1CO1)c1ccccc12,False,0
CC(C)=CC=O,True,439
[O-][n+]1c2ccccc2nc2ccccc21,True,15
Clc1ccc(COC(Cn2ccnc2)c2ccc(Cl)cc2Cl)cc1,True,345
CC(C)(C)c1ccc(O)c(O)c1,True,209
Clc1cccc2cc3ccccc3cc12,True,18
O=c1c(O)c(-c2ccccc2)oc2cc(O)cc(O)c12,True,1298
O=C(O)c1cc(I)cc2cccnc12,False,0
c1cnc2cnncc2c1,True,4
O=[N+]([O-])c1cc2c(cc3ccc4cccc5ccc2c3c45)o1,True,6
CCc1cc(C(N)=S)ccn1,True,643
COc1ccc2c(ccc3c4c(ccc32)C(C)=CC4)c1,False,0
O=C1OCC(CBr)=C1Br,False,0
C=C(CC)C(=O)c1ccc(OCC(=O)O)c(Cl)c1Cl,True,1186
CC(C)=CCl,True,60
O=C(Cl)Cc1ccccc1,True,165
CC(=O)Nc1nc(NC(C)=O)nc(-c2ccc([N+](=O)[O-])o2)n1,False,0
NC(N)=O,True,23726
O=C(O)/C=C/Cl,True,69
CC/C=C/C=C/C=C/C=C/C=C/OCC(O)CO,False,0
Cc1c(N)cccc1N=Nc1cccc(N)c1C,True,3
C/C=C\C=C/C(=O)O,True,2
NC(CSC(Cl)=CCl)C(=O)O,True,6
Nc1[nH]cnc2nc(-c3ccc([N+](=O)[O-])cc3)nc1-2,False,0
CN(C)C#N,True,119
Nc1cccc2cc3c(nc12)CCCC3,True,45
ClC1C(Cl)C(Cl)C(Cl)C(Cl)C1Cl,True,817
Cc1ccc(Cl)cc1[N+](=O)[O-],True,8
CC(=O)CC(C)(C)O,True,344
OCc1ccc(C(F)(F)F)cc1,True,64
CC12C/C(=C/O)C(=O)CC1CCC1C2CCC2(C)C1CCC2(C)O,True,1
Nc1ccc(O)c2c1C(=O)c1ccccc1C2=O,True,23
CCCCOc1ccc2nc3cc(Cl)ccc3c(NCCCN(CC)CCCl)c2n1,False,0
C/C=C(/C)C(=O)O[C@H]1CCN2CC=C(COC(=O)[C@@](O)([C@H](C)OC)C(C)(C)O)[C@H]12,True,544
CC1CC2c3cccc4c3c(cn4C3CCCC3)CC2N(C)C1,False,0
CC(O)CN(C)N=O,True,3
Cc1ccc2c(c1)C(C)C1C(=Nc3ccccc31)N2C,False,0
Nc1c(Br)cc(Br)c2c1C(=O)c1ccccc1C2=O,True,9
O=[N+]([O-])c1ccc(/C=N/c2snc3ccccc23)cc1,False,0
Cc1ccc(S(=O)(=O)N2C3c4ccccc4-c4ccccc4C32)cc1,False,0
O=NN1CCSC1C(O)C(O)C(O)CO,False,0
CC1(C)CC2C(O)(C=C(C=O)C34CC23C(=O)OC4O)C1,False,0
O=c1[nH]c(=O)n(C2CC(O)C(CO)O2)cc1Br,False,0
Nc1ccc2cc3ccc(N)cc3nc2c1,True,497
O=CNc1ccc(Oc2ccc(Cl)cc2)cc1,False,0
CN(C)CCNC(=O)c1cccc2c1ncc1ccccc12,True,2
Cc1cc(O)c2c(c1)C(=O)c1cc(O)cc(O)c1C2=O,True,3594
CN(N)C=O,True,141
CCCn1cc2c3c(cccc31)C1C=C(C)CN(C)C1C2,False,0
C1=CC23CCCC2(C=C1)O3,True,1
CNc1ccc(O)cc1,True,128
C[C@@H](Nc1[nH]cnc2nc(-c3ccc(CCl)cc3)cc1-2)c1ccccc1,False,0
CC(=O)Nc1ccc(/C=C/C(=O)c2ccccc2)cc1,True,2
CCCCCCCC/C=C/CCCCCCCCCCCC(=O)NCCCCCCCCCCCCCCCCCC,False,0
CN(C)C(=O)N(C)C=O,True,1
CCCCCCCC(=O)/N=c1\sn(C(=O)CCCCCCC)c2ccc([N+](=O)[O-])cc12,False,0
Cc1c(C(=O)NCCO)[n+]([O-])c2ccccc2[n+]1[O-],True,11
CCC(C)ON=O,True,39
O=C(O)CCC(=O)Nc1ccc(Cl)cc1,True,10
Cc1cnc2ccc3c(nc(NS(=O)(=O)O)n3C)c2n1,True,1
CC=CCC=O,True,14
O=[N+]([O-])c1ccc2c3c([N+](=O)[O-])ccc4cccc(c5cccc1c52)c43,False,0
c1ccc2ncccc2c1,True,6423
CCN(CC)CCC[C@@H](C)Nc1cc(OC)cc2cccnc12,False,0
Cc1ncc[nH]1,True,637
Cc1ccccc1N=Nc1ccc(N=Nc2c(O)ccc3ccccc23)c(C)c1,True,201
O=c1[nH]c(=O)[nH]c(=O)[nH]1,True,1280
CCCCC(CC)COC(=O)c1ccc(C(=O)OCC(CC)CCCC)c(C(=O)OCC(CC)CCCC)c1,True,48
O=C1C=C[C@]2(O)c3c(ccc(O)c31)-c1ccc(O)c3c1[C@H]2[C@H]1O[C@H]1C3=O,False,0
CC(=O)Nc1cc(N(C)C)ccc1N=Nc1cccnc1,False,0
CC(=O)OCCOCCOCCOC(C)=O,True,24
CN(C)N=Nc1ccc([N+](=O)[O-])cc1,True,5
CCCCCCCCCCCCCO,True,211
CC1(C)CC2=C(C=O)C3(C=O)CC3(C)C(O)C2(O)C1,False,0
C[C@@H](O)CN(C[C@@H](C)O)N=O,False,0
c1ccc2c(c1)COC2,True,175
CNC,True,2914
CC(C)N(N)C(C)C,False,0
Cn1c(NO)nc2c3cccnc3ccc21,True,33
COc1cc2c(cc1O)CCN[C@]21CSC2c3c(OC(C)=O)c(C)c4c(c3[C@H](COC1=O)N1[C@@H](O)[C@@H]3Cc5cc(C)c(OC)c(O)c5[C@H]([C@H]21)N3C)OCO4,False,0
Cc1ccc2ccc3cc4ccccc4c4ccc1c2c34,True,28
CCOC(=O)C(CCc1ccccc1)NC(C)C(=O)N(CC(=O)O)C1Cc2ccccc2C1,False,0
Cn1sc(Cl)cc1=O,True,109
ClNc1ccc2c(c1)Cc1ccccc1-2,True,6
O=NN1CSCC1C(=O)O,True,149
O=[N+]([O-])c1cc2ccc3cc4ccccc4c4ccc(c1)c2c34,True,2
COc1ccc(O)c2c(=O)c3c(OC)cc4c(c3oc12)C1CCOC1O4,True,15
CCCCC(S)(CCC)CCCC,False,0
C[C@H]1CO1,True,109
O=C1C(=O)C(O)C1=O,False,0
O=[N+]([O-])c1ccc2c(c1)cc([N+](=O)[O-])c1ccc([N+](=O)[O-])cc12,True,1
CS(=O)(=O)OCCCNCCCOS(C)(=O)=O,False,0
O=[N+]([O-])c1cc(C(F)(F)F)ccc1Cl,True,10
c1ccc(Nc2ccc(Nc3ccccc3)cc2)cc1,True,116
CC/C=C/C=C/C=C/C=C/C=C/C=C/OCC(O)CO,False,0
O=CC(=O)c1ccccc1,True,1070
CC(C)(C)N(CCO)CCO,True,10
NC=O,True,3984
CCCC(=O)OC1CCCCC1,True,9
c1ccc2c(c1)CCC1CCCC3OC213,False,0
Nc1nc(O)c2nc(CNc3ccc(C(=O)N[C@@H](CCC(=O)O)C(=O)O)cc3)cnc2n1,True,44
CCN(CC)CCO,True,132
Cc1cc(-c2ccccc2C)ccc1N,True,31
CN(C)CNc1nnc(/C=C/c2ccc([N+](=O)[O-])o2)o1,False,0
CC(=O)N1CNC(=O)N(C(C)=O)C1=O,False,0
C=C1CCC(O)CC1=CC=C1CCCC2(C)C1CCC2C(C)CCCC(C)C,False,0
CCOP(=O)(OCC)O/C(=C\Br)c1ccc(Cl)cc1Cl,False,0
Nc1ncnc2c1ncn2C1OC(CO)C(O)C1O,False,0
Fc1ccc(CN2C3c4ccccc4-c4ccccc4C32)cc1,False,0
C=Cc1ccccc1,True,11410
C=C1CC23CCC4C(C)(C(=O)O)CCCC4(C)C2CCC1C3,False,0
Cc1ccc2nsc(NC(=O)CCl)c2c1,False,0
CCCCCCCCCCCCCC(=O)O,True,5933
Oc1nncc2ccccc12,True,155
CCC1OC1c1ccccc1,True,2
CC[C@@H](C)Nc1ccc(N[C@H](C)CC)cc1,False,0
CCOC(=O)CC(C)O,True,234
COc1cc(NS(C)(=O)=O)ccc1Nc1c2ccccc2nc2cc(N=[N+]=[N-])ccc12,True,3
O=[N+]([O-])c1ccc2c(c1)c([N+](=O)[O-])cc1c([N+](=O)[O-])cccc12,True,1
NC(=O)CN1CC(O)CC1=O,True,141
CC(COC(=O)c1ccccc1)(COC(=O)c1ccccc1)COC(=O)c1ccccc1,False,0
Cc1ccc2c(c1Nc1ccccc1)C(=O)c1ccccc1C2=O,False,0
CC(=O)c1ccccn1,True,292
CC1(CO)C(O)CCC2(C)C1CCC1CC3CC12CCC3(O)CO,False,0
O=[N+]([O-])c1ccc(Oc2ccc(N=C=S)cc2)cc1,True,17
CN(C)C(c1ccccc1)(c1ccccc1)N(C)C,False,0
CC(=O)NNc1ccccc1,True,85
CC(=O)Nc1ccc(Cc2ccc(NC(C)=O)cc2)cc1,True,2
CCC(=O)n1ncc(Cl)c(Cl)c1=O,False,0
COc1ccc(C2OC2C)cc1,True,4
CN(N=O)c1cccnc1,False,0
COc1cc(N)ccc1NC(C)=O,True,1
BrCc1ccccc1,True,2385
Cc1cccc(NS(=O)(=O)c2cccc3cccnc23)c1,False,0
Nc1ccc2nc3c(N)cccc3nc2c1,True,1
CC(O)/C=C/C=O,True,18
Nc1cc(Cl)cc(Cl)c1,True,305
CC(C)(C)c1cc(Cc2cc(C(C)(C)C)c(O)c(C(C)(C)C)c2)cc(C(C)(C)C)c1O,True,10
C=C(C)C(C)=O,True,87
CCCCCCCCCCCCS,True,705
CN(C)c1ccc(C2CC3(C)C(CCC3(O)C=CCO)C3CC=C4CC(=O)CCC4=C23)cc1,False,0
CC(=O)C(N=Nc1ccc(-c2ccc(N=NC(C(C)=O)C(=O)Nc3ccccc3)c(Cl)c2)cc1Cl)C(=O)Nc1ccccc1,False,0
Cc1cc2nc3ccc(N(C)C)cc3[s+]c2cc1N,False,0
CCOc1cccc([N+](=O)[O-])c1,False,0
C1O[C@H]1[C@@H]1CC[C@@H]2O[C@@H]2C1,False,0
CCl,True,837
N#Cc1ccc([N+](=O)[O-])cc1,True,168
Cc1cc(N)c([N+](=O)[O-])c(C)c1N,True,3
Cc1cc([N+](=O)[O-])c(C)c2c1[nH]c1ccc(O)cc12,False,0
CCCCC(CC)COS(=O)(=O)O,False,0
O=c1ccc2cc3c4c(c2o1)CCCN4CCC3,False,0
Nc1snc2ccc([N+](=O)[O-])cc12,False,0
CCCCCCCCCCCCOC(=O)CCSCCC(=O)OCCCCCCCCCCCC,True,66
CC(=O)NC1=NC(c2ccc([N+](=O)[O-])o2)=NOC1,False,0
O=NN1CCNCC1,True,75
CN(C)OC(=O)COc1ccc(Cl)cc1Cl,False,0
Cc1cc(O)c(C(C)(C)C)cc1Sc1cc(C(C)(C)C)c(O)cc1C,True,9
C[C@H]1CCCN(N=O)C1,False,0
Nc1cc(CCO)c(N)c([N+](=O)[O-])c1,True,2
O=[N+]([O-])c1cc2ccccc2c2c([N+](=O)[O-])cccc12,True,2
Nc1ccc(F)cc1,True,387
O=C(O)c1cc2c(c3c1c([N+](=O)[O-])cc1c(O)cccc13)OCO2,True,157
CCc1nc(N)nc(N)c1-c1ccc(Cl)cc1,True,1393
COc1cc2c(c3oc(=O)c4c(c13)CCC4=O)C1CCOC1O2,False,0
CC/C=C1\OC(=O)c2ccccc21,True,1
CC(C)(C)OC(=O)NN=Cc1c[n+]([O-])c2ccccc2[n+]1[O-],False,0
Cc1ccc2cc([N+](=O)[O-])ccc2c1,False,0
O=C1CCC(=O)N1c1ccc(Cl)c(Cl)c1,False,0
O=C1c2c(O)ccc(Nc3ccc(CCO)cc3)c2C(=O)c2c([N+](=O)[O-])ccc(O)c21,False,0
OCc1ccc2c(c1)-c1cccc3cccc-2c13,True,3
O=[N+]([O-])c1ccccc1SSC(F)=C(Cl)Cl,True,2
O[C@H](CBr)[C@H](O)[C@H](O)[C@@H](O)CBr,False,0
OCC(CO)(CCBr)CCBr,True,3
C[C@@H](O)CN(C)N=O,False,0
Cc1c2ccccc2cc2c3c(ccc12)C(=O)C(=O)C=C3,True,2
CCCCCCCCCCCCCCCCCCCCCCCCCCCCO,True,593
Oc1ccc(O)c2c(O)c3ccccc3c(O)c12,True,1
C=CCC1(C(C)C#CCC)C(=O)NC(=O)N(C)C1=O,True,137
CC1=C(/C=C/C(C)=C/C=C/C(C)=C/C=C/C=C(C)/C=C/C=C(C)/C=C/C2=C(C)C(=O)CCC2(C)C)C(C)(C)CCC1=O,True,1213
Nc1ccc2ncccc2c1,True,88
C=C(C)C1CCC2(C)OC2C1,True,126
CCOC(=O)C(C#N)c1snc2c([N+](=O)[O-])cccc12,False,0
Oc1cc(O)ncn1,True,121
Clc1c2ccccc2cc2c1ccc1ccccc12,True,69
CC1=C(C(=O)Nc2ccccc2)SCCO1,True,290
CC(=O)OC1Cc2c(C)ccc3cc4c(ccc5ccccc54)c1c23,True,3
O=[N+]([O-])O[C@H]1CO[C@H]2[C@@H]1OC[C@H]2O[N+](=O)[O-],True,426
CC(C)C(O)(C(=O)OCC1=CCN2CCC(O)C12)C(C)O,True,145
O=CC(O)C(O)C(O)C(O)CO,False,0
CCCCN(CCC(C)O)N=O,True,6
Cc1cc2ccccc2c2cc3c(cc12)C=CC(O)C3O,False,0
CCCCCCCCn1sccc1=O,True,63
Cc1cc([N+](=O)[O-])cc2ccccc12,False,0
Cc1nc2cc(Cl)ccc2[nH]1,False,0
NC(=O)Nc1cccc2cccnc12,True,3
Nc1cc(Cl)c(-c2cc(Cl)c(N)cc2Cl)cc1Cl,True,8
O=c1c2ccc3c4c(ccc(c24)c2nc4ccccc4n12)c(=O)n1c2ccccc2nc31,False,0
O=[N+]([O-])c1cc(NS(=O)(=O)c2cccc3cccnc23)ccc1Cl,False,0
CC1=C(/C=C\C(C)=C/C=C\C(C)=C/CO)C(C)(C)CCC1,False,0
CCCC[C@@H](CC)COC(=O)C(C#N)=C(c1ccccc1)c1ccccc1,False,0
Cc1nccc2c1[nH]c1ccccc12,True,96
CCCCON(OC(C)=O)C(=O)c1ccc(OC)cc1,False,0
C=C(Br)CBr,True,63
C=COC(C)=O,True,1454
C1=CC2OC2c2ccc3c4c5c(cccc5cc3c21)C=C4,False,0
c1ccc(C2CO2)cc1,True,1391
CN(C)CC/C=C1\c2ccccc2COc2ccccc21,True,608
Cc1cc2c(nc(N)n2C)c2nc(-c3ccccc3)cnc12,False,0
CC(C)C(C(=O)OC(C#N)c1cccc(Oc2ccccc2)c1)c1ccc(Cl)cc1,True,660
CC1=CC(=O)c2c(O)cccc2C1=O,True,1025
CCCCCC=[N+]([O-])O,False,0
Cc1ccccc1NS(=O)(=O)c1cccc2cccnc12,False,0
O=C(O)[C@]1(O)C[C@H](O)[C@@H](O)[C@H](O)C1,False,0
O=[N+]([O-])c1c2c(cc3ccccc13)C(O)C(O)C=C2,False,0
COc1ccc2nc3cc(Cl)ccc3c(NCCCNCCCl)c2c1,True,2
CCCCCOC(=O)/C=C/c1ccc([N+](=O)[O-])o1,False,0
COC(=O)Nc1nc2cc(C(=O)c3ccc(F)cc3)ccc2[nH]1,False,0
OC1CC=Cc2c1cc1ccc3cccc4ccc2c1c34,False,0
O=C(O)C(Cl)(Cl)Cl,True,11817
O=[N+]([O-])c1cc2ccc(N(CCCl)CCCl)cc2o1,True,1
Clc1ccc(C(Cl)(Cl)Cl)cc1Cl,True,7
O=[N+]([O-])C(Br)(Br)Br,True,87
N=NC1=NNC=C2C=CC=CC21,False,0
Cc1ccc(NC(=O)CBr)cc1,True,1
O=C1c2ccccc2C(=O)c2c(OC3OC(CO)C(O)C(O)C3O)ccc(O)c21,False,0
CNC(=O)Oc1cccc2c1OC(C)(C)C2,True,1641
Nc1nc(N)c2nc(-c3ccccc3)c(N)nc2n1,True,360
O=[N+]([O-])c1ccc(-n2nc(-c3ccccc3)n[n+]2-c2ccc(I)cc2)cc1,False,0
COc1ccc2c(c1OC)C(=O)OC2C1c2cc3c(cc2CCN1C)OCO3,False,0
NC(Cc1ccc(O)c(O)c1)C(=O)O,True,129
O=C(O)c1cccc(Cl)c1,True,317
O=C(ON(OCc1ccccc1)C(=O)c1ccccc1)c1ccc(Cl)cc1,False,0
c1ccc2nccnc2c1,True,1579
O=[N+]([O-])c1ccc(/C=C/c2cccc(Cl)c2)cc1,False,0
CC(C)(C)C1=CC(=CC=C2C=C(C(C)(C)C)C(=O)C(C(C)(C)C)=C2)C=C(C(C)(C)C)C1=O,False,0
CCCCCCCCCCC1CO1,True,38
CC1(C(N)=O)CO1,False,0
CC(C)CC(NC(=O)C(Cc1ccccc1)NC(=O)CNC(=O)CN)C(=O)O,False,0
C1=Cc2c3ccccc3cc3cccc1c23,True,90
C1=COc2c(c3cc4ccccc4cc3c3ccccc23)C=C1,False,0
CN(N=O)C(=O)c1c(N(C)N=O)ncn1C,True,19
CC(=O)c1ccc(S(=O)(=O)NC(=O)NC2CCCCC2)cc1,True,188
Cc1ccc2c(c1)-c1cc3ccccc3c3cc4ccccc4c-2c13,True,1
c1ccc2sc(SSc3nc4ccccc4s3)nc2c1,True,18
O=Nc1ccc2ccccc2c1,True,21
C1=Cc2c3ccc4ccccc4c3cc3cccc1c23,True,25
COc1cc(-c2ccc(N=Nc3c(S(=O)(=O)O)cc4cc(N)ccc4c3O)c(OC)c2)ccc1N=Nc1cc(S(=O)(=O)O)c2ccccc2c1O,False,0
C=C(C)C(=O)OCC(Br)CBr,True,6
Nc1ccc(Cl)c(N)c1,True,24
NC(=O)c1cnccn1,True,1365
Nc1cccc2nc3ccccc3c(N)c12,True,8
O=[N+]([O-])c1ccc2c(c1)NCC2,True,8
O=C1C=C2C(=CCO[C@H]2O)O1,False,0
CN(C)C1C(=O)C(C(N)=O)C(=O)C2(O)C(=O)C3C(=O)c4c(O)cccc4C(C)(O)C3C(O)C12,False,0
CCOc1ccc(NC(N)=O)cc1,True,66
C[C@@]12CCc3occc3C1CC[C@@]13CC(CCC12)C(O)(CO)C3,False,0
CCCCC(CC)COC(=O)COc1ccc(Cl)cc1Cl,True,23
c1cc2c3c(c1)cc1ccc4cccc5cc(c3c1c45)CC2,True,4
CCCCCOc1cccc(NC(=O)OC2CCCCC2N2CCCC2)c1,False,0
CC(C)=CCC1C(=O)C(=O)c2ccccc2C1=O,False,0
O=Nc1ccc2ccc3cc4ccccc4c4ccc1c2c34,True,7
CC1(C)SC2C(NC(=O)Cc3ccccc3)C(=O)N2C1C(=O)O,False,0
O=[N+]([O-])c1ccc2c3ccccc3c3cccc4ccc1c2c43,True,12
c1ccc(NNc2ccccc2)cc1,True,159
C/C(Cl)=C\C=O,True,2
CNCc1ccc(CSCCN=C(NC[C@H](O)c2ccc(O)cc2)NS(C)(=O)=O)o1,False,0
C#C[C@]1(OC(C)=O)CC[C@H]2[C@@H]3CCC4=CC(=O)CC[C@@H]4[C@H]3CC[C@@]21C,True,99
CN1CCN(c2c(F)cc3c(=O)c(C(=O)O)cn4c3c2OCN4C)CC1,True,109
CC(=O)OCc1ccc(N=Nc2ccc(COC(C)=O)cc2)cc1,False,0
CCN(CC)c1ccc([N+]#N)cc1,False,0
O=[N+]([O-])c1ccc2[nH]ccc2c1,True,359
OCC(O)c1oc(O)c(O)c1O,False,0
Nc1ccc2snc(Cl)c2c1,False,0
CNC(=O)/C=C/c1ccc([N+](=O)[O-])o1,False,0
O=Cc1ccc([N+](=O)[O-])cc1,True,1104
CN(CC(=O)NN)c1ccc2ccccc2c1,True,4
COC(=COC(N)=O)c1c(O)c(N2CC2)c(C)c(O)c1N1CC1,False,0
c1ccc2c(c1)ccc1cc3ccc4ccccc4c3cc12,True,64
O=C(Nc1ccc([N+](=O)[O-])cc1)c1csc([N+](=O)[O-])c1,False,0
N#CC(O)c1ccccc1,True,528
CC(C)CC1NC(=O)CNC1=O,True,6
Oc1cccc2cc3cccc(O)c3c(O)c12,True,49
COc1cc2c(c3oc(=O)c4c(c13)[C@@H](O)C[C@@H]4O)[C@@H]1C=CO[C@@H]1O2,False,0
NC(CC(=O)O)C(=O)O,True,64
COc1cc2c3c(c1)Oc1c(OC)c(OC)cc4c1[C@H](Cc1ccc(OC)c(c1)Oc1ccc(cc1)C[C@@H]3N(C)CC2)N(C)CC4,False,0
OC1C=Cc2cc3c(ccc4ccccc43)c(Cl)c2C1O,False,0
Cc1nc2ccc3c(nc(N)n3C)c2nc1C,True,47
CC(=O)OC(c1ccc2c(c1)OCO2)C1CO1,False,0
O=P(O)(OCC(Br)CBr)OCC(Br)CBr,False,0
O=C(O)C1OC1C(=O)O,True,7
Cc1c(N)cccc1N=[N+]([O-])c1cccc(N)c1C,True,3
CCCCCCCCCCCCCCCCC1CO1,True,26
CC(N)C(=O)O,True,298
CCN(C(=O)N(CC)c1ccccc1)c1ccccc1,True,9
CCCCC1C(=O)N(c2ccccc2)N(c2ccc(O)cc2)C1=O,True,162
O=[N+]([O-])c1cc2c(cc1O)[nH]c1ccccc12,True,2
O=[N+]([O-])c1cc2c3c(c1)CCc1cccc(c1-3)CC2,False,0
ClCc1cccnc1,True,31
O=C(OCc1ccccc1[N+](=O)[O-])c1ccccc1,True,7
O=C1CC2NCCCNCCCCN(CCCN1)C(=O)C1c3cc2ccc3OC1c1ccc(O)cc1,False,0
O=C/C=C/c1ccc([N+](=O)[O-])cc1,True,7
CCCC(=O)OCc1cccc([N+](=O)[O-])c1,False,0
COC(=O)[C@]12O[C@@]1(C)[C@@](C)(O)NC2=O,False,0
Oc1c2ccccc2cc2ccccc12,True,45
Cc1c(O)cccc1O,True,148
c1ccc(CSSCc2ccccc2)cc1,True,180
CC(C)CC=O,True,1542
C=[N+]([O-])O,True,128
CCOP(=S)(OCC)Oc1cnc2ccccc2n1,True,288
O=[N+]([O-])OCC(CO[N+](=O)[O-])(CO[N+](=O)[O-])CO[N+](=O)[O-],True,729
c1ccc2c(c1)-c1cc3ccc4ccccc4c3cc1C1NC21,False,0
Oc1ccc2ccccc2c1,True,1963
CC(C)NCC(O)COc1cccc2c1C=CC2,True,13
CC(=O)N(CC(O)CO)c1c(I)c(C(=O)NCCO)c(I)c(C(=O)NCC(O)CO)c1I,True,107
C=CCN(CC=C)c1cc(NC(C)=O)c(N=Nc2c(Br)cc([N+](=O)[O-])cc2[N+](=O)[O-])cc1OC,False,0
Cc1coc2c1CCC(C)C2,True,281
COC1=CC(=O)CC(C)C12Oc1c(Cl)c(OC)cc(OC)c1C2=O,False,0
CC1(C)C2CCC3(CO3)C1C2,True,61
CCCC(=O)Nc1snc2ccc(Cl)cc12,False,0
CC(=O)C1=C(C(C)(C)C)C(=O)C(C(C)(C)C)=C1,False,0
O=C1CN(CCCN2CC(=O)NC(=O)C2)CC(=O)N1,False,0
CSCCC(NC(=O)C(N)Cc1c[nH]c2ccccc12)C(=O)NC(CC(=O)O)C(=O)NC(Cc1ccccc1)C(N)=O,False,0
CCC(C)C,True,821
COc1ccc(CNC(=O)C(C)Br)cc1OC,False,0
Oc1ccc(O)c2ccccc12,True,140
O=C(O)c1cn(-c2ccc(F)cc2)c2cc(N3CCNCC3)c(F)cc2c1=O,True,36
[N-]=[N+]=NCC(O)Cn1ccc(N)nc1=O,False,0
Cc1ccc2[nH]c(N)nc2c1,False,0
CC(C)C[C@@H](C)Nc1ccc(Nc2ccccc2)cc1,False,0
CN(N=O)C(=O)NC(C=O)C(O)C(O)C(O)CO,True,2
CC1(C)CC(O)CC(C)(C)N1O,True,13
Cc1c2ccccc2c(C)c2c3c(ccc12)C(=O)C(=O)C=C3,True,8
C1=Cc2c(cc3ccc4cccc5ccc2c3c45)CC1,True,44
CN(C)NC(=O)CCC(=O)O,True,116
O=[N+]([O-])c1cc([N+](=O)[O-])cc([N+](=O)[O-])c1,True,546
c1cc2c3c(cccc3c1)[C@H]1N[C@@H]21,False,0
O=S1(=O)OC2(c3ccccc31)c1cc(Br)c(O)c(Br)c1Oc1c2cc(Br)c(O)c1Br,False,0
C/C=C(\C)C(=O)OC1CCN2CC=C(CO)C12,False,0
O=C1NC(=O)C(O)(O)C(=O)N1,True,24
CC(N)Cc1ccccc1,True,7321
O=c1c2cccc3ccc4cccc1c4c32,True,10
Nc1nc(O)c2ncn(C3OC(COP(=O)(O)O)C(O)C3O)c2n1,False,0
COC(=O)c1oc(N(O)C(C)=O)c(-c2ccccc2)c1-c1ccccc1,False,0
Cc1cc2c(C(C)C)c(O)c(O)c(C=O)c2c(O)c1-c1c(C)cc2c(C(C)C)c(O)c(O)c(C=O)c2c1O,True,1776
Cc1cccc(N=Nc2c(O)ccc3ccccc23)c1C,True,2
O=NN1CCSC1CO,True,6
Nc1ccccc1,True,8783
O=C(O)CN(CC(=O)O)CC(=O)O,True,1253
O=C(OCCBr)C(O)C(O)C(=O)OCCBr,False,0
O=C(CO)N(O)c1ccc(Cl)cc1,True,1
C[C@H]1CCOS(=O)(=O)O1,False,0
CC(=O)NC(CSC(Cl)=C(Cl)C(Cl)=C(Cl)Cl)C(=O)O,False,0
Clc1ccc(Br)cc1,True,155
OC[C@H](O)CI,False,0
O[C@H]1C=Cc2cc3c(cc2[C@@H]1O)-c1cccc2cccc-3c12,False,0
C=CCc1ccccc1OCC(O)CNC(C)C,True,484
CN1CCC(=C2c3ccccc3C=Cc3ccccc32)CC1,True,904
O=[N+]([O-])c1ccc2c(c1)CCc1cc([N+](=O)[O-])ccc1-2,False,0
C=CC(=O)OC[C@H](CC)CCCC,False,0
C1CSCN1,True,831
CC12CCC3C(CCC4CC(OC(=O)/C=C/c5cccc(N(CCCl)CCCl)c5)CCC43C)C1CCC(=O)N2,False,0
O=[N+]([O-])c1ccc2ncccc2c1,True,36
Oc1c(Br)cc(Br)cc1Br,True,773
Nc1ccc(N)c([N+](=O)[O-])c1,True,127
CN(C)CCCl,True,125
O=[N+]([O-])c1ccc2ccc3c4c(cc5ccc1c2c53)[C@@H](O)[C@H](O)C=C4,False,0
Cc1cc(C(=C2C=CC(=N)C=C2)c2ccc(N)cc2)ccc1N,False,0
Cc1ccc(N)c([N+](=O)[O-])c1,True,35
CCN(CCCl)CCCNc1c2ccccc2nc2ccccc12,False,0
Nc1ccccc1C(=O)CC(N)C(=O)O,True,3389
COC(=O)/C(C#N)=C/c1ccco1,False,0
Cc1cccc(N)c1C,True,151
O=C(O)c1ccc(N=Nc2ccc(O)c(C(=O)O)c2)cc1,True,5
O=C(Cl)c1ccccc1,True,1713
COC(=O)[C@]12O[C@@]1(C)[C@](O)(C(C)C)NC2=O,False,0
CCN=[N+](C)[O-],True,26
CCNS(=O)(=O)c1ccc(C)cc1,True,35
COc1cc(CNC(=O)CCCCCCC(C)C)ccc1O,True,595
CC(=O)OCc1c2ccccc2c2ccc3cccc4ccc1c2c43,True,6
CCCCCCCCCCCCCCCC(=O)OC/C=C(C)/C=C/C=C(C)/C=C/C1=C(C)CCCC1(C)C,True,141
O=C(c1ccccc1)C1OC1c1ccc(Oc2ccccc2)cc1,False,0
O=C(Nc1ccc(F)cc1)c1csc([N+](=O)[O-])c1,False,0
O=[N+]([O-])c1ccc2c(c1)cc([N+](=O)[O-])c1ccccc12,True,3
SCc1ccccc1,True,610
CC(=O)Nc1ccc(Oc2ccc(N(OC(C)=O)C(C)=O)cc2)cc1,False,0
NCCNCCO,True,121
CC(=O)Nc1ccc(Nc2ccc([N+](=O)[O-])cc2)cc1,False,0
CCCCOP(=O)(OCCCC)Oc1ccccc1,True,11
CCCCOc1ccc2nc3cc(Cl)ccc3c(NCCCNCCCl)c2n1,False,0
CC(OP(=O)(OC(C)C(Br)CBr)OC(C)C(Br)CBr)C(Br)CBr,True,2
CC1C(O)CCC2=CC(=O)C3(C4OC4CO)OC3C21C,False,0
Cc1cc(Cl)ccc1O,True,228
O=[N+]([O-])c1ccccc1/C=C/c1ccccn1,False,0
OCCN1CN(CCO)CN(CCO)C1,True,14
CC(CC=O)c1ccc(C(C)(C)C)cc1,False,0
Oc1ccc(Cl)cc1,True,1670
c1ccc2cc3c(ccc4cccnc43)cc2c1,True,7
O=C(O)c1cccc([N+](=O)[O-])c1,True,209
O=[N+]([O-])c1ccc2c(c1)nc(/C=N/OCc1ccccc1[N+](=O)[O-])n2Cc1ccccc1,False,0
O=[N+]([O-])c1ccc(N=Nc2ccccc2)cc1,True,70
O=C(O)/C=C\C(=O)O,True,1394
C1CCC(C(C[C@H]2CCCCN2)C2CCCCC2)CC1,False,0
COc1cc(/C=C/C(=O)OC2CCC34CC35CCC3(C)C(C(C)CCC=C(C)C)CCC3(C)C5CCC4C2(C)C)ccc1O,True,1
[O-][n+]1c2ccccc2c2ccc3cccc4ccc1c2c34,True,5
COc1cc2c(c3oc(=O)c4c(c13)C(O)CC4=O)C1C=COC1O2,False,0
COc1cc2c(c3oc(=O)c4c(c13)CCC4=O)C1C(O2)OC2OC21,False,0
COP(=O)(OC)[C@H](O)C(Cl)(Cl)Cl,False,0
c1cc2ccc3cc4c(c5ccc(c1)c2c35)CCC1OC41,True,2
OC1C2=C(C3OC3C1O)C1c3cccc4cccc(c34)C1C=C2,False,0
BrC[C@@H](Br)[C@@H]1CC[C@@H](Br)[C@@H](Br)C1,False,0
O=C(c1ccccc1)[C@H]1O[C@@H]1c1ccccc1,False,0
N#C/C(=C\C=C\c1ccccc1)c1ccc(F)cc1,False,0
N#Cc1ccc(/C=C/c2ccc([N+](=O)[O-])cc2)cc1,True,1
Cc1ccc(N)cc1O,True,56
OC1c2ccc3c(ccc4ccccc43)c2C2OC2C1O,True,11
O=C1OC(O)C(C(Br)Br)=C1Cl,True,7
Cc1ccc(C(C)(C)C)c(O)c1C(O)c1ncc([N+](=O)[O-])n1C,False,0
O=P(OC(CCl)CCl)(OC(CCl)CCl)OC(CCl)CCl,True,554
COC(=O)c1ccccc1O,True,2453
CCN(CC)CCNc1ccc2nc(C)n3c4ccc(O)cc4c(=O)c1c23,True,1
c1ccc2cc3c(ccc4ccccc43)cc2c1,True,2105
O=C1CCC(=O)N1c1ccc(Cl)cc1,True,3
c1ccc2c(c1)ccc1cc3c(cc12)c1c(c2ccccc23)O1,True,2
OCC1COC(CCI)O1,False,0
CC(=O)N1CCCC1C(=O)N(CC(=O)O)N=O,False,0
C1CCC2(CC1)CO2,True,9
O=[N+]([O-])c1ccc(-c2nc(N3CCOCC3)c3ccccc3n2)s1,True,1
Cc1ccncc1,True,580
Oc1ccc(/C=N/n2nnc3c4ccccc4nc-3c2O)cc1,False,0
C=C(C)C(=O)OCCOCCOCCOC(=O)C(=C)C,True,1581
COC(=O)c1cc(Oc2ccc(Cl)cc2Cl)ccc1[N+](=O)[O-],True,50
c1cc2cc3c4c(ccc5cc6c(c1CCC6)c2c54)CCC3,True,1
OC1CC23C=CC=CC2(C1)O3,False,0
NC(Cc1c[nH]c2ccc(O)cc12)C(=O)O,True,49
CCn1cc(C(=O)O)c(=O)c2cc(F)c(N3CCN(C)CC3)cc21,True,423
CC1(C)CCCC2(C)C(C=O)C(C=O)=CCC12,False,0
CCOP(C)(=O)SCCN(C(C)C)C(C)C,True,406
Nc1nc(-c2ccc([N+](=O)[O-])s2)cs1,False,0
O=c1n(CCO)c(=O)n(CCO)c(=O)n1CCO,True,6
COc1c(Cl)ccc2oc3cc4c(c(OC)c3c(=O)c12)C1C=COC1O4,False,0
[O-][n+]1c2ccc3ccccc3c2cc2c3ccccc3ccc21,False,0
CCCCN(CC(O)C1=CC(=[N+]=[N-])C(=O)C=C1)N=O,False,0
Oc1cc(Cl)cc(Cl)c1,True,155
O=C1C=CC(=O)c2c(O)c(Cl)c(Cl)c(O)c21,False,0
N#CC(C#N)=Cc1ccccc1Cl,True,248
CNC1CCc2cc(OC)c(OC)c(OC)c2-c2ccc(OC)c(=O)cc21,False,0
O=[N+]([O-])c1ccc2nscc2c1,True,1
O=[N+]([O-])c1ccc(/C=N/n2nnc3c4ccccc4nc-3c2O)cc1,False,0
Nc1cccc2cc3ccccc3cc12,True,136
Cc1nc2c(ccc3ccc4ccc(O)cc4c32)[nH]1,True,1
Cc1ccccc1N=Nc1c(O)ccc2ccccc12,True,4
O=S(c1cc(Cl)cc(Cl)c1O)c1cc(Cl)cc(Cl)c1O,True,2
Oc1ccc2cc3c4ccccc4c4ccccc4c3cc2c1,False,0
CCCCCCCC/C=C\CCCCCCCC(=O)OC,True,979
CNC1CC(OC2CC(O)(C(C)=O)Cc3c(O)c4c(c(O)c32)C(=O)c2c(OC)cccc2C4=O)OC(C)C1O,False,0
Cc1oc(=O)oc1CN1CCN(c2cc3c(cc2F)c(=O)c(C(=O)O)c2n3C(C)S2)CC1,True,33
O=C(CBr)NCc1ccccc1,True,6
O=S1OC[C@H]2[C@H](CO1)[C@@]1(Cl)C(Cl)=C(Cl)[C@]2(Cl)C1(Cl)Cl,False,0
CN1C(=O)C(O)CC1c1cccnc1,False,0
O=C(C(Cl)Cl)C(Cl)Cl,True,24
O=C(c1ccc(Br)cc1)C1OC1c1ccccc1,False,0
C1CC2OC2CCC2OC12,True,2
O=C(O)c1ccc([N+](=O)[O-])cc1,True,610
Nc1c(O)cccc1C(=O)CC(N)C(=O)O,True,872
CC(=O)OC(C)=O,True,9877
Nc1ccc2nc3ccccn3c2n1,True,100
c1cnc2c(c1)ccc1cc[nH]c12,True,64
[O-][N+](O)=C=Cc1ccccc1,False,0
C=CCC1C(=O)CC(OC(=O)C2C(C=C(C)C)C2(C)C)=C1C,False,0
OCC=CCl,True,55
Nc1ccc([N+](=O)[O-])cc1O,True,167
C=C1C(=O)OC2CC(C)C3C=CC(=O)C3(C)C(O)C12,False,0
OC1=c2c(O)cc3cccc4ccc(c2c43)C23CCCCC12O3,False,0
CC(O)CN(CC(C)O)N=O,True,190
c1ccc2c(c1)-c1cc3ccccc3c3cc4ccccc4c-2c13,True,23
CCc1ccccc1O,True,397
CC(=O)OCc1c2ccccc2cc2ccc3ccccc3c12,False,0
CC(=O)Nc1ccc(Sc2ccccc2)cc1,False,0
c1ccc2c(c1)ccc1ccccc12,True,5887
COc1cccc2c1C(=O)c1c(O)c3c(c(O)c1C2=O)C[C@@](O)(C(=O)CO)C[C@@H]3O[C@H]1C[C@H](N2CCOC[C@H]2C#N)[C@H](O)[C@H](C)O1,False,0
CCOCN(C(=O)CCl)c1c(C)cccc1CC,True,810
CCOC(=O)C[C@H](SP(=S)(OC)OC)C(=O)OCC,True,15
CN=NO,True,2
NC(CSC(F)(F)C(F)F)C(=O)O,False,0
O=c1ccc2c(cc3ccc4cccc5ccc2c3c45)c1=O,True,287
Cc1cccc(Nc2cc(Cl)nc(SCC(=O)O)n2)c1C,True,37
O=C(Nc1ccccc1[N+](=O)[O-])c1csc([N+](=O)[O-])c1,False,0
O=C(Cl)c1ccccc1[N+](=O)[O-],True,118
O=[N+]([O-])c1ccc(N=Nc2ccc(N(CCO)CCO)cc2)c([N+](=O)[O-])c1,False,0
OC1C=Cc2c(ccc3c2-c2cccc4cccc-3c24)C1O,True,1
CS(=O)(=O)O,True,1548
O=C(O)C1=NN(c2ccc(S(=O)(=O)O)cc2)C(=O)C1N=Nc1ccc(S(=O)(=O)O)cc1,True,3
O=C(CCCl)/N=c1\sn(C(=O)CCCl)c2ccc([N+](=O)[O-])cc12,False,0
CC1(C)C2CCC1(C)C(O)C2,True,2180
CC(=O)CC(=O)Nc1ccc(C)cc1,True,5
CC(C)CCCCCCCOP(=O)(Oc1ccccc1)Oc1ccccc1,True,14
O=Nc1ccc(-c2ccccc2)cc1,True,40
O=C1C(Cl)=C(Cl)C(=O)c2ccccc21,True,282
O=C(O)CCCc1c[nH]c2ccccc12,True,713
CC(c1ccccc1)N(C)C,True,79
COc1cc(O)c2c(c1)C(=O)c1c(O)c(C)cc(O)c1C2=O,True,113
ClCc1cc2cccc3ccc4c5ccccc5cc1c4c32,False,0
COC(=O)C(=C\CO)/C=C(C)/C=C(C)/C=C/C=C(\C)C(=O)C12OC1C(O)(CCO)NC2=O,False,0
O=C1CSC(=S)N1,True,479
O=[N+]([O-])c1ccc2c(c1)Cc1cccc([N+](=O)[O-])c1-2,True,15
[N-]=[N+]=NCCc1ccccc1,True,45
Cc1nnc(O)nc1O,False,0
c1ccc(Oc2ccccc2)cc1,True,689
CNC(=O)c1cccc(NCC(=O)NCCc2ccc(OC)c(OC)c2)c1,True,13
CN(C)[C@H]1C(=O)C(C(N)=O)=C(O)[C@]2(O)C(O)=C3C(=O)c4c(O)cccc4[C@](C)(O)[C@H]3[C@@H](O)[C@@H]12,False,0
O=c1[nH]c(=O)n(C2CC(O)C(CO)O2)cc1C(F)(F)F,False,0
CC(O)CN(CC(O)CO)N=O,True,9
CCNc1nc(Cl)nc(NCC)n1,True,794
CC(=O)ON(C(C)=O)c1ccc(-c2ccccc2)cc1,True,30
CN[N+](=O)[O-],True,51
Nc1nc(O)nc2c1ncn2C1CC(O)C(CO)O1,False,0
NCC1CCC(C(=O)c2ccc(CCC(=O)O)cc2)CC1,False,0
CCC(=O)OCc1ccccc1[N+](=O)[O-],True,2
Cc1ccc2c(ccc3ccccc32)c1,True,188
N#Cc1ccccc1[N+](=O)[O-],True,63
C=CCCCC[C@H]1CO1,False,0
CC(C)=C[C@H]1[C@H](C(=O)OCN2C(=O)C3=C(CCCC3)C2=O)C1(C)C,True,1
Cc1cc(C)c(C)cc1C,True,251
COc1cc(N=Nc2ccccc2)ccc1[N+](=O)[O-],False,0
Nc1ccc(Oc2ccc(N)c(Cl)c2)cc1Cl,True,9
CCCCOC(=O)/C=C/c1ccc([N+](=O)[O-])o1,False,0
C[C@]12CC[C@H]3[C@@H](CC[C@H]4C[C@@H](OC(=O)Cc5ccc(N(CCCl)CCCl)cc5)CC[C@@]43C)[C@@H]1CCC(=O)N2,False,0
CC(=O)O[C@H]1CC[C@]2(C)[C@H]3CC[C@@]4(C)[C@@H](CC[C@H]4[C@H](C)CCCC(C)C)[C@@H]3C[C@@H]3N(N4C(=O)c5ccccc5C4=O)[C@@]32C1,False,0
O=[N+]([O-])c1ccc2c(c1)[C@H](O)c1ccccc1-2,False,0
Oc1ncnc2ccccc12,True,153
O=Nc1ccc(Sc2ccccc2)cc1,False,0
NC(=O)C1CCCN1C(=O)C(Cc1c[nH]cn1)NC(=O)C1CCC(=O)N1,False,0
C[C@@H](N)[C@@H](O)c1ccccc1,True,553
CCN(CC)CCNc1ccc(CO)c2sc3ccccc3c(=O)c12,True,267
O=[N+]([O-])c1ccc2c3c1ccc1cccc(c13)C1OC21,True,13
O=NN1CCC[C@@H]1c1cccnc1,True,1
Cc1ccc(S(=O)(=O)O)c(C)c1,True,11
CC[C@@H](CO)[N+](=O)[O-],False,0
Cc1ccc([N+](=O)[O-])cc1N=O,True,8
[N-]=[N+]=NC[C@@H](N)C(=O)O,True,37
C=Cc1ccc(N)cc1,True,141
C=C(C)C1CC=C(C)C(OC(C)=O)C1,True,25
CCOC(=O)CC(C)C,True,477
CC(=O)N1CCC[C@H]1C(=O)N(CC(=O)O)N=O,True,22
CCSC(=O)Cl,True,9
CCN(CC)C(=S)SSC(=S)N(CC)CC,True,2546
ClCc1c2ccccc2cc2c1ccc1ccccc12,True,4
N#[N+]c1cccc2c1C(=O)c1ccccc1C2=O,False,0
NC(=O)N(c1ccccc1)c1ccccc1,True,36
CC12CCC=C(C=O)C1(C=O)C2,False,0
Nc1cc2nc3ccccc3nc2cc1N,True,155
CCCCCCCCCCCC[C@H]1CO1,False,0
CCCCCCCCC,True,619
c1cc2ccc3cccc4ncc(c1)c2c34,True,37
O=Nc1ccc2c(c1)Cc1ccccc1-2,True,196
O=C(c1ccc2c(c1)OCO2)[C@@H]1CO1,False,0
CCCCN(CC(O)CC)N=O,True,6
CC(N)(Cc1ccc(O)c(O)c1)C(=O)O,True,16
Clc1ccc(Cl)nc1,True,11
CC(C)COC(=O)c1ccccc1C(=O)OCC(C)C,True,716
CCOP(O)(=NC(C)C)Oc1ccc(SC)c(C)c1,False,0
O=S(=O)(O)c1ccc(N=NNc2ccc(S(=O)(=O)O)cc2)cc1,True,3
Nc1nc(=O)n(C2OC(CO)C(O)C2O)cc1O,False,0
C[n+]1c2ccccc2cc2cc(N)ccc21,False,0
CCOC(=O)[C@@H]1O[C@]1(C)c1ccccc1,False,0
COCCOC(C)=O,True,138
Cn1c([N+](=O)[O-])nc2ccccc21,True,5
C=Cc1ccc([N+](=O)[O-])cc1,True,140
CC(C)=CCC/C(C)=C\C=O,True,853
O=C(O)CC[N+](=O)[O-],True,748
BrCc1ccc2c3c(cccc13)-c1ccccc1-2,True,3
CN(C)c1nc2c3cccnc3ccc2n1C,False,0
COC(=O)c1ccc(C=Nn2nnc3c([nH]c4ccccc43)c2=O)cc1,False,0
Nc1cccc2cnsc12,False,0
COc1cccc2c1OC1(C)OOC21C,False,0
CCc1c2c(cc3ccccc13)-c1ccccc1C1OC21,False,0
CNCC(=O)O,True,1835
CC(C)(S)C(N)C(=O)O,True,91
O=C1c2c(O)ccc([N+](=O)[O-])c2C(=O)c2c([N+](=O)[O-])ccc(O)c21,True,15
CCCCCNC(=O)/C=C/c1ccc([N+](=O)[O-])o1,False,0
O=Nc1ccc2ccc3c([N+](=O)[O-])ccc4ccc1c2c43,True,35
CCc1cc(-c2ccccc2)cc(CC)c1N,False,0
CCCCOCN(C(=O)CCl)c1c(CC)cccc1CC,True,250
Fc1cccc2ccc3ncccc3c12,False,0
COP(=O)(OC)SC,True,244
Cc1cc2cc3cc(C)c(N)cc3nc2cc1N,True,3
Cc1c(/C=N/OCc2cccc([N+](=O)[O-])c2)c2cc([N+](=O)[O-])ccc2n1Cc1ccccc1,False,0
c1cc2ccc3cc4c(c5ccc(c1)c2c35)C1OC1CC4,True,18
CCc1cccc2c3c([nH]c12)C(CC)(CC(=O)O)OCC3,True,398
Cc1ccccc1C#N,True,92
O=C(O)c1ccc(/C=C/c2ccc([N+](=O)[O-])o2)cc1,False,0
Oc1ccc(Cl)cc1Cc1cc(Cl)ccc1O,True,49
Nc1ccc(Cl)cc1[N+](=O)[O-],True,36
CC(CCc1ccccc1)c1ccccc1,True,2
OCc1ccc(-c2[nH]ccc3c4ccccc4nc2-3)o1,False,0
CCOCc1c(O)cc2c(c1O)C(=O)c1ccccc1C2=O,True,7
Cc1ccnc2ccccc12,True,221
Cc1ccc2c(C)c3ccc4c(c3nc2c1)C=CC(O)C4O,False,0
C=CCn1cc2c3c(cccc31)C1C=C(CO)CN(C)C1C2,False,0
O=C1OCC(C(Cl)Cl)=C1Cl,True,18
O=S(=O)(O)OCc1ccc2ccc3cccc4ccc1c2c34,True,76
O=[N+]([O-])c1ccc2c(c1)CCc1ccccc1-2,False,0
CCc1c2ccccc2c(C)c2c1ccc1ccccc12,True,3
N[C@H](CCC(=O)N[C@H](CSc1ccc([N+](=O)[O-])cc1[N+](=O)[O-])C(=O)NCC(=O)O)C(=O)O,False,0
C/C=C1\C[C@@H]2C=C[C@H]1C2,False,0
CCOc1ccc([N+](=O)[O-])cc1,True,107
O=C1OC(=O)c2ccccc21,True,982
Nc1nc(N)c2[nH]cnc2n1,True,734
O=C1c2cccc(S(=O)(=O)O)c2C(=O)c2cccc([N+](=O)[O-])c21,True,1
O=Nc1cc2c3ccccc3ccc2c2ccccc12,True,47
O=[N+]([O-])c1ccc(F)c([N+](=O)[O-])c1,True,727
CN(C)CCCNc1c2ccccc2nc2c(N(C)C)ccc([N+](=O)[O-])c12,False,0
Nc1c2ccccc2nc2ccc(Cl)cc12,False,0
CC(C)(C)OC(=O)N/N=C/C1=CN(O)c2ccccc2N1O,False,0
OC1c2ccc3ncccc3c2C2OC2C1O,False,0
Cc1cc(/C=C/c2ccc3cc(N(C)C)ccc3[n+]2C)c(C)n1-c1ccccc1,True,77
O=C1c2ccccc2C(=O)c2c1cc(OC1OC(COC3OCC(O)C(O)C3O)C(O)C(O)C1O)c(CO)c2O,False,0
NCCc1c[nH]c2ccc(O)cc12,True,30311
CCCCOC(=O)COc1cc(Cl)c(Cl)cc1Cl,True,2
O=NN(CCO)CCO,True,266
OCC1OC(n2cnc3c2ncn2ccnc32)CC1O,False,0
CN(N=O)C(N)=O,True,1751
NC(CCC(=O)NNc1ccc(CO)cc1)C(=O)O,False,0
Clc1cccc(Br)c1,True,41
C=C(C)C(=O)OCCO,True,3650
O=c1oc2ccc([N+](=O)[O-])cc2c2ccccc12,True,10
O=C(OCc1ccc([N+](=O)[O-])cc1)c1ccccc1,True,1
O=C(O)/C=C/c1ccccc1,True,1124
C(CC1CO1)C1CO1,True,5
C=CCNC(N)=S,True,127
N#CCC#N,True,1387
O=[N+]([O-])c1ccc2ccc3c4c(cc5ccc1c2c53)C=C[C@H](O)[C@H]4O,False,0
CN1CCN(c2c(F)cc3c(=O)c(C(=O)O)cn(CCF)c3c2F)CC1,True,193
C1=C[C@H]2O[C@H]2c2cc3ccc4cccc5ccc(c21)c3c45,False,0
O=C(O)C(O)C(O)C(O)C(O)CO,True,66
O=C(O)c1ccc2c(c1)C(=O)OC2=O,True,172
CCN=NO,False,0
Cn1cccc1,True,618
OC1C=Cc2c(cc3c4c(c5ccccc5cc24)-c2ccccc2-3)C1O,False,0
Fc1ccccn1,True,231
CCCn1cc2c3c(cccc31)C1CC(C)CN(C#N)C1C2,False,0
O=[N+]([O-])c1cc([N+](=O)[O-])c2ccccc2c1,True,32
O=C(O)C(Br)(Br)Br,True,289
CCC(C)n1c(=O)[nH]c(C)c(Br)c1=O,True,118
C1CN1c1nc(N2CC2)nc(N2CC2)n1,True,87
Cc1cc2c(c3ccc4ccccc4c13)CC(O)C2=O,False,0
NC(=O)N(CCCC(N)C(=O)O)N=O,False,0
CCCCCCCCCCCCCCCC(=O)OCC1(O)CC23CCC4c5ccoc5C=CC4(C)C2CCC1C3,False,0
c1ccc([C@H]2N[C@@H]2c2ccccc2)cc1,False,0
C=C(C)c1ccccc1,True,490
[O-][n+]1cccc2c3c(ccc21)C(O)C(O)C1OC31,False,0
COc1ccc(C(c2ccc(OC)cc2)C(Cl)(Cl)Cl)cc1,True,923
CC(C)C(=O)Nc1snc2ccccc12,False,0
Cn1c(N)nc2c3nc(-c4ccccc4)c(-c4ccccc4)nc3ccc21,False,0
S=C=Nc1cccc2ccccc12,True,157
CCN(CC)C(=O)Cc1ccccc1,True,27
CC(=O)Nc1cccc(N=Nc2cccc(NC(C)=O)c2C)c1C,True,1
Fc1ccc(F)c2c1ccc1cccnc12,False,0
CC1(C)S[C@@H]2[C@@H](NC(=O)Cc3ccccc3)C(=O)N2[C@H]1C(=O)O,False,0
CC(C)c1cc(-c2ccccc2)cc(C(C)C)c1N,False,0
CCC(CCC(C)O)COC(=O)CCCCC(=O)O,False,0
c1ccc2c(c1)cc1c3c2ccc2cccc(c23)C2NC12,False,0
O=c1ccc2ccc3occc3c2o1,True,478
CN(C(=O)CCCl)c1snc2ccccc12,False,0
O=c1oc2cccc3ccc4cccc1c4c32,True,39
C/C=C/Cl,True,11
CC1(C)SSCC(C(=O)O)NC1=O,False,0
O/N=C/c1ccncc1,True,2
CCOc1ccc(NC(C)=O)cc1N,False,0
CN(C)c1ccc(N=Nc2ccccc2CO)cc1,True,6
O=[N+]([O-])c1ccc2c(ccc3cc4c(ccc5ccccc54)cc32)c1,False,0
C[C@H]1CN(N=O)C(=O)NC1=O,False,0
Nc1cccc2ncc(F)cc12,False,0
CC(C)OC(=O)Cc1ccccc1,True,5
OC1c2ccc3c(c2C2OC2C1O)-c1cccc2cccc-3c12,False,0
COC(=O)c1cc2c([nH]c3ccccc32)c(-c2ccc3c(n2)C(=O)C=CC3=O)n1,False,0
Cc1ncc(CNC(=O)N(CCCl)N=O)c(N)n1,True,67
COC1=CC=CC=CC1,True,4
Cc1cccc(C)c1C,True,530
CCOC(=O)N(N=O)C(CCC=O)c1cccnc1,False,0
Nc1cccc(O)c1,True,521
[CH2-][N+](=O)[O-],True,13
O=C(Nc1ccccc1)c1cc2ccccc2c(N=Nc2cc(Cl)ccc2Cl)c1O,False,0
O=C(Cl)c1ccc(Cl)cc1Cl,True,16
CCC(C)COC(=O)C=Cc1ccc(N=Cc2ccc(OC)cc2)cc1,False,0
COC(=O)CC(=O)OC,True,486
CCNc1nc(N)nc(Cl)n1,True,175
CC(C)(O)CCc1ccc(O)c2c(=O)c3c(O)c4c(cc3oc12)OC1OC=CC41,False,0
CN1CCCN(C)C1=O,True,76
CC(=O)Nc1nc(-c2ccc([N+](=O)[O-])o2)cs1,True,40
CC(=O)Nc1cc2c(cc1O)-c1ccccc1C2,True,57
Clc1c(Cl)c(Cl)c2c(Cl)c(Cl)c(Cl)c(Cl)c2c1Cl,True,123
CC12C=CC(=O)C=C1CCC1C2C(O)CC2(C)C1CCC2(O)C(=O)CO,False,0
Cc1c([N+](=O)[O-])ccc2ccccc12,True,3
Cc1cccc2ccc3c4ccccc4ccc3c12,True,76
O=CC1CC(=O)C(=O)CO1,False,0
OC1C2=c3c(cc4cccc5ccc(c3c54)C1O)-c1ccccc12,False,0
O=C(O)C(O)C(O)C(=O)O,True,2415
CCCCN(CCCCO)N=O,True,140
OC1C=CC2OC2C1O,True,1
Cc1ccc(S(=O)(=O)NC2CCCCC2)cc1,True,1
O=C1NCCCN1/N=C/c1ccc([N+](=O)[O-])o1,True,14
NC(CCC(=O)NNc1ccccc1)C(=O)O,False,0
O=S(=O)(O)Oc1c2ccccc2c2ccc3cccc4ccc1c2c43,True,1
OC1c2ccccc2-c2ccc3ccccc3c2C1O,True,4
CCOCOCC,True,111
C[N+](C)(C)CCNCCc1ccc(N=Nc2ccc([N+](=O)[O-])cc2Cl)cc1,False,0
O=C(O)Cc1ccccc1[N+](=O)[O-],True,48
COC=O,True,612
O=[N+]([O-])c1ccc2ccc3ccc([N+](=O)[O-])c4c5c(c1c2c34)CCCC5,False,0
CC(=O)Nc1ccc(C(=O)[C@@H]2O[C@H]2c2ccccc2)cc1,False,0
O=NN1CCC(c2ccccc2)CC1,True,14
Oc1ccc2c(c1)-c1cc3ccccc3c3cc4ccccc4c-2c13,True,1
Cc1cc2c(cc1C)-c1ccccc1C2,False,0
CC(=O)c1c([N+](=O)[O-])cc([N+](=O)[O-])n1[N+](=O)[O-],True,10
Cc1nn(C)c(NC(=O)CNCCCN2CCCC[C@H]2C)c1C(=O)c1ccccc1F,False,0
COc1cc([N+](=O)[O-])c2ncccc2c1,True,10
O=[N+]([O-])c1cc2ccc3cccc4ccc(c1O)c2c34,True,30
O=[N+]([O-])c1ccc(Br)c([N+](=O)[O-])c1,True,64
Nc1ccccn1,True,1437
C1CN2CCN1CC2,True,878
CCc1ccco1,True,305
CC(=O)NC(CSC(Cl)=C(Cl)Cl)C(=O)O,False,0
Nc1ccc(N=Nc2cccc(N)c2N)cc1,True,73
OC1C=Cc2c(ccc3c4c5c(cccc5cc23)C=C4)C1O,False,0
CC(Cl)Cl,True,942
CN(C)CCCNc1c2ccccc2nc2c([N+](=O)[O-])cccc12,False,0
O=[N+]([O-])c1ccc2c3c4c(cccc4c4ccccc4c13)C1OC21,False,0
NC(N)=S,True,4203
O=[N+]([O-])c1cc2c3c(ccc4cc([N+](=O)[O-])cc(c43)CC2)c1,False,0
O=NN1CCC(Br)C(Br)C1,True,2
C=C(C)C(C)Cl,True,4
CC(C)NCC(O)COc1cccc2c1OCC(O[N+](=O)[O-])C2,True,51
COc1cccc2c1CC([N+](=O)[O-])c1ccc3c(c1-2)OCO3,False,0
CCCCOCCO,True,772
C1CC2OC2C1OC1CCC2OC12,True,1
Cc1ccc([N+](=O)[O-])cc1C(=O)O,True,26
CN(C)CCO,True,582
CC(=O)CCl,True,301
CN1C(=O)CCC1c1ccc[n+]([O-])c1,False,0
C=CC1CN2CCC1CC2C(OC(=O)C(C)O)c1ccnc2ccc(OC)cc12,False,0
O=S(=O)(O)Oc1cccc2c1cc1ccc3cccc4ccc2c1c34,True,3
O=[N+]([O-])OC1COC2C(O)COC12,True,6
CC(=O)c1ccc[nH]1,True,196
COc1cccc(C(=O)ON(OCc2ccccc2)C(=O)c2ccccc2)c1,False,0
CCN(CC)N(O)N=O,True,69
ClC1C2(Cl)C3C4C5OC5C5C4C1(Cl)C(Cl)(C53)C2(Cl)Cl,True,100
NNc1nncc2cccnc12,False,0
O=[N+]([O-])c1cccc(CO/N=C/c2nc3cc([N+](=O)[O-])ccc3n2Cc2ccc(F)cc2)c1,False,0
O=[N+]([O-])c1cc2c(ccc3ccccc32)c2c1C=C[C@@H](O)[C@@H]2O,True,1
CC(=O)Nc1cccc2c1-c1ccccc1C2,True,141
CC1=C(/C=C/C(C)=C/C=C/C(C)=C/C=C/C=C(C)/C=C/C=C(C)/C=C/C2=C(C)CCCC2(C)C)C(C)(C)CCC1,True,7922
CCN(Cc1cccc(S(=O)(=O)O)c1)c1ccc(C(=C2C=CC(=[N+](CC)Cc3cccc(S(=O)(=O)O)c3)C=C2)c2ccc(O)cc2S(=O)(=O)O)cc1,True,1
OCCOCCOCCO,True,630
CN(C(=O)CCCCl)c1snc2ccccc12,False,0
CCCN=NC(C)(C)OO,False,0
c1ccc2c(c1)-c1cc3c(cc1C1NC21)-c1ccccc1C1NC31,False,0
NON(N=O)c1ccccc1,False,0
O=C(O)c1cc(O)c2c(c1)C(=O)c1cc(O)cc(O)c1C2=O,True,33
CCCC(=O)/N=c1\sn(C(=O)CCC)c2ccc([N+](=O)[O-])cc12,False,0
COc1cc([N+](=O)[O-])ccc1N,True,33
O=C1CC[C@@H]2c3c(ccc(O)c31)-c1ccc(O)c3c1[C@@]2(O)[C@H](O)CC3=O,False,0
CN(C)c1ccc(-c2ccc(N(C)C)cc2)cc1,True,424
CC(=O)Nc1ccc2c(c1)Cc1cc(NC(C)=O)ccc1-2,True,4
CCOP(=S)(OCC)SC1OCCOC1SP(=S)(OCC)OCC,True,54
CC[C@@H](C)N,True,20
CC(=O)NBr,True,102
O=C1c2ccccc2-c2cc3ccccc3cc21,True,19
BrCc1ccc(CBr)cc1,True,106
CC(=O)Nc1ccc(Oc2ccccc2)cc1,True,1
Cc1ccc2c(c1O)C(=O)c1ccccc1C2=O,True,55
Cc1c2ccc3ccccc3c2cc2ccc(O)c(O)c12,False,0
NNc1ccccc1,True,2165
CC(C)(C)OC(=O)OC(=O)OC(C)(C)C,True,723
CC(O)CCC(=O)c1ccoc1,True,198
CC1=CC2OC3C(O)C(O)C(C)(C34CO4)C2(CO)C(O)C1=O,False,0
COc1c(N)cc(C)c(N)c1C,True,1
CCCCCCC=O,True,1032
Nc1cc2cccc3ccc4cccc1c4c32,True,40
N#CCCN,True,151
Oc1cccc(O)c1,True,2356
CN(C)c1ccncc1,True,3585
CN(C)S(=O)(=O)CCNC(=O)N(CCCl)N=O,True,185
C1COCOC1,True,281
OC1=C(O)C23CCCCC2(O3)c2cc3ccc4ccccc4c3nc21,False,0
COC(C)(C)CC(C)=O,True,5
COc1cc(S(=O)(=O)O)c(C)cc1N=Nc1c(O)ccc2cc(S(=O)(=O)O)ccc12,False,0
C[n+]1c(-c2ccc(N)cc2)c2cc(N)ccc2c2ccc(N)cc21,False,0
Oc1ccc(C2(c3ccc(O)cc3)CCCCC2)cc1,True,10
CC/C=C/C=C/C=C/C=C/C=C/OC,False,0
c1ccc2c(c1)c1ccccc1c1cc3cnccc3cc21,True,5
CCC(C)C=O,True,824
CC1(C)CC(C(=O)NCCCCCCCCCCCC(=O)O)C(C)(C)N1O,False,0
CCOC(=O)C(N)CS,True,2
CC12OOC1(C)c1c(ccc3ccccc13)O2,False,0
CCc1cccc(CC)c1NC(=O)CCl,True,51
CC(C)c1ccc2oc3nc(N)c(C(=O)O)cc3c(=O)c2c1,True,95
CCCCOCCOP(=O)(OCCOCCCC)OCCOCCCC,True,392
O=[N+]([O-])c1cccc([N+](=O)[O-])c1CO,True,62
O=C=Nc1ccc(N=C=O)cc1,True,102
CC(Br)C(Br)CCl,True,7
ClC(Cl)=C(Cl)/C(Cl)=C(\Cl)SCc1ccccc1,False,0
CC1=C(O)C(=O)CC1,True,124
C=CC(=O)OCCOC,True,101
Cc1cc(=O)oc2ccc3c(c12)C1(C)OOC1(C)O3,False,0
CC(=O)O[C@@H](C)CN(C[C@H](C)OC(C)=O)N=O,False,0
O=NN1CCC(Cl)CC1,True,7
Cn1cnc2c(=N)[n+](=O)[cH-][nH]c21,False,0
C=C/C1=C/C(C)C(C)(OC(C)=O)C(=O)OCC2=CC[N+]3(C)CCC(OC1=O)C23O,False,0
CC1=CC[C@@H]2C(C)=CC[C@H](C(C)(C)C)[C@H]2C1,False,0
Fc1cccc2cccnc12,True,23
C1COCO1,True,418
NCCCN1CCN(CCCN)CC1,True,33
Cc1ccc(NC(=O)c2csc([N+](=O)[O-])c2)cc1,False,0
O=[N+]([O-])c1c(Cl)c(Cl)c2c(c1Cl)Oc1ccc(Cl)c(Cl)c1O2,False,0
O=C1c2cc(S(=O)(=O)O)ccc2C(=O)c2c1cccc2[N+](=O)[O-],False,0
Cc1ccccc1C(=O)Cl,True,33
CCN(CC)c1ccc(C(=C2C=CC(=[N+](CC)CC)C=C2)c2ccc(N(CC)CC)cc2)cc1,True,1
CC(=O)Nc1ccc(N=Nc2ccc(N(C)C)cc2)cc1,False,0
Nc1ccc2ccc3ccccc3c2c1,True,13
O=C1OC(=O)c2c(Br)c(Br)c(Br)c(Br)c21,True,20
CCCCCCCCCCCCCCCCCC1=NCCN1CCO,False,0
CCCBr,True,528
CN1C=CN(CCS(C)(=O)=O)C1/C=N/O,False,0
ONc1ccc(-c2ccccc2)cc1,True,162
Cc1ccccc1C(N)=O,True,99
O=[N+]([O-])c1cccc2c1-c1cccc3cccc-2c13,True,22
C=C(C)C(=O)OCCCCCOC(=O)C(=C)C,True,3
CCCCCCCCCCCC(=O)N(CCO)CCO,True,30
C[C@@H](O)CBr,False,0
Cc1cccc2c1cc(C)c1c3ccccc3ccc21,True,12
COc1cc(OC)c2c(=O)c3cc(OC)ccc3oc2c1,True,6
ON1CN(Cl)CN(Cl)C1,False,0
O=C(CCl)NCO,True,23
C/C=C/C,True,350
COC(=O)C1=C(C)C(C)(O)OC1=O,False,0
CCBr,True,374
Clc1ccc(CO[C@H](Cn2ccnc2)c2ccc(Cl)cc2Cl)cc1,False,0
NC(CSC(F)(F)C(Br)Br)C(=O)O,False,0
c1cc(OC[C@H]2CO2)cc(OC[C@H]2CO2)c1,False,0
O=C(O)/C=C/c1ccccc1[N+](=O)[O-],True,1
O=C(O)CN(CCN(CC(=O)O)CC(=O)O)CC(=O)O,True,23078
CCCCCCC(C)(C)C(=O)OCC1CO1,False,0
CN(C)N=Nc1ccc(C(=O)O)cc1,True,17
Cc1ncc([N+](=O)[O-])n1CC(=O)O,True,10
COC(=O)C(CSCC(C)Br)NC(C)=O,False,0
Cc1cc(N)sn1,True,8
CCCCC(=O)Nc1snc2ccc(Cl)cc12,False,0
CCCCN(CCCC)CCCC,True,537
CC(=O)C1C(=O)C=C(C)OC1=O,True,124
Oc1ccc2ccc3[nH]c4ccc5ccccc5c4c3c2c1,True,1
Nc1nc(Cl)cc(Cl)n1,True,55
O=[N+]([O-])c1ccc(CCl)cc1,True,318
O=C1OCC(C(Br)Br)=C1Cl,False,0
O=C1c2cc([N+](=O)[O-])ccc2-c2ccc([N+](=O)[O-])cc21,True,54
O=[N+]([O-])c1ccc(Br)cc1,True,219
Cc1cc2cc3ccccc3c3ccc4cccc1c4c23,True,6
O=[N+]([O-])c1ccc2ccc3c4c(cc5ccc1c2c53)C=CC(O)C4O,False,0
CC1CC(=O)O1,True,121
CC(=O)Nc1ccc2ccccc2n1,True,14
O=CC(Br)CBr,True,45
O=CC=O,True,3055
Nc1cc(Cl)cc(S(=O)(=O)O)c1O,False,0
O=C(O)c1ccccc1Nc1cccc(C(F)(F)F)c1,True,761
COc1cc2c(c3oc(O)c4c(O)ccc-4c13)C1(O)C=COC1O2,False,0
CN1CCc2cc3c(c4c2C1C(O)c1ccccc1-4)OCO3,False,0
O=c1c(O)c(O)c1=O,True,289
CC1CCC(C(C)CS)CC1S,False,0
COc1ccc(-c2oc3ccccc3c(=O)c2[N+](=O)[O-])cc1[N+](=O)[O-],False,0
O=S1(=O)CCCC1,True,441
ON1c2ccccc2/C(=N\c2ccccc2)C1(c1ccccc1)c1ccccc1,False,0
O=[N+]([O-])c1ccc(OC2CO2)cc1,True,7
Cc1ccc(S(=O)(=O)OCC(C)C)cc1,True,5
O=P1(N(CCCl)CCCl)OCCCN1CCCl,True,51
CN(C)c1ccc(C2CC3(C)C(CCC3(O)/C=C/CO)C3CCC4=CC(=O)CCC4=C23)cc1,False,0
O=[N+]([O-])c1ccc2ccc3c4c(cc5ccc1c2c53)CCCC4,True,2
N#C/C(=C\C=C\c1ccccc1[N+](=O)[O-])c1ccc(Br)cc1,False,0
Nc1ccccc1S(=O)(=O)O,True,154
OCCOCCO,True,707
SC(S)=N/C=C/N=C(S)S,False,0
NCCCCCCN,True,546
Cc1cc(S(=O)(=O)O)ccc1N,True,8
CC(C)NCC1CCc2cc(CO)c([N+](=O)[O-])cc2N1,True,158
CN1C(CSCC(F)(F)F)Nc2cc(Cl)c(S(N)(=O)=O)cc2S1(=O)=O,True,36
O=C1C(c2[nH]c3ccccc3c2O)=Nc2ccccc21,True,771
Fc1cc2ccccc2c2ncccc12,True,1
CC1CS1,True,209
O=C=Nc1ccc(Cc2ccc(N=C=O)cc2)cc1,True,208
O=[N+]([O-])CCl,True,120
O=[N+]([O-])c1ccc2c([N+](=O)[O-])cc3ccccc3c2c1,True,2
CCCCNC(=O)NS(=O)(=O)c1ccc(C)cc1,True,1611
Oc1ccc2cccnc2c1,True,386
CN(C)c1ccc(C(=C2C=CC(=[N+](C)C)C=C2)c2ccccc2)cc1,False,0
Nc1ccc2[nH]c3ccccc3c2c1[N+](=O)[O-],True,1
O=c1c2c(O)cccc2oc2c3c(cc(O)c12)OC1OC=CC31,True,2
CCCNC(=O)NS(=O)(=O)c1ccc(Cl)cc1,True,489
COc1ccc([N+](=O)[O-])cc1N=Nc1c(O)c(C(=O)Nc2cccc([N+](=O)[O-])c2)cc2ccccc12,False,0
Fc1ccccc1-c1ccccc1,True,116
CC(=O)c1ccc2[nH]c3c(C)cc([N+](=O)[O-])c(C)c3c2c1,False,0
O=[N+]([O-])c1ccc2ccc3c4c(cc5ccc1c2c53)C(O)C(O)C=C4,False,0
[N-]=[N+]=CC(=O)NCC(N)=O,True,14
O=C(Cl)c1cc([N+](=O)[O-])cc([N+](=O)[O-])c1,True,175
CNc1ccc(C(=C2C=CC(=[N+](C)C)C=C2)c2ccc(N(C)C)cc2)cc1,False,0
C[C@@H](O)COC(C)(C)C,False,0
Cc1cc(N=Nc2cccnc2)c(N)cc1N,False,0
Cn1c(N)nc2c3cnccc3ccc21,False,0
C[C@H]1CN(N=O)CCN1N=O,False,0
C[n+]1ccc(-c2cc[n+](C)cc2)cc1,True,1839
CNC(=O)ON(C(=O)NC)C(=O)NC,True,1
Oc1ccc2cc3ccc4cccc5ccc(c2c1)c3c45,True,326
CC1CC2(C)C(CCC3C4CCC(O)C4(C)CCC32)CC1=O,True,1
O=S(=O)(O)C1C(O)c2c(cc3ccc4cccc5ccc2c3c45)C(O)C1O,False,0
CC(=O)OCCC(C=O)c1c(O)cc2c(c1O)C(=O)c1c(O)cc(O)cc1C2=O,False,0
CCCCCCCCCC(=O)OCCN1CCN(CCCN2c3ccccc3Sc3ccc(C(F)(F)F)cc32)CC1,True,123
Cc1ccc(COS(=O)(=O)c2ccc(C)cc2)cc1,True,3
CCCOC(=O)c1cc(Cc2ccc(N)c(C(=O)OCCC)c2)ccc1N,False,0
NCC(=O)Nc1ccccc1,True,23
CCOCC1CO1,True,33
Cc1ccc(C2CO2)cc1,True,29
O=C1c2ccccc2C(=O)c2c1cc(O)c(O)c2O,True,96
CC(=O)c1cc(NC(=O)NC(C)(C)C)ccc1OCC(O)CNC(C)(C)C,False,0
[N-]=[N+]=CC(=O)OCC(N)C(=O)O,False,0
ClC1=C(Cl)C2(Cl)C3C(Cl)C=CC3C1(Cl)C2(Cl)Cl,True,1044
Oc1c(Cl)c(Cl)c(Cl)c(Cl)c1Cl,True,4164
COC12C(COC(N)=O)C3=C(C(=O)C(C)=C(N)C3=O)N1CC1NC12,False,0
OC[C@@H]1CO[C@@H](CCI)O1,False,0
CCCCN(N)CCCC,True,3
c1ccc2c(c1)-c1ccc3ccccc3c1[C@H]1N[C@@H]21,False,0
ClCc1ccccc1CCl,True,17
N#Cc1cccc(C#N)c1,True,156
C=CCc1cc(OC)c2c(c1)OCO2,True,509
Cc1ccc(N)cc1[N+](=O)[O-],True,167
CC(C#N)CCC#N,True,28
Cc1cc(Cl)ccc1OCCCC(=O)O,True,57
O=[N+]([O-])c1ccc2ccc3cccc([N+](=O)[O-])c3c2c1,True,3
COc1ccc2c(c1)C(=O)c1nccc3cc(OC)c(OC)c-2c13,False,0
CC12CCC(C(=O)C1=O)C2(C)C,True,983
O=C(O)c1ccc([N+](=O)[O-])cc1[N+](=O)[O-],True,183
C/C=C1/C[C@H](C)[C@](O)(CO)C(=O)OCC2=CC[N@@+]3([O-])CC[C@@H](OC1=O)[C@@H]23,False,0
C[N+]([O-])=NC[C@H]1O[C@@H](CO)[C@H](O)[C@@H](O)[C@@H]1O,False,0
Cc1ccc2c(c1)[C@H](C)c1ccccc1-2,False,0
Nc1ccc([N+](=O)[O-])cc1,True,2229
CC(=O)c1cc(N)ccc1OCC(O)CNC(C)(C)C,True,1
O=C(OCCBr)C(=O)OCCBr,True,1
Cc1cc(C)c(N)c(C)c1,True,162
CC(C)CCCCCCCOC(=O)c1ccccc1C(=O)OCCCCCCCC(C)C,True,413
CCCCCCC(CCCC)COc1ccc(-c2ccc(-c3ccc(-c4ccc(OCC(CCCC)CCCCCC)cc4)cc3)cc2)cc1,True,1
CN(N=O)c1ccccc1,True,45
CC(C)CC(C)Nc1ccc(Nc2ccccc2)cc1,True,50
O=C(O)CI,True,1854
ClC(COCC(Cl)C(Cl)(Cl)Cl)C(Cl)(Cl)Cl,True,6
NC(=O)Cc1cccc2ccccc12,True,23
Fc1cccc(F)n1,True,39
CN(C)c1ccc(Cc2ccc(N(C)C)cc2)cc1,True,21
CSC(C)(C)C(=O)NC(CS)C(=O)O,False,0
Oc1cc(Cl)c(O)cc1Cl,True,190
O=C1c2cccc(O)c2C(=O)c2c(O[C@@H]3O[C@H](CO)[C@@H](O)[C@H](O)[C@H]3O)cccc21,False,0
Cc1c(N=C=O)cccc1N=C=O,True,14
C=CC(=O)OCCCCOC(=O)C=C,True,135
O=C1CCC(=O)N1c1ccc(Cl)c(Cl)c1Cl,False,0
Oc1cccc2c3ccccc3c3cc4ccccc4cc3c12,False,0
COC(F)(F)C(Cl)Cl,True,424
O=[N+]([O-])c1ccnc2ccccc12,True,99
CCc1ccc(C)cc1,True,204
O=C(O)c1occc(=O)c1O,False,0
COC(=O)c1cc2c(c3c1c([N+](=O)[O-])cc1c(OC)cccc13)OCO2,True,1
CC(=O)c1oc([N+](=O)[O-])c(Cl)c1Cl,False,0
Cc1ccc(C(=O)O)cc1N,True,15
CC(C)OC(=O)CC(=O)OC(C)C,True,28
Cn1c(N)nc2nc3ccncc3cc21,False,0
O=[N+]([O-])c1cc([N+](=O)[O-])c2c3c(c4cccc5ccc1c2c54)CCCC3,False,0
O=C1C=Cc2cccc3cccc1c23,True,210
[N-]=[N+]=Nc1ccc(F)c([N+](=O)[O-])c1,True,154
NC(CCC(=O)NC(CSCCCl)NC(=O)CC(=O)O)C(=O)O,False,0
COc1cc2c(c3oc(=O)c4c(c13)[C@@H](Cl)[C@@H](Cl)C4=O)[C@@H]1C=CO[C@@H]1O2,False,0
Cn1c(N=[N+]=[N-])nc2c3ccccc3ccc21,False,0
COc1ccc(CNCC(O)COc2ccc3nc(O)ccc3c2)cc1OC,False,0
Clc1cccc(Cl)c1NC1=NCCN1,True,3592
COC(=O)/C(C#N)=C/c1ccccc1Br,False,0
Nc1nc2c(Cl)cccc2s1,True,2
O=NN(c1ccc([N+](=O)[O-])cc1)[C@@H]1O[C@H](CO)[C@@H](O)[C@H]1O,False,0
Nc1c(C(=O)N/N=C/c2ccccc2)[nH]c2ccccc12,True,1
Cc1cccc(C)c1N,True,577
O=[N+]([O-])c1ccc(CO)cc1,True,334
CC/C(=C(/c1ccc(OCCN(C)C)cc1)c1ccc(OP(=O)(O)O)cc1)c1ccc(C(C)C)cc1,False,0
CN1CCN=N1,True,1
CC(=O)Nc1cc(O)c2ccc3cccc4ccc1c2c34,True,8
O=C(/N=c1\sn(C(=O)c2cccc([N+](=O)[O-])c2)c2ccc([N+](=O)[O-])cc12)c1cccc([N+](=O)[O-])c1,False,0
C[N+](C)(C)CCCl,True,190
Clc1cnc(Oc2ccc(Oc3ncc(Cl)cc3Cl)cc2)c(Cl)c1,True,299
c1ccc2nc3ccccc3cc2c1,True,2420
O=C(CBr)c1oc([N+](=O)[O-])c(Cl)c1Cl,False,0
O=C1C=C(S(=O)(=O)O)c2ccccc2C1=O,True,104
O=C(O)C[C@H](Cl)C(=O)O,True,1
CCCCCCCCCCCCCl,True,105
C[PH]1(C)N[PH](C)(C)N[PH](C)(C)N1,False,0
Cn1/c(=N/N)sc2ccccc21,False,0
Fc1cccc2cc3c(cc12)-c1cccc2cccc-3c12,False,0
CCCCOC(=O)c1ccc(O)cc1,True,629
O=C(Nc1snc2ccccc12)c1ccccc1,False,0
Cc1cc(C)c(N=Nc2cc(S(=O)(=O)O)c3ccccc3c2O)c(S(=O)(=O)O)c1,False,0
ClC[C@H](Cl)CBr,False,0
O=[N+]([O-])c1ccc2c(c1)CC=C2,True,1
N1=NC2C3OC3C1C1OC21,False,0
O=S(=O)(Nc1ccc(Cl)cc1)c1cccc2cccnc12,False,0
CCCCCCC(=O)OCC,True,290
COC(=O)CCCC(=O)OC,True,76
CC1(C)CCC2(C(=O)O)CCC3(C)C(=CCC4C5(C)CC(O)C(O)C(C)(C(=O)O)C5CCC43C)C2C1,False,0
CC(=O)C1(O)Cc2c(O)c3c(c(O)c2C(OC2CC(N)C(O)C(C)O2)C1)C(=O)c1ccccc1C3=O,False,0
COC(=O)c1ccc([N+](=O)[O-])o1,True,4
CC(=O)OC1Cc2ccc3ccc4cccc5cc1c2c3c45,False,0
CCCCC/C(C=O)=C/c1ccccc1,False,0
O=P1(NCCCl)OCCCN1CCCl,True,1772
c1ccc(-c2ccccc2-c2ccccc2)cc1,True,528
OC1c2c(ccc3c2ccc2ccccc23)C2OC2C1O,False,0
O=NN1CCN(N=O)CC1,True,61
CC(C)(c1ccc(OC[C@H]2CO2)cc1)c1ccc(OC[C@H]2CO2)cc1,False,0
CC1=CCCc2c1cc(C)c1c2ccc2ccccc21,False,0
NC(CSCCCl)C(=O)O,True,18
O=[N+]([O-])c1cc([N+](=O)[O-])c2[nH]c3cnc([N+](=O)[O-])cc3c2c1,False,0
Fc1ccc2cccnc2c1F,True,4
O[C@H]1C=C2c3cc4ccccc4cc3-c3cccc(c32)[C@@H]1O,False,0
Nc1ccc(Oc2ccc([N+](=O)[O-])cc2)cc1,True,2
O=[N+]([O-])c1ccc2c(c1)Oc1ccc([N+](=O)[O-])cc1O2,True,8
O=[N+]([O-])c1ccc2c3c1ccc1cccc(c13)[C@@H]1O[C@H]21,True,8
CC(=O)c1cc(NC(=O)Nc2ccc(OCC(O)CNC(C)(C)C)c(C(C)=O)c2)ccc1OCC(O)CNC(C)(C)C,True,1
Cc1cc2c(O)cccc2c2cc3c(cc12)C=CC(O)C3O,False,0
CC1CCC(NC(=O)N(CCCl)N=O)CC1,True,91
Oc1c(Cl)c(Cl)cc(Cl)c1Cl,True,164
CN1[C@@H](CSCC(F)(F)F)Nc2cc(Cl)c(S(N)(=O)=O)cc2S1(=O)=O,False,0
ClC(Cl)c1ccccc1,True,71
c1scc2c1-c1cscc1C1OC21,False,0
CC1(C)CC2C(O)(C=C(C=O)C3(C=O)CC23C)C1,False,0
OCC12OOC1(CO)c1ccccc1O2,False,0
OC1c2ccc3c4c5c(cccc5cc3c2C2OC2C1O)C=C4,True,2
Nc1ccc2nc3ccccc3cc2c1,True,30
CCCCN(N=O)C(=N)NN(O)O,False,0
O=NN1CCS[C@H]1CO,False,0
C[C@H](COc1ccccc1)N(CCCl)Cc1ccccc1,False,0
CON(C)C(=O)Nc1ccc(Br)cc1,True,90
Cn1cnc([N+](=O)[O-])c1Sc1[nH]cnc2ncnc1-2,False,0
CC(=O)Nc1ccnc2ccccc12,True,1
COC12C(=COC(N)=O)c3c(O)c(N)c(C)c(O)c3N1CC1NC12,False,0
COc1cc2c(c3oc(=O)c4c(c13)CCOC4=O)C1CCOC1O2,False,0
c1ccc(-c2ccccc2OCC2CO2)cc1,True,4
N=C1CCC(=N)c2c1c(O)c1ccccc1c2O,False,0
CCCCC(CC)COP(=O)(OCC(CC)CCCC)OCC(CC)CCCC,True,96
Nc1ccccc1SCSc1ccccc1N,False,0
C=C(C)c1cc(O)c(C)cc1O,False,0
CC(C)c1c(C(=O)Nc2ccccc2)c(-c2ccccc2)c(-c2ccc(F)cc2)n1CCC(O)CC(O)CC(=O)O,False,0
Cn1c2ccccc2c2cc([N+](=O)[O-])ccc21,False,0
Fc1cc(F)c2cccnc2c1,True,2
ClC(Cl)(Cl)Br,True,197
CC(=O)c1cc(NC(N)=O)ccc1OCC(O)CNC(C)(C)C,True,4
CC(=O)OC1(C(C)=O)CCC2C3CC(C)C4=CC(=O)CCC4(C)C3CCC21C,False,0
CCCCOC(=O)/C=C\C(=O)OCCCC,True,46
CC(=O)Nc1ccc(S(=O)(=O)O)c2cc(S(=O)(=O)O)c(N=Nc3ccc(N=Nc4ccc(S(=O)(=O)O)cc4)c4ccc(S(=O)(=O)O)cc34)c(O)c12,True,102
C1COCC2(C1)CO2,True,1
CCOC(=O)CCl,True,264
CC(Br)(CO)CBr,True,7
Clc1ccc(C(c2ccc(Cl)cc2)C(Cl)Cl)cc1,True,493
Cc1ncc(C[n+]2csc(CCO)c2C)c(N)n1,True,4061
COP(=S)(Cl)OC,True,12
Cc1cc2c(c3ccc4ccccc4c13)CC[C@H]2C,False,0
O=C(Cl)c1ccccc1F,True,27
O=[N+]([O-])c1cccc(Br)c1,True,76
O[C@H]1[C@H](O)c2cc3ccc4ccccc4c3cc2[C@@H]2O[C@@H]21,False,0
N#CC(C#N)=Cc1ccc([N+](=O)[O-])o1,True,1
BrCBr,True,438
Nn1nnc2c3ccccc3nc-2c1O,False,0
COP(=S)(OC)Oc1ccc(N)c(C)c1,True,1
Oc1ccc2c(c1)c1ccccc1c1cc3ccccc3cc21,False,0
O=C(CCCCl)/N=c1\sn(C(=O)CCCCl)c2ccc([N+](=O)[O-])cc12,False,0
CC1CC2OC(=O)C(C)C2CC2(C)C(O)CC(O)CC12,False,0
COC(=O)CNC(=O)C(CSCCCl)NC(=O)CCC(N)C(=O)O,False,0
Cc1c(Cl)cnc2ccccc12,False,0
Cc1cc2c(c3ccc4ccccc4c13)CCC2C,False,0
O=C1C=CCCC1,True,1297
CC1CCC2C(C)C3C(CC4C5CC=C6CC(O)CCC6(C)C5CCC43C)N2C1,True,2
Cc1cn(C2CC(N=[N+]=[N-])C(CO)O2)c(=O)[nH]c1=O,False,0
C=CC[C@]1([C@H](C)C#CCC)C(=O)NC(=O)N(C)C1=O,False,0
c1ccc2c(c1)-c1c(ccc3ccccc13)[C@@H]1N[C@H]21,False,0
O=[N+]([O-])c1c2c(c3ccc4cccc5ccc1c3c45)CCCC2O,True,1
Nc1cc(Cl)ccc1O,True,218
CC(=O)OCC(=O)CN(C)N=O,False,0
CC(=O)O,True,46940
C=CC1(C)CO1,True,59
O=[N+]([O-])c1ccc2[nH]c3ccccc3c2c1,True,23
Nc1ccc(S(=O)(=O)Nc2cnc3c(Cl)cccc3n2)cc1,False,0
CC1=NC(N)=C[C@@H]2c3ccccc3N[C@H]12,False,0
COc1ccc2c(c1)-c1nccc3cc(OC)c(O)c(c13)C2=O,False,0
O=C1OCCN1P(=O)(Cl)N1CCOC1=O,True,89
CC(=O)C1=C(O)C2C3c4c[nH]c5cccc(c45)CC3C(C)(C)N2C1=O,False,0
CCCCCC(=O)Cc1cc(O)cc2c1C(=O)Oc1cc(O)c(C(=O)O)c(CCCCC)c1O2,True,249
Cc1ccc(N(N=O)C2OCC(O)C(O)C2O)cc1,False,0
CCCCC(CC)COC(=O)c1ccc(C(=O)OCC(CC)CCCC)cc1,True,156
C1COC1,True,618
CC(C)(C)NC(=O)SCC(NC(=O)CCC(N)C(=O)O)C(=O)NCC(=O)O,False,0
CN(N=O)c1ccncc1,True,1
Cc1ccc2c(ccc3cc4ccccc4cc32)c1,True,11
O=[N+]([O-])c1cc2c3c(c1)CCc1c4c(cc(c1-3)CC2)CCCC4,False,0
Sc1nc2ccccc2[nH]1,True,404
Nc1ccc(Cc2ccc(NO)c(Cl)c2)cc1Cl,True,5
O=C(O)C(=O)O,True,3657
C1OC1C1CO1,True,366
CC1(C)C[C@H]2C=C(CO)[C@@]3(C=O)C[C@@]3(C)[C@@H]2C1,False,0
Cc1cn2c([N+](=O)[O-])c(-c3ccc([N+](=O)[O-])cc3)nc2s1,False,0
CCSCCSP(=S)(OC)OC,True,161
NCCCl,True,255
C=C1CCC2CC1C2(C)C,True,3488
CC12OOC1(CO)Oc1ccccc12,False,0
OCc1ccc(Br)cc1,True,126
CCC(CCC(C)O)COC(=O)c1ccccc1C(=O)O,True,3
COc1cc(CC2NCCc3cc(O)c(O)cc32)cc(OC)c1OC,True,35
C1CO1,True,2747
CCCCCCCCCCCCCCCC(=O)OCC(O)c1oc(O)c(O)c1O,False,0
O=C[C@H]1CO1,True,1
CN(C)C(=O)c1nc2n(n1)-c1ccc(Cl)cc1C(c1ccccc1Cl)=NC2,False,0
ClC=C(Cl)Cl,True,3770
CC[C@@H](C)c1ccccc1O,False,0
CCN(CCO)N=O,True,15
CCC(C)c1cccc(C(C)CC(CC)c2ccc(C[N+](C)(C)C)cc2)c1,False,0
Cc1c(F)c(N2CCNC(C)C2)cc2c1c(=O)c(C(=O)O)cn2C1CC1,True,122
O=S(=O)(c1cc(Cl)cc(Cl)c1O)c1cc(Cl)cc(Cl)c1O,True,1
O=C1c2c(O)ccc(O)c2C(=O)c2c(NCCO)ccc(NCCO)c21,True,40
CN(C)N=Nc1ccc(Br)cc1,True,5
c1cc2cnncc2cn1,True,1
O[C@H]1C=Cc2c(ccc3c2-c2cccc4cccc-3c24)[C@@H]1O,False,0
c1ccc2c(c1)ccc1nc3ccc4ccccc4c3cc12,True,89
CCCCCCCCCCCC(=O)OOC(=O)CCCCCCCCCCC,True,259
CC(=O)CC(=O)Nc1ccc(O)cc1,False,0
Cc1cc(C)c2ccc3ccccc3c2c1,True,12
C=C(C)[C@@H]1CC=C(C)CC1,False,0
OC[C@H](O)[C@@H](O)[C@H](O[C@H]1O[C@H](CO)[C@@H](O)[C@H](O)[C@H]1O)[C@H](O)CO,False,0
COCC1C=C2c3cccc4c3c(cn4C)CC2N(C)C1,False,0
CC(C)(C)C(=O)C1C(=O)c2ccccc2C1=O,True,16
Cc1ccc2nc3c(ccc4ccccc43)c(C)c2c1,True,16
Cc1cc2c(c3ccc4c(c13)C=CC(O)C4O)CCC2,False,0
Cc1ccc2c(c1)cc1ccc3cccc4ccc2c1c34,True,6
CCn1cc(C(=O)O)c(=O)c2cnc(N3CCNCC3)nc21,True,97
O=C(O)c1ccccc1Cl,True,351
C=C(C)[C@H]1C=C2C(COC(=O)CCCCCCCCCCCCCCCCC)=CC=C2C(C)=CC1,False,0
COC(=O)C1=CCCN(C)C1,True,943
OC1C=Cc2c(ccc3c(Br)c4ccccc4cc23)C1O,False,0
CCN(CC)c1ccc(N=O)cc1,True,15
CNC(=O)Oc1ccccc1OC(C)C,True,617
Oc1c2nc3ccccc3c-2nnn1/N=C/c1ccc(-c2ccccc2)cc1,False,0
COC(=O)C1(C(N)=O)OC1(C)C(O)C(C)C,False,0
CCOC(=O)c1c2c(nn[n+]1[O-])c1ccccc1n2C,False,0
C[C@H](CCl)OP(=O)(O[C@H](C)CCl)O[C@H](C)CCl,True,6
Fc1cnc2ccc3cccnc3c2c1,False,0
Cc1ccc(NC2OC[C@@H](O)[C@H](O)[C@H]2O)cc1,False,0
Cn1cc(CC2(O)C(=O)CC3C(O)COC32O)c2ccccc21,False,0
O=[N+]([O-])c1ccc2c3c(cccc13)-c1ccc(O)cc1-2,True,18
O=C1C=CCO1,True,985
CC1c2cc(F)ccc2-c2ccc(F)cc21,True,1
C[C@@]12CCC3[C@]4(C)CCC[C@@](C)(C(=O)O)C4CC[C@]3(CC1=O)C2,False,0
N#Cc1ccccc1C#N,True,465
NC(=O)OC1CO1,True,58
CC(C)CC(NC(=O)COc1ccc(Cl)cc1Cl)C(=O)O,False,0
Cc1cc2c(c3ccc4ccccc4c13)CCC2,True,3
CC(C)CN(N=O)C(=N)N[N+](=O)[O-],True,2
Nc1c2ccccc2nc2ccc([N+](=O)[O-])cc12,True,11
COc1nsc2cc(OCC3CO3)ccc12,False,0
N=C(N)NS(=O)(=O)c1ccc(N)cc1,True,32
CCc1ccccc1NC(=O)c1csc([N+](=O)[O-])c1,False,0
Cc1cc(Cl)ccc1OCC(=O)O,True,311
CCCCCCCCOP(=O)(OCCCCCCCC)OCCCCCCCC,True,88
Fc1cnc2c(ccc3ncc(F)cc32)c1,False,0
Cc1nc2c(c3[nH]c4ccccc4c13)C(=O)C=CC2=O,False,0
CCC/C=C/C(=O)OC1C(C)(C)CC2C1(O)C=C(C=O)C13CC21C(=O)OC3O,False,0
c1ccc2c(c1)CCc1cc3ccc4c(c3cc1-2)CCCC4,False,0
BrCCCCCBr,True,141
CCOc1ccc(N=[N+]([O-])c2ccc(OCC)cc2)cc1,True,2
c1ccc2c(c1)-c1cc3ccccc3c3cc4c(c-2c13)CCCC4,False,0
CCCCCCC(=O)O,True,807
N=NCCCO,False,0
CC(C)C1=CC2=CCC3C(C)(C(=O)O)CCCC3(C)C2CC1,False,0
Cc1ccccc1N=Nc1ccc(N)c(C)c1N,False,0
Cc1ccc(OC[C@H]2CO2)cc1,True,1
CC(C)C(=O)/N=c1\sn(C(=O)C(C)C)c2ccc([N+](=O)[O-])cc12,False,0
CCCCN(CC(C)=O)N=O,False,0
BrCCBr,True,1273
Cc1cc(Cl)ccc1/N=C/N(C)C,False,0
O=C(O)Cc1cccc([N+](=O)[O-])c1,True,36
C=CCc1ccc(OC)cc1,True,895
O=NN(c1ccc(C(=O)O)cc1)C1OCC(O)C(O)C1O,False,0
Nc1ccc2c(=O)[nH]sc2c1,False,0
O=Cc1ccccc1,True,12287
Cc1ccccc1NO,True,45
CC(=O)N(Nc1ccc2c(c1)Cc1ccccc1-2)c1ccc2c(c1)Cc1ccccc1-2,True,1
NC(CSc1ccc([N+](=O)[O-])cc1[N+](=O)[O-])C(=O)O,False,0
CCCCCCCCCc1ccccc1C(CO)OS(=O)(=O)O,False,0
O=C(CCCCl)/N=c1\sn(C(=O)CCCCl)c2ccccc12,False,0
c1ccc2c(c1)-c1cccc3c1c-2cc1ccccc13,True,801
COC(=O)CC(C)=O,True,433
O=[N+]([O-])c1ccc2ccc3cccc4c3c2c1C1OC41,True,10
O=[N+]([O-])c1cccc2c1c([N+](=O)[O-])cc1cccc([N+](=O)[O-])c12,True,1
c1ccc(-c2ccncc2)nc1,True,44
CC(=C\C1=CCOC1=O)/C=C(C)/C=C/C=C(\C)C(=O)C12OC1C(O)(CCO)NC2=O,False,0
C=CCc1ccc(O)c(O)c1,True,334
O=C(Cl)C(Cl)Cl,True,167
O=C1CC(=O)c2ccccc2C1=O,True,3
O=c1[nH]c(=O)n([C@H]2C[C@@H](O)[C@@H](CO)O2)cc1CO,False,0
CNC(=O)N(C)N=O,True,52
O=C(O)C1CSCN1,True,173
Cc1occc(=O)c1O,True,1057
NCCNCCNCCN,True,410
CCOP(=S)(OCC)Oc1cc(C)nc(C(C)C)n1,True,1733
O=C1CCc2c1ccc1c2ccc2ccccc21,True,26
COC(=O)Nc1nc2cc(Sc3ccccc3)ccc2[nH]1,True,3
CCCCCCCCCCCC(=O)O,True,5110
CN(CCO)CCO,True,254
CCCCCCCC1CCC(=O)O1,True,38
Cc1ccc(N=[N+]([O-])c2ccc(C)c([N+](=O)[O-])c2)cc1[N+](=O)[O-],True,8
CC(C)(C)OOC1(C)C=C(C(C)(C)C)C(=O)C(C(C)(C)C)=C1,False,0
COc1cc2c3c(cc4ccccc4c3c1OC)N(C=O)CC2,True,1
COc1ccc2nc3occc3c(OC)c2c1,True,21
Cc1cnc2cc3nc(N)n(C)c3c(C)c2n1,True,10
CCC(CCCC(=O)O)COC(=O)c1ccccc1C(=O)O,True,1
OCc1cc2cccc3ccc4cc5ccccc5c1c4c32,True,1
CC(C)(C)NCC(O)c1ccc(O)c(NC(N)=O)c1,True,148
O=C1c2cccc3ccc4ccc5cccc1c5c4c23,True,19
CN1C=CN(COCCC(C)(C)[N+](=O)[O-])C1/C=N/O,False,0
O=[N+]([O-])c1ccc(-c2ccc([N+](=O)[O-])cc2[N+](=O)[O-])c([N+](=O)[O-])c1,True,4
O=C(O)CC(C(=O)O)C(CC(=O)O)C(=O)O,True,155
C=C(C)C1Cc2c(ccc3c2OC2COc4cc(OC)c(OC)cc4C2C3=O)O1,False,0
C=CCCCCCC,True,1435
Cc1c2ccccc2c(COS(=O)(=O)O)c2ccccc12,True,6
C=Cc1c(Cl)c(Cl)c(Cl)c(Cl)c1Cl,True,14
CCCC/C=C/C=C/C=C/C=C/C=C/OCC(O)CO,False,0
CC1(C(=O)O)CCCC2(C)C3CCC4(O)CC3(CCC12)CC41CO1,False,0
Cc1ccc2c(C)c3ccc4ccccc4c3nc2c1,True,15
NC(=O)N=NC(N)=O,True,10
C[C@@H]1CC2C3CCC4=CC(=O)C=C[C@]4(C)[C@@]3(F)[C@@H](O)C[C@]2(C)[C@@]1(O)C(=O)CO,False,0
C=CCCCCCCCC,True,516
NC(Cn1ccnc1)C(=O)O,False,0
C=CC(N)=O,True,6727
OCC#CCO,True,146
CCCCCN(CCCC)N=O,False,0
O=C1C=C2c3cc4ccccc4cc3-c3cccc(c32)C1=O,False,0
c1cc2ccc3cccc4ccc(c1)c2c34,True,9094
CCN(CC)c1ccc2c(-c3ccc(S(=O)(=O)O)cc3S(=O)(=O)O)c3ccc(=[N+](CC)CC)cc-3oc2c1,False,0
c1ccc(N=NNc2ccccc2)cc1,True,33
COc1cc([N+](=O)[O-])ccc1NC(C)=O,True,1
Cc1ccc(C)o1,True,430
Cc1cc2cccc3ccc4c5ccccc5cc1c4c32,False,0
O=C(Cn1c(=O)sc2ccccc21)OCc1ccccc1,False,0
O=P(OCC(Br)CBr)(OCC(Br)CBr)OCC(Br)CBr,True,365
Cc1c(N)cccc1Cl,True,28
CN(C)CCNC(=O)c1cccc2nc(-c3ccccc3)oc12,False,0
C=CN1CCCC1=O,True,934
CC(CNC(=O)c1cccnc1)NC(=O)c1cccnc1,True,21
Cn1c(N)nc2ccc(C#N)cc21,False,0
O=c1c2[nH]c3ccccc3c2nnn1N=Cc1ccc(Cl)cc1,False,0
CCOCCOCC,True,130
CS(=O)c1ccc(Cl)cc1,True,18
ClCBr,True,257
Cc1cc2c(nc1NO)[nH]c1ccccc12,True,2
Nc1ccc2c(n1)[nH]c1ccccc12,True,291
O=C1CN(/N=C/c2ccc([N+](=O)[O-])o2)C(=O)N1,True,996
Cc1ncc2c(n1)CCC2,True,1
O=C(/C=N/O)Nc1ccccc1,False,0
CC(=O)N(O)c1ccc(Cl)cc1,True,104
O=[N+]([O-])c1ccc2c(c1)C(O)c1ccccc1-2,True,33
CC(C)(C)C1=CC(=O)C=CC1=O,True,176
N[C@H](Cc1c[nH]c2ccccc12)C(=O)O,True,665
Cn1c(N)nc2nc3cnccc3cc21,True,1
COC(=O)c1oc([N+](=O)[O-])c(Cl)c1Cl,False,0
COc1ccc2cc3[n+](cc2c1OC)CCc1cc2c(cc1-3)OCO2,True,4870
CC1=C(O)C(O)=C(C2=C(O)C(O)=C(C)C(=O)C2=O)C(=O)C1=O,False,0
CC(O)C1C(=O)N2C(C(=O)O)=C(C3CCCO3)SC12,True,1
CCCCCCOC(=O)c1ccccc1,True,74
CC(=O)Oc1ccc2c(c1)C1(C)OOC1(C)O2,False,0
O=[N+]([O-])c1cc(O)c2ccc3cccc4ccc1c2c34,True,159
Cn1c(N)nc2c3ccncc3ccc21,False,0
CN=C1C=CC(=C(c2ccc(N(C)C)cc2)c2ccc(N(C)C)cc2)C=C1,False,0
Nc1ccc2cc(S(=O)(=O)O)cc(O)c2c1N=Nc1ccc([N+](=O)[O-])cc1S(=O)(=O)O,False,0
CC(O)C(=O)NCCO,True,30
Nc1ccccc1C(=O)OCCc1ccccc1,True,7
COc1ccccc1N=Nc1c(O)ccc2ccccc12,True,5
Brc1c(Br)c(Br)c(Br)c(Br)c1Br,True,623
COc1ccc(OC)c(N=Nc2c(O)ccc3ccccc23)c1,True,5
COc1ccc([N+](=O)[O-])cc1N,True,129
O=C(/N=c1\sn(C(=O)c2ccc([N+](=O)[O-])cc2)c2ccc([N+](=O)[O-])cc12)c1ccc([N+](=O)[O-])cc1,False,0
Nc1ccc2cccnc2c1,True,56
CCC(=O)Nc1snc2ccc(C)cc12,False,0
NCCNc1cccc2ccccc12,True,209
c1ccc2c(c1)ccc1c3ccccc3sc21,True,88
C/C=C/c1ccc2c(c1)OCO2,True,6
N[C@H]1CC[C@H](N)CC1,True,37
CC(=O)NC(CS/C(Cl)=C/Cl)C(=O)O,False,0
CC1=NC(N)=CC2c3ccccc3NC12,False,0
CCc1cccc2c3c([nH]c12)C(C)(CC)OCC3,True,2
CN1CCC(CN2c3ccccc3Sc3ccccc32)C1,True,17
O=[N+]([O-])c1cc2c3c(ccc4cccc(c43)CC2)c1,False,0
CC[C@@H](C)[C@H](C)CO,False,0
On1nnc2ccccc21,True,1513
CC(=O)Nc1cccc(N)c1,True,8
O=C/C(Br)=C(\Br)C(=O)O,False,0
CN(C)C(=O)Oc1ccc[n+](C)c1,True,506
COc1ccc2nc3cc(Cl)ccc3c(NC(C)CCCN(CCCl)CCCl)c2c1,True,91
ClC1(Cl)[C@]2(Cl)[C@@]3(Cl)[C@]4(Cl)C(Cl)(Cl)[C@]5(Cl)[C@@]3(Cl)[C@@]1(Cl)[C@]5(Cl)[C@@]42Cl,False,0
ClC1=C(Cl)[C@]2(Cl)[C@@H]3[C@@H](Cl)C=C[C@H]3[C@@]1(Cl)C2(Cl)Cl,False,0
CC(=O)c1c(O)c2n(c1O)C(C)(C)C1Cc3cccc4[nH]cc(c34)C21,False,0
Nc1nc(O)nc2c1ncn2C1OC(CO)C(O)C1O,False,0
O=CN(O)c1cccc(Cl)c1,False,0
O=Cc1ccc([N+](=O)[O-])o1,True,129
[N-]=[N+]=NCC(O)Cn1cnc2c(N)nc(N)nc21,False,0
O=[N+]([O-])c1ccc2ccc3cc4c(c5ccc1c2c35)C=CCC4,False,0
O=NN1CCCC1,True,729
COc1cc2c(c(O)c1O)C(=O)c1c(O)cc(C)cc1C2=O,True,15
CN(C)c1ccccc1,True,1542
O=C1OCCN1/N=C/c1ccc([N+](=O)[O-])o1,True,742
CCN(CC)c1ccccc1,True,292
c1ccc2c(OCC3CO3)nsc2c1,False,0
COC(=O)C12Oc3ccc(-c4ccc5c(c4O)C(O)=C4C(=O)CC(C)C(O)C4(C(=O)OC)O5)c(O)c3C(O)=C1C(=O)CC(C)C2O,True,81
Cc1ccc(C(=O)n2ncc(Cl)c(Cl)c2=O)cc1,False,0
O=C1Nc2ccc(Cl)cc2C(c2ccccc2)=NC1O,True,1046
CC(C)[C@H]1CC[C@H](C)C[C@@H]1O,True,2
CCCCCCN(N=O)C(=N)N[N+](=O)[O-],False,0
Fc1cc2cccnc2c2ncccc12,True,3
OC1c2ccc3cc4ccc5ccccc5c4nc3c2C2OC2C1O,False,0
CC(=O)O[C@H]1[C@@]2(O)CC(C)(C)CC2=C(C=O)[C@@]2(C=O)C[C@@]12C,False,0
CCN(CC)C(=O)Nc1ccc(OCC(O)CNC(C)(C)C)c(C(C)=O)c1,True,262
Nc1nc(-c2cccnc2)cs1,True,2
ClC(Cl)(Cl)[C@@H]1CO1,False,0
CN(C)N=O,True,2831
ClCc1ccc(Cl)cc1,True,86
O=C1NCNC(=O)N1,True,50
Nc1c2[nH]cnc2nc[n+]1[O-],True,33
Oc1ccnc(O)n1,True,49
NC(=S)NNC(N)=S,True,70
CC(=O)Nc1snc2ccccc12,False,0
CCc1cccc(CC)c1N=O,True,4
O=C(O)c1ccc([N+](=O)[O-])o1,True,32
COc1ccc2c(c1OC)c(=O)n(C)c1c3cc4c(cc3ccc21)OCO4,True,34
CCCCCCCCCC=CCC1CC(=O)OC1=O,True,1
CCOC(=O)C1OC1(C)c1ccccc1,False,0
CN(C)CCNC(=O)c1cccc2ccc(-c3ccccc3)nc12,False,0
Nc1ccc(-c2ccc(N)c([N+](=O)[O-])c2)cc1,True,2
NCC(=O)O,True,21592
C[C@@H]1O[C@@H](O[C@H]2C[C@](O)(C(=O)CO)Cc3c(O)c4c(c(O)c32)C(=O)c2ccccc2C4=O)C[C@H](N)[C@H]1O,False,0
ClCC1C(CCl)C2(Cl)C(Cl)=C(Cl)C1(Cl)C2(Cl)Cl,True,1
C[C@H]1C[C@H]2OC(=O)[C@H](C)[C@H]2C[C@@]2(C)[C@H](O)C[C@H](O)C[C@H]12,False,0
N=C1NC(=O)N(C2OC(CO)C(O)C2O)CC1=O,False,0
O=[N+]([O-])O[C@@H]1CO[C@H]2[C@@H]1OC[C@H]2O,False,0
c1ccc2cc3c(ccc4c5ccccc5ccc34)cc2c1,True,65
CCCCC(CC)COC(=O)c1ccc(N(C)N=O)cc1,True,14
c1cc2c3c(c4ccc5ccccc5c4cc3c1)C1OC21,False,0
CC(O)CN(C)c1ccc(NN)nn1,True,7
O=c1oc2cccc3ccc4c5ccccc5cc1c4c32,True,12
O=C1CCC(N2C(=O)c3ccccc3C2=O)C(=O)N1,True,2203
CC(=O)OC[C@H]1O[C@@H](Oc2cccc3c2C(=O)c2c(O)cccc2C3=O)[C@H](OC(C)=O)[C@@H](OC(C)=O)[C@@H]1OC(C)=O,False,0
CNc1ccc(N=Nc2ccccc2)cc1,True,61
O=[N+]([O-])c1ccc2nc3c([N+](=O)[O-])cccc3nc2c1,True,3
COC(=O)Nc1nc2ccccc2[nH]1,True,1295
CC1=C2C(=COC(C)C2C)C(O)=C(C(=O)O)C1=O,False,0
C1=CC2CCCCC2c2ccccc21,False,0
O=[N+]([O-])c1ccc2c(O)cc3cccc4ccc1c2c43,True,8
Oc1c(Cl)cc(Cl)cc1Cl,True,1333
CC(C)(c1ccc(OCC2CO2)cc1)c1ccc(OCC2CO2)cc1,True,582
C[C@@H](O)CCl,False,0
O=S(=O)(c1ccc(O)cc1)c1ccc(O)cc1,True,46
CSc1ccc([N+](=O)[O-])cc1[N+](=O)[O-],True,6
CC(=O)OCc1ccccc1,True,826
c1ccc2c(c1)ccc1cc3c(ccc4ccccc43)cc12,True,849
CC(C)(Oc1ccc(C2CCCc3ccccc32)cc1)C(=O)O,True,255
Cn1c(N)nc2nc3ccccc3cc21,True,11
N=C(N)c1ccc(-c2cc3ccc(C(=N)N)cc3s2)cc1,False,0
CC(=O)OO,True,1406
Cn1c(N=[N+]=[N-])nc2ncc(-c3ccccc3)cc21,True,2
COC(=O)C12CC1(C=O)C(C=O)=CC1CC(C)(C)CC12,False,0
Nc1ccc2cc(S(=O)(=O)O)c(N=Nc3ccc(-c4ccc(N=Nc5ccc(O)c(C(=O)O)c5)cc4)cc3)c(O)c2c1,False,0
COc1nsc2ccc([N+](=O)[O-])cc12,False,0
COc1cc2c(cc1OC)C13CCN4CC5=CCOC6CC(=O)N2C1C6C5CC43,False,0
CC(=O)Nc1cccc2cccnc12,True,23
Nc1ncnc2c1ncn2-c1ccc([N+](=O)[O-])cc1,True,1
O=C(O)c1cc(O)nc(O)n1,True,4
ClCc1cc2cc3ccccc3c3ccc4cccc1c4c23,False,0
CCC(C)C1NC(=O)C(C(C)=O)=C1O,True,552
O=NN1CC[C@H](Br)[C@@H](Br)C1,False,0
Nc1ccc2cccc3c2c1-c1ccccc1-3,True,4
O=C(O)CCCC(=O)O,True,1126
CCN(CC)c1ccc2nc3ccc(N(CC)CC)cc3[o+]c2c1,False,0
ClC(Cl)C(Cl)Cl,True,366
CN(C)CCN(Cc1ccccc1)c1ccccc1,True,4
Oc1ccc(O)cc1,True,6936
CC1NC(C(=O)O)Cc2c1[nH]c1ccccc21,True,84
O=C1C=CC(=C(Cl)Cl)O1,False,0
COc1ccc2nc3cc(Cl)ccc3c(NCCCNCCCl)c2n1,False,0
CC(Br)CBr,True,228
Fc1ccc2cc3c(cc2c1)-c1cccc2cccc-3c12,True,4
OC[C@H](Br)CBr,False,0
CC(C)OP(C)(=O)F,True,1619
CCCOc1ccc(N)cc1N,False,0
CCc1nc2c(ccc3ccc4ccc(O)cc4c32)[nH]1,False,0
O=C1COP(=O)(N(CCCl)CCCl)OC1,False,0
COc1ccc(C(=O)/C=C/c2ccccc2)cc1,True,15
Cc1cccc2nc(O)c(O)nc12,False,0
O=Cc1c(Cl)cccc1Cl,True,75
CCCCCCCCC1OC1CCCCCCCC(=O)OCC(CC)CCCC,True,1
CC(Cl)(Cl)C(=O)O,True,162
COC(=O)C1=C(C)N=C(C)C(=C(O)OC)C1c1ccccc1[N+](=O)[O-],False,0
c1ccc2sc(SN3CCOCC3)nc2c1,True,7
CC(=O)OCc1ccc(N=Nc2ccc(N(C)C)cc2)cc1,False,0
c1ccc2c(c1)cc1ccc3cccc4ccc2c1c34,True,10718
O=[N+]([O-])c1ccc2c(c1)Cc1cccc(O)c1-2,True,5
Cc1cc(N)cc(N)c1,True,1
O=[N+]([O-])c1ccc2c(c1)Cc1cc(O)ccc1-2,True,29
COc1cc2c(cc1OC)-c1c3c(cc4c1C(C2)N(C)CC4)OCO3,False,0
CC(O)CNCC(C)O,True,155
O=C1C(c2[nH]c3ccc(S(=O)(=O)O)cc3c2O)=Nc2ccc(S(=O)(=O)O)cc21,False,0
CC(Cl)C(Br)CBr,True,10
N#CC1=Cc2cccc3cccc1c23,False,0
COc1nncc2ccccc12,True,2
CCN(CC)[N+]([O-])=NO,False,0
C=C(C)C(=O)OC,True,2652
O=[N+]([O-])c1c(-c2ccc(Cl)cc2)nc2n1CCS2,False,0
Nc1ccc(/C=C/C(=O)O)cc1,True,26
Cc1ccc(OCC2CO2)cc1,True,28
O=[N+]([O-])c1cc2[nH]c3cc([N+](=O)[O-])c4ccccc4c3c2c2ccccc12,False,0
C#CC1(O)CCC2C3CCC4=CC(=O)CCC4C3CCC21CC,False,0
Oc1ccc(Cl)cc1Sc1cc(Cl)ccc1O,True,19
C1CN(SSN2CCOCC2)CCO1,True,8
CN1CC(O)c2cc3c(c4c2C1Cc1ccccc1-4)OCO3,False,0
CCCC[C@@H](CC)COP(=O)(OC[C@H](CC)CCCC)OC[C@H](CC)CCCC,False,0
Cc1ncc([N+](=O)[O-])n1C,True,228
O=C(c1ccccc1)C1OC1c1ccc([N+](=O)[O-])cc1,True,2
CON,True,821
CCCCCCCCCCCCCN1CC(C)OC(C)C1,True,100
O=c1c(O)c(-c2ccc(O)c(O)c2)oc2cc(O)cc(O)c12,True,25621
OC1c2cccc3ccc4cccc(c4c23)C1O,True,17
CC(O)c1ccc2ccc3cccc4ccc1c2c34,True,33
Brc1ccc2c(c1)C=CC1CCCCC21,False,0
CC(=O)OC/C=C(/C)CCC=C(C)C,True,173
CC(=O)OC1C2CC(C)(C)CC2=C(C=O)C2(C=O)CC12C,False,0
O=C1OC2(c3ccc(O)cc3Oc3cc(O)ccc32)c2ccccc21,True,5713
O=[N+]([O-])c1ccc2c(c1)sc1ccccc12,False,0
O=[N+]([O-])C1=Cc2cccc3cccc(c23)O1,False,0
CC(=O)OCC1OC(Oc2cccc3c2C(=O)c2c(O)cccc2C3=O)C(OC(C)=O)C(OC(C)=O)C1OC(C)=O,False,0
NC(CCCCNCC(N)C(=O)O)C(=O)O,False,0
O=C(NO)c1ccc2ccccc2c1,True,12
Cc1cc(O)c2c(c1O)C(=O)c1c(O)ccc(O)c1C2=O,True,91
Cc1c2ccccc2cc2c3c(ccc12)[C@@H](O)[C@H](O)C=C3,True,6
CCc1cc2c(c3ccc4ccccc4c13)CCC2=O,True,1
c1ccc(Cc2ccccc2OCC2CO2)cc1,False,0
CC(=O)NCC(O)COc1cccc2ccccc12,True,4
CC(C)CN(N=O)C(=N)NN(O)O,False,0
COc1ccc(N)cc1,True,920
C=CC(=O)OCC(CO)(COC(=O)C=C)COC(=O)C=C,True,231
C=C1C(=O)OC2CC(C)C3CC(OCC)OC(OCC)C3(C)CC12,True,2
CC(C)CON=O,True,331
CCN(CC)c1cc(NC(C)=O)c(N=Nc2ccc([N+](=O)[O-])cc2)cc1OC,False,0
O=C(C=Cc1ccc(O)c(O)c1)OC1CC(O)(C(=O)O)CC(O)C1O,True,6
COC(=O)c1ccccc1C(=O)OC,True,1360
O=C(CCl)NCc1ccccc1,True,22
c1ccc(OC2CO2)cc1,True,7
CC(=O)Nc1ccc2c(c1)Cc1cccc(O)c1-2,True,69
c1ccc2c(c1)cc1ccc3cc4ccccc4c4ccc2c1c34,True,119
CN(C)C1CCCCC1,True,71
Cc1nc(-c2ccc([N+](=O)[O-])o2)cs1,True,6
CN1C2CC(OC(=O)C(CO)c3ccccc3)CC1C1OC12,True,12
C=C(Br)C(C)=O,True,6
C=CC,True,1891
COc1cc(O)cc2c1cc([N+](=O)[O-])c1c(C(=O)O)cc3c(c12)OCO3,True,8
CCN(CC)CCCC(C)Nc1c2ccc(Cl)cc2nc2ccc(OC)cc12,True,1305
c1ccc(CN2CCN=N2)cc1,False,0
CCOC(=O)C1OC1C(=O)NC(CC(C)C)C(=O)NCCC(C)C,False,0
Cc1nc2c(c3[nH]c4ccccc4c13)C(=O)C=C(N1CC1)C2=O,False,0
Nc1cccc([N+](=O)[O-])c1,True,344
O=S(=O)(Nc1ccc(Cl)cc1Cl)c1cccc2cccnc12,False,0
[N-]=[N+]=NCC(=O)O,True,127
C=C1C/C(=C/C)C(=O)O[C@H]2CCN3CC=C(COC(=O)[C@@]1(O)CO)[C@H]23,False,0
COP(=S)(OC)Oc1ccc([N+](=O)[O-])cc1,True,687
CCCN(CCC)c1c([N+](=O)[O-])cc(C(F)(F)F)cc1[N+](=O)[O-],True,884
CCCCCCCCC(Cl)CCC(Cl)CC(Cl)C(Cl)C(Cl)CC(=O)OC,False,0
O=[N+]([O-])c1cc2[nH]c3ccc4c(O)cccc4c3c2c2ccccc12,False,0
NC(CCC(=O)NC(CSC(Cl)=C(Cl)Cl)C(=O)NCC(=O)O)C(=O)O,False,0
C(=N/N1Cc2[nH]c3ccccc3c2N=N1)\c1ccc(Oc2ccccc2)cc1,False,0
CC(Br)Br,True,210
O=C(O)C1CSC(c2ccccc2O)N1C(=O)CCS,True,1
CN(CCO)C(=O)Nc1ccccc1,True,1
CC1=Nc2ccccc2C1(C)C,True,40
Cc1cc(N)ccc1-c1ccc(O)cc1,False,0
Nc1cccc2ccc3ccccc3c12,True,18
OCc1cc2c3ccccc3cc3ccc4cccc1c4c32,True,1
O=CNNc1nc(-c2ccc([N+](=O)[O-])o2)cs1,True,5
CC[C@@H](C)COC(=O)/C=C/c1ccc(/N=C/c2ccc(OC)cc2)cc1,False,0
CN1CCc2c1ccc1ccc3ccc(O)cc3c21,True,3
c1ccc([C@H]2CO2)cc1,True,80
N=P(O)(O)N(CCCl)CCCl,False,0
O=Cc1ccc(Cl)cc1,True,493
CC(C)(C)OCO,True,23
CC1=C(/C=C/C(C)=C/C=C/C(C)=C/C=C/C=C(C)/C=C/C=C(\C)C=O)C(C)(C)CCC1,True,130
c1ccc2sc(SNC3CCCCC3)nc2c1,True,25
C1=COc2c(c3ccccc3c3cc4ccccc4cc23)C=C1,False,0
CCCCCCCCCCCC(C)=O,True,392
CCC[C@@H](C)C[C@@H](OC(=O)C[C@@H](CC(=O)O)C(=O)O)[C@@H](C[C@H](C)CCCCCC[C@H](O)C[C@H](O)[C@@H](C)N)OC(=O)C[C@@H](CC(=O)O)C(=O)O,False,0
Clc1cccnc1,True,223
CN(Cc1cnc2nc(N)nc(N)c2n1)c1ccc(C(=O)NC(CCC(=O)O)C(=O)O)cc1,False,0
Cc1cc2c(nc1N)[nH]c1ccccc12,True,149
CSCC(NC(=O)C(C)(C)SC)C(=O)O,False,0
Oc1ccc2ccc3c4ccccc4cc4ccc1c2c43,True,726
NC(Cc1ccc(O)c([N+](=O)[O-])c1)C(=O)O,False,0
CC(=O)N(O)c1ccccc1,True,98
OC/C=C/c1ccccc1,True,80
CC(C)Nc1ccccc1,True,158
CCN(CC)CC#CCOC(=O)C(O)(c1ccccc1)C1CCCCC1,True,700
COC(=O)[C@H]1[C@H]2C[C@@H]3c4[nH]c5cc(OC)ccc5c4CCN3C[C@@H]2C[C@@H](OC(=O)/C=C/c2cc(OC)c(OC)c(OC)c2)[C@@H]1OC,False,0
O=c1c2c(O)cccc2oc2cc3c(c(O)c12)C1CCOC1O3,False,0
c1ccc2c(c1)cc(C1CO1)c1ccccc12,False,0
O=C1O[C@@H](O)C(C(Cl)Cl)=C1Cl,False,0
O=C(COc1cc(Cl)c(Cl)cc1Cl)NC(Cc1c[nH]c2ccccc12)C(=O)O,False,0
OC1c2ccc3c4c(ccc3c2C2OC2C1O)CCC4,False,0
CCOP(=S)(OCC)OP(=S)(OCC)OCC,True,137
CC(C)CC(=O)OCc1cocc2c(C=O)ccc1-2,True,17
O=C1C(=O)c2ccccc2-c2ccccc21,True,438
Cc1ccc(CC[C@H]2CO2)cc1,False,0
CC(=O)OCCN(CCOC(C)=O)c1ccc([N+](=O)[O-])c2c(NCCCN(C)C)c3ccccc3nc12,False,0
CN(N=O)c1ccccn1,True,1
O=[N+]([O-])OCC(CO[N+](=O)[O-])O[N+](=O)[O-],True,1127
O=C(/C=C/c1ccc(O)cc1)c1ccccc1,True,92
Nc1cccc2c1ccc1ccccc12,True,32
O=[N+]([O-])c1ccc2sc3ccccc3c2c1,True,8
CC(C)(C)CBr,True,53
CC(C)NCC(O)c1ccc(O)c(O)c1,True,4392
O=[N+]([O-])c1c2c(c3ccc4cccc5ccc1c3c45)CCCC2,False,0
C=CC(=O)OCCCCCC(C)C,True,31
Oc1ccc2ccc3cc4ccccc4c4ccc1c2c34,True,144
CC(C)(C)NCC(O)COc1ccccc1C1=CCCC1,False,0
COC(=O)C(N)Cc1ccc(Cl)cc1,True,13
Clc1ccc(CN2C3c4ccccc4-c4ccccc4C32)cc1,False,0
O=C(OCc1ccccc1)c1cccc2cccnc12,True,1
c1ccc2cc3c(cc2c1)-c1cccc2cccc-3c12,True,688
CCN(CC)c1ccc(N=Nc2ccccc2)cc1,True,40
COc1c(Cl)c(Cl)c([N+](=O)[O-])c(Cl)c1Cl,True,1
Cc1ccc(N=Nc2c(O)ccc3ccccc23)c(S(=O)(=O)O)c1,False,0
CCN(CC)CCCC(C)Nc1cc(OC)cc2cccnc12,True,236
O=[N+]([O-])c1cccc(I)c1,True,71
C=CC(=O)N(CC1CO1)CC1CO1,True,3
CN1C[C@H](C(=O)N[C@@]2(C)O[C@]3(O)[C@H]4CCCN4C(=O)[C@@H](Cc4ccccc4)N3C2=O)C=C2c3cccc4[nH]cc(c34)C[C@@H]21,False,0
COCC(O)Cn1cc([N+](=O)[O-])nc1Cl,True,3
COc1nncc2ncccc12,False,0
O=[N+]([O-])c1ccc(-c2cscn2)o1,True,1
C=C1CC/C=C(/C)CC[C@@H]2[C@H]1CC2(C)C,False,0
CC1C(O)CCC2=CC(=O)C3(C4(CO)CO4)OC3C21C,False,0
O=[N+]([O-])c1cccc2nc3cccc([N+](=O)[O-])c3nc12,False,0
C=C1/C(=C/C=C2\CCCC3(C)C2CCC3C(C)CCC(O)C(C)C)CC(O)CC1O,False,0
[O-][N+](O)=CCl,False,0
O=[N+]([O-])c1cccc2c1ccc1cccc([N+](=O)[O-])c12,True,5
Cc1ccccc1OC[C@H]1CO1,True,1
N[C@@H](CCC(=O)O)C(=O)O,True,8949
Cc1cc(O)c2c(c1)C(=O)c1c(c(O)cc(O)c1-c1c(O)cc(O)c3c1C(=O)c1cc(C)cc(O)c1C3=O)C2=O,True,254
O=c1c2[nH]c3ccccc3c2nnn1N=Cc1ccccc1,False,0
CCN(CC)c1ccc2c(c1)Oc1cc(N(CC)CC)ccc1C2c1ccccc1C(=O)O,False,0
O=[N+]([O-])c1ccc(/C=N/c2snc3ccccc23)o1,False,0
CC(CCc1ccccc1)NCC(O)c1ccc(O)c(C(N)=O)c1,True,460
O=[N+]([O-])c1c(-c2ccc(Cl)cc2)nc2sccn12,False,0
Cc1ccc(NCC2(O)OCC(O)C(O)C2O)cc1,True,1
CN(C)CCNC(=O)c1ccc2ccc3cccnc3c2n1,False,0
CCN(N=O)/C(C=O)=N/O,False,0
Nc1cc2[nH]c3ccccc3c2cc1[N+](=O)[O-],True,2
Nc1ccccc1N,True,3520
O=NN1CCC=C(C(=O)O)C1,True,47
C1C[C@@H]2O[C@@H]2[C@H]1O[C@H]1CC[C@@H]2O[C@H]12,False,0
C=C(C)C(=O)OCCOC(=O)C(=C)C,True,1849
N#Cc1cccc2c([N+](=O)[O-])cccc12,False,0
N#[N+]c1nc[nH]c1C(N)=O,False,0
O=C(O)c1cc(Cl)ccc1Cl,True,91
CC12C=CC3=C4CCC(=O)C=C4CCC3C1CCC2O,False,0
c1cc2c3c(cccc3c1)CC2,True,873
c1ccc(COCc2ccccc2)cc1,True,731
CC1(C)CC(N)CC(C)(CN)C1,True,65
CN=NC(C)(C)OO,True,3
O=C(O)Cc1c[nH]c2ccc(O)cc12,True,289
CC(=O)Nc1ccc2ccc3c(O)ccc4ccc1c2c43,True,32
Nc1ncnc2c1nc(-c1ccc([N+](=O)[O-])cc1)n2-c1ccc([N+](=O)[O-])cc1,False,0
CN(C)CCNC(=O)c1cccc2cc(-c3ccccc3)oc12,False,0
CCc1cccc(CC)c1N(COC)C(=O)CO,True,21
CC(=O)Nc1ccc(Oc2ccc(N(O)C=O)cc2)cc1,False,0
COCc1c(O)cc2c(c1O)C(=O)c1ccccc1C2=O,True,1
c1cnc2c(c1)C1OC1CC2,False,0
O=S(=O)(Nc1cc(Cl)cc(Cl)c1)c1cccc2cccnc12,False,0
Nc1ccc(N=Nc2ccc(N=Nc3c(S(=O)(=O)O)cc4cc(S(=O)(=O)O)c(N=Nc5ccc(N=Nc6ccc(N)cc6N)cc5)c(O)c4c3N)cc2)c(N)c1,False,0
CCCC(C)(COC(N)=O)COC(=O)NC(C)C,True,181
O=[N+]([O-])c1ccc(S(=O)(=O)O)c([N+](=O)[O-])c1,True,129
CC(=O)Nc1ccc(O)cc1,True,10264
Cc1cc2ccccc2c2ccc3ccccc3c12,True,526
COc1cc(OC)c2nc3occc3c(OC)c2c1,True,11
Cc1cc(C)cc(O)c1,True,260
CC1(c2ccc(-c3ccccc3)cc2)CO1,False,0
CC(=O)OC1(C(C)=O)CCC2C3CC(C)=C4CC(=O)CCC4(C)C3CCC21C,False,0
O=[N+]([O-])c1cc(C(F)(F)F)cc([N+](=O)[O-])c1O,True,13
NC(=O)N(CCCC(=O)O)N=O,False,0
COC(=O)c1occ(-c2ccccc2)c1-c1ccccc1,True,1
O=C(O)c1cccnc1,True,4768
CC1C(C)(C)Nc2ccccc2C1(C)C1C(C)(C)Nc2ccccc2C1(C)C,False,0
Cc1cc(O)c2c(c1)C(=O)C(c1c(C)cc3c(c1O)C(=O)C=CC3=O)=CC2=O,True,236
Nc1cccc(S(=O)(=O)O)c1,True,94
O=[N+]([O-])c1c2ccccc2cc2ccccc12,True,278
O=C(O)c1cc(O)c2c(c1)C(=O)c1cccc(O)c1C2=O,True,1019
O=C(O)CCCCC(=O)O,True,2051
O=[N+]([O-])c1cc[n+]([O-])c2ccccc12,True,972
c1cc2sncc2cc1OC[C@H]1CO1,False,0
O=Nc1ccc2ccc3ccc([N+](=O)[O-])c4ccc1c2c34,True,34
CCO,True,68180
O=C(O)C[C@H](C(=O)O)[C@@H](CC(=O)O)C(=O)O,False,0
O=c1c(O)c(-c2ccc(OCCO)c(OCCO)c2)oc2cc(OCCO)cc(O)c12,True,1
O=C(O)/C(Cl)=C(\C(=O)O)C(Cl)Cl,True,1
O=C1c2ccccc2C(=O)c2c(O)c(O)cc(O)c21,True,319
COc1ccc2[nH]c(N)nc2c1,False,0
CS(=O)(=O)c1ccc(O)c(N)c1,True,2
CCOC(=O)CC(C)=O,True,1070
Cc1ccccc1,True,39134
NC(=O)NCC(=O)O,True,190
C[C@]12CC[C@H]3[C@@H](CC=C4NC(=O)CC[C@@]43C)[C@@H]1CC[C@@H]2OC(=O)CCCc1ccc(N(CCCl)CCCl)cc1,False,0
CCCCN=NC(C)(C)OO,False,0
Cc1ccc2nc3c(cc2c1)-c1cccc2cccc-3c12,False,0
NC(=O)c1cc(N2CC2)c([N+](=O)[O-])cc1[N+](=O)[O-],True,129
O=[N+]([O-])c1ccc(/C=N/n2cccn2)o1,False,0
COC12OOC1(C)Oc1ccccc12,False,0
Cc1nccnc1C,True,424
Cc1cccc(C)c1NC(=O)CN1CCCC1=O,True,80
Nc1ccc2c(c1)[nH]c1ccccc12,True,5
CCC1CN2CCc3cc(OC)c(OC)cc3C2CC1CC1NCCc2cc(OC)c(OC)cc21,False,0
N#Cc1cc(I)c(O)c([N+](=O)[O-])c1,True,75
C=C(C)C=O,True,602
CC(=O)Nc1ccc(C(=O)CCl)cc1,True,6
O=c1c(=O)c2cc3ccccc3c3ccc4cccc1c4c23,True,36
Cc1cnc2c(ccc3c2nc(N)n3C)n1,True,1
c1ccc(CSCc2ccccc2)cc1,True,166
Fc1ccc2cccnc2c1,True,20
O=C(/C=C/c1ccccc1)OC/C=C/c1ccccc1,True,3
Cc1cccc(C)c1[N+](=O)[O-],True,105
CCOP(=S)(OCC)S[C@@H]1OCCO[C@H]1SP(=S)(OCC)OCC,False,0
Nc1cccc(Cl)c1,True,388
COc1cc(N)ccc1C,True,6
CC(C)CC(NC(=O)COc1cc(Cl)c(Cl)cc1Cl)C(=O)O,False,0
Nc1ccc(N)c2ccccc12,True,65
CCNc1snc2ccccc12,True,1
O=[N+]([O-])c1nc2ccccc2[nH]1,True,74
CN(CCCC(O)c1cccnc1)N=O,True,319
O=C1CCC(=O)N1c1cc(Cl)cc(Cl)c1,True,293
CC1c2ccccc2N(C)C2=Nc3ccccc3C21,False,0
OC1C=Cc2ccc3ncccc3c2C1O,True,3
O=C(O)CCCCCCCCCCCCCCCCCO,True,62
O=CN(O)c1ccc(/C=C/c2ccccc2)cc1,False,0
Cc1cccc([N+](=O)[O-])c1N,True,20
Oc1cc(O)c2ccccc2c1,True,63
O=CNc1nc(-c2ccc([N+](=O)[O-])s2)cs1,False,0
NCCS,True,3093
COc1cccc2sc(N)nc12,True,8
CCC(C)NC(=O)C=Cc1ccc([N+](=O)[O-])o1,False,0
CC(C)(COC[C@H]1CO1)COC[C@H]1CO1,False,0
CC(C)CCON=O,True,377
Nc1ccc2c(c1)Cc1ccccc1-2,True,1000
CC(=O)N[C@@H](CS)C(=O)O,True,11919
O=[N+]([O-])c1ccc2c(c1)CCc1cc3c(cc1-2)CCc1ccccc1-3,False,0
O=[N+]([O-])c1ccccc1SS/C(Cl)=C(\Cl)C(F)(F)F,False,0
C/C=C/c1cc(OC)c(OC)cc1OC,True,345
CC1=CC(C)(C)Nc2ccccc21,True,42
Cc1cnc2ccc3c(nc(N)n3C)c2n1,True,536
O=C(O)c1ccc(Cl)c(Cl)c1,True,94
NC(Cc1ccccc1)C(=O)O,True,240
Nc1ccc(Cl)cc1Cl,True,234
ClCC(Cl)Cl,True,241
O=C1c2ccc(O)cc2C(=O)c2ccc(O)cc21,True,54
Cc1cc(N=Nc2ccccc2C)c(N)cc1N,False,0
CCCCN(CCC(=O)O)N=O,False,0
Nc1nc2ncnc-2c[nH]1,False,0
Cc1ccccc1NC(=O)c1csc([N+](=O)[O-])c1,False,0
CN(C)S(=O)(=O)N(SC(F)(Cl)Cl)c1ccccc1,True,303
O=[N+]([O-])c1cccc(CCl)c1,True,13
CN(C)c1ccc(N=Nc2ccc(S(=O)(=O)O)cc2)cc1,True,4
CC(COc1ccccc1)N(CCCl)Cc1ccccc1,True,633
CCN(CC)CCNc1ccc(COS(C)(=O)=O)c2sc3ccccc3c(=O)c12,False,0
ClC[C@H]1CO1,True,59
CCCC(=O)OCc1ccccc1[N+](=O)[O-],True,4
CC(C)NC[C@@H](O)COc1cccc2c1OC[C@@H](O[N+](=O)[O-])C2,False,0
CC(C)(Cl)Cl,True,121
Nc1ccc(Sc2ccccc2)cc1,True,7
Nc1cc([N+](=O)[O-])ccc1-c1ccc([N+](=O)[O-])cc1,True,13
Nc1ccc(N)c(Cl)c1,True,31
COc1cc(C=O)ccc1O,True,5551
CC1=CC2=C(C=O)C(=O)[C@](C)(O)[C@H](O)C2=CO1,False,0
O=C(/C=C/c1ccccc1)c1ccc(-c2ccccc2)cc1,True,1
CCc1cc(O)cc2c3c([nH]c12)C(CC)(CC(=O)O)OCC3,True,8
Cc1cc(C)c2nsnc2c1[N+](=O)[O-],False,0
COC(COC(N)=O)C1=C(N2CC2)C(=O)C(C)=C(N2CC2)C1=O,True,24
CCCCc1ccc(/N=C\c2ccc(OC)cc2)cc1,False,0
CCCCCOc1ccc(N=O)cc1,True,2
O=C1C=CC(=O)N1c1ccc(Cc2ccc(N3C(=O)C=CC3=O)cc2)cc1,True,24
O=C(Cl)c1ccc([N+](=O)[O-])cc1,True,231
Cc1c([N+](=O)[O-])cc([N+](=O)[O-])c(N)c1[N+](=O)[O-],True,1
COc1ccc([N+](=O)[O-])cc1,True,415
CC(C)(C)OC(=O)CN=[N+]=[N-],True,12
COc1cc2nc3cc(N)ccc3nc2cc1N,True,4
ClC(Cl)=C(c1ccc(Cl)cc1)c1ccc(Cl)cc1,True,1264
CC(C)(C)CCCCCC(=O)OC[C@H]1CO1,False,0
CC#CC(OC(=O)NC1CCCCC1)(c1ccccc1)c1ccccc1,False,0
BrCC(Br)C1CCC(Br)C(Br)C1,True,36
O=[N+]([O-])c1ccc2c3c4c(cccc4c4ccccc4c13)C(O)C2O,False,0
CC(=O)OCc1ccco1,True,92
CC1=CCC(=O)O1,True,104
CC(C)(c1ccc(OCC(O)CO)cc1)c1ccc(OCC2CO2)cc1,True,17
C1CC2OC2CC1COCC1CCC2OC2C1,False,0
O=[N+]([O-])c1ccc(S(=O)(=O)O)cc1,True,79
Cc1cc2ccccc2c2cc3ccccc3cc12,True,32
C#CCNC(=NCCSCc1nc[nH]c1C)NC#N,True,12
CN(CCC#N)c1ccc(N=Nc2ccc3ncsc3c2)cc1,True,1
C[N+](C)(C)CC1CO1,True,1
Nc1c2ncn(C(c3ccccc3)c3ccccc3)c2nc[n+]1[O-],False,0
ClCCNCCCl,True,134
c1cc2c(cc1CC1CO1)OCO2,True,165
O=C1CCCO1,True,1063
c1ccc2c(c1)oc1ccccc12,True,778
O=C(Nc1ccccc1)Nc1snc2ccccc12,False,0
Oc1c2nc3ccccc3c-2nnn1/N=C/c1ccccc1,False,0
O=S(=O)(O)O,True,16352
c1ccc2c3c(ccc2c1)-c1cccc2cccc-3c12,True,242
CCCCC(CC)COC(=O)c1ccccc1C(=O)O,True,80
CCCCCC,True,27661
Cc1ccc2nc3c4c(ccc3c(CO)c2c1)C(O)C(O)C=C4,False,0
C=C(C)C(=O)OCCCCC,True,35
COC(C)CCO,True,16
Cc1cc(-c2cc(C)c(N)c(C)c2)cc(C)c1N,True,1084
NC(CSC/C=C/Cl)C(=O)O,False,0
CCn1c(N)nc2c3cccnc3ccc21,True,1
Nc1nc2c(s1)CCC1NCCCC21,False,0
Cn1ccnc1[N+](=O)[O-],True,18
CCCCOC(=O)CCCCCCCCC(=O)OCCCC,True,264
O=C/C=C/c1ccccc1[N+](=O)[O-],True,6
Clc1nncc2ncccc12,False,0
O=[N+]([O-])c1ccc2c3c(cccc13)-c1ccccc1-2,True,447
ICCc1ccccc1,True,53
N#C/C(=C\C=C\c1ccccc1)c1ccc(Cl)cc1,False,0
COC(=O)Nc1nc2cc(C(=O)c3ccccc3)ccc2[nH]1,True,11
Cc1c(N)nc(C)c2c1[nH]c1ccccc12,True,160
CCN(CCCl)c1ccc(CCCNc2c3ccccc3nc3ccccc23)cc1,False,0
CC(C)CC1NC(=O)C(C)N(C)C(=O)CNC(=O)/C(=C\c2ccccc2)N(C)C1=O,False,0
O=c1n(Cl)c(=O)n(Cl)c(=O)n1Cl,True,107
O=C(NCc1ccccc1)C(Cl)c1ccccc1,False,0
CC(C)(C)CNC(=O)/C=C/c1ccc([N+](=O)[O-])o1,False,0
O=C(CBr)c1ccccc1,True,588
CC/C=C/C/C=C/C/C=C/CCCCCCCC(=O)O,True,5
CCCN(CCC)S(=O)(=O)c1ccc(C(=O)O)cc1,True,2461
O=C1C(=O)C(c2ccc(O)cc2)Oc2cc(O)cc(O)c21,True,54
c1ccc2c(c1)ccc1ccc3c(c12)CCC3,True,1
CC(=O)O[C@@H]1Cc2c3ccc4ccccc4c3cc3ccc(C)c1c23,False,0
COP(=O)(OC)OC=C(Cl)Cl,True,1466
CCCCCCCCBr,True,192
O=C1NC(=O)C2CC=CCC12,True,12
CN(C)CCNC(=O)c1ccc2c(N)c3ccccc3nc2c1,False,0
CCCCC1C(=O)N(c2ccccc2)N(c2ccccc2)C1=O,True,1628
O=Nc1ccc(O)cc1,True,165
COc1cccc(C(=O)CBr)c1,True,76
O=[N+]([O-])c1cc2c3c(c1)CCc1cc([N+](=O)[O-])cc(c1-3)CC2,False,0
N=C1NC(=O)N(C2CC(O)C(CO)O2)CC1=O,False,0
Cc1c2ccccc2cc2ccc3c(c12)C=CC(=O)C3=O,True,1
Oc1nc(Cl)nc(Cl)n1,False,0
NCCN(CCCl)c1c2ccccc2nc2c1ccc1ccccc12,False,0
OCc1c2ccccc2cc2ccccc12,True,75
Cc1cccc2ccc3cc4ccccc4cc3c12,True,107
Oc1cc(O)c2cc(O)c(-c3cc(O)c(O)c(O)c3)[o+]c2c1,True,8
COc1cc(C2c3cc4c(cc3C(O)C3COC(=O)C23)OCO4)cc(OC)c1OC,False,0
BrCc1ccc(Br)cc1,True,108
COC(=O)/C(C)=C/c1ccc([N+](=O)[O-])o1,False,0
Oc1c(Cl)cc(Cl)c2cccnc12,True,41
O=[N+]([O-])C1=Cc2cc3cc4ccccc4cc3c3cccc1c23,False,0
CC(=O)N(OC1OC(CO)C(O)C(O)C1O)c1ccc(Oc2ccc(Cl)cc2)cc1,False,0
CCCC[C@@H](CC)COP(OC[C@H](CC)CCCC)OC[C@H](CC)CCCC,False,0
CC(=O)C(Cl)(Cl)Cl,True,314
O=[N+]([O-])c1ccc(Nc2ccc(Nc3ccccc3)c(S(=O)(=O)O)c2)c([N+](=O)[O-])c1,True,1
Cc1cc(C)c2nc3c(ccc4ccccc43)c(C)c2c1,True,1
O=S(=O)(O)OCc1c2ccccc2c2ccc3cccc4ccc1c2c43,True,18
O=C(NCCCl)Nc1ncc([N+](=O)[O-])s1,False,0
CCc1cccc(CC)c1NC(=O)CO,True,5
O=[N+]([O-])c1ccccc1,True,3388
COc1ccccc1O,True,2727
O=C1CCO1,True,281
CCSCCSP(=O)(OC)OC,True,180
Oc1c(Cl)cccc1Cl,True,347
COC1=CC(=O)C=C/C1=N\c1c2ccccc2nc2ccccc12,False,0
CC(=O)c1oc([N+](=O)[O-])c(-c2ccccc2)c1-c1ccccc1,True,1
Nc1ccc2nc3ccc(N)cc3nc2c1,True,17
Nc1ccc(Cl)c(Cl)c1Cl,True,52
Cc1ccc2cc3c4c(ccc3c3c2c1CC3)C=C[C@@H](O)[C@H]4O,False,0
C=C[C@H]1CN2CC[C@H]1C[C@H]2[C@H](O)c1ccnc2ccc(OC)cc12,True,3070
O=[N+]([O-])c1ccc2c[nH]nc2c1,False,0
C=Cc1ccccc1Cl,True,47
c1ccc2c(c1)-c1nc3ccccc3c3c1c-2nc1ccccc13,True,2
CC(=O)Nc1ccc(C)c(N)c1,True,24
O=C1c2ccccc2C([N+](=O)[O-])c2ccccc21,True,5
O=C(O)c1cc2ccccc2cc1O,True,135
COc1cc(O)c2c(=O)c3c(OC)cc4c(c3oc2c1OC)C1CCOC1O4,True,4
Nc1cc(C(F)(F)F)ccc1Cl,True,24
Oc1cc(Cl)ccc1Cl,True,277
COP(=S)(OC)SCN1C(=O)c2ccccc2C1=O,True,294
CC1(C)OC1COc1c2occc2cc2ccc(=O)oc12,True,4
CCOC(=O)c1[nH]c2ccccc2c1/N=C/c1ccc([N+](=O)[O-])cc1,False,0
Cc1ccccc1N=O,True,79
CC1SCC(C(=O)NC(Cc2c[nH]cn2)C(=O)N2CCCC2C(N)=O)NC1=O,False,0
OC1c2ccc3nc4ccc5ccccc5c4cc3c2C2OC2C1O,False,0
C#CCOCCN1C=CN(C)C1/C=N/O,False,0
c1ccc2c(c1)cc1ccc3cccc4ncc2c1c34,False,0
COC1(NC(=O)CSCC(N)C(=O)O)C(=O)N2C(C(=O)O)=C(CSc3nnnn3C)CSC21,False,0
CCOC(=O)[C@@H](C)C[C@](C)(C[C@H](C[C@@](C)(C[C@@H](C[C@](C)(CC)C(=O)O)C(=O)OCC)C(=O)O)C(=O)OCC)C(=O)O,False,0
Clc1ccc(Cl)c(Cl)c1Cl,True,473
CCCCCC/C=C\CCCCCCOC(C)=O,True,88
CC(=O)Nc1ccc2ncccc2c1,True,2
O=[N+]([O-])c1ccc2c3c(cccc13)CC2,True,63
Nc1ccc(-c2ccc([N+](=O)[O-])cc2N)c([N+](=O)[O-])c1,True,4
CCSCC[C@H](N)C(=O)O,True,1078
NC(CSC(Cl)=C(Cl)Cl)C(=O)O,False,0
Cc1c2cc(CO)ccc2nc2c1ccc1ccccc12,True,1
CC(=O)Nc1cccc(O)c1,True,110
COc1cccc2c1cc1c3c(cc4c(c32)OCO4)C(=O)N1[C@@H]1O[C@H](CO)[C@@H](O)[C@H](O)[C@H]1O,True,6
CCOc1ccccc1C(N)=O,True,179
O=[N+]([O-])c1c2c(cc3ccccc13)C=CC(O)C2O,False,0
COc1ccc(Cc2nccc3cc(OC)c(OC)cc23)cc1OC,True,1733
Nc1c2ncn(Cc3ccccc3)c2nc[n+]1[O-],True,2
CC(C)CCOS(C)(=O)=O,True,1
NS(=O)(=O)c1cccc2cccnc12,True,9
O=C(NCc1ccccc1)C1CO1,True,2
CCC(=O)OCC(=O)C1(OC(=O)CC)C(C)CC2C3C(Cl)CC4=CC(=O)C=CC4(C)C3C(O)CC21C,False,0
O=[N+]([O-])c1cc([N+](=O)[O-])c(Cl)c([N+](=O)[O-])c1,True,242
CCCOC(=O)c1ccc(O)cc1,True,930
CCC#N,True,589
CCC(=O)N(c1ccc(Cl)c(Cl)c1)C1CCCC1N(C)C,False,0
Nc1ccc(-c2ccc(N)cc2[N+](=O)[O-])c([N+](=O)[O-])c1,False,0
Cc1ccc(N(CC2(O)OCC(O)C(O)C2O)N=O)cc1,False,0
CN(C)c1ccc(N(C)C)c2c1C(=O)c1c(O)ccc(O)c1C2=O,False,0
Cc1c2c(c3ccc4ccccc4c3c1C)CCC2=O,False,0
Cc1ccccc1-c1ccccc1,True,63
c1cnccn1,True,2952
Cn1cnc2cc([N+](=O)[O-])ccc21,True,3
COc1nc2cc([N+](=O)[O-])cc(CBr)c2nc1OC,True,1
CC(C)(c1ccc(OCC(O)CO)cc1)c1ccc(OCC(O)CO)cc1,True,91
Fc1cc2cccnc2c2cccnc12,False,0
CC(C)(C)c1ccc(OP2OCC3(CO2)COP(Oc2ccc(C(C)(C)C)cc2C(C)(C)C)OC3)c(C(C)(C)C)c1,False,0
COC(=O)/C(=C/c1ccc(Br)o1)[N+](=O)[O-],False,0
O=C(O)C1OC(Oc2cccc3c2cc2ccc4cccc5ccc3c2c45)C(O)C(O)C1O,False,0
C[C@@H](O)c1cc2ccc3cccc4ccc(c1)c2c34,False,0
C#CC1(O)CCC2C3CC=C4CC(=O)CCC4C3CCC21C,False,0
OCC(CO)N[C@@H]1C[C@](O)(CO)[C@H](O)[C@@H](O)[C@@H]1O,False,0
O=[N+]([O-])c1ccc2c(c1)c([N+](=O)[O-])cc1cccc([N+](=O)[O-])c12,True,2
O=C1C=CC(=O)c2c(O)cccc21,True,974
CCC12OC1(C(=O)OC)C(=O)OC2C,False,0
Cc1cc(Nc2ccc(O)cc2)ccc1N,False,0
CN1CCOCC1,True,1011
C=C(C#N)C(=O)OC,True,235
C[C@@H]1CNC(=O)N1c1ncc([N+](=O)[O-])s1,False,0
CC1CCC(C(C)C)C(=O)C1,True,21
Clc1ccc(CSc2ccc(Cl)cc2)cc1,True,15
COc1ccccc1[N+](=O)[O-],True,232
CC(CCl)OC(C)CCl,True,12
Nc1ccc(-c2cc(Cl)c(N)c(Cl)c2)cc1Cl,True,5
c1cc2ccc3cc4c(c5ccc(c1)c2c35)CC[C@H]1O[C@@H]41,False,0
C#CC1(OC(C)=O)CCC2C3CCC4=C(CCC(=O)C4)C3CCC21C,False,0
CC(C)(C)CCCCCC(=O)OCC1CO1,False,0
Nc1nc(NO)c2ncn(C3OC(CO)C(O)C3O)c2n1,False,0
CC(C)NCC(O)COc1cccc2[nH]c3ccccc3c12,True,259
COC1=C[C@@H]2[C@@H]3Cc4ccc(OC)c(O)c4[C@]2(CCN3C)CC1=O,True,519
COC(=O)c1ccc(C=O)cc1,True,114
CCCCCCCCOC(=O)c1ccccc1C(=O)OCCCCCCCC,True,1191
C[C@@H](O)CN(C[C@H](O)CO)N=O,False,0
O=[N+]([O-])c1cc2c3c(ccc2c2ccccc12)[C@@H](O)[C@H](O)C=C3,True,12
O=[N+]([O-])c1ccc2oc3ccc([N+](=O)[O-])cc3c2c1,True,1
CC1c2ccccc2-c2ccccc21,True,82
COc1ccc(N)c(OC)c1,True,41
C=C(C)C(=O)OCCOC(=O)NCCC(C)CC(C)(C)CNC(=O)OCCOC(=O)C(=C)C,True,11
OCc1cc2ccc3cccc4ccc(c1)c2c34,True,10
CN(C)c1ccc(N)cc1,True,329
CNC[C@@H](O)c1cccc(O)c1,False,0
C=C[C@H]1CO1,True,1
COc1ccc2c(OC)c3c(nc2c1OC)OCC3,False,0
O=C1NC(=O)c2cc([N+](=O)[O-])ccc21,True,22
O=S(O)c1ccc(Cl)cc1,True,19
O=C(O)CCc1c[nH]c2ccccc12,True,640
CC1(C)COC1=O,True,8
Nc1ccc(N)c2c1C(=O)c1c(N)ccc(N)c1C2=O,True,23
Cc1cc(C)c2nsnc2c1N,False,0
c1ccc2c([C@@H]3CO3)c3ccccc3cc2c1,False,0
C[N+](C)(C)CC(=O)O,True,2
C=C1C(=O)OC2CCN3CC=C(COC(=O)C(C)(O)C(C)C1C)C23,False,0
O=[N+]([O-])c1ccc2ccc3cccc4c(O)cc1c2c34,True,15
Cc1c(O)cc([N+](=O)[O-])cc1[N+](=O)[O-],True,42
O=c1c2[nH]c3ccccc3c2nnn1N=Cc1ccc(O)cc1,False,0
O=[N+]([O-])c1ccc2ccc3c(O)ccc4c5ccccc5c1c2c34,True,1
O=NN1CCCC(Cl)C1,True,1
O=C(OCc1ccccc1)c1ccccc1O,True,271
Nc1cc2c3c(ccc2c2ccccc12)[C@@H](O)[C@H](O)C=C3,True,12
N#CSCSC#N,True,14
C=C(C)C(=O)OC(C)C,True,40
IC(I)I,True,414
Cc1nc2ccc3ccc4ccc(O)cc4c3c2o1,True,2
O=CNc1nc(-c2cc([N+](=O)[O-])cs2)cs1,False,0
CCCCCCN(N=O)C(N)=O,True,6
CCOC(=O)OCC,True,566
Clc1cccc2ccccc12,True,290
CC1=CC(=O)CC(C)(C)C1,True,407
CN1C(C(=O)Nc2ccccn2)=C(O)c2sccc2S1(=O)=O,True,222
CCCC[C@H](CC)C(=O)O,True,4
COc1nncc2ccncc12,False,0
CC(=O)Nc1ccc2[nH]c3c(C)c4ccncc4c(C)c3c2c1,False,0
CN(C)CCNC(=O)c1cccc2c1Nc1ccccc1O2,False,0
CC(C)C(=O)Nc1ccccc1,True,44
O=[N+]([O-])c1ccc2ccc3c4ccccc4c([N+](=O)[O-])c4ccc1c2c43,True,18
O=S(=O)(O)c1ccc(O)c2ncccc12,True,82
O=[N+]([O-])c1cccc2cccc([N+](=O)[O-])c12,True,35
CC(=O)c1ccco1,True,318
CN(C)c1ccc(/C=C/c2ccc([N+](=O)[O-])cc2)cc1,True,7
CC(=O)Nc1c(O)cc2c3c(cccc13)-c1ccccc1-2,False,0
Cc1cccc2cc([N+](=O)[O-])ccc12,True,2
CCCCCCCCCCCCOCC1CO1,True,14
CC(=O)OCc1ccc2c(c1)OCO2,True,24
Fc1ccccc1,True,988
COc1cc2c(c3ccc4ccccc4c13)CCC2C,False,0
CC#N,True,65256
CC(=O)OCc1c(O)cc2c(c1O)C(=O)c1ccccc1C2=O,False,0
N#Cc1cccc(/C=C/c2ccc([N+](=O)[O-])cc2)c1,False,0
C1=CC2c3ccccc3OC2O1,False,0
C1CCC2OC2C1,True,814
CN(C)c1ccc(C2CC3(C)C(CCC3(O)CCCO)C3CC=C4CC(=O)CCC4=C23)cc1,False,0
O=C(Nc1ccc(Br)cc1)c1csc([N+](=O)[O-])c1,False,0
COc1ccc(N=[N+]([O-])c2ccc(OC)cc2)cc1,True,5
C=C1C(=O)OC2CC(C)C3CC(O)OC(O)C3(C)CC12,False,0
CC(C)(Cl)[N+](=O)[O-],True,7
ClCC(CCl)(CCl)CCl,True,8
CCOC(/C=C(/C)CCC=C(C)C)OCC,False,0
COc1ccc2c(cc3c4c(cc5c(c42)OCO5)C(=O)C(=O)N3C)c1OC,False,0
O=C1c2ccccc2-c2ccc(Oc3ccc(S(=O)(=O)O)cc3)c3cccc1c23,False,0
C=CCOC(=O)c1ccccc1N,True,4
O=C1C=C(CCl)C(O)O1,False,0
Cc1cnc2ccccc2n1,True,238
CCC(C)C(C(CC(=O)N1CCCC1C(OC)C(C)C(=O)NC(Cc1ccccc1)c1nccs1)OC)N(C)C(=O)C(NC(=O)C(C(C)C)N(C)C)C(C)C,False,0
Cn1c([N+](=O)[O-])nc2c3cccnc3ccc21,True,15
O=C(Cl)c1ccc(C(=O)Cl)cc1,True,171
S=C1NCCN1,True,342
OC1C=Cc2c(ccc3c4c(ccc23)CCC4)C1O,False,0
CC(=O)Oc1cc([N+](=O)[O-])c2ccc3cccc4ccc1c2c43,True,6
Fc1cccc2ncccc12,True,13
Oc1ccc2[nH]ccc2c1,True,423
O=C1c2c(O)ccc3c2C(c2ccc(O)c4c2C3C2OC2C4=O)C2OC12,False,0
CC(C)COC(=O)COc1cc(Cl)c(Cl)cc1Cl,True,1
CCC1OC(=O)C(C)C(OC2CC(C)(OC)C(O)C(C)O2)C(C)C(O)(C2OC(C)CC(N(C)C)C2O)C(C)(O)CC(C)C(=O)C(C)C(C)(O)C1O,False,0
CCc1c2ccccc2cc2ccc3ccccc3c12,True,1
O=[N+]([O-])c1c2c(cc3c1ccc1ccccc13)C=CC(O)C2O,False,0
O=[N+]([O-])c1cccc2csnc12,False,0
Cc1cc(C)cc(NO)c1,True,4
Cc1ccc(C)c(NO)c1,False,0
Cc1c2ccccc2cc2c3c(ccc12)C(O)C(O)C=C3,True,7
Cc1ccc(Br)cc1,True,240
c1ccc(COCC2CO2)cc1,True,113
Nc1ccccc1C(=O)OC/C=C/c1ccccc1,False,0
CC(=O)NC(CS/C(F)=C(\F)C(F)(F)F)C(=O)O,False,0
O=c1oc2ccc([N+](=O)[O-])c3ccc4cccc1c4c23,True,3
O=[N+]([O-])C1=Cc2cccc3cccc1c23,True,1
CCN(CC)CCn1nc2ccc(CO)c3c2c1Sc1cc(Cl)ccc1-3,False,0
Cc1ccc2nsc(NC(=O)C(Cl)(Cl)Cl)c2c1,False,0
NC(CS)C(=O)O,True,73
Nc1ccc(C(=O)OCCCOC(=O)c2ccc(N)cc2)cc1,False,0
ON=C1CCCCC1,True,115
CCCC[C@@H](CC)COP(=O)(Oc1ccccc1)Oc1ccccc1,False,0
Nc1cc([N+](=O)[O-])c(N)cc1Cl,False,0
CCN(CC)c1ccc(-c2ccc(-c3ccc(-c4ccc(N(CC)CC)cc4)cc3)cc2)cc1,True,1
O=[N+]([O-])c1ccc2c(ccc3ccccc32)c1,True,40
CN1CCN(c2ccc3[nH]c(-c4ccc5[nH]c(-c6ccc(N(CCCl)CCCl)cc6)nc5c4)nc3c2)CC1,False,0
CN(C)CCCCl,True,49
CCCCC(CC)COC(=O)CCCCC(=O)O,False,0
CN(C)c1ccc(N=Nc2ccccc2C(=O)O)cc1,True,442
BrCc1c2ccccc2cc2ccc3ccccc3c12,False,0
O=[N+]([O-])c1cccc(CBr)c1,True,37
CC(/C=C(\C#N)c1ccc(F)cc1)C(c1ccccc1)C(C#N)c1ccc(F)cc1,False,0
Cc1ccc2cc3c4c(ccc3c3c2c1CC3)C(O)C(O)C=C4,False,0
Cc1c(C)c2c(nc(N)n2C)c2nccnc12,False,0
Nc1c(F)cc(-c2cc(F)c(N)c(F)c2)cc1F,True,5
CCCCCCCCC=O,True,1882
CCCNc1snc2ccccc12,False,0
O=C1CCC(=O)N1c1cc(Cl)c(Cl)c(Cl)c1,True,2
CC(=O)OCc1c2ccccc2c(C)c2c1ccc1ccccc12,True,11
C=CCc1ccc(OC)c(OC)c1,True,120
CN1C(=O)CN=C(c2ccccc2)c2cc(Cl)ccc21,True,7856
CCOC(=O)CNC(=O)C=[N+]=[N-],True,36
ClCCSCc1ccccc1,True,5
NC1c2ccccc2-c2ccccc21,True,53
C=C1C[C@]23C[C@@]1(O)CC[C@@H]2[C@@]12C=C[C@H](O)[C@@](C)(C(=O)O1)[C@H]2[C@@H]3C(=O)O,False,0
Clc1ccc2ccccc2n1,True,297
ClC[C@]1(C(Cl)Cl)[C@@H]2CC(Cl)(Cl)[C@@]1(CCl)[C@H](Cl)[C@@H]2Cl,False,0
CC(C(=O)O)c1ccc2c(c1)[nH]c1ccc(Cl)cc12,True,547
C=Cc1ccccn1,True,478
CC1=CC2(OC3OC(CO)C(O)C(O)C3O)CC(C)C(=O)C2C(C)(O)C12CC2,True,4
Nc1cccc2cccc(N)c12,True,85
O=CC(=O)O,True,1435
O=C(/C=C/c1ccc(Oc2ccccc2)cc1)c1ccccc1,False,0
CC(C)=CC1C(C(=O)O)C1(C)C,True,247
Cc1ccc2cccnc2c1,True,21
CCCCCCCCCCCCCOC(=O)c1ccccc1C(=O)OCCCCCCCCCCCCC,True,22
O=[N+]([O-])c1cc2ccccc2c2ccccc12,True,82
O=C(Nc1cccc2c1C(=O)c1cccc(Cl)c1C2=O)c1ccccc1,False,0
CCN1CCOCC1,True,232
NCCc1c[nH]cn1,True,13691
CC(C)=CCC/C(C)=C\CC/C(C)=C\CC/C=C(/C)CC/C=C(/C)CCC=C(C)C,False,0
CC12CCC3c4ccc(O)cc4CCC3C1CCC2O,False,0
COP(=O)(OC)Oc1ccc([N+](=O)[O-])c(C)c1,True,10
O=C1C=Cc2ccc3c4c(ccc1c24)C(=O)C=C3,True,118
Nc1nc(O)c2[nH]nnc2n1,True,1
O=C1c2ccccc2C(=O)c2c1ccc([C@@H]1O[C@H](CO)[C@@H](O)[C@H](O)[C@H]1O)c2O,False,0
OCCNCCO,True,1133
CC(C)(OO)c1ccccc1,True,152
NC1=N[C@H](C(=O)O)CS1,False,0
CC(C)(Br)C(=O)Nc1ccccc1,False,0
CCCCCCCCCCCCCCCCCC(=O)O,True,9657
O=C(CCCN1CCN(c2ccccn2)CC1)c1ccc(F)cc1,True,334
Cc1c(N)cc([N+](=O)[O-])cc1[N+](=O)[O-],True,331
Nc1c(C(=O)O)cc([N+](=O)[O-])c2c1C(=O)c1ccccc1C2=O,True,1
O=Cc1ccc2c(c1)OCO2,True,485
C(CC[C@H]1CO1)C[C@H]1CO1,False,0
Oc1ccc2c(c1)OCO2,True,61
c1ccc2scnc2c1,True,1855
O=[N+]([O-])c1c(O)ccc2ccccc12,True,18
O=C(O)c1ccccc1,True,11326
C=C1CC(=CC)C(=O)OC2CCN3CC=C(COC(=O)C1(O)CO)C23,False,0
CC(=O)Nc1snc2c(Cl)cc(Cl)cc12,False,0
CCOc1ccc(N)cc1,True,386
CC(C)OC[C@H]1CO1,False,0
O=NN1CCSCC1,True,26
Cc1ccc2c(ccc3c4ccccc4ccc23)c1,True,71
O=[N+]([O-])c1cccc2c1ncc1cnc3ccccc3c12,True,1
Cc1cc2cccc3ccc4cc5ccccc5c1c4c32,True,15
COC(=O)c1cc(OC)c2c(c1-c1c(C(=O)OC)cc(OC)c3c1OCO3)OCO2,True,100
Nc1c(S(=O)(=O)O)cc(Nc2cccc(S(=O)(=O)CCOS(=O)(=O)O)c2)c2c1C(=O)c1ccccc1C2=O,True,1
N#CC(C#N)=C(C#N)C#N,True,671
O=C(Cl)c1ccccc1C(=O)Cl,True,105
CCCCOCC=O,True,65
CC1(C)CCC2(C(=O)O)CCC3(C)C(=CCC4C5(C)CC(O)C(OC6OC(CO)C(O)C(O)C6O)C(C)(C(=O)O)C5CCC43C)C2C1,False,0
Cc1cccc2c1C(C)c1ccccc1-2,True,10
CC1(C)[C@H]2CC[C@]1(C)C(=O)C2,False,0
O=[N+]([O-])c1ccc2nc3c(cc2c1)-c1cccc2cccc-3c12,False,0
O=[N+]([O-])c1cc2[nH]c3ccc4ccc(O)cc4c3c2c2ccccc12,False,0
Nc1ccc(/C=C/c2cccc(N)c2)cc1,False,0
C=CC(OC(C)=O)c1ccc2c(c1)OCO2,True,38
CC(C)O,True,13852
Oc1cccc2cccnc12,True,2555
Cc1c2ccccc2c(CBr)c2ccc3ccccc3c12,True,97
C=C1CCC=C(C)CCC2C1CC2(C)C,True,1
Cc1cccc2c1-c1cc3ccccc3cc1C1OC21,False,0
CC(=O)OC(C)C,True,392
Nc1c2ccccc2nc2ccc(I)cc12,False,0
O=S(=O)(O)c1ccc(N=Nc2c(O)ccc3ccccc23)cc1,True,9
NC1=CC(=O)C(=O)c2ccccc21,True,17
O=C(O)Cc1ccc(O)c(O)c1,True,2880
OC1C=Cc2c(c3ccccc3c3cc4ccccc4cc23)C1O,True,1
c1ccc2c3c4c(ccc5cccc(c54)[C@H]4O[C@@H]34)cc2c1,True,3
CO[PH](=O)OC,True,249
O=C(NCCCl)Nc1ccc([N+](=O)[O-])s1,False,0
CCCCC,True,3776
CCC/C=C/C=O,True,2444
COc1c2ccoc2nc2c(OC)c3c(cc12)OCO3,True,48
COc1ccc2cc3c4c(cc(OC)c(OC)c4c2c1)CCN3C,False,0
CNc1ccccc1C(=O)OC,True,128
O=C1c2ccccc2C(=O)c2cc(CO)ccc21,True,111
CC(=O)O[C@H]1C[C@H](C)O[C@@H](C)O1,False,0
CNC(=O)O/N=C\C(C)(C)SC,False,0
O=CNc1ccc(Oc2ccc(Cl)cc2Cl)cc1,False,0
CN1[C@H]2C[C@@H](OC(=O)[C@@H](CO)c3ccccc3)C[C@@H]1[C@@H]1O[C@@H]12,False,0
Cc1ccc(N=Nc2c(O)ccc3ccccc23)cc1,True,2
CC(=O)Nc1ccc2c3c(cccc13)-c1cc(O)ccc1-2,False,0
COC(=O)c1oc(N)c(Cl)c1Cl,False,0
FC(F)(F)c1cccc(Cl)c1,True,26
c1ccc2c(c1)ccc1nc3ccc4c(c3cc12)CCCC4,False,0
CCCCCCCCON(OC(C)=O)C(=O)c1ccccc1,False,0
Sc1nc2ccccc2s1,True,908
Cc1cccc(-c2nc3ccccc3o2)c1,True,1
O=[N+]([O-])c1ccc(Cl)c(Cl)c1,True,638
C1CCC2OCCOCCOCCOCCOC3CCCCC3OCCOCCOCCOCCOC2C1,False,0
O=Cc1ccc(C(=O)ON(OCc2ccccc2)C(=O)c2ccccc2)cc1,False,0
