Drug,MolWt,ExactMolWt,MolLogP,TPSA,MolMR,FractionCSP3,qed,HeavyAtomCount,NumHDonors,NumHAcceptors,NumRotatableBonds,RingCount,NumAromaticRings,FormalCharge,NumHeteroatoms,LabuteASA,MaxAbsPartialCharge,MinAbsPartialCharge,MaxEStateIndex,MinEStateIndex,NumAromaticAtoms,FractionAromaticAtoms,NumPositiveCharges,NumNegativeCharges,NumAliphaticRings,NumSaturatedRings,NumHeterocycles,NumAromaticHeterocycles,NumAliphaticHeterocycles,NumSaturatedHeterocycles,NumAmideBonds,BertzCT,BalabanJ,Ipc,HallKierAlpha,Kappa1,Kappa2,Kappa3,NumAtomStereoCenters,NumUnspecifiedAtomStereoCenters
C#CCN(C)Cc1ccccc1,159.23,159.1,1.75,3.24,51.61,0.2727,0.6073,12,0,1,3,1,1,0,1,74.02,0.291,0.06,5.191,0.703,6,0.5,0,0,0,0,0,0,0,0,0,258.083,2.481,585.385,-1.26,8.833,4.584,2.773,0,0
C#CCN(C)[C@@H](C)Cc1ccccc1,187.29,187.14,2.18,3.24,61.07,0.3846,0.653,14,0,1,4,1,1,0,1,86.75,0.292,0.06,5.269,0.494,6,0.4286,0,0,0,0,0,0,0,0,0,296.762,2.492,1518.172,-1.26,10.818,5.466,3.238,1,0
C#CC[C@]12CCC(=O)C=C1CC[C@H]1[C@@H]3CCC(=O)[C@@]3(C)CC[C@@H]12,310.44,310.19,4.09,34.14,89.49,0.7143,0.6836,23,0,2,1,4,0,0,2,138.65,0.299,0.155,12.448,-0.079,0,0.0,0,0,4,3,0,0,0,0,0,636.717,1.743,241570.676,-1.36,15.184,5.067,1.95,5,0
C#C[C@]1(O)C=C[C@H]2[C@@H]3CCC4=CC(=O)CC[C@@H]4[C@H]3CC[C@@]21CC,310.44,310.19,3.66,37.3,90.4,0.6667,0.5927,23,1,2,1,4,0,0,2,138.59,0.373,0.155,11.739,-1.073,0,0.0,0,0,4,2,0,0,0,0,0,636.717,1.686,264546.994,-1.33,15.213,5.082,1.894,6,0
C#C[C@]1(O)CC[C@H]2[C@@H]3CCC4=CC(=O)CC[C@@H]4[C@H]3C(=C)C[C@@]21CC,324.46,324.21,4.05,37.3,95.02,0.6818,0.5835,24,1,2,1,4,0,0,2,144.96,0.377,0.155,11.809,-0.973,0,0.0,0,0,4,3,0,0,0,0,0,665.948,1.739,379158.588,-1.33,16.155,5.332,1.912,6,0
C#C[C@]1(O)CC[C@H]2[C@@H]3CCC4=CC(=O)CC[C@@H]4[C@H]3CC[C@@]21C,298.43,298.19,3.49,37.3,85.88,0.75,0.6951,22,1,2,0,4,0,0,2,132.92,0.377,0.155,11.704,-0.902,0,0.0,0,0,4,3,0,0,0,0,0,583.005,1.652,148000.491,-1.07,14.518,4.712,1.752,6,0
C#C[C@]1(O)CC[C@H]2[C@@H]3CCC4=CC(=O)CC[C@@H]4[C@H]3CC[C@@]21CC,312.45,312.21,3.88,37.3,90.49,0.7619,0.7461,23,1,2,1,4,0,0,2,139.28,0.377,0.155,11.75,-0.893,0,0.0,0,0,4,3,0,0,0,0,0,597.453,1.671,264546.994,-1.07,15.457,5.214,1.956,6,0
C#C[C@]1(O)CC[C@H]2[C@@H]3CCC4=CCCC[C@@H]4[C@H]3C(=C)C[C@@]21CC,310.48,310.23,4.87,20.23,94.63,0.7273,0.541,23,1,1,1,4,0,0,1,140.79,0.377,0.131,11.198,-0.914,0,0.0,0,0,4,3,0,0,0,0,0,593.584,1.745,269954.99,-1.0,15.523,5.25,1.91,6,0
C#C[C@]1(O)CC[C@H]2[C@@H]3CCC4=Cc5oncc5C[C@]4(C)[C@H]3CC[C@@]21C,337.46,337.2,4.22,46.26,96.35,0.6818,0.721,25,1,3,0,5,1,0,3,149.41,0.377,0.162,11.076,-0.909,5,0.2,0,0,4,3,1,1,0,0,0,801.194,1.532,860454.815,-1.53,15.704,4.796,1.793,6,0
C#C[C@]1(O)CC[C@H]2[C@@H]3CCc4cc(O)ccc4[C@H]3CC[C@@]21C,296.41,296.18,3.61,40.46,86.51,0.6,0.718,22,2,2,0,4,1,0,2,132.11,0.508,0.13,10.907,-0.919,6,0.2727,0,0,3,2,0,0,0,0,0,658.161,1.722,148000.491,-1.46,14.153,4.522,1.664,5,0
C#C[C@]1(O)CC[C@H]2[C@@H]3CCc4cc(OC)ccc4[C@H]3CC[C@@]21C,310.44,310.19,3.92,29.46,91.39,0.619,0.7968,23,1,2,1,4,1,0,2,138.8,0.497,0.13,10.956,-0.9,6,0.2609,0,0,3,2,0,0,0,0,0,672.909,1.696,259558.325,-1.46,15.09,5.016,1.926,5,0
C(=C/c1ccccc1)\CN1CCN(C(c2ccccc2)c2ccccc2)CC1,368.52,368.23,5.11,6.48,118.22,0.2308,0.5967,28,0,2,6,4,3,0,2,168.29,0.297,0.06,2.627,0.337,18,0.6429,0,0,1,1,1,0,1,1,0,811.209,1.399,4689493.166,-2.68,18.673,9.496,4.776,0,0
C/C=C/C[C@@H](C)C(=O)[C@H]1C(=O)N[C@@H](C(C)C)C(=O)N(C)CC(=O)N(C)[C@@H](CC(C)C)C(=O)N[C@H](C(C)C)C(=O)N(C)[C@@H](CC(C)C)C(=O)N[C@@H](C)C(=O)N[C@H](C)C(=O)N(C)[C@@H](CC(C)C)C(=O)N(C)[C@@H](CC(C)C)C(=O)N(C)[C@@H](C(C)C)C(=O)N1C,1214.65,1213.84,3.72,275.64,331.99,0.7778,0.135,86,4,12,15,1,0,0,23,514.13,0.343,0.251,15.153,-1.816,0,0.0,0,0,1,1,1,0,1,1,11,2407.128,4.37,2.5854776102436966e+17,-6.42,77.593,34.799,21.467,11,0
C1CCC(C(C[C@H]2CCCCN2)C2CCCCC2)CC1,277.5,277.28,5.3,12.03,86.9,1.0,0.7354,20,1,1,4,3,0,0,1,125.84,0.314,0.007,3.828,0.859,0,0.0,0,0,3,3,1,0,1,1,0,238.94,1.608,71858.113,-0.04,14.879,7.823,3.995,1,0
C1CCN2C[C@H]3C[C@H](CN4CCCC[C@H]34)[C@@H]2C1,234.39,234.21,2.35,6.48,70.02,1.0,0.6346,17,0,2,0,4,0,0,2,105.34,0.3,0.014,2.869,0.961,0,0.0,0,0,4,4,4,0,4,4,0,262.646,1.561,18323.965,-0.08,10.807,4.237,1.755,4,0
C=C(c1ccc(C(=O)O)cc1)c1cc2c(cc1C)C(C)(C)CCC2(C)C,348.49,348.21,6.1,37.3,108.0,0.375,0.727,26,1,1,3,3,2,0,2,156.13,0.478,0.335,11.077,-0.906,12,0.4615,0,0,1,0,0,0,0,0,0,883.172,2.086,449754.418,-2.35,18.441,6.12,3.091,0,0
C=C1CC[C@H](O)C/C1=C/C=C1\CCC[C@@]2(C)[C@H]1CC[C@@H]2[C@H](C)CCCC(C)C,384.65,384.34,7.62,20.23,121.19,0.7778,0.4991,28,1,1,6,3,0,0,1,173.94,0.393,0.058,10.024,-0.172,0,0.0,0,0,3,3,0,0,0,0,0,609.752,1.696,1818820.023,-0.82,21.879,9.33,4.835,5,0
C=C1C[C@@H]2[C@H](CC[C@]3(C)C(=O)CC[C@@H]23)[C@@]2(C)C=CC(=O)C=C12,296.41,296.18,4.03,34.14,86.15,0.6,0.6761,22,0,2,0,4,0,0,2,131.9,0.299,0.178,12.399,-0.104,0,0.0,0,0,4,3,0,0,0,0,0,652.618,1.776,125355.962,-1.44,14.171,4.305,1.613,5,0
C=CCC1([C@@H](C)CCC)C(=O)NC(=O)NC1=O,238.29,238.13,1.35,75.27,63.0,0.5833,0.5605,17,2,3,5,1,0,0,5,100.64,0.328,0.277,12.003,-1.203,0,0.0,0,0,1,1,1,0,1,1,4,342.762,3.114,4566.538,-1.65,13.415,5.12,2.227,1,0
C=CCOc1ccccc1OC[C@@H](O)CNC(C)C,265.35,265.17,1.99,50.72,76.77,0.4667,0.6705,19,2,4,9,1,1,0,4,114.6,0.487,0.161,9.782,-0.546,6,0.3158,0,0,0,0,0,0,0,0,0,379.408,2.449,16163.435,-1.52,15.537,8.559,6.268,1,0
C=CC[C@@H]1C=C(C)C[C@H](C)C[C@H](OC)[C@@H]2O[C@](O)(C(=O)C(=O)N3CCCC[C@H]3C(=O)O[C@H](/C(C)=C/[C@@H]3CC[C@@H](O)[C@H](OC)C3)[C@H](C)[C@@H](O)CC1=O)[C@H](C)C[C@@H]2OC,804.03,803.48,4.64,178.36,212.59,0.7727,0.185,57,3,12,7,4,0,0,13,338.7,0.456,0.329,14.305,-2.51,0,0.0,0,0,4,3,3,0,3,2,1,1478.296,1.778,1192347300534.843,-2.78,46.904,20.955,11.287,14,0
C=CCc1ccccc1OC[C@@H](O)CNC(C)C,249.35,249.17,2.15,41.49,74.98,0.4667,0.6937,18,2,3,8,1,1,0,3,109.48,0.491,0.122,9.773,-0.496,6,0.3333,0,0,0,0,0,0,0,0,0,363.266,2.444,9693.952,-1.32,14.74,7.901,5.341,1,0
C=C[C@H]1CN2CC[C@H]1C[C@@H]2[C@H](O)c1ccnc2ccc(OC)cc12,324.42,324.18,3.17,45.59,95.03,0.45,0.8776,24,1,4,4,5,2,0,4,142.31,0.497,0.119,11.152,-0.504,10,0.4167,0,0,3,3,4,1,3,3,0,760.387,1.687,512499.659,-1.91,15.608,6.188,2.502,5,1
C=Cc1ccccc1,104.15,104.06,2.33,0.0,36.53,0.0,0.5126,8,0,0,1,1,1,0,0,49.47,0.098,0.026,3.631,1.174,6,0.75,0,0,0,0,0,0,0,0,0,162.653,2.991,91.368,-1.04,5.104,2.314,0.969,0,0
CC#C[C@]1(O)CC[C@H]2[C@@H]3CCC4=CC(=O)CCC4=C3[C@@H](c3ccc(N(C)C)cc3)C[C@@]21C,429.6,429.27,5.41,40.54,129.43,0.5517,0.6395,32,1,3,2,5,1,0,3,192.14,0.378,0.156,12.17,-0.914,6,0.1875,0,0,4,2,0,0,0,0,0,1066.614,1.669,20203271.62,-2.31,21.531,7.631,3.106,5,0
CC(=O)CCCCn1c(=O)c2c(ncn2C)n(C)c1=O,278.31,278.14,0.19,78.89,74.75,0.5385,0.7315,20,0,7,5,2,2,0,7,115.02,0.332,0.328,12.333,-0.371,9,0.45,0,0,0,0,2,2,0,0,0,766.24,2.382,31844.73,-2.18,14.234,5.439,2.429,0,0
CC(=O)C[C@@H](c1ccc([N+](=O)[O-])cc1)c1c(O)c2ccccc2oc1=O,353.33,353.09,3.52,110.65,94.39,0.1579,0.4267,26,1,6,5,3,3,0,7,147.21,0.507,0.343,12.479,-0.769,16,0.6154,1,1,0,0,1,1,0,0,0,1051.808,2.199,656833.421,-3.48,17.347,6.794,3.188,1,0
CC(=O)C[C@@H](c1ccccc1)c1c(O)c2ccccc2oc1=O,308.33,308.1,3.61,67.51,87.73,0.1579,0.7476,23,1,4,4,3,3,0,4,132.55,0.507,0.343,12.412,-0.615,16,0.6957,0,0,0,0,1,1,0,0,0,909.551,2.258,187785.023,-2.88,15.033,6.085,2.879,1,0
CC(=O)N1CCN(c2ccc(OC[C@H]3CO[C@](Cn4ccnc4)(c4ccc(Cl)cc4Cl)O3)cc2)CC1,531.44,530.15,4.21,69.06,137.6,0.3846,0.4554,36,0,7,7,5,3,0,10,219.82,0.491,0.219,11.553,-1.081,17,0.4722,0,0,2,2,3,1,2,2,1,1183.165,1.218,217868883.417,-2.78,24.894,10.682,5.466,2,0
CC(=O)NC[C@H]1CN(c2ccc(N3CCOCC3)c(F)c2)C(=O)O1,337.35,337.14,1.12,71.11,85.73,0.5,0.8916,24,1,5,4,3,1,0,8,138.85,0.442,0.414,14.448,-0.538,6,0.25,0,0,2,2,2,0,2,2,2,633.749,1.692,354672.958,-2.35,16.506,7.042,3.587,1,0
CC(=O)Nc1ccc(O)cc1,151.16,151.06,1.35,49.33,42.41,0.125,0.595,11,2,2,1,1,1,0,3,64.67,0.508,0.221,10.524,-0.115,6,0.5455,0,0,0,0,0,0,0,0,1,253.299,2.736,285.511,-1.51,7.595,3.053,2.292,0,0
CC(=O)Nc1ccccc1,135.17,135.07,1.64,29.1,40.75,0.125,0.6228,10,1,1,1,1,1,0,2,59.87,0.326,0.221,10.502,-0.036,6,0.6,0,0,0,0,0,0,0,0,1,217.959,2.674,195.625,-1.31,6.805,3.012,1.895,0,0
CC(=O)Nc1nnc(S(N)(=O)=O)s1,222.25,221.99,-0.86,115.04,45.59,0.25,0.6319,13,2,6,2,1,1,0,9,78.02,0.301,0.267,10.705,-3.824,5,0.3846,0,0,0,0,1,1,0,0,1,422.352,2.939,682.127,-1.06,10.024,3.358,2.717,0,0
CC(=O)O[C@H]1C(=O)[C@]2(C)[C@@H](O)C[C@H]3OC[C@@]3(OC(C)=O)[C@H]2[C@H](OC(=O)c2ccccc2)[C@]2(O)C[C@H](OC(=O)[C@H](O)[C@@H](NC(=O)c3ccccc3)c3ccccc3)C(C)=C1C2(C)C,853.92,853.33,3.74,221.29,217.69,0.4468,0.1298,62,4,14,10,7,3,0,15,357.89,0.456,0.338,15.484,-2.391,18,0.2903,0,0,4,3,1,0,1,1,1,2280.346,1.387,19536342594936.66,-5.74,44.32,16.513,7.294,11,0
CC(=O)Oc1ccccc1C(=O)O,180.16,180.04,1.31,63.6,44.71,0.1111,0.5501,13,1,3,2,1,1,0,4,74.76,0.478,0.339,10.612,-1.114,6,0.4615,0,0,0,0,0,0,0,0,0,343.223,3.044,729.681,-1.84,9.25,3.709,2.297,0,0
CC(=O)S[C@@H]1CC2=CC(=O)CC[C@]2(C)[C@H]2CC[C@@]3(C)[C@@H](CC[C@@]34CCC(=O)O4)[C@@H]21,416.58,416.2,4.85,60.44,112.21,0.7917,0.5718,29,0,5,1,5,0,0,5,177.14,0.458,0.306,12.185,-0.287,0,0.0,0,0,5,4,1,0,1,1,0,817.698,1.557,4382705.738,-1.1,19.839,6.448,2.679,7,0
CC(=O)[C@@]1(O)CC[C@H]2[C@@H]3C=C(Cl)C4=CC(=O)[C@@H]5C[C@@H]5[C@]4(C)[C@H]3CC[C@@]21C,374.91,374.16,4.04,54.37,99.41,0.7273,0.7532,26,1,3,1,5,0,0,4,159.42,0.382,0.161,12.3,-1.204,0,0.0,0,0,5,3,0,0,0,0,0,797.209,1.616,1218911.467,-0.93,17.188,4.912,1.753,8,0
CC(=O)[C@@]1(O)CC[C@H]2[C@@H]3C[C@H](C)C4=CC(=O)CC[C@]4(C)[C@H]3CC[C@@]21C,344.5,344.24,4.08,54.37,96.89,0.8182,0.7795,25,1,3,1,4,0,0,3,150.81,0.382,0.161,12.283,-1.134,0,0.0,0,0,4,3,0,0,0,0,0,664.183,1.734,424524.12,-0.96,17.454,5.28,2.079,7,0
CC(=O)[C@H]1CC[C@H]2[C@@H]3CC=C4C[C@@H](O)CC[C@]4(C)[C@H]3CC[C@]12C,316.49,316.24,4.52,37.3,91.88,0.8571,0.7224,23,1,2,1,4,0,0,2,140.28,0.393,0.133,12.154,-0.117,0,0.0,0,0,4,3,0,0,0,0,0,550.045,1.662,209150.769,-0.63,15.872,5.181,2.129,7,0
CC(=O)[C@H]1CC[C@H]2[C@@H]3CCC4=CC(=O)CC[C@]4(C)[C@H]3CC[C@]12C,314.47,314.22,4.72,34.14,90.88,0.8095,0.7013,23,0,2,1,4,0,0,2,139.65,0.3,0.155,12.147,0.245,0,0.0,0,0,4,3,0,0,0,0,0,588.649,1.67,209150.769,-0.92,15.599,5.037,2.057,6,0
CC(=O)[C@H]1CC[C@H]2[C@@H]3CC[C@H]4C[C@](C)(O)CC[C@]4(C)[C@H]3CC[C@]12C,332.53,332.27,4.99,37.3,96.52,0.9545,0.7346,24,1,2,1,4,0,0,2,147.34,0.39,0.133,12.201,-0.437,0,0.0,0,0,4,4,0,0,0,0,0,538.088,1.61,271131.332,-0.37,17.064,5.315,2.274,8,0
CC(C)(C#N)c1cc(Cn2cncn2)cc(C(C)(C)C#N)c1,293.37,293.16,2.93,78.29,82.84,0.4118,0.8679,22,0,5,4,2,2,0,5,130.39,0.249,0.137,9.403,-0.612,11,0.5,0,0,0,0,1,1,0,0,0,698.092,2.548,84222.037,-2.66,15.724,5.614,3.15,0,0
CC(C)(C(=O)O)c1ccc([C@@H](O)CCCN2CCC(C(O)(c3ccccc3)c3ccccc3)CC2)cc1,501.67,501.29,5.51,81.0,146.34,0.4062,0.3413,37,3,4,10,4,3,0,5,219.95,0.481,0.313,12.056,-1.008,18,0.4865,0,0,1,1,1,0,1,1,0,1096.925,1.311,195844207.087,-2.99,27.056,11.595,5.955,1,0
CC(C)(C(=O)c1cccnc1)c1cccnc1,226.28,226.11,2.64,42.85,65.83,0.2143,0.7555,17,0,3,3,2,2,0,3,100.55,0.293,0.174,12.399,-0.586,12,0.7059,0,0,0,0,2,2,0,0,0,506.26,2.372,8781.076,-2.03,11.455,4.454,2.228,0,0
CC(C)(C)N1CCC(c2ccccc2)(c2ccccc2)CC1,293.45,293.21,4.87,3.24,94.22,0.4286,0.7635,22,0,1,2,3,2,0,1,134.53,0.298,0.023,2.622,0.171,12,0.5455,0,0,1,1,1,0,1,1,0,545.309,1.972,119410.269,-1.6,15.302,5.888,2.826,0,0
CC(C)(C)NC(=O)[C@@H]1CN(Cc2cccnc2)CCN1C[C@@H](O)C[C@@H](Cc1ccccc1)C(=O)N[C@H]1c2ccccc2C[C@H]1O,613.8,613.36,2.87,118.03,174.07,0.4722,0.2628,45,4,7,11,5,3,0,9,266.22,0.392,0.239,13.81,-0.833,18,0.4,0,0,2,1,2,1,1,1,2,1413.702,1.285,9690025118.396,-3.63,32.754,14.643,8.977,5,0
CC(C)(C)NC(=O)[C@@H]1C[C@@H]2CCCC[C@@H]2CN1C[C@@H](O)[C@H](Cc1ccccc1)NC(=O)[C@H](CC(N)=O)NC(=O)c1ccc2ccccc2n1,670.86,670.38,3.09,166.75,188.21,0.5,0.1975,49,5,7,12,5,3,0,11,287.96,0.39,0.27,13.829,-1.299,16,0.3265,0,0,2,2,2,1,1,1,4,1625.602,1.353,48770043313.12,-4.35,35.944,15.907,9.856,6,0
CC(C)(C)NC(=O)[C@H]1CC[C@H]2[C@@H]3CC[C@H]4NC(=O)C=C[C@]4(C)[C@H]3CC[C@]12C,372.55,372.28,3.81,58.2,106.84,0.8261,0.7351,27,2,2,1,4,0,0,4,163.48,0.351,0.243,13.038,-0.167,0,0.0,0,0,4,3,1,0,1,0,2,678.356,1.58,1006218.93,-1.32,19.016,6.087,2.943,7,0
CC(C)(C)NC[C@@H](O)c1ccc(O)c(CO)c1,239.31,239.15,1.31,72.72,66.75,0.5385,0.639,17,4,4,4,1,1,0,4,101.92,0.508,0.121,9.969,-0.653,6,0.3529,0,0,0,0,0,0,0,0,0,371.418,2.72,4163.247,-1.1,13.963,5.49,4.341,1,0
CC(C)(C)NC[C@H](O)COc1cccc2c1CCC(=O)N2,292.38,292.18,1.7,70.59,82.65,0.5625,0.7723,21,3,4,5,2,1,0,5,125.24,0.49,0.224,11.382,-0.571,6,0.2857,0,0,1,0,1,0,1,0,1,508.734,1.918,39888.816,-1.59,15.792,6.452,4.72,1,0
CC(C)(C)NC[C@H](O)COc1ccccc1C#N,248.33,248.15,1.69,65.28,70.41,0.5,0.8319,18,2,4,5,1,1,0,4,108.2,0.489,0.137,9.767,-0.601,6,0.3333,0,0,0,0,0,0,0,0,0,418.538,2.432,7715.685,-1.57,14.491,6.386,5.173,1,0
CC(C)(C)NC[C@H](O)COc1ccccc1C1CCCC1,291.44,291.22,3.47,41.49,86.91,0.6667,0.843,21,2,3,6,2,1,0,3,128.26,0.491,0.122,10.043,-0.485,6,0.2857,0,0,1,1,0,0,0,0,0,433.09,1.877,61099.257,-1.06,16.313,7.278,5.328,1,0
CC(C)(C)NC[C@H](O)COc1nsnc1N1CCOCC1,316.43,316.16,0.5,79.74,82.2,0.8462,0.791,21,2,8,6,2,1,0,8,129.13,0.472,0.27,9.947,-0.58,5,0.2381,0,0,1,1,2,1,1,1,0,429.296,1.816,59622.467,-0.96,16.411,7.348,5.385,1,0
CC(C)(C)[C@@H](O)/C=C\c1ccc2c(c1)OCO2,234.29,234.13,2.84,38.69,67.06,0.4286,0.8548,17,1,3,2,2,1,0,3,101.68,0.454,0.231,9.898,-0.465,6,0.3529,0,0,1,0,1,0,1,0,0,429.584,2.116,8046.909,-1.48,11.99,4.414,2.798,1,0
CC(C)(C)c1cc(C[C@H]2SCNC2=O)cc(C(C)(C)C)c1O,321.49,321.18,3.72,49.33,93.6,0.6111,0.8726,22,2,3,2,2,1,0,4,137.43,0.507,0.234,11.828,-0.134,6,0.2727,0,0,1,1,1,0,1,1,1,546.726,2.48,51283.315,-1.16,17.198,5.802,3.595,1,0
CC(C)(C)c1ccc(C(=O)CCCN2CCC(OC(c3ccccc3)c3ccccc3)CC2)cc1,469.67,469.3,7.22,29.54,143.98,0.4062,0.3099,35,0,3,9,4,3,0,3,210.68,0.365,0.162,12.652,-0.031,18,0.5143,0,0,1,1,1,0,1,1,0,1006.727,1.237,83447955.249,-2.75,25.346,11.789,7.127,0,0
CC(C)(C)c1ccc([C@H](O)CCCN2CCC(C(O)(c3ccccc3)c3ccccc3)CC2)cc1,471.69,471.31,6.45,43.7,144.38,0.4375,0.3969,35,2,3,8,4,3,0,3,211.0,0.388,0.117,12.058,-0.968,18,0.5143,0,0,1,1,1,0,1,1,0,992.931,1.317,75685458.593,-2.46,25.627,11.074,6.033,1,0
CC(C)(O)c1ccccc1CC[C@@H](SCC1(CC(=O)O)CC1)c1cccc(/C=C\c2ccc3ccc(Cl)cc3n2)c1,586.2,585.21,8.95,70.42,171.25,0.3143,0.1736,41,2,4,12,5,4,0,6,251.04,0.481,0.303,11.482,-0.911,22,0.5366,0,0,1,1,1,1,0,0,0,1571.49,1.371,1930319205.044,-3.12,29.375,12.399,7.793,1,0
CC(C)(Oc1ccc(CCNC(=O)c2ccc(Cl)cc2)cc1)C(=O)O,361.83,361.11,3.55,75.63,96.27,0.2632,0.7903,25,2,3,7,2,2,0,6,151.13,0.478,0.347,11.991,-1.284,12,0.48,0,0,0,0,0,0,0,0,1,739.024,1.842,287089.413,-2.53,18.804,8.031,5.499,0,0
CC(C)(Oc1ccc(Cl)cc1)C(=O)O,214.65,214.04,2.58,46.53,53.79,0.3,0.8414,14,1,2,3,1,1,0,4,87.26,0.478,0.347,10.741,-1.228,6,0.4286,0,0,0,0,0,0,0,0,0,329.725,2.786,1007.833,-1.22,10.858,3.881,2.635,0,0
CC(C)(Oc1ccc([C@@H]2CC2(Cl)Cl)cc1)C(=O)O,289.16,288.03,3.59,46.53,70.58,0.4615,0.8615,18,1,2,4,2,1,0,5,115.66,0.478,0.347,10.936,-1.246,6,0.3333,0,0,1,1,0,0,0,0,0,465.63,2.072,11444.669,-0.93,13.5,4.319,2.728,1,0
CC(C)/N=C(N)\N=C(/N)Nc1ccc(Cl)cc1,253.74,253.11,1.79,88.79,73.46,0.2727,0.5545,17,3,1,2,1,1,0,6,105.58,0.369,0.218,5.761,0.085,6,0.3529,0,0,0,0,0,0,0,0,0,421.993,2.684,4520.29,-1.75,13.316,6.101,5.215,0,0
CC(C)/N=c1/cc2n(-c3ccc(Cl)cc3)c3ccccc3nc-2cc1Nc1ccc(Cl)cc1,473.41,472.12,7.49,42.21,138.14,0.1111,0.2749,33,1,4,4,5,3,0,6,202.06,0.354,0.09,6.173,0.13,26,0.7879,0,0,2,0,1,0,1,0,0,1469.64,1.803,37709572.449,-3.34,21.503,8.891,4.45,0,0
CC(C)=CCN1CC[C@]2(C)c3cc(O)ccc3C[C@H]1[C@H]2C,285.43,285.21,3.88,23.47,87.74,0.5789,0.8335,21,1,2,2,3,1,0,2,128.03,0.508,0.115,9.865,0.207,6,0.2857,0,0,2,1,1,0,1,1,0,572.929,1.957,53884.3,-1.28,14.649,5.17,2.398,3,0
CC(C)=O,58.08,58.04,0.6,17.07,16.36,0.6667,0.3982,4,0,1,0,0,0,0,1,25.63,0.3,0.126,9.444,0.167,0,0.0,0,0,0,0,0,0,0,0,0,26.265,2.803,3.245,-0.33,3.67,1.045,6.884,0,0
CC(C)C(=O)Nc1ccc([N+](=O)[O-])c(C(F)(F)F)c1,276.21,276.07,3.21,72.24,61.57,0.3636,0.6802,19,1,3,3,1,1,0,8,106.12,0.423,0.326,12.668,-4.86,6,0.3158,1,1,0,0,0,0,0,0,1,512.397,3.195,8776.553,-2.12,14.939,5.25,3.668,0,0
CC(C)C1CCC(C(=O)N[C@H](Cc2ccccc2)C(=O)O)CC1,317.43,317.2,3.26,66.4,90.0,0.5789,0.8461,23,2,2,6,2,1,0,4,137.84,0.48,0.326,12.405,-0.974,6,0.2609,0,0,1,1,0,0,0,0,1,518.676,1.899,136742.072,-1.84,17.513,8.136,5.085,1,0
CC(C)CN(C[C@@H](O)[C@H](Cc1ccccc1)NC(=O)O[C@H]1CCOC1)S(=O)(=O)c1ccc(N)cc1,505.64,505.22,2.4,131.19,133.23,0.48,0.3997,35,3,7,11,3,2,0,10,206.82,0.444,0.407,13.396,-3.904,12,0.3429,0,0,1,1,1,0,1,1,1,1040.632,1.795,54709008.848,-2.66,26.936,12.346,7.927,3,0
CC(C)COC[C@@H](CN(Cc1ccccc1)c1ccccc1)N1CCCC1,366.55,366.27,4.83,15.71,114.19,0.5,0.5989,27,0,3,10,3,2,0,3,164.5,0.379,0.064,6.088,0.44,12,0.4444,0,0,1,1,1,0,1,1,0,637.945,1.735,2169904.456,-1.84,19.909,10.483,6.369,1,0
CC(C)C[C@@H](NC(=O)[C@@H](Cc1ccccc1)NC(=O)c1cnccn1)B(O)O,384.25,384.2,0.36,124.44,105.01,0.3684,0.463,28,4,6,9,2,2,0,9,164.12,0.475,0.426,12.827,-1.695,12,0.4286,0,0,0,0,1,1,0,0,2,759.044,2.162,1408881.216,-2.775,21.524,10.531,6.75,2,0
CC(C)C[C@H](N(C)C)C1(c2ccc(Cl)cc2)CCC1,279.86,279.18,4.74,3.24,83.91,0.6471,0.7526,19,0,1,5,2,1,0,2,122.5,0.306,0.041,6.039,0.346,6,0.3158,0,0,1,1,0,0,0,0,0,403.775,2.315,12318.183,-0.53,14.87,5.847,2.978,1,0
CC(C)C[C@H]1C(=O)N2CCC[C@H]2[C@]2(O)O[C@](NC(=O)[C@@H]3C=C4c5cccc6[nH]c(Br)c(c56)C[C@H]4N(C)C3)(C(C)C)C(=O)N12,654.61,653.22,3.19,118.21,164.16,0.5938,0.4563,43,3,6,5,7,2,0,11,259.45,0.349,0.281,14.433,-2.011,9,0.2093,0,0,5,3,5,1,4,3,3,1568.394,1.248,5183276335.822,-2.73,29.007,9.887,4.035,6,0
CC(C)Cc1ccc([C@@H](C)C(=O)O)cc1,206.28,206.13,3.07,37.3,61.03,0.4615,0.8216,15,1,1,4,1,1,0,2,90.94,0.481,0.31,10.762,-0.772,6,0.4,0,0,0,0,0,0,0,0,0,324.894,2.759,1862.336,-1.31,11.763,4.964,3.388,1,0
CC(C)Cn1cnc2c(N)nc3ccccc3c21,240.31,240.14,2.82,56.73,74.28,0.2857,0.749,18,1,4,2,3,3,0,4,105.45,0.382,0.152,5.979,0.506,13,0.7222,0,0,0,0,2,2,0,0,0,712.209,2.396,19956.784,-2.1,11.017,3.978,1.61,0,0
CC(C)N(CC[C@@](C(N)=O)(c1ccccc1)c1ccccn1)C(C)C,339.48,339.23,3.36,59.22,102.25,0.4286,0.8021,25,1,3,8,2,2,0,4,150.62,0.369,0.234,12.738,-0.926,12,0.48,0,0,0,0,1,1,0,0,1,620.555,2.502,333329.678,-2.2,19.129,8.256,4.074,1,0
CC(C)NC[C@@H]1CCc2cc(CO)c([N+](=O)[O-])cc2N1,279.34,279.16,1.81,87.43,77.89,0.5714,0.565,20,3,5,5,2,1,0,6,117.89,0.391,0.276,11.017,-0.441,6,0.3,1,1,1,0,1,0,1,0,0,502.683,2.184,29460.578,-1.66,14.743,6.194,3.261,1,0
CC(C)NC[C@H](O)COc1ccc(CCOCC2CC2)cc1,307.43,307.21,2.39,50.72,88.33,0.6667,0.6164,22,2,4,11,2,1,0,4,133.38,0.491,0.119,9.803,-0.488,6,0.2727,0,0,1,1,0,0,0,0,0,414.845,1.603,159417.61,-1.1,17.257,9.132,7.251,1,0
CC(C)NC[C@H](O)COc1ccc(COCCOC(C)C)cc1,325.45,325.23,2.37,59.95,91.83,0.6667,0.5778,23,2,5,12,1,1,0,5,139.5,0.491,0.119,9.8,-0.513,6,0.2609,0,0,0,0,0,0,0,0,0,405.988,2.197,97254.298,-1.14,19.906,11.404,10.285,1,0
CC(C)NC[C@H](O)COc1cccc2[nH]ccc12,248.33,248.15,1.91,57.28,72.94,0.4286,0.7316,18,3,3,6,2,2,0,4,106.97,0.49,0.128,9.787,-0.499,9,0.5,0,0,0,0,1,1,0,0,0,493.255,1.914,16668.722,-1.52,12.925,5.887,3.244,1,0
CC(C)NC[C@H](O)COc1cccc2ccccc12,259.35,259.16,2.58,41.49,78.59,0.375,0.8375,19,2,3,6,2,2,0,3,113.76,0.49,0.127,9.844,-0.499,10,0.5263,0,0,0,0,0,0,0,0,0,519.643,1.978,22327.727,-1.58,13.843,6.547,3.945,1,0
CC(C)Nc1cccnc1N1CCN(C(=O)c2cc3cc(NS(C)(=O)=O)ccc3[nH]2)CC1,456.57,456.19,2.72,110.43,127.88,0.3636,0.5261,32,3,6,6,4,3,0,10,187.42,0.38,0.27,13.075,-3.36,15,0.4688,0,0,1,1,3,2,1,1,1,1229.447,1.451,15606298.707,-3.27,21.943,8.697,4.96,0,0
CC(C)OC(=O)C(C)(C)Oc1ccc(C(=O)c2ccc(Cl)cc2)cc1,360.84,360.11,4.68,52.6,97.26,0.3,0.5541,25,0,4,6,2,2,0,5,152.26,0.476,0.35,12.426,-1.119,12,0.48,0,0,0,0,0,0,0,0,0,746.271,2.1,255195.982,-2.33,19.001,7.703,5.069,0,0
CC(C)Oc1ccc2c(=O)c(-c3ccccc3)coc2c1,280.32,280.11,4.25,39.44,83.68,0.1667,0.7198,21,0,3,3,3,3,0,3,122.34,0.491,0.2,12.562,-0.029,16,0.7619,0,0,0,0,1,1,0,0,0,816.736,2.121,75567.305,-2.55,13.434,5.444,2.676,0,0
CC(C)c1c(C(=O)Nc2ccccc2)c(-c2ccccc2)c(-c2ccc(F)cc2)n1CC[C@@H](O)C[C@@H](O)CC(=O)O,558.65,558.25,6.31,111.79,157.25,0.2727,0.1628,41,4,5,12,4,4,0,8,238.46,0.481,0.305,14.048,-1.18,23,0.561,0,0,0,0,1,1,0,0,1,1467.261,1.891,1186797891.381,-4.27,29.706,13.391,7.279,2,0
CC(C)c1cc(C(C)C)c(CC(=O)NS(=O)(=O)Oc2c(C(C)C)cccc2C(C)C)c(C(C)C)c1,501.73,501.29,7.29,72.47,144.72,0.5517,0.371,35,1,4,10,2,2,0,6,212.49,0.409,0.366,13.054,-4.353,12,0.3429,0,0,0,0,0,0,0,0,1,1090.012,2.404,17034965.544,-2.34,28.894,11.596,7.326,0,0
CC(C)c1cccc(C(C)C)c1O,178.27,178.14,3.64,20.23,56.28,0.5,0.7327,13,1,1,2,1,1,0,1,80.42,0.507,0.122,9.93,0.388,6,0.4615,0,0,0,0,0,0,0,0,0,260.926,3.185,682.222,-0.98,10.103,3.819,2.029,0,0
CC(C)c1nc(CN(C)C(=O)N[C@H](C(=O)N[C@@H](Cc2ccccc2)C[C@H](O)[C@H](Cc2ccccc2)NC(=O)OCc2cncs2)C(C)C)cs1,720.96,720.31,5.91,145.78,196.9,0.4324,0.1062,50,4,9,17,4,4,0,13,302.06,0.444,0.407,13.867,-1.049,22,0.44,0,0,0,0,2,2,0,0,4,1617.497,1.464,99661659139.943,-4.33,38.472,19.166,12.218,4,0
CC(C)c1nc(COC(N)=O)n(Cc2ccncc2)c1Sc1cc(Cl)cc(Cl)c1,451.38,450.07,5.5,83.03,114.61,0.25,0.5128,29,1,6,7,3,3,0,9,182.94,0.442,0.404,11.154,-0.842,17,0.5862,0,0,0,0,2,2,0,0,1,988.966,2.075,2946106.07,-2.22,21.488,9.519,5.654,0,0
CC(C)c1nc(N(C)S(C)(=O)=O)nc(-c2ccc(F)cc2)c1CC[C@@H](O)C[C@@H](O)CC(=O)O,483.56,483.18,2.32,140.92,121.97,0.5,0.4422,33,3,7,11,2,2,0,11,192.54,0.481,0.305,13.521,-3.633,12,0.3636,0,0,0,0,1,1,0,0,0,1076.284,2.501,7851796.58,-2.63,26.621,10.994,7.443,2,0
CC(C)n1c(/C=C\[C@@H](O)C[C@@H](O)CC(=O)O)c(-c2ccc(F)cc2)c2ccccc21,411.47,411.18,4.63,82.69,115.63,0.2917,0.5048,30,3,4,8,3,3,0,6,174.26,0.481,0.305,13.498,-1.13,15,0.5,0,0,0,0,1,1,0,0,0,1053.003,2.076,4553841.084,-2.96,21.742,9.238,4.777,2,0
CC/C(=C(/c1ccccc1)c1ccc(OCCN(C)C)cc1)c1ccccc1,371.52,371.22,6.0,12.47,119.58,0.2308,0.4506,28,0,2,8,3,3,0,2,168.65,0.492,0.119,5.871,0.692,18,0.6429,0,0,0,0,0,0,0,0,0,880.736,1.996,2692338.49,-2.84,19.909,9.911,5.114,0,0
CC/C(=C(\CC)c1ccc(O)cc1)c1ccc(O)cc1,268.36,268.15,4.83,40.46,83.61,0.2222,0.7797,20,2,2,4,2,2,0,2,119.58,0.508,0.115,9.411,0.284,12,0.6,0,0,0,0,0,0,0,0,0,536.82,2.522,36558.819,-2.22,14.195,6.287,3.021,0,0
CC1(C)CC(=O)N(CCCCN2CCN(c3ncccn3)CC2)C(=O)C1,359.47,359.23,1.55,69.64,99.65,0.6842,0.567,26,0,6,6,3,1,0,7,154.94,0.338,0.229,12.164,-0.188,6,0.2308,0,0,2,2,3,1,2,2,2,606.076,1.349,701271.279,-2.02,18.762,8.118,4.782,0,0
CC1(C)NC(=O)N(c2ccc([N+](=O)[O-])c(C(F)(F)F)c2)C1=O,317.22,317.06,2.45,92.55,68.2,0.3333,0.5149,22,1,4,2,2,1,0,10,121.4,0.423,0.323,12.914,-4.993,6,0.2727,1,1,1,1,1,0,1,1,3,684.684,2.573,44112.961,-2.65,15.733,4.681,2.468,0,0
CC1(C)O[C@@H]2CO[C@@]3(COS(N)(=O)=O)OC(C)(C)O[C@H]3[C@@H]2O1,339.37,339.1,-0.4,115.54,71.6,1.0,0.7386,22,1,8,3,3,0,0,10,128.73,0.343,0.333,11.099,-4.137,0,0.0,0,0,3,3,3,0,3,3,0,561.474,1.873,55495.759,-0.33,16.525,4.835,3.017,4,0
CC1=C(/C=C\C(C)=C/C=C\C(C)=C/C(=O)O)C(C)(C)CCC1,300.44,300.21,5.6,37.3,93.76,0.45,0.5296,22,1,1,5,1,0,0,2,134.18,0.478,0.328,10.534,-0.912,0,0.0,0,0,1,0,0,0,0,0,0,566.515,2.792,40499.073,-1.83,18.22,7.976,5.885,0,0
CC1=C(C(=O)OCCN(Cc2ccccc2)c2ccccc2)[C@H](c2cccc([N+](=O)[O-])c2)C(P2(=O)OCC(C)(C)CO2)=C(C)N1,631.67,631.24,7.3,120.24,172.56,0.3235,0.1063,45,1,9,10,5,3,0,11,262.92,0.46,0.36,14.34,-3.912,18,0.4,1,1,2,1,2,0,2,1,0,1657.243,1.445,8181574448.381,-4.24,32.162,13.402,7.361,1,0
CC1=C(C)C(=O)C([C@@H](CCCCCC(=O)O)c2ccccc2)=C(C)C1=O,354.45,354.18,4.61,71.44,100.99,0.4091,0.5465,26,1,3,8,2,1,0,4,154.16,0.481,0.303,12.939,-0.785,6,0.2308,0,0,1,0,0,0,0,0,0,768.592,2.281,508011.849,-2.49,19.83,8.745,4.369,1,0
CC1=C(CC(=O)O)c2cc(F)ccc2/C1=C\c1ccc([S@@H](C)=O)cc1,357.43,357.1,4.1,54.37,99.29,0.15,0.8103,25,2,2,4,3,2,0,5,147.52,0.481,0.307,13.657,-1.382,12,0.48,0,0,1,0,0,0,0,0,0,939.914,2.101,426585.374,-2.53,17.298,6.764,3.464,1,0
CC1=CC(=O)C=C2CC[C@H]3[C@@H]4CCC(=O)[C@@]4(C)CC[C@@H]3[C@@]12C,298.43,298.19,4.25,34.14,86.24,0.7,0.6696,22,0,2,0,4,0,0,2,132.59,0.299,0.178,12.407,-0.055,0,0.0,0,0,4,3,0,0,0,0,0,625.619,1.753,126550.855,-1.18,14.415,4.427,1.616,5,0
CCC(=O)N(c1ccccc1)C1(COC)CCN(CCc2cccs2)CC1,386.56,386.2,4.21,32.78,112.52,0.5,0.6811,27,0,4,8,3,2,0,5,166.3,0.382,0.227,12.913,-0.261,11,0.4074,0,0,1,1,2,1,1,1,1,694.368,1.735,2009597.126,-1.69,20.055,9.489,4.781,0,0
CCC(=O)N(c1ccccc1)C1(COC)CCN(CCn2nnn(CC)c2=O)CC1,416.53,416.25,1.38,85.49,114.46,0.619,0.614,30,0,8,9,3,2,0,9,176.74,0.382,0.363,12.953,-0.373,11,0.3667,0,0,1,1,2,1,1,1,1,870.367,1.715,6839941.261,-2.52,22.172,9.992,4.622,0,0
CCC(=O)N(c1ccccc1)C1CCN(CCc2ccccc2)CC1,336.48,336.22,4.14,23.55,103.83,0.4091,0.7915,25,0,2,6,3,2,0,3,150.81,0.309,0.226,12.516,0.23,12,0.48,0,0,1,1,1,0,1,1,1,648.242,1.568,706283.015,-2.13,17.685,8.816,4.698,0,0
CCC(=O)NS(=O)(=O)c1ccc(-c2c(-c3ccccc3)noc2C)cc1,370.43,370.1,3.53,89.27,97.73,0.1579,0.742,26,1,5,5,3,3,0,7,151.44,0.36,0.264,12.192,-3.868,17,0.6538,0,0,0,0,1,1,0,0,1,1023.161,1.981,870092.653,-2.93,17.879,7.13,3.525,0,0
CCC(=O)O[C@](Cc1ccccc1)(c1ccccc1)[C@H](C)CN(C)C,339.48,339.22,4.28,29.54,102.37,0.4091,0.6726,25,0,3,8,2,2,0,3,151.17,0.453,0.306,12.345,-0.681,12,0.48,0,0,0,0,0,0,0,0,0,654.242,2.526,360052.704,-2.13,19.198,8.816,4.925,2,0
CCC(=O)O[C@]1(C(=O)SCF)[C@H](C)C[C@H]2[C@@H]3C[C@H](F)C4=CC(=O)C=C[C@]4(C)[C@@]3(F)[C@@H](O)C[C@@]21C,500.58,500.18,4.43,80.67,120.87,0.72,0.5756,34,1,6,4,4,0,0,9,201.11,0.449,0.306,17.219,-2.302,0,0.0,0,0,4,3,0,0,0,0,0,983.598,1.873,23288338.556,-1.61,25.482,8.219,3.01,9,0
CCC(C)(C)C(=O)O[C@H]1C[C@@H](C)C=C2C=C[C@H](C)[C@H](CC[C@@H]3C[C@@H](O)CC(=O)O3)[C@H]21,418.57,418.27,4.59,72.83,115.45,0.76,0.6391,30,1,5,6,3,0,0,5,180.45,0.462,0.311,12.866,-0.601,0,0.0,0,0,3,1,1,0,1,1,0,706.328,1.761,3230269.854,-1.62,23.052,9.252,5.161,7,0
CCC(C)(C)NC[C@H](O)COc1ccccc1C(=O)CCc1ccccc1,369.51,369.23,4.02,58.56,109.41,0.4348,0.5875,27,2,4,11,2,2,0,4,162.12,0.49,0.166,12.625,-0.636,12,0.4444,0,0,0,0,0,0,0,0,0,712.573,1.895,946385.673,-2.17,21.134,10.238,7.158,1,0
CCC1(c2ccccc2)C(=O)NC(=O)NC1=O,232.24,232.08,0.7,75.27,60.09,0.25,0.7369,17,2,3,2,2,1,0,5,98.2,0.328,0.277,11.976,-1.31,6,0.3529,0,0,1,1,1,0,1,1,4,461.784,2.536,7460.405,-2.17,11.319,4.009,1.595,0,0
CCC1(c2ccccc2)C(=O)NCNC1=O,218.26,218.11,0.54,58.2,59.56,0.3333,0.7116,16,2,2,2,2,1,0,4,94.04,0.337,0.241,11.986,-1.07,6,0.375,0,0,1,1,1,0,1,1,2,398.287,2.524,5356.941,-1.84,10.67,3.963,1.377,0,0
CCC1=C(C)CN(C(=O)NCCc2ccc(S(=O)(=O)NC(=O)NC3CCC(C)CC3)cc2)C1=O,490.63,490.22,3.07,124.68,128.52,0.5417,0.5418,34,3,5,7,3,1,0,10,200.95,0.337,0.328,12.536,-3.983,6,0.1765,0,0,2,1,1,0,1,0,5,1057.339,1.461,27869275.88,-2.88,25.738,11.03,6.371,0,0
CCC1=C[C@@H]2CN(C1)Cc1c([nH]c3ccccc13)[C@@](C(=O)OC)(c1cc3c(cc1OC)N(C)[C@H]1[C@@](O)(C(=O)OC)[C@H](OC(C)=O)[C@]4(CC)C=CCN5CC[C@]31[C@@H]54)C2,778.95,778.39,4.75,133.87,214.08,0.5333,0.1957,57,2,11,7,9,3,0,12,333.29,0.496,0.344,15.172,-2.274,15,0.2632,0,0,6,2,6,1,5,1,0,2247.97,1.37,7495124316908.953,-4.65,37.9,13.189,4.804,9,1
CCCC(=O)Nc1ccc(OC[C@@H](O)CNC(C)C)c(C(C)=O)c1,336.43,336.2,2.37,87.66,94.62,0.5556,0.571,24,3,5,10,1,1,0,6,143.14,0.49,0.224,11.822,-0.67,6,0.25,0,0,0,0,0,0,0,0,1,557.95,2.73,131163.984,-1.92,20.125,10.051,7.103,1,0
CCCC(=O)O[C@H]1[C@H](C)O[C@@H](O[C@@H]2[C@@H](C)O[C@@H](O[C@@H]3[C@@H](OC)[C@H](O)CC(=O)O[C@H](C)CC=CC=C[C@H](O)[C@H](C)C[C@@H]3CC=O)[C@H](O)[C@H]2N(C)C)C[C@@]1(C)OC(=O)CC,828.01,827.47,3.16,206.05,209.92,0.8095,0.1386,58,3,16,13,3,0,0,16,343.0,0.462,0.308,12.943,-1.446,0,0.0,0,0,3,2,3,0,3,2,0,1375.641,1.953,1109638412677.348,-2.8,49.562,23.265,13.611,16,0
CCCC(C(=O)OCCN(CC)CC)(c1ccccc1)c1ccccc1,353.51,353.24,4.66,29.54,107.32,0.4348,0.582,26,0,3,10,2,2,0,3,157.54,0.463,0.321,13.373,-0.749,12,0.4615,0,0,0,0,0,0,0,0,0,610.923,2.347,775935.255,-2.13,20.185,10.124,4.527,0,0
CCCC(CCC)C(=O)O,144.21,144.12,2.29,37.3,40.94,0.875,0.6424,10,1,1,5,0,0,0,2,62.25,0.481,0.306,10.479,-0.635,0,0.0,0,0,0,0,0,0,0,0,0,93.431,3.61,134.888,-0.53,9.47,5.27,3.487,0,0
CCCCC(=O)N(Cc1ccc(-c2ccccc2-c2nnn[nH]2)cc1)[C@H](C(=O)O)C(C)C,435.53,435.23,4.16,112.07,121.39,0.375,0.4944,32,2,5,10,3,3,0,8,187.21,0.48,0.326,12.862,-0.976,17,0.5312,0,0,0,0,1,1,0,0,1,1032.053,1.871,17315554.346,-3.55,23.12,10.657,5.376,1,0
CCCCC/N=C(\N)N/N=C\c1c[nH]c2ccc(CO)cc12,301.39,301.19,2.09,98.79,90.97,0.375,0.2726,22,4,3,7,2,2,0,6,129.69,0.392,0.209,9.206,0.021,9,0.4091,0,0,0,0,1,1,0,0,0,659.6,1.979,126088.211,-2.34,16.038,8.188,4.326,0,0
CCCCC1=NC2(CCCC2)C(=O)N1Cc1ccc(-c2ccccc2-c2nnn[nH]2)cc1,428.54,428.23,4.78,87.13,123.76,0.4,0.5867,32,1,5,7,5,3,0,7,187.5,0.294,0.256,13.361,-0.479,17,0.5312,0,0,2,1,2,1,1,0,1,1113.599,1.384,44096039.757,-3.35,20.547,8.649,3.72,0,0
CCCCC1C(=O)N(c2ccccc2)N(c2ccccc2)C1=O,308.38,308.15,3.79,40.62,90.87,0.2632,0.7886,23,0,2,5,3,2,0,4,135.85,0.272,0.258,12.869,-0.588,12,0.5217,0,0,1,1,1,0,1,1,2,627.531,2.022,262958.317,-2.62,15.282,6.649,2.843,0,0
CCCCCCCN(CC)CCC[C@@H](O)c1ccc(NS(C)(=O)=O)cc1,384.59,384.24,4.16,69.64,109.98,0.7,0.4725,26,2,4,14,1,1,0,6,159.41,0.388,0.229,11.215,-3.268,6,0.2308,0,0,0,0,0,0,0,0,0,587.579,2.322,365747.775,-1.11,22.93,12.308,10.139,1,0
CCCCCN(CCCOC)C(=O)[C@@H](CCC(=O)O)NC(=O)c1ccc(Cl)c(Cl)c1,461.39,460.15,4.01,95.94,117.18,0.5714,0.4084,30,2,4,14,1,1,0,9,187.21,0.481,0.303,13.162,-1.034,6,0.2,0,0,0,0,0,0,0,0,2,704.637,2.962,2512113.906,-1.83,26.205,14.223,9.323,1,0
CCCCN(CCCC)CC[C@H](O)c1cc2c(Cl)cc(Cl)cc2c2cc(C(F)(F)F)ccc12,500.43,499.17,8.64,23.47,132.31,0.4615,0.2818,33,1,2,10,3,3,0,7,202.83,0.416,0.388,13.44,-4.476,14,0.4242,0,0,0,0,0,0,0,0,0,1092.51,2.034,15076041.141,-1.53,26.081,11.264,6.329,1,0
CCCCN(CCCC)C[C@@H](O)c1cc(Cl)cc2c1-c1ccc(Cl)cc1/C2=C\c1ccc(Cl)cc1,528.95,527.15,9.15,23.47,151.54,0.3333,0.2217,35,1,2,10,4,3,0,5,223.69,0.387,0.092,11.504,-0.644,18,0.5143,0,0,1,0,0,0,0,0,0,1194.969,1.79,77707843.288,-1.81,26.259,11.95,6.129,1,0
CCCCN1CCCC[C@H]1C(=O)Nc1c(C)cccc1C,288.44,288.22,3.9,32.34,88.67,0.6111,0.891,21,1,2,5,2,1,0,3,128.28,0.324,0.241,12.693,0.046,6,0.2857,0,0,1,1,1,0,1,1,1,463.857,2.065,57281.244,-1.35,16.028,7.599,4.068,1,0
CCCCNC(=O)NS(=O)(=O)c1ccc(C)cc1,270.35,270.1,1.78,75.27,69.81,0.4167,0.8008,18,2,3,5,1,1,0,6,107.64,0.337,0.328,11.815,-3.775,6,0.3333,0,0,0,0,0,0,0,0,2,494.559,2.644,7718.451,-1.56,14.501,6.393,4.367,0,0
CCCCOC(=O)C(=O)Nc1cccc(-c2nnn[nH]2)c1,289.3,289.12,1.15,109.86,74.11,0.3077,0.4851,21,2,6,5,2,2,0,8,120.44,0.459,0.397,11.671,-0.893,11,0.5238,0,0,0,0,1,1,0,0,1,612.029,1.979,82199.361,-2.77,14.635,7.13,4.098,0,0
CCCCc1nc(Cl)c(CO)n1Cc1ccc(-c2ccccc2-c2nnn[nH]2)cc1,422.92,422.16,4.27,92.51,115.92,0.2727,0.4421,30,2,6,8,4,4,0,8,179.3,0.39,0.18,9.765,-0.13,22,0.7333,0,0,0,0,2,2,0,0,0,1105.376,1.621,12079668.426,-3.03,20.251,9.192,4.126,0,0
CCCCc1ncc(/C=C(/Cc2cccs2)C(=O)O)n1Cc1ccc(C(=O)O)cc1,424.52,424.15,4.74,92.42,116.98,0.2609,0.4585,30,2,5,10,3,3,0,7,178.7,0.478,0.335,11.831,-0.962,16,0.5333,0,0,0,0,2,2,0,0,0,1033.855,1.938,7066166.575,-3.19,21.517,10.024,5.448,0,0
CCCCc1oc2ccccc2c1C(=O)c1cc(I)c(OCCN(CC)CC)c(I)c1,645.32,645.02,6.94,42.68,143.42,0.4,0.1676,31,0,4,11,3,3,0,6,211.54,0.49,0.197,13.588,0.015,15,0.4839,0,0,0,0,1,1,0,0,0,1017.418,1.889,10080001.274,-1.13,24.511,11.652,5.815,0,0
CCCN(CCC)C(=O)Cc1c(-c2ccc(Cl)cc2)nc2ccc(Cl)cn12,404.34,403.12,5.5,37.61,111.51,0.3333,0.5216,27,0,3,7,3,3,0,6,169.27,0.342,0.228,12.987,0.107,15,0.5556,0,0,0,0,2,2,0,0,1,928.5,2.056,1438613.166,-2.04,19.714,8.766,4.449,0,0
CCCN(CCC)CCc1cccc2c1CC(=O)N2,260.38,260.19,2.85,32.34,79.5,0.5625,0.8173,19,1,2,7,2,1,0,3,115.55,0.326,0.228,11.474,0.126,6,0.3158,0,0,1,0,1,0,1,0,1,436.375,1.998,26833.668,-1.35,14.067,6.711,3.567,0,0
CCCN(CCC)S(=O)(=O)c1ccc(C(=O)O)cc1,285.36,285.1,2.2,74.68,72.74,0.4615,0.833,19,1,3,7,1,1,0,6,113.46,0.478,0.335,12.372,-3.527,6,0.3158,0,0,0,0,0,0,0,0,0,516.079,3.065,13065.187,-1.4,15.657,6.676,3.779,0,0
CCCN1CCCC[C@H]1C(=O)Nc1c(C)cccc1C,274.41,274.2,3.51,32.34,84.05,0.5882,0.911,20,1,2,4,2,1,0,3,121.91,0.324,0.241,12.604,0.044,6,0.3,0,0,1,1,1,0,1,1,1,447.808,2.099,34417.874,-1.35,15.047,6.889,3.397,1,0
CCCN1CCC[C@@H]2Cc3nc(N)ncc3C[C@H]21,246.36,246.18,1.65,55.04,72.23,0.7143,0.8618,18,1,4,2,3,1,0,4,108.61,0.368,0.22,5.692,0.424,6,0.3333,0,0,2,1,2,1,1,1,0,429.802,1.85,18743.255,-1.16,11.904,4.842,2.094,2,0
CCCN1C[C@H](CSC)C[C@@H]2c3cccc4[nH]cc(c34)C[C@H]21,314.5,314.18,4.27,19.03,96.88,0.5789,0.9085,22,1,2,4,4,2,0,3,137.21,0.361,0.046,3.49,0.715,9,0.4091,0,0,2,1,2,1,1,1,0,662.499,1.751,218278.559,-0.93,14.649,5.934,2.297,3,0
CCCNC[C@H](O)COc1ccccc1C(=O)CCc1ccccc1,341.45,341.2,3.24,58.56,100.2,0.381,0.4865,25,2,4,11,2,2,0,4,149.39,0.49,0.166,12.54,-0.598,12,0.48,0,0,0,0,0,0,0,0,0,642.599,1.89,475089.978,-2.17,19.159,10.645,6.687,1,0
CCCN[C@H]1CCc2nc(N)sc2C1,211.33,211.11,1.58,50.94,60.63,0.7,0.7979,14,2,4,3,2,1,0,4,88.73,0.375,0.18,5.691,0.641,5,0.3571,0,0,1,0,1,1,0,0,0,308.316,1.983,2365.729,-0.61,9.927,4.275,2.067,1,0
CCCO,60.1,60.06,0.39,20.23,17.38,1.0,0.4638,4,1,1,1,0,0,0,1,26.26,0.396,0.043,7.875,0.319,0,0.0,0,0,0,0,0,0,0,0,0,5.245,1.975,6.855,-0.04,3.96,2.96,1.96,0,0
CCCOCCOC(=O)C1=C(C)NC(C)=C(C(=O)OCCOCCC)C1c1cccc([N+](=O)[O-])c1,490.55,490.23,3.77,126.23,128.51,0.52,0.1794,35,1,9,14,2,1,0,10,204.96,0.46,0.336,13.147,-0.913,6,0.1714,1,1,1,0,1,0,1,0,0,921.968,2.376,37461310.351,-3.24,28.0,14.226,7.897,0,0
CCCSc1ccc2nc(NC(=O)OC)[nH]c2c1,265.34,265.09,3.24,67.01,73.14,0.3333,0.8327,18,2,4,4,2,2,0,6,109.31,0.453,0.413,11.069,-0.533,9,0.5,0,0,0,0,1,1,0,0,1,553.246,2.194,16664.716,-1.69,12.759,5.77,2.951,0,0
CCC[C@@H](C)C1(CC)C(=O)NC(=O)NC1=O,226.28,226.13,1.18,75.27,58.48,0.7273,0.7068,16,2,3,4,1,0,0,5,94.97,0.328,0.277,11.892,-1.093,0,0.0,0,0,1,1,1,0,1,1,4,305.191,3.046,2793.402,-1.39,12.678,4.634,1.814,1,0
CCC[C@@H]1C[C@H](C(=O)N[C@H]([C@H](C)Cl)[C@H]2O[C@H](SC)[C@H](O)[C@@H](O)[C@H]2O)N(C)C1,424.99,424.18,0.39,102.26,106.88,0.9444,0.4383,27,4,7,7,2,0,0,9,170.33,0.388,0.237,12.901,-1.362,0,0.0,0,0,2,2,2,0,2,2,1,498.372,2.094,784871.983,-0.09,23.192,10.094,5.291,9,0
CCC[C@@](C)(COC(N)=O)COC(=O)NC(C)C,260.33,260.17,2.02,90.65,68.17,0.8333,0.7323,18,2,4,7,0,0,0,6,108.19,0.449,0.407,11.377,-0.816,0,0.0,0,0,0,0,0,0,0,0,2,281.251,4.239,4656.123,-1.46,16.54,7.787,7.755,1,0
CCC[C@@]1(CCc2ccccc2)CC(=O)C([C@H](CC)c2cccc(NS(=O)(=O)c3ccc(C(F)(F)F)cn3)c2)=C(O)O1,602.68,602.21,7.33,105.59,152.29,0.3548,0.2382,42,2,6,11,4,3,0,11,243.06,0.481,0.417,13.579,-4.648,18,0.4286,0,0,1,0,2,1,1,0,0,1540.741,1.568,1218706049.44,-3.86,31.084,12.562,7.125,2,0
CCC[C@H]1C(=O)N2C(N(C)C)=Nc3ccc(C)cc3N2C1=O,300.36,300.16,2.06,56.22,84.69,0.4375,0.7856,22,0,4,2,3,1,0,6,129.54,0.347,0.261,12.772,-0.61,6,0.2727,0,0,2,1,2,0,2,1,2,680.723,2.175,103876.717,-2.37,14.562,5.12,1.979,1,0
CCC[C@H]1O[C@@H]2C[C@H]3[C@@H]4CCC5=CC(=O)C=C[C@]5(C)[C@H]4[C@@H](O)C[C@]3(C)[C@]2(C(=O)CO)O1,430.54,430.24,2.72,93.06,112.87,0.76,0.7125,31,2,6,4,5,0,0,6,183.23,0.393,0.193,13.227,-1.201,0,0.0,0,0,5,4,1,0,1,1,0,862.074,1.554,11435336.151,-1.34,21.503,7.078,2.651,9,0
CCCc1nc2c(C)cc(-c3nc4ccccc4n3C)cc2n1Cc1ccc(-c2ccccc2C(=O)O)cc1,514.63,514.24,7.26,72.94,156.11,0.1818,0.2432,39,1,5,7,6,6,0,6,226.75,0.478,0.336,11.71,-0.921,30,0.7692,0,0,0,0,2,2,0,0,0,1844.141,1.422,1139775407.903,-4.71,24.617,9.874,4.377,0,0
CCCc1nn(C)c2c(=O)nc(-c3cc(S(=O)(=O)N4CCN(C)CC4)ccc3OCC)[nH]c12,474.59,474.2,1.61,113.42,125.99,0.5,0.5534,33,1,8,7,4,3,0,11,192.78,0.493,0.299,13.329,-3.698,15,0.4545,0,0,1,1,3,2,1,1,0,1322.64,1.852,25919155.741,-2.76,23.4,9.239,4.398,0,0
CCN(CC)C(=O)/C(C#N)=C\c1cc(O)c(O)c([N+](=O)[O-])c1,305.29,305.1,1.78,127.7,77.94,0.2857,0.2804,22,2,6,5,1,1,0,8,126.22,0.504,0.315,12.101,-0.87,6,0.2727,1,1,0,0,0,0,0,0,1,671.791,3.331,51842.095,-3.08,16.973,7.079,3.517,0,0
CCN(CC)C(=O)N1CCN(C)CC1,199.3,199.17,0.7,26.79,57.39,0.9,0.6542,14,0,2,2,1,0,0,4,86.46,0.325,0.32,11.9,0.197,0,0.0,0,0,1,1,1,0,1,1,2,183.806,2.44,1444.824,-0.77,11.306,5.195,2.608,0,0
CCN(CC)C(=O)N[C@H]1C=C2c3cccc4[nH]cc(c34)C[C@H]2N(C)C1,338.46,338.21,2.84,51.37,101.64,0.45,0.9041,25,2,2,3,4,2,0,5,148.23,0.361,0.317,12.45,0.023,9,0.36,0,0,2,0,2,1,1,0,2,833.334,1.689,788088.392,-2.27,16.212,6.225,2.628,2,0
CCN(CC)C(=O)N[C@H]1C[C@@H]2c3cccc4[nH]cc(c34)C[C@H]2N(C)C1,340.47,340.23,2.93,51.37,101.02,0.55,0.9025,25,2,2,3,4,2,0,5,148.92,0.361,0.317,12.479,0.068,9,0.36,0,0,2,1,2,1,1,1,2,779.094,1.598,788088.392,-2.01,16.458,6.373,2.706,3,0
CCN(CC)C(=O)[C@]1(c2ccccc2)C[C@@H]1CN,246.35,246.17,1.77,46.33,73.21,0.5333,0.8604,18,1,2,5,2,1,0,3,108.97,0.342,0.233,12.73,-0.345,6,0.3333,0,0,1,1,0,0,0,0,1,413.762,2.325,22791.686,-1.35,13.09,5.105,1.926,2,0
CCN(CC)C(=S)SSC(=S)N(CC)CC,296.55,296.05,3.62,6.48,86.22,0.8,0.5731,16,0,4,4,0,0,0,6,117.91,0.357,0.147,5.341,0.921,0,0.0,0,0,0,0,0,0,0,0,0,200.859,4.042,2714.305,0.48,16.48,9.504,5.703,0,0
CCN(CC)CC(=O)Nc1c(C)cccc1C,234.34,234.17,2.58,32.34,72.33,0.5,0.849,17,1,2,5,1,1,0,3,103.82,0.324,0.238,11.892,0.061,6,0.3529,0,0,0,0,0,0,0,0,1,363.559,2.68,5511.135,-1.35,13.714,6.401,3.858,0,0
CCN(CC)CCCN(c1ccccc1)C1Cc2ccccc2C1,322.5,322.24,4.39,6.48,103.83,0.4545,0.7109,24,0,2,8,3,2,0,2,146.65,0.368,0.037,2.642,0.599,12,0.5,0,0,1,0,0,0,0,0,0,593.877,1.697,512851.372,-1.8,17.037,8.343,3.99,0,0
CCN(CC)CCC[C@@H](C)Nc1c2ccc(Cl)cc2nc2ccc(OC)cc12,399.97,399.21,5.97,37.39,120.92,0.4348,0.4494,28,1,4,9,3,3,0,5,172.39,0.497,0.119,6.216,0.353,14,0.5,0,0,0,0,1,1,0,0,0,939.923,1.918,2082919.72,-2.04,20.688,9.44,4.678,1,0
CCN(CC)CCC[C@H](C)Nc1ccnc2cc(Cl)ccc12,319.88,319.18,4.81,28.16,96.86,0.5,0.7564,22,1,3,8,2,2,0,4,138.23,0.382,0.074,6.037,0.442,10,0.4545,0,0,0,0,1,1,0,0,0,595.902,1.954,92030.063,-1.32,17.04,8.349,4.587,1,0
CCN(CC)CCN1C(=O)CN=C(c2ccccc2F)c2cc(Cl)ccc21,387.89,387.15,4.0,35.91,108.5,0.3333,0.7505,27,0,3,6,3,2,0,6,163.81,0.309,0.248,14.422,-0.369,12,0.4444,0,0,1,0,1,0,1,0,1,864.255,2.043,1342424.557,-2.24,19.52,8.632,4.199,0,0
CCN(CC)CCNC(=O)c1cc(Cl)c(N)cc1OC,299.8,299.14,2.0,67.59,82.54,0.5,0.7558,20,2,4,7,1,1,0,6,124.58,0.496,0.255,12.137,-0.212,6,0.3,0,0,0,0,0,0,0,0,1,461.977,2.699,23853.651,-1.46,16.594,7.968,4.283,0,0
CCN(CC)CCNC(=O)c1ccc(N)cc1,235.33,235.17,1.34,58.36,70.98,0.4615,0.7315,17,2,3,6,1,1,0,4,102.8,0.399,0.251,11.744,-0.044,6,0.3529,0,0,0,0,0,0,0,0,1,344.187,2.369,6430.777,-1.55,13.515,6.91,4.444,0,0
CCN(CC)CCS(=O)(=O)[C@@H]1CCN2C(=O)c3coc(n3)CC(=O)C[C@H](O)C=C(C)C=CCNC(=O)C=C[C@@H](C)[C@@H](C(C)C)OC(=O)[C@@H]12,690.86,690.33,2.27,176.42,179.57,0.6176,0.4016,48,2,11,7,3,1,0,14,282.93,0.46,0.33,13.998,-3.874,5,0.1042,0,0,2,1,3,1,2,1,2,1492.977,2.001,17373667982.435,-3.62,38.824,17.682,10.693,5,0
CCN(CC)Cc1cc(Nc2ccnc3cc(Cl)ccc23)ccc1O,355.87,355.15,5.18,48.39,104.77,0.25,0.598,25,2,4,6,3,3,0,5,152.62,0.508,0.12,10.164,0.323,16,0.64,0,0,0,0,1,1,0,0,0,877.944,1.908,512300.024,-2.3,17.521,7.722,4.032,0,0
CCN(CC)c1cc(C)nc2ncnn12,205.26,205.13,1.28,46.32,59.08,0.5,0.7569,15,0,5,3,2,2,0,5,88.76,0.357,0.254,4.31,0.664,9,0.6,0,0,0,0,2,2,0,0,0,457.781,2.612,3978.829,-1.65,9.888,3.842,1.646,0,0
CCN(CCO)CCC[C@H](C)Nc1ccnc2cc(Cl)ccc12,335.88,335.18,3.78,48.39,98.27,0.5,0.7318,23,2,4,9,2,2,0,5,143.02,0.395,0.074,9.022,0.229,10,0.4348,0,0,0,0,1,1,0,0,0,620.238,1.914,148135.9,-1.36,17.986,9.062,5.342,1,0
CCN1C(=O)N[C@H](c2ccccc2)C1=O,204.23,204.09,1.3,49.41,55.1,0.2727,0.738,15,1,2,2,2,1,0,4,87.88,0.325,0.322,11.79,-0.515,6,0.4,0,0,1,1,1,0,1,1,3,388.834,2.271,3785.972,-1.84,9.705,3.726,1.583,1,0
CCN1CCC[C@@H]1CNC(=O)c1cc(S(N)(=O)=O)ccc1OC,341.43,341.14,0.56,101.73,86.97,0.5333,0.7869,23,2,5,6,2,1,0,8,136.4,0.496,0.255,12.41,-3.871,6,0.2609,0,0,1,1,1,0,1,1,1,675.3,2.143,143168.999,-1.64,17.71,7.287,4.213,1,0
CCN1CCC[C@H]1CNC(=O)c1c(OC)ccc(Br)c1OC,371.28,370.09,2.68,50.8,89.85,0.5625,0.8356,22,1,4,6,2,1,0,6,139.64,0.496,0.258,12.598,-0.169,6,0.2727,0,0,1,1,1,0,1,1,1,536.367,2.134,114673.47,-1.27,17.09,7.831,3.549,1,0
CCN[C@H](C)Cc1cccc(C(F)(F)F)c1,231.26,231.12,3.25,12.03,58.29,0.5,0.8384,16,1,1,4,1,1,0,4,93.67,0.416,0.314,12.438,-4.253,6,0.375,0,0,0,0,0,0,0,0,0,333.281,2.751,2704.505,-1.03,13.037,5.344,3.85,1,0
CCN[C@H]1CN(CCCOC)S(=O)(=O)c2sc(S(N)(=O)=O)cc21,383.52,383.06,0.09,118.8,87.36,0.6667,0.6441,23,2,7,7,2,1,0,11,140.27,0.385,0.252,12.721,-3.936,5,0.2174,0,0,1,0,2,1,1,0,0,756.904,2.444,109671.441,-0.56,18.774,7.132,3.924,1,0
CCN[C@H]1C[C@H](C)S(=O)(=O)c2sc(S(N)(=O)=O)cc21,324.45,324.03,0.61,106.33,73.37,0.6,0.8471,19,2,6,3,2,1,0,9,116.53,0.31,0.247,12.241,-3.877,5,0.2632,0,0,1,0,2,1,1,0,0,690.357,2.645,14628.79,-0.48,14.919,4.813,2.57,2,0
CCO,46.07,46.04,0.0,20.23,12.76,1.0,0.4068,3,1,1,0,0,0,0,1,19.9,0.397,0.04,7.569,0.25,0,0.0,0,0,0,0,0,0,0,0,0,2.755,1.633,2.755,-0.04,2.96,1.96,1.96,0,0
CCOC(=O)C(C)(C)Oc1ccc(Cl)cc1,242.7,242.07,3.06,35.53,62.79,0.4167,0.7616,16,0,3,4,1,1,0,4,100.31,0.476,0.349,11.563,-0.996,6,0.375,0,0,0,0,0,0,0,0,0,357.032,2.715,2887.458,-1.22,12.848,5.212,3.418,0,0
CCOC(=O)C1(c2ccccc2)CCN(C)CC1,247.34,247.16,2.21,29.54,71.48,0.5333,0.767,18,0,3,3,2,1,0,3,108.74,0.465,0.316,12.386,-0.441,6,0.3333,0,0,1,1,1,0,1,1,0,394.214,2.313,14384.074,-1.35,13.09,5.528,2.411,0,0
CCOC(=O)C1=C(C)NC(C)=C(C(=O)OC)[C@@H]1c1cccc(Cl)c1Cl,384.26,383.07,3.96,64.63,96.39,0.3333,0.7964,25,1,5,4,2,1,0,7,156.13,0.466,0.336,12.581,-0.737,6,0.24,0,0,1,0,1,0,1,0,0,783.281,2.739,278594.419,-1.98,19.346,7.933,3.673,1,0
CCOC(=O)C1=C(C)NC(C)=C(C(=O)OC)[C@@H]1c1cccc([N+](=O)[O-])c1,360.37,360.13,2.57,107.77,93.02,0.3333,0.4882,26,1,7,5,2,1,0,8,150.18,0.466,0.336,12.546,-0.831,6,0.2308,1,1,1,0,1,0,1,0,0,824.725,2.699,458211.614,-3.16,19.169,7.814,3.584,1,0
CCOC(=O)C1=C(C)NC(C)=C(C(=O)OC)[C@@H]1c1cccc2c1OCO2,359.38,359.14,2.39,83.09,92.49,0.3684,0.8266,26,1,7,4,3,1,0,7,151.11,0.466,0.336,12.689,-0.681,6,0.2308,0,0,2,0,2,0,2,0,0,823.318,2.221,889553.456,-2.96,17.85,7.111,2.893,1,0
CCOC(=O)C1=C(C)NC(C)=C(C(=O)OCC)C1c1ccccc1/C=C\C(=O)OC(C)(C)C,455.55,455.23,4.4,90.93,125.86,0.4231,0.3701,33,1,7,7,2,1,0,7,195.03,0.463,0.336,12.972,-0.733,6,0.1818,0,0,1,0,1,0,1,0,0,969.854,2.645,9159697.411,-3.35,25.907,10.987,6.57,0,0
CCOC(=O)C1=C(COCCN)NC(C)=C(C(=O)OC)[C@@H]1c1ccccc1Cl,408.88,408.15,2.27,99.88,105.58,0.4,0.5023,28,2,7,8,2,1,0,8,169.01,0.466,0.336,12.881,-0.752,6,0.2143,0,0,1,0,1,0,1,0,0,803.541,2.674,1412967.224,-2.35,21.945,10.264,4.729,1,0
CCOC(=O)C[C@@H](SP(=S)(OC)OC)C(=O)OCC,330.36,330.04,2.12,71.06,77.57,0.8,0.4702,19,0,8,9,0,0,0,9,121.97,0.466,0.32,11.802,-2.649,0,0.0,0,0,0,0,0,0,0,0,0,340.912,4.808,9559.02,-0.14,18.86,9.715,7.269,1,0
CCOC(=O)N1CCC(=C2c3ccc(Cl)cc3CCc3cccnc32)CC1,382.89,382.14,4.89,42.43,106.95,0.3636,0.7049,27,0,3,1,4,2,0,5,164.36,0.45,0.409,12.031,-0.215,12,0.4444,0,0,2,1,2,1,1,1,1,896.936,1.755,2060941.742,-2.33,18.053,7.73,3.587,0,0
CCOC(=O)Nc1ccc2c(c1)N(C(=O)CCN1CCOCC1)c1ccccc1S2,427.53,427.16,4.11,71.11,116.67,0.3636,0.7745,30,1,6,5,4,2,0,8,179.87,0.45,0.411,13.349,-0.508,12,0.4,0,0,2,1,2,0,2,1,2,930.349,1.593,8417707.395,-2.55,20.712,9.507,4.61,0,0
CCOC(=O)[C@H](CCc1ccccc1)N[C@@H](C)C(=O)N(CC(=O)O)C1Cc2ccccc2C1,452.55,452.23,2.61,95.94,124.77,0.4231,0.5091,33,2,5,11,3,2,0,7,194.29,0.48,0.323,13.355,-1.058,12,0.3636,0,0,1,0,0,0,0,0,1,937.164,1.697,25843817.232,-3.19,24.452,11.609,6.648,2,0
CCOC(=O)[C@H](CCc1ccccc1)N[C@@H](C)C(=O)N1CCC[C@H]1C(=O)O,376.45,376.2,1.6,95.94,100.15,0.55,0.6358,27,2,5,9,2,1,0,7,159.24,0.48,0.326,12.698,-0.987,6,0.2222,0,0,1,1,1,0,1,1,1,649.032,2.007,1167133.725,-2.41,20.897,10.061,5.787,3,0
CCOC(=O)c1cncn1[C@H](C)c1ccccc1,244.29,244.12,2.67,44.12,68.44,0.2857,0.7766,18,0,4,4,2,2,0,4,106.23,0.461,0.356,11.779,-0.335,11,0.6111,0,0,0,0,1,1,0,0,0,519.6,2.291,19286.846,-2.1,12.359,5.49,2.423,1,0
CCOC(=O)n1ccn(C)c1=S,186.24,186.05,1.56,36.16,46.66,0.4286,0.6243,12,0,5,1,1,1,0,5,75.37,0.449,0.42,11.14,-0.428,5,0.4167,0,0,0,0,1,1,0,0,0,339.421,2.96,570.076,-1.1,8.992,3.532,1.555,0,0
CCOCCn1c(N2CCCN(C)CC2)nc2ccccc21,302.42,302.21,2.21,33.53,90.55,0.5882,0.7931,22,0,5,5,3,2,0,5,132.03,0.38,0.206,5.564,0.734,9,0.4091,0,0,1,1,2,1,1,1,0,609.725,1.905,147897.301,-1.59,15.311,7.114,3.254,0,0
CCOCc1nc2c(N)nc3ccccc3c2n1CC(C)(C)O,314.39,314.17,2.47,86.19,91.07,0.4118,0.7553,23,2,6,5,3,3,0,6,134.46,0.389,0.152,10.304,-0.881,13,0.5652,0,0,0,0,2,2,0,0,0,849.028,2.324,165479.862,-2.18,15.706,5.79,2.998,0,0
CCOCn1c(Cc2ccccc2)c(C(C)C)c(=O)[nH]c1=O,302.37,302.16,2.24,64.09,86.29,0.4118,0.8898,22,1,4,6,2,2,0,5,129.13,0.361,0.33,12.209,-0.422,12,0.5455,0,0,0,0,1,1,0,0,0,729.805,2.594,80397.835,-2.14,16.234,7.223,3.542,0,0
CCOP(=S)(OCC)Oc1ccc([N+](=O)[O-])cc1,291.26,291.03,3.27,70.83,71.26,0.4,0.436,18,0,6,7,1,1,0,8,110.26,0.424,0.38,10.504,-2.817,6,0.3333,1,1,0,0,0,0,0,0,0,440.086,2.809,8015.473,-1.01,15.049,6.798,4.343,0,0
CCOP(=S)(OCC)Oc1nc(Cl)c(Cl)cc1Cl,350.59,348.93,4.72,40.58,77.43,0.4444,0.5483,18,0,5,6,1,1,0,9,125.74,0.404,0.381,5.938,-2.918,6,0.3333,0,0,0,0,1,1,0,0,0,464.616,3.006,6946.358,0.39,16.444,7.247,4.494,0,0
CCOc1cc(CC(=O)N[C@@H](CC(C)C)c2ccccc2N2CCCCC2)ccc1C(=O)O,452.6,452.27,5.22,78.87,131.12,0.4815,0.5167,33,2,4,10,3,2,0,6,196.5,0.493,0.339,13.071,-1.041,12,0.3636,0,0,1,1,1,0,1,1,1,950.888,1.796,20588512.495,-3.02,24.619,11.73,6.732,1,0
CCOc1cc(N)c(Cl)cc1C(=O)NC[C@@H]1CN(Cc2ccc(F)cc2)CCO1,421.9,421.16,3.09,76.82,110.78,0.381,0.6717,29,2,5,7,3,2,0,8,174.27,0.493,0.255,13.069,-0.297,12,0.4138,0,0,1,1,1,0,1,1,1,847.81,1.57,3164084.718,-2.35,21.361,9.914,5.82,1,0
CCOc1ccc(NC(C)=O)cc1,179.22,179.09,2.04,38.33,51.91,0.3,0.7707,13,1,2,3,1,1,0,3,77.72,0.494,0.221,10.681,-0.066,6,0.4615,0,0,0,0,0,0,0,0,1,279.481,2.636,831.114,-1.51,9.577,4.5,3.151,0,0
CCOc1ccc2c3c1O[C@H]1[C@@H](O)C=C[C@H]4[C@@H](C2)N(C)CC[C@]314,313.4,313.17,1.89,41.93,87.08,0.5789,0.8469,23,1,4,2,5,1,0,4,136.24,0.49,0.165,10.611,-0.539,6,0.2609,0,0,4,1,2,0,2,1,0,700.1,1.778,364315.881,-1.52,13.877,4.517,1.536,5,0
CCOc1ccc2ccccc2c1C(=O)N[C@@H]1C(=O)N2[C@@H](C(=O)O)C(C)(C)S[C@H]12,414.48,414.12,2.48,95.94,110.1,0.381,0.7301,29,2,5,5,4,2,0,8,171.94,0.493,0.327,13.181,-1.032,10,0.3448,0,0,2,2,2,0,2,2,2,1021.299,1.64,2994610.523,-2.74,19.571,6.947,3.021,3,0
CCOc1ccccc1OCCN[C@H](C)Cc1ccc(OC)c(S(N)(=O)=O)c1,408.52,408.17,2.34,99.88,108.64,0.4,0.5538,28,2,6,11,2,2,0,8,166.4,0.495,0.241,11.726,-3.842,12,0.4286,0,0,0,0,0,0,0,0,0,870.65,1.871,1280402.687,-2.29,22.004,10.308,6.4,1,0
CCOc1ccccc1O[C@H](c1ccccc1)[C@H]1CNCCO1,313.4,313.17,3.19,39.72,90.03,0.3684,0.8889,23,1,4,6,3,2,0,4,136.93,0.49,0.162,6.334,-0.175,12,0.5217,0,0,1,1,1,0,1,1,0,596.574,1.865,287746.953,-2.04,15.84,7.994,4.032,2,0
CCOc1nc2cccc(C(=O)O)c2n1Cc1ccc(-c2ccccc2-c2nnn[nH]2)cc1,440.46,440.16,4.03,118.81,122.01,0.125,0.3921,33,2,7,7,5,5,0,9,188.23,0.478,0.337,11.819,-1.001,26,0.7879,0,0,0,0,2,2,0,0,0,1424.914,1.525,64441627.147,-4.53,20.377,8.541,3.801,0,0
CCS(=O)(=O)CCn1c([N+](=O)[O-])cnc1C,247.28,247.06,0.53,95.1,57.95,0.625,0.5585,16,0,6,5,1,1,0,8,93.17,0.358,0.342,11.283,-3.126,5,0.3125,1,1,0,0,1,1,0,0,0,491.382,2.892,3179.291,-1.44,12.629,4.602,2.783,0,0
CC[C@@H](c1ccc(O)c(F)c1)[C@H](C)c1ccc(O)c(F)c1,292.32,292.13,4.67,40.46,77.58,0.2941,0.8591,21,2,2,4,2,2,0,4,122.23,0.505,0.165,13.516,-0.661,12,0.5714,0,0,0,0,0,0,0,0,0,640.682,2.347,46498.19,-2.1,15.292,6.121,3.15,2,0
CC[C@@H]1C(=O)OC[C@@H]1Cc1cncn1C,208.26,208.12,1.16,44.12,55.14,0.6364,0.7001,15,0,4,3,2,1,0,4,89.26,0.465,0.309,11.384,-0.037,5,0.3333,0,0,1,1,2,1,1,1,0,359.225,2.065,4051.762,-1.32,10.206,4.045,1.888,2,0
CC[C@@H]1NC(=O)[C@@H](NC(=O)c2ncccc2O)[C@@H](C)OC(=O)[C@H](c2ccccc2)NC(=O)[C@@H]2CC(=O)[C@H](CS[C@@H]3CN4CCC3CC4)CN2C(=O)[C@H](Cc2ccc(N(C)C)cc2)N(C)C(=O)[C@@H]2CCCN2C1=O,1022.24,1021.47,2.32,231.2,272.05,0.5283,0.2139,73,4,14,10,9,3,0,20,429.65,0.505,0.333,15.704,-1.691,18,0.2466,0,0,6,6,7,1,6,6,6,2543.244,1.194,1.2207150093553072e+16,-6.54,52.773,23.122,11.801,9,0
CC[C@@H]1[C@@H]2C[C@H]3[C@@H]4N(C)c5ccccc5[C@]45C[C@@H]([C@H]2[C@H]5O)N3[C@@H]1O,326.44,326.2,1.55,46.94,91.73,0.7,0.8221,24,2,4,1,7,1,0,4,142.62,0.392,0.111,11.598,-0.319,6,0.25,0,0,6,5,5,0,5,4,0,723.345,1.596,758613.955,-1.1,14.11,4.169,1.204,10,1
CC[C@@]1(c2ccncc2)CCC(=O)NC1=O,218.26,218.11,1.17,59.06,58.59,0.4167,0.7578,16,1,3,2,2,1,0,4,94.07,0.296,0.237,12.006,-0.559,6,0.375,0,0,1,1,2,1,1,1,2,416.287,2.4,5184.742,-1.71,10.796,4.04,1.6,1,0
CC[C@H](C)C(=O)O[C@H]1CCC=C2C=C[C@H](C)[C@H](CC[C@@H]3C[C@@H](O)CC(=O)O3)[C@H]21,390.52,390.24,3.95,72.83,106.29,0.7391,0.6954,28,1,5,6,3,0,0,5,167.72,0.462,0.308,12.437,-0.593,0,0.0,0,0,3,1,1,0,1,1,0,636.904,1.699,1710815.283,-1.62,21.098,9.252,4.857,7,0
CC[C@H](C)C(=O)O[C@H]1C[C@@H](C)C=C2C=C[C@H](C)[C@H](CC[C@@H]3C[C@@H](O)CC(=O)O3)[C@H]21,404.55,404.26,4.2,72.83,110.84,0.75,0.672,29,1,5,6,3,0,0,5,174.08,0.462,0.308,12.544,-0.597,0,0.0,0,0,3,1,1,0,1,1,0,666.182,1.74,2389463.979,-1.62,22.074,9.461,5.302,8,0
CC[C@H](C)C(=O)O[C@H]1C[C@H](O)C=C2C=C[C@H](C)[C@H](CC[C@@H](O)C[C@@H](O)CC(=O)O)[C@H]21,424.53,424.25,2.44,124.29,111.44,0.7391,0.3971,30,4,6,10,2,0,0,7,177.99,0.481,0.308,12.43,-1.095,0,0.0,0,0,2,0,0,0,0,0,0,655.937,2.09,2487572.54,-1.7,24.568,11.071,6.654,8,0
CC[C@H](C)n1ncn(-c2ccc(N3CCN(c4ccc(OC[C@H]5CO[C@](Cn6cncn6)(c6ccc(Cl)cc6Cl)O5)cc4)CC3)cc2)c1=O,705.65,704.24,5.58,104.7,188.18,0.3714,0.1744,49,0,12,11,7,5,0,14,293.88,0.491,0.35,12.802,-1.159,28,0.5714,0,0,2,2,4,2,2,2,0,1907.32,0.925,199522788933.967,-4.36,33.152,14.242,7.045,3,0
CC[C@H](c1ccccc1)c1c(O)c2ccccc2oc1=O,280.32,280.11,4.04,50.44,82.72,0.1667,0.7365,21,1,3,3,3,3,0,3,122.03,0.507,0.343,12.301,-0.47,16,0.7619,0,0,0,0,1,1,0,0,0,818.736,2.26,84442.117,-2.55,13.434,5.444,2.312,1,0
CC[C@H]1CN2CC[C@H]1C[C@@H]2[C@@H](O)c1ccnc2ccc(OC)cc12,326.44,326.2,3.4,45.59,95.12,0.55,0.9352,24,1,4,4,5,2,0,4,143.0,0.497,0.119,11.178,-0.469,10,0.4167,0,0,3,3,4,1,3,3,0,732.651,1.676,512499.659,-1.65,15.853,6.338,2.579,5,1
CC[C@H]1OC(=O)[C@H](C)[C@@H](O[C@H]2C[C@@](C)(OC)[C@@H](O)[C@H](C)O2)[C@H](C)[C@@H](O[C@@H]2O[C@H](C)C[C@H](N(C)C)[C@H]2O)[C@](C)(O)C[C@@H](C)/C(=N\OCOCCOC)[C@H](C)[C@@H](O)[C@]1(C)O,837.06,836.52,2.21,216.89,212.47,0.9512,0.0778,58,5,17,13,3,0,0,17,345.08,0.459,0.311,14.323,-1.967,0,0.0,0,0,3,3,3,0,3,3,0,1303.813,2.22,814413428747.856,-1.58,50.774,21.476,12.072,18,0
CC[C@H]1OC(=O)[C@H](C)[C@@H](O[C@H]2C[C@@](C)(OC)[C@@H](O)[C@H](C)O2)[C@H](C)[C@@H](O[C@@H]2O[C@H](C)C[C@H](N(C)C)[C@H]2O)[C@](C)(O)C[C@@H](C)C(=O)[C@H](C)[C@@H](O)[C@]1(C)O,733.94,733.46,1.79,193.91,186.26,0.9459,0.2379,51,5,14,7,3,0,0,14,303.59,0.459,0.311,14.073,-1.994,0,0.0,0,0,3,3,3,0,3,3,0,1167.298,2.183,26903252120.267,-1.3,44.099,17.014,9.506,18,0
CC[C@H]1OC(=O)[C@H](C)[C@@H](O[C@H]2C[C@@](C)(OC)[C@@H](O)[C@H](C)O2)[C@H](C)[C@@H](O[C@@H]2O[C@H](C)C[C@H](N(C)C)[C@H]2O)[C@](C)(O)C[C@@H](C)CN(C)[C@H](C)[C@@H](O)[C@]1(C)O,749.0,748.51,1.9,180.08,194.18,0.9737,0.2385,52,5,14,7,3,0,0,14,311.56,0.459,0.311,14.198,-1.799,0,0.0,0,0,3,3,3,0,3,3,0,1143.3,2.175,41580665866.423,-1.01,45.38,17.847,10.043,18,0
CC[C@H]1OC(=O)[C@H](C)[C@@H](O[C@H]2C[C@@](C)(OC)[C@@H](O)[C@H](C)O2)[C@H](C)[C@@H](O[C@@H]2O[C@H](C)C[C@H](N(C)C)[C@H]2O)[C@](C)(O)C[C@@H](C)[C@@H]2N[C@@H](COCCOC)O[C@H]([C@H]2C)[C@]1(C)O,835.09,834.55,2.2,196.33,213.52,0.9762,0.1417,58,5,16,12,4,0,0,16,346.35,0.459,0.311,14.506,-1.638,0,0.0,0,0,4,4,4,0,4,4,0,1292.255,1.833,1088369865313.99,-1.09,49.564,20.397,11.099,20,0
CC[C@H]1OC(=O)[C@H](C)[C@@H](O[C@H]2C[C@@](C)(OC)[C@@H](O)[C@H](C)O2)[C@H](C)[C@@H](O[C@@H]2O[C@H](C)C[C@H](N(C)C)[C@H]2O)[C@](C)(O)C[C@](C)(F)C(=O)[C@H](C)[C@@H](O)[C@]1(C)O,751.93,751.45,1.88,193.91,186.61,0.9459,0.2369,52,5,14,7,3,0,0,15,307.76,0.459,0.311,16.764,-2.768,0,0.0,0,0,3,3,3,0,3,3,0,1217.986,2.223,35306407719.702,-1.37,45.023,16.781,9.349,18,0
CC[C@H]1OC(=O)[C@H](C)[C@@H](O[C@H]2C[C@@](C)(OC)[C@@H](O)[C@H](C)O2)[C@H](C)[C@@H](O[C@@H]2O[C@H](C)C[C@H](N(C)C)[C@H]2O)[C@](C)(OC)C[C@@H](C)C(=O)[C@H](C)[C@@H](O)[C@]1(C)O,747.96,747.48,2.44,182.91,191.05,0.9474,0.2658,52,4,14,8,3,0,0,14,310.28,0.459,0.311,14.174,-1.965,0,0.0,0,0,3,3,3,0,3,3,0,1187.576,2.222,47935039872.769,-1.3,45.092,17.659,9.378,18,0
CC[C@]1(C)CC(=O)NC1=O,141.17,141.08,0.45,46.17,36.16,0.7143,0.5387,10,1,2,1,1,0,0,3,59.8,0.296,0.232,11.006,-0.433,0,0.0,0,0,1,1,1,0,1,1,2,188.045,2.8,173.496,-0.86,7.249,2.075,0.916,1,0
CC[C@]1(C)C[C@@H](OC(=O)CSc2n[nH]c(N)n2)[C@]2(C)[C@@H](C)CC[C@]3(CCC(=O)[C@H]32)[C@@H](C)[C@@H]1O,478.66,478.26,3.61,131.19,126.25,0.8333,0.432,33,3,8,5,4,1,0,9,199.75,0.461,0.316,13.402,-0.555,5,0.1515,0,0,3,3,1,1,0,0,0,924.03,1.69,20966736.574,-1.61,24.513,8.556,3.79,8,0
CC[C@]1(O)C[C@H]2CN(CCc3c([nH]c4ccccc34)[C@@](C(=O)OC)(c3cc4c(cc3OC)N(C)[C@H]3[C@@](O)(C(=O)OC)[C@H](OC(C)=O)[C@]5(CC)C=CCN6CC[C@]43[C@@H]65)C2)C1,810.99,810.42,3.99,154.1,220.43,0.587,0.1798,59,3,12,7,9,3,0,13,345.14,0.496,0.344,15.322,-2.301,15,0.2542,0,0,6,3,6,1,5,2,0,2257.091,1.364,16547476727054.902,-4.43,40.0,13.802,5.197,10,1
CC[C@]1(O)C[C@H]2CN(CCc3c([nH]c4ccccc34)[C@@](C(=O)OC)(c3cc4c(cc3OC)N(C)[C@H]3[C@@](O)(C(N)=O)[C@H](O)[C@]5(CC)C=CCN6CC[C@]43[C@@H]65)C2)C1,753.94,753.41,2.73,164.82,208.06,0.5814,0.1869,55,5,10,6,9,3,0,12,321.79,0.496,0.322,15.196,-2.302,15,0.2727,0,0,6,3,6,1,5,2,1,2119.004,1.364,2643675543460.937,-3.94,36.684,12.279,4.513,10,1
CC[C@]1(O)C[C@H]2CN(CCc3c([nH]c4ccccc34)[C@@](C(=O)OC)(c3cc4c(cc3OC)N(C=O)[C@H]3[C@@](O)(C(=O)OC)[C@H](OC(C)=O)[C@]5(CC)C=CCN6CC[C@]43[C@@H]65)C2)C1,824.97,824.4,3.52,171.17,220.57,0.5652,0.131,60,3,12,8,9,3,0,14,349.3,0.496,0.344,15.322,-2.531,15,0.25,0,0,6,3,6,1,5,2,1,2310.176,1.379,27977548254752.824,-4.76,40.636,14.149,5.195,10,1
CC[C@]1(c2ccc(N)cc2)CCC(=O)NC1=O,232.28,232.12,1.35,72.19,65.21,0.3846,0.5969,17,2,3,2,2,1,0,4,100.19,0.399,0.237,12.08,-0.582,6,0.3529,0,0,1,1,1,0,1,1,2,452.992,2.401,7340.147,-1.84,11.64,4.201,1.904,1,0
CC[C@]1(c2ccccc2)C(=O)NC(=O)N(C)C1=O,246.27,246.1,1.04,66.48,64.72,0.3077,0.7928,18,1,3,2,2,1,0,5,104.77,0.33,0.276,12.344,-1.302,6,0.3333,0,0,1,1,1,0,1,1,4,512.227,2.583,11968.508,-2.17,12.291,4.251,1.51,1,0
CC[C@]1(c2ccccc2)NC(=O)N(C)C1=O,218.26,218.11,1.47,49.41,59.71,0.3333,0.7641,16,1,2,2,2,1,0,4,94.25,0.325,0.319,12.112,-0.882,6,0.375,0,0,1,1,1,0,1,1,3,429.905,2.499,5447.203,-1.84,10.67,3.628,1.298,1,0
CCc1c(C)[nH]c2c1C(=O)[C@@H](CN1CCOCC1)CC2,276.38,276.18,1.96,45.33,78.31,0.6875,0.9177,20,1,3,3,3,1,0,4,120.04,0.379,0.169,12.806,0.168,5,0.25,0,0,2,1,2,1,1,1,0,500.82,1.773,56838.85,-1.13,13.835,5.7,2.424,1,0
CCc1c2c(nc3ccc(OC(=O)N4CCC(N5CCCCC5)CC4)cc13)-c1cc3c(c(=O)n1C2)COC(=O)[C@]3(O)CC,586.69,586.28,4.09,114.2,159.95,0.5152,0.356,43,1,9,4,7,3,0,10,249.76,0.458,0.415,13.581,-1.864,16,0.3721,0,0,4,2,6,2,4,2,1,1685.12,1.163,8813764337.668,-3.76,28.036,10.749,4.535,1,0
CCc1ccc(CCOc2ccc(C[C@@H]3SC(=O)NC3=O)cc2)nc1,356.45,356.12,3.16,68.29,97.88,0.3158,0.8253,25,1,5,7,3,2,0,6,150.73,0.493,0.286,11.589,-0.337,12,0.48,0,0,1,1,2,1,1,1,2,744.269,1.469,630076.079,-2.34,17.482,8.16,4.824,1,0
CCc1cccc2cc([C@H](O)CNC(C)(C)C)oc12,261.36,261.17,3.42,45.4,78.31,0.5,0.8861,19,2,3,4,2,2,0,3,114.17,0.458,0.137,10.192,-0.615,9,0.4737,0,0,0,0,1,1,0,0,0,551.365,2.21,19605.316,-1.32,14.097,5.352,3.366,1,0
CCc1ccccc1,106.17,106.08,2.25,0.0,35.82,0.25,0.5148,8,0,0,1,1,1,0,0,50.16,0.062,0.031,2.162,1.14,6,0.75,0,0,0,0,0,0,0,0,0,141.384,2.832,91.368,-0.78,5.359,2.508,1.094,0,0
CCc1nc(N)nc(N)c1-c1ccc(Cl)cc1,248.72,248.08,2.52,77.82,70.68,0.1667,0.8561,17,2,4,2,2,2,0,5,104.64,0.383,0.222,5.904,0.206,12,0.7059,0,0,0,0,1,1,0,0,0,536.947,2.614,7328.294,-1.81,11.669,4.591,2.313,0,0
CCc1nn(CCCN2CCN(c3cccc(Cl)c3)CC2)c(=O)n1CC,377.92,377.2,2.49,46.3,106.26,0.5789,0.7433,26,0,6,7,3,2,0,7,159.52,0.369,0.345,12.322,0.023,11,0.4231,0,0,1,1,2,1,1,1,0,776.477,1.472,1011278.465,-1.79,18.985,8.732,4.299,0,0
CCc1nn(CCCN2CCN(c3cccc(Cl)c3)CC2)c(=O)n1CCOc1ccccc1,470.02,469.22,3.55,55.53,132.52,0.44,0.4542,33,0,7,10,4,3,0,8,199.69,0.492,0.346,12.877,-0.047,17,0.5152,0,0,1,1,2,1,1,1,0,1073.901,1.243,42835786.717,-2.77,23.39,11.387,6.178,0,0
CCc1oc2ccccc2c1C(=O)c1cc(Br)c(O)c(Br)c1,424.09,421.92,5.46,50.44,92.53,0.1176,0.5689,22,1,3,3,3,3,0,5,143.75,0.506,0.197,12.934,-0.122,15,0.6818,0,0,0,0,1,1,0,0,0,857.737,2.208,129479.005,-1.59,15.311,5.894,2.483,0,0
CCn1cc(C(=O)O)c(=O)c2cc(F)c(N3CCN(C)CC3)cc21,333.36,333.15,1.61,65.78,90.51,0.4118,0.9244,24,1,5,3,3,2,0,7,138.26,0.477,0.341,14.599,-1.298,10,0.4167,0,0,1,1,2,1,1,1,0,854.26,2.183,254288.588,-2.41,16.448,6.238,2.753,0,0
CCn1cc(C(=O)O)c(=O)c2cc(F)c(N3CCNCC3)cc21,319.34,319.13,1.27,74.57,85.88,0.375,0.891,23,2,5,3,3,2,0,7,131.68,0.477,0.341,14.495,-1.3,10,0.4348,0,0,1,1,2,1,1,1,0,825.411,2.244,179503.578,-2.41,15.484,6.0,2.676,0,0
CCn1cc(C(=O)O)c(=O)c2cc(F)c(N3CCNCC3)nc21,320.32,320.13,0.66,87.46,83.68,0.4,0.8639,23,2,6,3,3,2,0,8,130.9,0.477,0.341,14.432,-1.328,10,0.4348,0,0,1,1,3,2,1,1,0,827.562,2.244,179503.578,-2.48,15.417,5.959,2.653,0,0
CCn1cc(C(=O)O)c(=O)c2cc(F)c(N3CCN[C@H](C)C3)c(F)c21,351.35,351.14,1.8,74.57,90.44,0.4118,0.882,25,2,5,3,3,2,0,8,142.21,0.477,0.341,15.193,-1.421,10,0.4,0,0,1,1,2,1,1,1,0,910.372,2.309,366305.801,-2.48,17.347,6.437,2.863,1,0
CCn1cc(C(=O)O)c(=O)c2ccc(C)nc21,232.24,232.08,1.42,72.19,63.37,0.25,0.8495,17,1,4,2,2,2,0,5,97.34,0.477,0.341,11.915,-1.209,10,0.5882,0,0,0,0,2,2,0,0,0,658.584,2.947,6765.607,-2.17,11.319,4.009,1.796,0,0
CCn1cc(C(=O)O)c(=O)c2cnc(N3CCNCC3)nc21,303.32,303.13,-0.08,100.35,81.51,0.4286,0.8176,22,2,7,3,3,2,0,8,125.96,0.477,0.341,12.228,-1.236,10,0.4545,0,0,1,1,3,2,1,1,0,779.877,2.169,124915.721,-2.48,14.457,5.722,2.412,0,0
CN(C(=O)c1c(O)n(C)c2ccccc2c1=O)c1ccccc1,308.34,308.12,2.52,62.54,90.03,0.1111,0.791,23,1,4,2,3,3,0,5,132.57,0.494,0.267,12.735,-0.542,16,0.6957,0,0,0,0,1,1,0,0,1,945.633,2.204,193888.908,-3.08,14.841,5.606,2.359,0,0
CN(C)/N=N\c1[nH]cnc1C(N)=O,182.19,182.09,0.07,99.73,45.31,0.3333,0.5105,13,2,4,3,1,1,0,7,74.63,0.364,0.271,10.752,-0.631,5,0.3846,0,0,0,0,1,1,0,0,1,327.62,2.884,939.731,-1.92,9.17,3.655,2.256,0,0
CN(C)CC(Oc1ccccc1)Oc1ccccc1,257.33,257.14,3.03,21.7,76.48,0.25,0.7424,19,0,3,6,2,2,0,3,113.94,0.454,0.253,5.865,-0.334,12,0.6316,0,0,0,0,0,0,0,0,0,429.122,2.035,23920.765,-2.0,13.432,6.805,4.639,0,0
CN(C)CC/C=C1/c2ccccc2COc2ccccc21,279.38,279.16,3.96,12.47,87.47,0.2632,0.8429,21,0,2,3,3,2,0,2,126.22,0.488,0.127,5.981,0.637,12,0.5714,0,0,1,0,1,0,1,0,0,608.621,2.066,89136.523,-2.06,13.902,6.147,3.006,0,0
CN(C)CC/C=C1\c2ccccc2COc2ccc(CC(=O)O)cc21,337.42,337.17,3.59,49.77,98.81,0.2857,0.9058,25,1,3,5,3,2,0,4,147.91,0.488,0.307,11.08,-0.826,12,0.48,0,0,1,0,1,0,1,0,0,808.539,2.079,477816.785,-2.59,17.24,7.532,4.09,0,0
CN(C)CCC=C1c2ccccc2C=Cc2ccccc21,275.4,275.17,4.55,3.24,92.06,0.2,0.6774,21,0,1,3,3,2,0,1,126.78,0.309,0.001,2.38,1.061,12,0.5714,0,0,1,0,0,0,0,0,0,640.99,2.101,89136.523,-2.12,13.844,6.108,2.983,0,0
CN(C)CCC=C1c2ccccc2CCc2ccccc21,277.41,277.18,4.17,3.24,90.54,0.3,0.8137,21,0,1,3,3,2,0,1,127.47,0.309,0.001,2.42,1.088,12,0.5714,0,0,1,0,0,0,0,0,0,602.893,2.066,89136.523,-1.86,14.093,6.276,3.085,0,0
CN(C)CCCN1c2ccccc2CCc2ccc(Cl)cc21,314.86,314.15,4.53,6.48,95.48,0.3684,0.8179,22,0,2,4,3,2,0,3,137.86,0.341,0.046,6.272,0.816,12,0.5455,0,0,1,0,1,0,1,0,0,651.633,1.984,125552.116,-1.51,15.388,6.72,3.286,0,0
CN(C)CCCN1c2ccccc2CCc2ccccc21,280.42,280.19,3.88,6.48,90.47,0.3684,0.8385,21,0,2,4,3,2,0,2,127.56,0.341,0.044,2.515,1.076,12,0.5714,0,0,1,0,1,0,1,0,0,556.52,1.946,89136.523,-1.8,14.151,6.315,3.108,0,0
CN(C)CCCN1c2ccccc2Sc2ccc(Cl)cc21,318.87,318.1,4.89,6.48,92.19,0.2941,0.7918,21,0,3,4,3,2,0,4,135.25,0.34,0.057,6.209,0.798,12,0.5714,0,0,1,0,1,0,1,0,0,642.437,1.944,72649.16,-1.16,14.764,6.304,3.203,0,0
CN(C)CCCN1c2ccccc2Sc2ccccc21,284.43,284.13,4.24,6.48,87.18,0.2941,0.8289,20,0,3,4,3,2,0,3,124.95,0.34,0.055,2.463,1.062,12,0.6,0,0,1,0,1,0,1,0,0,549.549,1.908,51348.904,-1.45,13.529,5.897,2.693,0,0
CN(C)CCCOc1nn(Cc2ccccc2)c2ccccc12,309.41,309.18,3.42,30.29,93.94,0.3158,0.6266,23,0,4,7,3,3,0,4,136.84,0.476,0.24,5.929,0.685,15,0.6522,0,0,0,0,1,1,0,0,0,749.656,1.791,265602.657,-2.33,15.561,7.289,3.903,0,0
CN(C)CCC[C@@]1(c2ccc(F)cc2)OCc2cc(C#N)ccc21,324.4,324.16,3.81,36.26,90.91,0.35,0.8389,24,0,3,5,3,2,0,4,141.83,0.361,0.123,13.367,-0.562,12,0.5,0,0,1,0,1,0,1,0,0,764.199,2.018,348132.585,-2.22,16.631,6.721,3.056,1,0
CN(C)CCN(Cc1ccccc1)c1ccccn1,255.37,255.17,2.65,19.37,80.28,0.3125,0.7908,19,0,3,6,2,2,0,3,115.05,0.351,0.128,4.461,0.895,12,0.6316,0,0,0,0,1,1,0,0,0,467.867,2.102,25804.339,-1.87,13.559,6.902,4.375,0,0
CN(C)CCOC(c1ccccc1)c1ccccc1,255.36,255.16,3.35,12.47,79.23,0.2941,0.7846,19,0,2,6,2,2,0,2,115.19,0.367,0.108,6.083,0.016,12,0.6316,0,0,0,0,0,0,0,0,0,427.635,2.145,26276.551,-1.64,13.784,7.073,4.194,0,0
CN(C)CCOC1=Cc2ccccc2Sc2ccc(Cl)cc21,331.87,331.08,4.88,12.47,94.39,0.2222,0.7918,22,0,3,4,3,2,0,4,140.28,0.492,0.128,6.191,0.65,12,0.5455,0,0,1,0,1,0,1,0,0,711.983,2.0,121613.568,-1.42,15.475,6.778,3.487,0,0
CN(C)CCOc1ccc(/C(=C(\CCCl)c2ccccc2)c2ccccc2)cc1,405.97,405.19,6.22,12.47,124.63,0.2308,0.3095,29,0,2,9,3,3,0,3,178.95,0.492,0.119,6.215,0.576,18,0.6207,0,0,0,0,0,0,0,0,0,902.458,2.021,4344521.043,-2.55,21.166,10.848,5.962,0,0
CN(C)CC[C@H](c1ccc(Cl)cc1)c1ccccn1,274.8,274.12,3.82,16.13,80.7,0.3125,0.824,19,0,2,5,2,2,0,3,119.6,0.309,0.048,5.966,0.32,12,0.6316,0,0,0,0,1,1,0,0,0,493.917,2.258,22742.87,-1.38,14.038,6.69,4.049,1,0
CN(C)CCc1c[nH]c2ccc(CS(=O)(=O)N3CCCC3)cc12,335.47,335.17,2.2,56.41,93.99,0.5294,0.8803,23,1,3,6,3,2,0,6,137.88,0.361,0.218,12.488,-3.188,9,0.3913,0,0,1,1,2,1,1,1,0,774.232,1.824,219835.223,-1.37,16.486,6.629,3.761,0,0
CN(C)CCc1c[nH]c2ccc(C[C@H]3COC(=O)N3)cc12,287.36,287.16,1.92,57.36,82.53,0.4375,0.8831,21,2,3,5,3,2,0,5,123.82,0.447,0.407,11.075,-0.311,9,0.4286,0,0,1,1,2,1,1,1,1,648.01,1.774,92019.765,-2.01,13.95,5.774,3.187,1,0
CN(C)Cc1nnc2n1-c1ccc(Cl)cc1C(c1ccccc1)=NC2,351.84,351.13,3.33,46.31,99.55,0.2105,0.7268,25,0,5,3,4,3,0,6,151.15,0.302,0.159,6.304,0.483,17,0.68,0,0,1,0,2,1,1,0,0,943.703,1.935,742446.373,-2.5,15.995,6.425,2.966,0,0
CN(C)S(=O)(=O)CCNC(=O)N(CCCl)N=O,286.74,286.05,-0.19,99.15,64.09,0.8571,0.3982,17,1,5,7,0,0,0,10,104.89,0.34,0.335,11.332,-3.373,0,0.0,0,0,0,0,0,0,0,0,2,358.885,4.13,3259.279,-0.93,16.07,7.406,5.799,0,0
CN(C)[C@@H]1C(O)=C(C(N)=O)C(=O)[C@@]2(O)C(O)=C3C(=O)c4c(O)cccc4[C@@](C)(O)[C@H]3C[C@@H]12,444.44,444.15,-0.21,181.62,109.54,0.4091,0.3361,32,6,9,2,4,1,0,10,182.43,0.51,0.255,13.314,-2.745,6,0.1875,0,0,3,0,0,0,0,0,1,1148.585,2.048,7541988.527,-3.21,22.001,6.644,2.478,5,0
CN(C)c1ccc([C@H]2C[C@@]3(C)[C@@H](CC[C@@]3(O)/C=C/CO)[C@@H]3CCC4=CC(=O)CCC4=C32)cc1,447.62,447.28,4.93,60.77,132.21,0.5517,0.6426,33,2,4,4,5,1,0,4,197.24,0.392,0.156,12.185,-0.892,6,0.1818,0,0,4,2,0,0,0,0,0,1033.452,1.648,33505115.75,-2.17,22.614,8.247,3.536,5,0
CN(C)c1ccc([C@H]2C[C@@]3(C)[C@@H](CC[C@]3(O)CCCO)[C@@H]3CCC4=CC(=O)CCC4=C32)cc1,449.64,449.29,5.16,60.77,132.3,0.6207,0.6522,33,2,4,5,5,1,0,4,197.93,0.396,0.156,12.193,-0.711,6,0.1818,0,0,4,2,0,0,0,0,0,990.624,1.625,33505115.75,-1.91,22.861,8.39,3.611,5,0
CN(C/C=C/C#CC(C)(C)C)Cc1cccc2ccccc12,291.44,291.2,4.88,3.24,96.65,0.3333,0.7259,22,0,1,4,2,2,0,1,134.2,0.298,0.024,3.214,0.069,10,0.4545,0,0,0,0,0,0,0,0,0,702.495,1.978,74157.644,-2.04,16.333,7.292,5.058,0,0
CN(CCOc1ccc(C[C@@H]2SC(=O)NC2=O)cc1)c1ccccn1,357.44,357.11,2.49,71.53,98.07,0.2778,0.8209,25,1,6,7,3,2,0,7,150.13,0.492,0.286,11.591,-0.341,12,0.48,0,0,1,1,2,1,1,1,2,736.991,1.462,630076.079,-2.54,17.288,8.024,4.728,1,0
CN(CCOc1ccc(NS(C)(=O)=O)cc1)CCc1ccc(NS(C)(=O)=O)cc1,441.58,441.14,1.98,104.81,116.51,0.3684,0.5525,29,2,6,11,2,2,0,10,172.54,0.492,0.229,11.218,-3.286,12,0.4138,0,0,0,0,0,0,0,0,0,989.145,1.71,1359743.141,-2.3,22.984,9.948,9.638,0,0
CN(c1nccc(=O)[nH]1)C1CCN(c2nc3ccccc3n2Cc2ccc(F)cc2)CC1,432.5,432.21,3.41,70.05,123.73,0.2917,0.5234,32,1,6,5,5,4,0,8,184.7,0.342,0.252,13.38,-0.232,21,0.6562,0,0,1,1,3,2,1,1,0,1273.644,1.38,33405218.51,-3.68,20.235,8.452,3.955,0,0
CN/C(=C\[N+](=O)[O-])NCCSCc1ccc(CN(C)C)o1,314.41,314.14,1.46,83.58,84.4,0.5385,0.3841,21,2,7,10,1,1,0,8,128.46,0.464,0.274,10.349,-0.485,5,0.2381,1,1,0,0,1,1,0,0,0,473.736,2.218,43242.95,-1.67,17.382,9.3,7.618,0,0
CN/C(=N\C#N)NCCSCc1nc[nH]c1C,252.35,252.12,0.6,88.89,69.6,0.5,0.3089,17,3,4,5,1,1,0,7,104.93,0.359,0.209,8.392,0.504,5,0.2941,0,0,0,0,1,1,0,0,0,405.174,2.152,8399.71,-1.68,13.385,7.57,4.782,0,0
CN1C(=O)CC[C@H]1c1cccnc1,176.22,176.09,1.37,33.2,48.98,0.4,0.6472,13,0,2,1,2,1,0,3,77.39,0.339,0.222,11.263,0.23,6,0.4615,0,0,1,1,2,1,1,1,1,309.961,2.236,1536.369,-1.38,8.229,3.166,1.414,1,0
CN1C(=O)CN=C(c2ccccc2)c2cc(Cl)ccc21,284.75,284.07,3.15,32.67,81.81,0.125,0.7916,20,0,2,1,3,2,0,4,122.06,0.313,0.248,12.024,-0.028,12,0.6,0,0,1,0,1,0,1,0,1,694.878,2.23,50100.214,-2.13,12.881,5.098,2.208,0,0
CN1C(=O)CN=C(c2ccccc2F)c2cc([N+](=O)[O-])ccc21,313.29,313.09,2.55,75.81,83.41,0.125,0.6313,23,0,4,2,3,2,0,7,130.58,0.313,0.27,14.141,-0.536,12,0.5217,1,1,1,0,1,0,1,0,1,848.214,2.274,179383.083,-3.09,14.831,5.601,2.565,0,0
CN1C(=O)C[C@@H](c2ccccc2)C1=O,189.21,189.08,1.16,37.38,51.58,0.2727,0.6215,14,0,2,1,2,1,0,3,82.33,0.285,0.236,11.621,-0.27,6,0.4286,0,0,1,1,1,0,1,1,2,372.134,2.303,2217.402,-1.64,8.936,3.253,1.306,1,0
CN1C(=O)OC(C)(C)C1=O,143.14,143.06,0.37,46.61,33.33,0.6667,0.4919,10,0,3,0,1,0,0,4,58.75,0.433,0.417,11.017,-0.966,0,0.0,0,0,1,1,1,0,1,1,2,197.17,2.921,140.428,-1.06,7.052,1.713,0.761,0,0
CN1C(=O)[C@@](C)(C2=CCCCC2)C(=O)N=C1O,236.27,236.12,1.41,69.97,62.5,0.5833,0.5524,17,1,2,1,2,0,0,5,99.82,0.48,0.299,12.191,-1.221,0,0.0,0,0,2,0,1,0,1,0,2,439.032,2.454,6970.579,-1.65,11.824,3.98,1.656,1,0
CN1C(=O)[C@H](O)N=C(c2ccccc2)c2cc(Cl)ccc21,300.75,300.07,2.47,52.9,82.95,0.125,0.8794,21,1,3,1,3,2,0,5,126.86,0.364,0.278,12.105,-1.42,12,0.5714,0,0,1,0,1,0,1,0,1,728.312,2.272,74196.397,-2.17,13.797,5.313,2.436,1,0
CN1C(C(=O)Nc2ccccn2)=C(O)c2ccccc2S1(=O)=O,331.35,331.06,1.58,99.6,83.81,0.0667,0.8702,23,2,5,2,3,2,0,8,132.5,0.505,0.277,12.502,-3.906,12,0.5217,0,0,1,0,2,1,1,0,1,907.329,2.093,164390.103,-2.87,15.042,5.398,2.423,0,0
CN1C(C(=O)Nc2ccccn2)=C(O)c2sc(Cl)cc2S1(=O)=O,371.83,370.98,2.3,99.6,86.69,0.0769,0.8433,23,2,6,2,3,2,0,10,140.44,0.504,0.278,12.463,-3.959,11,0.4783,0,0,1,0,3,2,1,0,1,921.951,2.088,167104.462,-2.1,15.783,5.516,2.561,0,0
CN1C(C(=O)Nc2ccccn2)=C(O)c2sccc2S1(=O)=O,337.38,337.02,1.64,99.6,81.68,0.0769,0.8677,22,2,6,2,3,2,0,9,130.14,0.504,0.278,12.37,-3.852,11,0.5,0,0,1,0,3,2,1,0,1,871.7,2.061,123740.033,-2.39,14.543,5.109,2.143,0,0
CN1CC(=O)N2[C@H](Cc3c([nH]c4ccccc34)[C@H]2c2ccc3c(c2)OCO3)C1=O,389.41,389.14,2.21,74.87,104.68,0.2727,0.6926,29,1,4,1,6,3,0,7,166.35,0.454,0.245,13.089,-0.511,15,0.5172,0,0,3,1,4,1,3,1,2,1184.014,1.591,10567249.612,-3.48,16.472,5.762,2.239,2,0
CN1CCC(=C2c3ccccc3CCc3cccnc32)CC1,290.41,290.18,3.71,16.13,90.84,0.35,0.7351,22,0,2,0,4,2,0,2,132.05,0.306,0.074,4.782,1.094,12,0.5455,0,0,2,1,2,1,1,1,0,670.492,1.934,214727.866,-1.93,13.714,5.694,2.376,0,0
CN1CCCN([C@H](c2ccccc2)c2ccc(Cl)cc2)CC1,314.86,314.15,4.07,6.48,93.42,0.3684,0.8425,22,0,2,3,3,2,0,3,137.86,0.305,0.06,6.073,0.31,12,0.5455,0,0,1,1,1,0,1,1,0,582.144,1.936,153509.136,-1.35,15.542,7.275,3.696,1,0
CN1CCCN=C1/C=C\c1cccs1,206.31,206.09,2.5,15.6,62.9,0.3636,0.7256,14,0,3,2,2,1,0,3,88.59,0.36,0.123,4.47,0.967,5,0.3571,0,0,1,0,2,1,1,0,0,338.179,2.061,2966.86,-1.09,9.464,4.419,2.232,0,0
CN1CCC[C@@H]1CCO[C@](C)(c1ccccc1)c1ccc(Cl)cc1,343.9,343.17,5.1,12.47,100.57,0.4286,0.7227,24,0,2,6,3,2,0,3,149.94,0.366,0.115,6.482,-0.455,12,0.5,0,0,1,1,1,0,1,1,0,642.648,1.782,408006.005,-1.35,17.472,7.689,3.826,2,0
CN1CCC[C@@H]1Cc1c[nH]c2ccc(CCS(=O)(=O)c3ccccc3)cc12,382.53,382.17,3.82,53.17,109.85,0.3636,0.7051,27,1,3,6,4,3,0,5,160.68,0.361,0.178,12.541,-3.249,15,0.5556,0,0,1,1,2,1,1,1,0,1024.907,1.519,2292301.483,-2.11,18.262,7.486,3.942,1,0
CN1CCC[C@H](n2nc(Cc3ccc(Cl)cc3)c3ccccc3c2=O)CC1,381.91,381.16,4.3,38.13,110.65,0.3636,0.6786,27,0,4,3,4,3,0,5,163.93,0.306,0.274,13.14,0.028,16,0.5926,0,0,1,1,2,1,1,1,0,996.606,1.788,2003166.755,-2.17,18.205,7.829,3.919,1,0
CN1CCC[C@H]1c1cccnc1,162.24,162.12,1.85,16.13,48.84,0.5,0.6262,12,0,2,1,2,1,0,2,73.23,0.299,0.036,4.137,0.61,6,0.5,0,0,1,1,2,1,1,1,0,245.275,2.195,1072.901,-0.89,7.743,3.233,1.345,1,0
CN1CCN(C(=O)O[C@H]2c3nccnc3C(=O)N2c2ccc(Cl)cn2)CC1,388.82,388.11,1.57,91.76,96.38,0.3529,0.7705,27,0,7,2,4,2,0,10,160.07,0.419,0.412,12.832,-1.026,12,0.4444,0,0,2,1,4,2,2,1,2,869.227,1.631,1978765.974,-2.78,17.625,7.087,3.308,1,0
CN1CCN(C2=Nc3cc(Cl)ccc3Nc3ccccc32)CC1,326.83,326.13,3.72,30.87,96.44,0.2778,0.8001,23,1,4,0,4,2,0,5,140.93,0.353,0.138,6.177,0.706,12,0.5217,0,0,2,1,2,0,2,1,0,763.367,1.83,295595.179,-2.04,14.546,5.871,2.799,0,0
CN1CCN(C2=Nc3cc(F)ccc3Cc3ccccc32)CC1,309.39,309.16,3.06,18.84,90.92,0.3158,0.7447,23,0,3,0,4,2,0,4,135.61,0.354,0.136,13.687,-0.226,12,0.5217,0,0,2,1,2,0,2,1,0,760.96,1.83,295595.179,-2.2,14.396,5.779,2.746,0,0
CN1CCN(CC/C=C2\c3ccccc3Sc3ccc(S(=O)(=O)N(C)C)cc32)CC1,443.64,443.17,3.47,43.86,123.51,0.3913,0.6042,30,0,5,5,4,2,0,7,183.96,0.304,0.242,12.706,-3.47,12,0.4,0,0,2,1,2,0,2,1,0,1055.868,1.668,6289279.077,-1.64,21.587,8.845,4.359,0,0
CN1CCN(CCCCN2C(=O)CN(/N=C\c3ccc(-c4ccc(Cl)cc4)o3)C2=O)CC1,457.96,457.19,3.23,72.6,123.73,0.4348,0.3455,32,0,6,8,4,2,0,9,192.55,0.455,0.347,12.586,-0.379,11,0.3438,0,0,2,2,3,1,2,2,3,966.266,1.253,24595694.69,-2.68,22.512,10.291,5.564,0,0
CN1CCN(CCCN2c3ccccc3Sc3ccc(C(F)(F)F)cc32)CC1,407.51,407.16,4.95,9.72,107.57,0.4286,0.7095,28,0,4,4,4,2,0,7,167.66,0.416,0.34,13.271,-4.331,12,0.4286,0,0,2,1,2,0,2,1,0,831.886,1.55,2413649.144,-1.7,19.609,7.968,4.162,0,0
CN1CCN(c2cc3c(cc2F)c(=O)c(C(=O)O)cn3-c2ccc(F)cc2)CC1,399.4,399.14,2.72,65.78,106.13,0.2381,0.7338,29,1,5,3,4,3,0,8,164.75,0.477,0.341,14.901,-1.406,16,0.5517,0,0,1,1,2,1,1,1,0,1150.53,1.971,3652617.372,-3.26,19.074,7.288,3.468,0,0
CN1CCN2c3ccccc3Cc3ccccc3[C@@H]2C1,264.37,264.16,3.08,6.48,83.27,0.3333,0.7213,20,0,2,0,4,2,0,2,120.19,0.362,0.067,2.612,0.494,12,0.6,0,0,2,1,2,0,2,1,0,634.82,1.902,76322.131,-1.8,11.98,4.637,1.832,1,0
CN1CCN2c3ccccc3Cc3cccnc3[C@@H]2C1,265.36,265.16,2.48,19.37,81.07,0.3529,0.7293,20,0,3,0,4,2,0,3,119.41,0.36,0.084,4.713,0.383,12,0.6,0,0,2,1,3,1,2,1,0,637.637,1.902,76322.131,-1.87,11.916,4.599,1.813,1,0
CN1CCN=C(c2ccccc2)c2cc(Cl)ccc21,270.76,270.09,3.63,15.6,81.67,0.1875,0.7727,19,0,2,1,3,2,0,3,117.9,0.372,0.074,6.157,0.748,12,0.6316,0,0,1,0,1,0,1,0,0,619.901,2.184,33817.265,-1.8,12.245,5.059,2.361,0,0
CN1CC[C@]23c4c5ccc(O)c4O[C@H]2[C@@H](O)C=C[C@H]3[C@H]1C5,285.34,285.14,1.2,52.93,77.58,0.5294,0.7033,21,2,4,0,5,1,0,4,123.19,0.504,0.165,10.441,-0.594,6,0.2857,0,0,4,1,2,0,2,1,0,670.244,1.845,132503.362,-1.52,12.067,3.623,1.207,5,0
CN1CCc2cccc3c2[C@@H]1Cc1ccc(O)c(O)c1-3,267.33,267.13,2.85,43.7,77.99,0.2941,0.7213,20,2,3,0,4,2,0,3,117.65,0.504,0.165,10.26,-0.038,12,0.6,0,0,2,0,1,0,1,0,0,708.376,2.054,59831.806,-2.0,11.796,3.996,1.44,1,0
CN1C[C@H](C(=O)N[C@]2(C)O[C@@]3(O)[C@@H]4CCCN4C(=O)[C@H](Cc4ccccc4)N3C2=O)C=C2c3cccc4[nH]cc(c34)C[C@H]21,581.67,581.26,1.99,118.21,157.99,0.4242,0.434,43,3,6,4,8,3,0,10,248.82,0.361,0.28,14.173,-2.042,15,0.3488,0,0,5,3,5,1,4,3,3,1701.849,1.112,10186305265.479,-3.99,26.624,9.253,3.792,6,0
CN1C[C@H](C(=O)N[C@]2(C)O[C@@]3(O)[C@@H]4CCCN4C(=O)[C@H](Cc4ccccc4)N3C2=O)C[C@@H]2c3cccc4[nH]cc(c34)C[C@H]21,583.69,583.28,2.08,118.21,157.37,0.4848,0.4331,43,3,6,4,8,3,0,10,249.51,0.361,0.28,14.188,-2.027,15,0.3488,0,0,5,4,5,1,4,4,3,1640.791,1.077,10186305265.479,-3.73,26.865,9.383,3.856,7,0
CN1[C@H](C[C@H](O)c2ccccc2)CCC[C@@H]1CC(=O)c1ccccc1,337.46,337.2,4.24,40.54,100.6,0.4091,0.8018,25,1,3,6,3,2,0,3,149.85,0.388,0.164,12.533,-0.447,12,0.48,0,0,1,1,1,0,1,1,0,670.941,1.607,606913.627,-1.97,17.84,8.413,4.559,3,0
CN1[C@H]2CCC[C@@H]1CC(NC(=O)c1nn(C)c3ccccc13)C2,312.42,312.2,2.32,50.16,90.39,0.5556,0.9257,23,1,4,2,4,2,0,5,136.19,0.348,0.272,12.741,-0.033,9,0.3913,0,0,2,2,3,1,2,2,1,723.697,1.535,287645.26,-1.88,14.696,5.638,2.528,3,1
CN1[C@H]2CC[C@@H]1CC(NC(=O)c1cc(Cl)cc3c1OC(C)(C)C3)C2,348.87,348.16,3.41,41.57,94.92,0.6316,0.8901,24,1,3,2,4,1,0,5,148.05,0.486,0.255,12.888,-0.283,6,0.25,0,0,3,2,3,0,3,2,1,674.19,1.54,311793.283,-1.26,16.222,5.634,2.798,3,1
CN1[C@H]2CC[C@@H]1CC(OC(=O)c1c[nH]c3ccccc13)C2,284.36,284.15,2.95,45.33,81.31,0.4706,0.8624,21,1,3,2,4,2,0,4,123.63,0.459,0.34,12.447,-0.193,9,0.4286,0,0,2,2,3,1,2,2,0,664.235,1.513,129971.423,-1.81,12.895,4.879,2.141,3,1
CNC(=O)O/N=C(\C)SC,162.21,162.05,1.04,50.69,42.16,0.6,0.2711,10,1,4,1,0,0,0,5,64.0,0.433,0.323,10.383,-0.548,0,0.0,0,0,0,0,0,0,0,0,1,146.583,3.608,147.158,-0.71,9.29,5.105,4.197,0,0
CNC(=O)Oc1cc(C)c(SC)c(C)c1,225.31,225.08,2.74,38.33,62.78,0.3636,0.7864,15,1,3,2,1,1,0,4,94.2,0.412,0.41,11.02,-0.439,6,0.4,0,0,0,0,0,0,0,0,1,353.846,2.981,1924.947,-1.16,11.912,5.071,2.892,0,0
CNC(=O)Oc1cccc2ccccc12,201.22,201.08,2.56,38.33,59.03,0.0833,0.7696,15,1,2,1,2,2,0,3,87.67,0.412,0.41,11.092,-0.452,10,0.6667,0,0,0,0,0,0,0,0,1,488.451,2.465,3599.374,-2.03,9.522,4.003,1.908,0,0
CNC(=O)c1cccc(NCC(=O)NCCc2ccc(OC)c(OC)c2)c1,371.44,371.18,1.83,88.69,104.58,0.3,0.6259,27,3,5,9,2,2,0,7,158.61,0.493,0.251,12.008,-0.168,12,0.4444,0,0,0,0,0,0,0,0,2,792.546,1.791,1083111.581,-3.22,20.096,10.057,5.915,0,0
CNC1=Nc2ccc(Cl)cc2C(c2ccccc2)=[N+]([O-])C1,299.76,299.08,2.95,50.46,85.75,0.125,0.65,21,1,3,1,3,2,0,5,127.54,0.623,0.228,12.574,0.174,12,0.5714,1,1,1,0,1,0,1,0,0,738.442,2.272,81645.162,-2.33,13.644,5.578,2.623,0,0
CNCCC=C1c2ccccc2CCc2ccccc21,263.38,263.17,3.83,12.03,85.91,0.2632,0.83,20,1,1,3,3,2,0,1,120.9,0.319,0.002,3.226,1.022,12,0.6,0,0,1,0,0,0,0,0,0,575.668,2.113,64665.059,-1.86,13.138,6.062,2.543,0,0
CNCCCC12CCC(c3ccccc31)c1ccccc12,277.41,277.18,4.21,12.03,87.9,0.4,0.8254,21,1,1,4,5,2,0,1,126.95,0.32,0.021,3.309,0.263,12,0.5714,0,0,3,0,0,0,0,0,0,610.893,1.881,130037.016,-1.6,13.09,4.994,1.802,0,0
CNCCCN1c2ccccc2CCc2ccccc21,266.39,266.18,3.53,15.27,85.84,0.3333,0.8516,20,1,2,4,3,2,0,2,120.98,0.341,0.044,3.244,1.056,12,0.6,0,0,1,0,1,0,1,0,0,529.636,1.996,64665.059,-1.8,13.195,6.101,2.565,0,0
CNCC[C@@H](Oc1ccc(C(F)(F)F)cc1)c1ccccc1,309.33,309.13,4.44,21.26,79.8,0.2941,0.8518,22,1,2,6,2,2,0,5,127.47,0.486,0.416,12.565,-4.33,12,0.5455,0,0,0,0,0,0,0,0,0,566.708,2.13,84553.518,-2.01,16.362,7.313,4.495,1,0
CNCC[C@@H](Oc1ccccc1C)c1ccccc1,255.36,255.16,3.72,21.26,79.53,0.2941,0.849,19,1,2,6,2,2,0,2,114.98,0.485,0.125,6.193,0.092,12,0.6316,0,0,0,0,0,0,0,0,0,495.625,2.168,27068.962,-1.8,13.627,6.954,3.831,1,0
CNC[C@H](O)c1ccc(O)c(O)c1,183.21,183.09,0.35,72.72,48.66,0.3333,0.5102,13,4,4,3,1,1,0,4,76.46,0.504,0.157,9.481,-0.67,6,0.4615,0,0,0,0,0,0,0,0,0,288.188,2.835,795.662,-1.26,9.825,4.113,2.336,1,0
CNS(=O)(=O)Cc1ccc2[nH]cc(CCCN3CCN(c4ncncc4OC)CC3)c2c1,458.59,458.21,1.77,103.45,125.54,0.4545,0.5037,32,2,7,9,4,3,0,10,188.41,0.491,0.215,11.883,-3.284,15,0.4688,0,0,1,1,3,2,1,1,0,1155.437,1.312,22896231.826,-2.69,22.502,9.845,5.197,0,0
CN[C@@H](C)Cc1ccccc1,149.24,149.12,1.84,12.03,48.67,0.4,0.6911,11,1,1,3,1,1,0,1,68.44,0.317,0.008,3.213,0.567,6,0.5455,0,0,0,0,0,0,0,0,0,193.288,2.508,370.936,-0.82,8.278,4.141,2.724,1,0
CN[C@@H]1CCc2[nH]c3ccc(C(N)=O)cc3c2C1,243.31,243.14,1.34,70.91,71.69,0.3571,0.7446,18,3,2,2,3,2,0,4,105.56,0.366,0.248,11.255,-0.368,9,0.5,0,0,1,0,1,1,0,0,1,614.772,2.137,21117.67,-1.81,11.29,4.137,1.693,1,0
CN[C@@]1(c2ccccc2Cl)CCCCC1=O,237.73,237.09,2.9,29.1,65.66,0.4615,0.8572,16,1,2,2,2,1,0,3,100.99,0.304,0.157,12.179,-0.559,6,0.375,0,0,1,1,0,0,0,0,0,404.674,2.483,5246.763,-0.86,11.62,4.559,1.763,1,0
CN[C@H]1CC[C@@H](c2ccc(Cl)c(Cl)c2)c2ccccc21,306.24,305.07,5.18,12.03,85.78,0.2941,0.8059,20,1,1,2,3,2,0,3,129.46,0.313,0.059,6.172,0.408,12,0.6,0,0,1,0,0,0,0,0,0,624.137,2.046,50560.69,-1.02,13.94,5.768,2.46,2,0
CNn1cc(C(=O)O)c(=O)c2cc(F)c(N3CCN(C)CC3)cc21,334.35,334.14,0.76,77.81,90.12,0.375,0.8631,24,2,6,3,3,2,0,8,137.41,0.477,0.341,14.578,-1.338,10,0.4167,0,0,1,1,2,1,1,1,0,856.502,2.183,254288.588,-2.61,16.255,6.121,2.688,0,0
CO/N=C\C1=CCCN(C)C1,154.21,154.11,0.88,24.83,45.7,0.625,0.4355,11,0,3,2,1,0,0,3,67.32,0.399,0.106,4.59,0.979,0,0.0,0,0,1,0,1,0,1,0,0,174.931,2.443,347.846,-0.83,8.268,4.133,2.718,0,0
COC(=O)C1=C(C#N)NC(C)=C(C(=O)OC(C)C)[C@H]1c1cccc([N+](=O)[O-])c1,385.38,385.13,2.46,131.56,97.56,0.3158,0.4643,28,1,8,5,2,1,0,9,160.94,0.466,0.337,12.761,-1.061,6,0.2143,1,1,1,0,1,0,1,0,0,939.233,2.759,1086988.5,-3.67,20.64,8.348,4.011,1,0
COC(=O)C1=C(C)NC(C)=C(C(=O)OC(C)(C)CN(C)CCC(c2ccccc2)c2ccccc2)[C@H]1c1cccc([N+](=O)[O-])c1,611.74,611.3,6.48,111.01,173.4,0.3333,0.1408,45,1,8,12,4,3,0,9,264.24,0.466,0.337,13.96,-0.919,18,0.4,1,1,1,0,1,0,1,0,0,1557.731,1.542,5744229868.56,-4.76,33.139,14.348,8.046,1,0
COC(=O)C1=C(C)NC(C)=C(C(=O)OC(C)C)[C@H]1c1cccc2nonc12,371.39,371.15,2.58,103.55,96.32,0.3684,0.8181,27,1,8,4,3,2,0,8,155.71,0.466,0.337,12.886,-0.722,9,0.3333,0,0,1,0,2,1,1,0,0,970.635,2.256,1213346.326,-3.16,18.626,7.222,3.298,1,0
COC(=O)C1=C(C)NC(C)=C(C(=O)OC)C1c1ccccc1[N+](=O)[O-],346.34,346.12,2.18,107.77,88.41,0.2941,0.5055,25,1,7,4,2,1,0,8,143.81,0.466,0.336,12.341,-0.97,6,0.24,1,1,1,0,1,0,1,0,0,771.111,2.803,291739.896,-3.16,18.183,7.163,3.232,0,0
COC(=O)C1=C(C)NC(C)=C(C(=O)OC/C=C/c2ccccc2)[C@H]1c1cccc([N+](=O)[O-])c1,448.48,448.16,4.26,107.77,122.82,0.2,0.383,33,1,7,7,3,2,0,8,190.91,0.466,0.337,13.123,-0.885,12,0.3636,1,1,1,0,1,0,1,0,0,1164.429,1.945,20116119.513,-4.2,23.463,10.408,5.352,1,0
COC(=O)C1=C(C)NC(C)=C(C(=O)OCC(C)=O)[C@@H]1c1ccccc1[N+](=O)[O-],388.38,388.13,2.13,124.84,98.03,0.3158,0.4463,28,1,8,6,2,1,0,9,160.71,0.466,0.337,12.724,-1.088,6,0.2143,1,1,1,0,1,0,1,0,0,914.612,2.707,1065637.3,-3.49,20.817,8.467,4.082,1,0
COC(=O)C1=C(C)NC(C)=C(C(=O)OCC(C)C)[C@H]1c1ccccc1[N+](=O)[O-],388.42,388.16,3.2,107.77,102.19,0.4,0.4528,28,1,7,6,2,1,0,8,162.91,0.466,0.336,12.876,-0.977,6,0.2143,1,1,1,0,1,0,1,0,0,869.202,2.691,1065637.3,-3.16,21.144,8.686,4.215,1,0
COC(=O)C1=C(C)NC(C)=C(C(=O)OCCN(C)Cc2ccccc2)[C@H]1c1cccc([N+](=O)[O-])c1,479.53,479.21,3.68,111.01,130.12,0.3077,0.3294,35,1,8,9,3,2,0,9,203.73,0.466,0.336,13.267,-0.877,12,0.3429,1,1,1,0,1,0,1,0,0,1172.619,1.839,46735509.329,-3.98,25.639,11.435,6.128,1,0
COC(=O)C1=C(C)NC(C)=C(C(=O)OCCN2CCN(C(c3ccccc3)c3ccccc3)CC2)[C@H]1c1cccc([N+](=O)[O-])c1,610.71,610.28,4.95,114.25,170.09,0.3143,0.1934,45,1,9,10,5,3,0,10,262.63,0.466,0.336,13.616,-0.887,18,0.4,1,1,2,1,2,0,2,1,0,1557.078,1.257,11974712773.958,-4.8,31.619,14.321,7.134,1,0
COC(=O)C1=C(C)NC(C)=C(C(=O)O[C@@H]2CCCN(Cc3ccccc3)C2)[C@@H]1c1cccc([N+](=O)[O-])c1,505.57,505.22,4.21,111.01,137.22,0.3571,0.3385,37,1,8,7,4,2,0,9,215.45,0.466,0.337,13.66,-0.87,12,0.3243,1,1,2,1,2,0,2,1,0,1253.574,1.613,172589429.184,-3.98,26.093,11.386,5.886,2,0
COC(=O)C1=C(C)NC(C)=C(C(=O)O[C@H]2CCN(Cc3ccccc3)C2)[C@H]1c1cccc([N+](=O)[O-])c1,491.54,491.21,3.82,111.01,132.61,0.3333,0.3536,36,1,8,7,4,2,0,9,209.08,0.466,0.337,13.548,-0.868,12,0.3333,1,1,2,1,2,0,2,1,0,1237.08,1.599,126713326.43,-3.98,25.123,10.739,5.307,2,0
COC(=O)N[C@H](C(=O)N[C@@H](Cc1ccccc1)[C@H](O)CN(Cc1ccc(-c2ccccn2)cc1)NC(=O)[C@H](NC(=O)OC)C(C)(C)C)C(C)(C)C,704.87,704.39,4.21,171.22,193.88,0.4474,0.1543,51,5,9,14,3,3,0,13,300.03,0.453,0.407,13.797,-1.22,18,0.3529,0,0,0,0,1,1,0,0,4,1574.228,1.955,54729404126.648,-5.01,40.42,18.292,12.676,4,0
COC(=O)Nc1nc2cc(C(=O)c3ccccc3)ccc2[nH]1,295.3,295.1,2.97,84.08,82.0,0.0625,0.7275,22,2,4,3,3,3,0,6,125.68,0.453,0.413,12.393,-0.611,15,0.6818,0,0,0,0,1,1,0,0,1,840.223,1.926,160560.534,-3.15,13.816,5.688,2.666,0,0
COC(=O)[C@@H]1CC2=CC(=O)CC[C@]2(C)[C@@]23O[C@@H]2C[C@@]2(C)[C@@H](CC[C@@]24CCC(=O)O4)[C@H]13,414.5,414.2,3.12,82.2,105.15,0.7917,0.4843,30,0,6,1,6,0,0,6,176.23,0.469,0.309,13.025,-0.424,0,0.0,0,0,6,5,2,0,2,2,0,907.372,1.489,9012075.33,-1.69,19.03,5.56,1.936,8,0
COC(=O)[C@H](c1ccccc1)[C@H]1CCCCN1,233.31,233.14,2.09,38.33,66.84,0.5,0.8123,17,1,3,3,2,1,0,3,102.17,0.469,0.314,11.949,-0.179,6,0.3529,0,0,1,1,1,0,1,1,0,357.745,2.212,10608.13,-1.35,12.116,5.824,2.856,2,0
COC(=O)[C@H](c1ccccc1Cl)N1CCc2sccc2C1,321.83,321.06,3.67,29.54,84.64,0.3125,0.8078,21,0,4,3,3,2,0,5,132.65,0.468,0.327,12.294,-0.447,11,0.5238,0,0,1,0,2,1,1,0,0,655.231,1.943,102654.198,-1.36,14.572,6.178,2.839,1,0
COC(=O)[C@H]1[C@@H](O)CC[C@H]2CN3CCc4c([nH]c5ccccc45)[C@@H]3C[C@@H]21,354.45,354.19,2.65,65.56,98.66,0.5714,0.773,26,2,4,1,5,2,0,5,152.88,0.469,0.311,12.375,-0.568,9,0.3462,0,0,3,2,3,1,2,1,0,844.894,1.522,1806939.757,-1.85,16.333,6.1,2.334,5,0
COC(=O)[C@H]1[C@@H](OC(=O)c2ccccc2)C[C@@H]2CC[C@H]1N2C,303.36,303.15,1.87,55.84,80.34,0.5294,0.7979,22,0,5,3,3,1,0,5,129.74,0.469,0.338,12.297,-0.408,6,0.2727,0,0,2,2,2,0,2,2,0,559.037,1.79,134560.524,-1.88,15.033,6.085,2.609,4,0
COC(=O)[C@H]1[C@H]2C[C@@H]3c4[nH]c5cc(OC)ccc5c4CCN3C[C@H]2C[C@@H](OC(=O)c2cc(OC)c(OC)c(OC)c2)[C@@H]1OC,608.69,608.27,4.17,117.78,160.69,0.5152,0.3736,44,1,10,8,6,3,0,11,256.17,0.497,0.338,13.543,-0.67,15,0.3409,0,0,3,2,3,1,2,1,0,1526.482,1.294,10500349728.856,-3.96,30.083,12.203,5.012,6,0
COC(F)(F)C(Cl)Cl,164.97,163.96,2.03,9.23,27.45,1.0,0.5684,8,0,1,2,0,0,0,5,55.52,0.385,0.322,11.789,-3.427,0,0.0,0,0,0,0,0,0,0,0,0,75.684,3.708,38.337,0.4,8.4,2.802,2.112,0,0
COC1=CC(=O)C[C@@H](C)[C@]12Oc1c(Cl)c(OC)cc(OC)c1C2=O,352.77,352.07,2.81,71.06,86.13,0.4118,0.8327,24,0,6,3,3,1,0,7,143.82,0.496,0.231,13.255,-1.422,6,0.25,0,0,2,0,1,0,1,0,0,768.835,2.258,270347.37,-2.21,16.641,5.702,2.022,2,0
COC1=CC(=O)O[C@H]1[C@H](O)c1ccccc1Cl,254.67,254.03,1.83,55.76,61.38,0.25,0.8364,17,1,4,3,2,1,0,5,103.41,0.497,0.335,11.121,-1.04,6,0.3529,0,0,1,0,1,0,1,0,0,469.328,2.272,9374.449,-1.52,11.951,4.773,2.276,2,0
COCC(=O)O[C@]1(CCN(C)CCCc2nc3ccccc3[nH]2)CCc2cc(F)ccc2[C@@H]1C(C)C,495.64,495.29,5.27,67.45,139.53,0.5172,0.3672,36,1,5,11,4,3,0,7,212.75,0.457,0.332,13.966,-0.651,15,0.4167,0,0,1,0,1,1,0,0,0,1144.536,1.442,118770259.119,-2.77,26.297,11.523,5.955,2,0
COCCCC/C(=N/OCCN)c1ccc(C(F)(F)F)cc1,318.34,318.16,3.2,56.84,78.71,0.5333,0.432,22,1,4,9,1,1,0,7,127.63,0.416,0.394,12.574,-4.343,6,0.2727,0,0,0,0,0,0,0,0,0,458.851,2.783,60369.243,-1.6,18.449,9.424,6.445,0,0
COCCCOc1ccnc(C[S@@H](=O)c2nc3ccccc3[nH]2)c1C,360.46,360.14,2.72,77.1,98.56,0.3333,0.4771,25,2,5,8,3,3,0,7,148.61,0.493,0.183,12.704,-1.701,15,0.6,0,0,0,0,2,2,0,0,0,845.884,1.719,698309.593,-2.25,17.569,8.221,4.237,1,0
COCCOC(=O)C1=C(C)NC(C)=C(C(=O)OC(C)C)[C@@H]1c1cccc([N+](=O)[O-])c1,418.45,418.17,2.97,117.0,108.44,0.4286,0.2963,30,1,8,8,2,1,0,9,174.39,0.46,0.337,12.908,-0.882,6,0.2,1,1,1,0,1,0,1,0,0,902.371,2.603,2673650.204,-3.2,23.083,10.017,5.235,1,0
COCCOC(=O)C1=C(C)NC(C)=C(C(=O)OC/C=C/c2ccccc2)[C@H]1c1cccc([N+](=O)[O-])c1,492.53,492.19,4.28,117.0,133.64,0.2593,0.2261,36,1,8,10,3,2,0,9,208.75,0.46,0.337,13.275,-0.924,12,0.3333,1,1,1,0,1,0,1,0,0,1215.638,1.938,85384500.13,-4.24,26.366,12.46,6.454,1,0
COCCc1ccc(OC[C@@H](O)CNC(C)C)cc1,267.37,267.18,1.61,50.72,76.66,0.6,0.7136,19,2,4,9,1,1,0,4,115.29,0.491,0.119,9.726,-0.49,6,0.3158,0,0,0,0,0,0,0,0,0,337.749,2.286,16005.551,-1.1,15.956,8.908,7.155,1,0
COCc1c(C(=O)OC(C)C)ncc2[nH]c3ccc(OCc4ccccc4)cc3c12,404.47,404.17,5.01,73.44,115.64,0.25,0.4386,30,1,5,7,4,4,0,6,174.34,0.489,0.357,12.604,-0.454,19,0.6333,0,0,0,0,2,2,0,0,0,1182.234,1.773,8601177.65,-3.38,19.916,8.549,3.997,0,0
COCc1c(C(C)C)nc(C(C)C)c(/C=C\[C@@H](O)C[C@@H](O)CC(=O)O)c1-c1ccc(F)cc1,459.56,459.24,4.88,99.88,126.44,0.4615,0.4428,33,3,5,11,2,2,0,7,194.32,0.481,0.305,13.683,-1.159,12,0.3636,0,0,0,0,1,1,0,0,0,969.638,2.687,9958652.472,-2.61,26.641,12.022,7.187,2,0
CO[C@@H]1[C@@H](O[C@@H]2O[C@H](C)[C@@H](O[C@H]3C[C@@](C)(O)[C@@H](OC(=O)CC(C)C)[C@H](C)O3)[C@H](N(C)C)[C@H]2O)[C@@H](CC=O)C[C@@H](C)[C@@H](O)C=CC=CC[C@@H](C)OC(=O)C[C@H]1OC(C)=O,828.01,827.47,3.01,206.05,209.85,0.8095,0.1469,58,3,16,12,3,0,0,16,343.0,0.462,0.309,13.246,-1.501,0,0.0,0,0,3,2,3,0,3,2,0,1385.857,1.975,846276968733.452,-2.8,49.562,22.703,14.154,16,0
CO[C@H]1C=CO[C@@]2(C)Oc3c(C)c(O)c4c(O)c(c(/C=N\N5CCN(C)CC5)c(O)c4c3C2=O)NC(=O)C(C)=CC=C[C@H](C)[C@H](O)[C@@H](C)[C@@H](O)[C@@H](C)[C@H](OC(C)=O)[C@H]1C,822.95,822.41,4.34,220.15,220.48,0.5349,0.1095,59,6,15,4,6,2,0,16,343.91,0.507,0.312,14.426,-2.043,10,0.1695,0,0,4,1,4,0,4,1,1,2072.628,1.704,3443399886748.291,-5.16,44.934,17.992,8.905,9,0
CO[C@H]1C=CO[C@@]2(C)Oc3c(C)c(O)c4c(O)c(c(/C=N\N5CCN(C6CCCC6)CC5)c(O)c4c3C2=O)NC(=O)C(C)=CC=C[C@H](C)[C@H](O)[C@@H](C)[C@@H](O)[C@@H](C)[C@H](OC(C)=O)[C@H]1C,877.05,876.45,5.65,220.15,236.81,0.5745,0.0926,63,6,15,5,7,2,0,16,368.37,0.507,0.312,14.535,-2.043,10,0.1587,0,0,5,2,4,0,4,1,1,2189.666,1.472,40679198916371.44,-5.16,47.322,19.295,9.402,9,0
CO[C@H]1C=CO[C@@]2(C)Oc3c(C)c(O)c4c(O)c(cc(O)c4c3C2=O)NC(=O)C(C)=CC=C[C@H](C)[C@H](O)[C@@H](C)[C@@H](O)[C@@H](C)[C@H](OC(C)=O)[C@H]1C,697.78,697.31,4.75,201.31,183.82,0.4865,0.1431,50,6,12,2,5,2,0,13,290.35,0.507,0.312,13.925,-1.981,10,0.2,0,0,3,0,3,0,3,0,1,1762.793,1.869,37319159889.042,-4.59,38.216,14.716,7.027,9,0
CO[C@H]1C=CO[C@@]2(C)Oc3c(C)c(O)c4c(c3C2=O)C2=NC3(CCN(CC(C)C)CC3)NC2=C(NC(=O)C(C)=CC=C[C@H](C)[C@H](O)[C@@H](C)[C@@H](O)[C@@H](C)[C@H](OC(C)=O)[C@@H]1C)C4=O,847.02,846.44,4.62,205.55,226.76,0.587,0.2631,61,5,14,4,6,1,0,15,357.48,0.507,0.312,14.709,-1.967,6,0.0984,0,0,5,1,4,0,4,1,1,2112.171,1.491,10968644285980.875,-4.83,45.691,17.504,8.536,9,0
CO[C@H]1C[C@@H]2CC[C@@H](C)[C@@](O)(O2)C(=O)C(=O)N2CCCC[C@H]2C(=O)O[C@H]([C@H](C)C[C@@H]2CC[C@@H](OCCO)[C@H](OC)C2)CC(=O)[C@H](C)C=C(C)[C@@H](O)[C@@H](OC)C(=O)[C@H](C)C[C@H](C)C=CC=CC=C1C,958.24,957.58,6.2,204.66,255.96,0.7547,0.1339,68,3,14,9,4,0,0,15,404.57,0.46,0.329,14.458,-2.433,0,0.0,0,0,4,3,3,0,3,2,1,1809.065,1.697,212329021275346.75,-3.41,57.171,27.263,15.295,15,0
CO[C@H]1C[C@H](O[C@@H]2[C@@H](C)C(=O)O[C@H](C)[C@H](C)[C@H](OC(C)=O)[C@@H](C)C(=O)[C@@]3(CO3)C[C@H](C)[C@H](O[C@@H]3O[C@H](C)C[C@H](N(C)C)[C@H]3OC(C)=O)[C@H]2C)O[C@@H](C)[C@@H]1OC(C)=O,813.98,813.45,3.62,184.19,202.26,0.878,0.1867,57,0,16,9,4,0,0,16,337.02,0.462,0.311,14.391,-1.189,0,0.0,0,0,4,4,4,0,4,4,0,1419.903,1.815,1091762429768.951,-2.73,46.954,19.555,11.31,18,0
CO[C@]12CC[C@@]3(C[C@@H]1[C@](C)(O)C(C)(C)C)[C@H]1Cc4ccc(O)c5c4[C@@]3(CCN1CC1CC1)[C@@H]2O5,467.65,467.3,4.41,62.16,130.2,0.7931,0.6867,34,2,5,4,8,1,0,5,203.37,0.504,0.165,12.195,-0.909,6,0.1765,0,0,7,5,2,0,2,1,0,1056.946,1.474,83988563.284,-1.3,21.94,6.33,2.25,7,0
COc1c(N2CCN[C@@H](C)C2)c(F)cc2c(=O)c(C(=O)O)cn(C3CC3)c12,375.4,375.16,1.98,83.8,99.63,0.4737,0.8503,27,2,6,4,4,2,0,8,154.89,0.492,0.341,15.102,-1.31,10,0.3704,0,0,2,2,2,1,1,1,0,983.304,2.031,2352395.216,-2.61,17.786,6.525,2.934,1,0
COc1c2occc2cc2ccc(=O)oc12,216.19,216.04,2.55,52.58,58.81,0.0833,0.5864,16,0,4,1,3,3,0,4,90.03,0.49,0.336,11.173,-0.406,13,0.8125,0,0,0,0,2,2,0,0,0,720.536,2.596,8893.477,-2.23,9.029,3.131,1.129,0,0
COc1cc(Br)c2oc(C3CCNCC3)cc2c1,310.19,309.04,3.67,34.4,75.31,0.4286,0.9188,18,1,3,2,3,2,0,4,114.62,0.497,0.148,6.008,0.538,9,0.5,0,0,1,1,2,1,1,1,0,558.164,2.014,24733.93,-1.0,12.055,4.938,2.148,0,0
COc1cc(C(=O)NS(=O)(=O)c2ccccc2C)ccc1Cc1cn(C)c2ccc(NC(=O)OC3CCCC3)cc12,575.69,575.21,5.7,115.73,156.91,0.2903,0.2787,41,2,7,8,5,4,0,10,239.07,0.496,0.411,12.901,-4.04,21,0.5122,0,0,1,1,1,1,0,0,2,1721.202,1.351,1711400272.136,-4.31,28.227,11.661,6.222,0,0
COc1cc(C(C)=O)ccc1OCCCN1CCC(c2noc3cc(F)ccc23)CC1,426.49,426.2,4.83,64.8,115.49,0.4167,0.3799,31,0,6,8,4,3,0,7,180.46,0.493,0.17,13.362,-0.306,15,0.4839,0,0,1,1,2,1,1,1,0,1056.914,1.24,14913639.748,-2.93,21.308,9.473,4.876,0,0
COc1cc(Cc2cnc(N)nc2N)cc(OC)c1OC,290.32,290.14,1.26,105.51,79.76,0.2857,0.8534,21,2,7,5,2,2,0,7,122.41,0.493,0.221,5.848,0.154,12,0.5714,0,0,0,0,1,1,0,0,0,621.107,2.398,52230.227,-2.7,14.704,6.167,3.073,0,0
COc1cc(N)c(Cl)cc1C(=O)N[C@H]1CCN(CCCOc2ccc(F)cc2)C[C@H]1OC,465.95,465.18,3.36,86.05,122.04,0.4348,0.436,32,2,6,9,3,2,0,9,192.12,0.496,0.255,12.949,-0.282,12,0.375,0,0,1,1,1,0,1,1,1,912.86,1.491,13242824.738,-2.55,24.1,11.355,6.246,2,0
COc1cc(NCc2ccc3nc(N)nc(N)c3c2C)cc(OC)c1OC,369.43,369.18,2.74,117.54,106.52,0.2632,0.607,27,3,8,6,3,3,0,8,157.0,0.493,0.222,6.043,0.169,16,0.5926,0,0,0,0,1,1,0,0,0,965.726,1.92,1140338.698,-3.42,18.373,7.446,3.459,0,0
COc1cc(N[C@@H](C)CCCN)c2ncccc2c1,259.35,259.17,2.78,60.17,79.67,0.4,0.8371,19,2,4,6,2,2,0,4,113.53,0.497,0.121,5.546,0.362,10,0.5263,0,0,0,0,1,1,0,0,0,541.902,2.294,23720.783,-1.81,13.618,6.384,3.351,1,0
COc1cc(OC)c(C(=O)CCCN2CCCC2)c(OC)c1,307.39,307.18,2.77,48.0,85.34,0.5882,0.6912,22,0,5,8,2,1,0,5,131.7,0.496,0.17,12.558,0.051,6,0.2727,0,0,1,1,1,0,1,1,0,484.376,2.061,128817.539,-1.75,16.618,8.034,3.914,0,0
COc1cc(OC)nc(NS(=O)(=O)c2ccc(N)cc2)n1,310.34,310.07,0.88,116.43,76.8,0.1667,0.7871,21,2,7,5,2,2,0,9,121.54,0.481,0.264,12.199,-3.822,12,0.5714,0,0,0,0,1,1,0,0,0,709.173,2.336,45765.694,-2.55,14.851,5.834,3.51,0,0
COc1cc([C@@H]2c3cc4c(cc3[C@@H](O[C@@H]3O[C@@H]5CO[C@@H](C)O[C@H]5[C@H](O)[C@H]3O)[C@H]3COC(=O)[C@H]23)OCO4)cc(OC)c1O,588.56,588.18,1.34,160.83,138.35,0.5517,0.4298,42,3,13,5,7,2,0,13,240.23,0.502,0.31,13.385,-1.436,12,0.2857,0,0,5,3,4,0,4,3,0,1352.533,1.318,5287664732.044,-3.33,27.5,10.436,4.259,10,0
COc1cc([C@@H]2c3cc4c(cc3[C@@H](O[C@@H]3O[C@@H]5CO[C@@H](c6cccs6)O[C@H]5[C@H](O)[C@H]3O)[C@H]3COC(=O)[C@H]23)OCO4)cc(OC)c1O,656.66,656.16,2.75,160.83,155.94,0.4688,0.3328,46,3,14,6,8,3,0,14,266.56,0.502,0.31,13.483,-1.472,17,0.3696,0,0,5,3,5,1,4,3,0,1601.099,1.158,57390008052.186,-3.63,29.751,11.56,4.701,10,0
COc1cc2c(c(OC)c1OC)-c1ccc(OC)c(=O)cc1[C@@H](NC(C)=O)CC2,399.44,399.17,2.87,83.09,109.23,0.3636,0.8325,29,1,6,5,3,2,0,7,169.1,0.493,0.22,12.642,-0.332,13,0.4483,0,0,1,0,0,0,0,0,1,1001.395,2.414,3026041.549,-3.22,20.513,8.426,3.722,1,0
COc1cc2c(cc1OC)C(=O)[C@H](CC1CCN(Cc3ccccc3)CC1)C2,379.5,379.21,4.36,38.77,110.13,0.4583,0.7475,28,0,4,6,4,2,0,4,167.0,0.493,0.166,12.937,0.109,12,0.4286,0,0,2,1,1,0,1,1,0,825.244,1.336,3746809.96,-2.33,19.007,8.356,3.925,1,0
COc1ccc(-c2cc(=O)c3c(O)cc(O[C@@H]4O[C@H](CO[C@@H]5O[C@@H](C)[C@H](O)[C@@H](O)[C@H]5O)[C@@H](O)[C@H](O)[C@H]4O)cc3o2)cc1O,608.55,608.17,-1.09,238.2,143.42,0.4643,0.159,43,8,15,7,5,3,0,15,242.79,0.507,0.229,12.816,-1.78,16,0.3721,0,0,2,2,3,1,2,2,0,1507.492,1.362,2630332649.491,-3.51,30.932,12.237,5.991,10,0
COc1ccc(-c2nc3cc(C4=NNC(=O)C[C@H]4C)ccc3[nH]2)cc1,334.38,334.14,3.1,79.37,96.54,0.2105,0.7723,25,2,4,3,4,3,0,6,144.47,0.497,0.24,11.424,-0.043,15,0.6,0,0,1,0,2,1,1,0,1,972.758,1.705,861353.441,-3.15,15.382,6.05,2.865,1,0
COc1ccc(C(=O)N2CCN(c3ccc4c(c3)CCC(=O)N4)CC2)cc1OC,395.46,395.18,2.55,71.11,111.06,0.3636,0.8616,29,1,5,4,4,2,0,7,169.75,0.493,0.254,12.904,-0.001,12,0.4138,0,0,2,1,2,0,2,1,2,935.65,1.417,5101319.114,-3.22,19.112,8.028,3.852,0,0
COc1ccc(C(=O)Nc2ccccc2CC[C@H]2CCCCN2C)cc1,352.48,352.22,4.36,41.57,105.98,0.4091,0.8395,26,1,3,6,3,2,0,4,155.72,0.497,0.255,12.564,-0.088,12,0.4615,0,0,1,1,1,0,1,1,1,727.177,1.648,986697.15,-2.33,18.461,8.856,4.64,1,0
COc1ccc(C(C)C)cc1CN[C@H]1C2CCN(CC2)[C@H]1C(c1ccccc1)c1ccccc1,454.66,454.3,6.2,24.5,140.52,0.4194,0.4383,34,1,3,8,6,3,0,3,204.7,0.496,0.123,5.744,0.354,18,0.5294,0,0,3,3,3,0,3,3,0,1017.805,1.482,88642881.764,-2.62,23.137,10.332,4.644,2,0
COc1ccc(CCN(C)CCC[C@@](C#N)(c2cc(OC)c(OC)c(OC)c2)C(C)C)cc1OC,484.64,484.29,5.1,73.18,138.21,0.5357,0.3692,35,0,7,14,2,2,0,7,210.05,0.493,0.203,10.365,-0.67,12,0.3429,0,0,0,0,0,0,0,0,0,976.323,2.111,38881372.393,-3.11,28.13,13.105,6.519,1,0
COc1ccc(CCN(C)CCC[C@@](C#N)(c2ccc(OC)c(OC)c2)C(C)C)cc1OC,454.61,454.28,5.09,63.95,131.66,0.5185,0.4199,33,0,6,13,2,2,0,6,198.57,0.493,0.161,10.242,-0.58,12,0.3636,0,0,0,0,0,0,0,0,0,938.204,2.023,15777873.299,-2.91,26.343,12.362,6.326,1,0
COc1ccc(CCN2CCC(Nc3nc4ccccc4n3Cc3ccc(F)cc3)CC2)cc1,458.58,458.25,5.35,42.32,135.02,0.3214,0.3865,34,1,5,8,5,4,0,6,199.73,0.497,0.204,13.38,-0.212,21,0.6176,0,0,1,1,2,1,1,1,0,1211.634,1.21,96907037.245,-3.38,22.414,10.263,5.229,0,0
COc1ccc(CN(CCN(C)C)c2ccccn2)cc1,285.39,285.18,2.66,28.6,86.84,0.3529,0.7818,21,0,4,7,2,2,0,4,126.53,0.497,0.128,5.205,0.842,12,0.5714,0,0,0,0,1,1,0,0,0,525.491,2.105,64335.223,-2.07,15.321,7.643,4.756,0,0
COc1ccc(CN2CCNCC2)c(OC)c1OC,266.34,266.16,1.12,42.96,74.24,0.5714,0.8648,19,1,5,5,2,1,0,5,114.0,0.493,0.203,5.504,0.664,6,0.3158,0,0,1,1,1,0,1,1,0,417.397,2.233,26055.701,-1.46,13.96,6.633,3.108,0,0
COc1ccc(Cc2nccc3cc(OC)c(OC)cc23)cc1OC,339.39,339.15,3.86,49.81,97.2,0.25,0.6824,25,0,5,6,3,3,0,5,146.67,0.493,0.161,5.427,0.674,16,0.64,0,0,0,0,1,1,0,0,0,892.244,2.04,577772.086,-2.95,16.892,7.299,3.309,0,0
COc1ccc(Cl)cc1C(=O)NCCc1ccc(S(=O)(=O)NC(=O)NC2CCCCC2)cc1,494.01,493.14,3.64,113.6,126.21,0.3913,0.5192,33,3,5,8,3,2,0,10,198.65,0.496,0.328,12.492,-3.967,12,0.3636,0,0,1,1,0,0,0,0,3,1083.776,1.513,19051838.764,-2.78,24.854,11.38,7.1,0,0
COc1ccc([C@@H]2Sc3ccccc3N(CCN(C)C)C(=O)[C@@H]2OC(C)=O)cc1,414.53,414.16,3.37,59.08,114.5,0.3636,0.6758,29,0,6,6,3,2,0,7,175.32,0.497,0.303,13.555,-0.916,12,0.4138,0,0,1,0,1,0,1,0,1,869.371,2.056,3020643.092,-2.51,21.205,9.325,4.916,2,0
COc1ccc([C@H](CN(C)C)C2(O)CCCCC2)cc1,277.41,277.2,3.04,32.7,82.32,0.6471,0.8977,20,1,3,5,2,1,0,3,122.11,0.497,0.118,11.102,-0.558,6,0.3,0,0,1,1,0,0,0,0,0,407.503,2.251,32347.209,-1.06,15.331,6.595,3.526,1,0
COc1ccc2c(c1)[C@@]13CCCC[C@H]1[C@@H](C2)N(C)CC3,271.4,271.19,3.38,12.47,81.37,0.6667,0.7761,20,0,2,1,4,1,0,2,121.67,0.497,0.119,5.505,0.456,6,0.3,0,0,3,2,1,0,1,1,0,526.15,1.878,65310.912,-1.02,12.7,4.49,1.605,3,0
COc1ccc2c(c1)c(CC(=O)O)c(C)n2C(=O)c1ccc(Cl)cc1,357.79,357.08,3.93,68.53,95.75,0.1579,0.7678,25,1,4,4,3,3,0,6,148.95,0.497,0.307,12.987,-0.955,15,0.6,0,0,0,0,1,1,0,0,0,973.248,2.232,468921.443,-2.79,17.047,6.607,3.105,0,0
COc1ccc2c3c1O[C@H]1C(=O)CC[C@@]4(O)[C@@H](C2)N(C)CC[C@]314,315.37,315.15,1.05,59.0,83.02,0.6111,0.8393,23,1,5,1,5,1,0,5,134.73,0.493,0.174,12.653,-0.9,6,0.2609,0,0,4,2,2,0,2,1,0,731.977,1.857,312827.56,-1.59,13.813,4.081,1.319,4,0
COc1ccc2c3c1O[C@H]1C(=O)CC[C@H]4[C@@H](C2)N(C)CC[C@]314,299.37,299.15,1.93,38.77,81.56,0.6111,0.7942,22,0,4,1,5,1,0,4,129.94,0.493,0.174,12.622,-0.284,6,0.2727,0,0,4,2,2,0,2,1,0,685.155,1.813,226722.0,-1.55,12.941,4.046,1.272,4,0
COc1ccc2c3c1O[C@H]1C[C@@H](O)C=C[C@@]31CCN(C)C2,287.36,287.15,1.85,41.93,79.8,0.5294,0.8005,21,1,4,1,4,1,0,4,124.52,0.493,0.166,9.973,-0.412,6,0.2857,0,0,3,0,2,0,2,0,0,612.298,1.954,95968.988,-1.52,13.164,4.486,1.755,3,0
COc1ccc2c3c1O[C@H]1[C@@H](O)C=C[C@H]4[C@@H](C2)N(C)CC[C@]314,299.37,299.15,1.5,41.93,82.46,0.5556,0.7981,22,1,4,1,5,1,0,4,129.88,0.493,0.165,10.554,-0.539,6,0.2727,0,0,4,1,2,0,2,1,0,685.155,1.822,226722.0,-1.52,12.968,4.06,1.278,5,0
COc1ccc2c3c1O[C@H]1[C@@H](O)C=C[C@H]4[C@@H](C2)NCC[C@]314,285.34,285.14,1.16,50.72,77.84,0.5294,0.7603,21,2,4,1,5,1,0,4,123.3,0.493,0.165,10.482,-0.539,6,0.2857,0,0,4,1,2,0,2,1,0,655.68,1.835,150327.478,-1.52,12.067,3.813,1.245,5,0
COc1ccc2c3c1O[C@H]1[C@@H](O)CC[C@H]4[C@@H](C2)N(C)CC[C@]314,301.39,301.17,1.73,41.93,82.56,0.6667,0.8576,22,1,4,1,5,1,0,4,130.57,0.493,0.165,10.641,-0.358,6,0.2727,0,0,4,2,2,0,2,1,0,645.465,1.795,226722.0,-1.26,13.204,4.177,1.324,5,0
COc1ccc2cc([C@H](C)C(=O)O)ccc2c1,230.26,230.09,3.04,46.53,66.55,0.2143,0.8811,17,1,2,3,2,2,0,3,99.64,0.497,0.31,10.916,-0.808,10,0.5882,0,0,0,0,0,0,0,0,0,560.396,2.479,7938.521,-2.03,11.455,4.454,2.228,1,0
COc1ccc2nc([S@H](=O)Cc3ncc(C)c(OC)c3C)[nH]c2c1,346.43,346.12,2.63,77.1,94.42,0.2941,0.6946,24,2,5,5,3,3,0,7,142.24,0.497,0.183,12.717,-1.731,15,0.625,0,0,0,0,2,2,0,0,0,920.83,1.901,353332.365,-2.41,16.448,6.604,2.989,1,0
COc1cccc([C@@]2(O)CCCC[C@@H]2CN(C)C)c1,263.38,263.19,2.63,32.7,77.4,0.625,0.9062,19,1,3,4,2,1,0,3,115.74,0.497,0.119,11.189,-0.711,6,0.3158,0,0,1,1,0,0,0,0,0,418.965,2.298,19617.523,-1.06,14.351,5.931,3.097,2,0
COc1cccc2c1C(=O)c1c(O)c3c(c(O)c1C2=O)C[C@@](O)(C(=O)CO)C[C@@H]3O[C@H]1C[C@H](N)[C@H](O)[C@H](C)O1,543.53,543.17,0.0,206.07,131.75,0.4444,0.2353,39,6,12,5,5,2,0,12,222.08,0.507,0.202,13.643,-2.241,12,0.3077,0,0,3,1,1,0,1,1,0,1376.519,1.686,374870204.071,-3.39,27.187,9.662,4.112,6,0
COc1cccc2c1C(=O)c1c(O)c3c(c(O)c1C2=O)C[C@@](O)(C(C)=O)C[C@@H]3O[C@H]1C[C@H](N)[C@H](O)[C@H](C)O1,527.53,527.18,1.03,185.84,130.34,0.4444,0.3051,38,5,11,4,5,2,0,11,217.29,0.507,0.202,13.63,-1.999,12,0.3158,0,0,3,1,1,0,1,1,0,1358.358,1.683,218090116.065,-3.35,26.265,9.139,3.81,6,0
COc1ccccc1OCCNC[C@H](O)COc1cccc2[nH]c3ccccc3c12,406.48,406.19,3.74,75.74,118.67,0.25,0.35,30,3,5,10,4,4,0,6,174.94,0.493,0.161,10.289,-0.628,19,0.6333,0,0,0,0,1,1,0,0,0,1108.717,1.258,11337344.209,-3.22,20.069,9.519,4.504,1,0
COc1ccccc1OC[C@@H](O)CN1CCN(CC(=O)Nc2c(C)cccc2C)CC1,427.55,427.25,2.31,74.27,121.92,0.4583,0.6399,31,2,6,9,3,2,0,7,184.11,0.493,0.238,12.483,-0.594,12,0.3871,0,0,1,1,1,0,1,1,1,845.403,1.384,8558341.072,-2.61,23.062,11.135,6.686,1,0
COc1ccccc1Oc1c(NS(=O)(=O)c2ccc(C(C)(C)C)cc2)nc(-c2ncccn2)nc1OCCO,551.63,551.18,4.2,145.65,144.66,0.2593,0.2939,39,2,10,10,4,4,0,12,226.48,0.493,0.263,13.5,-4.14,24,0.6154,0,0,0,0,2,2,0,0,0,1525.05,1.851,397766181.646,-4.29,27.737,11.621,6.592,0,0
COc1ccccc1Oc1c(NS(=O)(=O)c2ccc(C(C)C)cn2)nc(-c2ccnc(-c3nn[nH]n3)c2)nc1OCCO,605.64,605.18,3.21,200.11,153.22,0.2222,0.1873,43,3,13,12,5,5,0,16,245.95,0.493,0.28,13.561,-4.278,29,0.6744,0,0,0,0,4,4,0,0,0,1800.735,1.655,5609321397.537,-5.22,29.278,12.746,6.652,0,0
COc1ccnc(C[S@H](=O)c2nc3ccc(OC(F)F)cc3[nH]2)c1OC,384.38,384.08,2.62,86.33,91.57,0.25,0.6093,26,2,6,7,3,3,0,10,149.32,0.493,0.387,12.681,-2.918,15,0.5769,0,0,0,0,2,2,0,0,0,948.39,1.863,891957.976,-2.75,18.053,7.646,3.743,1,0
COc1ncnc(NS(=O)(=O)c2ccc(N)cc2)c1OC,310.34,310.07,0.88,116.43,76.8,0.1667,0.7871,21,2,7,5,2,2,0,9,121.54,0.489,0.263,12.272,-3.819,12,0.5714,0,0,0,0,1,1,0,0,0,731.423,2.39,47849.097,-2.55,14.851,5.834,3.135,0,0
CS(=O)(=O)OCCCCOS(C)(=O)=O,246.31,246.02,-0.28,86.74,50.83,1.0,0.4533,14,0,6,7,0,0,0,8,84.46,0.27,0.264,10.474,-3.399,0,0.0,0,0,0,0,0,0,0,0,0,304.518,3.408,531.228,-0.18,13.82,5.64,11.82,0,0
CS(=O)(=O)c1ccc(C2=C(c3ccccc3)C(=O)OC2)cc1,314.36,314.06,2.56,60.44,83.77,0.1176,0.817,22,0,4,3,3,2,0,5,128.52,0.457,0.339,12.009,-3.234,12,0.5455,0,0,1,0,1,0,1,0,0,847.292,2.091,126558.914,-2.4,14.534,5.421,2.672,0,0
CS(C)=O,78.14,78.01,-0.01,17.07,19.99,1.0,0.3982,4,0,1,0,0,0,0,2,28.48,0.26,0.015,9.556,-0.611,0,0.0,0,0,0,0,0,0,0,0,0,29.02,2.803,3.245,0.15,4.15,1.467,126.372,0,0
CSc1ccc2c(c1)N(CC[C@@H]1CCCCN1C)c1ccccc1S2,370.59,370.15,5.89,6.48,110.68,0.4286,0.6192,25,0,4,4,4,2,0,4,159.53,0.34,0.056,2.563,0.725,12,0.48,0,0,2,1,2,0,2,1,0,746.426,1.63,825571.478,-1.1,17.321,7.646,3.575,1,0
C[C@@H](C(=O)O)c1ccc(-c2ccccc2)c(F)c1,244.26,244.09,3.68,37.3,67.89,0.1333,0.8938,18,1,1,3,2,2,0,3,104.7,0.481,0.31,13.967,-0.957,12,0.6667,0,0,0,0,0,0,0,0,0,563.961,2.401,12990.198,-2.16,12.301,5.001,2.399,1,0
C[C@@H](C(=O)O)c1ccc2c(c1)CC(=O)c1ccccc1S2,298.36,298.07,3.76,54.37,81.09,0.1765,0.9168,21,1,3,2,3,2,0,4,126.55,0.481,0.31,12.354,-0.856,12,0.5714,0,0,1,0,1,0,1,0,0,736.565,2.044,72069.838,-2.07,13.892,5.372,2.588,1,0
C[C@@H](C(=O)O)c1cccc(C(=O)c2ccccc2)c1,254.28,254.09,3.11,54.37,72.37,0.125,0.8528,19,1,2,4,2,2,0,3,111.07,0.481,0.31,12.244,-0.899,12,0.6316,0,0,0,0,0,0,0,0,0,602.401,2.34,22591.317,-2.42,13.022,5.482,2.881,1,0
C[C@@H](CCc1ccccc1)NC[C@H](O)c1ccc(O)c(C(N)=O)c1,328.41,328.18,2.14,95.58,93.81,0.3158,0.5968,24,4,4,8,2,2,0,5,141.68,0.507,0.252,11.248,-0.775,12,0.5,0,0,0,0,0,0,0,0,1,673.567,1.847,222954.572,-2.37,17.976,8.473,5.078,2,0
C[C@@H](Cc1ccccc1)N(C)Cc1ccccc1,239.36,239.17,3.75,3.24,77.52,0.2941,0.7678,18,0,1,5,2,2,0,1,110.07,0.299,0.023,2.405,0.549,12,0.6667,0,0,0,0,0,0,0,0,0,404.051,1.91,15790.097,-1.6,12.847,6.364,3.71,1,0
C[C@@H](NC(C)(C)C)C(=O)c1cccc(Cl)c1,239.75,239.11,3.3,29.1,68.13,0.4615,0.8205,16,1,2,3,1,1,0,3,102.0,0.303,0.179,12.053,-0.21,6,0.375,0,0,0,0,0,0,0,0,0,381.764,2.785,2302.595,-0.86,13.206,4.981,3.951,1,0
C[C@@H](O)CCCCn1c(=O)c2c(ncn2C)n(C)c1=O,280.33,280.15,-0.02,82.05,75.75,0.6154,0.7807,20,1,7,5,2,2,0,7,115.65,0.393,0.332,12.351,-0.353,9,0.45,0,0,0,0,2,2,0,0,0,723.517,2.359,31844.73,-1.89,14.518,5.62,2.532,1,0
C[C@@H](O[C@H]1OCCN(Cc2n[nH]c(=O)[nH]2)[C@H]1c1ccc(F)cc1)c1cc(C(F)(F)F)cc(C(F)(F)F)c1,534.43,534.15,4.95,83.24,114.45,0.3913,0.4376,37,2,5,6,4,3,0,14,204.75,0.416,0.349,13.584,-5.009,17,0.4595,0,0,1,1,2,1,1,1,0,1238.575,1.663,118959626.121,-3.23,26.822,10.263,6.374,3,0
C[C@@H](c1cc2ccccc2s1)N(O)C(N)=O,236.3,236.06,2.73,66.56,63.45,0.1818,0.6216,16,2,3,2,2,2,0,5,96.86,0.35,0.339,10.832,-0.843,9,0.5625,0,0,0,0,1,1,0,0,2,490.434,2.363,5774.616,-1.59,10.912,4.112,1.868,1,0
C[C@@H](c1ncncc1F)[C@](O)(Cn1cncn1)c1ccc(F)cc1F,349.32,349.12,2.18,76.72,80.68,0.25,0.764,25,1,6,5,3,3,0,9,140.56,0.382,0.163,14.379,-1.958,17,0.68,0,0,0,0,2,2,0,0,0,873.967,2.127,537334.588,-2.81,17.027,6.595,3.225,2,0
C[C@@H]1CC[C@H]2[C@@H](C)C(=O)O[C@@H]3O[C@@]4(C)CC[C@@H]1[C@]32OO4,282.34,282.15,2.39,53.99,68.05,0.9333,0.5042,20,0,5,0,5,0,0,5,118.37,0.432,0.311,12.122,-0.793,0,0.0,0,0,5,5,4,0,4,4,0,451.545,1.837,48486.528,-0.65,13.044,3.96,1.461,7,0
C[C@@H]1CC[C@H]2[C@@H](C)[C@@H](OC(=O)CCC(=O)O)O[C@@H]3O[C@@]4(C)CC[C@@H]1[C@@]23OO4,384.43,384.18,2.6,100.52,89.79,0.8947,0.5831,27,1,7,4,5,0,0,8,157.9,0.481,0.308,12.073,-1.032,0,0.0,0,0,5,5,4,0,4,4,0,622.831,1.583,1192632.349,-1.22,19.112,6.686,3.064,8,0
C[C@@H]1CO[C@]2(c3ccccc3Cl)c3cc(Cl)ccc3NC(=O)CN12,363.24,362.06,3.87,41.57,94.43,0.2778,0.8365,24,1,3,1,4,2,0,6,149.86,0.35,0.238,12.403,-0.933,12,0.5,0,0,2,1,2,0,2,1,1,826.416,2.056,384079.214,-1.59,15.91,5.742,2.254,2,0
C[C@@H]1C[C@H]2[C@@H]3CCC4=CC(=O)C=C[C@]4(C)C3=CC[C@]2(C)[C@H]1C(=O)CN1CCN(c2cc(N3CCCC3)nc(N3CCCC3)n2)CC1,624.87,624.42,5.46,72.88,183.21,0.6842,0.3869,46,0,8,6,8,1,0,8,274.53,0.356,0.229,14.241,-0.128,6,0.1304,0,0,7,5,4,1,3,3,0,1445.271,0.947,50275436161.911,-3.0,30.341,11.605,5.048,6,0
C[C@@H]1C[C@H]2[C@@H]3CCC4=CC(=O)C=C[C@]4(C)[C@@]3(F)[C@@H](O)C[C@]2(C)[C@@]1(O)C(=O)CO,392.47,392.2,1.9,94.83,99.94,0.7273,0.6672,28,3,5,2,4,0,0,6,163.87,0.39,0.19,16.859,-1.98,0,0.0,0,0,4,3,0,0,0,0,0,804.749,1.838,1500075.637,-1.37,19.925,5.833,2.014,8,0
C[C@@](Cc1ccccc1)(NC(=O)CN)c1ccccc1,268.36,268.16,2.22,55.12,81.14,0.2353,0.8733,20,2,2,5,2,2,0,3,119.36,0.345,0.234,11.755,-0.459,12,0.6,0,0,0,0,0,0,0,0,1,553.717,2.311,37321.02,-2.13,14.283,6.349,3.455,1,0
C[C@H](C(=O)O)c1cccc(C(=O)c2cccs2)c1,260.31,260.05,3.17,54.37,70.24,0.1429,0.859,18,1,3,4,2,2,0,4,108.71,0.481,0.31,12.115,-0.893,11,0.6111,0,0,0,0,1,1,0,0,0,572.485,2.33,17225.337,-1.94,12.515,5.143,2.486,1,0
C[C@H](CCC(=O)O)[C@H]1CC[C@H]2[C@H]3[C@H](CC[C@@]21C)[C@@]1(C)CC[C@@H](O)C[C@@H]1C[C@H]3O,392.58,392.29,4.48,77.76,108.65,0.9583,0.6592,28,3,3,4,4,0,0,4,169.65,0.481,0.303,11.247,-0.684,0,0.0,0,0,4,4,0,0,0,0,0,605.413,1.555,1943805.759,-0.61,20.654,7.265,3.137,10,0
C[C@H](CN(C)C)CN1c2ccccc2CCc2ccccc21,294.44,294.21,4.12,6.48,95.02,0.4,0.8366,22,0,2,4,3,2,0,2,133.92,0.341,0.044,2.534,0.62,12,0.5455,0,0,1,0,1,0,1,0,0,585.609,1.985,126062.961,-1.8,15.109,6.533,3.172,1,0
C[C@H](CN(C)C)CN1c2ccccc2S(=O)(=O)c2ccccc21,330.45,330.14,3.17,40.62,93.06,0.3333,0.8633,23,0,4,4,3,2,0,5,137.82,0.339,0.21,12.87,-3.445,12,0.5217,0,0,1,0,1,0,1,0,0,761.776,2.107,150391.032,-1.85,16.024,5.981,2.863,1,0
C[C@H](CN1c2ccccc2Sc2ccccc21)N(C)C,284.43,284.13,4.24,6.48,87.16,0.2941,0.8322,20,0,3,3,3,2,0,3,124.95,0.338,0.055,2.45,0.499,12,0.6,0,0,1,0,1,0,1,0,0,563.944,2.032,47893.826,-1.45,13.529,5.505,2.434,1,0
C[C@H](CO)NC(=O)[C@@H]1C=C2c3cccc4[nH]cc(c34)C[C@H]2N(C)C1,325.41,325.18,1.53,68.36,94.58,0.4211,0.8017,24,3,3,3,4,2,0,5,140.9,0.394,0.228,12.526,-0.218,9,0.375,0,0,2,0,2,1,1,0,1,823.126,1.746,474343.909,-2.11,15.42,5.757,2.356,3,0
C[C@H](CS)C(=O)N1CCC[C@H]1C(=O)O,217.29,217.08,0.63,57.61,55.39,0.7778,0.6816,14,2,3,3,1,0,0,5,88.69,0.48,0.326,11.705,-0.901,0,0.0,0,0,1,1,1,0,1,1,1,244.212,2.667,1627.215,-0.71,11.365,4.683,2.204,2,0
C[C@H](Cn1cnc2c(N)ncnc21)OCP(=O)(O)O,287.22,287.08,-0.05,136.38,67.19,0.4444,0.6508,19,3,7,5,2,2,0,10,108.16,0.382,0.35,10.708,-4.158,9,0.4737,0,0,0,0,2,2,0,0,0,624.098,2.092,17986.516,-1.54,13.882,5.217,3.477,1,0
C[C@H](N)C(=O)c1ccccc1,149.19,149.08,1.22,43.09,44.42,0.2222,0.6422,11,1,2,2,1,1,0,2,66.03,0.321,0.179,11.219,-0.405,6,0.5455,0,0,0,0,0,0,0,0,0,240.999,2.86,335.479,-1.15,7.952,3.303,1.883,1,0
C[C@H](N)Cc1ccccc1,135.21,135.1,1.58,26.02,43.8,0.3333,0.6542,10,1,1,2,1,1,0,1,61.87,0.328,0.005,5.624,0.266,6,0.6,0,0,0,0,0,0,0,0,0,179.18,2.587,195.625,-0.82,7.289,3.374,2.194,1,0
C[C@H](N/C(=N\C#N)Nc1ccncc1)C(C)(C)C,245.33,245.16,2.35,73.1,72.96,0.4615,0.4763,18,2,3,2,1,1,0,5,107.96,0.352,0.211,8.701,0.08,6,0.3333,0,0,0,0,1,1,0,0,0,438.69,2.744,7684.377,-2.09,13.973,6.01,4.417,1,0
C[C@H]1CCN(C(=O)[C@H](CCCN=C(N)N)NS(=O)(=O)c2ccc3c(c2)C[C@@H](C)CN3)[C@@H](C(=O)O)C1,508.65,508.25,0.7,180.21,133.35,0.6087,0.1836,35,5,6,9,3,1,0,12,205.94,0.48,0.326,13.473,-4.054,6,0.1714,0,0,2,1,2,0,2,1,1,1072.16,1.843,34439810.485,-2.86,26.74,11.252,6.848,4,0
C[C@H]1COc2c(N3CCN(C)CC3)c(F)cc3c(=O)c(C(=O)O)cn1c23,361.37,361.14,1.54,75.01,95.04,0.4444,0.8747,26,1,6,2,4,2,0,8,148.73,0.487,0.341,14.984,-1.315,10,0.3846,0,0,2,1,3,1,2,1,0,963.288,2.004,825393.74,-2.61,16.837,5.98,2.438,1,0
C[C@H]1C[C@H]2[C@@H]3CCC4=CC(=O)C=C[C@]4(C)[C@@]3(Cl)[C@@H](O)C[C@]2(C)[C@@]1(O)C(=O)CO,408.92,408.17,2.17,94.83,104.69,0.7273,0.6085,28,3,5,2,4,0,0,6,170.01,0.391,0.19,12.608,-1.68,0,0.0,0,0,4,3,0,0,0,0,0,804.749,1.838,1500075.637,-1.01,20.27,6.005,2.088,8,0
C[C@H]1C[C@H]2[C@@H]3CCC4=CC(=O)C=C[C@]4(C)[C@@]3(F)[C@@H](O)C[C@]2(C)[C@@]1(O)C(=O)CO,392.47,392.2,1.9,94.83,99.94,0.7273,0.6672,28,3,5,2,4,0,0,6,163.87,0.39,0.19,16.859,-1.98,0,0.0,0,0,4,3,0,0,0,0,0,804.749,1.838,1500075.637,-1.37,19.925,5.833,2.014,8,0
C[C@H]1C[C@H]2[C@@H]3CC[C@](O)(C(=O)CO)[C@@]3(C)C[C@H](O)[C@@H]2[C@@]2(C)C=CC(=O)C=C12,374.48,374.21,1.8,94.83,99.6,0.7273,0.6851,27,3,5,2,4,0,0,5,159.71,0.393,0.19,12.415,-1.572,0,0.0,0,0,4,3,0,0,0,0,0,753.802,1.781,1040099.567,-1.3,19.035,5.85,2.281,8,0
C[C@H]1O[C@@H](O[C@H]2[C@@H](O)C[C@H](O[C@H]3[C@@H](O)C[C@H](O[C@H]4CC[C@]5(C)[C@H]6CC[C@]7(C)[C@@H](C8=CC(=O)OC8)CC[C@]7(O)[C@@H]6CC[C@@H]5C4)O[C@@H]3C)O[C@@H]2C)C[C@H](O)[C@@H]1O,764.95,764.43,3.25,182.83,191.22,0.9268,0.1885,54,5,13,7,8,0,0,13,318.53,0.458,0.331,12.558,-0.996,0,0.0,0,0,8,7,4,0,4,3,0,1374.418,0.826,980956654694.504,-1.23,39.589,14.858,6.822,20,0
C[C@H]1O[C@@H](O[C@H]2[C@@H](O)C[C@H](O[C@H]3[C@@H](O)C[C@H](O[C@H]4CC[C@]5(C)[C@H]6C[C@@H](O)[C@]7(C)[C@@H](C8=CC(=O)OC8)CC[C@]7(O)[C@@H]6CC[C@@H]5C4)O[C@@H]3C)O[C@@H]2C)C[C@H](O)[C@@H]1O,780.95,780.43,2.22,203.06,192.61,0.9268,0.1622,55,6,14,7,8,0,0,14,323.32,0.458,0.331,12.568,-1.012,0,0.0,0,0,8,7,4,0,4,3,0,1409.004,0.837,1464396350590.478,-1.27,40.507,15.081,6.95,21,0
C[C@H]1O[C@]2(CS1)CN1CCC2CC1,199.32,199.1,1.56,12.47,54.9,1.0,0.5873,13,0,3,0,4,0,0,3,84.0,0.359,0.101,6.145,0.251,0,0.0,0,0,4,4,4,0,4,4,0,214.97,1.834,1954.728,0.27,8.568,2.878,1.243,2,0
C[C@H]1c2cccc(O)c2C(=O)C2=C(O)[C@]3(O)C(=O)C(C(N)=O)=C(O)[C@@H](N(C)C)[C@@H]3[C@@H](O)[C@@H]21,444.44,444.15,-0.35,181.62,109.77,0.4091,0.3322,32,6,9,2,4,1,0,10,182.43,0.51,0.255,13.317,-2.895,6,0.1875,0,0,3,0,0,0,0,0,1,1136.74,2.061,8427682.936,-3.21,22.001,6.893,2.478,6,0
C[C@]12C=CC(=O)C=C1CC[C@@H]1[C@@H]2CC[C@]2(C)[C@@H](O)CC[C@@H]12,286.42,286.19,3.66,37.3,82.62,0.7368,0.7377,21,1,2,0,4,0,0,2,126.86,0.393,0.178,11.701,-0.1,0,0.0,0,0,4,3,0,0,0,0,0,545.77,1.705,85969.522,-0.89,13.751,4.315,1.715,6,0
C[C@]12CC(=O)[C@H]3[C@@H](CCC4=CC(=O)C=C[C@@]43C)[C@@H]1CC[C@]2(O)C(=O)CO,358.43,358.18,1.77,91.67,94.05,0.6667,0.7848,26,2,5,2,4,0,0,5,152.71,0.388,0.19,13.286,-1.623,0,0.0,0,0,4,3,0,0,0,0,0,764.363,1.761,715692.138,-1.59,17.805,5.458,2.014,6,0
C[C@]12CC(=O)[C@H]3[C@@H](CCC4=CC(=O)CC[C@@]43C)[C@@H]1CC[C@]2(O)C(=O)CO,360.45,360.19,1.99,91.67,94.14,0.7619,0.7857,26,2,5,2,4,0,0,5,153.4,0.388,0.19,13.32,-1.605,0,0.0,0,0,4,3,0,0,0,0,0,723.913,1.748,715692.138,-1.33,18.053,5.585,2.072,6,0
C[C@]12CC[C@@H]3c4ccc(O)cc4CC[C@H]3[C@@H]1CCC2=O,270.37,270.16,3.82,37.3,77.73,0.6111,0.7779,20,1,2,0,4,1,0,2,119.75,0.508,0.139,12.262,-0.032,6,0.3,0,0,3,2,0,0,0,0,0,576.781,1.728,62569.189,-1.31,12.432,4.095,1.538,4,0
C[C@]12CC[C@@H]3c4ccc(O)cc4CC[C@H]3[C@@H]1CC[C@@H]2O,272.39,272.18,3.61,40.46,78.73,0.6667,0.7572,20,2,2,0,4,1,0,2,120.38,0.508,0.115,10.372,-0.088,6,0.3,0,0,3,2,0,0,0,0,0,538.22,1.711,62569.189,-1.02,12.7,4.237,1.605,5,0
C[C@]12CC[C@H]3[C@@H](CC=C4C[C@@H](O)CC[C@@]43C)[C@@H]1CC=C2c1cccnc1,349.52,349.24,5.4,33.12,105.31,0.625,0.6888,26,1,2,1,5,1,0,2,156.98,0.393,0.058,10.156,-0.106,6,0.2308,0,0,4,2,1,1,0,0,0,765.675,1.477,1508082.589,-1.41,16.741,5.792,2.238,6,0
C[C@]12CC[C@H]3[C@@H](CC=C4C[C@@H](O)CC[C@@]43C)[C@@H]1CCC2=O,288.43,288.21,3.88,37.3,82.72,0.8421,0.6868,21,1,2,0,4,0,0,2,127.55,0.393,0.139,12.362,-0.122,0,0.0,0,0,4,3,0,0,0,0,0,507.696,1.692,85969.522,-0.63,13.994,4.44,1.776,6,0
C[C@]12CC[C@H]3[C@@H](CCC4=CC(=O)C=C[C@@]43C)[C@@H]1CCC(=O)O2,300.4,300.17,3.59,43.37,83.01,0.6842,0.6421,22,0,3,0,4,0,0,3,131.34,0.459,0.306,11.73,-0.262,0,0.0,0,0,4,3,1,0,1,1,0,601.802,1.683,114046.597,-1.38,14.227,4.561,1.869,5,0
C[C@]12CC[C@H]3[C@@H](CCC4=CC(=O)CC[C@@]43C)[C@@H]1CC[C@@H]2O,288.43,288.21,3.88,37.3,82.72,0.8421,0.7342,21,1,2,0,4,0,0,2,127.55,0.393,0.155,11.787,-0.082,0,0.0,0,0,4,3,0,0,0,0,0,507.696,1.688,85969.522,-0.63,13.994,4.44,1.776,6,0
C[C@]12CC[C@H]3[C@@H](CC[C@H]4NC(=O)C=C[C@]34C)[C@@H]1CC[C@@H]2C(=O)Nc1cc(C(F)(F)F)ccc1C(F)(F)F,528.54,528.22,6.58,58.2,124.02,0.6296,0.4265,37,2,2,2,5,1,0,10,210.8,0.418,0.349,13.566,-4.913,6,0.1622,0,0,4,3,1,0,1,0,2,1144.686,1.4,116434045.822,-2.52,26.102,8.495,4.238,7,0
C[C@]12CC[C@H]3[C@H]([C@@H]1[C@@H]1C[C@@H]1[C@@]21CCC(=O)O1)[C@H]1C[C@H]1C1=CC(=O)CC[C@@]13C,366.5,366.22,4.31,43.37,99.49,0.8333,0.6003,27,0,3,0,7,0,0,3,160.84,0.458,0.306,12.152,-0.131,0,0.0,0,0,7,6,1,0,1,1,0,827.483,1.333,4592067.78,-1.12,15.763,4.385,1.577,10,0
C[C@]12C[C@H](O)[C@H]3[C@@H](CCC4=CC(=O)C=C[C@@]43C)[C@@H]1CC[C@]2(O)C(=O)CO,360.45,360.19,1.56,94.83,95.05,0.7143,0.6946,26,3,5,2,4,0,0,5,153.34,0.393,0.19,12.35,-1.562,0,0.0,0,0,4,3,0,0,0,0,0,723.913,1.747,715692.138,-1.3,18.081,5.6,2.079,7,0
C[C@]12C[C@H](O)[C@H]3[C@@H](CCC4=CC(=O)CC[C@@]43C)[C@@H]1CC[C@@H]2C(=O)CO,346.47,346.21,2.67,74.6,93.68,0.8095,0.806,25,2,4,2,4,0,0,4,149.24,0.393,0.161,12.29,-0.43,0,0.0,0,0,4,3,0,0,0,0,0,637.807,1.7,517709.883,-1.0,17.416,5.75,2.329,7,0
C[C@]12C[C@H](O)[C@H]3[C@@H](CCC4=CC(=O)CC[C@@]43C)[C@@H]1CC[C@]2(O)C(=O)CO,362.47,362.21,1.78,94.83,95.14,0.8095,0.696,26,3,5,2,4,0,0,5,154.03,0.393,0.19,12.362,-1.544,0,0.0,0,0,4,3,0,0,0,0,0,683.889,1.735,715692.138,-1.04,18.329,5.728,2.138,7,0
Cc1[nH]cnc1CN1CCc2c(c3ccccc3n2C)C1=O,294.36,294.15,2.41,53.92,84.69,0.2941,0.7888,22,1,3,2,4,3,0,5,128.12,0.348,0.256,12.956,0.112,14,0.6364,0,0,1,0,3,2,1,0,1,874.047,1.768,209851.397,-2.56,13.127,4.729,1.781,0,0
Cc1c(-c2cnccn2)ssc1=S,226.35,225.97,3.3,25.78,58.79,0.125,0.5509,13,0,5,1,2,2,0,5,88.32,0.261,0.105,5.155,0.914,11,0.8462,0,0,0,0,2,2,0,0,0,457.741,2.598,1536.369,-0.65,8.927,3.611,1.673,0,0
Cc1c(C)c2c(c(C)c1O)CC[C@](C)(COc1ccc(C[C@@H]3SC(=O)NC3=O)cc1)O2,441.55,441.16,4.37,84.86,120.23,0.4167,0.7166,31,2,6,5,4,2,0,7,185.87,0.507,0.286,11.736,-0.467,12,0.3871,0,0,2,1,2,0,2,1,2,1049.171,1.405,9100031.311,-2.67,21.558,8.112,4.237,2,0
Cc1c(F)c(N2CCN[C@H](C)C2)cc2c1c(=O)c(C(=O)O)cn2C1CC1,359.4,359.16,2.28,74.57,97.81,0.4737,0.8795,26,2,5,3,4,2,0,7,149.77,0.477,0.341,15.147,-1.272,10,0.3846,0,0,2,2,2,1,1,1,0,964.881,1.99,1414527.509,-2.41,17.026,6.088,2.666,1,0
Cc1c(N(C)C)c(=O)n(-c2ccccc2)n1C,231.3,231.14,1.55,30.17,70.07,0.3077,0.7847,17,0,4,2,2,2,0,4,100.69,0.372,0.295,12.353,0.015,11,0.6471,0,0,0,0,1,1,0,0,0,578.702,2.73,7726.101,-1.97,11.513,4.125,1.753,0,0
Cc1c(O)cccc1C(=O)N[C@@H](CSc1ccccc1)[C@H](O)CN1C[C@H]2CCCC[C@H]2C[C@H]1C(=O)NC(C)(C)C,567.8,567.31,4.75,101.9,160.59,0.5625,0.3265,40,4,6,9,4,2,0,8,242.67,0.508,0.252,13.461,-0.886,12,0.3,0,0,2,2,1,0,1,1,2,1152.595,1.536,556232048.74,-2.55,30.41,13.408,8.015,5,0
Cc1c(OCC(F)(F)F)ccnc1C[S@@H](=O)c1nc2ccccc2[nH]1,370.38,370.08,3.25,67.87,88.13,0.25,0.6768,25,2,4,5,3,3,0,9,143.26,0.484,0.422,12.558,-4.421,15,0.6,0,0,0,0,2,2,0,0,0,891.374,1.786,462333.628,-2.42,17.405,6.831,4.163,1,0
Cc1cc(-c2ccccc2)nnc1NCCN1CCOCC1,298.39,298.18,2.2,50.28,87.95,0.4118,0.9168,22,1,5,5,3,2,0,5,130.87,0.379,0.151,5.354,0.838,12,0.5455,0,0,1,1,2,1,1,1,0,596.863,1.578,165164.99,-1.98,14.937,7.334,3.809,0,0
Cc1cc(=O)n(-c2ccccc2)n1C,188.23,188.09,1.48,26.93,55.75,0.1818,0.6656,14,0,3,1,2,2,0,3,82.2,0.285,0.271,11.603,0.01,11,0.7857,0,0,0,0,1,1,0,0,0,493.751,2.688,2116.424,-1.77,8.812,3.178,1.267,0,0
Cc1cc(Cl)c(S(N)(=O)=O)cc1S(N)(=O)=O,284.75,283.97,-0.06,120.32,58.94,0.1429,0.7902,16,2,4,2,1,1,0,9,98.3,0.239,0.225,11.143,-4.085,6,0.375,0,0,0,0,0,0,0,0,0,583.346,3.717,1547.565,-0.67,13.395,3.969,2.713,0,0
Cc1cc(N(C)C)ccc1C[C@H](C)N,192.31,192.16,1.95,29.26,62.86,0.5,0.7928,14,1,2,3,1,1,0,2,86.72,0.378,0.036,5.781,0.235,6,0.4286,0,0,0,0,0,0,0,0,0,303.19,2.898,1066.083,-1.02,11.057,4.468,2.74,1,0
Cc1cc(NS(=O)(=O)c2ccc(N)cc2)no1,253.28,253.05,1.37,98.22,62.9,0.1,0.8047,17,2,5,3,2,2,0,7,98.47,0.399,0.263,11.889,-3.645,11,0.6471,0,0,0,0,1,1,0,0,0,616.501,2.277,7651.767,-2.02,11.465,4.096,2.563,0,0
Cc1cc2c(s1)Nc1ccccc1N=C2N1CCN(C)CC1,312.44,312.14,3.44,30.87,94.05,0.3529,0.8083,22,1,5,0,4,2,0,5,134.64,0.353,0.139,5.011,1.025,11,0.5,0,0,2,1,3,1,2,1,0,726.01,1.809,183740.05,-1.85,13.788,5.409,2.401,0,0
Cc1ccc(-c2cc(C(F)(F)F)nn2-c2ccc(S(N)(=O)=O)cc2)cc1,381.38,381.08,3.51,77.98,90.11,0.1176,0.7541,26,1,4,3,3,3,0,9,147.48,0.435,0.233,13.125,-4.606,17,0.6538,0,0,0,0,1,1,0,0,0,1038.352,2.161,574866.952,-2.65,18.15,6.257,3.63,0,0
Cc1ccc(-c2nc3ccc(C)cn3c2CC(=O)N(C)C)cc1,307.4,307.17,3.25,37.61,92.5,0.2632,0.7447,23,0,3,3,3,3,0,4,135.94,0.348,0.228,12.261,0.071,15,0.6522,0,0,0,0,2,2,0,0,1,860.202,2.19,190014.973,-2.62,15.282,5.876,2.972,0,0
Cc1ccc(-c2ncc(Cl)cc2-c2ccc(S(C)(=O)=O)cc2)cn1,358.85,358.05,4.18,59.92,95.76,0.1111,0.7044,24,0,4,3,3,3,0,6,145.64,0.261,0.175,11.613,-3.229,18,0.75,0,0,0,0,2,2,0,0,0,982.532,2.134,244236.675,-2.24,16.612,6.339,3.471,0,0
Cc1ccc(/C(=C/CN2CCCC2)c2ccccn2)cc1,278.4,278.18,3.92,16.13,88.17,0.3158,0.8425,21,0,2,4,3,2,0,2,126.69,0.3,0.07,4.536,1.014,12,0.5714,0,0,1,1,2,1,1,1,0,593.223,1.9,126994.44,-1.93,14.026,6.683,3.587,0,0
Cc1ccc(C(=O)[C@H](C)CN2CCCCC2)cc1,245.37,245.18,3.3,20.31,74.96,0.5625,0.7586,18,0,2,4,2,1,0,2,110.0,0.303,0.166,12.303,0.103,6,0.3333,0,0,1,1,1,0,1,1,0,390.063,1.93,14267.518,-1.15,13.286,6.145,3.422,1,0
Cc1ccc(C(=O)c2cc(O)c(O)c([N+](=O)[O-])c2)cc1,273.24,273.06,2.55,100.67,71.04,0.0714,0.3871,20,2,5,3,2,2,0,6,113.62,0.504,0.315,12.181,-0.86,12,0.6,1,1,0,0,0,0,0,0,0,691.456,2.499,27193.218,-2.89,13.54,5.005,2.44,0,0
Cc1ccc(C)c(OCCCC(C)(C)C(=O)O)c1,250.34,250.16,3.57,46.53,72.06,0.5333,0.785,18,1,2,6,1,1,0,3,108.79,0.493,0.309,10.943,-0.755,6,0.3333,0,0,0,0,0,0,0,0,0,421.747,2.429,6869.173,-1.51,14.551,5.894,4.058,0,0
Cc1ccc(Cl)c(OC[C@@H](O)CNC(C)(C)C)c1,271.79,271.13,2.78,41.49,75.45,0.5714,0.8653,18,2,3,5,1,1,0,4,114.11,0.489,0.138,9.803,-0.555,6,0.3333,0,0,0,0,0,0,0,0,0,387.871,2.424,6287.35,-0.77,15.288,6.412,5.715,1,0
Cc1ccc(NC(=O)c2ccc(CN3CCN(C)CC3)cc2)cc1Nc1nccc(-c2cccnc2)n1,493.62,493.26,4.59,86.28,146.89,0.2414,0.3894,37,2,7,7,5,4,0,8,216.96,0.324,0.255,12.93,-0.143,24,0.6486,0,0,1,1,3,2,1,1,1,1350.556,1.235,321337165.808,-4.14,24.55,11.282,6.355,0,0
Cc1ccc(O)c([C@@H](CCN(C(C)C)C(C)C)c2ccccc2)c1,325.5,325.24,5.34,23.47,102.72,0.4545,0.7423,24,1,2,7,2,2,0,2,146.69,0.508,0.119,10.437,0.214,12,0.5,0,0,0,0,0,0,0,0,0,625.673,2.323,195439.158,-1.8,18.537,8.343,4.608,1,0
Cc1ccc(S(=O)(=O)NC(=O)NN2C[C@H]3CCC[C@H]3C2)cc1,323.42,323.13,1.63,78.51,82.44,0.5333,0.886,22,2,4,3,3,1,0,7,130.46,0.343,0.27,12.133,-3.825,6,0.2727,0,0,2,2,1,0,1,1,2,645.115,1.58,119001.774,-1.6,15.302,5.888,3.25,2,0
Cc1cccc(C)c1NC(=O)CC12CCCN1CCC2,272.39,272.19,3.26,32.34,81.93,0.5882,0.9157,20,1,2,3,3,1,0,3,120.91,0.326,0.226,12.473,0.167,6,0.3,0,0,2,2,2,0,2,2,1,493.471,1.713,52076.829,-1.35,13.625,5.208,2.351,0,0
Cc1cccc(C)c1NC(=O)CN1CCCC1=O,246.31,246.14,1.86,49.41,70.36,0.4286,0.8847,18,1,2,3,2,1,0,4,106.98,0.333,0.244,11.913,-0.123,6,0.3333,0,0,1,1,1,0,1,1,2,462.432,2.008,14074.501,-1.84,12.613,5.208,2.696,0,0
Cc1cccc(C)c1NC(=O)[C@H](C)N,192.26,192.13,1.59,55.12,58.2,0.3636,0.7472,14,2,2,2,1,1,0,3,84.31,0.324,0.241,11.381,-0.478,6,0.4286,0,0,0,0,0,0,0,0,1,324.891,2.913,1131.583,-1.35,10.729,4.242,2.326,1,0
Cc1cccc(C)c1OCC(=O)N[C@@H](Cc1ccccc1)[C@@H](O)C[C@H](Cc1ccccc1)NC(=O)[C@H](C(C)C)N1CCCNC1=O,628.81,628.36,4.33,120.0,179.54,0.4324,0.1999,46,4,5,15,4,3,0,9,272.28,0.483,0.318,13.824,-0.992,18,0.3913,0,0,1,1,1,0,1,1,4,1411.94,1.522,11848943881.176,-4.37,34.502,16.8,9.813,4,0
Cc1cccc(C)c1OC[C@@H](C)N,179.26,179.13,2.03,35.25,55.06,0.4545,0.7702,13,1,2,3,1,1,0,2,79.71,0.491,0.125,5.615,0.082,6,0.4615,0,0,0,0,0,0,0,0,0,261.169,2.751,723.132,-1.02,10.063,4.283,2.739,1,0
Cc1cccc(Nc2ccccc2C(=O)O)c1C,241.29,241.11,3.75,49.33,72.6,0.1333,0.8601,18,2,2,3,2,2,0,3,106.09,0.478,0.337,11.124,-0.927,12,0.6667,0,0,0,0,0,0,0,0,0,590.798,2.402,12394.31,-2.29,12.174,4.918,2.348,0,0
Cc1cccc(Nc2ccncc2S(=O)(=O)NC(=O)NC(C)C)c1,348.43,348.13,2.53,100.19,92.69,0.25,0.7708,24,3,5,5,2,2,0,8,141.1,0.354,0.328,12.45,-4.053,12,0.5,0,0,0,0,1,1,0,0,2,834.721,2.288,154816.551,-2.61,17.739,7.307,4.691,0,0
Cc1cccc([C@H](C)c2c[nH]cn2)c1C,200.29,200.13,3.18,28.68,62.02,0.3077,0.7921,15,1,1,2,2,2,0,2,90.38,0.351,0.092,4.308,0.358,11,0.7333,0,0,0,0,1,1,0,0,0,443.564,2.419,4161.66,-1.57,9.965,3.891,1.797,1,0
Cc1ccccc1,92.14,92.06,2.0,0.0,31.18,0.1429,0.4588,7,0,0,0,1,1,0,0,43.8,0.062,0.04,2.083,1.322,6,0.8571,0,0,0,0,0,0,0,0,0,129.966,3.021,47.197,-0.78,4.381,1.783,1.038,0,0
Cc1ccccc1-n1c(C)nc2ccccc2c1=O,250.3,250.11,3.0,34.89,76.81,0.125,0.6651,19,0,3,1,3,3,0,3,110.71,0.268,0.265,12.625,-0.016,16,0.8421,0,0,0,0,1,1,0,0,0,818.337,2.428,28942.323,-2.42,11.658,4.354,1.834,0,0
Cc1ccccc1[C@H](OCCN(C)C)c1ccccc1,269.39,269.18,3.66,12.47,83.97,0.3333,0.7932,20,0,2,6,2,2,0,2,121.55,0.367,0.108,6.164,0.011,12,0.6,0,0,0,0,0,0,0,0,0,521.951,2.229,37793.316,-1.64,14.763,7.225,3.925,1,0
Cc1ccnc(NS(=O)(=O)c2ccc(N)cc2)n1,264.31,264.07,1.17,97.97,68.43,0.0909,0.8107,18,2,5,3,2,2,0,7,104.94,0.399,0.264,11.992,-3.677,12,0.6667,0,0,0,0,1,1,0,0,0,652.998,2.298,10346.737,-2.15,12.311,4.613,2.748,0,0
Cc1ccnc2c1NC(=O)c1cccnc1N2C1CC1,266.3,266.12,2.65,58.12,76.33,0.2667,0.8617,20,1,4,1,4,2,0,5,116.21,0.318,0.259,12.403,-0.117,12,0.6,0,0,2,1,3,2,1,0,1,708.77,2.002,110375.656,-2.43,11.401,4.03,1.592,0,0
Cc1ccsc1C(=CCCN1CCC[C@@H](C(=O)O)C1)c1sccc1C,375.56,375.13,5.04,40.54,106.61,0.45,0.7684,25,1,4,6,3,2,0,5,157.17,0.481,0.307,11.232,-0.649,10,0.4,0,0,1,1,3,2,1,1,0,717.094,1.728,664633.006,-1.43,18.364,8.3,4.403,1,0
Cc1cnc(C(=O)NCCc2ccc(S(=O)(=O)NC(=O)NC3CCCCC3)cc2)cn1,445.55,445.18,2.08,130.15,114.97,0.4286,0.5982,31,3,6,7,3,2,0,10,181.67,0.35,0.328,12.438,-3.948,12,0.3871,0,0,1,1,1,1,0,0,3,1001.071,1.481,7718338.411,-3.01,22.67,10.34,6.745,0,0
Cc1cnc(NC(=O)C2=C(O)c3ccccc3S(=O)(=O)N2C)s1,351.41,351.03,1.95,99.6,86.42,0.1429,0.8614,23,2,6,2,3,2,0,9,136.5,0.505,0.278,12.509,-3.897,11,0.4783,0,0,1,0,2,1,1,0,1,931.004,2.087,168046.915,-2.39,15.504,5.356,2.471,0,0
Cc1cncc(CN2CCC(=C3c4ccc(Cl)cc4CCc4cccnc43)CC2)c1,415.97,415.18,5.63,29.02,122.6,0.3077,0.5423,30,0,3,2,5,3,0,4,183.0,0.298,0.074,6.338,0.818,18,0.6,0,0,2,1,3,2,1,1,0,1108.767,1.472,11538717.598,-2.49,19.472,8.329,3.922,0,0
Cc1nc(C)c2c(n1)N(Cc1ccc(-c3ccccc3-c3nnn[nH]3)cc1)C(=O)CC2,411.47,411.18,3.42,100.55,116.07,0.2174,0.5522,31,1,6,4,5,4,0,8,178.92,0.292,0.228,12.692,0.095,23,0.7419,0,0,1,0,3,2,1,0,1,1249.672,1.449,21702930.814,-3.94,19.049,7.714,3.564,0,0
Cc1nc2c([nH]1)c(=O)n(C)c(=O)n2Cc1ccco1,260.25,260.09,0.37,85.82,68.14,0.25,0.7211,19,1,6,2,3,3,0,7,106.67,0.467,0.332,12.169,-0.416,14,0.7368,0,0,0,0,3,3,0,0,0,851.598,2.337,34490.029,-2.57,11.516,3.975,1.703,0,0
Cc1nc2n(c(=O)c1CCN1CCC(c3noc4cc(F)ccc34)CC1)CCCC2,410.49,410.21,3.59,64.16,112.26,0.5217,0.6577,30,0,6,4,5,3,0,7,174.24,0.356,0.256,13.391,-0.303,15,0.5,0,0,2,1,4,2,2,1,0,1128.169,1.233,12434275.798,-2.54,19.425,7.946,3.555,0,0
Cc1ncc([N+](=O)[O-])n1CCO,171.16,171.06,0.09,81.19,40.7,0.5,0.5159,12,1,5,3,1,1,0,6,68.61,0.392,0.342,10.373,-0.518,5,0.4167,1,1,0,0,1,1,0,0,0,294.228,3.033,563.535,-1.43,8.665,3.311,1.424,0,0
Cc1ncc2n1-c1ccc(Cl)cc1C(c1ccccc1F)=NC2,325.77,325.08,4.32,30.18,89.05,0.1111,0.6549,23,0,3,1,4,3,0,5,137.64,0.298,0.132,14.302,-0.293,17,0.7391,0,0,1,0,2,1,1,0,0,943.19,2.027,280153.657,-2.46,14.153,5.318,2.263,0,0
Cc1nccn1C[C@H]1CCc2c(c3ccccc3n2C)C1=O,293.37,293.15,3.13,39.82,86.02,0.3333,0.728,22,0,4,2,4,3,0,4,128.94,0.347,0.17,13.035,0.047,14,0.6364,0,0,1,0,2,2,0,0,0,871.72,1.768,209851.397,-2.36,13.313,4.834,1.832,1,0
Cc1ncsc1CCCl,161.66,161.01,2.23,12.89,41.28,0.5,0.6067,9,0,2,2,1,1,0,3,63.69,0.25,0.08,5.544,0.697,5,0.5556,0,0,0,0,1,1,0,0,0,184.938,2.689,152.775,-0.08,7.032,3.18,1.663,0,0
Cc1nnc2n1-c1ccc(Cl)cc1C(c1ccccc1)=NC2,308.77,308.08,3.58,43.07,86.89,0.1176,0.6894,22,0,4,1,4,3,0,5,132.66,0.281,0.159,6.228,0.497,17,0.7727,0,0,1,0,2,1,1,0,0,880.93,2.013,194436.748,-2.46,13.22,5.07,2.037,0,0
Cc1nnc2n1-c1ccc(Cl)cc1C(c1ccccc1Cl)=NC2,343.22,342.04,4.23,43.07,91.9,0.1176,0.6635,23,0,4,1,4,3,0,6,142.96,0.281,0.159,6.385,0.438,17,0.7391,0,0,1,0,2,1,1,0,0,943.516,2.027,280153.657,-2.17,14.424,5.477,2.347,0,0
Cc1nnc2n1-c1sc(Br)cc1C(c1ccccc1Cl)=NC2,393.7,391.95,4.4,43.07,92.47,0.1333,0.6146,22,0,5,1,4,3,0,7,144.17,0.276,0.16,6.377,0.487,16,0.7273,0,0,1,0,3,2,1,0,0,912.161,2.0,186818.268,-1.5,14.115,5.296,2.136,0,0
Cc1noc(NS(=O)(=O)c2ccc(N)cc2)c1C,267.31,267.07,1.67,98.22,67.64,0.1818,0.8242,18,2,5,3,2,2,0,7,104.83,0.399,0.264,12.035,-3.679,11,0.6111,0,0,0,0,1,1,0,0,0,659.342,2.328,11425.169,-2.02,12.437,4.338,2.303,0,0
Cc1onc(-c2c(F)cccc2Cl)c1C(=O)N[C@@H]1C(=O)N2[C@@H](C(=O)O)C(C)(C)S[C@H]12,453.88,453.06,2.69,112.74,106.63,0.3684,0.6841,30,2,6,4,4,2,0,11,179.27,0.48,0.327,14.353,-1.098,11,0.3667,0,0,2,2,3,1,2,2,2,1067.867,1.623,4159133.087,-2.59,20.673,6.985,2.969,3,0
Cc1onc(-c2ccccc2)c1-c1ccc(S(N)(=O)=O)cc1,314.37,314.07,2.96,86.19,83.49,0.0625,0.8049,22,1,4,3,3,3,0,6,127.98,0.36,0.238,11.333,-3.7,17,0.7727,0,0,0,0,1,1,0,0,0,898.324,2.115,126618.446,-2.44,14.495,5.398,2.659,0,0
Cc1onc(NS(=O)(=O)c2ccc(N)cc2)c1C,267.31,267.07,1.67,98.22,67.64,0.1818,0.8242,18,2,5,3,2,2,0,7,104.83,0.399,0.263,12.041,-3.667,11,0.6111,0,0,0,0,1,1,0,0,0,659.342,2.328,11425.169,-2.02,12.437,4.338,2.303,0,0
Cc1oncc1C(=O)Nc1ccc(C(F)(F)F)cc1,270.21,270.06,3.25,55.13,60.64,0.1667,0.9108,19,1,3,2,2,2,0,7,105.76,0.416,0.361,12.35,-4.395,11,0.5789,0,0,0,0,1,1,0,0,1,587.767,2.125,19345.542,-2.31,13.129,4.753,2.928,0,0
ClC(Cl)Cl,119.38,117.91,1.99,0.0,21.35,1.0,0.4279,4,0,0,0,0,0,0,3,39.65,0.18,0.087,4.806,-0.75,0,0.0,0,0,0,0,0,0,0,0,0,8.0,2.324,3.245,0.87,4.87,2.128,13.259,0,0
ClC1=C(Cl)[C@]2(Cl)[C@@H]3[C@@H]4C[C@H]([C@@H]3[C@@]1(Cl)C2(Cl)Cl)[C@H]1O[C@@H]41,380.91,377.87,4.48,12.53,77.58,0.8333,0.3427,19,0,1,0,5,0,0,7,139.97,0.369,0.166,6.824,-1.375,0,0.0,0,0,5,4,1,0,1,1,0,516.423,1.803,38778.566,1.44,12.932,3.201,0.986,8,0
ClC=C(Cl)Cl,131.39,129.91,2.5,0.0,25.64,0.0,0.4738,5,0,0,0,0,0,0,3,45.32,0.118,0.09,4.957,0.09,0,0.0,0,0,0,0,0,0,0,0,0,42.855,3.143,9.651,0.61,5.61,2.827,4.61,0,0
Clc1ccc(CO/N=C(\Cn2ccnc2)c2ccc(Cl)cc2Cl)c(Cl)c1,429.13,426.98,6.12,39.41,106.48,0.1111,0.3501,26,0,4,6,3,3,0,8,170.46,0.391,0.143,6.322,0.203,17,0.6538,0,0,0,0,1,1,0,0,0,926.191,1.831,953343.845,-1.72,19.053,8.78,4.921,0,0
Clc1ccc(CO[C@@H](Cn2ccnc2)c2ccc(Cl)cc2Cl)c(Cl)c1,416.14,413.99,6.45,27.05,102.68,0.1667,0.4617,25,0,3,6,3,3,0,7,165.61,0.367,0.102,6.365,-0.286,17,0.68,0,0,0,0,1,1,0,0,0,852.287,1.827,584930.751,-1.23,18.558,8.434,4.901,1,0
Clc1ccc(CO[C@@H](Cn2ccnc2)c2ccc(Cl)cc2Cl)cc1,381.69,380.02,5.8,27.05,97.67,0.1667,0.5392,24,0,3,6,3,3,0,6,155.3,0.367,0.102,6.36,-0.223,17,0.7083,0,0,0,0,1,1,0,0,0,788.533,1.796,409013.921,-1.52,17.308,8.038,4.517,1,0
Clc1ccc(CS[C@@H](Cn2ccnc2)c2ccc(Cl)cc2Cl)cc1,397.76,396.0,6.52,17.82,104.18,0.1667,0.4711,24,0,3,6,3,3,0,6,160.31,0.336,0.095,6.427,0.194,17,0.7083,0,0,0,0,1,1,0,0,0,788.533,1.796,409013.921,-1.13,17.685,8.304,4.7,1,0
Clc1ccc([C@@H](Cn2ccnc2)OCc2c(Cl)cccc2Cl)c(Cl)c1,416.14,413.99,6.45,27.05,102.68,0.1667,0.4617,25,0,3,6,3,3,0,7,165.61,0.367,0.102,6.367,-0.314,17,0.68,0,0,0,0,1,1,0,0,0,832.037,1.857,599588.302,-1.23,18.558,8.434,4.689,1,0
Clc1ccc([C@@H](Cn2ccnc2)OCc2ccsc2Cl)c(Cl)c1,387.72,385.98,5.86,27.05,95.55,0.1875,0.5292,23,0,4,6,3,3,0,7,152.94,0.367,0.102,6.343,-0.232,16,0.6957,0,0,0,0,2,2,0,0,0,773.491,1.82,267063.274,-1.04,16.805,7.687,4.28,1,0
Clc1ccc2c(c1)C(N1CCNCC1)=Nc1ccccc1O2,313.79,313.1,3.43,36.86,88.61,0.2353,0.8093,22,1,4,0,4,2,0,5,133.92,0.454,0.153,6.204,0.691,12,0.5455,0,0,2,1,2,0,2,1,0,738.434,1.884,209135.178,-2.04,13.611,5.63,2.446,0,0
Clc1ccc2c(c1)CCc1cccnc1C2=C1CCNCC1,310.83,310.12,4.02,24.92,91.22,0.3158,0.7948,22,1,2,0,4,2,0,3,135.78,0.316,0.074,6.233,0.826,12,0.5455,0,0,2,1,2,1,1,1,0,740.85,1.978,212865.748,-1.64,13.984,5.864,2.467,0,0
Clc1cccc([C@H](c2ccc3nc[nH]c3c2)n2ccnc2)c1,308.77,308.08,4.05,46.5,87.01,0.0588,0.6204,22,1,3,3,4,4,0,5,131.96,0.345,0.095,6.174,0.022,20,0.9091,0,0,0,0,2,2,0,0,0,911.227,1.897,267912.059,-2.59,13.099,5.312,2.274,1,0
Clc1ccccc1C(c1ccccc1)(c1ccccc1)n1ccnc1,344.85,344.11,5.38,17.82,101.84,0.0455,0.4545,25,0,2,4,4,4,0,3,151.91,0.319,0.123,6.691,-0.586,23,0.92,0,0,0,0,1,1,0,0,0,908.271,2.154,1236605.828,-2.84,15.674,6.577,2.553,0,0
Clc1ccccc1CN1CCc2sccc2C1,263.79,263.05,3.96,3.24,73.59,0.2857,0.7928,17,0,2,2,3,2,0,3,110.65,0.294,0.045,6.198,0.878,11,0.6471,0,0,1,0,2,1,1,0,0,520.446,1.741,15922.362,-0.83,11.271,4.808,2.391,0,0
Cn1c(=O)[nH]c2ncn(C)c2c1=O,180.17,180.06,-1.04,72.68,46.58,0.2857,0.5625,13,1,5,0,2,2,0,6,72.45,0.329,0.328,11.513,-0.448,9,0.6923,0,0,0,0,2,2,0,0,0,574.171,3.158,1175.784,-1.85,7.781,2.317,0.915,0,0
Cn1c(=O)c2[nH]cnc2n(C)c1=O,180.17,180.06,-1.04,72.68,46.58,0.2857,0.5625,13,1,5,0,2,2,0,6,72.45,0.339,0.332,11.441,-0.371,9,0.6923,0,0,0,0,2,2,0,0,0,574.171,3.212,1349.044,-1.85,7.781,2.317,0.851,0,0
Cn1c(=O)c2c(ncn2C)n(C)c1=O,194.19,194.08,-1.03,61.82,51.2,0.375,0.5385,14,0,6,0,2,2,0,6,79.03,0.332,0.328,11.672,-0.36,9,0.6429,0,0,0,0,2,2,0,0,0,616.529,3.221,1876.09,-1.85,8.735,2.568,0.876,0,0
Cn1cc([S@H](C)=O)c(=O)c2ccc(F)cc21,240.28,240.05,1.15,39.07,62.87,0.1818,0.7594,16,1,3,1,2,2,0,5,93.97,0.349,0.204,13.034,-1.691,10,0.625,0,0,0,0,1,1,0,0,0,648.21,2.958,3915.975,-1.49,11.009,3.825,1.669,1,0
Cn1ccnc1S,114.17,114.03,0.71,17.82,30.46,0.25,0.4917,7,1,3,0,1,1,0,3,47.59,0.329,0.164,4.001,0.75,5,0.7143,0,0,0,0,1,1,0,0,0,141.978,3.118,49.54,-0.44,4.712,1.578,0.771,0,0
Cn1cnc2c1c(=O)[nH]c(=O)n2C,180.17,180.06,-1.04,72.68,46.58,0.2857,0.5625,13,1,5,0,2,2,0,6,72.45,0.329,0.328,11.304,-0.448,9,0.6923,0,0,0,0,2,2,0,0,0,574.171,3.178,1173.007,-1.85,7.781,2.317,0.915,0,0
Cn1nnc2ccc([C@H](c3ccc(Cl)cc3)n3cncn3)cc21,324.78,324.09,2.85,61.42,87.22,0.125,0.5811,23,0,6,3,4,4,0,7,136.88,0.248,0.137,6.017,-0.089,20,0.8696,0,0,0,0,2,2,0,0,0,942.543,1.892,399300.751,-2.73,13.9,5.477,2.467,1,0
FC(F)(F)[C@H](Cl)Br,197.38,195.89,2.51,0.0,24.62,1.0,0.5235,7,0,0,0,0,0,0,5,51.77,0.414,0.168,10.999,-4.318,0,0.0,0,0,0,0,0,0,0,0,0,58.445,3.541,17.086,0.56,7.56,2.219,3.17,1,0
FC(F)OC(F)(F)[C@@H](F)Cl,184.49,183.97,2.35,9.23,22.78,1.0,0.4833,10,0,1,3,0,0,0,7,57.71,0.405,0.254,11.588,-4.629,0,0.0,0,0,0,0,0,0,0,0,0,105.066,3.866,78.55,-0.1,9.9,3.338,3.166,1,0
FC(F)O[C@@H](Cl)C(F)(F)F,184.49,183.97,2.35,9.23,22.79,1.0,0.4729,10,0,1,2,0,0,0,7,57.71,0.428,0.294,11.219,-4.946,0,0.0,0,0,0,0,0,0,0,0,0,101.556,3.735,76.904,-0.1,9.9,3.338,3.838,1,0
FCOC(C(F)(F)F)C(F)(F)F,200.05,200.01,2.42,9.23,22.96,1.0,0.6217,12,0,1,2,0,0,0,8,62.11,0.423,0.329,11.391,-5.635,0,0.0,0,0,0,0,0,0,0,0,0,121.322,4.451,183.708,-0.53,11.47,3.461,3.245,0,0
Fc1ccc(C(OCCN2CCN(CCCc3ccccc3)CC2)c2ccc(F)cc2)cc1,450.57,450.25,5.32,15.71,128.24,0.3571,0.4158,33,0,3,10,4,3,0,5,195.15,0.367,0.123,13.395,-0.342,18,0.5455,0,0,1,1,1,0,1,1,0,909.952,1.223,40631782.526,-2.6,23.555,12.029,7.192,0,0
Fc1ccc(C(c2ccc(F)cc2)N2CCN(C/C=C/c3ccccc3)CC2)cc1,404.5,404.21,5.39,6.48,118.13,0.2308,0.5439,30,0,2,6,4,3,0,4,176.62,0.297,0.123,13.464,-0.244,18,0.6,0,0,1,1,1,0,1,1,0,899.088,1.431,9459757.867,-2.82,20.453,9.788,5.206,0,0
Fc1ccc(Cn2c(NC3CCNCC3)nc3ccccc32)cc1,324.4,324.18,3.39,41.88,94.75,0.3158,0.7729,24,2,4,4,4,3,0,5,140.26,0.353,0.204,13.169,-0.206,15,0.625,0,0,1,1,2,1,1,1,0,819.004,1.676,614464.548,-2.4,15.147,6.61,3.123,0,0
Fc1ccc([C@@H]2CCNC[C@H]2COc2ccc3c(c2)OCO3)cc1,329.37,329.14,3.33,39.72,88.18,0.3684,0.9339,24,1,4,4,4,2,0,5,140.09,0.493,0.231,13.17,-0.194,12,0.5,0,0,2,1,2,0,2,1,0,704.258,1.443,664545.918,-2.27,15.269,6.69,3.17,2,0
Fc1cccc2c1O[C@H]1CNC[C@@H]1O2,195.19,195.07,0.94,30.49,48.1,0.4,0.6679,14,1,3,0,3,1,0,4,80.82,0.481,0.197,13.303,-0.354,6,0.4286,0,0,2,1,2,0,2,1,0,369.14,2.012,3504.693,-1.29,8.054,2.85,1.071,2,0
N#Cc1ccc(C(c2ccc(C#N)cc2)n2cncn2)cc1,285.31,285.1,2.66,78.29,79.58,0.0588,0.7407,22,0,5,3,3,3,0,5,127.25,0.241,0.137,8.918,-0.15,17,0.7727,0,0,0,0,1,1,0,0,0,776.56,2.071,206195.276,-3.44,13.539,5.904,2.562,0,0
N#Cc1ccc([C@H]2CCCc3cncn32)cc1,223.28,223.11,2.68,41.61,64.46,0.2857,0.7454,17,0,3,1,3,2,0,3,100.34,0.327,0.099,8.798,0.383,11,0.6471,0,0,1,0,2,1,1,0,0,559.898,1.981,17812.767,-2.08,10.098,4.061,1.719,1,0
N=C(N)N/N=C\c1c(Cl)cccc1Cl,231.09,230.01,1.81,74.26,59.11,0.0,0.4122,14,3,2,2,1,1,0,6,91.21,0.369,0.206,6.854,-0.246,6,0.4286,0,0,0,0,0,0,0,0,0,355.354,2.852,1206.461,-1.26,10.818,4.832,2.901,0,0
N=C(N)N1CCc2ccccc2C1,175.23,175.11,0.94,53.11,52.47,0.3,0.4552,13,2,1,0,2,1,0,3,77.67,0.37,0.188,7.334,0.175,6,0.4615,0,0,1,0,1,0,1,0,0,332.697,2.244,1255.414,-1.51,8.105,3.088,1.495,0,0
N=C(N)NC[C@@H]1COc2ccccc2O1,207.23,207.1,0.31,80.36,56.27,0.3,0.4813,15,3,3,2,2,1,0,5,87.69,0.486,0.185,7.028,-0.108,6,0.4,0,0,1,0,1,0,1,0,0,367.44,1.965,3311.384,-1.91,9.638,4.08,2.309,1,0
N=C(N)c1ccc(OCCCCCOc2ccc(C(=N)N)cc2)cc1,340.43,340.19,2.88,118.2,99.76,0.2632,0.302,25,4,4,10,2,2,0,6,147.32,0.494,0.122,7.34,0.058,12,0.48,0,0,0,0,0,0,0,0,0,634.869,1.57,399575.777,-3.02,18.321,9.318,6.177,0,0
NC(=O)C[S@H](=O)C(c1ccccc1)c1ccccc1,274.37,274.09,1.74,60.16,78.33,0.1333,0.8159,19,2,2,5,2,2,0,4,114.46,0.369,0.228,12.402,-1.761,12,0.6316,0,0,0,0,0,0,0,0,1,529.714,2.396,22883.131,-1.94,13.491,6.292,3.513,1,0
NC(=O)N1c2ccccc2C=Cc2ccccc21,236.27,236.09,3.39,46.33,73.53,0.0,0.7484,18,1,1,0,3,2,0,3,105.15,0.351,0.323,11.753,-0.474,12,0.6667,0,0,1,0,1,0,1,0,2,596.947,2.305,20630.435,-2.55,10.594,4.036,1.569,0,0
NC(=O)N1c2ccccc2CC(=O)c2ccccc21,252.27,252.09,2.64,63.4,72.64,0.0667,0.783,19,1,2,0,3,2,0,4,110.0,0.351,0.323,12.258,-0.588,12,0.6316,0,0,1,0,1,0,1,0,2,679.351,2.316,29788.971,-2.62,11.469,4.242,1.775,0,0
NC(=O)OCC(COC(N)=O)c1ccccc1,238.24,238.1,0.96,104.64,60.25,0.2727,0.7965,17,2,4,5,1,1,0,6,98.49,0.449,0.404,10.541,-0.87,6,0.3529,0,0,0,0,0,0,0,0,2,362.318,2.644,5713.814,-2.24,12.828,6.366,4.874,0,0
NC(N)=N/C(N)=N/CCc1ccccc1,205.27,205.13,-0.18,102.78,62.45,0.2,0.4707,15,3,1,3,1,1,0,5,88.7,0.37,0.218,5.441,-0.073,6,0.4,0,0,0,0,0,0,0,0,0,351.335,2.423,2239.559,-2.04,11.037,5.64,4.658,0,0
NC(N)=Nc1nc(CSCC/C(N)=N\S(N)(=O)=O)cs1,337.46,337.04,-0.77,175.83,83.09,0.375,0.2866,20,4,6,7,1,1,0,12,124.29,0.386,0.318,10.649,-3.916,5,0.25,0,0,0,0,1,1,0,0,0,603.342,2.367,18919.819,-1.37,16.684,7.422,7.276,0,0
NC(N)=Nc1nc(CSCC/N=C/NS(=O)(=O)c2ccc(Br)cc2)cs1,477.44,475.98,2.05,135.82,111.57,0.2143,0.2874,26,3,7,9,2,2,0,12,167.94,0.37,0.262,12.038,-3.588,11,0.4231,0,0,0,0,1,1,0,0,0,876.342,1.7,594330.22,-1.63,20.679,9.9,6.939,0,0
NC1=NC[C@@H]2c3ccccc3Cc3ccccc3N12,249.32,249.13,2.47,41.62,77.4,0.1875,0.779,19,1,3,0,4,2,0,3,111.93,0.369,0.196,6.107,0.25,12,0.6316,0,0,2,0,2,0,2,0,0,675.199,1.98,50264.401,-2.29,10.616,3.851,1.477,1,0
NCC[C@@H](Oc1ccc(C(F)(F)F)cc1)c1ccccc1,295.3,295.12,4.17,35.25,74.93,0.25,0.898,21,1,2,5,2,2,0,5,120.9,0.486,0.416,12.51,-4.339,12,0.5714,0,0,0,0,0,0,0,0,0,551.985,2.14,51073.424,-2.01,15.38,6.628,4.226,1,0
NN=O,46.03,46.02,-0.37,55.45,9.98,0.0,0.2296,3,1,2,0,0,0,0,3,17.38,0.287,0.047,8.333,1.75,0,0.0,0,0,0,0,0,0,0,0,0,10.265,2.187,2.755,-0.6,2.4,1.4,1.4,0,0
NNC(=O)c1ccncc1,137.14,137.06,-0.31,68.01,35.89,0.0,0.3166,10,2,3,1,1,1,0,4,58.04,0.29,0.265,10.75,-0.303,6,0.6,0,0,0,0,1,1,0,0,1,221.694,2.853,237.587,-1.42,6.697,2.932,1.295,0,0
NNc1nnc(NN)c2ccccc12,190.21,190.1,0.2,101.88,55.16,0.0,0.3983,14,4,6,2,2,2,0,6,80.24,0.306,0.17,5.303,0.527,10,0.7143,0,0,0,0,1,1,0,0,0,412.026,2.78,2327.511,-1.92,8.668,3.444,1.222,0,0
NNc1nncc2ccccc12,160.18,160.07,0.92,63.83,47.35,0.0,0.4806,12,2,4,1,2,2,0,4,69.38,0.306,0.17,5.263,0.605,10,0.8333,0,0,0,0,1,1,0,0,0,393.685,2.791,902.114,-1.68,6.995,2.749,0.981,0,0
NS(=O)(=O)Cc1noc2ccccc12,212.23,212.03,0.62,86.19,50.82,0.125,0.79,14,1,4,2,2,2,0,6,80.54,0.356,0.214,10.838,-3.561,9,0.6429,0,0,0,0,1,1,0,0,0,558.725,2.539,1818.134,-1.4,9.167,3.071,1.754,0,0
N[C@@H](Cc1cc(I)c(Oc2ccc(O)c(I)c2)c(I)c1)C(=O)O,650.98,650.79,3.95,92.78,112.09,0.1333,0.4267,23,3,4,5,2,2,0,8,173.57,0.507,0.32,10.866,-1.019,12,0.5217,0,0,0,0,0,0,0,0,0,728.492,2.26,98209.278,-0.34,18.991,8.16,5.064,1,0
N[C@@H]1C[C@H]1c1ccccc1,133.19,133.09,1.5,26.02,41.78,0.3333,0.6169,10,1,1,1,2,1,0,1,60.86,0.327,0.011,5.699,0.433,6,0.6,0,0,1,1,0,0,0,0,0,217.43,2.204,495.272,-0.82,5.927,2.097,0.929,2,0
Nc1c(Br)cc(Br)cc1CNC1CCC(O)CC1,378.11,375.98,3.19,58.28,81.36,0.5385,0.7087,18,3,3,3,2,1,0,5,124.4,0.398,0.054,9.469,-0.104,6,0.3333,0,0,1,1,0,0,0,0,0,417.697,1.938,11648.161,-0.1,14.312,6.369,3.697,0,0
Nc1c2c(nc3ccccc13)CCCC2,198.27,198.12,2.7,38.91,62.8,0.3077,0.7065,15,1,2,0,3,2,0,2,89.13,0.398,0.073,6.2,0.954,10,0.6667,0,0,1,0,1,1,0,0,0,517.17,2.359,4959.094,-1.57,8.715,3.228,1.286,0,0
Nc1cc(N2CCCCC2)nc(N)[n+]1[O-],209.25,209.13,-0.13,95.11,58.09,0.5556,0.4959,15,2,5,1,2,1,0,6,88.09,0.754,0.346,11.189,-0.087,6,0.4,1,1,1,1,2,1,1,1,0,338.515,2.274,3149.911,-1.72,9.821,3.799,1.879,0,0
Nc1ccc(S(=O)(=O)Nc2ccccn2)cc1,249.3,249.06,1.46,85.08,65.9,0.0,0.8064,17,2,4,3,2,2,0,6,99.36,0.399,0.263,11.921,-3.598,12,0.7059,0,0,0,0,1,1,0,0,0,594.373,2.286,7471.415,-2.08,11.407,4.423,2.729,0,0
Nc1ccc(S(=O)(=O)Nc2ccnn2-c2ccccc2)cc1,314.37,314.08,2.26,90.01,85.23,0.0,0.7228,22,2,5,4,3,3,0,7,127.8,0.399,0.263,12.401,-3.697,17,0.7727,0,0,0,0,1,1,0,0,0,871.421,1.94,145235.924,-2.8,14.151,5.531,2.793,0,0
Nc1ccc(S(=O)(=O)Nc2ncccn2)cc1,250.28,250.05,0.86,97.97,63.69,0.0,0.7871,17,2,5,3,2,2,0,7,98.58,0.399,0.264,11.881,-3.661,12,0.7059,0,0,0,0,1,1,0,0,0,595.963,2.286,7471.415,-2.15,11.339,4.38,2.698,0,0
Nc1ccc(S(=O)(=O)c2ccc(N)cc2)cc1,248.31,248.06,1.68,86.18,67.16,0.0,0.7916,17,2,4,2,2,2,0,5,99.79,0.399,0.206,12.175,-3.484,12,0.7059,0,0,0,0,0,0,0,0,0,565.06,2.496,6953.463,-2.01,11.475,4.102,2.236,0,0
Nc1ccc(S(N)(=O)=O)cc1,172.21,172.03,-0.08,86.18,42.23,0.0,0.5806,11,2,3,1,1,1,0,5,64.87,0.399,0.238,10.681,-3.575,6,0.5455,0,0,0,0,0,0,0,0,0,341.35,3.202,230.735,-1.07,8.031,2.519,1.924,0,0
Nc1ccccc1,93.13,93.06,1.27,26.02,30.85,0.0,0.4801,7,1,1,0,1,1,0,1,42.77,0.399,0.031,5.358,0.822,6,0.8571,0,0,0,0,0,0,0,0,0,134.107,3.021,47.197,-0.98,4.186,1.646,0.929,0,0
Nc1nc(=O)c(Br)c(-c2ccccc2)[nH]1,266.1,264.99,1.78,71.77,62.41,0.0,0.8259,15,2,3,1,2,2,0,5,94.3,0.369,0.289,11.376,-0.37,12,0.8,0,0,0,0,1,1,0,0,0,536.109,2.685,3070.937,-1.62,9.917,3.86,1.917,0,0
Nc1nc(NC2CC2)c2ncn([C@H]3C=C[C@@H](CO)C3)c2n1,286.34,286.15,1.09,101.88,79.75,0.5,0.7272,21,3,7,4,4,2,0,7,121.46,0.396,0.224,9.257,0.162,9,0.4286,0,0,2,1,2,2,0,0,0,704.797,1.734,128289.443,-2.15,12.58,4.696,2.229,2,0
Nc1nc2cc(Cl)ccc2o1,168.58,168.01,2.06,52.05,43.43,0.0,0.6553,11,1,3,0,2,2,0,4,67.77,0.424,0.292,5.705,0.169,9,0.8182,0,0,0,0,1,1,0,0,0,396.24,2.816,479.896,-1.22,6.488,2.134,1.032,0,0
Nc1nc2ccc(OC(F)(F)F)cc2s1,234.2,234.01,2.78,48.14,50.72,0.125,0.8248,15,1,4,1,2,2,0,7,86.29,0.573,0.406,11.887,-4.677,9,0.6,0,0,0,0,1,1,0,0,0,494.083,2.38,2390.156,-1.5,10.033,3.265,2.296,0,0
O=C(C1CCCCC1)N1CC(=O)N2CCc3ccccc3[C@H]2C1,312.41,312.18,2.53,40.62,87.76,0.5789,0.7994,23,0,2,1,4,1,0,4,137.0,0.332,0.242,12.84,0.05,6,0.2609,0,0,3,2,2,0,2,1,2,621.551,1.568,314436.33,-1.84,14.733,5.987,2.642,1,0
O=C(CCCN1CCC(O)(c2ccc(Br)cc2)CC1)c1ccc(F)cc1,420.32,419.09,4.53,40.54,103.68,0.381,0.6984,26,1,3,6,3,2,0,5,161.52,0.385,0.162,12.909,-0.763,12,0.4615,0,0,1,1,1,0,1,1,0,737.611,1.445,770962.431,-1.56,19.209,8.42,4.783,0,0
O=C(CCCN1CCC(O)(c2ccc(Cl)cc2)CC1)c1ccc(F)cc1,375.87,375.14,4.43,40.54,100.99,0.381,0.7593,26,1,3,6,3,2,0,5,157.95,0.385,0.162,12.905,-0.801,12,0.4615,0,0,1,1,1,0,1,1,0,737.611,1.445,770962.431,-1.75,19.024,8.295,4.697,0,0
O=C(CCCN1CCC(O)(c2cccc(C(F)(F)F)c2)CC1)c1ccc(F)cc1,409.42,409.17,4.79,40.54,100.98,0.4091,0.5509,29,1,3,6,3,2,0,7,166.51,0.416,0.385,12.933,-4.44,12,0.4138,0,0,1,1,1,0,1,1,0,840.636,1.499,2450058.804,-2.25,21.459,8.631,5.424,0,0
O=C(CO)NCCCOc1cccc(CN2CCCCC2)c1,306.41,306.19,1.55,61.8,85.78,0.5882,0.7155,22,2,4,8,2,1,0,5,131.82,0.494,0.245,10.872,-0.459,6,0.2727,0,0,1,1,1,0,1,1,1,458.972,1.7,114425.1,-1.59,16.775,9.432,6.034,0,0
O=C(Cn1c(=O)sc2ccc(Cl)cc21)N1CCN(CCO)CC1,355.85,355.08,0.85,65.78,91.2,0.4667,0.8828,23,1,6,4,3,2,0,8,142.04,0.395,0.308,12.481,-0.144,9,0.3913,0,0,1,1,2,1,1,1,1,764.903,1.725,212108.221,-1.41,16.448,7.003,3.579,0,0
O=C(NC1CCN(CCc2c[nH]c3ccccc23)CC1)c1ccccc1,347.46,347.2,3.6,48.13,105.37,0.3182,0.7407,26,2,2,5,4,3,0,4,153.76,0.361,0.251,12.272,0.044,15,0.5769,0,0,1,1,2,1,1,1,1,863.239,1.254,1803398.386,-2.59,16.856,7.749,3.806,0,0
O=C(NC[C@H]1CCCCN1)c1cc(OCC(F)(F)F)ccc1OCC(F)(F)F,414.35,414.14,3.44,59.59,87.52,0.5882,0.6716,28,2,4,7,2,1,0,11,156.92,0.484,0.422,12.413,-4.634,6,0.2143,0,0,1,1,1,0,1,1,1,657.273,2.107,927019.494,-2.17,22.123,9.352,7.829,1,0
O=C(N[C@H](CO)[C@H](O)c1ccc([N+](=O)[O-])cc1)C(Cl)Cl,323.13,322.01,0.91,112.7,72.57,0.3636,0.4091,20,3,5,6,1,1,0,9,123.82,0.394,0.269,11.305,-1.326,6,0.3,1,1,0,0,0,0,0,0,1,480.207,2.821,20854.004,-1.41,16.644,7.393,4.309,2,0
O=C(N[C@H](Cc1cc(=O)[nH]c2ccccc12)C(=O)O)c1ccc(Cl)cc1,370.79,370.07,2.61,99.26,98.61,0.1053,0.6424,26,3,3,5,3,3,0,7,152.98,0.48,0.326,12.306,-1.184,16,0.6154,0,0,0,0,1,1,0,0,1,1027.639,1.878,705863.874,-3.12,17.695,7.41,3.92,1,0
O=C(N[C@H]1CCS[C@H]2CCC[C@@H](C(=O)O)N2C1=O)[C@@H](S)Cc1ccccc1,408.55,408.12,1.94,86.71,107.83,0.5263,0.6485,27,3,5,5,3,1,0,8,168.03,0.48,0.326,13.021,-0.975,6,0.2222,0,0,2,2,2,0,2,2,2,700.21,1.672,1289668.162,-1.67,20.074,9.014,4.789,4,0
O=C(O)CCCC/C=C(\c1ccccc1)c1cccnc1,281.36,281.14,4.16,50.19,83.86,0.2222,0.7752,21,1,2,7,2,2,0,3,124.53,0.481,0.303,10.516,-0.727,12,0.5714,0,0,0,0,1,1,0,0,0,549.63,2.114,70792.088,-2.42,14.978,7.999,4.877,0,0
O=C(O)COC(=O)Cc1ccccc1Nc1c(Cl)cccc1Cl,354.19,353.02,3.91,75.63,88.49,0.125,0.7697,23,2,4,6,2,2,0,7,142.34,0.479,0.341,11.69,-1.201,12,0.5217,0,0,0,0,0,0,0,0,0,713.52,2.175,125088.264,-2.24,17.119,7.852,4.874,0,0
O=C(O)COCCN1CCN([C@H](c2ccccc2)c2ccc(Cl)cc2)CC1,388.9,388.16,3.15,53.01,106.2,0.381,0.7039,27,1,4,8,3,2,0,6,164.66,0.48,0.329,10.505,-0.923,12,0.4444,0,0,1,1,1,0,1,1,0,715.966,1.629,1515588.772,-1.92,19.831,9.854,5.777,1,0
O=C(O)COc1ccc(C(=O)c2cccs2)c(Cl)c1Cl,331.18,329.95,3.75,63.6,77.34,0.0769,0.8478,20,1,4,5,2,2,0,7,128.06,0.48,0.341,12.19,-1.129,11,0.55,0,0,0,0,1,1,0,0,0,652.641,2.311,39606.699,-1.56,14.841,6.26,3.12,0,0
O=C(O)Cc1ccccc1Nc1c(Cl)cccc1Cl,296.15,295.02,4.36,49.33,77.53,0.0714,0.8807,19,2,2,4,2,2,0,5,120.33,0.481,0.307,10.827,-0.889,12,0.6316,0,0,0,0,0,0,0,0,0,593.895,2.356,18978.936,-1.71,13.715,5.954,3.398,0,0
O=C(O)c1cc(/N=N\c2ccc(S(=O)(=O)Nc3ccccn3)cc2)ccc1O,398.4,398.07,3.7,141.31,100.73,0.0,0.5406,28,3,7,6,3,3,0,10,159.64,0.507,0.339,12.341,-3.795,18,0.6429,0,0,0,0,1,1,0,0,0,1130.397,1.766,1798099.974,-3.79,18.985,7.842,4.483,0,0
O=C(O)c1ccc(OCCn2ccnc2)cc1,232.24,232.08,1.66,64.35,61.12,0.1667,0.851,17,1,4,5,2,2,0,5,98.29,0.492,0.335,10.631,-0.935,11,0.6471,0,0,0,0,1,1,0,0,0,476.962,1.847,11871.176,-2.3,11.193,5.157,3.074,0,0
O=C(O)c1ccccc1Nc1cccc(C(F)(F)F)c1,281.23,281.07,4.15,49.33,68.13,0.0714,0.8882,20,2,2,3,2,2,0,6,112.22,0.478,0.416,12.592,-4.44,12,0.6,0,0,0,0,0,0,0,0,0,638.311,2.338,26005.528,-2.5,13.921,5.242,3.085,0,0
O=C(O)c1ccccc1O,138.12,138.03,1.09,57.53,35.07,0.0,0.6103,10,2,2,1,1,1,0,3,57.55,0.507,0.339,10.262,-1.113,6,0.6,0,0,0,0,0,0,0,0,0,254.783,3.153,182.238,-1.51,6.608,2.39,1.075,0,0
O=C(O)c1cn(C2CC2)c2cc(N3CCNCC3)c(F)cc2c1=O,331.35,331.13,1.58,74.57,88.48,0.4118,0.8932,24,2,5,3,4,2,0,7,137.04,0.477,0.341,14.608,-1.275,10,0.4167,0,0,2,2,2,1,1,1,0,882.76,1.949,672746.571,-2.41,15.137,5.592,2.448,0,0
O=C(OC1C[C@@H]2CC3C[C@H](C1)N2CC3=O)c1c[nH]c2ccccc12,324.38,324.15,2.52,62.4,88.75,0.4737,0.8624,24,1,4,2,6,2,0,5,139.52,0.459,0.34,12.61,-0.242,9,0.375,0,0,4,4,5,1,4,4,0,810.881,1.325,696101.163,-2.14,14.224,5.178,2.11,5,3
O=C(c1ccc(OCCN2CCCCC2)cc1)c1c(-c2ccc(O)cc2)sc2cc(O)ccc12,473.59,473.17,6.08,70.0,136.25,0.25,0.3187,34,2,6,7,5,4,0,6,202.4,0.508,0.195,13.647,-0.083,21,0.6176,0,0,1,1,2,1,1,1,0,1288.743,1.389,88638046.158,-3.35,22.443,9.873,4.786,0,0
O=C1C(=O)c2ccccc2C(O)=C1C1CCC(c2ccc(Cl)cc2)CC1,366.84,366.1,5.35,54.37,101.48,0.2727,0.7288,26,1,3,2,4,2,0,4,156.86,0.507,0.234,12.605,-0.545,12,0.4615,0,0,2,1,0,0,0,0,0,903.24,1.581,1130293.622,-2.39,17.045,6.73,2.864,0,0
O=C1C(CC[S@@H](=O)c2ccccc2)C(=O)N(c2ccccc2)N1c1ccccc1,405.5,405.13,3.53,57.69,115.08,0.1304,0.5042,29,1,3,6,4,3,0,6,171.55,0.272,0.258,13.218,-1.658,18,0.6207,0,0,1,1,1,0,1,1,2,968.263,1.611,6455568.595,-3.25,19.083,8.407,3.841,1,0
O=C1CC2(CCCC2)CC(=O)N1CCCCN1CCN(c2ncccn2)CC1,385.51,385.25,2.09,69.64,106.77,0.7143,0.5517,28,0,6,6,4,1,0,7,166.66,0.338,0.229,12.51,0.007,6,0.2143,0,0,3,3,3,1,2,2,2,661.296,1.155,3863909.265,-2.02,19.303,8.554,4.346,0,0
O=C1CC[C@H](N2C(=O)c3ccccc3C2=O)C(=O)N1,258.23,258.06,0.09,83.55,63.11,0.2308,0.7234,19,1,4,1,3,1,0,6,107.93,0.295,0.262,12.174,-0.898,6,0.3158,0,0,2,1,2,0,2,1,4,587.824,1.961,29031.023,-2.5,11.583,4.012,1.64,1,0
O=C1CCc2cc(OCCCCc3nnnn3C3CCCCC3)ccc2N1,369.47,369.22,3.46,81.93,101.76,0.6,0.7559,27,1,6,7,4,2,0,7,159.03,0.494,0.224,11.419,0.09,11,0.4074,0,0,2,1,2,1,1,0,1,782.429,1.222,2867838.426,-2.44,17.948,8.5,4.459,0,0
O=C1CCc2ccc(OCCCCN3CCN(c4cccc(Cl)c4Cl)CC3)cc2N1,448.39,447.15,4.86,44.81,123.24,0.4348,0.615,30,1,4,7,4,2,0,7,187.44,0.494,0.224,11.547,0.081,12,0.4,0,0,2,1,2,0,2,1,1,898.012,1.154,8073775.827,-1.95,21.288,9.905,5.203,0,0
O=C1CN(/N=C\c2ccc(-c3ccc([N+](=O)[O-])cc3)o2)C(=O)N1,314.26,314.07,1.74,118.05,78.64,0.0714,0.3989,23,1,6,4,3,2,0,9,128.89,0.455,0.344,11.314,-0.589,11,0.4783,1,1,1,1,2,1,1,1,3,808.83,1.738,235566.27,-3.49,14.447,5.716,3.075,0,0
O=C1CN=C(c2ccccc2)c2cc(Cl)ccc2N1,270.72,270.06,3.13,41.46,77.03,0.0667,0.8498,19,1,2,1,3,2,0,4,115.49,0.324,0.246,11.656,-0.116,12,0.6316,0,0,1,0,1,0,1,0,1,665.101,2.195,32752.467,-2.13,11.932,4.86,2.373,0,0
O=C1CN=C(c2ccccc2Cl)c2cc([N+](=O)[O-])ccc2N1,315.72,315.04,3.04,84.6,83.68,0.0667,0.6825,22,1,4,2,3,2,0,7,130.14,0.324,0.27,11.741,-0.489,12,0.5455,1,1,1,0,1,0,1,0,1,817.43,2.234,116788.422,-2.73,14.218,5.573,2.559,0,0
O=C1CN=C(c2ccccn2)c2cc(Br)ccc2N1,316.16,315.0,2.63,54.35,77.51,0.0714,0.8792,19,1,3,1,3,2,0,5,118.27,0.324,0.246,11.657,-0.116,12,0.6316,0,0,1,0,2,1,1,0,1,667.646,2.195,32752.467,-2.01,12.046,4.932,2.416,0,0
O=C1Cc2cc(CCN3CCN(c4nsc5ccccc45)CC3)c(Cl)cc2N1,412.95,412.11,3.81,48.47,115.76,0.3333,0.7075,28,1,5,4,5,3,0,7,172.61,0.353,0.228,11.566,0.05,15,0.5357,0,0,2,1,3,1,2,1,1,1042.062,1.204,5377534.572,-2.15,17.915,7.351,3.363,0,0
O=C1NC(=O)C(c2ccccc2)(c2ccccc2)N1,252.27,252.09,1.77,58.2,70.34,0.0667,0.8002,19,2,2,2,3,2,0,4,110.0,0.322,0.316,12.313,-1.139,12,0.6316,0,0,1,1,1,0,1,1,3,583.609,2.231,37379.763,-2.62,11.469,4.242,1.689,0,0
O=C1NC(c2ccccc2)(c2ccccc2)C(=O)N1COP(=O)(O)O,362.28,362.07,1.55,116.17,87.04,0.125,0.5489,25,3,4,5,3,2,0,9,142.83,0.471,0.315,13.065,-4.831,12,0.48,0,0,1,1,1,0,1,1,3,796.718,2.065,448689.216,-2.51,17.317,6.419,3.202,0,0
O=C1NCCN1CCN1CCC(c2cn(-c3ccc(F)cc3)c3ccc(Cl)cc23)CC1,440.95,440.18,4.63,40.51,121.63,0.375,0.6281,31,1,3,5,5,3,0,7,185.93,0.336,0.317,13.428,-0.234,15,0.4839,0,0,2,2,3,1,2,2,2,1088.902,1.337,21749923.007,-2.57,20.339,8.518,4.143,0,0
O=C1Nc2ccc(Cl)cc2[C@@](C#CC2CC2)(C(F)(F)F)O1,315.68,315.03,4.07,38.33,69.79,0.3571,0.7328,21,1,2,0,3,1,0,7,122.96,0.445,0.415,13.6,-4.869,6,0.2857,0,0,2,1,1,0,1,0,1,673.022,2.218,81905.162,-1.87,14.084,4.567,2.422,1,0
O=C1[C@H]2CCCC[C@H]2C(=O)N1CCCCN1CCN(c2nsc3ccccc23)CC1,426.59,426.21,3.37,56.75,119.68,0.6087,0.5236,30,0,6,6,5,2,0,7,181.54,0.353,0.233,12.572,-0.013,9,0.3,0,0,3,3,3,1,2,2,2,896.819,1.064,15661833.074,-1.99,19.943,8.632,3.734,2,0
O=C1c2c(O)ccc(O)c2C(=O)c2c(NCCNCCO)ccc(NCCNCCO)c21,444.49,444.2,-0.14,163.18,119.97,0.3636,0.1393,32,8,10,12,3,2,0,10,184.83,0.507,0.2,13.37,-0.559,12,0.375,0,0,1,0,0,0,0,0,0,916.872,1.969,13585988.133,-3.18,23.482,10.914,4.834,0,0
O=C1c2ccccc2C(=O)c2ccccc21,208.22,208.05,2.46,34.14,59.75,0.0,0.5683,16,0,2,0,3,2,0,2,92.54,0.289,0.194,12.101,-0.064,12,0.75,0,0,1,0,0,0,0,0,0,506.137,2.349,7740.566,-2.22,9.039,3.136,1.069,0,0
O=NN(CCCl)C(=O)NC1CCCCC1,233.7,233.09,2.25,61.77,58.63,0.8889,0.46,15,1,3,4,1,0,0,6,94.09,0.34,0.334,11.495,-0.433,0,0.0,0,0,1,1,0,0,0,0,2,219.403,2.342,2621.285,-0.84,12.231,6.608,4.033,0,0
O=[N+]([O-])OCC(CO[N+](=O)[O-])O[N+](=O)[O-],227.08,227.0,-1.02,157.11,37.76,1.0,0.3732,15,0,9,8,0,0,0,12,80.63,0.311,0.294,9.832,-1.546,0,0.0,3,3,0,0,0,0,0,0,0,234.987,3.992,1181.115,-2.4,12.6,6.115,7.945,0,0
O=[N+]([O-])O[C@H]1CO[C@H]2[C@@H]1OC[C@H]2O[N+](=O)[O-],236.14,236.03,-1.06,123.2,43.21,1.0,0.4464,16,0,8,4,2,0,0,10,88.22,0.371,0.294,10.136,-0.943,0,0.0,2,2,2,2,2,0,2,2,0,278.904,1.948,5167.714,-1.68,10.825,4.058,1.968,4,0
O=[N+]([O-])c1cncn1CCN1CCOCC1,226.24,226.11,0.12,73.43,56.14,0.6667,0.5384,16,0,6,4,2,1,0,7,92.78,0.379,0.342,10.645,-0.41,5,0.3125,1,1,1,1,2,1,1,1,0,359.391,1.882,7215.639,-1.47,11.029,5.04,2.556,0,0
O=[P@@]1(N(CCCl)CCCl)OCCCN1CCCl,323.59,322.02,2.84,32.78,73.48,1.0,0.5327,17,0,2,7,1,0,0,8,117.68,0.346,0.306,12.888,-2.97,0,0.0,0,0,1,1,1,0,1,1,0,262.626,2.796,6074.066,0.98,16.036,8.211,4.239,1,0
O=[P@]1(N(CCCl)CCCl)NCCCO1,261.09,260.02,1.88,41.57,59.19,1.0,0.6057,14,1,2,5,1,0,0,7,94.44,0.343,0.306,12.189,-2.842,0,0.0,0,0,1,1,1,0,1,1,0,201.866,2.582,1442.833,0.69,12.758,6.311,3.368,1,0
O=[P@]1(NCCCl)OCCCN1CCCl,261.09,260.02,1.88,41.57,59.19,1.0,0.6057,14,1,2,5,1,0,0,7,94.44,0.343,0.306,12.189,-2.842,0,0.0,0,0,1,1,1,0,1,1,0,215.866,2.545,1429.772,0.69,12.758,6.311,3.368,1,0
O=[S@H](Cc1ccccn1)c1nc2ccccc2[nH]1,258.33,258.07,2.0,58.64,71.84,0.0769,0.7064,18,2,3,3,3,3,0,5,106.56,0.332,0.183,12.198,-1.578,15,0.8333,0,0,0,0,2,2,0,0,0,660.538,1.881,26744.059,-2.01,11.102,4.698,2.169,1,0
O=c1[nH]c(=O)n([C@@H]2CCCO2)cc1F,200.17,200.06,-0.02,64.09,45.5,0.5,0.6927,14,1,4,1,2,1,0,6,78.14,0.358,0.33,12.854,-0.996,6,0.4286,0,0,1,1,2,1,1,1,0,444.635,2.472,2343.434,-1.43,9.138,3.375,1.481,1,0
O=c1[nH]c2ccccc2n1C1CCN(CCCC(c2ccc(F)cc2)c2ccc(F)cc2)CC1,461.56,461.23,5.86,41.03,131.15,0.3214,0.3747,34,1,3,7,5,4,0,6,197.4,0.326,0.306,13.466,-0.251,21,0.6176,0,0,1,1,2,1,1,1,0,1240.488,1.206,86144371.889,-3.25,22.538,9.935,4.823,0,0
O=c1[nH]c2ccccc2n1CCCN1CCC(n2c(=O)[nH]c3cc(Cl)ccc32)CC1,425.92,425.16,3.35,78.82,119.46,0.3636,0.5143,30,2,5,5,5,4,0,8,177.43,0.326,0.306,12.489,-0.065,18,0.6,0,0,1,1,3,2,1,1,0,1306.552,1.208,12343200.703,-2.77,19.209,7.812,3.481,0,0
O=c1[nH]cc(F)c(=O)[nH]1,130.08,130.02,-0.8,65.72,27.64,0.0,0.4826,9,2,2,0,1,1,0,5,48.36,0.325,0.311,11.985,-1.001,6,0.6667,0,0,0,0,1,1,0,0,0,312.834,3.524,104.201,-1.39,5.741,1.848,1.042,0,0
O=c1c(O)c(-c2ccc(O)c(O)c2)oc2cc(O)cc(O)c12,302.24,302.04,1.99,131.36,76.24,0.0,0.4342,22,5,7,1,3,3,0,7,122.11,0.508,0.238,12.143,-0.888,16,0.7273,0,0,0,0,1,1,0,0,0,956.243,2.377,86490.523,-3.35,13.625,4.59,1.957,0,0
O=c1ccc2ccccc2o1,146.14,146.04,1.79,30.21,42.48,0.0,0.5302,11,0,2,0,2,2,0,2,63.08,0.423,0.336,10.717,-0.302,10,0.9091,0,0,0,0,1,1,0,0,0,428.511,2.935,487.853,-1.57,6.16,2.235,1.026,0,0
O=c1n(CCCN2CCN(c3cccc(Cl)c3)CC2)nc2ccccn12,371.87,371.15,2.36,45.78,104.17,0.3684,0.6904,26,0,6,5,4,3,0,7,156.76,0.369,0.35,12.27,-0.064,15,0.5769,0,0,1,1,3,2,1,1,0,942.253,1.283,1484642.303,-2.31,17.121,7.515,3.614,0,0
O=c1oc2ccccc2c(O)c1Cc1c(O)c2ccccc2oc1=O,336.3,336.06,2.9,100.88,91.1,0.0526,0.5459,25,2,6,2,4,4,0,6,139.74,0.507,0.343,12.204,-0.775,20,0.8,0,0,0,0,2,2,0,0,0,1135.068,1.945,639441.22,-3.54,15.015,5.521,2.351,0,0
OC(Cn1cncn1)(Cn1cncn1)c1ccc(F)cc1F,306.28,306.1,0.74,81.65,70.3,0.2308,0.7515,22,1,7,5,3,3,0,9,123.42,0.381,0.137,14.112,-1.695,16,0.7273,0,0,0,0,2,2,0,0,0,707.748,2.006,150450.595,-2.68,14.265,5.602,2.838,0,0
OC(O)C(Cl)(Cl)Cl,165.4,163.92,0.67,40.46,28.52,1.0,0.409,7,2,2,0,0,0,0,5,55.6,0.365,0.24,8.049,-1.972,0,0.0,0,0,0,0,0,0,0,0,0,56.445,3.541,17.086,0.79,7.79,2.375,3.379,0,0
OC(c1ccccc1)(c1ccccc1)C1CCNCC1,267.37,267.16,2.92,32.26,81.48,0.3333,0.8959,20,2,2,3,3,2,0,2,120.02,0.38,0.117,11.551,-0.884,12,0.6,0,0,1,1,1,0,1,1,0,492.359,2.07,65635.362,-1.64,13.348,5.777,2.37,0,0
OCCN1CCN(CC/C=C2/c3ccccc3Sc3ccc(Cl)cc32)CC1,400.98,400.14,4.24,26.71,113.68,0.3636,0.6927,27,1,4,5,4,2,0,5,170.18,0.395,0.056,9.076,0.255,12,0.4444,0,0,2,1,2,0,2,1,0,830.813,1.489,2100937.376,-1.3,19.035,8.803,4.414,0,0
OCCN1CCN(CCCN2c3ccccc3C=Cc3ccccc32)CC1,363.51,363.23,3.31,29.95,113.4,0.3913,0.8528,27,1,4,6,4,2,0,4,161.88,0.395,0.056,9.087,0.266,12,0.4444,0,0,2,1,2,0,2,1,0,731.198,1.422,2556653.039,-2.14,18.234,8.699,4.239,0,0
OCCN1CCN(CCCN2c3ccccc3Sc3ccc(C(F)(F)F)cc32)CC1,437.53,437.17,4.31,29.95,113.6,0.4545,0.7278,30,1,5,6,4,2,0,8,178.82,0.416,0.395,13.311,-4.351,12,0.4,0,0,2,1,2,0,2,1,0,868.947,1.472,6669991.191,-1.74,21.49,9.177,4.771,0,0
OCCN1CCN(CCCN2c3ccccc3Sc3ccc(Cl)cc32)CC1,403.98,403.15,3.94,29.95,113.61,0.4286,0.7887,27,1,5,6,4,2,0,6,170.26,0.395,0.057,9.078,0.258,12,0.4444,0,0,2,1,2,0,2,1,0,779.772,1.41,2100937.376,-1.24,19.093,8.842,4.438,0,0
OCCOCCN1CCN(C2=Nc3ccccc3Sc3ccccc32)CC1,383.52,383.17,2.86,48.3,109.12,0.381,0.8049,27,1,6,5,4,2,0,6,164.21,0.394,0.137,8.795,0.09,12,0.4444,0,0,2,1,2,0,2,1,0,803.519,1.503,2561736.237,-1.86,18.501,8.886,4.353,0,0
OCCOCCN1CCN([C@H](c2ccccc2)c2ccc(Cl)cc2)CC1,374.91,374.18,3.06,35.94,105.65,0.4286,0.7203,26,1,4,8,3,2,0,5,160.5,0.394,0.07,8.779,0.091,12,0.4615,0,0,1,1,1,0,1,1,0,642.82,1.66,1096995.479,-1.43,19.335,10.047,5.286,1,0
OCc1cc([C@H](O)CNCCCCCCOCCCCc2ccccc2)ccc1O,415.57,415.27,4.11,81.95,120.53,0.52,0.3103,30,4,5,16,2,2,0,5,180.28,0.508,0.121,10.215,-0.647,12,0.4,0,0,0,0,0,0,0,0,0,692.803,1.385,5469292.084,-1.92,24.35,14.967,9.721,1,0
O[C@@H](c1cc(C(F)(F)F)nc2c(C(F)(F)F)cccc12)[C@H]1CCCCN1,378.32,378.12,4.45,45.15,82.35,0.4706,0.7594,26,2,3,2,3,2,0,9,144.58,0.433,0.387,13.237,-4.929,10,0.3846,0,0,1,1,2,1,1,1,0,796.165,2.231,489592.467,-1.87,18.907,6.696,3.636,2,0
O[C@@](CCN1CCCCC1)(c1ccccc1)[C@@H]1C[C@@H]2C=C[C@H]1C2,311.47,311.22,3.96,23.47,94.09,0.619,0.832,23,1,2,5,4,1,0,2,139.75,0.385,0.094,11.775,-0.664,6,0.2609,0,0,3,2,1,0,1,1,0,548.22,1.546,465531.062,-1.12,15.41,6.41,2.991,4,0
Oc1ccccc1,94.11,94.04,1.39,20.23,28.11,0.0,0.5147,7,1,1,0,1,1,0,1,42.23,0.508,0.115,8.632,0.322,6,0.8571,0,0,0,0,0,0,0,0,0,134.107,3.021,47.197,-0.98,4.186,1.646,0.929,0,0
Oc1nc2cc(Cl)ccc2o1,169.57,168.99,2.19,46.26,40.68,0.0,0.6577,11,1,3,0,2,2,0,4,67.22,0.466,0.392,8.826,-0.331,9,0.8182,0,0,0,0,1,1,0,0,0,396.24,2.816,479.896,-1.22,6.488,2.134,1.032,0,0
S=P(N1CC1)(N1CC1)N1CC1,189.22,189.05,0.16,9.03,49.0,1.0,0.4614,11,0,1,3,3,0,0,5,72.11,0.249,0.145,5.75,-1.269,0,0.0,0,0,3,3,3,0,3,3,0,193.943,1.88,1405.618,0.53,6.984,2.063,1.011,0,0
c1ccc(-c2ccc([C@@H](c3ccccc3)n3ccnc3)cc2)cc1,310.4,310.15,5.19,17.82,97.79,0.0455,0.5071,24,0,2,4,4,4,0,2,141.61,0.326,0.095,4.222,0.138,23,0.9583,0,0,0,0,1,1,0,0,0,879.89,1.74,844492.664,-3.13,14.462,6.549,2.864,1,0
c1ccc(C2(N3CCCCC3)CCCCC2)cc1,243.39,243.2,4.33,3.24,76.63,0.6471,0.7469,18,0,1,2,3,1,0,1,111.19,0.294,0.046,2.811,0.375,6,0.3333,0,0,2,2,1,0,1,1,0,358.456,1.919,26369.591,-0.82,12.226,5.44,2.208,0,0
c1ccc(C2(c3ccccc3)C[C@H]2C2=NCCN2)cc1,262.36,262.15,2.99,24.39,82.08,0.2778,0.9032,20,1,2,3,4,2,0,2,119.11,0.372,0.101,4.65,0.124,12,0.6,0,0,2,1,1,0,1,0,0,591.483,1.797,110512.614,-2.09,11.713,4.48,1.678,1,0
c1ccc2[nH]c(-c3cscn3)nc2c1,201.25,201.04,2.69,41.57,57.2,0.0,0.6573,14,1,3,1,3,3,0,4,84.46,0.337,0.158,4.444,0.84,14,1.0,0,0,0,0,2,2,0,0,0,520.529,2.244,4544.967,-1.68,7.699,2.92,1.118,0,0
c1ccc2c(c1)Sc1ccccc1N2C[C@H]1CN2CCC1CC2,322.48,322.15,4.63,6.48,96.67,0.4,0.7957,23,0,3,2,6,2,0,3,142.03,0.339,0.055,2.668,0.807,12,0.5217,0,0,4,3,4,0,4,3,0,675.587,1.516,491282.69,-1.45,13.941,5.57,2.376,1,0
c1ccc2cc(COC3CCNCC3)ccc2c1,241.33,241.15,3.11,21.26,74.63,0.375,0.8912,18,1,2,3,3,2,0,2,107.96,0.373,0.072,5.978,0.428,10,0.5556,0,0,1,1,1,0,1,1,0,517.241,1.664,24816.528,-1.38,11.696,5.508,2.713,0,0
c1ccccc1,78.11,78.05,1.69,0.0,26.44,0.0,0.4426,6,0,0,0,1,1,0,0,37.43,0.062,0.062,2.0,2.0,6,1.0,0,0,0,0,0,0,0,0,0,71.961,3.0,34.399,-0.78,3.412,1.606,0.582,0,0
